t,x,y,theta,v,phi,phi_dot
2.000000000000000042e-02,-4.128500670921674498e+00,-1.017599732741875984e+00,-3.805068186112067208e-01,3.499988088119047047e-01,-3.238749717740041847e-05,-1.609841134901611893e-03
4.000000000000000083e-02,-4.122001388342035888e+00,-1.020199453521937638e+00,-3.805081362219432939e-01,3.499952395238438707e-01,-6.439452109632398940e-05,-1.590882943663491159e-03
5.999999999999999778e-02,-4.115502198625839547e+00,-1.022799150360036879e+00,-3.805103195881487932e-01,3.499892985458862849e-01,-9.602367421661835167e-05,-1.572053647302713289e-03
8.000000000000000167e-02,-4.109003147991884930e+00,-1.025398811256089004e+00,-3.805133584187604390e-01,3.499809922823837183e-01,-1.272775100686437293e-04,-1.553350813929721798e-03
1.000000000000000056e-01,-4.102504282513179668e+00,-1.027998424190146087e+00,-3.805172424748651805e-01,3.499703271319404285e-01,-1.581585338327755504e-04,-1.534772040338924478e-03
1.200000000000000094e-01,-4.096005648117119868e+00,-1.030597977122467590e+00,-3.805219615688589796e-01,3.499573094873821844e-01,-1.886692029073183403e-04,-1.516314951433837040e-03
1.399999999999999856e-01,-4.089507290585644661e+00,-1.033197457993593860e+00,-3.805275055636159198e-01,3.499419457357266783e-01,-2.188119274650218455e-04,-1.497977199662270604e-03
1.600000000000000033e-01,-4.083009255555412942e+00,-1.035796854724417404e+00,-3.805338643716664748e-01,3.499242422581538281e-01,-2.485890709984038397e-04,-1.479756464461352882e-03
1.799999999999999933e-01,-4.076511588517969464e+00,-1.038396155216254613e+00,-3.805410279543829932e-01,3.499042054299770776e-01,-2.780029508540637385e-04,-1.461650451712161701e-03
1.999999999999999833e-01,-4.070014334819911817e+00,-1.040995347350918809e+00,-3.805489863211755641e-01,3.498818416206146975e-01,-3.070558387561888323e-04,-1.443656893203726236e-03
2.200000000000000011e-01,-4.063517539663063616e+00,-1.043594418990791306e+00,-3.805577295286949324e-01,3.498571571935623625e-01,-3.357499613194277481e-04,-1.425773546106233773e-03
2.399999999999999911e-01,-4.057021248104636157e+00,-1.046193357978892680e+00,-3.805672476800442405e-01,3.498301585063651742e-01,-3.640875005513222597e-04,-1.407998192453191987e-03
2.600000000000000089e-01,-4.050525505057401610e+00,-1.048792152138958489e+00,-3.805775309239990967e-01,3.498008519105909597e-01,-3.920705943444699666e-04,-1.390328638632378237e-03
2.800000000000000266e-01,-4.044030355289859990e+00,-1.051390789275506332e+00,-3.805885694542348041e-01,3.497692437518039599e-01,-4.197013369585845415e-04,-1.372762714885340189e-03
3.000000000000000444e-01,-4.037535843426407034e+00,-1.053989257173910898e+00,-3.806003535085628608e-01,3.497353403695381835e-01,-4.469817794926459354e-04,-1.355298274815312006e-03
3.200000000000000067e-01,-4.031042013947502056e+00,-1.056587543600475909e+00,-3.806128733681731768e-01,3.496991480972729271e-01,-4.739139303472725967e-04,-1.337933194903281149e-03
3.400000000000000244e-01,-4.024548911189840261e+00,-1.059185636302504951e+00,-3.806261193568855616e-01,3.496606732624065739e-01,-5.004997556775086934e-04,-1.320665374032102546e-03
3.600000000000000422e-01,-4.018056579346513502e+00,-1.061783523008374530e+00,-3.806400818404083730e-01,3.496199221862326678e-01,-5.267411798361683675e-04,-1.303492733018420764e-03
3.800000000000000044e-01,-4.011565062467187026e+00,-1.064381191427605566e+00,-3.806547512256034937e-01,3.495769011839155449e-01,-5.526400858078917922e-04,-1.286413214152239267e-03
4.000000000000000222e-01,-4.005074404458262016e+00,-1.066978629250935340e+00,-3.806701179597594686e-01,3.495316165644666295e-01,-5.781983156340719755e-04,-1.269424780743983469e-03
4.200000000000000400e-01,-3.998584649083045672e+00,-1.069575824150389431e+00,-3.806861725298718580e-01,3.494840746307210089e-01,-6.034176708287968894e-04,-1.252525416678868485e-03
4.400000000000000022e-01,-3.992095839961922632e+00,-1.072172763779354998e+00,-3.807029054619293085e-01,3.494342816793144513e-01,-6.282999127859458096e-04,-1.235713125978404620e-03
4.600000000000000200e-01,-3.985608020572516175e+00,-1.074769435772651605e+00,-3.807203073202076737e-01,3.493822440006614793e-01,-6.528467631775882948e-04,-1.218985932368889247e-03
4.800000000000000377e-01,-3.979121234249864525e+00,-1.077365827746602722e+00,-3.807383687065705735e-01,3.493279678789327214e-01,-6.770599043438253403e-04,-1.202341878856729362e-03
5.000000000000000000e-01,-3.972635524186584277e+00,-1.079961927299108781e+00,-3.807570802597760595e-01,3.492714595920336507e-01,-7.009409796741980416e-04,-1.185779027310422239e-03
5.200000000000000178e-01,-3.966150933433039594e+00,-1.082557722009720003e+00,-3.807764326547895539e-01,3.492127254115834356e-01,-7.244915939807989669e-04,-1.169295458049055599e-03
5.400000000000000355e-01,-3.959667504897511847e+00,-1.085153199439705674e+00,-3.807964166021051700e-01,3.491517716028937346e-01,-7.477133138632342324e-04,-1.152889269437199372e-03
5.600000000000000533e-01,-3.953185281346367486e+00,-1.087748347132129423e+00,-3.808170228470702523e-01,3.490886044249488784e-01,-7.706076680655245346e-04,-1.136558577485978928e-03
5.800000000000000711e-01,-3.946704305404224122e+00,-1.090343152611918720e+00,-3.808382421692179665e-01,3.490232301303853868e-01,-7.931761478250953009e-04,-1.120301515460266897e-03
5.999999999999999778e-01,-3.940224619554124619e+00,-1.092937603385937706e+00,-3.808600653816061610e-01,3.489556549654725393e-01,-8.154202072139860643e-04,-1.104116233491800152e-03
6.199999999999999956e-01,-3.933746266137697400e+00,-1.095531686943060246e+00,-3.808824833301604484e-01,3.488858851700933350e-01,-8.373412634723528944e-04,-1.088000898198101824e-03
6.400000000000000133e-01,-3.927269287355331873e+00,-1.098125390754240982e+00,-3.809054868930248916e-01,3.488139269777252860e-01,-8.589406973344306364e-04,-1.071953692307078907e-03
6.600000000000000311e-01,-3.920793725266343621e+00,-1.100718702272586613e+00,-3.809290669799174633e-01,3.487397866154222648e-01,-8.802198533470280330e-04,-1.055972814287167282e-03
6.800000000000000488e-01,-3.914319621789141834e+00,-1.103311608933429611e+00,-3.809532145314907803e-01,3.486634703037964633e-01,-9.011800401806833397e-04,-1.040056477982862198e-03
7.000000000000000666e-01,-3.907847018701401609e+00,-1.105904098154398607e+00,-3.809779205187000528e-01,3.485849842570001855e-01,-9.218225309335963341e-04,-1.024202912255585624e-03
7.200000000000000844e-01,-3.901375957640227821e+00,-1.108496157335492560e+00,-3.810031759421738107e-01,3.485043346827093047e-01,-9.421485634284024234e-04,-1.008410360629647187e-03
7.399999999999999911e-01,-3.894906480102325652e+00,-1.111087773859150252e+00,-3.810289718315923446e-01,3.484215277821055556e-01,-9.621593405019415041e-04,-9.926770809433199411e-04
7.600000000000000089e-01,-3.888438627444167572e+00,-1.113678935090324007e+00,-3.810552992450701448e-01,3.483365697498602698e-01,-9.818560302880913974e-04,-9.770013450047898389e-04
7.800000000000000266e-01,-3.881972440882166087e+00,-1.116269628376550971e+00,-3.810821492685433354e-01,3.482494667741181105e-01,-1.001239766493756391e-03,-9.613814382529321844e-04
8.000000000000000444e-01,-3.875507961492836273e+00,-1.118859841048025494e+00,-3.811095130151629928e-01,3.481602250364809192e-01,-1.020311648668138175e-03,-9.458156594227914602e-04
8.200000000000000622e-01,-3.869045230212966313e+00,-1.121449560417671076e+00,-3.811373816246926283e-01,3.480688507119927277e-01,-1.039072742465346191e-03,-9.303023202156200091e-04
8.400000000000000799e-01,-3.862584287839788022e+00,-1.124038773781212752e+00,-3.811657462629107762e-01,3.479753499691236041e-01,-1.057524079900459303e-03,-9.148397449734195150e-04
8.599999999999999867e-01,-3.856125175031142049e+00,-1.126627468417248146e+00,-3.811945981210182466e-01,3.478797289697557749e-01,-1.075666659599126482e-03,-8.994262703578286174e-04
8.800000000000000044e-01,-3.849667932305648854e+00,-1.129215631587320523e+00,-3.812239284150503171e-01,3.477819938691682489e-01,-1.093501447040782408e-03,-8.840602450332839084e-04
9.000000000000000222e-01,-3.843212600042874350e+00,-1.131803250535990069e+00,-3.812537283852927561e-01,3.476821508160232721e-01,-1.111029374795566901e-03,-8.687400293543273526e-04
9.200000000000000400e-01,-3.836759218483500877e+00,-1.134390312490906272e+00,-3.812839892957037291e-01,3.475802059523519505e-01,-1.128251342755036846e-03,-8.534639950569900902e-04
9.400000000000000577e-01,-3.830307827729494186e+00,-1.136976804662880536e+00,-3.813147024333384816e-01,3.474761654135410938e-01,-1.145168218356747191e-03,-8.382305249541213265e-04
9.600000000000000755e-01,-3.823858467744271739e+00,-1.139562714245955899e+00,-3.813458591077794058e-01,3.473700353283194486e-01,-1.161780836802764078e-03,-8.230380126345833783e-04
9.799999999999999822e-01,-3.817411178352871470e+00,-1.142148028417483419e+00,-3.813774506505695494e-01,3.472618218187457084e-01,-1.178090001272208811e-03,-8.078848621662012034e-04
1.000000000000000000e+00,-3.810965999242120095e+00,-1.144732734338188784e+00,-3.814094684146514536e-01,3.471515310001946908e-01,-1.194096483127908949e-03,-7.927694878024112287e-04
1.020000000000000018e+00,-3.804522969960802747e+00,-1.147316819152249145e+00,-3.814419037738089324e-01,3.470391689813464020e-01,-1.209801022117194293e-03,-7.776903136924611564e-04
1.040000000000000036e+00,-3.798082129919826855e+00,-1.149900269987361501e+00,-3.814747481221131276e-01,3.469247418641729364e-01,-1.225204326566952870e-03,-7.626457735951158636e-04
1.060000000000000053e+00,-3.791643518392396661e+00,-1.152483073954817527e+00,-3.815079928733725589e-01,3.468082557439274294e-01,-1.240307073572976876e-03,-7.476343105957604330e-04
1.080000000000000071e+00,-3.785207174514176653e+00,-1.155065218149574191e+00,-3.815416294605873948e-01,3.466897167091329002e-01,-1.255109909183704147e-03,-7.326543768268135772e-04
1.100000000000000089e+00,-3.778773137283464312e+00,-1.157646689650324356e+00,-3.815756493354066636e-01,3.465691308415705385e-01,-1.269613448578381853e-03,-7.177044331913781661e-04
1.120000000000000107e+00,-3.772341445561353535e+00,-1.160227475519573392e+00,-3.816100439675902956e-01,3.464465042162694353e-01,-1.283818276239757136e-03,-7.027829490900361570e-04
1.140000000000000124e+00,-3.765912138071905613e+00,-1.162807562803705785e+00,-3.816448048444726626e-01,3.463218429014961464e-01,-1.297724946121296425e-03,-6.878884021506821104e-04
1.160000000000000142e+00,-3.759485253402319316e+00,-1.165386938533060190e+00,-3.816799234704325583e-01,3.461951529587445342e-01,-1.311333981809076994e-03,-6.730192779613771836e-04
1.179999999999999938e+00,-3.753060830003096093e+00,-1.167965589722001374e+00,-3.817153913663638432e-01,3.460664404427257201e-01,-1.324645876678323632e-03,-6.581740698060660694e-04
1.199999999999999956e+00,-3.746638906188210605e+00,-1.170543503368991489e+00,-3.817512000691522522e-01,3.459357114013585921e-01,-1.337661094044740717e-03,-6.433512784031511327e-04
1.219999999999999973e+00,-3.740219520135275921e+00,-1.173120666456662242e+00,-3.817873411311518139e-01,3.458029718757608673e-01,-1.350380067310557501e-03,-6.285494116467740160e-04
1.239999999999999991e+00,-3.733802709885717608e+00,-1.175697065951886611e+00,-3.818238061196689292e-01,3.456682279002395441e-01,-1.362803200105532075e-03,-6.137669843508102453e-04
1.260000000000000009e+00,-3.727388513344935816e+00,-1.178272688805852786e+00,-3.818605866164456186e-01,3.455314855022829090e-01,-1.374930866422770237e-03,-5.990025179954132275e-04
1.280000000000000027e+00,-3.720976968282478481e+00,-1.180847521954132784e+00,-3.818976742171486527e-01,3.453927507025514321e-01,-1.386763410749552268e-03,-5.842545404761255315e-04
1.300000000000000044e+00,-3.714568112332206073e+00,-1.183421552316757719e+00,-3.819350605308601820e-01,3.452520295148700513e-01,-1.398301148193154377e-03,-5.695215858554042530e-04
1.320000000000000062e+00,-3.708161982992463024e+00,-1.185994766798288413e+00,-3.819727371795723081e-01,3.451093279462202346e-01,-1.409544364601716861e-03,-5.548021941165483207e-04
1.340000000000000080e+00,-3.701758617626243808e+00,-1.188567152287886675e+00,-3.820106957976833195e-01,3.449646519967322078e-01,-1.420493316680222513e-03,-5.400949109199214932e-04
1.360000000000000098e+00,-3.695358053461362147e+00,-1.191138695659388791e+00,-3.820489280314981473e-01,3.448180076596781829e-01,-1.431148232101613462e-03,-5.253982873614234479e-04
1.380000000000000115e+00,-3.688960327590619759e+00,-1.193709383771377031e+00,-3.820874255387307072e-01,3.446694009214644749e-01,-1.441509309613115417e-03,-5.107108797331331778e-04
1.400000000000000133e+00,-3.682565476971973339e+00,-1.196279203467250918e+00,-3.821261799880089072e-01,3.445188377616259512e-01,-1.451576719137764090e-03,-4.960312492860515128e-04
1.420000000000000151e+00,-3.676173538428705534e+00,-1.198848141575301174e+00,-3.821651830583831511e-01,3.443663241528180929e-01,-1.461350601871263047e-03,-4.813579619948956550e-04
1.439999999999999947e+00,-3.669784548649590583e+00,-1.201416184908778995e+00,-3.822044264388366197e-01,3.442118660608117220e-01,-1.470831070374088419e-03,-4.666895883248674509e-04
1.459999999999999964e+00,-3.663398544189063966e+00,-1.203983320265970436e+00,-3.822439018277977718e-01,3.440554694444871719e-01,-1.480018208659000930e-03,-4.520247030003178785e-04
1.479999999999999982e+00,-3.657015561467390707e+00,-1.206549534430267689e+00,-3.822836009326562312e-01,3.438971402558277379e-01,-1.488912072273920143e-03,-4.373618847752834093e-04
1.500000000000000000e+00,-3.650635636770833248e+00,-1.209114814170240138e+00,-3.823235154692808391e-01,3.437368844399150136e-01,-1.497512688380252862e-03,-4.226997162058019806e-04
1.520000000000000018e+00,-3.644258806251820637e+00,-1.211679146239708293e+00,-3.823636371615394824e-01,3.435747079349234512e-01,-1.505820055826660947e-03,-4.080367834239505710e-04
1.540000000000000036e+00,-3.637885105929116403e+00,-1.214242517377813968e+00,-3.824039577408211987e-01,3.434106166721151987e-01,-1.513834145218327090e-03,-3.933716759135526112e-04
1.560000000000000053e+00,-3.631514571687986415e+00,-1.216804914309093322e+00,-3.824444689455617774e-01,3.432446165758359369e-01,-1.521554898981785330e-03,-3.787029862874980910e-04
1.580000000000000071e+00,-3.625147239280367195e+00,-1.219366323743549030e+00,-3.824851625207693617e-01,3.430767135635098830e-01,-1.528982231425263412e-03,-3.640293100666005762e-04
1.600000000000000089e+00,-3.618783144325037782e+00,-1.221926732376721114e+00,-3.825260302175545468e-01,3.429069135456362938e-01,-1.536116028794660146e-03,-3.493492454599644663e-04
1.620000000000000107e+00,-3.612422322307781819e+00,-1.224486126889760662e+00,-3.825670637926603113e-01,3.427352224257849134e-01,-1.542956149325115916e-03,-3.346613931467585156e-04
1.640000000000000124e+00,-3.606064808581560310e+00,-1.227044493949500881e+00,-3.826082550079952793e-01,3.425616461005928093e-01,-1.549502423288250065e-03,-3.199643560594009860e-04
1.660000000000000142e+00,-3.599710638366680371e+00,-1.229601820208527929e+00,-3.826495956301688151e-01,3.423861904597606531e-01,-1.555754653035059960e-03,-3.052567391680329400e-04
1.680000000000000160e+00,-3.593359846750959541e+00,-1.232158092305257080e+00,-3.826910774300271711e-01,3.422088613860496120e-01,-1.561712613034544391e-03,-2.905371492662802715e-04
1.699999999999999956e+00,-3.587012468689898093e+00,-1.234713296863998666e+00,-3.827326921821920802e-01,3.420296647552788505e-01,-1.567376049908025511e-03,-2.758041947582301500e-04
1.719999999999999973e+00,-3.580668539006847784e+00,-1.237267420495035353e+00,-3.827744316646015110e-01,3.418486064363221999e-01,-1.572744682459250405e-03,-2.610564854465520588e-04
1.739999999999999991e+00,-3.574328092393175282e+00,-1.239820449794691859e+00,-3.828162876580510909e-01,3.416656922911059935e-01,-1.577818201700250181e-03,-2.462926323217353428e-04
1.760000000000000009e+00,-3.567991163408434918e+00,-1.242372371345406679e+00,-3.828582519457376931e-01,3.414809281746074565e-01,-1.582596270872983681e-03,-2.315112473523803043e-04
1.780000000000000027e+00,-3.561657786480536991e+00,-1.244923171715805799e+00,-3.829003163128049669e-01,3.412943199348516532e-01,-1.587078525466842794e-03,-2.167109432764922385e-04
1.800000000000000044e+00,-3.555327995905913863e+00,-1.247472837460771977e+00,-3.829424725458897005e-01,3.411058734129107095e-01,-1.591264573231923087e-03,-2.018903333937189972e-04
1.820000000000000062e+00,-3.549001825849690483e+00,-1.250021355121520239e+00,-3.829847124326701269e-01,3.409155944429021479e-01,-1.595153994188211553e-03,-1.870480313584987940e-04
1.840000000000000080e+00,-3.542679310345849597e+00,-1.252568711225667597e+00,-3.830270277614156171e-01,3.407234888519874993e-01,-1.598746340630614058e-03,-1.721826509740508678e-04
1.860000000000000098e+00,-3.536360483297404489e+00,-1.255114892287304107e+00,-3.830694103205378176e-01,3.405295624603711380e-01,-1.602041137129883198e-03,-1.572928059871747718e-04
1.880000000000000115e+00,-3.530045378476563300e+00,-1.257659884807068806e+00,-3.831118518981427301e-01,3.403338210813002807e-01,-1.605037880529426629e-03,-1.423771098837920703e-04
1.900000000000000133e+00,-3.523734029524900890e+00,-1.260203675272217438e+00,-3.831543442815845690e-01,3.401362705210635440e-01,-1.607736039938079120e-03,-1.274341756851964254e-04
1.920000000000000151e+00,-3.517426469953524926e+00,-1.262746250156697281e+00,-3.831968792570202287e-01,3.399369165789914438e-01,-1.610135056718748790e-03,-1.124626157449508038e-04
1.939999999999999947e+00,-3.511122733143243746e+00,-1.265287595921218200e+00,-3.832394486089660823e-01,3.397357650474558954e-01,-1.612234344473059602e-03,-9.746104154640813997e-05
1.959999999999999964e+00,-3.504822852344736006e+00,-1.267827699013323484e+00,-3.832820441198543926e-01,3.395328217118704361e-01,-1.614033289021909665e-03,-8.242806350076592914e-05
1.979999999999999982e+00,-3.498526860678720762e+00,-1.270366545867465335e+00,-3.833246575695918312e-01,3.393280923506911129e-01,-1.615531248382023628e-03,-6.736229074565228169e-05
2.000000000000000000e+00,-3.492234791136121341e+00,-1.272904122905073043e+00,-3.833672807351187761e-01,3.391215827354164825e-01,-1.616727552738466420e-03,-5.226233094417313672e-05
2.020000000000000018e+00,-3.485946676578237202e+00,-1.275440416534626475e+00,-3.834099053899698295e-01,3.389132986305889439e-01,-1.617621504413149563e-03,-3.712679008437435896e-05
2.040000000000000036e+00,-3.479662549736912247e+00,-1.277975413151729578e+00,-3.834525233038345582e-01,3.387032457937957930e-01,-1.618212377829330272e-03,-2.195427227907661830e-05
2.060000000000000053e+00,-3.473382443214701354e+00,-1.280509099139179430e+00,-3.834951262421198437e-01,3.384914299756703326e-01,-1.618499419472102692e-03,-6.743379566044537294e-06
2.080000000000000071e+00,-3.467106389485039131e+00,-1.283041460867042183e+00,-3.835377059655123433e-01,3.382778569198939822e-01,-1.618481847844890605e-03,8.507288291573075216e-06
2.100000000000000089e+00,-3.460834420892410446e+00,-1.285572484692720563e+00,-3.835802542295433937e-01,3.380625323631972212e-01,-1.618158853421995582e-03,2.379913400454923461e-05
2.120000000000000107e+00,-3.454566569652514296e+00,-1.288102156961029365e+00,-3.836227627841519161e-01,3.378454620353626980e-01,-1.617529598597084155e-03,3.913356295671604004e-05
2.140000000000000124e+00,-3.448302867852438780e+00,-1.290630464004265843e+00,-3.836652233732507633e-01,3.376266516592264511e-01,-1.616593217627778365e-03,5.451198340392850064e-05
2.160000000000000142e+00,-3.442043347450822299e+00,-1.293157392142282092e+00,-3.837076277342916231e-01,3.374061069506814059e-01,-1.615348816576175342e-03,6.993580667294891165e-05
2.180000000000000160e+00,-3.435788040278028532e+00,-1.295682927682558327e+00,-3.837499675978323088e-01,3.371838336186790963e-01,-1.613795473245508002e-03,8.540644736024550240e-05
2.200000000000000178e+00,-3.429536978036307637e+00,-1.298207056920272384e+00,-3.837922346871029400e-01,3.369598373652334389e-01,-1.611932237112693143e-03,1.009253235308042523e-04
2.220000000000000195e+00,-3.423290192299972556e+00,-1.300729766138373211e+00,-3.838344207175739542e-01,3.367341238854233421e-01,-1.609758129257032573e-03,1.164938569169406829e-04
2.240000000000000213e+00,-3.417047714515560219e+00,-1.303251041607653482e+00,-3.838765173965233424e-01,3.365066988673965920e-01,-1.607272142284822680e-03,1.321134731172099062e-04
2.260000000000000231e+00,-3.410809576002004739e+00,-1.305770869586820648e+00,-3.839185164226062152e-01,3.362775679923728500e-01,-1.604473240250103372e-03,1.477856017953948706e-04
2.280000000000000249e+00,-3.404575807950804389e+00,-1.308289236322568660e+00,-3.839604094854219829e-01,3.360467369346482047e-01,-1.601360358571290521e-03,1.635116768796994263e-04
2.300000000000000266e+00,-3.398346441426188136e+00,-1.310806128049652353e+00,-3.840021882650850871e-01,3.358142113615986135e-01,-1.597932403943967076e-03,1.792931367620883545e-04
2.320000000000000284e+00,-3.392121507365286170e+00,-1.313321530990954944e+00,-3.840438444317921807e-01,3.355799969336848432e-01,-1.594188254249534692e-03,1.951314244979246578e-04
2.339999999999999858e+00,-3.385901036578298662e+00,-1.315835431357565311e+00,-3.840853696453943589e-01,3.353440993044563001e-01,-1.590126758460028806e-03,2.110279880058344240e-04
2.359999999999999876e+00,-3.379685059748661846e+00,-1.318347815348846153e+00,-3.841267555549643387e-01,3.351065241205562484e-01,-1.585746736538776224e-03,2.269842802679594555e-04
2.379999999999999893e+00,-3.373473607433217669e+00,-1.320858669152508158e+00,-3.841679937983686899e-01,3.348672770217266947e-01,-1.581046979337188182e-03,2.430017595305209290e-04
2.399999999999999911e+00,-3.367266710062382984e+00,-1.323367978944680612e+00,-3.842090760018359030e-01,3.346263636408134401e-01,-1.576026248487408720e-03,2.590818895048444914e-04
2.419999999999999929e+00,-3.361064397940316528e+00,-1.325875730889984006e+00,-3.842499937795275100e-01,3.343837896037716861e-01,-1.570683276291031305e-03,2.752261395688153779e-04
2.439999999999999947e+00,-3.354866701245087235e+00,-1.328381911141603533e+00,-3.842907387331084834e-01,3.341395605296715865e-01,-1.565016765603760747e-03,2.914359849688221522e-04
2.459999999999999964e+00,-3.348673650028844317e+00,-1.330886505841357925e+00,-3.843313024513164144e-01,3.338936820307041309e-01,-1.559025389715984001e-03,3.077129070222674851e-04
2.479999999999999982e+00,-3.342485274217983360e+00,-1.333389501119773835e+00,-3.843716765095319121e-01,3.336461597121870848e-01,-1.552707792229342850e-03,3.240583933206336647e-04
2.500000000000000000e+00,-3.336301603613316846e+00,-1.335890883096157999e+00,-3.844118524693488359e-01,3.333969991725716508e-01,-1.546062586929214822e-03,3.404739379331843982e-04
2.520000000000000018e+00,-3.330122667890240251e+00,-1.338390637878668077e+00,-3.844518218781436958e-01,3.331462060034485750e-01,-1.539088357653106438e-03,3.569610416113217421e-04
2.540000000000000036e+00,-3.323948496598902125e+00,-1.340888751564384807e+00,-3.844915762686454408e-01,3.328937857895554187e-01,-1.531783658154978536e-03,3.735212119936620763e-04
2.560000000000000053e+00,-3.317779119164372847e+00,-1.343385210239384397e+00,-3.845311071585040819e-01,3.326397441087831641e-01,-1.524147011965411736e-03,3.901559638118545391e-04
2.580000000000000071e+00,-3.311614564886810275e+00,-1.345879999978811803e+00,-3.845704060498609245e-01,3.323840865321834870e-01,-1.516176912247720228e-03,4.068668190971827981e-04
2.600000000000000089e+00,-3.305454862941632044e+00,-1.348373106846949998e+00,-3.846094644289163034e-01,3.321268186239760833e-01,-1.507871821649868840e-03,4.236553073880124998e-04
2.620000000000000107e+00,-3.299300042379679443e+00,-1.350864516897293699e+00,-3.846482737654979278e-01,3.318679459415569410e-01,-1.499230172152233058e-03,4.405229659381070017e-04
2.640000000000000124e+00,-3.293150132127390606e+00,-1.353354216172622415e+00,-3.846868255126296710e-01,3.316074740355053896e-01,-1.490250364911235382e-03,4.574713399258586587e-04
2.660000000000000142e+00,-3.287005160986963936e+00,-1.355842190705070172e+00,-3.847251111060978612e-01,3.313454084495928154e-01,-1.480930770098717094e-03,4.745019826644897667e-04
2.680000000000000160e+00,-3.280865157636530860e+00,-1.358328426516197895e+00,-3.847631219640193501e-01,3.310817547207906553e-01,-1.471269726737154272e-03,4.916164558132358467e-04
2.700000000000000178e+00,-3.274730150630320136e+00,-1.360812909617068023e+00,-3.848008494864069706e-01,3.308165183792792230e-01,-1.461265542530620909e-03,5.088163295895937240e-04
2.720000000000000195e+00,-3.268600168398831496e+00,-1.363295626008313999e+00,-3.848382850547359402e-01,3.305497049484565353e-01,-1.450916493691458168e-03,5.261031829826497445e-04
2.740000000000000213e+00,-3.262475239248998182e+00,-1.365776561680211776e+00,-3.848754200315091523e-01,3.302813199449468051e-01,-1.440220824762744947e-03,5.434786039675219534e-04
2.760000000000000231e+00,-3.256355391364358365e+00,-1.368255702612754865e+00,-3.849122457598213032e-01,3.300113688786104338e-01,-1.429176748436389354e-03,5.609441897210047092e-04
2.780000000000000249e+00,-3.250240652805224784e+00,-1.370733034775723169e+00,-3.849487535629232404e-01,3.297398572525527816e-01,-1.417782445366952979e-03,5.785015468383959995e-04
2.800000000000000266e+00,-3.244131051508848618e+00,-1.373208544128757147e+00,-3.849849347437845348e-01,3.294667905631346594e-01,-1.406036063981073092e-03,5.961522915516108368e-04
2.820000000000000284e+00,-3.238026615289593124e+00,-1.375682216621428200e+00,-3.850207805846559972e-01,3.291921742999814882e-01,-1.393935720282570359e-03,6.138980499485756403e-04
2.839999999999999858e+00,-3.231927371839099283e+00,-1.378154038193313280e+00,-3.850562823466313622e-01,3.289160139459940124e-01,-1.381479497653099412e-03,6.317404581939751584e-04
2.859999999999999876e+00,-3.225833348726452776e+00,-1.380623994774063057e+00,-3.850914312692075292e-01,3.286383149773582923e-01,-1.368665446648401887e-03,6.496811627514010494e-04
2.879999999999999893e+00,-3.219744573398354959e+00,-1.383092072283477414e+00,-3.851262185698444140e-01,3.283590828635566949e-01,-1.355491584790109033e-03,6.677218206068972388e-04
2.899999999999999911e+00,-3.213661073179290728e+00,-1.385558256631576057e+00,-3.851606354435235247e-01,3.280783230673785522e-01,-1.341955896353021899e-03,6.858640994940244607e-04
2.919999999999999929e+00,-3.207582875271695944e+00,-1.388022533718670237e+00,-3.851946730623059256e-01,3.277960410449311524e-01,-1.328056332147909639e-03,7.041096781204180715e-04
2.939999999999999947e+00,-3.201510006756125737e+00,-1.390484889435435578e+00,-3.852283225748883155e-01,3.275122422456514526e-01,-1.313790809299751356e-03,7.224602463959148117e-04
2.959999999999999964e+00,-3.195442494591424154e+00,-1.392945309662983133e+00,-3.852615751061591598e-01,3.272269321123171260e-01,-1.299157211021388517e-03,7.409175056623005596e-04
2.979999999999999982e+00,-3.189380365614891577e+00,-1.395403780272932881e+00,-3.852944217567531582e-01,3.269401160810586071e-01,-1.284153386382596825e-03,7.594831689246928433e-04
3.000000000000000000e+00,-3.183323646542453922e+00,-1.397860287127483891e+00,-3.853268536026036029e-01,3.266517995813714714e-01,-1.268777150074442252e-03,7.781589610846548254e-04
3.020000000000000018e+00,-3.177272363968828284e+00,-1.400314816079487823e+00,-3.853588616944957357e-01,3.263619880361279257e-01,-1.253026282169088842e-03,7.969466191750117006e-04
3.040000000000000036e+00,-3.171226544367694800e+00,-1.402767352972520865e+00,-3.853904370576162752e-01,3.260706868615897425e-01,-1.236898527874708302e-03,8.158478925965079610e-04
3.060000000000000053e+00,-3.165186214091864070e+00,-1.405217883640954124e+00,-3.854215706911036654e-01,3.257779014674213047e-01,-1.220391597285825540e-03,8.348645433562556541e-04
3.080000000000000071e+00,-3.159151399373444136e+00,-1.407666393910027791e+00,-3.854522535675959927e-01,3.254836372567020408e-01,-1.203503165128756236e-03,8.539983463081007040e-04
3.100000000000000089e+00,-3.153122126324010122e+00,-1.410112869595922191e+00,-3.854824766327774599e-01,3.251878996259398580e-01,-1.186230870502230769e-03,8.732510893949057759e-04
3.120000000000000107e+00,-3.147098420934770768e+00,-1.412557296505829729e+00,-3.855122308049241941e-01,3.248906939650845205e-01,-1.168572316613234428e-03,8.926245738928064973e-04
3.140000000000000124e+00,-3.141080309076739852e+00,-1.414999660438026829e+00,-3.855415069744476675e-01,3.245920256575416385e-01,-1.150525070507817582e-03,9.121206146575065211e-04
3.160000000000000142e+00,-3.135067816500903604e+00,-1.417439947181946547e+00,-3.855702960034372295e-01,3.242919000801861573e-01,-1.132086662797058153e-03,9.317410403726371273e-04
3.180000000000000160e+00,-3.129060968838386358e+00,-1.419878142518250064e+00,-3.855985887252006972e-01,3.239903226033767902e-01,-1.113254587378012051e-03,9.514876938002377396e-04
3.200000000000000178e+00,-3.123059791600621526e+00,-1.422314232218899077e+00,-3.856263759438037231e-01,3.236872985909706735e-01,-1.094026301149585633e-03,9.713624320334100521e-04
3.220000000000000195e+00,-3.117064310179520348e+00,-1.424748202047227075e+00,-3.856536484336068882e-01,3.233828334003374105e-01,-1.074399223723409994e-03,9.913671267511926007e-04
3.240000000000000213e+00,-3.111074549847637982e+00,-1.427180037758012610e+00,-3.856803969388021280e-01,3.230769323823746708e-01,-1.054370737129516067e-03,1.011503664475697957e-03
3.260000000000000231e+00,-3.105090535758343595e+00,-1.429609725097549910e+00,-3.857066121729462727e-01,3.227696008815229556e-01,-1.033938185516919839e-03,1.031773946831573150e-03
3.280000000000000249e+00,-3.099112292945989555e+00,-1.432037249803722601e+00,-3.857322848184938091e-01,3.224608442357810856e-01,-1.013098874848925111e-03,1.052179890807829069e-03
3.300000000000000266e+00,-3.093139846326075748e+00,-1.434462597606073864e+00,-3.857574055263268686e-01,3.221506677767219107e-01,-9.918500725932129745e-04,1.072723429022082219e-03
3.320000000000000284e+00,-3.087173220695422327e+00,-1.436885754225879719e+00,-3.857819649152844921e-01,3.218390768295081861e-01,-9.701890074066321559e-04,1.093406509987276259e-03
3.340000000000000302e+00,-3.081212440732338020e+00,-1.439306705376220519e+00,-3.858059535716883981e-01,3.215260767129089481e-01,-9.481128688145247507e-04,1.114231098380927135e-03
3.359999999999999876e+00,-3.075257530996784450e+00,-1.441725436762053558e+00,-3.858293620488689735e-01,3.212116727393155569e-01,-9.256188068848212333e-04,1.135199175316922585e-03
3.379999999999999893e+00,-3.069308515930547543e+00,-1.444141934080284351e+00,-3.858521808666868780e-01,3.208958702147585718e-01,-9.027039318965057431e-04,1.156312738619979684e-03
3.399999999999999911e+00,-3.063365419857405847e+00,-1.446556183019839237e+00,-3.858744005110547604e-01,3.205786744389248488e-01,-8.793653140026644810e-04,1.177573803102746315e-03
3.419999999999999929e+00,-3.057428266983297949e+00,-1.448968169261736660e+00,-3.858960114334547553e-01,3.202600907051746937e-01,-8.555999828878990731e-04,1.198984400845679510e-03
3.439999999999999947e+00,-3.051497081396491673e+00,-1.451377878479160888e+00,-3.859170040504563137e-01,3.199401243005589035e-01,-8.314049274201919639e-04,1.220546581479668323e-03
3.459999999999999964e+00,-3.045571887067751948e+00,-1.453785296337531507e+00,-3.859373687432295918e-01,3.196187805058370857e-01,-8.067770952970202249e-04,1.242262412471525305e-03
3.479999999999999982e+00,-3.039652707850508673e+00,-1.456190408494576927e+00,-3.859570958570577304e-01,3.192960645954951993e-01,-7.817133926857610391e-04,1.264133979412374086e-03
3.500000000000000000e+00,-3.033739567481025912e+00,-1.458593200600407425e+00,-3.859761757008469685e-01,3.189719818377639293e-01,-7.562106838583079792e-04,1.286163386308982306e-03
3.520000000000000018e+00,-3.027832489578571540e+00,-1.460993658297584874e+00,-3.859945985466339824e-01,3.186465374946374496e-01,-7.302657908198079834e-04,1.308352755878103638e-03
3.540000000000000036e+00,-3.021931497645580667e+00,-1.463391767221196238e+00,-3.860123546290911145e-01,3.183197368218917966e-01,-7.038754929314982103e-04,1.330704229843900684e-03
3.560000000000000053e+00,-3.016036615067830606e+00,-1.465787512998925957e+00,-3.860294341450288824e-01,3.179915850691040768e-01,-6.770365265275518109e-04,1.353219969238483216e-03
3.580000000000000071e+00,-3.010147865114603416e+00,-1.468180881251126113e+00,-3.860458272528967116e-01,3.176620874796720062e-01,-6.497455845258999800e-04,1.375902154705623773e-03
3.600000000000000089e+00,-3.004265270938860422e+00,-1.470571857590891041e+00,-3.860615240722806707e-01,3.173312492908329507e-01,-6.219993160329237132e-04,1.398752986807724578e-03
3.620000000000000107e+00,-2.998388855577402090e+00,-1.472960427624126156e+00,-3.860765146833981531e-01,3.169990757336847431e-01,-5.937943259419814403e-04,1.421774686336091690e-03
3.640000000000000124e+00,-2.992518641951046554e+00,-1.475346576949623900e+00,-3.860907891265915048e-01,3.166655720332045565e-01,-5.651271745257156146e-04,1.444969494624553496e-03
3.660000000000000142e+00,-2.986654652864788151e+00,-1.477730291159132126e+00,-3.861043374018173768e-01,3.163307434082704983e-01,-5.359943770220165033e-04,1.468339673866512866e-03
3.680000000000000160e+00,-2.980796911007973282e+00,-1.480111555837427595e+00,-3.861171494681341354e-01,3.159945950716816498e-01,-5.063924032136522856e-04,1.491887507435487627e-03
3.700000000000000178e+00,-2.974945438954465171e+00,-1.482490356562389255e+00,-3.861292152431868296e-01,3.156571322301791049e-01,-4.763176770014194701e-04,1.515615300209188342e-03
3.720000000000000195e+00,-2.969100259162812172e+00,-1.484866678905068405e+00,-3.861405246026886617e-01,3.153183600844676193e-01,-4.457665759707804564e-04,1.539525378897213005e-03
3.740000000000000213e+00,-2.963261393976417857e+00,-1.487240508429760855e+00,-3.861510673799001814e-01,3.149782838292365938e-01,-4.147354309519486119e-04,1.563620092372408274e-03
3.760000000000000231e+00,-2.957428865623707992e+00,-1.489611830694080208e+00,-3.861608333651053160e-01,3.146369086531824455e-01,-3.832205255732358995e-04,1.587901812005979236e-03
3.780000000000000249e+00,-2.951602696218298849e+00,-1.491980631249029132e+00,-3.861698123050845699e-01,3.142942397390303677e-01,-3.512180958077489794e-04,1.612372932006386934e-03
3.800000000000000266e+00,-2.945782907759165958e+00,-1.494346895639070860e+00,-3.861779939025852260e-01,3.139502822635569790e-01,-3.187243295131760696e-04,1.637035869762138189e-03
3.820000000000000284e+00,-2.939969522130814639e+00,-1.496710609402202907e+00,-3.861853678157886605e-01,3.136050413976128048e-01,-2.857353659647644210e-04,1.661893066188481786e-03
3.840000000000000302e+00,-2.934162561103442979e+00,-1.499071758070026128e+00,-3.861919236577743830e-01,3.132585223061455371e-01,-2.522472953812696138e-04,1.686946986078138129e-03
3.859999999999999876e+00,-2.928362046333115032e+00,-1.501430327167820877e+00,-3.861976509959806347e-01,3.129107301482232928e-01,-2.182561584438487314e-04,1.712200118456080541e-03
3.879999999999999893e+00,-2.922567999361929125e+00,-1.503786302214614734e+00,-3.862025393516629324e-01,3.125616700770580403e-01,-1.837579458078750488e-04,1.737654976938464955e-03
3.899999999999999911e+00,-2.916780441618182174e+00,-1.506139668723257774e+00,-3.862065781993478941e-01,3.122113472400295797e-01,-1.487485976074374733e-04,1.763314100095783425e-03
3.919999999999999929e+00,-2.910999394416541985e+00,-1.508490412200492514e+00,-3.862097569662848451e-01,3.118597667787101901e-01,-1.132240029526353545e-04,1.789180051820262515e-03
3.939999999999999947e+00,-2.905224878958213353e+00,-1.510838518147027631e+00,-3.862120650318942583e-01,3.115069338288881662e-01,-7.717999941939960239e-05,1.815255421697678289e-03
3.959999999999999964e+00,-2.899456916331108136e+00,-1.513183972057608573e+00,-3.862134917272109225e-01,3.111528535205938528e-01,-4.061237253188155349e-05,1.841542825383533054e-03
3.979999999999999982e+00,-2.893695527510012244e+00,-1.515526759421090164e+00,-3.862140263343268876e-01,3.107975309781237372e-01,-3.516855237259557458e-06,1.868044904983779016e-03
4.000000000000000000e+00,-2.887940733356755274e+00,-1.517866865720508773e+00,-3.862136580858275270e-01,3.104409713200667054e-01,3.411087262712267127e-05,1.894764329440100804e-03
4.019999999999999574e+00,-2.882192554620377489e+00,-1.520204276433154034e+00,-3.862123761642265451e-01,3.100831796593292999e-01,7.227518487436086444e-05,1.921703794919845092e-03
4.040000000000000036e+00,-2.876451011937297686e+00,-1.522538977030641671e+00,-3.862101697013962665e-01,3.097241611031619213e-01,1.109805095164256714e-04,1.948866025210689492e-03
4.059999999999999609e+00,-2.870716125831485055e+00,-1.524870952978984340e+00,-3.862070277779943717e-01,3.093639207531857505e-01,1.502313293205938987e-04,1.976253772120107298e-03
4.080000000000000071e+00,-2.864987916714623051e+00,-1.527200189738663560e+00,-3.862029394228870260e-01,3.090024637054183954e-01,1.900321823738308259e-04,2.003869815879732834e-03
4.099999999999999645e+00,-2.859266404886280810e+00,-1.529526672764703665e+00,-3.861978936125684547e-01,3.086397950503022014e-01,2.303876626553902243e-04,2.031716965554650374e-03
4.119999999999999218e+00,-2.853551610534081462e+00,-1.531850387506741740e+00,-3.861918792705762438e-01,3.082759198727307859e-01,2.713024206176133427e-04,2.059798059457789658e-03
4.139999999999999680e+00,-2.847843553733867772e+00,-1.534171319409100676e+00,-3.861848852669035326e-01,3.079108432520769045e-01,3.127811637750726450e-04,2.088115965569386362e-03
4.159999999999999254e+00,-2.842142254449873118e+00,-1.536489453910860892e+00,-3.861769004174059328e-01,3.075445702622211508e-01,3.548286573021455044e-04,2.116673581961686645e-03
4.179999999999999716e+00,-2.836447732534889354e+00,-1.538804776445932720e+00,-3.861679134832062821e-01,3.071771059715794339e-01,3.974497246391610903e-04,2.145473837228936091e-03
4.199999999999999289e+00,-2.830760007730434680e+00,-1.541117272443127240e+00,-3.861579131700940137e-01,3.068084554431321220e-01,4.406492481071685335e-04,2.174519690922732413e-03
4.219999999999999751e+00,-2.825079099666921500e+00,-1.543426927326230658e+00,-3.861468881279202514e-01,3.064386237344537967e-01,4.844321695315002472e-04,2.203814133992869004e-03
4.239999999999999325e+00,-2.819405027863827851e+00,-1.545733726514074036e+00,-3.861348269499902952e-01,3.060676158977412853e-01,5.288034908741797357e-04,2.233360189233693591e-03
4.259999999999999787e+00,-2.813737811729859484e+00,-1.548037655420605896e+00,-3.861217181724501679e-01,3.056954369798446924e-01,5.737682748753102297e-04,2.263160911736135979e-03
4.279999999999999361e+00,-2.808077470563125733e+00,-1.550338699454965274e+00,-3.861075502736703857e-01,3.053220920222968759e-01,6.193316457036159928e-04,2.293219389345436520e-03
4.299999999999999822e+00,-2.802424023551302046e+00,-1.552636844021552776e+00,-3.860923116736236227e-01,3.049475860613442557e-01,6.654987896161145087e-04,2.323538743124725810e-03
4.319999999999999396e+00,-2.796777489771802738e+00,-1.554932074520102070e+00,-3.860759907332602103e-01,3.045719241279774003e-01,7.122749556271452780e-04,2.354122127824463413e-03
4.339999999999999858e+00,-2.791137888191943972e+00,-1.557224376345753614e+00,-3.860585757538766427e-01,3.041951112479625574e-01,7.596654561869567793e-04,2.384972732357953755e-03
4.359999999999999432e+00,-2.785505237669118284e+00,-1.559513734889125702e+00,-3.860400549764825273e-01,3.038171524418729619e-01,8.076756678696095457e-04,2.416093780282858525e-03
4.379999999999999893e+00,-2.779879556950958897e+00,-1.561800135536386414e+00,-3.860204165811599863e-01,3.034380527251208659e-01,8.563110320708882707e-04,2.447488530289013489e-03
4.399999999999999467e+00,-2.774260864675509364e+00,-1.564083563669324883e+00,-3.859996486864203935e-01,3.030578171079900685e-01,9.055770557157867681e-04,2.479160276692440445e-03
4.419999999999999929e+00,-2.768649179371390545e+00,-1.566364004665425247e+00,-3.859777393485561703e-01,3.026764505956680007e-01,9.554793119760440290e-04,2.511112349935803664e-03
4.439999999999999503e+00,-2.763044519457972914e+00,-1.568641443897937471e+00,-3.859546765609868091e-01,3.022939581882796989e-01,1.006023440997742650e-03,2.543348117095328188e-03
4.459999999999999964e+00,-2.757446903245538650e+00,-1.570915866735949518e+00,-3.859304482536012326e-01,3.019103448809205559e-01,1.057215150639078923e-03,2.575870982394305730e-03
4.479999999999999538e+00,-2.751856348935457941e+00,-1.573187258544458622e+00,-3.859050422920946577e-01,3.015256156636903495e-01,1.109060217218563703e-03,2.608684387723303119e-03
4.500000000000000000e+00,-2.746272874620347526e+00,-1.575455604684445454e+00,-3.858784464773007405e-01,3.011397755217275485e-01,1.161564486273506617e-03,2.641791813167142667e-03
4.519999999999999574e+00,-2.740696498284249216e+00,-1.577720890512943175e+00,-3.858506485445182821e-01,3.007528294352441733e-01,1.214733873329359743e-03,2.675196777538801484e-03
4.540000000000000036e+00,-2.735127237802791100e+00,-1.579983101383112709e+00,-3.858216361628339364e-01,3.003647823795600469e-01,1.268574364679616109e-03,2.708902838920313437e-03
4.559999999999999609e+00,-2.729565110943358519e+00,-1.582242222644311802e+00,-3.857913969344384242e-01,2.999756393251393205e-01,1.323092018176606375e-03,2.742913595210729263e-03
4.580000000000000071e+00,-2.724010135365262819e+00,-1.584498239642169182e+00,-3.857599183939383614e-01,2.995854052376251131e-01,1.378292964033479926e-03,2.777232684681400689e-03
4.599999999999999645e+00,-2.718462328619908330e+00,-1.586751137718655613e+00,-3.857271880076623138e-01,2.991940850778768701e-01,1.434183405637215122e-03,2.811863786538481430e-03
4.620000000000000107e+00,-2.712921708150962896e+00,-1.589000902212155619e+00,-3.856931931729628005e-01,2.988016838020061128e-01,1.490769620372981580e-03,2.846810621492952987e-03
4.639999999999999680e+00,-2.707388291294523075e+00,-1.591247518457540089e+00,-3.856579212175106908e-01,2.984082063614139080e-01,1.548057960460055490e-03,2.882076952338168737e-03
4.659999999999999254e+00,-2.701862095279285114e+00,-1.593490971786238886e+00,-3.856213593985859944e-01,2.980136577028286715e-01,1.606054853799240715e-03,2.917666584535060295e-03
4.679999999999999716e+00,-2.696343137226712816e+00,-1.595731247526311458e+00,-3.855834949023623781e-01,2.976180427683431384e-01,1.664766804832197664e-03,2.953583366805178755e-03
4.699999999999999289e+00,-2.690831434151205404e+00,-1.597968331002520115e+00,-3.855443148431862976e-01,2.972213664954536649e-01,1.724200395412600834e-03,2.989831191731571677e-03
4.719999999999999751e+00,-2.685327002960265830e+00,-1.600202207536401078e+00,-3.855038062628493023e-01,2.968236338170986977e-01,1.784362285689511385e-03,3.026413996367761233e-03
4.739999999999999325e+00,-2.679829860454669088e+00,-1.602432862446337092e+00,-3.854619561298573971e-01,2.964248496616973538e-01,1.845259215002839018e-03,3.063335762854790117e-03
4.759999999999999787e+00,-2.674340023328631855e+00,-1.604660281047629367e+00,-3.854187513386907460e-01,2.960250189531902221e-01,1.906898002791428300e-03,3.100600519046606274e-03
4.779999999999999361e+00,-2.668857508169977688e+00,-1.606884448652569519e+00,-3.853741787090609328e-01,2.956241466110783866e-01,1.969285549513623713e-03,3.138212339143804652e-03
4.799999999999999822e+00,-2.663382331460309782e+00,-1.609105350570511517e+00,-3.853282249851597840e-01,2.952222375504646168e-01,2.032428837580559783e-03,3.176175344335888627e-03
4.819999999999999396e+00,-2.657914509575176165e+00,-1.611322972107944285e+00,-3.852808768349036406e-01,2.948192966820941119e-01,2.096334932302487859e-03,3.214493703452192021e-03
4.839999999999999858e+00,-2.652454058784238899e+00,-1.613537298568562983e+00,-3.852321208491712445e-01,2.944153289123957462e-01,2.161010982848124602e-03,3.253171633621574493e-03
4.859999999999999432e+00,-2.647000995251442390e+00,-1.615748315253340506e+00,-3.851819435410344661e-01,2.940103391435246460e-01,2.226464223217311435e-03,3.292213400941008689e-03
4.879999999999999893e+00,-2.641555335035182583e+00,-1.617956007460601642e+00,-3.851303313449835897e-01,2.936043322734039340e-01,2.292701973227200072e-03,3.331623321153256035e-03
4.899999999999999467e+00,-2.636117094088473944e+00,-1.620160360486093687e+00,-3.850772706161469383e-01,2.931973131957677503e-01,2.359731639511902096e-03,3.371405760333652437e-03
4.919999999999999929e+00,-2.630686288259117767e+00,-1.622361359623057275e+00,-3.850227476295022266e-01,2.927892868002046067e-01,2.427560716536198478e-03,3.411565135586267557e-03
4.939999999999999503e+00,-2.625262933289873590e+00,-1.624558990162300764e+00,-3.849667485790830845e-01,2.923802579722013517e-01,2.496196787623090451e-03,3.452105915749476700e-03
4.959999999999999964e+00,-2.619847044818622628e+00,-1.626753237392271290e+00,-3.849092595771775871e-01,2.919702315931874126e-01,2.565647525995685269e-03,3.493032622111150436e-03
4.979999999999999538e+00,-2.614438638378540514e+00,-1.628944086599125818e+00,-3.848502666535221217e-01,2.915592125405793711e-01,2.635920695833299330e-03,3.534349829133541336e-03
5.000000000000000000e+00,-2.609037729398262950e+00,-1.631131523066804645e+00,-3.847897557544860403e-01,2.911472056878264270e-01,2.707024153342426145e-03,3.576062165188112832e-03
5.019999999999999574e+00,-2.603644333202054462e+00,-1.633315532077103338e+00,-3.847277127422512044e-01,2.907342159044562502e-01,2.778965847842230445e-03,3.618174313300308483e-03
5.040000000000000036e+00,-2.598258465009979812e+00,-1.635496098909743123e+00,-3.846641233939839255e-01,2.903202480561212218e-01,2.851753822865241931e-03,3.660691011904575187e-03
5.059999999999999609e+00,-2.592880139938066986e+00,-1.637673208842445050e+00,-3.845989734010007433e-01,2.899053070046452851e-01,2.925396217273103835e-03,3.703617055609630376e-03
5.080000000000000071e+00,-2.587509372998478607e+00,-1.639846847150999709e+00,-3.845322483679254888e-01,2.894893976080709641e-01,2.999901266387856348e-03,3.746957295974281954e-03
5.099999999999999645e+00,-2.582146179099683359e+00,-1.642016999109342290e+00,-3.844639338118410188e-01,2.890725247207078241e-01,3.075277303138754942e-03,3.790716642293794070e-03
5.120000000000000107e+00,-2.576790573046616295e+00,-1.644183649989621854e+00,-3.843940151614321787e-01,2.886546931931802118e-01,3.151532759224977883e-03,3.834900062397107907e-03
5.139999999999999680e+00,-2.571442569540856482e+00,-1.646346785062274165e+00,-3.843224777561229377e-01,2.882359078724768819e-01,3.228676166294298846e-03,3.879512583454927492e-03
5.159999999999999254e+00,-2.566102183180787755e+00,-1.648506389596094301e+00,-3.842493068452041971e-01,2.878161736019998473e-01,3.306716157138187354e-03,3.924559292798977979e-03
5.179999999999999716e+00,-2.560769428461770580e+00,-1.650662448858309039e+00,-3.841744875869563813e-01,2.873954952216145609e-01,3.385661466903258990e-03,3.970045338752483700e-03
5.199999999999999289e+00,-2.555444319776312589e+00,-1.652814948114646576e+00,-3.840980050477627028e-01,2.869738775677005971e-01,3.465520934319463089e-03,4.015975931472055491e-03
5.219999999999999751e+00,-2.550126871414230223e+00,-1.654963872629411581e+00,-3.840198442012150437e-01,2.865513254732026671e-01,3.546303502945408626e-03,4.062356343801222340e-03
5.239999999999999325e+00,-2.544817097562825481e+00,-1.657109207665554695e+00,-3.839399899272123440e-01,2.861278437676825215e-01,3.628018222430571139e-03,4.109191912135660291e-03
5.259999999999999787e+00,-2.539515012307045794e+00,-1.659250938484746252e+00,-3.838584270110519392e-01,2.857034372773707420e-01,3.710674249795192954e-03,4.156488037300396128e-03
5.279999999999999361e+00,-2.534220629629661214e+00,-1.661389050347447771e+00,-3.837751401425109621e-01,2.852781108252200881e-01,3.794280850727695022e-03,4.204250185439067401e-03
5.299999999999999822e+00,-2.528933963411424735e+00,-1.663523528512983907e+00,-3.836901139149214712e-01,2.848518692309585654e-01,3.878847400900093442e-03,4.252483888915516326e-03
5.319999999999999396e+00,-2.523655027431245479e+00,-1.665654358239613941e+00,-3.836033328242368645e-01,2.844247173111435489e-01,3.964383387301439327e-03,4.301194747227755737e-03
5.339999999999999858e+00,-2.518383835366355683e+00,-1.667781524784604841e+00,-3.835147812680894663e-01,2.839966598792165176e-01,4.050898409589828025e-03,4.350388427934636683e-03
5.359999999999999432e+00,-2.513120400792478559e+00,-1.669905013404302530e+00,-3.834244435448411203e-01,2.835677017455578430e-01,4.138402181462981153e-03,4.400070667595293999e-03
5.379999999999999893e+00,-2.507864737183997494e+00,-1.672024809354204500e+00,-3.833323038526236792e-01,2.831378477175431341e-01,4.226904532047650806e-03,4.450247272721541587e-03
5.399999999999999467e+00,-2.502616857914124804e+00,-1.674140897889030866e+00,-3.832383462883724445e-01,2.827071025995992470e-01,4.316415407308488682e-03,4.500924120743564349e-03
5.419999999999999929e+00,-2.497376776255067377e+00,-1.676253264262798304e+00,-3.831425548468501696e-01,2.822754711932615179e-01,4.406944871476025337e-03,4.552107160988825250e-03
5.439999999999999503e+00,-2.492144505378200758e+00,-1.678361893728889109e+00,-3.830449134196625693e-01,2.818429582972314384e-01,4.498503108494563210e-03,4.603802415674641130e-03
5.459999999999999964e+00,-2.486920058354227692e+00,-1.680466771540126469e+00,-3.829454057942651701e-01,2.814095687074348873e-01,4.591100423490052790e-03,4.656015980914449820e-03
5.479999999999999538e+00,-2.481703448153358416e+00,-1.682567882948843740e+00,-3.828440156529606675e-01,2.809753072170812493e-01,4.684747244258154024e-03,4.708754027738034850e-03
5.500000000000000000e+00,-2.476494687645471870e+00,-1.684665213206958834e+00,-3.827407265718882901e-01,2.805401786167226463e-01,4.779454122772882826e-03,4.762022803125883809e-03
5.519999999999999574e+00,-2.471293789600283120e+00,-1.686758747566043937e+00,-3.826355220200025054e-01,2.801041876943148323e-01,4.875231736716127175e-03,4.815828631057882461e-03
5.540000000000000036e+00,-2.466100766687516099e+00,-1.688848471277399232e+00,-3.825283853580445093e-01,2.796673392352772569e-01,4.972090891028208004e-03,4.870177913576551054e-03
5.559999999999999609e+00,-2.460915631477068377e+00,-1.690934369592125064e+00,-3.824192998375023356e-01,2.792296380225557373e-01,5.070042519479831845e-03,4.925077131864975463e-03
5.580000000000000071e+00,-2.455738396439182569e+00,-1.693016427761192100e+00,-3.823082485995630275e-01,2.787910888366836870e-01,5.169097686265959092e-03,4.980532847339777525e-03
5.599999999999999645e+00,-2.450569073944611986e+00,-1.695094631035515276e+00,-3.821952146740542622e-01,2.783516964558457873e-01,5.269267587621391004e-03,5.036551702759147105e-03
5.620000000000000107e+00,-2.445407676264790275e+00,-1.697168964666024626e+00,-3.820801809783773706e-01,2.779114656559412699e-01,5.370563553458870820e-03,5.093140423346274176e-03
5.639999999999999680e+00,-2.440254215571999730e+00,-1.699239413903738560e+00,-3.819631303164293112e-01,2.774704012106486428e-01,5.472997049029709390e-03,5.150305817928349170e-03
5.659999999999999254e+00,-2.435108703939540487e+00,-1.701305963999834248e+00,-3.818440453775158727e-01,2.770285078914903054e-01,5.576579676607440993e-03,5.208054780091384874e-03
5.679999999999999716e+00,-2.429971153341895729e+00,-1.703368600205720451e+00,-3.817229087352542738e-01,2.765857904678988288e-01,5.681323177194655058e-03,5.266394289350981306e-03
5.699999999999999289e+00,-2.424841575654904879e+00,-1.705427307773111023e+00,-3.815997028464660490e-01,2.761422537072830141e-01,5.787239432253383706e-03,5.325331412339378775e-03
5.719999999999999751e+00,-2.419719982655927026e+00,-1.707482071954093739e+00,-3.814744100500593316e-01,2.756979023750955604e-01,5.894340465459532545e-03,5.384873304008926630e-03
5.739999999999999325e+00,-2.414606386024014117e+00,-1.709532878001204681e+00,-3.813470125659009224e-01,2.752527412349008440e-01,6.002638444481393776e-03,5.445027208852228767e-03
5.759999999999999787e+00,-2.409500797340073941e+00,-1.711579711167500406e+00,-3.812174924936784781e-01,2.748067750484437521e-01,6.112145682782797566e-03,5.505800462139190561e-03
5.779999999999999361e+00,-2.404403228087043320e+00,-1.713622556706628997e+00,-3.810858318117512633e-01,2.743600085757190721e-01,6.222874641451200083e-03,5.567200491171202248e-03
5.799999999999999822e+00,-2.399313689650054648e+00,-1.715661399872901116e+00,-3.809520123759907451e-01,2.739124465750419346e-01,6.334837931050944088e-03,5.629234816552655674e-03
5.819999999999999396e+00,-2.394232193316601975e+00,-1.717696225921364617e+00,-3.808160159186100291e-01,2.734640938031191459e-01,6.448048313502293197e-03,5.691911053480084096e-03
5.839999999999999858e+00,-2.389158750276714649e+00,-1.719727020107875148e+00,-3.806778240469835817e-01,2.730149550151200200e-01,6.562518703986178203e-03,5.755236913049106319e-03
5.859999999999999432e+00,-2.384093371623120294e+00,-1.721753767689167436e+00,-3.805374182424539065e-01,2.725650349647504855e-01,6.678262172875436969e-03,5.819220203579402416e-03
5.879999999999999893e+00,-2.379036068351415789e+00,-1.723776453922928775e+00,-3.803947798591286733e-01,2.721143384043253621e-01,6.795291947692795077e-03,5.883868831958101800e-03
5.899999999999999467e+00,-2.373986851360235573e+00,-1.725795064067870310e+00,-3.802498901226659123e-01,2.716628700848432443e-01,6.913621415095681788e-03,5.949190805001590594e-03
5.919999999999999929e+00,-2.368945731451420400e+00,-1.727809583383798753e+00,-3.801027301290483273e-01,2.712106347560613306e-01,7.033264122888646316e-03,6.015194230836186720e-03
5.939999999999999503e+00,-2.363912719330182988e+00,-1.729819997131689435e+00,-3.799532808433451758e-01,2.707576371665717518e-01,7.154233782063504528e-03,6.081887320297797196e-03
5.959999999999999964e+00,-2.358887825605280764e+00,-1.731826290573757587e+00,-3.798015230984632673e-01,2.703038820638777318e-01,7.276544268867703516e-03,6.149278388350945361e-03
5.979999999999999538e+00,-2.353871060789179293e+00,-1.733828448973529390e+00,-3.796474375938861945e-01,2.698493741944716917e-01,7.400209626901243197e-03,6.217375855527236539e-03
6.000000000000000000e+00,-2.348862435298225027e+00,-1.735826457595916139e+00,-3.794910048944007963e-01,2.693941183039137988e-01,7.525244069242559113e-03,6.286188249383668943e-03
6.019999999999999574e+00,-2.343861959452813615e+00,-1.737820301707286186e+00,-3.793322054288129630e-01,2.689381191369110136e-01,7.651661980603747214e-03,6.355724205980953744e-03
6.040000000000000036e+00,-2.338869643477551552e+00,-1.739809966575533995e+00,-3.791710194886497298e-01,2.684813814373975260e-01,7.779477919515697878e-03,6.425992471382197327e-03
6.059999999999999609e+00,-2.333885497501433370e+00,-1.741795437470155417e+00,-3.790074272268506572e-01,2.680239099486159682e-01,7.908706620543165186e-03,6.497001903172046344e-03
6.080000000000000071e+00,-2.328909531558004176e+00,-1.743776699662317853e+00,-3.788414086564451666e-01,2.675657094131994040e-01,8.039362996530668298e-03,6.568761471996729245e-03
6.099999999999999645e+00,-2.323941755585531510e+00,-1.745753738424933754e+00,-3.786729436492187739e-01,2.671067845732543189e-01,8.171462140879236224e-03,6.641280263125142608e-03
6.120000000000000107e+00,-2.318982179427170554e+00,-1.747726539032730564e+00,-3.785020119343656120e-01,2.666471401704446631e-01,8.305019329854687257e-03,6.714567478031281504e-03
6.139999999999999680e+00,-2.314030812831135986e+00,-1.749695086762325102e+00,-3.783285930971283517e-01,2.661867809460763956e-01,8.440050024927705022e-03,6.788632435998300137e-03
6.160000000000000142e+00,-2.309087665450865856e+00,-1.751659366892294623e+00,-3.781526665774257445e-01,2.657257116411836928e-01,8.576569875146237629e-03,6.863484575744419579e-03
6.179999999999999716e+00,-2.304152746845194333e+00,-1.753619364703247197e+00,-3.779742116684660092e-01,2.652639369966154348e-01,8.714594719540724732e-03,6.939133457071011354e-03
6.199999999999999289e+00,-2.299226066478518682e+00,-1.755575065477896546e+00,-3.777932075153476732e-01,2.648014617531230241e-01,8.854140589562308622e-03,7.015588762533085838e-03
6.219999999999999751e+00,-2.294307633720964912e+00,-1.757526454501132651e+00,-3.776096331136470363e-01,2.643382906514490371e-01,8.995223711554926199e-03,7.092860299132460432e-03
6.239999999999999325e+00,-2.289397457848560968e+00,-1.759473517060093695e+00,-3.774234673079916447e-01,2.638744284324171518e-01,9.137860509261221120e-03,7.170958000033892873e-03
6.259999999999999787e+00,-2.284495548043401048e+00,-1.761416238444238003e+00,-3.772346887906206092e-01,2.634098798370226868e-01,9.282067606363261433e-03,7.249891926304465051e-03
6.279999999999999361e+00,-2.279601913393815682e+00,-1.763354603945416210e+00,-3.770432760999304356e-01,2.629446496065244165e-01,9.427861829058198015e-03,7.329672268676468844e-03
6.299999999999999822e+00,-2.274716562894540051e+00,-1.765288598857944979e+00,-3.768492076190075868e-01,2.624787424825374416e-01,9.575260208669294018e-03,7.410309349334070692e-03
6.319999999999999396e+00,-2.269839505446882288e+00,-1.767218208478675168e+00,-3.766524615741463355e-01,2.620121632071267803e-01,9.724279984293088611e-03,7.491813623724056723e-03
6.339999999999999858e+00,-2.264970749858892241e+00,-1.769143418107067323e+00,-3.764530160333526831e-01,2.615449165229026818e-01,9.874938605482993376e-03,7.574195682390939474e-03
6.359999999999999432e+00,-2.260110304845526663e+00,-1.771064213045263624e+00,-3.762508489048339566e-01,2.610770071731159936e-01,1.002725373496972383e-02,7.657466252836643908e-03
6.379999999999999893e+00,-2.255258179028824195e+00,-1.772980578598156942e+00,-3.760459379354730847e-01,2.606084399017559172e-01,1.018124325141932587e-02,7.741636201405125740e-03
6.399999999999999467e+00,-2.250414380938066561e+00,-1.774892500073465440e+00,-3.758382607092893291e-01,2.601392194536475966e-01,1.033692525222900706e-02,7.826716535192183161e-03
6.419999999999999929e+00,-2.245578919009951768e+00,-1.776799962781804521e+00,-3.756277946458828620e-01,2.596693505745515385e-01,1.049431805636155159e-02,7.912718403980726484e-03
6.439999999999999503e+00,-2.240751801588760639e+00,-1.778702952036757656e+00,-3.754145169988654662e-01,2.591988380112641432e-01,1.065344020721854627e-02,7.999653102201772017e-03
6.459999999999999964e+00,-2.235933036926524231e+00,-1.780601453154948555e+00,-3.751984048542750805e-01,2.587276865117191793e-01,1.081431047555325708e-02,8.087532070921495814e-03
6.479999999999999538e+00,-2.231122633183196147e+00,-1.782495451456114877e+00,-3.749794351289756356e-01,2.582559008250902566e-01,1.097694786242333145e-02,8.176366899854577153e-03
6.500000000000000000e+00,-2.226320598426813291e+00,-1.784384932263178403e+00,-3.747575845690409579e-01,2.577834857018948544e-01,1.114137160218427181e-02,8.266169329404163962e-03
6.519999999999999574e+00,-2.221526940633673064e+00,-1.786269880902317198e+00,-3.745328297481234636e-01,2.573104458940993489e-01,1.130760116552360396e-02,8.356951252728632776e-03
6.540000000000000036e+00,-2.216741667688497675e+00,-1.788150282703038663e+00,-3.743051470658063651e-01,2.568367861552252052e-01,1.147565626253707095e-02,8.448724717835578643e-03
6.559999999999999609e+00,-2.211964787384599784e+00,-1.790026122998251257e+00,-3.740745127459404462e-01,2.563625112404563366e-01,1.164555684584672214e-02,8.541501929703213675e-03
6.580000000000000071e+00,-2.207196307424055703e+00,-1.791897387124335994e+00,-3.738409028349644059e-01,2.558876259067480174e-01,1.181732311376174245e-02,8.635295252429397994e-03
6.599999999999999645e+00,-2.202436235417870147e+00,-1.793764060421218165e+00,-3.736042932002092698e-01,2.554121349129362950e-01,1.199097551348259072e-02,8.730117211408771477e-03
6.620000000000000107e+00,-2.197684578886148099e+00,-1.795626128232441054e+00,-3.733646595281853164e-01,2.549360430198495675e-01,1.216653474434894501e-02,8.825980495538074747e-03
6.639999999999999680e+00,-2.192941345258259123e+00,-1.797483575905236552e+00,-3.731219773228537928e-01,2.544593549904209939e-01,1.234402176113199613e-02,8.922897959449933511e-03
6.660000000000000142e+00,-2.188206541873009225e+00,-1.799336388790596430e+00,-3.728762219038801451e-01,2.539820755898019589e-01,1.252345777737186305e-02,9.020882625775611049e-03
6.679999999999999716e+00,-2.183480175978806503e+00,-1.801184552243347170e+00,-3.726273684048722612e-01,2.535042095854772026e-01,1.270486426876023256e-02,9.119947687436671599e-03
6.699999999999999289e+00,-2.178762254733831227e+00,-1.803028051622219685e+00,-3.723753917715990625e-01,2.530257617473812837e-01,1.288826297656954847e-02,9.220106509966049038e-03
6.719999999999999751e+00,-2.174052785206204597e+00,-1.804866872289920821e+00,-3.721202667601940517e-01,2.525467368480160402e-01,1.307367591112855096e-02,9.321372633858723833e-03
6.739999999999999325e+00,-2.169351774374155273e+00,-1.806700999613207514e+00,-3.718619679353404317e-01,2.520671396625696614e-01,1.326112535534530908e-02,9.423759776952216408e-03
6.759999999999999787e+00,-2.164659229126189022e+00,-1.808530418962958519e+00,-3.716004696684375164e-01,2.515869749690373136e-01,1.345063386827811264e-02,9.527281836837198786e-03
6.779999999999999361e+00,-2.159975156261256579e+00,-1.810355115714243901e+00,-3.713357461357517098e-01,2.511062475483426537e-01,1.364222428875492589e-02,9.631952893298505528e-03
6.799999999999999822e+00,-2.155299562488921961e+00,-1.812175075246400313e+00,-3.710677713165464464e-01,2.506249621844610087e-01,1.383591973904196859e-02,9.737787210786779876e-03
6.819999999999999396e+00,-2.150632454429531215e+00,-1.813990282943100496e+00,-3.707965189911968107e-01,2.501431236645441092e-01,1.403174362856189107e-02,9.844799240920885236e-03
6.839999999999999858e+00,-2.145973838614381179e+00,-1.815800724192427884e+00,-3.705219627392836168e-01,2.496607367790460996e-01,1.422971965766252171e-02,9.953003625021487888e-03
6.859999999999999432e+00,-2.141323721485886900e+00,-1.817606384386945440e+00,-3.702440759376698365e-01,2.491778063218510753e-01,1.442987182143646088e-02,1.006241519667596535e-02
6.879999999999999893e+00,-2.136682109397749496e+00,-1.819407248923770704e+00,-3.699628317585583193e-01,2.486943370904017847e-01,1.463222441359236965e-02,1.017304898433487627e-02
6.899999999999999467e+00,-2.132049008615128027e+00,-1.821203303204645518e+00,-3.696782031675302505e-01,2.482103338858306085e-01,1.483680203037835398e-02,1.028492021394014980e-02
6.919999999999999929e+00,-2.127424425314801137e+00,-1.822994532636009524e+00,-3.693901629215647908e-01,2.477258015130910096e-01,1.504362957455849907e-02,1.039804431158538635e-02
6.939999999999999503e+00,-2.122808365585343360e+00,-1.824780922629071878e+00,-3.690986835670392319e-01,2.472407447810913983e-01,1.525273225944261471e-02,1.051243690620823866e-02
6.959999999999999964e+00,-2.118200835427286766e+00,-1.826562458599882977e+00,-3.688037374377095001e-01,2.467551685028299691e-01,1.546413561297042306e-02,1.062811383231528420e-02
6.979999999999999538e+00,-2.113601840753295935e+00,-1.828339125969405954e+00,-3.685052966526712326e-01,2.462690774955316186e-01,1.567786548185041637e-02,1.074509113273946354e-02
7.000000000000000000e+00,-2.109011387388326497e+00,-1.830110910163590843e+00,-3.682033331143013677e-01,2.457824765807857803e-01,1.589394803575423787e-02,1.086338506143028418e-02
7.019999999999999574e+00,-2.104429481069805430e+00,-1.831877796613442966e+00,-3.678978185061786421e-01,2.452953705846866173e-01,1.611240977156715853e-02,1.098301208627698068e-02
7.040000000000000036e+00,-2.099856127447790488e+00,-1.833639770755099541e+00,-3.675887242909850472e-01,2.448077643379741875e-01,1.633327751769544575e-02,1.110398889196484266e-02
7.059999999999999609e+00,-2.095291332085142955e+00,-1.835396818029897181e+00,-3.672760217083858025e-01,2.443196626761778567e-01,1.655657843843103341e-02,1.122633238286470728e-02
7.080000000000000071e+00,-2.090735100457693729e+00,-1.837148923884447393e+00,-3.669596817728896787e-01,2.438310704397608220e-01,1.678234003837452554e-02,1.135005968595599254e-02
7.099999999999999645e+00,-2.086187437954412527e+00,-1.838896073770706963e+00,-3.666396752716878926e-01,2.433419924742667440e-01,1.701059016691672948e-02,1.147518815378313975e-02
7.120000000000000107e+00,-2.081648349877577964e+00,-1.840638253146049230e+00,-3.663159727624719086e-01,2.428524336304678233e-01,1.724135702277995730e-02,1.160173536744584129e-02
7.139999999999999680e+00,-2.077117841442942314e+00,-1.842375447473338701e+00,-3.659885445712308116e-01,2.423623987645149580e-01,1.747466915861918546e-02,1.172971913962292390e-02
7.160000000000000142e+00,-2.072595917779902930e+00,-1.844107642221000543e+00,-3.656573607900266421e-01,2.418718927380890393e-01,1.771055548568424565e-02,1.185915751763018389e-02
7.179999999999999716e+00,-2.068082583931668772e+00,-1.845834822863093638e+00,-3.653223912747484148e-01,2.413809204185548285e-01,1.794904527854337614e-02,1.199006878651205470e-02
7.199999999999999289e+00,-2.063577844855430499e+00,-1.847556974879382752e+00,-3.649836056428439335e-01,2.408894866791160549e-01,1.819016817986898391e-02,1.212247147216732879e-02
7.219999999999999751e+00,-2.059081705422527442e+00,-1.849274083755410913e+00,-3.646409732710305662e-01,2.403975963989723463e-01,1.843395420528636322e-02,1.225638434450892003e-02
7.239999999999999325e+00,-2.054594170418616361e+00,-1.850986134982569364e+00,-3.642944632929834281e-01,2.399052544634785733e-01,1.868043374828573869e-02,1.239182642065762494e-02
7.259999999999999787e+00,-2.050115244543840198e+00,-1.852693114058172164e+00,-3.639440445970006932e-01,2.394124657643051379e-01,1.892963758519871503e-02,1.252881696816999894e-02
7.279999999999999361e+00,-2.045644932412993722e+00,-1.854395006485528130e+00,-3.635896858236470908e-01,2.389192351996013153e-01,1.918159688023953965e-02,1.266737550830024719e-02
7.299999999999999822e+00,-2.041183238555699386e+00,-1.856091797774009899e+00,-3.632313553633747527e-01,2.384255676741592334e-01,1.943634319061200016e-02,1.280752181929618351e-02
7.319999999999999396e+00,-2.036730167416564097e+00,-1.857783473439128752e+00,-3.628690213541204135e-01,2.379314680995810449e-01,1.969390847168238368e-02,1.294927593972908242e-02
7.339999999999999858e+00,-2.032285723355359508e+00,-1.859470019002606778e+00,-3.625026516788796282e-01,2.374369413944470431e-01,1.995432508221978846e-02,1.309265817185752655e-02
7.359999999999999432e+00,-2.027849910647181897e+00,-1.861151419992446598e+00,-3.621322139632591752e-01,2.369419924844865522e-01,2.021762578970349652e-02,1.323768908502488337e-02
7.379999999999999893e+00,-2.023422733482623581e+00,-1.862827661943004864e+00,-3.617576755730035898e-01,2.364466263027500126e-01,2.048384377569920090e-02,1.338438951909063507e-02
7.399999999999999467e+00,-2.019004195967943449e+00,-1.864498730395065529e+00,-3.613790036114996607e-01,2.359508477897842293e-01,2.075301264130371623e-02,1.353278058789502379e-02
7.419999999999999929e+00,-2.014594302125229941e+00,-1.866164610895909348e+00,-3.609961649172564457e-01,2.354546618938085367e-01,2.102516641265960926e-02,1.368288368275717704e-02
7.439999999999999503e+00,-2.010193055892575575e+00,-1.867825288999386935e+00,-3.606091260613616956e-01,2.349580735708938495e-01,2.130033954654000569e-02,1.383472047600625178e-02
7.459999999999999964e+00,-2.005800461124239042e+00,-1.869480750265991365e+00,-3.602178533449131304e-01,2.344610877851433794e-01,2.157856693600443410e-02,1.398831292454555571e-02
7.479999999999999538e+00,-2.001416521590820174e+00,-1.871130980262930565e+00,-3.598223127964261248e-01,2.339637095088759611e-01,2.185988391612609869e-02,1.414368327344913551e-02
7.500000000000000000e+00,-1.997041240979423149e+00,-1.872775964564197038e+00,-3.594224701692159130e-01,2.334659437228110979e-01,2.214432626979167401e-02,1.430085405959085655e-02
7.519999999999999574e+00,-1.992674622893826575e+00,-1.874415688750642239e+00,-3.590182909387563126e-01,2.329677954162564513e-01,2.243193023357375332e-02,1.445984811530527138e-02
7.540000000000000036e+00,-1.988316670854652468e+00,-1.876050138410047863e+00,-3.586097403000116368e-01,2.324692695872974668e-01,2.272273250367697062e-02,1.462068857208022495e-02
7.559999999999999609e+00,-1.983967388299534118e+00,-1.877679299137197333e+00,-3.581967831647444589e-01,2.319703712429894704e-01,2.301677024195830992e-02,1.478339886428055132e-02
7.580000000000000071e+00,-1.979626778583283953e+00,-1.879303156533948416e+00,-3.577793841587980084e-01,2.314711053995518186e-01,2.331408108202205273e-02,1.494800273290249060e-02
7.599999999999999645e+00,-1.975294844978061848e+00,-1.880921696209305383e+00,-3.573575076193528099e-01,2.309714770825644081e-01,2.361470313539015820e-02,1.511452422935840277e-02
7.620000000000000107e+00,-1.970971590673545881e+00,-1.882534903779490731e+00,-3.569311175921566770e-01,2.304714913271668497e-01,2.391867499774885317e-02,1.528298771929112627e-02
7.639999999999999680e+00,-1.966657018777096866e+00,-1.884142764868016018e+00,-3.565001778287306133e-01,2.299711531782593632e-01,2.422603575527153622e-02,1.545341788641742785e-02
7.660000000000000142e+00,-1.962351132313929547e+00,-1.885745265105757351e+00,-3.560646517835464042e-01,2.294704676907068641e-01,2.453682499101888029e-02,1.562583973639999207e-02
7.679999999999999716e+00,-1.958053934227280024e+00,-1.887342390131022674e+00,-3.556245026111796714e-01,2.289694399295449656e-01,2.485108279141670651e-02,1.580027860074707802e-02
7.699999999999999289e+00,-1.953765427378573838e+00,-1.888934125589629032e+00,-3.551796931634352839e-01,2.284680749701886726e-01,2.516884975281220849e-02,1.597676014073939540e-02
7.719999999999999751e+00,-1.949485614547595613e+00,-1.890520457134969190e+00,-3.547301859864463447e-01,2.279663778986433242e-01,2.549016698810889145e-02,1.615531035138313004e-02
7.739999999999999325e+00,-1.945214498432654926e+00,-1.892101370428087348e+00,-3.542759433177468664e-01,2.274643538117185615e-01,2.581507613348067026e-02,1.633595556538841587e-02
7.759999999999999787e+00,-1.940952081650757277e+00,-1.893676851137751749e+00,-3.538169270833165792e-01,2.269620078172442934e-01,2.614361935516611862e-02,1.651872245717233081e-02
7.779999999999999361e+00,-1.936698366737770627e+00,-1.895246884940522181e+00,-3.533530988945986495e-01,2.264593450342899938e-01,2.647583935634270288e-02,1.670363804688542592e-02
7.799999999999999822e+00,-1.932453356148595702e+00,-1.896811457520826583e+00,-3.528844200454908653e-01,2.259563705933856081e-01,2.681177938408199277e-02,1.689072970446085092e-02
7.819999999999999396e+00,-1.928217052257332087e+00,-1.898370554571032320e+00,-3.524108515093083982e-01,2.254530896367461235e-01,2.715148323638592529e-02,1.708002515368476845e-02
7.839999999999999858e+00,-1.923989457357447197e+00,-1.899924161791514576e+00,-3.519323539357185338e-01,2.249495073184984983e-01,2.749499526930476723e-02,1.727155247628706092e-02
7.859999999999999432e+00,-1.919770573661947699e+00,-1.901472264890733621e+00,-3.514488876476489221e-01,2.244456288049107850e-01,2.784236040413710228e-02,1.746534011605119924e-02
7.879999999999999893e+00,-1.915560403303541381e+00,-1.903014849585303425e+00,-3.509604126381668521e-01,2.239414592746249988e-01,2.819362413471205794e-02,1.766141688294150039e-02
7.899999999999999467e+00,-1.911358948334813013e+00,-1.904551901600064268e+00,-3.504668885673296597e-01,2.234370039188922352e-01,2.854883253475430996e-02,1.785981195724693771e-02
7.919999999999999929e+00,-1.907166210728386657e+00,-1.906083406668155344e+00,-3.499682747590088239e-01,2.229322679418103137e-01,2.890803226533235001e-02,1.806055489373967551e-02
7.939999999999999503e+00,-1.902982192377097537e+00,-1.907609350531086934e+00,-3.494645301976830321e-01,2.224272565605653895e-01,2.927127058238958301e-02,1.826367562584674253e-02
7.959999999999999964e+00,-1.898806895094158786e+00,-1.909129718938811227e+00,-3.489556135252049329e-01,2.219219750056750096e-01,2.963859534435944049e-02,1.846920446983348410e-02
7.979999999999999538e+00,-1.894640320613331319e+00,-1.910644497649795603e+00,-3.484414830375378580e-01,2.214164285212355532e-01,3.001005501986381968e-02,1.867717212899666634e-02
8.000000000000000000e+00,-1.890482470589090358e+00,-1.912153672431094575e+00,-3.479220966814633997e-01,2.209106223651715606e-01,3.038569869549611821e-02,1.888760969786574054e-02
8.019999999999999574e+00,-1.886333346596795080e+00,-1.913657229058419951e+00,-3.473974120512611230e-01,2.204045618094889469e-01,3.076557608368746949e-02,1.910054866640989446e-02
8.039999999999999147e+00,-1.882192950132856923e+00,-1.915155153316216774e+00,-3.468673863853585226e-01,2.198982521405304369e-01,3.114973753065804554e-02,1.931602092424944059e-02
8.060000000000000497e+00,-1.878061282614905236e+00,-1.916647430997730828e+00,-3.463319765629507274e-01,2.193916986592349128e-01,3.153823402445200125e-02,1.953405876486868573e-02
8.080000000000000071e+00,-1.873938345381961135e+00,-1.918134047905083239e+00,-3.457911391005927815e-01,2.188849066813994826e-01,3.193111720305682327e-02,1.975469488982846758e-02
8.099999999999999645e+00,-1.869824139694601373e+00,-1.919614989849343090e+00,-3.452448301487610616e-01,2.183778815379447125e-01,3.232843936260716006e-02,1.997796241297594699e-02
8.119999999999999218e+00,-1.865718666735127540e+00,-1.921090242650596913e+00,-3.446930054883851624e-01,2.178706285751830785e-01,3.273025346567249444e-02,2.020389486464889417e-02
8.140000000000000568e+00,-1.861621927607735927e+00,-1.922559792138023527e+00,-3.441356205273503610e-01,2.173631531550910823e-01,3.313661314962904753e-02,2.043252619587195701e-02
8.160000000000000142e+00,-1.857533923338684723e+00,-1.924023624149962863e+00,-3.435726302969712709e-01,2.168554606555841979e-01,3.354757273511503601e-02,2.066389078254207701e-02
8.179999999999999716e+00,-1.853454654876461438e+00,-1.925481724533991912e+00,-3.430039894484334662e-01,2.163475564707952603e-01,3.396318723457034811e-02,2.089802342960042289e-02
8.199999999999999289e+00,-1.849384123091953880e+00,-1.926934079146993328e+00,-3.424296522492065176e-01,2.158394460113565172e-01,3.438351236085874368e-02,2.113495937518719212e-02
8.219999999999998863e+00,-1.845322328778615351e+00,-1.928380673855230265e+00,-3.418495725794278850e-01,2.153311347046849011e-01,3.480860453597310611e-02,2.137473429477661571e-02
8.240000000000000213e+00,-1.841269272652636291e+00,-1.929821494534414761e+00,-3.412637039282546136e-01,2.148226279952706874e-01,3.523852089982363461e-02,2.161738430528859986e-02
8.259999999999999787e+00,-1.837224955353110811e+00,-1.931256527069783679e+00,-3.406719993901870525e-01,2.143139313449698991e-01,3.567331931910722870e-02,2.186294596917329192e-02
8.279999999999999361e+00,-1.833189377442203893e+00,-1.932685757356168654e+00,-3.400744116613603762e-01,2.138050502333000980e-01,3.611305839625911229e-02,2.211145629846529223e-02
8.299999999999998934e+00,-1.829162539405322363e+00,-1.934109171298067809e+00,-3.394708930358080190e-01,2.132959901577399786e-01,3.655779747848444255e-02,2.236295275880313682e-02
8.320000000000000284e+00,-1.825144441651281202e+00,-1.935526754809719918e+00,-3.388613954016930774e-01,2.127867566340323202e-01,3.700759666687047922e-02,2.261747327341047387e-02
8.339999999999999858e+00,-1.821135084512474078e+00,-1.936938493815173468e+00,-3.382458702375109594e-01,2.122773551964911021e-01,3.746251682557753121e-02,2.287505622703420172e-02
8.359999999999999432e+00,-1.817134468245038992e+00,-1.938344374248360369e+00,-3.376242686082605027e-01,2.117677913983116167e-01,3.792261959110872910e-02,2.313574046983583529e-02
8.379999999999999005e+00,-1.813142593029027694e+00,-1.939744382053169014e+00,-3.369965411615861162e-01,2.112580708118853290e-01,3.838796738165647926e-02,2.339956532123047689e-02
8.400000000000000355e+00,-1.809159458968575995e+00,-1.941138503183513775e+00,-3.363626381238882246e-01,2.107481990291178442e-01,3.885862340652564834e-02,2.366657057366967562e-02
8.419999999999999929e+00,-1.805185066092069190e+00,-1.942526723603408279e+00,-3.357225092964058466e-01,2.102381816617509280e-01,3.933465167563154202e-02,2.393679649636205539e-02
8.439999999999999503e+00,-1.801219414352311921e+00,-1.943909029287038903e+00,-3.350761040512664213e-01,2.097280243416886347e-01,3.981611700907172063e-02,2.421028383892726010e-02
8.459999999999999076e+00,-1.797262503626696484e+00,-1.945285406218834057e+00,-3.344233713275073239e-01,2.092177327213273208e-01,4.030308504677018039e-02,2.448707383497715495e-02
8.480000000000000426e+00,-1.793314333717370479e+00,-1.946655840393539005e+00,-3.337642596270667394e-01,2.087073124738895447e-01,4.079562225819235999e-02,2.476720820561889927e-02
8.500000000000000000e+00,-1.789374904351406892e+00,-1.948020317816283820e+00,-3.330987170107449491e-01,2.081967692937624903e-01,4.129379595212919613e-02,2.505072916287332668e-02
8.519999999999999574e+00,-1.785444215180970184e+00,-1.949378824502660867e+00,-3.324266910941355846e-01,2.076861088968398050e-01,4.179767428654917322e-02,2.533767941300325496e-02
8.539999999999999147e+00,-1.781522265783486603e+00,-1.950731346478792538e+00,-3.317481290435271291e-01,2.071753370208681000e-01,4.230732627851547384e-02,2.562810215974432523e-02
8.560000000000000497e+00,-1.777609055661810489e+00,-1.952077869781404962e+00,-3.310629775717744416e-01,2.066644594257980583e-01,4.282282181416669636e-02,2.592204110743174736e-02
8.580000000000000071e+00,-1.773704584244395477e+00,-1.953418380457899950e+00,-3.303711829341428596e-01,2.061534818941386515e-01,4.334423165875949530e-02,2.621954046401650182e-02
8.599999999999999645e+00,-1.769808850885459250e+00,-1.954752864566425608e+00,-3.296726909241194936e-01,2.056424102313169910e-01,4.387162746676991770e-02,2.652064494396251873e-02
8.619999999999999218e+00,-1.765921854865155627e+00,-1.956081308175952937e+00,-3.289674468691991538e-01,2.051312502660414816e-01,4.440508179205165246e-02,2.682539977101812065e-02
8.640000000000000568e+00,-1.762043595389739759e+00,-1.957403697366341122e+00,-3.282553956266385797e-01,2.046200078506703879e-01,4.494466809804821550e-02,2.713385068085286123e-02
8.660000000000000142e+00,-1.758174071591739551e+00,-1.958720018228413240e+00,-3.275364815791836914e-01,2.041086888615841199e-01,4.549046076805665639e-02,2.744604392355207492e-02
8.679999999999999716e+00,-1.754313282530121088e+00,-1.960030256864031317e+00,-3.268106486307678082e-01,2.035972991995620984e-01,4.604253511553970529e-02,2.776202626596014841e-02
8.699999999999999289e+00,-1.750461227190458269e+00,-1.961334399386160721e+00,-3.260778402021811684e-01,2.030858447901650876e-01,4.660096739448258557e-02,2.808184499386302824e-02
8.720000000000000639e+00,-1.746617904485101125e+00,-1.962632431918949871e+00,-3.253379992267134146e-01,2.025743315841208314e-01,4.716583480979297249e-02,2.840554791400162760e-02
8.740000000000000213e+00,-1.742783313253345234e+00,-1.963924340597797968e+00,-3.245910681457682689e-01,2.020627655577158510e-01,4.773721552773789456e-02,2.873318335590484274e-02
8.759999999999999787e+00,-1.738957452261599146e+00,-1.965210111569426488e+00,-3.238369889044503958e-01,2.015511527131904901e-01,4.831518868641711956e-02,2.906480017353364406e-02
8.779999999999999361e+00,-1.735140320203550246e+00,-1.966489730991954898e+00,-3.230757029471255093e-01,2.010394990791402048e-01,4.889983440626582967e-02,2.940044774672387340e-02
8.799999999999998934e+00,-1.731331915700338397e+00,-1.967763185034969275e+00,-3.223071512129541127e-01,2.005278107109205454e-01,4.949123380058536442e-02,2.974017598241852217e-02
8.820000000000000284e+00,-1.727532237300719808e+00,-1.969030459879595574e+00,-3.215312741313997580e-01,2.000160936910578002e-01,5.008946898609543258e-02,3.008403531567633085e-02
8.839999999999999858e+00,-1.723741283481237785e+00,-1.970291541718572237e+00,-3.207480116177091611e-01,1.995043541296645517e-01,5.069462309350484391e-02,3.043207671044614177e-02
8.859999999999999432e+00,-1.719959052646391040e+00,-1.971546416756321252e+00,-3.199573030683697805e-01,1.989925981648598685e-01,5.130678027809477265e-02,3.078435166009397400e-02
8.879999999999999005e+00,-1.716185543128798674e+00,-1.972795071209019646e+00,-3.191590873565410824e-01,1.984808319631947982e-01,5.192602573031041002e-02,3.114091218767003205e-02
8.900000000000000355e+00,-1.712420753189373590e+00,-1.974037491304674763e+00,-3.183533028274609933e-01,1.979690617200833003e-01,5.255244568635498298e-02,3.150181084590251979e-02
8.919999999999999929e+00,-1.708664681017488363e+00,-1.975273663283191761e+00,-3.175398872938298145e-01,1.974572936602380369e-01,5.318612743878082388e-02,3.186710071690420504e-02
8.939999999999999503e+00,-1.704917324731142880e+00,-1.976503573396447777e+00,-3.167187780311703227e-01,1.969455340381114639e-01,5.382715934707163474e-02,3.223683541157764537e-02
8.959999999999999076e+00,-1.701178682377134210e+00,-1.977727207908365648e+00,-3.158899117731644446e-01,1.964337891383423629e-01,5.447563084820986057e-02,3.261106906870388233e-02
8.980000000000000426e+00,-1.697448751931223354e+00,-1.978944553094983849e+00,-3.150532247069689484e-01,1.959220652762077020e-01,5.513163246722227462e-02,3.298985635369947739e-02
9.000000000000000000e+00,-1.693727531298305333e+00,-1.980155595244527555e+00,-3.142086524685097637e-01,1.954103687980800752e-01,5.579525582769715580e-02,3.337325245702517373e-02
9.019999999999999574e+00,-1.690015018312577277e+00,-1.981360320657483243e+00,-3.133561301377541519e-01,1.948987060818904993e-01,5.646659366226670224e-02,3.376131309223081439e-02
9.039999999999999147e+00,-1.686311210737704736e+00,-1.982558715646669079e+00,-3.124955922339653358e-01,1.943870835375965667e-01,5.714573982304570893e-02,3.415409449361798966e-02
9.060000000000000497e+00,-1.682616106266992650e+00,-1.983750766537308419e+00,-3.116269727109350907e-01,1.938755076076566497e-01,5.783278929202032709e-02,3.455165341350337205e-02
9.080000000000000071e+00,-1.678929702523553447e+00,-1.984936459667099307e+00,-3.107502049522005705e-01,1.933639847675099332e-01,5.852783819137680199e-02,3.495404711906360817e-02
9.099999999999999645e+00,-1.675251997060472009e+00,-1.986115781386289081e+00,-3.098652217662422048e-01,1.928525215260611381e-01,5.923098379376423583e-02,3.536133338874374726e-02
9.119999999999999218e+00,-1.671582987360979100e+00,-1.987288718057744763e+00,-3.089719553816649422e-01,1.923411244261722108e-01,5.994232453248003051e-02,3.577357050820790391e-02
9.140000000000000568e+00,-1.667922670838616117e+00,-1.988455256057025888e+00,-3.080703374423642282e-01,1.918298000451595653e-01,6.066196001156959339e-02,3.619081726581255265e-02
9.160000000000000142e+00,-1.664271044837404956e+00,-1.989615381772456448e+00,-3.071602990026778279e-01,1.913185549952967079e-01,6.138999101583097334e-02,3.661313294758104103e-02
9.179999999999999716e+00,-1.660628106632016543e+00,-1.990769081605195945e+00,-3.062417705225220499e-01,1.908073959243236362e-01,6.212651952071347738e-02,3.704057733165708188e-02
9.199999999999999289e+00,-1.656993853427936703e+00,-1.991916341969314441e+00,-3.053146818625176451e-01,1.902963295159614820e-01,6.287164870210057432e-02,3.747321068221499962e-02
9.220000000000000639e+00,-1.653368282361637798e+00,-1.993057149291859398e+00,-3.043789622791026606e-01,1.897853624904340952e-01,6.362548294596413745e-02,3.791109374280203503e-02
9.240000000000000213e+00,-1.649751390500746817e+00,-1.994191490012933166e+00,-3.034345404196358009e-01,1.892745016049952878e-01,6.438812785788079751e-02,3.835428772908969219e-02
9.259999999999999787e+00,-1.646143174844210799e+00,-1.995319350585760931e+00,-3.024813443174899086e-01,1.887637536544620187e-01,6.515969027239722211e-02,3.880285432100857856e-02
9.279999999999999361e+00,-1.642543632322468694e+00,-1.996440717476764881e+00,-3.015193013871387273e-01,1.882531254717547398e-01,6.594027826223065880e-02,3.925685565423957246e-02
9.299999999999998934e+00,-1.638952759797616121e+00,-1.997555577165636809e+00,-3.005483384192359497e-01,1.877426239284434029e-01,6.673000114729348009e-02,3.971635431103627545e-02
9.320000000000000284e+00,-1.635370554063577675e+00,-1.998663916145407171e+00,-2.995683815756901014e-01,1.872322559352998517e-01,6.752896950352749172e-02,4.018141331034973118e-02
9.339999999999999858e+00,-1.631797011846271905e+00,-1.999765720922519252e+00,-2.985793563847362053e-01,1.867220284428572352e-01,6.833729517153239175e-02,4.065209609722676698e-02
9.359999999999999432e+00,-1.628232129803782957e+00,-2.000860978016903324e+00,-2.975811877360035052e-01,1.862119484419753335e-01,6.915509126497598746e-02,4.112846653145307146e-02
9.379999999999999005e+00,-1.624675904526524217e+00,-2.001949673962042819e+00,-2.965737998755845206e-01,1.857020229644127662e-01,6.998247217876878146e-02,4.161058887540988738e-02
9.400000000000000355e+00,-1.621128332537412176e+00,-2.003031795305052043e+00,-2.955571164011040475e-01,1.851922590834061133e-01,7.081955359698730024e-02,4.209852778111237287e-02
9.419999999999999929e+00,-1.617589410292030960e+00,-2.004107328606745231e+00,-2.945310602567923763e-01,1.846826639142551685e-01,7.166645250053024774e-02,4.259234827639831605e-02
9.439999999999999503e+00,-1.614059134178801758e+00,-2.005176260441709157e+00,-2.934955537285612870e-01,1.841732446149150770e-01,7.252328717449001150e-02,4.309211575023275814e-02
9.459999999999999076e+00,-1.610537500519152454e+00,-2.006238577398375522e+00,-2.924505184390875367e-01,1.836640083865958561e-01,7.339017721521989834e-02,4.359789593709351152e-02
9.480000000000000426e+00,-1.607024505567683281e+00,-2.007294266079093781e+00,-2.913958753429050641e-01,1.831549624743681048e-01,7.426724353708086257e-02,4.410975490040332236e-02
9.500000000000000000e+00,-1.603520145512337347e+00,-2.008343313100199978e+00,-2.903315447215072398e-01,1.826461141677759858e-01,7.515460837884600787e-02,4.462775901497055553e-02
9.519999999999999574e+00,-1.600024416474568723e+00,-2.009385705092093133e+00,-2.892574461784608308e-01,1.821374708014572019e-01,7.605239530974465534e-02,4.515197494840156311e-02
9.539999999999999147e+00,-1.596537314509510530e+00,-2.010421428699303625e+00,-2.881734986345354521e-01,1.816290397557698832e-01,7.696072923512339847e-02,4.568246964144509481e-02
9.560000000000000497e+00,-1.593058835606142143e+00,-2.011450470580567362e+00,-2.870796203228501708e-01,1.811208284574266913e-01,7.787973640170288425e-02,4.621931028722903179e-02
9.580000000000000071e+00,-1.589588975687460826e+00,-2.012472817408896386e+00,-2.859757287840387074e-01,1.806128443801360284e-01,7.880954440240864334e-02,4.676256430934823405e-02
9.599999999999999645e+00,-1.586127730610645603e+00,-2.013488455871653038e+00,-2.848617408614361191e-01,1.801050950452502963e-01,7.975028218075140563e-02,4.731229933876111154e-02
9.619999999999999218e+00,-1.582675096167228679e+00,-2.014497372670619235e+00,-2.837375726962900746e-01,1.795975880224220111e-01,8.070208003473255953e-02,4.786858318945055868e-02
9.640000000000000568e+00,-1.579231068083263301e+00,-2.015499554522070191e+00,-2.826031397229987752e-01,1.790903309302661339e-01,8.166506962025148197e-02,4.843148383280621028e-02
9.660000000000000142e+00,-1.575795642019492959e+00,-2.016494988156846357e+00,-2.814583566643784063e-01,1.785833314370311453e-01,8.263938395398554015e-02,4.900106937067962021e-02
9.679999999999999716e+00,-1.572368813571517032e+00,-2.017483660320425809e+00,-2.803031375269623426e-01,1.780765972612762260e-01,8.362515741571931172e-02,4.957740800706739170e-02
9.699999999999999289e+00,-1.568950578269959983e+00,-2.018465557772993524e+00,-2.791373955963361020e-01,1.775701361725567640e-01,8.462252575009186761e-02,5.016056801837220913e-02
9.720000000000000639e+00,-1.565540931580643447e+00,-2.019440667289519098e+00,-2.779610434325101576e-01,1.770639559921169115e-01,8.563162606773573604e-02,5.075061772219268547e-02
9.740000000000000213e+00,-1.562139868904749207e+00,-2.020408975659820694e+00,-2.767739928653338288e-01,1.765580645935901638e-01,8.665259684577583665e-02,5.134762544459074707e-02
9.759999999999999787e+00,-1.558747385578991285e+00,-2.021370469688645422e+00,-2.755761549899543028e-01,1.760524699037067653e-01,8.768557792765831194e-02,5.195165948578470139e-02
9.779999999999999361e+00,-1.555363476875783135e+00,-2.022325136195735507e+00,-2.743674401623226178e-01,1.755471799030094149e-01,8.873071052227737843e-02,5.256278808421379484e-02
9.799999999999998934e+00,-1.551988138003403739e+00,-2.023272962015903786e+00,-2.731477579947513279e-01,1.750422026265764930e-01,8.978813720236612783e-02,5.318107937891997095e-02
9.820000000000000284e+00,-1.548621364106170795e+00,-2.024213933999102544e+00,-2.719170173515273459e-01,1.745375461647527826e-01,9.085800190211792970e-02,5.380660137019013800e-02
9.839999999999999858e+00,-1.545263150264605478e+00,-2.025148039010499001e+00,-2.706751263445831834e-01,1.740332186638882117e-01,9.194044991400286693e-02,5.443942187840235952e-02
9.859999999999999432e+00,-1.541913491495601418e+00,-2.026075263930543269e+00,-2.694219923292297536e-01,1.735292283270841174e-01,9.303562788474278866e-02,5.507960850101645961e-02
9.879999999999999005e+00,-1.538572382752593892e+00,-2.026995595655046500e+00,-2.681575218999568411e-01,1.730255834149474203e-01,9.414368381040685851e-02,5.572722856764982663e-02
9.900000000000000355e+00,-1.535239818925726141e+00,-2.027909021095245290e+00,-2.668816208863030726e-01,1.725222922463527653e-01,9.526476703058887885e-02,5.638234909317654114e-02
9.919999999999999929e+00,-1.531915794842022116e+00,-2.028815527177878941e+00,-2.655941943488012158e-01,1.720193631992123773e-01,9.639902822162667306e-02,5.704503672878800252e-02
9.939999999999999503e+00,-1.528600305265549242e+00,-2.029715100845261855e+00,-2.642951465750017492e-01,1.715168047112538008e-01,9.754661938882132344e-02,5.771535771095110540e-02
9.959999999999999076e+00,-1.525293344897591163e+00,-2.030607729055351474e+00,-2.629843810755801425e-01,1.710146252808056599e-01,9.870769385761481163e-02,5.839337780819945506e-02
9.980000000000000426e+00,-1.521994908376813171e+00,-2.031493398781823334e+00,-2.616618005805336211e-01,1.705128334675912183e-01,9.988240626368004305e-02,5.907916226569104312e-02
1.000000000000000000e+01,-1.518704990279434064e+00,-2.032372097014143897e+00,-2.603273070354695240e-01,1.700114378935300707e-01,1.010709125418800675e-01,5.977277574746570760e-02
1.001999999999999957e+01,-1.515423585119389571e+00,-2.033243810757637604e+00,-2.589808015979918054e-01,1.695104472435475240e-01,1.022733699140489227e-01,6.047428227633447340e-02
1.003999999999999915e+01,-1.512150687348505107e+00,-2.034108527033566372e+00,-2.576221846341914534e-01,1.690098702663921926e-01,1.034899368755450855e-01,6.118374517133055857e-02
1.006000000000000050e+01,-1.508886291356662079e+00,-2.034966232879194870e+00,-2.562513557152451549e-01,1.685097157754613661e-01,1.047207731805302050e-01,6.190122698265253243e-02
1.008000000000000007e+01,-1.505630391471967311e+00,-2.035816915347866907e+00,-2.548682136141275922e-01,1.680099926496348151e-01,1.059660398259197472e-01,6.262678942402781501e-02
1.009999999999999964e+01,-1.502382981960919128e+00,-2.036660561509074707e+00,-2.534726563024438106e-01,1.675107098341156731e-01,1.072258990339557128e-01,6.336049330242536637e-02
1.011999999999999922e+01,-1.499144057028578336e+00,-2.037497158448533519e+00,-2.520645809473862631e-01,1.670118763412802299e-01,1.085005142333459877e-01,6.410239844504345141e-02
1.014000000000000057e+01,-1.495913610818735640e+00,-2.038326693268249556e+00,-2.506438839088244719e-01,1.665135012515350232e-01,1.097900500389150658e-01,6.485256362349937909e-02
1.016000000000000014e+01,-1.492691637414080397e+00,-2.039149153086598165e+00,-2.492104607365314139e-01,1.660155937141825355e-01,1.110946722297106726e-01,6.561104647514633126e-02
1.017999999999999972e+01,-1.489478130836367820e+00,-2.039964525038390430e+00,-2.477642061675543739e-01,1.655181629482938566e-01,1.124145477255074910e-01,6.637790342144379852e-02
1.019999999999999929e+01,-1.486273085046587061e+00,-2.040772796274946010e+00,-2.463050141237358437e-01,1.650212182435903951e-01,1.137498445616473008e-01,6.715318958330386556e-02
1.022000000000000064e+01,-1.483076493945132412e+00,-2.041573953964169075e+00,-2.448327777093931845e-01,1.645247689613323627e-01,1.151007318621561359e-01,6.793695869333994664e-02
1.024000000000000021e+01,-1.479888351371969168e+00,-2.042367985290616694e+00,-2.433473892091612967e-01,1.640288245352160279e-01,1.164673798110742037e-01,6.872926300493982510e-02
1.025999999999999979e+01,-1.476708651106801717e+00,-2.043154877455568563e+00,-2.418487400860075964e-01,1.635333944722780486e-01,1.178499596219352991e-01,6.953015319808882044e-02
1.027999999999999936e+01,-1.473537386869244958e+00,-2.043934617677106935e+00,-2.403367209794259052e-01,1.630384883538082419e-01,1.192486435053288357e-01,7.033967828186493687e-02
1.029999999999999893e+01,-1.470374552318987504e+00,-2.044707193190181016e+00,-2.388112217038168561e-01,1.625441158362693483e-01,1.206636046344792268e-01,7.115788549353210812e-02
1.032000000000000028e+01,-1.467220141055965543e+00,-2.045472591246682903e+00,-2.372721312470637001e-01,1.620502866522249286e-01,1.220950171087707425e-01,7.198482019415405886e-02
1.033999999999999986e+01,-1.464074146620526928e+00,-2.046230799115518639e+00,-2.357193377693101166e-01,1.615570106112748372e-01,1.235430559151503016e-01,7.282052576065467520e-02
1.035999999999999943e+01,-1.460936562493603708e+00,-2.046981804082678824e+00,-2.341527286019480236e-01,1.610642976009980798e-01,1.250078968873352958e-01,7.366504347425044397e-02
1.037999999999999901e+01,-1.457807382096875548e+00,-2.047725593451313664e+00,-2.325721902468273206e-01,1.605721575879028029e-01,1.264897166627535208e-01,7.451841240518156106e-02
1.040000000000000036e+01,-1.454686598792941377e+00,-2.048462154541803137e+00,-2.309776083756918119e-01,1.600806006183844443e-01,1.279886926371381906e-01,7.538066929366783742e-02
1.041999999999999993e+01,-1.451574205885487912e+00,-2.049191474691828052e+00,-2.293688678298541617e-01,1.595896368196907111e-01,1.295050029167058026e-01,7.625184842702047161e-02
1.043999999999999950e+01,-1.448470196619456196e+00,-2.049913541256443761e+00,-2.277458526201166233e-01,1.590992764008929972e-01,1.310388262678375548e-01,7.713198151283959247e-02
1.045999999999999908e+01,-1.445374564181211685e+00,-2.050628341608152994e+00,-2.261084459269481206e-01,1.586095296538665156e-01,1.325903420641819652e-01,7.802109754822818266e-02
1.048000000000000043e+01,-1.442287301698710333e+00,-2.051335863136974691e+00,-2.244565301009289471e-01,1.581204069542756496e-01,1.341597302311054452e-01,7.891922268496018300e-02
1.050000000000000000e+01,-1.439208402241670903e+00,-2.052036093250518167e+00,-2.227899866634702464e-01,1.576319187625675466e-01,1.357471711874010112e-01,7.982638009053573402e-02
1.051999999999999957e+01,-1.436137858821737945e+00,-2.052729019374057273e+00,-2.211086963078204848e-01,1.571440756249714021e-01,1.373528457841806660e-01,8.074258980506740513e-02
1.053999999999999915e+01,-1.433075664392654991e+00,-2.053414628950595677e+00,-2.194125389003702131e-01,1.566568881745046271e-01,1.389769352408605219e-01,8.166786859393730669e-02
1.056000000000000050e+01,-1.430021811850430424e+00,-2.054092909440947690e+00,-2.177013934822645269e-01,1.561703671319858155e-01,1.406196210781567035e-01,8.260222979617157235e-02
1.058000000000000007e+01,-1.426976294033506676e+00,-2.054763848323803099e+00,-2.159751382713358814e-01,1.556845233070532630e-01,1.422810850480062395e-01,8.354568316848358378e-02
1.059999999999999964e+01,-1.423939103722928090e+00,-2.055427433095802225e+00,-2.142336506643664762e-01,1.551993675991900357e-01,1.439615090603251213e-01,8.449823472493903087e-02
1.061999999999999922e+01,-1.420910233642509235e+00,-2.056083651271608748e+00,-2.124768072396961693e-01,1.547149109987547011e-01,1.456610751065148535e-01,8.545988657220170148e-02
1.064000000000000057e+01,-1.417889676459003434e+00,-2.056732490383979872e+00,-2.107044837601834697e-01,1.542311645880176385e-01,1.473799651796300902e-01,8.643063674032393229e-02
1.066000000000000014e+01,-1.414877424782272186e+00,-2.057373937983838719e+00,-2.089165551765355400e-01,1.537481395422036767e-01,1.491183611911158780e-01,8.741047900905035695e-02
1.067999999999999972e+01,-1.411873471165452365e+00,-2.058007981640348483e+00,-2.071128956310181457e-01,1.532658471305382852e-01,1.508764448840287931e-01,8.839940272961248346e-02
1.069999999999999929e+01,-1.408877808105123419e+00,-2.058634608940979938e+00,-2.052933784615592894e-01,1.527842987173007039e-01,1.526543977426453869e-01,8.939739264199195179e-02
1.072000000000000064e+01,-1.405890428041478568e+00,-2.059253807491589150e+00,-2.034578762062596025e-01,1.523035057628805422e-01,1.544524008983726160e-01,9.040442868764442252e-02
1.074000000000000021e+01,-1.402911323358491114e+00,-2.059865564916484981e+00,-2.016062606083252606e-01,1.518234798248396522e-01,1.562706350318661397e-01,9.142048581767872606e-02
1.075999999999999979e+01,-1.399940486384084082e+00,-2.060469868858502807e+00,-1.997384026214326092e-01,1.513442325589774984e-01,1.581092802712686929e-01,9.244553379649655955e-02
1.077999999999999936e+01,-1.396977909390297201e+00,-2.061066706979076901e+00,-1.978541724155450376e-01,1.508657757204016070e-01,1.599685160864726396e-01,9.347953700090305684e-02
1.079999999999999893e+01,-1.394023584593454990e+00,-2.061656066958312383e+00,-1.959534393831929289e-01,1.503881211646004301e-01,1.618485211793234679e-01,9.452245421471465459e-02
1.082000000000000028e+01,-1.391077504154337730e+00,-2.062237936495055379e+00,-1.940360721462318361e-01,1.499112808485207893e-01,1.637494733696674420e-01,9.557423841889174654e-02
1.083999999999999986e+01,-1.388139660178348223e+00,-2.062812303306968964e+00,-1.921019385630982346e-01,1.494352668316472899e-01,1.656715494771594521e-01,9.663483657724250553e-02
1.085999999999999943e+01,-1.385210044715678546e+00,-2.063379155130601106e+00,-1.901509057365716737e-01,1.489600912770853436e-01,1.676149251987401056e-01,9.770418941774902666e-02
1.087999999999999901e+01,-1.382288649761482358e+00,-2.063938479721458386e+00,-1.881828400220672270e-01,1.484857664526456900e-01,1.695797749816971289e-01,9.878223120958352921e-02
1.090000000000000036e+01,-1.379375467256037213e+00,-2.064490264854078383e+00,-1.861976070364695646e-01,1.480123047319313878e-01,1.715662718922236207e-01,9.986888953589193041e-02
1.091999999999999993e+01,-1.376470489084920201e+00,-2.065034498322102063e+00,-1.841950716675274657e-01,1.475397185954263612e-01,1.735745874793905019e-01,1.009640850624363845e-01
1.093999999999999950e+01,-1.373573707079171147e+00,-2.065571167938343500e+00,-1.821750980838250100e-01,1.470680206315847782e-01,1.756048916344518096e-01,1.020677313022037430e-01
1.095999999999999908e+01,-1.370685113015462475e+00,-2.066100261534865368e+00,-1.801375497453489016e-01,1.465972235379213451e-01,1.776573524454027331e-01,1.031797343761004931e-01
1.098000000000000043e+01,-1.367804698616267300e+00,-2.066621766963047779e+00,-1.780822894146684432e-01,1.461273401221016288e-01,1.797321360467133422e-01,1.042999927698702173e-01
1.100000000000000000e+01,-1.364932455550030177e+00,-2.067135672093661114e+00,-1.760091791687462548e-01,1.456583833030327402e-01,1.818294064641629570e-01,1.054283970873854809e-01
1.101999999999999957e+01,-1.362068375431329859e+00,-2.067641964816940625e+00,-1.739180804113993617e-01,1.451903661119521571e-01,1.839493254547092116e-01,1.065648298004892719e-01
1.103999999999999915e+01,-1.359212449821054269e+00,-2.068140633042654830e+00,-1.718088538864295245e-01,1.447233016935166594e-01,1.860920523413158723e-01,1.077091649955669028e-01
1.106000000000000050e+01,-1.356364670226563929e+00,-2.068631664700179229e+00,-1.696813596914419631e-01,1.442572033068882098e-01,1.882577438426860372e-01,1.088612681170633006e-01
1.108000000000000007e+01,-1.353525028101863148e+00,-2.069115047738568247e+00,-1.675354572923727081e-01,1.437920843268188364e-01,1.904465538978322159e-01,1.100209957081667023e-01
1.109999999999999964e+01,-1.350693514847767895e+00,-2.069590770126628509e+00,-1.653710055387439259e-01,1.433279582447312128e-01,1.926586334854384353e-01,1.111881951489113868e-01
1.111999999999999922e+01,-1.347870121812071664e+00,-2.070058819852987675e+00,-1.631878626796688936e-01,1.428648386697965456e-01,1.948941304379578632e-01,1.123627043919658980e-01
1.114000000000000057e+01,-1.345054840289717335e+00,-2.070519184926169043e+00,-1.609858863806261364e-01,1.424027393300081601e-01,1.971531892504065908e-01,1.135443516963988014e-01
1.116000000000000014e+01,-1.342247661522963931e+00,-2.070971853374663496e+00,-1.587649337410262929e-01,1.419416740732503679e-01,1.994359508838136896e-01,1.147329553597365853e-01
1.117999999999999972e+01,-1.339448576701555149e+00,-2.071416813246999666e+00,-1.565248613125897470e-01,1.414816568683614773e-01,2.017425525633001759e-01,1.159283234486534614e-01
1.119999999999999929e+01,-1.336657576962887450e+00,-2.071854052611819430e+00,-1.542655251185601484e-01,1.410227018061906978e-01,2.040731275707606540e-01,1.171302535286553176e-01
1.122000000000000064e+01,-1.333874653392178145e+00,-2.072283559557945853e+00,-1.519867806737751348e-01,1.405648231006484949e-01,2.064278050321305402e-01,1.183385323931454014e-01
1.124000000000000021e+01,-1.331099797022635034e+00,-2.072705322194456468e+00,-1.496884830056164906e-01,1.401080350897489224e-01,2.088067096992319849e-01,1.195529357922891917e-01
1.125999999999999979e+01,-1.328332998835623391e+00,-2.073119328650759208e+00,-1.473704866758613063e-01,1.396523522366434067e-01,2.112099617262009066e-01,1.207732281621180376e-01
1.127999999999999936e+01,-1.325574249760835599e+00,-2.073525567076656806e+00,-1.450326458034615629e-01,1.391977891306453163e-01,2.136376764404999407e-01,1.219991623543427023e-01
1.129999999999999893e+01,-1.322823540676458354e+00,-2.073924025642426727e+00,-1.426748140882713733e-01,1.387443604882444004e-01,2.160899641085399780e-01,1.232304793673725807e-01
1.132000000000000028e+01,-1.320080862409341194e+00,-2.074314692538888227e+00,-1.402968448357470310e-01,1.382920811541102080e-01,2.185669296959384944e-01,1.244669080790681420e-01
1.133999999999999986e+01,-1.317346205735165254e+00,-2.074697555977476071e+00,-1.378985909826467293e-01,1.378409661020837673e-01,2.210686726224536380e-01,1.257081649817811120e-01
1.135999999999999943e+01,-1.314619561378612467e+00,-2.075072604190311143e+00,-1.354799051237486063e-01,1.373910304361555812e-01,2.235952865116496990e-01,1.269539539202694245e-01
1.137999999999999901e+01,-1.311900920013532534e+00,-2.075439825430275942e+00,-1.330406395396181718e-01,1.369422893914310491e-01,2.261468589353511638e-01,1.282039658330987875e-01
1.140000000000000036e+01,-1.309190272263110133e+00,-2.075799207971081639e+00,-1.305806462254451294e-01,1.364947583350795135e-01,2.287234711529688158e-01,1.294578784981809116e-01
1.141999999999999993e+01,-1.306487608700037439e+00,-2.076150740107344461e+00,-1.280997769209784587e-01,1.360484527672689847e-01,2.313251978457789848e-01,1.307153562831178673e-01
1.143999999999999950e+01,-1.303792919846678888e+00,-2.076494410154655412e+00,-1.255978831415814623e-01,1.356033883220828240e-01,2.339521068462673548e-01,1.319760499010666221e-01
1.145999999999999908e+01,-1.301106196175239482e+00,-2.076830206449653993e+00,-1.230748162104345622e-01,1.351595807684181638e-01,2.366042588626524057e-01,1.332395961728551903e-01
1.148000000000000043e+01,-1.298427428107936210e+00,-2.077158117350097033e+00,-1.205304272919120873e-01,1.347170460108666756e-01,2.392817071987130284e-01,1.345056177961174437e-01
1.150000000000000000e+01,-1.295756606017163026e+00,-2.077478131234935077e+00,-1.179645674261584343e-01,1.342758000905725779e-01,2.419844974690854578e-01,1.357737231222497509e-01
1.151999999999999957e+01,-1.293093720225661380e+00,-2.077790236504378996e+00,-1.153770875648854610e-01,1.338358591860715208e-01,2.447126673101755467e-01,1.370435059420075652e-01
1.153999999999999915e+01,-1.290438761006686974e+00,-2.078094421579980366e+00,-1.127678386084253054e-01,1.333972396141044903e-01,2.474662460868828073e-01,1.383145452806062436e-01
1.156000000000000050e+01,-1.287791718584180067e+00,-2.078390674904692315e+00,-1.101366714440578792e-01,1.329599578304089258e-01,2.502452545953252061e-01,1.395864052032042280e-01
1.158000000000000007e+01,-1.285152583132932014e+00,-2.078678984942950780e+00,-1.074834369856417782e-01,1.325240304304837469e-01,2.530497047617868422e-01,1.408586346316831883e-01
1.159999999999999964e+01,-1.282521344778755346e+00,-2.078959340180744686e+00,-1.048079862145750718e-01,1.320894741503275960e-01,2.558795993381214329e-01,1.421307671736626310e-01
1.161999999999999922e+01,-1.279897993598649864e+00,-2.079231729125682548e+00,-1.021101702221112323e-01,1.316563058671494091e-01,2.587349315938645700e-01,1.434023209647090902e-01
1.164000000000000057e+01,-1.277282519620972057e+00,-2.079496140307071972e+00,-9.938984025305667991e-02,1.312245426000479276e-01,2.616156850053355520e-01,1.446727985247316106e-01
1.166000000000000014e+01,-1.274674912825605411e+00,-2.079752562275987149e+00,-9.664684775087797886e-02,1.307942015106617895e-01,2.645218329420101488e-01,1.459416866295654980e-01
1.167999999999999972e+01,-1.272075163144126053e+00,-2.080000983605339915e+00,-9.388104440423793162e-02,1.303652999037854254e-01,2.674533383504920092e-01,1.472084561987768159e-01
1.169999999999999929e+01,-1.269483260459972396e+00,-2.080241392889957908e+00,-9.109228219499651558e-02,1.299378552279512600e-01,2.704101534364081738e-01,1.484725622007320445e-01
1.172000000000000064e+01,-1.266899194608613000e+00,-2.080473778746649405e+00,-8.828041344769217702e-02,1.295118850759765794e-01,2.733922193445854076e-01,1.497334435759919979e-01
1.174000000000000021e+01,-1.264322955377714441e+00,-2.080698129814278374e+00,-8.544529088053640087e-02,1.290874071854719307e-01,2.763994658378902680e-01,1.509905231801078884e-01
1.175999999999999979e+01,-1.261754532507312065e+00,-2.080914434753838638e+00,-8.258676765793974972e-02,1.286644394393106072e-01,2.794318109751272039e-01,1.522432077469024758e-01
1.177999999999999936e+01,-1.259193915689974963e+00,-2.081122682248522704e+00,-7.970469744459940387e-02,1.282429998660573611e-01,2.824891607884154054e-01,1.534908878733246829e-01
1.179999999999999893e+01,-1.256641094570977613e+00,-2.081322861003794600e+00,-7.679893446117054545e-02,1.278231066403546501e-01,2.855714089604862171e-01,1.547329380269736321e-01
1.182000000000000028e+01,-1.254096058748464859e+00,-2.081514959747462257e+00,-7.386933354154248677e-02,1.274047780832632815e-01,2.886784365023717935e-01,1.559687165773912809e-01
1.183999999999999986e+01,-1.251558797773623777e+00,-2.081698967229751229e+00,-7.091575019174778394e-02,1.269880326625582312e-01,2.918101114319585632e-01,1.571975658522032360e-01
1.185999999999999943e+01,-1.249029301150849758e+00,-2.081874872223371309e+00,-6.793804065052165553e-02,1.265728889929744194e-01,2.949662884539305807e-01,1.584188122192050074e-01
1.187999999999999901e+01,-1.246507558337914823e+00,-2.082042663523596460e+00,-6.493606195153711624e-02,1.261593658364036086e-01,2.981468086416145247e-01,1.596317661954496647e-01
1.190000000000000036e+01,-1.243993558746137262e+00,-2.082202329948330988e+00,-6.190967198733525467e-02,1.257474821020386491e-01,3.013514991212893346e-01,1.608357225844007365e-01
1.191999999999999993e+01,-1.241487291740549725e+00,-2.082353860338180596e+00,-5.885872957497329666e-02,1.253372568464630188e-01,3.045801727595283115e-01,1.620299606421773120e-01
1.193999999999999950e+01,-1.238988746640065974e+00,-2.082497243556531874e+00,-5.578309452340420027e-02,1.249287092736846155e-01,3.078326278541641536e-01,1.632137442738978983e-01
1.195999999999999908e+01,-1.236497912717651193e+00,-2.082632468489615363e+00,-5.268262770261421951e-02,1.245218587351108047e-01,3.111086478294915469e-01,1.643863222610942032e-01
1.198000000000000043e+01,-1.234014779200490075e+00,-2.082759524046584598e+00,-4.955719111452970560e-02,1.241167247294633486e-01,3.144080009363331429e-01,1.655469285211317310e-01
1.200000000000000000e+01,-1.231539335270154023e+00,-2.082878399159582727e+00,-4.640664796571312284e-02,1.237133269026297333e-01,3.177304399576259542e-01,1.666947823995304501e-01
1.201999999999999957e+01,-1.229071570062771013e+00,-2.082989082783819335e+00,-4.323086274185988787e-02,1.233116850474502701e-01,3.210757019201878060e-01,1.678290889960252774e-01
1.203999999999999915e+01,-1.226611472669191683e+00,-2.083091563897638832e+00,-4.002970128411555140e-02,1.229118191034375279e-01,3.244435078133494632e-01,1.689490395251590782e-01
1.206000000000000050e+01,-1.224159032135160530e+00,-2.083185831502592844e+00,-3.680303086721927602e-02,1.225137491564265713e-01,3.278335623151491518e-01,1.700538117121296877e-01
1.208000000000000007e+01,-1.221714237461482666e+00,-2.083271874623516151e+00,-3.355072027949208835e-02,1.221174954381528538e-01,3.312455535268031825e-01,1.711425702245577551e-01
1.209999999999999964e+01,-1.219277077604193016e+00,-2.083349682308593298e+00,-3.027263990467024199e-02,1.217230783257563370e-01,3.346791527161763757e-01,1.722144671407554173e-01
1.211999999999999922e+01,-1.216847541474721739e+00,-2.083419243629434536e+00,-2.696866180560279075e-02,1.213305183412083099e-01,3.381340140709864217e-01,1.732686424550069493e-01
1.214000000000000057e+01,-1.214425617940067426e+00,-2.083480547681145101e+00,-2.363865980980871598e-02,1.209398361506600628e-01,3.416097744624868038e-01,1.743042246202790024e-01
1.216000000000000014e+01,-1.212011295822962520e+00,-2.083533583582399373e+00,-2.028250959690758651e-02,1.205510525637087521e-01,3.451060532203840681e-01,1.753203311286906652e-01
1.217999999999999972e+01,-1.209604563902041185e+00,-2.083578340475512825e+00,-1.690008878791754085e-02,1.201641885325803183e-01,3.486224519197401728e-01,1.763160691299714145e-01
1.219999999999999929e+01,-1.207205410912009835e+00,-2.083614807526511736e+00,-1.349127703642757567e-02,1.197792651512254308e-01,3.521585541806268593e-01,1.772905360880321912e-01
1.222000000000000064e+01,-1.204813825543812555e+00,-2.083642973925207365e+00,-1.005595612163950013e-02,1.193963036543257417e-01,3.557139254812948792e-01,1.782428204756678625e-01
1.224000000000000021e+01,-1.202429796444803189e+00,-2.083662828885267881e+00,-6.594010043276274900e-03,1.190153254162096136e-01,3.592881129856118072e-01,1.791720025072833233e-01
1.225999999999999979e+01,-1.200053312218910539e+00,-2.083674361644289874e+00,-3.105325118347074254e-03,1.186363519496721752e-01,3.628806453855418224e-01,1.800771549094263568e-01
1.227999999999999936e+01,-1.197684361426808231e+00,-2.083677561463870287e+00,4.102099202324385112e-04,1.182594049046998136e-01,3.664910327594016470e-01,1.809573437287745057e-01
1.230000000000000071e+01,-1.195322932586082132e+00,-2.083672417629678364e+00,3.952703823186197278e-03,1.178845060670940803e-01,3.701187664466543681e-01,1.818116291770972559e-01
1.232000000000000028e+01,-1.192969014171400888e+00,-2.083658919451527147e+00,7.522262722593904029e-03,1.175116773569939710e-01,3.737633189399641176e-01,1.826390665125769974e-01
1.233999999999999986e+01,-1.190622594614680452e+00,-2.083637056263448528e+00,1.111899002780535051e-02,1.171409408272931496e-01,3.774241437952352007e-01,1.834387069567313955e-01
1.235999999999999943e+01,-1.188283662305256616e+00,-2.083606817423761193e+00,1.474298631956291739e-02,1.167723186619502723e-01,3.811006755603356666e-01,1.842095986460402512e-01
1.237999999999999901e+01,-1.185952205590050434e+00,-2.083568192315143897e+00,1.839434924236333507e-02,1.164058331741885388e-01,3.847923297231967132e-01,1.849507876172350462e-01
1.240000000000000036e+01,-1.183628212773738531e+00,-2.083521170344710516e+00,2.207317339508223231e-02,1.160415068045822506e-01,3.884985026799438468e-01,1.856613188250567370e-01
1.241999999999999993e+01,-1.181311672118918965e+00,-2.083465740944077993e+00,2.577955021988766540e-02,1.156793621190294885e-01,3.922185717236893465e-01,1.863402371911404287e-01
1.243999999999999950e+01,-1.179002571846282876e+00,-2.083401893569437835e+00,2.951356788948711340e-02,1.153194218066047327e-01,3.959518950546136451e-01,1.869865886825408108e-01
1.245999999999999908e+01,-1.176700900134779904e+00,-2.083329617701635605e+00,3.327531119273106214e-02,1.149617086772923152e-01,3.996978118118903467e-01,1.875994214182546971e-01
1.248000000000000043e+01,-1.174406645121788495e+00,-2.083248902846233097e+00,3.706486141862407047e-02,1.146062456595958318e-01,4.034556421280114380e-01,1.881777868019526290e-01
1.250000000000000000e+01,-1.172119794903283330e+00,-2.083159738533586047e+00,4.088229623878340824e-02,1.142530557980222516e-01,4.072246872060092948e-01,1.887207406789808140e-01
1.251999999999999957e+01,-1.169840337534004293e+00,-2.083062114318915636e+00,4.472768958839769271e-02,1.139021622504367282e-01,4.110042294200522139e-01,1.892273445155577272e-01
1.253999999999999915e+01,-1.167568261027623011e+00,-2.082956019782380430e+00,4.860111154573161507e-02,1.135535882852874989e-01,4.147935324398173140e-01,1.896966665979327171e-01
1.256000000000000050e+01,-1.165303553356914046e+00,-2.082841444529145658e+00,5.250262821024336002e-02,1.132073572786963522e-01,4.185918413790360448e-01,1.901277832491568565e-01
1.258000000000000007e+01,-1.163046202453923650e+00,-2.082718378189460484e+00,5.643230157936399843e-02,1.128634927114145758e-01,4.223983829685192815e-01,1.905197800609625403e-01
1.259999999999999964e+01,-1.160796196210130748e+00,-2.082586810418724177e+00,6.039018942401816470e-02,1.125220181656389346e-01,4.262123657539621524e-01,1.908717531381448340e-01
1.261999999999999922e+01,-1.158553522476626574e+00,-2.082446730897562048e+00,6.437634516294515885e-02,1.121829573216882175e-01,4.300329803187316613e-01,1.911828103527002665e-01
1.264000000000000057e+01,-1.156318169064273649e+00,-2.082298129331896508e+00,6.839081773590163782e-02,1.118463339545363450e-01,4.338593995318113516e-01,1.914520726048752342e-01
1.266000000000000014e+01,-1.154090123743880980e+00,-2.082140995453019450e+00,7.243365147582124519e-02,1.115121719302010483e-01,4.376907788210099293e-01,1.916786750881794565e-01
1.267999999999999972e+01,-1.151869374246367483e+00,-2.081975319017662418e+00,7.650488598002386231e-02,1.111804952019840725e-01,4.415262564714921845e-01,1.918617685553192231e-01
1.269999999999999929e+01,-1.149655908262930293e+00,-2.081801089808072103e+00,8.060455598055309145e-02,1.108513278065635238e-01,4.453649539496011278e-01,1.920005205819273197e-01
1.272000000000000064e+01,-1.147449713445218178e+00,-2.081618297632077397e+00,8.473269121374540913e-02,1.105246938599334927e-01,4.492059762519154953e-01,1.920941168249018227e-01
1.274000000000000021e+01,-1.145250777405495635e+00,-2.081426932323166668e+00,8.888931628912549732e-02,1.102006175531915211e-01,4.530484122793878021e-01,1.921417622720977825e-01
1.275999999999999979e+01,-1.143059087716813194e+00,-2.081226983740557923e+00,9.307445055773697073e-02,1.098791231481711095e-01,4.568913352363617175e-01,1.921426824800818167e-01
1.277999999999999936e+01,-1.140874631913171289e+00,-2.081018441769267202e+00,9.728810798001354121e-02,1.095602349729164204e-01,4.607338030542036944e-01,1.920961247966253838e-01
1.280000000000000071e+01,-1.138697397489696117e+00,-2.080801296320186733e+00,1.015302969933114530e-01,1.092439774170004679e-01,4.645748588391964140e-01,1.920013595645906623e-01
1.282000000000000028e+01,-1.136527371902803063e+00,-2.080575537330153324e+00,1.058010203792161263e-01,1.089303749266825605e-01,4.684135313442993609e-01,1.918576813038718742e-01
1.283999999999999986e+01,-1.134364542570365675e+00,-2.080341154762018530e+00,1.101002751307611771e-01,1.086194519999052893e-01,4.722488354643026853e-01,1.916644098680586605e-01
1.285999999999999943e+01,-1.132208896871885084e+00,-2.080098138604727698e+00,1.144280523196776894e-01,1.083112331811291323e-01,4.760797727538315649e-01,1.914208915725240379e-01
1.287999999999999901e+01,-1.130060422148656318e+00,-2.079846478873383031e+00,1.187843369638191121e-01,1.080057430560045217e-01,4.799053319676000462e-01,1.911265002906798460e-01
1.290000000000000036e+01,-1.127919105703938385e+00,-2.079586165609322634e+00,1.231691078949015833e-01,1.077030062458793624e-01,4.837244896222463453e-01,1.907806385152075457e-01
1.291999999999999993e+01,-1.125784934803124804e+00,-2.079317188880190681e+00,1.275823376267048725e-01,1.074030474021428205e-01,4.875362105790112532e-01,1.903827383811423357e-01
1.293999999999999950e+01,-1.123657896673906587e+00,-2.079039538780005358e+00,1.320239922238917174e-01,1.071058912004027586e-01,4.913394486464816580e-01,1.899322626477941978e-01
1.295999999999999908e+01,-1.121537978506445876e+00,-2.078753205429237472e+00,1.364940311715975574e-01,1.068115623344989967e-01,4.951331472025242708e-01,1.894287056365783206e-01
1.298000000000000043e+01,-1.119425167453538261e+00,-2.078458178974877502e+00,1.409924072459571853e-01,1.065200855103500266e-01,4.989162398345226013e-01,1.888715941219724082e-01
1.300000000000000000e+01,-1.117319450630788413e+00,-2.078154449590510655e+00,1.455190663857341693e-01,1.062314854396349678e-01,5.026876509969319118e-01,1.882604881729395552e-01
1.301999999999999957e+01,-1.115220815116774178e+00,-2.077842007476386588e+00,1.500739475652306254e-01,1.059457868333093661e-01,5.064462966851575043e-01,1.875949819423202991e-01
1.303999999999999915e+01,-1.113129247953215106e+00,-2.077520842859492678e+00,1.546569826686492732e-01,1.056630143949571360e-01,5.101910851246690415e-01,1.868747044018550796e-01
1.306000000000000050e+01,-1.111044736145141210e+00,-2.077190945993626414e+00,1.592680963660933757e-01,1.053831928139775526e-01,5.139209174742654929e-01,1.860993200206880471e-01
1.308000000000000007e+01,-1.108967266661061046e+00,-2.076852307159465560e+00,1.639072059913910528e-01,1.051063467586097616e-01,5.176346885423167565e-01,1.852685293853838788e-01
1.309999999999999964e+01,-1.106896826433130698e+00,-2.076504916664643652e+00,1.685742214219393131e-01,1.048325008687948923e-01,5.213312875148149450e-01,1.843820697597025604e-01
1.311999999999999922e+01,-1.104833402357322525e+00,-2.076148764843817052e+00,1.732690449607544314e-01,1.045616797488775340e-01,5.250095986940028769e-01,1.834397155825842618e-01
1.314000000000000057e+01,-1.102776981293593694e+00,-2.075783842058742223e+00,1.779915712209387268e-01,1.042939079601489655e-01,5.286685022463275541e-01,1.824412789030180060e-01
1.316000000000000014e+01,-1.100727550066050053e+00,-2.075410138698345452e+00,1.827416870127571424e-01,1.040292100132320929e-01,5.323068749584625170e-01,1.813866097507082498e-01
1.317999999999999972e+01,-1.098685095463122874e+00,-2.075027645178791236e+00,1.875192712335422007e-01,1.037676103603130950e-01,5.359235910000812453e-01,1.802755964416676016e-01
1.319999999999999929e+01,-1.096649604237729392e+00,-2.074636351943560886e+00,1.923241947606225966e-01,1.035091333872195235e-01,5.395175226920964073e-01,1.791081658181394587e-01
1.322000000000000064e+01,-1.094621063107446002e+00,-2.074236249463521808e+00,1.971563203475026615e-01,1.032538034053494397e-01,5.430875412790330259e-01,1.778842834224587666e-01
1.324000000000000021e+01,-1.092599458754673014e+00,-2.073827328236997225e+00,2.020155025234956214e-01,1.030016446434541405e-01,5.466325177042139494e-01,1.766039536047473713e-01
1.325999999999999979e+01,-1.090584777826806739e+00,-2.073409578789841223e+00,2.069015874970379087e-01,1.027526812392774436e-01,5.501513233864439023e-01,1.752672195645594844e-01
1.327999999999999936e+01,-1.088577006936406244e+00,-2.072982991675509812e+00,2.118144130628984712e-01,1.025069372310550703e-01,5.536428309968690620e-01,1.738741633268566511e-01
1.330000000000000071e+01,-1.086576132661359440e+00,-2.072547557475132418e+00,2.167538085135041481e-01,1.022644365488788454e-01,5.571059152347015431e-01,1.724249056529315594e-01
1.332000000000000028e+01,-1.084582141545055167e+00,-2.072103266797585164e+00,2.217195945546020230e-01,1.020252030059300291e-01,5.605394536005134931e-01,1.709196058871451651e-01
1.333999999999999986e+01,-1.082595020096548843e+00,-2.071650110279560142e+00,2.267115832254872620e-01,1.017892602895840298e-01,5.639423271658494663e-01,1.693584617405820281e-01
1.335999999999999943e+01,-1.080614754790733656e+00,-2.071188078585642245e+00,2.317295778240084092e-01,1.015566319523953653e-01,5.673134213378718815e-01,1.677417090129535160e-01
1.337999999999999901e+01,-1.078641332068505321e+00,-2.070717162408376222e+00,2.367733728365820078e-01,1.013273414029636499e-01,5.706516266178587315e-01,1.660696212543117944e-01
1.340000000000000036e+01,-1.076674738336933057e+00,-2.070237352468341285e+00,2.418427538734280458e-01,1.011014118966906128e-01,5.739558393523271906e-01,1.643425093683446858e-01
1.341999999999999993e+01,-1.074714959969426564e+00,-2.069748639514222166e+00,2.469374976092576779e-01,1.008788665264286760e-01,5.772249624756814468e-01,1.625607211592376422e-01
1.343999999999999950e+01,-1.072761983305905886e+00,-2.069251014322884608e+00,2.520573717296173966e-01,1.006597282130330118e-01,5.804579062432262404e-01,1.607246408242650193e-01
1.345999999999999908e+01,-1.070815794652967945e+00,-2.068744467699439760e+00,2.572021348831185494e-01,1.004440196958187037e-01,5.836535889535252597e-01,1.588346883944800614e-01
1.348000000000000043e+01,-1.068876380284057070e+00,-2.068228990477324114e+00,2.623715366397485482e-01,1.002317635229329346e-01,5.868109376590652237e-01,1.568913191260191131e-01
1.350000000000000000e+01,-1.066943726439630868e+00,-2.067704573518367450e+00,2.675653174554931679e-01,1.000229820416467102e-01,5.899288888642857387e-01,1.548950228447023847e-01
1.351999999999999957e+01,-1.065017819327329862e+00,-2.067171207712865666e+00,2.727832086434524572e-01,9.981769738857615426e-02,5.930063892100450040e-01,1.528463232467510979e-01
1.353999999999999915e+01,-1.063098645122146246e+00,-2.066628883979652720e+00,2.780249323516670867e-01,9.961593147983865970e-02,5.960423961436973617e-01,1.507457771585639095e-01
1.356000000000000050e+01,-1.061186189966592641e+00,-2.066077593266172574e+00,2.832902015478370172e-01,9.941770600115434897e-02,5.990358785739671177e-01,1.485939737586058629e-01
1.358000000000000007e+01,-1.059280439970868626e+00,-2.065517326548552912e+00,2.885787200111284423e-01,9.922304239789771219e-02,6.019858175099257469e-01,1.463915337645544656e-01
1.359999999999999964e+01,-1.057381381213029714e+00,-2.064948074831673086e+00,2.938901823312508599e-01,9.903196186511183108e-02,6.048912066833772583e-01,1.441391085889195955e-01
1.361999999999999922e+01,-1.055488999739155886e+00,-2.064369829149241387e+00,2.992242739149700848e-01,9.884448533749111421e-02,6.077510531540748495e-01,1.418373794664187504e-01
1.364000000000000057e+01,-1.053603281563522120e+00,-2.063782580563862545e+00,3.045806710002319506e-01,9.866063347934321548e-02,6.105643778972268398e-01,1.394870565564241827e-01
1.366000000000000014e+01,-1.051724212668763814e+00,-2.063186320167111898e+00,3.099590406780508567e-01,9.848042667453896226e-02,6.133302163728316936e-01,1.370888780238259386e-01
1.367999999999999972e+01,-1.049851779006045982e+00,-2.062581039079609102e+00,3.153590409223147040e-01,9.830388501645943855e-02,6.160476190764454518e-01,1.346436091016592063e-01
1.369999999999999929e+01,-1.047985966495230681e+00,-2.061966728451085196e+00,3.207803206276372832e-01,9.813102829795193605e-02,6.187156520710375140e-01,1.321520411388411864e-01
1.372000000000000064e+01,-1.046126761025047314e+00,-2.061343379460459424e+00,3.262225196553979467e-01,9.796187600130168427e-02,6.213333974996950726e-01,1.296149906363290027e-01
1.374000000000000021e+01,-1.044274148453261608e+00,-2.060710983315910294e+00,3.316852688880721489e-01,9.779644728823373712e-02,6.238999540789429421e-01,1.270332982749729778e-01
1.375999999999999979e+01,-1.042428114606840373e+00,-2.060069531254943964e+00,3.371681902919755336e-01,9.763476098995090002e-02,6.264144375725851921e-01,1.244078279382840879e-01
1.377999999999999936e+01,-1.040588645282124247e+00,-2.059419014544471960e+00,3.426708969884987854e-01,9.747683559722251923e-02,6.288759812459647769e-01,1.217394657332592084e-01
1.380000000000000071e+01,-1.038755726244990019e+00,-2.058759424480879119e+00,3.481929933339203975e-01,9.732268925053336184e-02,6.312837363006384983e-01,1.190291190123251852e-01
1.382000000000000028e+01,-1.036929343231026479e+00,-2.058090752390095979e+00,3.537340750078715734e-01,9.717233973030112160e-02,6.336368722895537875e-01,1.162777153993603402e-01
1.383999999999999986e+01,-1.035109481945697629e+00,-2.057412989627673827e+00,3.592937291104967845e-01,9.702580444717913422e-02,6.359345775127782652e-01,1.134862018226438229e-01
1.385999999999999943e+01,-1.033296128064513208e+00,-2.056726127578853092e+00,3.648715342683525598e-01,9.688310043245000613e-02,6.381760593940026816e-01,1.106555435574606006e-01
1.387999999999999901e+01,-1.031489267233196117e+00,-2.056030157658636615e+00,3.704670607490772594e-01,9.674424432852435363e-02,6.403605448380086385e-01,1.077867232809488207e-01
1.390000000000000036e+01,-1.029688885067847393e+00,-2.055325071311862484e+00,3.760798705848256152e-01,9.660925237955671208e-02,6.424872805693657707e-01,1.048807401416454038e-01
1.391999999999999993e+01,-1.027894967155124739e+00,-2.054610860013275975e+00,3.817095177044806942e-01,9.647814042218640085e-02,6.445555334527075519e-01,1.019386088460177003e-01
1.393999999999999950e+01,-1.026107499052399508e+00,-2.053887515267599273e+00,3.873555480746086466e-01,9.635092387641974732e-02,6.465645907949009175e-01,9.896135876412219534e-02
1.395999999999999908e+01,-1.024326466287933446e+00,-2.053155028609607857e+00,3.930174998491227090e-01,9.622761773666056728e-02,6.485137606295573454e-01,9.595003305635700641e-02
1.398000000000000043e+01,-1.022551854361037016e+00,-2.052413391604197557e+00,3.986949035276074471e-01,9.610823656290305717e-02,6.504023719842944029e-01,9.290568782309828466e-02
1.400000000000000000e+01,-1.020783648742252803e+00,-2.051662595846461379e+00,4.043872821222155856e-01,9.599279447209851934e-02,6.522297751312285952e-01,8.982939127884824460e-02
1.401999999999999957e+01,-1.019021834873509613e+00,-2.050902632961756566e+00,4.100941513330796373e-01,9.588130512970438613e-02,6.539953418212240965e-01,8.672222295231428457e-02
1.403999999999999915e+01,-1.017266398168297892e+00,-2.050133494605780538e+00,4.158150197321028307e-01,9.577378174143050260e-02,6.556984655023972985e-01,8.358527291368281209e-02
1.406000000000000050e+01,-1.015517324011837585e+00,-2.049355172464642827e+00,4.215493889550271378e-01,9.567023704519139748e-02,6.573385615234538237e-01,8.041964103014231924e-02
1.408000000000000007e+01,-1.013774597761243346e+00,-2.048567658254933921e+00,4.272967539016325755e-01,9.557068330327544992e-02,6.589150673224316579e-01,7.722643625053646210e-02
1.409999999999999964e+01,-1.012038204745698389e+00,-2.047770943723798975e+00,4.330566029439154585e-01,9.547513229474402507e-02,6.604274426014158372e-01,7.400677591982811332e-02
1.411999999999999922e+01,-1.010308130266616589e+00,-2.046965020649012867e+00,4.388284181420759045e-01,9.538359530806668485e-02,6.618751694878752811e-01,7.076178512388049680e-02
1.414000000000000057e+01,-1.008584359597817226e+00,-2.046149880839047253e+00,4.446116754681131988e-01,9.529608313400846076e-02,6.632577526831687775e-01,6.749259606486741891e-02
1.416000000000000014e+01,-1.006866877985685971e+00,-2.045325516133143395e+00,4.504058450368402244e-01,9.521260605877422678e-02,6.645747195988898071e-01,6.420034746744474052e-02
1.417999999999999972e+01,-1.005155670649350519e+00,-2.044491918401389441e+00,4.562103913440849756e-01,9.513317385742307841e-02,6.658256204816319634e-01,6.088618401563247740e-02
1.419999999999999929e+01,-1.003450722780844240e+00,-2.043649079544786140e+00,4.620247735118414023e-01,9.505779578756126669e-02,6.670100285267978046e-01,5.755125582018687236e-02
1.422000000000000064e+01,-1.001752019545277150e+00,-2.042796991495321457e+00,4.678484455401201725e-01,9.498648058332255506e-02,6.681275399820595373e-01,5.419671791606400779e-02
1.424000000000000021e+01,-1.000059546081001782e+00,-2.041935646216043398e+00,4.736808565652275704e-01,9.491923644964501972e-02,6.691777742410672802e-01,5.082372978941430280e-02
1.425999999999999979e+01,-9.983732874997828244e-01,-2.041065035701129737e+00,4.795214511241902566e-01,9.485607105685391061e-02,6.701603739279776706e-01,4.743345493338484153e-02
1.427999999999999936e+01,-9.966932288869678747e-01,-2.040185151975962174e+00,4.853696694250286825e-01,9.479699153555661006e-02,6.710750049733886780e-01,4.402706043185291435e-02
1.430000000000000071e+01,-9.950193553016506431e-01,-2.039295987097198282e+00,4.912249476225653555e-01,9.474200447185872342e-02,6.719213566822190842e-01,4.060571657006970675e-02
1.432000000000000028e+01,-9.933516517768444798e-01,-2.038397533152842112e+00,4.970867180994458234e-01,9.469111590290878178e-02,6.726991417940546558e-01,3.717059647104928310e-02
1.433999999999999986e+01,-9.916901033196465765e-01,-2.037489782262317028e+00,5.029544097520357582e-01,9.464433131277741329e-02,6.734080965364727112e-01,3.372287575640833812e-02
1.435999999999999943e+01,-9.900346949114087192e-01,-2.036572726576538095e+00,5.088274482808421428e-01,9.460165562867804689e-02,6.740479806718160383e-01,3.026373223024014791e-02
1.437999999999999901e+01,-9.883854115079067082e-01,-2.035646358277981793e+00,5.147052564851023471e-01,9.456309321753458841e-02,6.746185775378609195e-01,2.679434558448864911e-02
1.440000000000000036e+01,-9.867422380395048931e-01,-2.034710669580763742e+00,5.205872545611759383e-01,9.452864788290146758e-02,6.751196940827960402e-01,2.331589712417847168e-02
1.441999999999999993e+01,-9.851051594113272580e-01,-2.033765652730703977e+00,5.264728604043493743e-01,9.449832286224087163e-02,6.755511608948919777e-01,1.982956951077423369e-02
1.443999999999999950e+01,-9.834741605034258427e-01,-2.032811300005401556e+00,5.323614899136761558e-01,9.447212082456241111e-02,6.759128322271942269e-01,1.633654652183380920e-02
1.445999999999999908e+01,-9.818492261709490521e-01,-2.031847603714308281e+00,5.382525572994523166e-01,9.445004386842756339e-02,6.762045860175638357e-01,1.283801282506486820e-02
1.448000000000000043e+01,-9.802303412443083008e-01,-2.030874556198800196e+00,5.441454753929365618e-01,9.443209352032200243e-02,6.764263239043337705e-01,9.335153764798778675e-03
1.450000000000000000e+01,-9.786174905293487658e-01,-2.029892149832246862e+00,5.500396559578903943e-01,9.441827073340031129e-02,6.765779712377891775e-01,5.829155158870912880e-03
1.451999999999999957e+01,-9.770106588075149201e-01,-2.028900377020086410e+00,5.559345100035463227e-01,9.440857588660382660e-02,6.766594770876754872e-01,2.321203103816966724e-03
1.453999999999999915e+01,-9.754098308360221736e-01,-2.027899230199896596e+00,5.618294480985753792e-01,9.440300878415278096e-02,6.766708142468801368e-01,-1.187516213723633631e-03
1.456000000000000050e+01,-9.738149913480220743e-01,-2.026888701841466300e+00,5.677238806856522713e-01,9.440156865541428355e-02,6.766119792313861625e-01,-4.695816701543254271e-03
1.458000000000000007e+01,-9.722261250527743925e-01,-2.025868784446867910e+00,5.736172183961755211e-01,9.440425415514705487e-02,6.764829922765522863e-01,-8.202512544491549415e-03
1.459999999999999964e+01,-9.706432166358121005e-01,-2.024839470550529708e+00,5.795088723647570106e-01,9.441106336412097289e-02,6.762838973297498057e-01,-1.170641838737471706e-02
1.461999999999999922e+01,-9.690662507591087937e-01,-2.023800752719307372e+00,5.853982545430299611e-01,9.442199379011285976e-02,6.760147620393101020e-01,-1.520634952027334445e-02
1.464000000000000057e+01,-9.674952120612525519e-01,-2.022752623552557250e+00,5.912847780123802188e-01,9.443704236927497053e-02,6.756756777397333602e-01,-1.870112206844057670e-02
1.466000000000000014e+01,-9.659300851576093638e-01,-2.021695075682206522e+00,5.971678572951781838e-01,9.445620546787553140e-02,6.752667594330329370e-01,-2.218955318890193651e-02
1.467999999999999972e+01,-9.643708546404947679e-01,-2.020628101772823815e+00,6.030469086641057075e-01,9.447947888440870468e-02,6.747881457660568350e-01,-2.567046127585161097e-02
1.469999999999999929e+01,-9.628175050793366108e-01,-2.019551694521698693e+00,6.089213504491698403e-01,9.450685785206960898e-02,6.742399990036104240e-01,-2.914266617688838698e-02
1.472000000000000064e+01,-9.612700210208493523e-01,-2.018465846658904272e+00,6.147906033419993088e-01,9.453833704159296525e-02,6.736225049971141798e-01,-3.260498942208461121e-02
1.474000000000000021e+01,-9.597283869892025976e-01,-2.017370550947373609e+00,6.206540906970396954e-01,9.457391056444920674e-02,6.729358731485421963e-01,-3.605625446781664245e-02
1.475999999999999979e+01,-9.581925874861847436e-01,-2.016265800182974743e+00,6.265112388292576329e-01,9.461357197639395922e-02,6.721803363693243938e-01,-3.949528695721397226e-02
1.477999999999999936e+01,-9.566626069913746200e-01,-2.015151587194576877e+00,6.323614773079760942e-01,9.465731428136582581e-02,6.713561510338520444e-01,-4.292091499899458595e-02
1.480000000000000071e+01,-9.551384299623069118e-01,-2.014027904844125416e+00,6.382042392464724045e-01,9.470512993572680061e-02,6.704635969272123575e-01,-4.633196946635842473e-02
1.482000000000000028e+01,-9.536200408346469093e-01,-2.012894746026714365e+00,6.440389615869847040e-01,9.475701085283808056e-02,6.695029771867329060e-01,-4.972728431752707068e-02
1.483999999999999986e+01,-9.521074240223506013e-01,-2.011752103670657377e+00,6.498650853807819150e-01,9.481294840796604395e-02,6.684746182368833667e-01,-5.310569693938055336e-02
1.485999999999999943e+01,-9.506005639178398692e-01,-2.010599970737558806e+00,6.556820560629528227e-01,9.487293344351031832e-02,6.673788697170597306e-01,-5.646604851554424404e-02
1.487999999999999901e+01,-9.490994448921672433e-01,-2.009438340222389652e+00,6.614893237216068478e-01,9.493695627454558361e-02,6.662161044017620437e-01,-5.980718442013916586e-02
1.490000000000000036e+01,-9.476040512951819927e-01,-2.008267205153554613e+00,6.672863433611655459e-01,9.500500669467092096e-02,6.649867181126212223e-01,-6.312795463828024811e-02
1.491999999999999993e+01,-9.461143674557070948e-01,-2.007086558592967140e+00,6.730725751594506256e-01,9.507707398215697880e-02,6.636911296217417044e-01,-6.642721421425515360e-02
1.493999999999999950e+01,-9.446303776816978859e-01,-2.005896393636121822e+00,6.788474847183043615e-01,9.515314690638157491e-02,6.623297805458063792e-01,-6.970382372818728633e-02
1.495999999999999908e+01,-9.431520662604171434e-01,-2.004696703412162773e+00,6.846105433074494151e-01,9.523321373454650407e-02,6.609031352303444962e-01,-7.295664980179808468e-02
1.498000000000000043e+01,-9.416794174585987331e-01,-2.003487481083960908e+00,6.903612281013551399e-01,9.531726223866446301e-02,6.594116806235976735e-01,-7.618456563375151924e-02
1.500000000000000000e+01,-9.402124155226188051e-01,-2.002268719848182776e+00,6.960990224088794420e-01,9.540527970280593406e-02,6.578559261393844837e-01,-7.938645156488823018e-02
1.501999999999999957e+01,-9.387510446786639928e-01,-2.001040412935360280e+00,7.018234158954458346e-01,9.549725293059856124e-02,6.562364035083443348e-01,-8.256119567346828503e-02
1.503999999999999915e+01,-9.372952891328999447e-01,-1.999802553609970390e+00,7.075339047975810480e-01,9.559316825296509945e-02,6.545536666169928797e-01,-8.570769440039552323e-02
1.506000000000000050e+01,-9.358451330716369698e-01,-1.998555135170497543e+00,7.132299921296035849e-01,9.569301153609172106e-02,6.528082913339710025e-01,-8.882485320418975761e-02
1.508000000000000007e+01,-9.344005606615022330e-01,-1.997298150949513129e+00,7.189111878823069013e-01,9.579676818961586904e-02,6.510008753228907485e-01,-9.191158724530688884e-02
1.509999999999999964e+01,-9.329615560496044013e-01,-1.996031594313744995e+00,7.245770092134843354e-01,9.590442317502126390e-02,6.491320378412182013e-01,-9.496682209922317763e-02
1.511999999999999922e+01,-9.315281033637066166e-01,-1.994755458664147829e+00,7.302269806301553423e-01,9.601596101423005847e-02,6.472024195246086631e-01,-9.798949449750481155e-02
1.514000000000000057e+01,-9.301001867123912525e-01,-1.993469737435976219e+00,7.358606341623769032e-01,9.613136579838121865e-02,6.452126821561429137e-01,-1.009785530959100980e-01
1.516000000000000014e+01,-9.286777901852263373e-01,-1.992174424098861030e+00,7.414775095285434103e-01,9.625062119678208516e-02,6.431635084199522900e-01,-1.039329592683882197e-01
1.517999999999999972e+01,-9.272608978529401913e-01,-1.990869512156872467e+00,7.470771542920865427e-01,9.637371046602392910e-02,6.410556016387032319e-01,-1.068516879256434515e-01
1.519999999999999929e+01,-9.258494937675856296e-01,-1.989554995148599570e+00,7.526591240095048541e-01,9.650061645924783160e-02,6.388896854944876580e-01,-1.097337283567696165e-01
1.522000000000000064e+01,-9.244435619627081602e-01,-1.988230866647220152e+00,7.582229823696783333e-01,9.663132163555163134e-02,6.366665037326533216e-01,-1.125780850922720594e-01
1.524000000000000021e+01,-9.230430864535160707e-01,-1.986897120260571858e+00,7.637683013244276342e-01,9.676580806952388147e-02,6.343868198481865672e-01,-1.153837787866303366e-01
1.525999999999999979e+01,-9.216480512370475164e-01,-1.985553749631224774e+00,7.692946612103138682e-01,9.690405746089522654e-02,6.320514167542584660e-01,-1.181498471183882321e-01
1.527999999999999936e+01,-9.202584402923388307e-01,-1.984200748436554251e+00,7.748016508616432096e-01,9.704605114429570856e-02,6.296610964326077031e-01,-1.208753457055802560e-01
1.530000000000000071e+01,-9.188742375805942775e-01,-1.982838110388809971e+00,7.802888677147293839e-01,9.719177009910485998e-02,6.272166795654932070e-01,-1.235593490341857503e-01
1.532000000000000028e+01,-9.174954270453545835e-01,-1.981465829235193432e+00,7.857559179034158126e-01,9.734119495938509115e-02,6.247190051489567297e-01,-1.262009513971258934e-01
1.533999999999999986e+01,-9.161219926126602520e-01,-1.980083898757924343e+00,7.912024163459051573e-01,9.749430602388660383e-02,6.221689300872246253e-01,-1.287992678411949143e-01
1.535999999999999943e+01,-9.147539181912284212e-01,-1.978692312774315454e+00,7.966279868229616534e-01,9.765108326611179890e-02,6.195673287681184860e-01,-1.313534351192020555e-01
1.537999999999999901e+01,-9.133911876726136247e-01,-1.977291065136846049e+00,8.020322620475340836e-01,9.781150634443011582e-02,6.169150926193890383e-01,-1.338626126444611986e-01
1.540000000000000036e+01,-9.120337849313819856e-01,-1.975880149733229008e+00,8.074148837259191858e-01,9.797555461223013407e-02,6.142131296459655276e-01,-1.363259834447051733e-01
1.541999999999999993e+01,-9.106816938252726423e-01,-1.974459560486487186e+00,8.127755026105151215e-01,9.814320712810085945e-02,6.114623639481533424e-01,-1.387427551123547320e-01
1.543999999999999950e+01,-9.093348981953750521e-01,-1.973029291355026027e+00,8.181137785443226562e-01,9.831444266602927529e-02,6.086637352208936758e-01,-1.411121607480654294e-01
1.545999999999999908e+01,-9.079933818662900835e-01,-1.971589336332701281e+00,8.234293804972656616e-01,9.848923972560630347e-02,6.058181982342414340e-01,-1.434334598943405314e-01
1.548000000000000043e+01,-9.066571286462998813e-01,-1.970139689448893172e+00,8.287219865945046893e-01,9.866757654222883811e-02,6.029267222952995331e-01,-1.457059394560246135e-01
1.550000000000000000e+01,-9.053261223275406167e-01,-1.968680344768581447e+00,8.339912841368417595e-01,9.884943109729049660e-02,5.999902906919004630e-01,-1.479289146043889780e-01
1.551999999999999957e+01,-9.040003466861639136e-01,-1.967211296392413100e+00,8.392369696134130974e-01,9.903478112834890323e-02,5.970099001184019372e-01,-1.501017296615758112e-01
1.553999999999999915e+01,-9.026797854825097112e-01,-1.965732538456775425e+00,8.444587487067815035e-01,9.922360413926359368e-02,5.939865600840055215e-01,-1.522237589620980269e-01
1.556000000000000050e+01,-9.013644224612755718e-01,-1.964244065133869510e+00,8.496563362906360828e-01,9.941587741029188352e-02,5.909212923041159415e-01,-1.542944076881698490e-01
1.558000000000000007e+01,-9.000542413516812168e-01,-1.962745870631781298e+00,8.548294564202479906e-01,9.961157800813669194e-02,5.878151300752756381e-01,-1.563131126756329425e-01
1.559999999999999964e+01,-8.987492258676406109e-01,-1.961237949194552410e+00,8.599778423158852547e-01,9.981068279593678649e-02,5.846691176343000729e-01,-1.582793431873171508e-01
1.561999999999999922e+01,-8.974493597079249430e-01,-1.959720295102255871e+00,8.651012363393503213e-01,1.000131684431919965e-01,5.814843095022982356e-01,-1.601926016507210782e-01
1.564000000000000057e+01,-8.961546265563382629e-01,-1.958192902671063163e+00,8.701993899638702512e-01,1.002190114356144857e-01,5.782617698143240892e-01,-1.620524243570106715e-01
1.566000000000000014e+01,-8.948650100818804631e-01,-1.956655766253320161e+00,8.752720637375025481e-01,1.004281880848994363e-01,5.750025716354594252e-01,-1.638583821183934031e-01
1.567999999999999972e+01,-8.935804939389182522e-01,-1.955108880237618862e+00,8.803190272402958705e-01,1.006406745384082757e-01,5.717077962641817779e-01,-1.656100808810760938e-01
1.569999999999999929e+01,-8.923010617673523548e-01,-1.953552239048864658e+00,8.853400590353892596e-01,1.008564467887562988e-01,5.683785325239493202e-01,-1.673071622911207201e-01
1.572000000000000064e+01,-8.910266971927836011e-01,-1.951985837148356717e+00,8.903349466142796986e-01,1.010754806832989822e-01,5.650158760439589756e-01,-1.689493042106681442e-01
1.574000000000000021e+01,-8.897573838266887858e-01,-1.950409669033852600e+00,8.953034863364554008e-01,1.012977519335116622e-01,5.616209285300866050e-01,-1.705362211821487561e-01
1.575999999999999979e+01,-8.884931052665792084e-01,-1.948823729239642200e+00,9.002454833636465148e-01,1.015232361242536657e-01,5.581947970270981774e-01,-1.720676648382963858e-01
1.577999999999999936e+01,-8.872338450961769762e-01,-1.947228012336623237e+00,9.051607515888606681e-01,1.017519087229159097e-01,5.547385931732005115e-01,-1.735434242559110163e-01
1.580000000000000071e+01,-8.859795868855790957e-01,-1.945622512932368764e+00,9.100491135604895643e-01,1.019837450884409497e-01,5.512534324481153103e-01,-1.749633262515932763e-01
1.582000000000000028e+01,-8.847303141914268920e-01,-1.944007225671201322e+00,9.149104004016420655e-01,1.022187204802164767e-01,5.477404334158126886e-01,-1.763272356177850442e-01
1.583999999999999986e+01,-8.834860105570743194e-01,-1.942382145234265556e+00,9.197444517249840912e-01,1.024568100668327292e-01,5.442007169631495334e-01,-1.776350552977514485e-01
1.585999999999999943e+01,-8.822466595127567146e-01,-1.940747266339599486e+00,9.245511155432625250e-01,1.026979889347027219e-01,5.406354055356152877e-01,-1.788867264982975103e-01
1.588000000000000078e+01,-8.810122445757603282e-01,-1.939102583742203345e+00,9.293302481757662603e-01,1.029422320965397986e-01,5.370456223714604738e-01,-1.800822287392813414e-01
1.590000000000000036e+01,-8.797827492505856384e-01,-1.937448092234120178e+00,9.340817141509266675e-01,1.031895144996881619e-01,5.334324907354788259e-01,-1.812215798392045885e-01
1.591999999999999993e+01,-8.785581570291243203e-01,-1.935783786644498017e+00,9.388053861052853000e-01,1.034398110343055233e-01,5.297971331537070228e-01,-1.823048358363957844e-01
1.593999999999999950e+01,-8.773384513908178972e-01,-1.934109661839666927e+00,9.435011446790376732e-01,1.036930965413917355e-01,5.261406706503598540e-01,-1.833320908455545184e-01
1.595999999999999908e+01,-8.761236158028342658e-01,-1.932425712723213396e+00,9.481688784083780464e-01,1.039493458206625365e-01,5.224642219882759120e-01,-1.843034768496601417e-01
1.598000000000000043e+01,-8.749136337202313429e-01,-1.930731934236045166e+00,9.528084836148511538e-01,1.042085336382656824e-01,5.187689029141638875e-01,-1.852191634274867882e-01
1.600000000000000000e+01,-8.737084885861252648e-01,-1.929028321356469178e+00,9.574198642919174995e-01,1.044706347343357655e-01,5.150558254099557587e-01,-1.860793574172177611e-01
1.601999999999999957e+01,-8.725081638318623600e-01,-1.927314869100264838e+00,9.620029319889505937e-01,1.047356238303879528e-01,5.113260969514994425e-01,-1.868843025168776817e-01
1.603999999999999915e+01,-8.713126428771856835e-01,-1.925591572520747086e+00,9.665576056928469884e-01,1.050034756365475913e-01,5.075808197758816531e-01,-1.876342788225363878e-01
1.605999999999999872e+01,-8.701219091304011055e-01,-1.923858426708849878e+00,9.710838117074808151e-01,1.052741648586135170e-01,5.038210901585937762e-01,-1.883296023054813473e-01
1.607999999999999829e+01,-8.689359459885486192e-01,-1.922115426793189918e+00,9.755814835311568123e-01,1.055476662049561060e-01,5.000479977017555644e-01,-1.889706242297416183e-01
1.610000000000000142e+01,-8.677547368375677639e-01,-1.920362567940142151e+00,9.800505617322935459e-01,1.058239543932468496e-01,4.962626246345665515e-01,-1.895577305115972166e-01
1.612000000000000099e+01,-8.665782650524751496e-01,-1.918599845353911038e+00,9.844909938234841507e-01,1.061030041570201199e-01,4.924660451271414274e-01,-1.900913410228771971e-01
1.614000000000000057e+01,-8.654065139975128940e-01,-1.916827254276604053e+00,9.889027341341561916e-01,1.063847902520661387e-01,4.886593246188140061e-01,-1.905719088400699146e-01
1.616000000000000014e+01,-8.642394670263422451e-01,-1.915044789988299856e+00,9.932857436819663155e-01,1.066692874626551379e-01,4.848435191619900886e-01,-1.909999194414213342e-01
1.617999999999999972e+01,-8.630771074821911304e-01,-1.913252447807125778e+00,9.976399900431485168e-01,1.069564706075912947e-01,4.810196747825586372e-01,-1.913758898544011267e-01
1.619999999999999929e+01,-8.619194186980361216e-01,-1.911450223089323996e+00,1.001965447221928152e+00,1.072463145460996747e-01,4.771888268578253767e-01,-1.917003677560245312e-01
1.621999999999999886e+01,-8.607663839967614194e-01,-1.909638111229327251e+00,1.006262095519209421e+00,1.075387941835430627e-01,4.733519995128936397e-01,-1.919739305287121445e-01
1.623999999999999844e+01,-8.596179866913326029e-01,-1.907816107659832117e+00,1.010529921400683540e+00,1.078338844769708149e-01,4.695102050363462176e-01,-1.921971842744644443e-01
1.626000000000000156e+01,-8.584742100849652724e-01,-1.905984207851866952e+00,1.014768917364483602e+00,1.081315604405015396e-01,4.656644433160343488e-01,-1.923707627902378203e-01
1.628000000000000114e+01,-8.573350374712898070e-01,-1.904142407314866725e+00,1.018979081808558007e+00,1.084317971505375233e-01,4.618157012957354590e-01,-1.924953265075340647e-01
1.630000000000000071e+01,-8.562004521345208952e-01,-1.902290701596742739e+00,1.023160418897914870e+00,1.087345697508148856e-01,4.579649524533307425e-01,-1.925715613992785014e-01
1.632000000000000028e+01,-8.550704373496316180e-01,-1.900429086283960123e+00,1.027312938431823142e+00,1.090398534572893374e-01,4.541131563011616690e-01,-1.926001778571182765e-01
1.633999999999999986e+01,-8.539449763825092132e-01,-1.898557557001600893e+00,1.031436655711156725e+00,1.093476235628581539e-01,4.502612579091076483e-01,-1.925819095423605409e-01
1.635999999999999943e+01,-8.528240524901360420e-01,-1.896676109413445444e+00,1.035531591405977725e+00,1.096578554419214147e-01,4.464101874508731860e-01,-1.925175122137685046e-01
1.637999999999999901e+01,-8.517076489207524581e-01,-1.894784739222036052e+00,1.039597771423471650e+00,1.099705245547833027e-01,4.425608597739323358e-01,-1.924077625354717047e-01
1.639999999999999858e+01,-8.505957489140268946e-01,-1.892883442168757702e+00,1.043635226776375102e+00,1.102856064518942941e-01,4.387141739934858897e-01,-1.922534568682624512e-01
1.641999999999999815e+01,-8.494883357012205094e-01,-1.890972214033901588e+00,1.047643993451982558e+00,1.106030767779379725e-01,4.348710131107241805e-01,-1.920554100475186654e-01
1.644000000000000128e+01,-8.483853925053567169e-01,-1.889051050636741724e+00,1.051624112281855261e+00,1.109229112757623009e-01,4.310322436556464631e-01,-1.918144541509941847e-01
1.646000000000000085e+01,-8.472869025413968247e-01,-1.887119947835607103e+00,1.055575628812289279e+00,1.112450857901599588e-01,4.271987153545963034e-01,-1.915314372596531867e-01
1.648000000000000043e+01,-8.461928490163970196e-01,-1.885178901527954309e+00,1.059498593175716374e+00,1.115695762714960099e-01,4.233712608226214980e-01,-1.912072222147262746e-01
1.650000000000000000e+01,-8.451032151296847816e-01,-1.883227907650434796e+00,1.063393059963022802e+00,1.118963587791902414e-01,4.195506952807068202e-01,-1.908426853740275986e-01
1.651999999999999957e+01,-8.440179840730250849e-01,-1.881266962178970825e+00,1.067259088096966568e+00,1.122254094850507339e-01,4.157378162978648262e-01,-1.904387153705903446e-01
1.653999999999999915e+01,-8.429371390307841549e-01,-1.879296061128830297e+00,1.071096740706709127e+00,1.125567046764657797e-01,4.119334035580007325e-01,-1.899962118765112506e-01
1.655999999999999872e+01,-8.418606631801063278e-01,-1.877315200554690033e+00,1.074906085003550782e+00,1.128902207594540685e-01,4.081382186514307397e-01,-1.895160843748533164e-01
1.657999999999999829e+01,-8.407885396910773634e-01,-1.875324376550718375e+00,1.078687192157964603e+00,1.132259342615758030e-01,4.043530048908540175e-01,-1.889992509423416012e-01
1.660000000000000142e+01,-8.397207517268941990e-01,-1.873323585250636913e+00,1.082440137177955064e+00,1.135638218347081174e-01,4.005784871515434276e-01,-1.884466370454545570e-01
1.662000000000000099e+01,-8.386572824440287066e-01,-1.871312822827803091e+00,1.086164998788827551e+00,1.139038602576862430e-01,3.968153717354608867e-01,-1.878591743524287705e-01
1.664000000000000057e+01,-8.375981149924047742e-01,-1.869292085495270594e+00,1.089861859314413817e+00,1.142460264388146934e-01,3.930643462589478165e-01,-1.872377995635371162e-01
1.666000000000000014e+01,-8.365432325155602866e-01,-1.867261369505872848e+00,1.093530804559824432e+00,1.145902974182480549e-01,3.893260795636163119e-01,-1.865834532619011499e-01
1.667999999999999972e+01,-8.354926181508146588e-01,-1.865220671152286069e+00,1.097171923695731577e+00,1.149366503702483472e-01,3.856012216499948853e-01,-1.858970787869255459e-01
1.669999999999999929e+01,-8.344462550294432512e-01,-1.863169986767107433e+00,1.100785309144289625e+00,1.152850626053170541e-01,3.818904036334651586e-01,-1.851796211323484820e-01
1.671999999999999886e+01,-8.334041262768380198e-01,-1.861109312722923015e+00,1.104371056466670886e+00,1.156355115722084159e-01,3.781942377219763562e-01,-1.844320258707143056e-01
1.673999999999999844e+01,-8.323662150126847070e-01,-1.859038645432380399e+00,1.107929264252300650e+00,1.159879748598234978e-01,3.745133172149925360e-01,-1.836552381059689820e-01
1.676000000000000156e+01,-8.313325043511242685e-01,-1.856957981348263731e+00,1.111460034009794651e+00,1.163424301989908899e-01,3.708482165230900796e-01,-1.828502014557016886e-01
1.678000000000000114e+01,-8.303029774009221819e-01,-1.854867316963564106e+00,1.114963470059641137e+00,1.166988554641332221e-01,3.671994912076079198e-01,-1.820178570644411242e-01
1.680000000000000071e+01,-8.292776172656399769e-01,-1.852766648811549066e+00,1.118439679428661737e+00,1.170572286748253060e-01,3.635676780397053554e-01,-1.811591426492399348e-01
1.682000000000000028e+01,-8.282564070437994364e-01,-1.850655973465837878e+00,1.121888771746239355e+00,1.174175279972457797e-01,3.599532950781775265e-01,-1.802749915786528156e-01
1.683999999999999986e+01,-8.272393298290553476e-01,-1.848535287540472138e+00,1.125310859142389708e+00,1.177797317455226700e-01,3.563568417653519838e-01,-1.793663319860786531e-01
1.685999999999999943e+01,-8.262263687103620358e-01,-1.846404587689986831e+00,1.128706056147618986e+00,1.181438183829800620e-01,3.527787990403675744e-01,-1.784340859182657890e-01
1.687999999999999901e+01,-8.252175067721397861e-01,-1.844263870609487599e+00,1.132074479594668892e+00,1.185097665232836411e-01,3.492196294691189418e-01,-1.774791685196850655e-01
1.689999999999999858e+01,-8.242127270944442641e-01,-1.842113133034713801e+00,1.135416248522078675e+00,1.188775549314914776e-01,3.456797773901595927e-01,-1.765024872532990341e-01
1.691999999999999815e+01,-8.232120127531382670e-01,-1.839952371742119119e+00,1.138731484079617884e+00,1.192471625250115935e-01,3.421596690758156867e-01,-1.755049411581531549e-01
1.694000000000000128e+01,-8.222153468200532611e-01,-1.837781583548937503e+00,1.142020309435601177e+00,1.196185683744669936e-01,3.386597129077809631e-01,-1.744874201440859696e-01
1.696000000000000085e+01,-8.212227123631646863e-01,-1.835600765313260663e+00,1.145282849686045212e+00,1.199917517044747500e-01,3.351802995664420748e-01,-1.734508043237118491e-01
1.698000000000000043e+01,-8.202340924467586003e-01,-1.833409913934103574e+00,1.148519231765723569e+00,1.203666918943380043e-01,3.317218022331929750e-01,-1.723959633817481185e-01
1.700000000000000000e+01,-8.192494701315946593e-01,-1.831209026351482194e+00,1.151729584361080194e+00,1.207433684786551609e-01,3.282845768049865720e-01,-1.713237559816200573e-01
1.701999999999999957e+01,-8.182688284750813112e-01,-1.828998099546482958e+00,1.154914037825011119e+00,1.211217611478488110e-01,3.248689621203879052e-01,-1.702350292091834860e-01
1.703999999999999915e+01,-8.172921505314404422e-01,-1.826777130541335614e+00,1.158072724093510253e+00,1.215018497486167887e-01,3.214752801963796647e-01,-1.691306180533030668e-01
1.705999999999999872e+01,-8.163194193518785724e-01,-1.824546116399484053e+00,1.161205776604184114e+00,1.218836142843067738e-01,3.181038364751896386e-01,-1.680113449229367617e-01
1.707999999999999829e+01,-8.153506179847506141e-01,-1.822305054225658250e+00,1.164313330216588449e+00,1.222670349152189390e-01,3.147549200804233838e-01,-1.668780192002744522e-01
1.710000000000000142e+01,-8.143857294757339549e-01,-1.820053941165949318e+00,1.167395521134429126e+00,1.226520919588375697e-01,3.114288040817624337e-01,-1.657314368294126872e-01
1.712000000000000099e+01,-8.134247368679905499e-01,-1.817792774407878342e+00,1.170452486829585803e+00,1.230387658899928377e-01,3.081257457675569134e-01,-1.645723799399733678e-01
1.714000000000000057e+01,-8.124676232023433364e-01,-1.815521551180468318e+00,1.173484365967935705e+00,1.234270373409591809e-01,3.048459869245853104e-01,-1.634016165049774205e-01
1.716000000000000014e+01,-8.115143715174341077e-01,-1.813240268754320095e+00,1.176491298336998170e+00,1.238168871014873607e-01,3.015897541243326430e-01,-1.622199000322659401e-01
1.717999999999999972e+01,-8.105649648499007043e-01,-1.810948924441678320e+00,1.179473424775341783e+00,1.242082961187767759e-01,2.983572590151034043e-01,-1.610279692886609215e-01
1.719999999999999929e+01,-8.096193862345437697e-01,-1.808647515596508049e+00,1.182430887103782524e+00,1.246012454973874223e-01,2.951486986193348483e-01,-1.598265480560359109e-01
1.721999999999999886e+01,-8.086776187044918407e-01,-1.806336039614566902e+00,1.185363828058311197e+00,1.249957164990953551e-01,2.919642556354765661e-01,-1.586163449184059826e-01
1.723999999999999844e+01,-8.077396452913711000e-01,-1.804014493933472796e+00,1.188272391224769242e+00,1.253916905426923079e-01,2.888040987438236229e-01,-1.573980530791131704e-01
1.726000000000000156e+01,-8.068054490254740196e-01,-1.801682876032781655e+00,1.191156720975231398e+00,1.257891492037331860e-01,2.856683829157151133e-01,-1.561723502071445113e-01
1.728000000000000114e+01,-8.058750129359296688e-01,-1.799341183434054914e+00,1.194016962406071469e+00,1.261880742142318657e-01,2.825572497255258164e-01,-1.549398983115946316e-01
1.730000000000000071e+01,-8.049483200508693592e-01,-1.796989413700933458e+00,1.196853261277718294e+00,1.265884474623087397e-01,2.794708276648851797e-01,-1.537013436432559388e-01
1.732000000000000028e+01,-8.040253533975957323e-01,-1.794627564439209122e+00,1.199665763956033526e+00,1.269902509917908151e-01,2.764092324586172600e-01,-1.524573166223056886e-01
1.733999999999999986e+01,-8.031060960027517348e-01,-1.792255633296898631e+00,1.202454617355342092e+00,1.273934670017665971e-01,2.733725673818609980e-01,-1.512084317910386555e-01
1.735999999999999943e+01,-8.021905308924872635e-01,-1.789873617964311991e+00,1.205219968883041171e+00,1.277980778460985345e-01,2.703609235779025899e-01,-1.499552877905851178e-01
1.737999999999999901e+01,-8.012786410926305836e-01,-1.787481516174128204e+00,1.207961966385811881e+00,1.282040660328925274e-01,2.673743803762385074e-01,-1.486984673605541429e-01
1.739999999999999858e+01,-8.003704096288517533e-01,-1.785079325701464548e+00,1.210680758097360421e+00,1.286114142239297431e-01,2.644130056104274096e-01,-1.474385373605231198e-01
1.742000000000000171e+01,-7.994658195268402601e-01,-1.782667044363948960e+00,1.213376492587718625e+00,1.290201052340587962e-01,2.614768559352981803e-01,-1.461760488123180490e-01
1.744000000000000128e+01,-7.985648538124593410e-01,-1.780244670021794651e+00,1.216049318714015115e+00,1.294301220305522637e-01,2.585659771431262355e-01,-1.449115369620156135e-01
1.746000000000000085e+01,-7.976674955119307242e-01,-1.777812200577870705e+00,1.218699385572757476e+00,1.298414477324297822e-01,2.556804044783598795e-01,-1.436455213606074588e-01
1.748000000000000043e+01,-7.967737276519867295e-01,-1.775369633977770922e+00,1.221326842453557049e+00,1.302540656097457006e-01,2.528201629505743564e-01,-1.423785059622961480e-01
1.750000000000000000e+01,-7.958835332600519008e-01,-1.772916968209889532e+00,1.223931838794269922e+00,1.306679590828479232e-01,2.499852676452866129e-01,-1.411109792393758500e-01
1.751999999999999957e+01,-7.949968953644038772e-01,-1.770454201305495134e+00,1.226514524137559681e+00,1.310831117216052222e-01,2.471757240323112781e-01,-1.398434143126928153e-01
1.753999999999999915e+01,-7.941137969943423691e-01,-1.767981331338794870e+00,1.229075048088833721e+00,1.314995072446062119e-01,2.443915282713634562e-01,-1.385762690966861332e-01
1.755999999999999872e+01,-7.932342211803623533e-01,-1.765498356427016136e+00,1.231613560275513830e+00,1.319171295183326209e-01,2.416326675146223402e-01,-1.373099864580251683e-01
1.757999999999999829e+01,-7.923581509543147217e-01,-1.763005274730470973e+00,1.234130210307659237e+00,1.323359625563049480e-01,2.388991202059935759e-01,-1.360449943868992928e-01
1.760000000000000142e+01,-7.914855693495855826e-01,-1.760502084452632454e+00,1.236625147739851993e+00,1.327559905182064126e-01,2.361908563768288227e-01,-1.347817061800137550e-01
1.762000000000000099e+01,-7.906164594012473623e-01,-1.757988783840204849e+00,1.239098522034395522e+00,1.331771977089808712e-01,2.335078379378741908e-01,-1.335205206343990647e-01
1.764000000000000057e+01,-7.897508041462508732e-01,-1.755465371183196011e+00,1.241550482525721089e+00,1.335995685779125253e-01,2.308500189672411107e-01,-1.322618222511350305e-01
1.766000000000000014e+01,-7.888885866235683109e-01,-1.752931844814989759e+00,1.243981178386044384e+00,1.340230877176823432e-01,2.282173459942125338e-01,-1.310059814481515650e-01
1.767999999999999972e+01,-7.880297898743838791e-01,-1.750388203112417829e+00,1.246390758592190062e+00,1.344477398634073839e-01,2.256097582787106592e-01,-1.297533547812643739e-01
1.769999999999999929e+01,-7.871743969422432263e-01,-1.747834444495831363e+00,1.248779371893606882e+00,1.348735098916605257e-01,2.230271880862624845e-01,-1.285042851726565516e-01
1.771999999999999886e+01,-7.863223908732401846e-01,-1.745270567429172193e+00,1.251147166781512388e+00,1.353003828194745684e-01,2.204695609583341154e-01,-1.272591021460313665e-01
1.773999999999999844e+01,-7.854737547161665390e-01,-1.742696570420048552e+00,1.253494291459162469e+00,1.357283438033294876e-01,2.179367959778966413e-01,-1.260181220676964142e-01
1.776000000000000156e+01,-7.846284715226958806e-01,-1.740112452019801914e+00,1.255820893813193839e+00,1.361573781381262560e-01,2.154288060301225438e-01,-1.247816483928683023e-01
1.778000000000000114e+01,-7.837865243475435895e-01,-1.737518210823583376e+00,1.258127121386068525e+00,1.365874712561450099e-01,2.129454980581017565e-01,-1.235499719165169402e-01
1.780000000000000071e+01,-7.829478962486349225e-01,-1.734913845470424265e+00,1.260413121349519550e+00,1.370186087259928631e-01,2.104867733135095120e-01,-1.223233710280957343e-01
1.782000000000000028e+01,-7.821125702872799845e-01,-1.732299354643305644e+00,1.262679040479046888e+00,1.374507762515381482e-01,2.080525276021370495e-01,-1.211021119695374904e-01
1.783999999999999986e+01,-7.812805295283355989e-01,-1.729674737069233359e+00,1.264925025129378877e+00,1.378839596708346660e-01,2.056426515242453235e-01,-1.198864490959232199e-01
1.785999999999999943e+01,-7.804517570403750604e-01,-1.727039991519311757e+00,1.267151221210934597e+00,1.383181449550356101e-01,2.032570307096698004e-01,-1.186766251382574827e-01
1.787999999999999901e+01,-7.796262358958578886e-01,-1.724395116808808748e+00,1.269357774167191755e+00,1.387533182072988314e-01,2.008955460476681831e-01,-1.174728714678193175e-01
1.789999999999999858e+01,-7.788039491713001361e-01,-1.721740111797236406e+00,1.271544828953010686e+00,1.391894656616836645e-01,1.985580739114561066e-01,-1.162754083615779033e-01
1.792000000000000171e+01,-7.779848799474339271e-01,-1.719074975388415583e+00,1.273712530013836552e+00,1.396265736820402614e-01,1.962444863774386317e-01,-1.150844452681984154e-01
1.794000000000000128e+01,-7.771690113093894237e-01,-1.716399706530554070e+00,1.275861021265782824e+00,1.400646287608922624e-01,1.939546514391113086e-01,-1.139001810741820525e-01
1.796000000000000085e+01,-7.763563263468523656e-01,-1.713714304216312989e+00,1.277990446076569420e+00,1.405036175183139169e-01,1.916884332156449378e-01,-1.127228043697190152e-01
1.798000000000000043e+01,-7.755468081542347125e-01,-1.711018767482884950e+00,1.280100947247286181e+00,1.409435267008015968e-01,1.894456921551609940e-01,-1.115524937138540479e-01
1.800000000000000000e+01,-7.747404398308462836e-01,-1.708313095412058447e+00,1.282192666994968810e+00,1.413843431801408979e-01,1.872262852327082061e-01,-1.103894178985899005e-01
1.801999999999999957e+01,-7.739372044810602924e-01,-1.705597287130298234e+00,1.284265746935966179e+00,1.418260539522701869e-01,1.850300661429752358e-01,-1.092337362115818750e-01
1.803999999999999915e+01,-7.731370852144835437e-01,-1.702871341808811501e+00,1.286320328070061025e+00,1.422686461361406252e-01,1.828568854877651029e-01,-1.080855986970961913e-01
1.805999999999999872e+01,-7.723400651461213018e-01,-1.700135258663620252e+00,1.288356550765347608e+00,1.427121069725739988e-01,1.807065909582697139e-01,-1.069451464149314551e-01
1.807999999999999829e+01,-7.715461273965491529e-01,-1.697389036955637920e+00,1.290374554743829227e+00,1.431564238231180231e-01,1.785790275121904302e-01,-1.058125116970240753e-01
1.810000000000000142e+01,-7.707552550920832024e-01,-1.694632675990734860e+00,1.292374479067723625e+00,1.436015841689011197e-01,1.764740375457456989e-01,-1.046878184014745500e-01
1.812000000000000099e+01,-7.699674313649401691e-01,-1.691866175119816962e+00,1.294356462126443175e+00,1.440475756094849458e-01,1.743914610606401572e-01,-1.035711821637678581e-01
1.814000000000000057e+01,-7.691826393534157980e-01,-1.689089533738893145e+00,1.296320641624258307e+00,1.444943858617184773e-01,1.723311358260180837e-01,-1.024627106449534225e-01
1.816000000000000014e+01,-7.684008622020470636e-01,-1.686302751289147528e+00,1.298267154568582660e+00,1.449420027585906212e-01,1.702928975355082197e-01,-1.013625037766052867e-01
1.817999999999999972e+01,-7.676220830617787039e-01,-1.683505827257013143e+00,1.300196137258921913e+00,1.453904142480838824e-01,1.682765799593823608e-01,-1.002706540023657611e-01
1.819999999999999929e+01,-7.668462850901395234e-01,-1.680698761174245881e+00,1.302107725276384187e+00,1.458396083920301123e-01,1.662820150919359918e-01,-9.918724651592000785e-02
1.821999999999999886e+01,-7.660734514514049298e-01,-1.677881552617989769e+00,1.304002053473830580e+00,1.462895733649664243e-01,1.643090332941329890e-01,-9.811235949525019817e-02
1.823999999999999844e+01,-7.653035653167634678e-01,-1.675054201210858018e+00,1.305879255966568619e+00,1.467402974529936344e-01,1.623574634316119480e-01,-9.704606433304144297e-02
1.826000000000000156e+01,-7.645366098644946762e-01,-1.672216706620995641e+00,1.307739466123606142e+00,1.471917690526378941e-01,1.604271330081212810e-01,-9.598842586312252012e-02
1.828000000000000114e+01,-7.637725682801241867e-01,-1.669369068562160718e+00,1.309582816559467400e+00,1.476439766697130451e-01,1.585178682944635709e-01,-9.493950258284220012e-02
1.830000000000000071e+01,-7.630114237566004709e-01,-1.666511286793788127e+00,1.311409439126498100e+00,1.480969089181885801e-01,1.566294944530374211e-01,-9.389934687129149193e-02
1.832000000000000028e+01,-7.622531594944633726e-01,-1.663643361121068809e+00,1.313219464907708245e+00,1.485505545190592691e-01,1.547618356580555132e-01,-9.286800520330071307e-02
1.833999999999999986e+01,-7.614977587020113070e-01,-1.660765291395014165e+00,1.315013024210083037e+00,1.490049022992195882e-01,1.529147152115267194e-01,-9.184551835914617213e-02
1.835999999999999943e+01,-7.607452045954670172e-01,-1.657877077512536879e+00,1.316790246558398492e+00,1.494599411903412556e-01,1.510879556550824288e-01,-9.083192162991732266e-02
1.837999999999999901e+01,-7.599954803991463281e-01,-1.654978719416514421e+00,1.318551260689464932e+00,1.499156602277564032e-01,1.492813788777467843e-01,-8.982724501850422594e-02
1.839999999999999858e+01,-7.592485693456335616e-01,-1.652070217095866322e+00,1.320296194546846102e+00,1.503720485493442727e-01,1.474948062197263821e-01,-8.883151343617583240e-02
1.842000000000000171e+01,-7.585044546759374118e-01,-1.649151570585625670e+00,1.322025175275985509e+00,1.508290953944243784e-01,1.457280585723133848e-01,-8.784474689472648867e-02
1.844000000000000128e+01,-7.577631196396729107e-01,-1.646222779967010830e+00,1.323738329219776633e+00,1.512867901026531681e-01,1.439809564739913950e-01,-8.686696069418436972e-02
1.846000000000000085e+01,-7.570245474952201903e-01,-1.643283845367493390e+00,1.325435781914515276e+00,1.517451221129273442e-01,1.422533202028297972e-01,-8.589816560607320406e-02
1.848000000000000043e+01,-7.562887215098937910e-01,-1.640334766960878765e+00,1.327117658086254259e+00,1.522040809622925983e-01,1.405449698652590229e-01,-8.493836805223589637e-02
1.850000000000000000e+01,-7.555556249601157459e-01,-1.637375544967369034e+00,1.328784081647536919e+00,1.526636562848584233e-01,1.388557254813116981e-01,-8.398757027923006713e-02
1.851999999999999957e+01,-7.548252411315821142e-01,-1.634406179653640212e+00,1.330435175694489658e+00,1.531238378107185050e-01,1.371854070664229874e-01,-8.304577052831633999e-02
1.853999999999999915e+01,-7.540975533194292924e-01,-1.631426671332915301e+00,1.332071062504274428e+00,1.535846153648782186e-01,1.355338347098709595e-01,-8.211296320106108160e-02
1.855999999999999872e+01,-7.533725448284022130e-01,-1.628437020365030463e+00,1.333691863532874944e+00,1.540459788661881768e-01,1.339008286499523137e-01,-8.118913902058766396e-02
1.857999999999999829e+01,-7.526501989730257636e-01,-1.625437227156515174e+00,1.335297699413212413e+00,1.545079183262842715e-01,1.322862093459760136e-01,-8.027428518851059680e-02
1.860000000000000142e+01,-7.519304990777703201e-01,-1.622427292160655510e+00,1.336888689953594334e+00,1.549704238485352659e-01,1.306897975471555950e-01,-7.936838553759099912e-02
1.862000000000000099e+01,-7.512134284772231663e-01,-1.619407215877574968e+00,1.338464954136444396e+00,1.554334856269965481e-01,1.291114143584988494e-01,-7.847142068016423055e-02
1.864000000000000057e+01,-7.504989705162525837e-01,-1.616376998854297753e+00,1.340026610117345029e+00,1.558970939453719062e-01,1.275508813037654066e-01,-7.758336815238274509e-02
1.866000000000000014e+01,-7.497871085501798261e-01,-1.613336641684828932e+00,1.341573775224359277e+00,1.563612391759818809e-01,1.260080203855830083e-01,-7.670420255433137158e-02
1.867999999999999972e+01,-7.490778259449464294e-01,-1.610286145010218828e+00,1.343106565957628451e+00,1.568259117787396406e-01,1.244826541428013661e-01,-7.583389568606856146e-02
1.869999999999999929e+01,-7.483711060772835211e-01,-1.607225509518642736e+00,1.344625097989238460e+00,1.572911023001346276e-01,1.229746057051637753e-01,-7.497241667965355572e-02
1.871999999999999886e+01,-7.476669323348756890e-01,-1.604154735945466648e+00,1.346129486163324396e+00,1.577568013722238649e-01,1.214836988453849298e-01,-7.411973212722294813e-02
1.873999999999999844e+01,-7.469652881165345093e-01,-1.601073825073321188e+00,1.347619844496441344e+00,1.582229997116299525e-01,1.200097580286961924e-01,-7.327580620517655519e-02
1.876000000000000156e+01,-7.462661568323651906e-01,-1.597982777732176451e+00,1.349096286178159909e+00,1.586896881185489716e-01,1.185526084599513169e-01,-7.244060079454149592e-02
1.878000000000000114e+01,-7.455695219039364385e-01,-1.594881594799411051e+00,1.350558923571884007e+00,1.591568574757636356e-01,1.171120761283639122e-01,-7.161407559758428687e-02
1.880000000000000071e+01,-7.448753667644434362e-01,-1.591770277199883177e+00,1.352007868215897801e+00,1.596244987476667376e-01,1.156879878499453840e-01,-7.079618825073477617e-02
1.882000000000000028e+01,-7.441836748588828154e-01,-1.588648825906005424e+00,1.353443230824612042e+00,1.600926029792908989e-01,1.142801713077232079e-01,-6.998689443389770337e-02
1.883999999999999986e+01,-7.434944296442178580e-01,-1.585517241937816957e+00,1.354865121290024454e+00,1.605611612953476430e-01,1.128884550898066330e-01,-6.918614797622044121e-02
1.885999999999999943e+01,-7.428076145895463611e-01,-1.582375526363051232e+00,1.356273648683353539e+00,1.610301648992736312e-01,1.115126687253756160e-01,-6.839390095839201211e-02
1.887999999999999901e+01,-7.421232131762711681e-01,-1.579223680297215049e+00,1.357668921256874439e+00,1.614996050722859733e-01,1.101526427186528406e-01,-6.761010381154386462e-02
1.889999999999999858e+01,-7.414412088982633708e-01,-1.576061704903652050e+00,1.359051046445929112e+00,1.619694731724445613e-01,1.088082085809350813e-01,-6.683470541282897359e-02
1.892000000000000171e+01,-7.407615852620403896e-01,-1.572889601393623105e+00,1.360420130871098809e+00,1.624397606337242839e-01,1.074791988607438492e-01,-6.606765317775066537e-02
1.894000000000000128e+01,-7.400843257869242908e-01,-1.569707371026372256e+00,1.361776280340550427e+00,1.629104589650937907e-01,1.061654471721616422e-01,-6.530889314931767609e-02
1.896000000000000085e+01,-7.394094140052163144e-01,-1.566515015109202658e+00,1.363119599852528729e+00,1.633815597496039163e-01,1.048667882214157215e-01,-6.455837008409773259e-02
1.898000000000000043e+01,-7.387368334623598543e-01,-1.563312534997544301e+00,1.364450193598006900e+00,1.638530546434837920e-01,1.035830578317724210e-01,-6.381602753524522054e-02
1.900000000000000000e+01,-7.380665677171158734e-01,-1.560099932095032171e+00,1.365768164963474751e+00,1.643249353752455066e-01,1.023140929667988863e-01,-6.308180793257547880e-02
1.901999999999999957e+01,-7.373986003417261070e-01,-1.556877207853572642e+00,1.367073616533864833e+00,1.647971937447968438e-01,1.010597317520541827e-01,-6.235565265976096561e-02
1.903999999999999915e+01,-7.367329149220831486e-01,-1.553644363773416526e+00,1.368366650095607540e+00,1.652698216225624572e-01,9.981981349526355962e-02,-6.163750212872044776e-02
1.905999999999999872e+01,-7.360694950578985374e-01,-1.550401401403235679e+00,1.369647366639814123e+00,1.657428109486142609e-01,9.859417870503008052e-02,-6.092729585127321795e-02
1.907999999999999829e+01,-7.354083243628708466e-01,-1.547148322340187843e+00,1.370915866365569835e+00,1.662161537318087023e-01,9.738266910814724620e-02,-6.022497250813493158e-02
1.910000000000000142e+01,-7.347493864648544371e-01,-1.543885128229994574e+00,1.372172248683358298e+00,1.666898420489333343e-01,9.618512766554672411e-02,-5.953047001531804744e-02
1.912000000000000099e+01,-7.340926650060257685e-01,-1.540611820767012308e+00,1.373416612218565591e+00,1.671638680438614355e-01,9.500139858695558215e-02,-5.884372558801591324e-02
1.914000000000000057e+01,-7.334381436430599255e-01,-1.537328401694300073e+00,1.374649054815112681e+00,1.676382239267157348e-01,9.383132734428865918e-02,-5.816467580203103088e-02
1.916000000000000014e+01,-7.327858060472849377e-01,-1.534034872803695437e+00,1.375869673539169780e+00,1.681129019730387419e-01,9.267476068384641885e-02,-5.749325665282557091e-02
1.917999999999999972e+01,-7.321356359048618589e-01,-1.530731235935888224e+00,1.377078564682971518e+00,1.685878945229731252e-01,9.153154663734766605e-02,-5.682940361225213149e-02
1.919999999999999929e+01,-7.314876169169479692e-01,-1.527417492980486013e+00,1.378275823768709163e+00,1.690631939804496109e-01,9.040153453185430232e-02,-5.617305168303814156e-02
1.921999999999999886e+01,-7.308417327998701918e-01,-1.524093645876094305e+00,1.379461545552511881e+00,1.695387928123828492e-01,8.928457499862919866e-02,-5.552413545108703108e-02
1.923999999999999844e+01,-7.301979672852840775e-01,-1.520759696610381351e+00,1.380635824028509928e+00,1.700146835478759944e-01,8.818051998096385069e-02,-5.488258913565809832e-02
1.926000000000000156e+01,-7.295563041203516619e-01,-1.517415647220153874e+00,1.381798752432972233e+00,1.704908587774333073e-01,8.708922274102705308e-02,-5.424834663749173586e-02
1.928000000000000114e+01,-7.289167270679028920e-01,-1.514061499791429455e+00,1.382950423248492378e+00,1.709673111521808619e-01,8.601053786577585181e-02,-5.362134158494252789e-02
1.930000000000000071e+01,-7.282792199066103755e-01,-1.510697256459508253e+00,1.384090928208274951e+00,1.714440333830954677e-01,8.494432127194981308e-02,-5.300150737817415497e-02
1.932000000000000028e+01,-7.276437664311519171e-01,-1.507322919409041173e+00,1.385220358300453869e+00,1.719210182402414744e-01,8.389043021021583280e-02,-5.238877723148627902e-02
1.933999999999999986e+01,-7.270103504523828253e-01,-1.503938490874108691e+00,1.386338803772485528e+00,1.723982585520159871e-01,8.284872326847331214e-02,-5.178308421382251531e-02
1.935999999999999943e+01,-7.263789557975013356e-01,-1.500543973138287246e+00,1.387446354135586368e+00,1.728757472044018806e-01,8.181906037437192136e-02,-5.118436128752138631e-02
1.937999999999999901e+01,-7.257495663102160322e-01,-1.497139368534722514e+00,1.388543098169234158e+00,1.733534771402281960e-01,8.080130279707048446e-02,-5.059254134536617098e-02
1.939999999999999858e+01,-7.251221658509243717e-01,-1.493724679446205794e+00,1.389629123925692600e+00,1.738314413584397533e-01,7.979531314827210953e-02,-5.000755724598598267e-02
1.942000000000000171e+01,-7.244967382968658942e-01,-1.490299908305237064e+00,1.390704518734614092e+00,1.743096329133735078e-01,7.880095538256415288e-02,-4.942934184766308026e-02
1.944000000000000128e+01,-7.238732675423029672e-01,-1.486865057594107586e+00,1.391769369207644269e+00,1.747880449140428172e-01,7.781809479710433131e-02,-4.885782804060033457e-02
1.946000000000000085e+01,-7.232517374986779934e-01,-1.483420129844964297e+00,1.392823761243098035e+00,1.752666705234304789e-01,7.684659803066659634e-02,-4.829294877769430699e-02
1.948000000000000043e+01,-7.226321320947937110e-01,-1.479965127639884415e+00,1.393867780030651371e+00,1.757455029577881800e-01,7.588633306209602303e-02,-4.773463710387114423e-02
1.950000000000000000e+01,-7.220144352769739537e-01,-1.476500053610946495e+00,1.394901510056066662e+00,1.762245354859441060e-01,7.493716920818468963e-02,-4.718282618402776241e-02
1.951999999999999957e+01,-7.213986310092330712e-01,-1.473024910440305923e+00,1.395925035105955558e+00,1.767037614286188774e-01,7.399897712100364511e-02,-4.663744932962797518e-02
1.953999999999999915e+01,-7.207847032734453485e-01,-1.469539700860260645e+00,1.396938438272555372e+00,1.771831741577475638e-01,7.307162878471808176e-02,-4.609844002400078494e-02
1.955999999999999872e+01,-7.201726360695130946e-01,-1.466044427653330873e+00,1.397941801958539676e+00,1.776627670958109695e-01,7.215499751190578015e-02,-4.556573194638258162e-02
1.957999999999999829e+01,-7.195624134155342855e-01,-1.462539093652324151e+00,1.398935207881850662e+00,1.781425337151723298e-01,7.124895793940930200e-02,-4.503925899475057226e-02
1.960000000000000142e+01,-7.189540193479719843e-01,-1.459023701740410406e+00,1.399918737080533049e+00,1.786224675374236681e-01,7.035338602374405226e-02,-4.451895530748742336e-02
1.962000000000000099e+01,-7.183474379218250938e-01,-1.455498254851195661e+00,1.400892469917613736e+00,1.791025621327370643e-01,6.946815903608083431e-02,-4.400475528391929736e-02
1.964000000000000057e+01,-7.177426532107888946e-01,-1.451962755968792207e+00,1.401856486085966580e+00,1.795828111192255550e-01,6.859315555683126453e-02,-4.349659360376720990e-02
1.966000000000000014e+01,-7.171396493074335687e-01,-1.448417208127888323e+00,1.402810864613210029e+00,1.800632081623095293e-01,6.772825546985425382e-02,-4.299440524555204340e-02
1.967999999999999972e+01,-7.165384103233629620e-01,-1.444861614413826212e+00,1.403755683866599213e+00,1.805437469740908407e-01,6.687333995630549699e-02,-4.249812550399005573e-02
1.969999999999999929e+01,-7.159389203893913312e-01,-1.441295977962667063e+00,1.404691021557940456e+00,1.810244213127342738e-01,6.602829148814576277e-02,-4.200769000641525752e-02
1.971999999999999886e+01,-7.153411636557014397e-01,-1.437720301961267877e+00,1.405616954748503566e+00,1.815052249818553676e-01,6.519299382133325604e-02,-4.152303472826656544e-02
1.973999999999999844e+01,-7.147451242920299652e-01,-1.434134589647354074e+00,1.406533559853932136e+00,1.819861518299162040e-01,6.436733198871494310e-02,-4.104409600767263550e-02
1.976000000000000156e+01,-7.141507864878109402e-01,-1.430538844309585444e+00,1.407440912649179587e+00,1.824671957496270536e-01,6.355119229263185565e-02,-4.057081055916867546e-02
1.978000000000000114e+01,-7.135581344523758140e-01,-1.426933069287637412e+00,1.408339088273410811e+00,1.829483506773552370e-01,6.274446229726429736e-02,-4.010311548657947978e-02
1.980000000000000071e+01,-7.129671524150873463e-01,-1.423317267972262767e+00,1.409228161234942878e+00,1.834296105925412312e-01,6.194703082072000599e-02,-3.964094829509676177e-02
1.982000000000000028e+01,-7.123778246255367819e-01,-1.419691443805374043e+00,1.410108205416146454e+00,1.839109695171211312e-01,6.115878792689499743e-02,-3.918424690258642817e-02
1.983999999999999986e+01,-7.117901353536923992e-01,-1.416055600280105686e+00,1.410979294078369861e+00,1.843924215149550794e-01,6.037962491711212909e-02,-3.873294965015209451e-02
1.985999999999999943e+01,-7.112040688900813645e-01,-1.412409740940894221e+00,1.411841499866844263e+00,1.848739606912635502e-01,5.960943432155850485e-02,-3.828699531198556660e-02
1.987999999999999901e+01,-7.106196095459518247e-01,-1.408753869383544632e+00,1.412694894815585966e+00,1.853555811920694352e-01,5.884810989052825098e-02,-3.784632310453038551e-02
1.989999999999999858e+01,-7.100367416534383302e-01,-1.405087989255306979e+00,1.413539550352289398e+00,1.858372772036465115e-01,5.809554658549331840e-02,-3.741087269498864082e-02
1.992000000000000171e+01,-7.094554495657396931e-01,-1.401412104254942337e+00,1.414375537303218966e+00,1.863190429519743230e-01,5.735164057000728677e-02,-3.698058420919431155e-02
1.994000000000000128e+01,-7.088757176572757501e-01,-1.397726218132803400e+00,1.415202925898067843e+00,1.868008727022002768e-01,5.661628920046097441e-02,-3.655539823888094564e-02
1.996000000000000085e+01,-7.082975303238645548e-01,-1.394030334690897543e+00,1.416021785774843833e+00,1.872827607581060705e-01,5.588939101669324061e-02,-3.613525584836568827e-02
1.998000000000000043e+01,-7.077208719828906869e-01,-1.390324457782965206e+00,1.416832185984691739e+00,1.877647014615830556e-01,5.517084573248147439e-02,-3.572009858067724114e-02
2.000000000000000000e+01,-7.071457270734646805e-01,-1.386608591314548278e+00,1.417634194996750807e+00,1.882466891921108498e-01,5.446055422590728029e-02,-3.530986846314641131e-02
2.001999999999999957e+01,-7.065720800565973292e-01,-1.382882739243064929e+00,1.418427880702966215e+00,1.887287183662441359e-01,5.375841852961966288e-02,-3.490450801248490276e-02
2.003999999999999915e+01,-7.059999154153753231e-01,-1.379146905577879112e+00,1.419213310422896779e+00,1.892107834371045127e-01,5.306434182100154551e-02,-3.450396023937257056e-02
2.005999999999999872e+01,-7.054292176551157922e-01,-1.375401094380374500e+00,1.419990550908499349e+00,1.896928788938786747e-01,5.237822841224761689e-02,-3.410816865257370462e-02
2.007999999999999829e+01,-7.048599713035426095e-01,-1.371645309764025100e+00,1.420759668348904770e+00,1.901749992613221418e-01,5.169998374036545441e-02,-3.371707726260302768e-02
2.010000000000000142e+01,-7.042921609109553671e-01,-1.367879555894467192e+00,1.421520728375168741e+00,1.906571390992689852e-01,5.102951435710717520e-02,-3.333063058496049669e-02
2.012000000000000099e+01,-7.037257710503932451e-01,-1.364103836989575047e+00,1.422273796064996931e+00,1.911392930021474923e-01,5.036672791884264783e-02,-3.294877364295444727e-02
2.014000000000000057e+01,-7.031607863178073181e-01,-1.360318157319526655e+00,1.423018935947470087e+00,1.916214555985013557e-01,4.971153317637500707e-02,-3.257145197012881188e-02
2.016000000000000014e+01,-7.025971913322293094e-01,-1.356522521206880771e+00,1.423756212007728505e+00,1.921036215505161626e-01,4.906383996471833098e-02,-3.219861161231606095e-02
2.017999999999999972e+01,-7.020349707359321290e-01,-1.352716933026645529e+00,1.424485687691641633e+00,1.925857855535523799e-01,4.842355919283173465e-02,-3.183019912932780193e-02
2.019999999999999929e+01,-7.014741091946106177e-01,-1.348901397206355712e+00,1.425207425910462122e+00,1.930679423356828073e-01,4.779060283332699915e-02,-3.146616159630376275e-02
2.021999999999999886e+01,-7.009145913975383113e-01,-1.345075918226136258e+00,1.425921489045441026e+00,1.935500866572363587e-01,4.716488391215138687e-02,-3.110644660473190978e-02
2.023999999999999844e+01,-7.003564020577472959e-01,-1.341240500618785081e+00,1.426627938952442776e+00,1.940322133103463409e-01,4.654631649825241579e-02,-3.075100226315616997e-02
2.026000000000000156e+01,-6.997995259121854161e-01,-1.337395148969832803e+00,1.427326836966511081e+00,1.945143171185051978e-01,4.593481569323343283e-02,-3.039977719758611696e-02
2.028000000000000114e+01,-6.992439477218881372e-01,-1.333539867917628463e+00,1.428018243906432838e+00,1.949963929361230863e-01,4.533029762099999305e-02,-3.005272055162186776e-02
2.030000000000000071e+01,-6.986896522721555147e-01,-1.329674662153396802e+00,1.428702220079257845e+00,1.954784356480933627e-01,4.473267941741224107e-02,-2.970978198631015615e-02
2.032000000000000028e+01,-6.981366243727036291e-01,-1.325799536421324198e+00,1.429378825284809418e+00,1.959604401693618714e-01,4.414187921993765334e-02,-2.937091167974128364e-02
2.033999999999999986e+01,-6.975848488578493267e-01,-1.321914495518621280e+00,1.430048118820158143e+00,1.964424014445015076e-01,4.355781615731582623e-02,-2.903606032640213691e-02
2.035999999999999943e+01,-6.970343105866734223e-01,-1.318019544295597312e+00,1.430710159484074762e+00,1.969243144472927476e-01,4.298041033924077103e-02,-2.870517913629688431e-02
2.037999999999999901e+01,-6.964849944431812379e-01,-1.314114687655735025e+00,1.431365005581447747e+00,1.974061741803082859e-01,4.240958284606041739e-02,-2.837821983384610294e-02
2.039999999999999858e+01,-6.959368853364782392e-01,-1.310199930555758119e+00,1.432012714927697994e+00,1.978879756745023366e-01,4.184525571849945225e-02,-2.805513465657594185e-02
2.042000000000000171e+01,-6.953899682009432315e-01,-1.306275278005708529e+00,1.432653344853126676e+00,1.983697139888060956e-01,4.128735194741512543e-02,-2.773587635360976605e-02
2.044000000000000128e+01,-6.948442279963857882e-01,-1.302340735069015487e+00,1.433286952207275089e+00,1.988513842097264506e-01,4.073579546357922188e-02,-2.742039818396959164e-02
2.046000000000000085e+01,-6.942996497082201124e-01,-1.298396306862564575e+00,1.433913593363230987e+00,1.993329814509508802e-01,4.019051112749973120e-02,-2.710865391470012806e-02
2.048000000000000043e+01,-6.937562183476357891e-01,-1.294441998556773443e+00,1.434533324221916262e+00,1.998145008529558231e-01,3.965142471928070206e-02,-2.680059781882400405e-02
2.050000000000000000e+01,-6.932139189517569910e-01,-1.290477815375667525e+00,1.435146200216349532e+00,2.002959375826203481e-01,3.911846292852352858e-02,-2.649618467313673287e-02
2.051999999999999957e+01,-6.926727365838285522e-01,-1.286503762596942657e+00,1.435752276315866327e+00,2.007772868328444871e-01,3.859155334427642053e-02,-2.619536975585211314e-02
2.053999999999999915e+01,-6.921326563333616289e-01,-1.282519845552045457e+00,1.436351607030324162e+00,2.012585438221718148e-01,3.807062444502945509e-02,-2.589810884410448377e-02
2.055999999999999872e+01,-6.915936633163173308e-01,-1.278526069626241490e+00,1.436944246414278537e+00,2.017397037944163585e-01,3.755560558876228083e-02,-2.560435821131766196e-02
2.057999999999999829e+01,-6.910557426752756971e-01,-1.274522440258684775e+00,1.437530248071114736e+00,2.022207620182946697e-01,3.704642700304629221e-02,-2.531407462444799222e-02
2.060000000000000142e+01,-6.905188795795913492e-01,-1.270508962942498599e+00,1.438109665157168093e+00,2.027017137870611441e-01,3.654301977520242606e-02,-2.502721534110905963e-02
2.062000000000000099e+01,-6.899830592255740136e-01,-1.266485643224838586e+00,1.438682550385803394e+00,2.031825544181485033e-01,3.604531584251753629e-02,-2.474373810658501982e-02
2.064000000000000057e+01,-6.894482668366568312e-01,-1.262452486706967303e+00,1.439248956031468962e+00,2.036632792528127733e-01,3.555324798252156027e-02,-2.446360115074006081e-02
2.066000000000000014e+01,-6.889144876635542314e-01,-1.258409499044330415e+00,1.439808933933720336e+00,2.041438836557812886e-01,3.506674980332789848e-02,-2.418676318483069243e-02
2.067999999999999972e+01,-6.883817069844408998e-01,-1.254356685946620864e+00,1.440362535501209740e+00,2.046243630149062187e-01,3.458575573403840919e-02,-2.391318339822691430e-02
2.069999999999999929e+01,-6.878499101051149811e-01,-1.250294053177859244e+00,1.440909811715654465e+00,2.051047127408211768e-01,3.411020101521423237e-02,-2.364282145504872576e-02
2.071999999999999886e+01,-6.873190823591677212e-01,-1.246221606556459083e+00,1.441450813135770392e+00,2.055849282666021571e-01,3.364002168941500337e-02,-2.337563749072377531e-02
2.073999999999999844e+01,-6.867892091081502226e-01,-1.242139351955304338e+00,1.441985589901170428e+00,2.060650050474334971e-01,3.317515459180800375e-02,-2.311159210847190879e-02
2.076000000000000156e+01,-6.862602757417433086e-01,-1.238047295301815787e+00,1.442514191736240958e+00,2.065449385602758370e-01,3.271553734084837323e-02,-2.285064637572238599e-02
2.078000000000000114e+01,-6.857322676779302739e-01,-1.233945442578030960e+00,1.443036667953984553e+00,2.070247243035396589e-01,3.226110832903054254e-02,-2.259276182046803319e-02
2.080000000000000071e+01,-6.852051703631534263e-01,-1.229833799820666762e+00,1.443553067459831363e+00,2.075043577967623509e-01,3.181180671371420382e-02,-2.233790042756228500e-02
2.082000000000000028e+01,-6.846789692724970511e-01,-1.225712373121196297e+00,1.444063438755419426e+00,2.079838345802882960e-01,3.136757240802575536e-02,-2.208602463496396606e-02
2.083999999999999986e+01,-6.841536499098448409e-01,-1.221581168625923253e+00,1.444567829942355663e+00,2.084631502149537352e-01,3.092834607183136963e-02,-2.183709732993258101e-02
2.085999999999999943e+01,-6.836291978080497600e-01,-1.217440192536048293e+00,1.445066288725928683e+00,2.089423002817747399e-01,3.049406910279154823e-02,-2.159108184518146803e-02
2.087999999999999901e+01,-6.831055985291103472e-01,-1.213289451107748995e+00,1.445558862418802937e+00,2.094212803816392077e-01,3.006468362749085271e-02,-2.134794195499082822e-02
2.089999999999999858e+01,-6.825828376643294781e-01,-1.209128950652240908e+00,1.446045597944683125e+00,2.099000861350022729e-01,2.964013249264507016e-02,-2.110764187128494340e-02
2.092000000000000171e+01,-6.820609008344853397e-01,-1.204958697535858603e+00,1.446526541841945512e+00,2.103787131815853806e-01,2.922035925638762077e-02,-2.087014623967771779e-02
2.094000000000000128e+01,-6.815397736900017378e-01,-1.200778698180124948e+00,1.447001740267236158e+00,2.108571571800786082e-01,2.880530817963597792e-02,-2.063542013549074863e-02
2.096000000000000085e+01,-6.810194419111224029e-01,-1.196588959061824387e+00,1.447471238999042953e+00,2.113354138078475941e-01,2.839492421753863141e-02,-2.040342905974655563e-02
2.098000000000000043e+01,-6.804998912080646445e-01,-1.192389486713068880e+00,1.447935083441246107e+00,2.118134787606423264e-01,2.798915301099815303e-02,-2.017413893513960929e-02
2.100000000000000000e+01,-6.799811073211978751e-01,-1.188180287721379846e+00,1.448393318626615134e+00,2.122913477523105108e-01,2.758794087828188996e-02,-1.994751610199152481e-02
2.101999999999999957e+01,-6.794630760212090337e-01,-1.183961368729752106e+00,1.448845989220305608e+00,2.127690165145140477e-01,2.719123480670747675e-02,-1.972352731418895028e-02
2.103999999999999915e+01,-6.789457831092737816e-01,-1.179732736436727825e+00,1.449293139523303298e+00,2.132464807964481457e-01,2.679898244441298802e-02,-1.950213973511083845e-02
2.105999999999999872e+01,-6.784292144172237027e-01,-1.175494397596472229e+00,1.449734813475846984e+00,2.137237363645654864e-01,2.641113209220882080e-02,-1.928332093354597973e-02
2.107999999999999829e+01,-6.779133558077097277e-01,-1.171246359018839334e+00,1.450171054660829073e+00,2.142007790023010283e-01,2.602763269550843056e-02,-1.906703887960331176e-02
2.110000000000000142e+01,-6.773981931743806584e-01,-1.166988627569451653e+00,1.450601906307147582e+00,2.146776045098028329e-01,2.564843383634570276e-02,-1.885326194061934246e-02
2.112000000000000099e+01,-6.768837124420379325e-01,-1.162721210169765040e+00,1.451027411293057900e+00,2.151542087036634743e-01,2.527348572546734076e-02,-1.864195887706152771e-02
2.114000000000000057e+01,-6.763698995668174785e-01,-1.158444113797144848e+00,1.451447612149461275e+00,2.156305874166569159e-01,2.490273919451583412e-02,-1.843309883843495534e-02
2.116000000000000014e+01,-6.758567405363486991e-01,-1.154157345484936092e+00,1.451862551063195061e+00,2.161067364974765259e-01,2.453614568828540662e-02,-1.822665135918871693e-02
2.117999999999999972e+01,-6.753442213699298868e-01,-1.149860912322537176e+00,1.452272269880271027e+00,2.165826518104776166e-01,2.417365725706732693e-02,-1.802258635462931566e-02
2.119999999999999929e+01,-6.748323281186885403e-01,-1.145554821455470051e+00,1.452676810109103211e+00,2.170583292354215377e-01,2.381522654907116190e-02,-1.782087411683892092e-02
2.121999999999999886e+01,-6.743210468657550027e-01,-1.141239080085454383e+00,1.453076212923691379e+00,2.175337646672245162e-01,2.346080680293196816e-02,-1.762148531060322293e-02
2.123999999999999844e+01,-6.738103637264361012e-01,-1.136913695470476382e+00,1.453470519166786046e+00,2.180089540157079397e-01,2.311035184029527206e-02,-1.742439096934851953e-02
2.126000000000000156e+01,-6.733002648483663588e-01,-1.132578674924863416e+00,1.453859769353028852e+00,2.184838932053520810e-01,2.276381605848502160e-02,-1.722956249109102236e-02
2.128000000000000114e+01,-6.727907364116993971e-01,-1.128234025819357500e+00,1.454244003672045205e+00,2.189585781750529037e-01,2.242115442325366345e-02,-1.703697163440016232e-02
2.130000000000000071e+01,-6.722817646292524874e-01,-1.123879755581184359e+00,1.454623261991531802e+00,2.194330048778814213e-01,2.208232246160951595e-02,-1.684659051437539801e-02
2.132000000000000028e+01,-6.717733357466939559e-01,-1.119515871694123588e+00,1.454997583860305532e+00,2.199071692808458045e-01,2.174727625472756137e-02,-1.665839159864049984e-02
2.133999999999999986e+01,-6.712654360427052769e-01,-1.115142381698585705e+00,1.455367008511323723e+00,2.203810673646566243e-01,2.141597243093747160e-02,-1.647234770335439386e-02
2.135999999999999943e+01,-6.707580518291451632e-01,-1.110759293191683206e+00,1.455731574864680633e+00,2.208546951234940658e-01,2.108836815879448767e-02,-1.628843198924208660e-02
2.137999999999999901e+01,-6.702511694512183205e-01,-1.106366613827297840e+00,1.456091321530571969e+00,2.213280485647789175e-01,2.076442114022599220e-02,-1.610661795764407878e-02
2.139999999999999858e+01,-6.697447752876535265e-01,-1.101964351316159885e+00,1.456446286812241420e+00,2.218011237089453358e-01,2.044408960375898587e-02,-1.592687944658790350e-02
2.142000000000000171e+01,-6.692388557508610614e-01,-1.097552513425911647e+00,1.456796508708885440e+00,2.222739165892166358e-01,2.012733229782628572e-02,-1.574919062688168517e-02
2.144000000000000128e+01,-6.687333972871054577e-01,-1.093131107981190953e+00,1.457142024918549827e+00,2.227464232513827469e-01,1.981410848414894357e-02,-1.557352599823053942e-02
2.146000000000000085e+01,-6.682283863766713683e-01,-1.088700142863689546e+00,1.457482872840981658e+00,2.232186397535825539e-01,1.950437793119647392e-02,-1.539986038537655665e-02
2.148000000000000043e+01,-6.677238095340420898e-01,-1.084259626012236133e+00,1.457819089580464356e+00,2.236905621660859877e-01,1.919810090772610181e-02,-1.522816893426492783e-02
2.150000000000000000e+01,-6.672196533080523295e-01,-1.079809565422861883e+00,1.458150711948629441e+00,2.241621865710804462e-01,1.889523817639501488e-02,-1.505842710823425586e-02
2.151999999999999957e+01,-6.667159042820651749e-01,-1.075349969148878593e+00,1.458477776467232534e+00,2.246335090624587971e-01,1.859575098745199981e-02,-1.489061068423448361e-02
2.153999999999999915e+01,-6.662125490741401812e-01,-1.070880845300941964e+00,1.458800319370909593e+00,2.251045257456102955e-01,1.829960107250147572e-02,-1.472469574907101474e-02
2.155999999999999872e+01,-6.657095743372023477e-01,-1.066402202047131542e+00,1.459118376609909395e+00,2.255752327372137489e-01,1.800675063834480602e-02,-1.456065869567720571e-02
2.157999999999999829e+01,-6.652069667592059865e-01,-1.061914047613020440e+00,1.459431983852795156e+00,2.260456261650326815e-01,1.771716236089322313e-02,-1.439847621941454242e-02
2.160000000000000142e+01,-6.647047130633141343e-01,-1.057416390281743945e+00,1.459741176489119940e+00,2.265157021677137728e-01,1.743079937915864228e-02,-1.423812531440281706e-02
2.162000000000000099e+01,-6.642028000080482109e-01,-1.052909238394077907e+00,1.460045989632086982e+00,2.269854568945862128e-01,1.714762528931193866e-02,-1.407958326987807443e-02
2.164000000000000057e+01,-6.637012143874736481e-01,-1.048392600348505788e+00,1.460346458121171143e+00,2.274548865054649982e-01,1.686760413881947807e-02,-1.392282766658213371e-02
2.166000000000000014e+01,-6.631999430313615385e-01,-1.043866484601290612e+00,1.460642616524729487e+00,2.279239871704548948e-01,1.659070042064612546e-02,-1.376783637318066203e-02
2.167999999999999972e+01,-6.626989728053556128e-01,-1.039330899666548902e+00,1.460934499142575449e+00,2.283927550697578690e-01,1.631687906753481743e-02,-1.361458754271362495e-02
2.169999999999999929e+01,-6.621982906111405498e-01,-1.034785854116325510e+00,1.461222140008532122e+00,2.288611863934818524e-01,1.604610544635341751e-02,-1.346305960907565394e-02
2.171999999999999886e+01,-6.616978833866178356e-01,-1.030231356580657565e+00,1.461505572892967564e+00,2.293292773414521424e-01,1.577834535251203610e-02,-1.331323128352787655e-02
2.173999999999999844e+01,-6.611977381060629710e-01,-1.025667415747654854e+00,1.461784831305297239e+00,2.297970241230249955e-01,1.551356500445087716e-02,-1.316508155124162562e-02
2.176000000000000156e+01,-6.606978417802995551e-01,-1.021094040363566879e+00,1.462059948496474693e+00,2.302644229569027756e-01,1.525173103819536802e-02,-1.301858966787371348e-02
2.178000000000000114e+01,-6.601981814568711471e-01,-1.016511239232858355e+00,1.462330957461431824e+00,2.307314700709520439e-01,1.499281050198332521e-02,-1.287373515617488105e-02
2.180000000000000071e+01,-6.596987442202029150e-01,-1.011919021218275816e+00,1.462597890941538692e+00,2.311981617020227309e-01,1.473677085095228059e-02,-1.273049780262822638e-02
2.182000000000000028e+01,-6.591995171917686136e-01,-1.007317395240927116e+00,1.462860781426997825e+00,2.316644940957703624e-01,1.448357994190164165e-02,-1.258885765412262603e-02
2.183999999999999986e+01,-6.587004875302744367e-01,-1.002706370280344705e+00,1.463119661159238083e+00,2.321304635064795341e-01,1.423320602811688901e-02,-1.244879501465745962e-02
2.185999999999999943e+01,-6.582016424318029024e-01,-9.980859553745667911e-01,1.463374562133287204e+00,2.325960661968898280e-01,1.398561775425851035e-02,-1.231029044207967299e-02
2.187999999999999901e+01,-6.577029691300051439e-01,-9.934561596202028388e-01,1.463625516100106827e+00,2.330612984380229791e-01,1.374078415131966928e-02,-1.217332474485500853e-02
2.189999999999999858e+01,-6.572044548962518995e-01,-9.888169921725070699e-01,1.463872554568919959e+00,2.335261565090135105e-01,1.349867463164347234e-02,-1.203787897887041540e-02
2.192000000000000171e+01,-6.567060870398164774e-01,-9.841684622454520692e-01,1.464115708809501148e+00,2.339906366969391749e-01,1.325925898400910456e-02,-1.190393444427132082e-02
2.194000000000000128e+01,-6.562078529080195288e-01,-9.795105791118020599e-01,1.464355009854470646e+00,2.344547352966547538e-01,1.302250736877449272e-02,-1.177147268232953820e-02
2.196000000000000085e+01,-6.557097398864293325e-01,-9.748433521031774074e-01,1.464590488501529286e+00,2.349184486106279390e-01,1.278839031308828811e-02,-1.164047547234649954e-02
2.198000000000000043e+01,-6.552117353990074555e-01,-9.701667906101377747e-01,1.464822175315702690e+00,2.353817729487757970e-01,1.255687870615748193e-02,-1.151092482858757059e-02
2.200000000000000000e+01,-6.547138269082841688e-01,-9.654809040822442956e-01,1.465050100631556163e+00,2.358447046283039805e-01,1.232794379457964780e-02,-1.138280299725025202e-02
2.201999999999999957e+01,-6.542160019155214279e-01,-9.607857020281368454e-01,1.465274294555374279e+00,2.363072399735473283e-01,1.210155717773394798e-02,-1.125609245346504035e-02
2.203999999999999915e+01,-6.537182479608927288e-01,-9.560811940156058730e-01,1.465494786967340035e+00,2.367693753158126857e-01,1.187769080323289143e-02,-1.113077589832919649e-02
2.205999999999999872e+01,-6.532205526236407600e-01,-9.513673896716612344e-01,1.465711607523677129e+00,2.372311069932229455e-01,1.165631696243137061e-02,-1.100683625597280099e-02
2.207999999999999829e+01,-6.527229035222541498e-01,-9.466442986826097972e-01,1.465924785658783147e+00,2.376924313505631436e-01,1.143740828599557752e-02,-1.088425667065793905e-02
2.210000000000000142e+01,-6.522252883146228974e-01,-9.419119307941193897e-01,1.466134350587331880e+00,2.381533447391284419e-01,1.122093773952886897e-02,-1.076302050391017388e-02
2.212000000000000099e+01,-6.517276946982253349e-01,-9.371702958113016235e-01,1.466340331306362321e+00,2.386138435165728044e-01,1.100687861925560805e-02,-1.064311133168283768e-02
2.214000000000000057e+01,-6.512301104102791172e-01,-9.324194035987711793e-01,1.466542756597341457e+00,2.390739240467612547e-01,1.079520454776061733e-02,-1.052451294155313036e-02
2.216000000000000014e+01,-6.507325232279201899e-01,-9.276592640807308499e-01,1.466741655028221070e+00,2.395335826996214668e-01,1.058588946978249352e-02,-1.040720932995011123e-02
2.217999999999999972e+01,-6.502349209683671027e-01,-9.228898872410313814e-01,1.466937054955452346e+00,2.399928158509989085e-01,1.037890764806724715e-02,-1.029118469941601999e-02
2.219999999999999929e+01,-6.497372914890893192e-01,-9.181112831232538518e-01,1.467128984525999380e+00,2.404516198825124851e-01,1.017423365927054742e-02,-1.017642345589787368e-02
2.221999999999999886e+01,-6.492396226879777466e-01,-9.133234618307743968e-01,1.467317471679330687e+00,2.409099911814120420e-01,9.971842389917471433e-03,-1.006291020607170961e-02
2.223999999999999844e+01,-6.487419025035081610e-01,-9.085264335268390390e-01,1.467502544149377641e+00,2.413679261404376164e-01,9.771709032414878024e-03,-9.950629754698242166e-03
2.226000000000000156e+01,-6.482441189149166227e-01,-9.037202084346371844e-01,1.467684229466493795e+00,2.418254211576805757e-01,9.573809081114452793e-03,-9.839567102009205354e-03
2.228000000000000114e+01,-6.477462599423664535e-01,-8.989047968373740094e-01,1.467862554959377563e+00,2.422824726364446180e-01,9.378118328431312919e-03,-9.729707441126009618e-03
2.230000000000000071e+01,-6.472483136471058884e-01,-8.940802090783346312e-01,1.468037547756992245e+00,2.427390769851108798e-01,9.184612861009362750e-03,-9.621036155507778007e-03
2.232000000000000028e+01,-6.467502681316545932e-01,-8.892464555609673749e-01,1.468209234790449180e+00,2.431952306170024336e-01,8.993269055941919415e-03,-9.513538816431637776e-03
2.233999999999999986e+01,-6.462521115399590954e-01,-8.844035467489492763e-01,1.468377642794896021e+00,2.436509299502507830e-01,8.804063577038397093e-03,-9.407201180502216056e-03
2.235999999999999943e+01,-6.457538320575588742e-01,-8.795514931662566926e-01,1.468542798311360364e+00,2.441061714076645239e-01,8.616973371144460644e-03,-9.302009187192570444e-03
2.237999999999999901e+01,-6.452554179117715449e-01,-8.746903053972447939e-01,1.468704727688598943e+00,2.445609514165988929e-01,8.431975664506968088e-03,-9.197948956414040908e-03
2.239999999999999858e+01,-6.447568573718354124e-01,-8.698199940867099578e-01,1.468863457084912394e+00,2.450152664088264265e-01,8.249047959190384041e-03,-9.095006786116847930e-03
2.242000000000000171e+01,-6.442581387491088663e-01,-8.649405699399705938e-01,1.469019012469950924e+00,2.454691128204097850e-01,8.068168029539832947e-03,-8.993169149919910330e-03
2.244000000000000128e+01,-6.437592503972071611e-01,-8.600520437229324244e-01,1.469171419626498665e+00,2.459224870915751038e-01,7.889313918691095648e-03,-8.892422694770059713e-03
2.246000000000000085e+01,-6.432601807121969273e-01,-8.551544262621655346e-01,1.469320704152248691e+00,2.463753856665874542e-01,7.712463935126610826e-03,-8.792754238630110311e-03
2.248000000000000043e+01,-6.427609181327484933e-01,-8.502477284449720951e-01,1.469466891461546743e+00,2.468278049936276919e-01,7.537596649278237651e-03,-8.694150768196075643e-03
2.250000000000000000e+01,-6.422614511403095250e-01,-8.453319612194627464e-01,1.469610006787127832e+00,2.472797415246698605e-01,7.364690890176177687e-03,-8.596599436643306488e-03
2.251999999999999957e+01,-6.417617682592693384e-01,-8.404071355946234334e-01,1.469750075181841753e+00,2.477311917153602883e-01,7.193725742139748733e-03,-8.500087561399968100e-03
2.253999999999999915e+01,-6.412618580571458615e-01,-8.354732626403940099e-01,1.469887121520339068e+00,2.481821520248987389e-01,7.024680541517031897e-03,-8.404602621950087518e-03
2.255999999999999872e+01,-6.407617091447193047e-01,-8.305303534877326310e-01,1.470021170500772856e+00,2.486326189159195899e-01,6.857534873462590649e-03,-8.310132257662757038e-03
2.257999999999999829e+01,-6.402613101762346659e-01,-8.255784193286941353e-01,1.470152246646456051e+00,2.490825888543751754e-01,6.692268568763285949e-03,-8.216664265650408180e-03
2.260000000000000142e+01,-6.397606498495465033e-01,-8.206174714164993222e-01,1.470280374307519011e+00,2.495320583094202127e-01,6.528861700703845160e-03,-8.124186598653547128e-03
2.262000000000000099e+01,-6.392597169063063411e-01,-8.156475210656088937e-01,1.470405577662543095e+00,2.499810237532970880e-01,6.367294581975330679e-03,-8.032687362952822471e-03
2.264000000000000057e+01,-6.387585001321127720e-01,-8.106685796517909548e-01,1.470527880720183367e+00,2.504294816612228081e-01,6.207547761625247136e-03,-7.942154816307896159e-03
2.266000000000000014e+01,-6.382569883566939772e-01,-8.056806586121967317e-01,1.470647307320773312e+00,2.508774285112773117e-01,6.049602022047502990e-03,-7.852577365922540006e-03
2.267999999999999972e+01,-6.377551704540627142e-01,-8.006837694454347343e-01,1.470763881137915341e+00,2.513248607842923921e-01,5.893438376014683774e-03,-7.763943566436532807e-03
2.269999999999999929e+01,-6.372530353427037220e-01,-7.956779237116349268e-01,1.470877625680052647e+00,2.517717749637418678e-01,5.739038063748579457e-03,-7.676242117943071763e-03
2.271999999999999886e+01,-6.367505719857220470e-01,-7.906631330325315510e-01,1.470988564292031953e+00,2.522181675356339192e-01,5.586382550030893207e-03,-7.589461864032046035e-03
2.273999999999999844e+01,-6.362477693910246757e-01,-7.856394090915235218e-01,1.471096720156642501e+00,2.526640349884031744e-01,5.435453521353310162e-03,-7.503591789859069203e-03
2.276000000000000156e+01,-6.357446166114812947e-01,-7.806067636337576943e-01,1.471202116296153051e+00,2.531093738128047943e-01,5.286232883103861822e-03,-7.418621020238858575e-03
2.278000000000000114e+01,-6.352411027451005943e-01,-7.755652084661912582e-01,1.471304775573821333e+00,2.535541805018097228e-01,5.138702756793287092e-03,-7.334538817764343910e-03
2.280000000000000071e+01,-6.347372169351825910e-01,-7.705147554576718960e-01,1.471404720695395740e+00,2.539984515505003260e-01,4.992845477318616151e-03,-7.251334580950244413e-03
2.282000000000000028e+01,-6.342329483705140269e-01,-7.654554165390001774e-01,1.471501974210595476e+00,2.544421834559686402e-01,4.848643590263043007e-03,-7.168997842400854671e-03
2.283999999999999986e+01,-6.337282862855055932e-01,-7.603872037030157127e-01,1.471596558514598474e+00,2.548853727172137318e-01,4.706079849230313840e-03,-7.087518267001377721e-03
2.285999999999999943e+01,-6.332232199603873291e-01,-7.553101290046528860e-01,1.471688495849476030e+00,2.553280158350408890e-01,4.565137213220845855e-03,-7.006885650134892125e-03
2.287999999999999901e+01,-6.327177387213622772e-01,-7.502242045610227894e-01,1.471777808305652968e+00,2.557701093119639224e-01,4.425798844035729214e-03,-6.927089915920405482e-03
2.289999999999999858e+01,-6.322118319407672438e-01,-7.451294425514873865e-01,1.471864517823337604e+00,2.562116496521044118e-01,4.288048103720337040e-03,-6.848121115475822029e-03
2.292000000000000171e+01,-6.317054890372717502e-01,-7.400258552177214622e-01,1.471948646193925292e+00,2.566526333610963939e-01,4.151868552043018468e-03,-6.769969425203958661e-03
2.294000000000000128e+01,-6.311986994760094838e-01,-7.349134548637956676e-01,1.472030215061414404e+00,2.570930569459878301e-01,4.017243944004940392e-03,-6.692625145100486971e-03
2.296000000000000085e+01,-6.306914527687679239e-01,-7.297922538562415795e-01,1.472109245923785670e+00,2.575329169151477915e-01,3.884158227385258160e-03,-6.616078697084841302e-03
2.298000000000000043e+01,-6.301837384741530990e-01,-7.246622646241240862e-01,1.472185760134390176e+00,2.579722097781695922e-01,3.752595540319078604e-03,-6.540320623353341675e-03
2.300000000000000000e+01,-6.296755461977614488e-01,-7.195234996591159948e-01,1.472259778903292515e+00,2.584109320457797510e-01,3.622540208909439709e-03,-6.465341584754535909e-03
2.301999999999999957e+01,-6.291668655923379205e-01,-7.143759715155701961e-01,1.472331323298645023e+00,2.588490802297435112e-01,3.493976744867967419e-03,-6.391132359185296846e-03
2.303999999999999915e+01,-6.286576863579509400e-01,-7.092196928105884979e-01,1.472400414248009826e+00,2.592866508427751349e-01,3.366889843191348420e-03,-6.317683840009443233e-03
2.305999999999999872e+01,-6.281479982421651620e-01,-7.040546762240977863e-01,1.472467072539683564e+00,2.597236403984465869e-01,3.241264379868056492e-03,-6.244987034497250997e-03
2.307999999999999829e+01,-6.276377910401973459e-01,-6.988809344989181938e-01,1.472531318824017443e+00,2.601600454110983285e-01,3.117085409614079976e-03,-6.173033062285305031e-03
2.310000000000000142e+01,-6.271270545950975439e-01,-6.936984804408368177e-01,1.472593173614708650e+00,2.605958623957507769e-01,2.994338163642387002e-03,-6.101813153857891039e-03
2.312000000000000099e+01,-6.266157787979085292e-01,-6.885073269186807732e-01,1.472652657290095535e+00,2.610310878680168756e-01,2.873008047459724764e-03,-6.031318649048025317e-03
2.314000000000000057e+01,-6.261039535878443196e-01,-6.833074868643891353e-01,1.472709790094425264e+00,2.614657183440151078e-01,2.753080638695326425e-03,-5.961540995559267385e-03
2.316000000000000014e+01,-6.255915689524429446e-01,-6.780989732730811070e-01,1.472764592139124140e+00,2.618997503402838989e-01,2.634541684957908761e-03,-5.892471747507165361e-03
2.317999999999999972e+01,-6.250786149277529624e-01,-6.728817992031350670e-01,1.472817083404046157e+00,2.623331803736965728e-01,2.517377101720860363e-03,-5.824102563980013136e-03
2.319999999999999929e+01,-6.245650815984817861e-01,-6.676559777762511860e-01,1.472867283738706456e+00,2.627660049613781412e-01,2.401572970239992336e-03,-5.756425207620295866e-03
2.321999999999999886e+01,-6.240509590981848653e-01,-6.624215221775329177e-01,1.472915212863521894e+00,2.631982206206207597e-01,2.287115535492402311e-03,-5.689431543223302280e-03
2.323999999999999844e+01,-6.235362376094220060e-01,-6.571784456555549436e-01,1.472960890371020737e+00,2.636298238688031814e-01,2.173991204149812624e-03,-5.623113536356405366e-03
2.326000000000000156e+01,-6.230209073639194628e-01,-6.519267615224315637e-01,1.473004335727048142e+00,2.640608112233081561e-01,2.062186542576280486e-03,-5.557463251996345999e-03
2.328000000000000114e+01,-6.225049586427573445e-01,-6.466664831538964098e-01,1.473045568271955208e+00,2.644911792014422725e-01,1.951688274854208654e-03,-5.492472853185248992e-03
2.330000000000000071e+01,-6.219883817765237133e-01,-6.413976239893697251e-01,1.473084607221794240e+00,2.649209243203565212e-01,1.842483280834908508e-03,-5.428134599704155516e-03
2.332000000000000028e+01,-6.214711671454842268e-01,-6.361201975320283086e-01,1.473121471669482263e+00,2.653500430969673585e-01,1.734558594216784261e-03,-5.364440846765032925e-03
2.333999999999999986e+01,-6.209533051797553327e-01,-6.308342173488821203e-01,1.473156180585960540e+00,2.657785320478785462e-01,1.627901400652165482e-03,-5.301384043721214280e-03
2.335999999999999943e+01,-6.204347863594699142e-01,-6.255396970708457793e-01,1.473188752821349867e+00,2.662063876893041581e-01,1.522499035874236165e-03,-5.238956732793825961e-03
2.337999999999999901e+01,-6.199156012149464878e-01,-6.202366503928047337e-01,1.473219207106089668e+00,2.666336065369916963e-01,1.418338983854257069e-03,-5.177151547816847936e-03
2.339999999999999858e+01,-6.193957403268512962e-01,-6.149250910736989706e-01,1.473247562052063975e+00,2.670601851061469856e-01,1.315408874980108665e-03,-5.115961212998351194e-03
2.342000000000000171e+01,-6.188751943263830491e-01,-6.096050329365796383e-01,1.473273836153720318e+00,2.674861199113598986e-01,1.213696484263604262e-03,-5.055378541699518703e-03
2.344000000000000128e+01,-6.183539538954168080e-01,-6.042764898686980857e-01,1.473298047789185272e+00,2.679114074665284728e-01,1.113189729565938367e-03,-4.995396435228898098e-03
2.346000000000000085e+01,-6.178320097666962774e-01,-5.989394758215613734e-01,1.473320215221350038e+00,2.683360442847876337e-01,1.013876669853949796e-03,-4.936007881654589681e-03
2.348000000000000043e+01,-6.173093527239896794e-01,-5.935940048110166511e-01,1.473340356598971779e+00,2.687600268784359758e-01,9.157455034749633618e-04,-4.877205954631461463e-03
2.350000000000000000e+01,-6.167859736022602846e-01,-5.882400909173173265e-01,1.473358489957744766e+00,2.691833517588633762e-01,8.187845664565160516e-04,-4.818983812244824992e-03
2.351999999999999957e+01,-6.162618632878325009e-01,-5.828777482851961178e-01,1.473374633221368857e+00,2.696060154364809391e-01,7.229823308300754089e-04,-4.761334695869800029e-03
2.353999999999999915e+01,-6.157370127185624042e-01,-5.775069911239378850e-01,1.473388804202611091e+00,2.700280144206505528e-01,6.283274029759696811e-04,-4.704251929046254430e-03
2.355999999999999872e+01,-6.152114128840144858e-01,-5.721278337074495735e-01,1.473401020604351075e+00,2.704493452196145009e-01,5.348085219916554186e-04,-4.647728916368976636e-03
2.357999999999999829e+01,-6.146850548256095337e-01,-5.667402903743370413e-01,1.473411300020622816e+00,2.708700043404277946e-01,4.424145580806938230e-04,-4.591759142392918581e-03
2.360000000000000142e+01,-6.141579296368133711e-01,-5.613443755279687863e-01,1.473419659937646120e+00,2.712899882888895053e-01,3.511345109656072985e-04,-4.536336170553594005e-03
2.362000000000000099e+01,-6.136300284632967283e-01,-5.559401036365594351e-01,1.473426117734847329e+00,2.717092935694755962e-01,2.609575083197696065e-04,-4.481453642101846345e-03
2.364000000000000057e+01,-6.131013425030991115e-01,-5.505274892332296943e-01,1.473430690685864963e+00,2.721279166852720865e-01,1.718728042223233903e-04,-4.427105275053546535e-03
2.366000000000000014e+01,-6.125718630068077708e-01,-5.451065469160867316e-01,1.473433395959560910e+00,2.725458541379088273e-01,8.386977763311205742e-05,-4.373284863153211952e-03
2.367999999999999972e+01,-6.120415812777184605e-01,-5.396772913482932310e-01,1.473434250621004971e+00,2.729631024274948303e-01,-3.062069111455411235e-06,-4.319986274852164951e-03
2.369999999999999929e+01,-6.115104886720033051e-01,-5.342397372581400017e-01,1.473433271632472286e+00,2.733796580525530429e-01,-8.893311178302611055e-05,-4.267203452299996730e-03
2.371999999999999886e+01,-6.109785765988839934e-01,-5.287938994391145897e-01,1.473430475854403898e+00,2.737955175099568428e-01,-1.737536057246344195e-04,-4.214930410350579450e-03
2.373999999999999844e+01,-6.104458365207952042e-01,-5.233397927499823243e-01,1.473425880046387526e+00,2.742106772948662008e-01,-2.575336872957910287e-04,-4.163161235580748777e-03
2.376000000000000156e+01,-6.099122599535595768e-01,-5.178774321148462700e-01,1.473419500868104359e+00,2.746251339006657299e-01,-3.402833752961178398e-04,-4.111890085323332590e-03
2.378000000000000114e+01,-6.093778384665493597e-01,-5.124068325232300491e-01,1.473411354880284296e+00,2.750388838189024021e-01,-4.220125723711641748e-04,-4.061111186712545659e-03
2.380000000000000071e+01,-6.088425636828591614e-01,-5.069280090301426789e-01,1.473401458545655407e+00,2.754519235392235976e-01,-5.027310664002078910e-04,-4.010818835742503176e-03
2.382000000000000028e+01,-6.083064272794662664e-01,-5.014409767561536224e-01,1.473389828229863197e+00,2.758642495493177638e-01,-5.824485318632855683e-04,-3.961007396338827105e-03
2.383999999999999986e+01,-6.077694209874136000e-01,-4.959457508874645093e-01,1.473376480202401639e+00,2.762758583348526864e-01,-6.611745311891183488e-04,-3.911671299443281180e-03
2.385999999999999943e+01,-6.072315365919638275e-01,-4.904423466759806338e-01,1.473361430637536440e+00,2.766867463794178694e-01,-7.389185160899466864e-04,-3.862805042109258759e-03
2.387999999999999901e+01,-6.066927659327805422e-01,-4.849307794393848958e-01,1.473344695615202760e+00,2.770969101644643051e-01,-8.156898288714651462e-04,-3.814403186611757361e-03
2.389999999999999858e+01,-6.061531009040765916e-01,-4.794110645612048582e-01,1.473326291121916265e+00,2.775063461692464650e-01,-8.914977037300966497e-04,-3.766460359567712964e-03
2.392000000000000171e+01,-6.056125334548108086e-01,-4.738832174908922390e-01,1.473306233051656644e+00,2.779150508707656786e-01,-9.663512680306217363e-04,-3.718971251069270144e-03
2.394000000000000128e+01,-6.050710555888318964e-01,-4.683472537438893024e-01,1.473284537206764000e+00,2.783230207437115133e-01,-1.040259543567469223e-03,-3.671930613828256352e-03
2.396000000000000085e+01,-6.045286593650645024e-01,-4.628031889017019118e-01,1.473261219298808600e+00,2.787302522604069854e-01,-1.113231447808707766e-03,-3.625333262332526910e-03
2.398000000000000043e+01,-6.039853368976548786e-01,-4.572510386119708059e-01,1.473236294949458181e+00,2.791367418907514941e-01,-1.185275795121856985e-03,-3.579174072014214975e-03
2.400000000000000000e+01,-6.034410803561609526e-01,-4.516908185885488702e-01,1.473209779691357024e+00,2.795424861021666985e-01,-1.256401297987453812e-03,-3.533447978427807414e-03
2.401999999999999957e+01,-6.028958819657179724e-01,-4.461225446115648641e-01,1.473181688968957070e+00,2.799474813595407285e-01,-1.326616568190037634e-03,-3.488149976441486978e-03
2.403999999999999915e+01,-6.023497340072010431e-01,-4.405462325275031343e-01,1.473152038139388553e+00,2.803517241251750614e-01,-1.395930117998806560e-03,-3.443275119437380107e-03
2.405999999999999872e+01,-6.018026288173818905e-01,-4.349618982492704511e-01,1.473120842473286229e+00,2.807552108587302864e-01,-1.464350361328756525e-03,-3.398818518524163342e-03
2.408000000000000185e+01,-6.012545587891287013e-01,-4.293695577562697263e-01,1.473088117155630039e+00,2.811579380171734810e-01,-1.531885614888426608e-03,-3.354775341759166050e-03
2.410000000000000142e+01,-6.007055163715415702e-01,-4.237692270944741768e-01,1.473053877286562008e+00,2.815599020547258635e-01,-1.598544099309530137e-03,-3.311140813382153908e-03
2.412000000000000099e+01,-6.001554940701385732e-01,-4.181609223764961580e-01,1.473018137882222467e+00,2.819610994228107237e-01,-1.664333940264991997e-03,-3.267910213058242228e-03
2.414000000000000057e+01,-5.996044844470236335e-01,-4.125446597816593286e-01,1.472980913875547415e+00,2.823615265700022414e-01,-1.729263169569044334e-03,-3.225078875131840404e-03
2.416000000000000014e+01,-5.990524801210490580e-01,-4.069204555560748116e-01,1.472942220117084089e+00,2.827611799419749161e-01,-1.793339726263140470e-03,-3.182642187890603099e-03
2.417999999999999972e+01,-5.984994737679905086e-01,-4.012883260127062535e-01,1.472902071375776778e+00,2.831600559814528295e-01,-1.856571457687768547e-03,-3.140595592839017392e-03
2.419999999999999929e+01,-5.979454581207037656e-01,-3.956482875314484282e-01,1.472860482339778398e+00,2.835581511281604628e-01,-1.918966120539694793e-03,-3.098934583981937697e-03
2.421999999999999886e+01,-5.973904259693023633e-01,-3.900003565591960708e-01,1.472817467617221654e+00,2.839554618187730695e-01,-1.980531381915654268e-03,-3.057654707117450025e-03
2.423999999999999844e+01,-5.968343701613352259e-01,-3.843445496099153758e-01,1.472773041737000410e+00,2.843519844868684365e-01,-2.041274820339461331e-03,-3.016751559140101648e-03
2.426000000000000156e+01,-5.962772836019327727e-01,-3.786808832647188261e-01,1.472727219149545075e+00,2.847477155628784784e-01,-2.101203926778144517e-03,-2.976220787352451373e-03
2.428000000000000114e+01,-5.957191592539823333e-01,-3.730093741719355815e-01,1.472680014227595313e+00,2.851426514740411089e-01,-2.160326105643961200e-03,-2.936058088786310839e-03
2.430000000000000071e+01,-5.951599901383186619e-01,-3.673300390471812005e-01,1.472631441266945007e+00,2.855367886443547221e-01,-2.218648675780846360e-03,-2.896259209533361568e-03
2.432000000000000028e+01,-5.945997693338647139e-01,-3.616428946734331351e-01,1.472581514487209420e+00,2.859301234945295089e-01,-2.276178871439871881e-03,-2.856819944084283431e-03
2.433999999999999986e+01,-5.940384899777972905e-01,-3.559479579011031181e-01,1.472530248032568823e+00,2.863226524419427710e-01,-2.332923843240689282e-03,-2.817736134676810875e-03
2.435999999999999943e+01,-5.934761452657513203e-01,-3.502452456481035536e-01,1.472477655972506572e+00,2.867143719005929015e-01,-2.388890659119163613e-03,-2.779003670652954120e-03
2.437999999999999901e+01,-5.929127284519482011e-01,-3.445347748999283422e-01,1.472423752302549405e+00,2.871052782810538662e-01,-2.444086305264517485e-03,-2.740618487823949425e-03
2.439999999999999858e+01,-5.923482328493863136e-01,-3.388165627097174948e-01,1.472368550944999743e+00,2.874953679904310166e-01,-2.498517687041011334e-03,-2.702576567844588561e-03
2.442000000000000171e+01,-5.917826518300031147e-01,-3.330906261983290761e-01,1.472312065749650678e+00,2.878846374323168478e-01,-2.552191629900015055e-03,-2.664873937595091304e-03
2.444000000000000128e+01,-5.912159788248474435e-01,-3.273569825544206946e-01,1.472254310494512497e+00,2.882730830067462557e-01,-2.605114880276795854e-03,-2.627506668571993713e-03
2.446000000000000085e+01,-5.906482073242349529e-01,-3.216156490345098984e-01,1.472195298886523007e+00,2.886607011101552378e-01,-2.657294106478078240e-03,-2.590470876286292759e-03
2.448000000000000043e+01,-5.900793308779395119e-01,-3.158666429630514472e-01,1.472135044562250306e+00,2.890474881353365944e-01,-2.708735899556311260e-03,-2.553762719670094571e-03
2.450000000000000000e+01,-5.895093430953357583e-01,-3.101099817325114749e-01,1.472073561088603322e+00,2.894334404713982956e-01,-2.759446774171889390e-03,-2.517378400491021226e-03
2.451999999999999957e+01,-5.889382376455887247e-01,-3.043456828034341033e-01,1.472010861963515715e+00,2.898185545037211819e-01,-2.809433169443228181e-03,-2.481314162774547836e-03
2.453999999999999915e+01,-5.883660082578092698e-01,-2.985737637045171589e-01,1.471946960616646649e+00,2.902028266139173862e-01,-2.858701449788152420e-03,-2.445566292233418600e-03
2.455999999999999872e+01,-5.877926487212281614e-01,-2.927942420326854478e-01,1.471881870410061799e+00,2.905862531797905324e-01,-2.907257905750356558e-03,-2.410131115705079451e-03
2.458000000000000185e+01,-5.872181528853577248e-01,-2.870071354531558150e-01,1.471815604638909258e+00,2.909688305752942683e-01,-2.955108754816809877e-03,-2.375005000596548763e-03
2.460000000000000142e+01,-5.866425146601774721e-01,-2.812124616995210769e-01,1.471748176532102326e+00,2.913505551704922425e-01,-3.002260142224334825e-03,-2.340184354336104222e-03
2.462000000000000099e+01,-5.860657280162722138e-01,-2.754102385738115277e-01,1.471679599252983639e+00,2.917314233315182470e-01,-3.048718141753508411e-03,-2.305665623832727374e-03
2.464000000000000057e+01,-5.854877869850403371e-01,-2.696004839465697689e-01,1.471609885899985315e+00,2.921114314205386364e-01,-3.094488756513129324e-03,-2.271445294942458452e-03
2.466000000000000014e+01,-5.849086856588190386e-01,-2.637832157569219849e-01,1.471539049507301522e+00,2.924905757957110275e-01,-3.139577919715173110e-03,-2.237519891941215210e-03
2.467999999999999972e+01,-5.843284181910881614e-01,-2.579584520126569913e-01,1.471467103045528413e+00,2.928688528111484390e-01,-3.183991495436260758e-03,-2.203885977005513429e-03
2.469999999999999929e+01,-5.837469787966176327e-01,-2.521262107902868532e-01,1.471394059422318712e+00,2.932462588168793238e-01,-3.227735279371484519e-03,-2.170540149699074634e-03
2.471999999999999886e+01,-5.831643617516490963e-01,-2.462865102351299296e-01,1.471319931483031640e+00,2.936227901588117084e-01,-3.270814999576793225e-03,-2.137479046466511916e-03
2.473999999999999844e+01,-5.825805613940477912e-01,-2.404393685613739340e-01,1.471244732011360856e+00,2.939984431786953345e-01,-3.313236317201619357e-03,-2.104699340133575625e-03
2.476000000000000156e+01,-5.819955721234899571e-01,-2.345848040521516520e-01,1.471168473729983495e+00,2.943732142140852992e-01,-3.355004827211760000e-03,-2.072197739413732948e-03
2.478000000000000114e+01,-5.814093884016138247e-01,-2.287228350596173243e-01,1.471091169301179002e+00,2.947470995983050290e-01,-3.396126059101758823e-03,-2.039970988421407980e-03
2.480000000000000071e+01,-5.808220047522070217e-01,-2.228534800050108178e-01,1.471012831327459747e+00,2.951200956604120296e-01,-3.436605477599243268e-03,-2.008015866190977598e-03
2.482000000000000028e+01,-5.802334157613548982e-01,-2.169767573787333426e-01,1.470933472352192073e+00,2.954921987251608040e-01,-3.476448483356921800e-03,-1.976329186202872758e-03
2.483999999999999986e+01,-5.796436160776234914e-01,-2.110926857404227253e-01,1.470853104860210037e+00,2.958634051129692688e-01,-3.515660413637821356e-03,-1.944907795914835834e-03
2.485999999999999943e+01,-5.790526004122140691e-01,-2.052012837190182459e-01,1.470771741278435352e+00,2.962337111398830047e-01,-3.554246542990622572e-03,-1.913748576299621144e-03
2.487999999999999901e+01,-5.784603635391567522e-01,-1.993025700128359112e-01,1.470689393976471804e+00,2.966031131175417279e-01,-3.592212083913972134e-03,-1.882848441388880641e-03
2.489999999999999858e+01,-5.778669002954428535e-01,-1.933965633896477243e-01,1.470606075267222979e+00,2.969716073531450951e-01,-3.629562187514542761e-03,-1.852204337822283041e-03
2.492000000000000171e+01,-5.772722055812220532e-01,-1.874832826867391944e-01,1.470521797407484010e+00,2.973391901494196188e-01,-3.666301944154360445e-03,-1.821813244402816596e-03
2.494000000000000128e+01,-5.766762743599676000e-01,-1.815627468109957121e-01,1.470436572598533553e+00,2.977058578045854165e-01,-3.702436384088446733e-03,-1.791672171657914241e-03
2.496000000000000085e+01,-5.760791016586237490e-01,-1.756349747389627236e-01,1.470350412986733302e+00,2.980716066123231256e-01,-3.737970478096904262e-03,-1.761778161405387838e-03
2.498000000000000043e+01,-5.754806825677976079e-01,-1.696999855169281091e-01,1.470263330664108192e+00,2.984364328617430395e-01,-3.772909138105559178e-03,-1.732128286325631487e-03
2.500000000000000000e+01,-5.748810122419190094e-01,-1.637577982609847993e-01,1.470175337668934157e+00,2.988003328373513012e-01,-3.807257217798506749e-03,-1.702719649538979134e-03
2.501999999999999957e+01,-5.742800858994012714e-01,-1.578084321571109339e-01,1.470086445986308110e+00,2.991633028190198718e-01,-3.841019513223488217e-03,-1.673549384188336830e-03
2.503999999999999915e+01,-5.736778988228294907e-01,-1.518519064612366964e-01,1.469996667548734592e+00,2.995253390819545003e-01,-3.874200763387448693e-03,-1.644614653027038883e-03
2.505999999999999872e+01,-5.730744463590990989e-01,-1.458882404993175896e-01,1.469906014236686875e+00,2.998864378966645816e-01,-3.906805650845762874e-03,-1.615912648011935075e-03
2.508000000000000185e+01,-5.724697239196157028e-01,-1.399174536674057112e-01,1.469814497879180726e+00,3.002465955289325139e-01,-3.938838802281040274e-03,-1.587440589901606153e-03
2.510000000000000142e+01,-5.718637269804425216e-01,-1.339395654317283579e-01,1.469722130254331294e+00,3.006058082397834452e-01,-3.970304789076169877e-03,-1.559195727859528273e-03
2.512000000000000099e+01,-5.712564510824753583e-01,-1.279545953287468674e-01,1.469628923089918660e+00,3.009640722854554640e-01,-4.001208127877533237e-03,-1.531175339062261411e-03
2.514000000000000057e+01,-5.706478918316166826e-01,-1.219625629652416610e-01,1.469534888063940059e+00,3.013213839173714548e-01,-4.031553281152950099e-03,-1.503376728312126164e-03
2.516000000000000014e+01,-5.700380448989248450e-01,-1.159634880183766370e-01,1.469440036805166105e+00,3.016777393821084008e-01,-4.061344657738111090e-03,-1.475797227655501701e-03
2.517999999999999972e+01,-5.694269060208076993e-01,-1.099573902357735555e-01,1.469344380893682356e+00,3.020331349213701833e-01,-4.090586613379756063e-03,-1.448434196004771621e-03
2.519999999999999929e+01,-5.688144709991744818e-01,-1.039442894355855351e-01,1.469247931861446421e+00,3.023875667719585492e-01,-4.119283451268580289e-03,-1.421285018765653524e-03
2.521999999999999886e+01,-5.682007357016107818e-01,-9.792420550656499856e-02,1.469150701192811326e+00,3.027410311657457442e-01,-4.147439422564225958e-03,-1.394347107469128639e-03
2.523999999999999844e+01,-5.675856960615437430e-01,-9.189715840814161041e-02,1.469052700325086613e+00,3.030935243296466464e-01,-4.175058726916398323e-03,-1.367617899407126908e-03
2.526000000000000156e+01,-5.669693480784054884e-01,-8.586316817048711414e-02,1.468953940649054823e+00,3.034450424855917317e-01,-4.202145512974559544e-03,-1.341094857273538539e-03
2.528000000000000114e+01,-5.663516878178160852e-01,-7.982225489459526813e-02,1.468854433509508839e+00,3.037955818504998184e-01,-4.228703878893104451e-03,-1.314775468809098978e-03
2.530000000000000071e+01,-5.657327114117451927e-01,-7.377443875234490633e-02,1.468754190205785237e+00,3.041451386362524212e-01,-4.254737872828828933e-03,-1.288657246450604409e-03
2.532000000000000028e+01,-5.651124150586657180e-01,-6.771973998658320504e-02,1.468653221992284319e+00,3.044937090496666054e-01,-4.280251493431700555e-03,-1.262737726984299903e-03
2.533999999999999986e+01,-5.644907950237465499e-01,-6.165817891118474670e-02,1.468551540078992801e+00,3.048412892924697859e-01,-4.305248690327616486e-03,-1.237014471203799326e-03
2.535999999999999943e+01,-5.638678476390035499e-01,-5.558977591113412053e-02,1.468449155632001846e+00,3.051878755612744687e-01,-4.329733364595736954e-03,-1.211485063571566406e-03
2.537999999999999901e+01,-5.632435693034762991e-01,-4.951455144259298002e-02,1.468346079774022650e+00,3.055334640475521613e-01,-4.353709369238264841e-03,-1.186147111884965294e-03
2.539999999999999858e+01,-5.626179564833906355e-01,-4.343252603297176329e-02,1.468242323584906250e+00,3.058780509376095025e-01,-4.377180509644364517e-03,-1.160998246945601012e-03
2.542000000000000171e+01,-5.619910057123362890e-01,-3.734372028100518826e-02,1.468137898102142236e+00,3.062216324125629496e-01,-4.400150544045995996e-03,-1.136036122233447746e-03
2.544000000000000128e+01,-5.613627135914223132e-01,-3.124815485682352900e-02,1.468032814321371227e+00,3.065642046483160188e-01,-4.422623183969067069e-03,-1.111258413583980165e-03
2.546000000000000085e+01,-5.607330767894582735e-01,-2.514585050201700867e-02,1.467927083196892024e+00,3.069057638155333612e-01,-4.444602094677500836e-03,-1.086662818869515339e-03
2.548000000000000043e+01,-5.601020920431079020e-01,-1.903682802972106458e-02,1.467820715642152773e+00,3.072463060796189471e-01,-4.466090895609559422e-03,-1.062247057684422230e-03
2.550000000000000000e+01,-5.594697561570818323e-01,-1.292110832467718851e-02,1.467713722530256559e+00,3.075858276006926961e-01,-4.487093160810386866e-03,-1.038008871033532831e-03
2.551999999999999957e+01,-5.588360660042743788e-01,-6.798712343307755646e-03,1.467606114694461228e+00,3.079243245335669399e-01,-4.507612419357025918e-03,-1.013946021024375978e-03
2.553999999999999915e+01,-5.582010185259536073e-01,-6.696611137959607163e-04,1.467497902928659226e+00,3.082617930277241070e-01,-4.527652155777026760e-03,-9.900562905632084854e-04
2.555999999999999872e+01,-5.575646107319203182e-01,5.466024263855562282e-03,1.467389097987878088e+00,3.085982292272949623e-01,-4.547215810461565332e-03,-9.663374830540348700e-04
2.558000000000000185e+01,-5.569268397006954530e-01,1.160832261774391583e-02,1.467279710588764052e+00,3.089336292710364029e-01,-4.566306780071997459e-03,-9.427874221016392838e-04
2.560000000000000142e+01,-5.562877025796533204e-01,1.775721270399222007e-02,1.467169751410064782e+00,3.092679892923094753e-01,-4.584928417941742246e-03,-9.194039512174313799e-04
2.562000000000000099e+01,-5.556471965852178840e-01,2.391267320668388763e-02,1.467059231093117422e+00,3.096013054190589475e-01,-4.603084034470903037e-03,-8.961849335288906478e-04
2.564000000000000057e+01,-5.550053190030261874e-01,3.007468273779156931e-02,1.466948160242323551e+00,3.099335737737919372e-01,-4.620776897516459640e-03,-8.731282514922801595e-04
2.566000000000000014e+01,-5.543620671880891138e-01,3.624321983709544170e-02,1.466836549425626135e+00,3.102647904735570950e-01,-4.638010232774271782e-03,-8.502318066087033444e-04
2.567999999999999972e+01,-5.537174385649636932e-01,4.241826297212103469e-02,1.466724409174987365e+00,3.105949516299244539e-01,-4.654787224159357382e-03,-8.274935191428863402e-04
2.569999999999999929e+01,-5.530714306279262971e-01,4.859979053806018356e-02,1.466611749986862723e+00,3.109240533489656677e-01,-4.671111014177067866e-03,-8.049113278454371641e-04
2.571999999999999886e+01,-5.524240409411307340e-01,5.478778085770663608e-02,1.466498582322661726e+00,3.112520917312336377e-01,-4.686984704290078456e-03,-7.824831896782379016e-04
2.573999999999999844e+01,-5.517752671387894381e-01,6.098221218137656052e-02,1.466384916609228428e+00,3.115790628717440836e-01,-4.702411355280261031e-03,-7.602070795423721949e-04
2.576000000000000156e+01,-5.511251069253209067e-01,6.718306268684060001e-02,1.466270763239298613e+00,3.119049628599552815e-01,-4.717393987605067451e-03,-7.380809900094405370e-04
2.578000000000000114e+01,-5.504735580755513169e-01,7.339031047924615692e-02,1.466156132571967419e+00,3.122297877797500787e-01,-4.731935581747515225e-03,-7.161029310556899386e-04
2.580000000000000071e+01,-5.498206184348504166e-01,7.960393359105966127e-02,1.466041034933140530e+00,3.125535337094175747e-01,-4.746039078561518042e-03,-6.942709297989595922e-04
2.582000000000000028e+01,-5.491662859193162660e-01,8.582390998197597654e-02,1.465925480616013576e+00,3.128761967216341366e-01,-4.759707379613740789e-03,-6.725830302381243225e-04
2.583999999999999986e+01,-5.485105585159404384e-01,9.205021753886066804e-02,1.465809479881506006e+00,3.131977728834463015e-01,-4.772943347516260537e-03,-6.510372929960504167e-04
2.585999999999999943e+01,-5.478534342827758863e-01,9.828283407567051100e-02,1.465693042958735592e+00,3.135182582562519582e-01,-4.785749806258742661e-03,-6.296317950643648929e-04
2.587999999999999901e+01,-5.471949113491048067e-01,1.045217373333819921e-01,1.465576180045455201e+00,3.138376488957850818e-01,-4.798129541531409060e-03,-6.083646295516459673e-04
2.589999999999999858e+01,-5.465349879156109481e-01,1.107669049799242522e-01,1.465458901308518858e+00,3.141559408520968044e-01,-4.810085301046766043e-03,-5.872339054335838420e-04
2.592000000000000171e+01,-5.458736622545474759e-01,1.170183146101013705e-01,1.465341216884314735e+00,3.144731301695397052e-01,-4.821619794852207569e-03,-5.662377473064476602e-04
2.594000000000000128e+01,-5.452109327098924041e-01,1.232759437455248630e-01,1.465223136879223675e+00,3.147892128867513239e-01,-4.832735695641907255e-03,-5.453742951422932547e-04
2.596000000000000085e+01,-5.445467976975368884e-01,1.295397698345341908e-01,1.465104671370067058e+00,3.151041850366373409e-01,-4.843435639061474847e-03,-5.246417040471045316e-04
2.598000000000000043e+01,-5.438812557054335528e-01,1.358097702521363637e-01,1.464985830404538447e+00,3.154180426463568665e-01,-4.853722224007707767e-03,-5.040381440213399398e-04
2.600000000000000000e+01,-5.432143052937865590e-01,1.420859222999228955e-01,1.464866624001652129e+00,3.157307817373062320e-01,-4.863598012924127273e-03,-4.835617997228978493e-04
2.601999999999999957e+01,-5.425459450952132556e-01,1.483682032060062994e-01,1.464747062152185197e+00,3.160423983251038349e-01,-4.873065532092194299e-03,-4.632108702321865827e-04
2.603999999999999915e+01,-5.418761738148818452e-01,1.546565901249401520e-01,1.464627154819110100e+00,3.163528884195750401e-01,-4.882127271917537960e-03,-4.429835688196577005e-04
2.605999999999999872e+01,-5.412049902307387583e-01,1.609510601376529237e-01,1.464506911938033840e+00,3.166622480247383575e-01,-4.890785687210497633e-03,-4.228781227158366369e-04
2.608000000000000185e+01,-5.405323931936178994e-01,1.672515902513769248e-01,1.464386343417640068e+00,3.169704731387894547e-01,-4.899043197464918176e-03,-4.028927728828349524e-04
2.610000000000000142e+01,-5.398583816274582503e-01,1.735581573995665927e-01,1.464265459140104308e+00,3.172775597540892778e-01,-4.906902187127810955e-03,-3.830257737892443760e-04
2.612000000000000099e+01,-5.391829545294228865e-01,1.798707384418398725e-01,1.464144268961548256e+00,3.175835038571478974e-01,-4.914365005870099945e-03,-3.632753931858303913e-04
2.614000000000000057e+01,-5.385061109701174686e-01,1.861893101638956161e-01,1.464022782712452120e+00,3.178883014286125741e-01,-4.921433968847889300e-03,-3.436399118843135774e-04
2.616000000000000014e+01,-5.378278500937199169e-01,1.925138492774483012e-01,1.463901010198092045e+00,3.181919484432544354e-01,-4.928111356962352682e-03,-3.241176235378349858e-04
2.617999999999999972e+01,-5.371481711181713692e-01,1.988443324201516482e-01,1.463778961198965778e+00,3.184944408699549312e-01,-4.934399417114734149e-03,-3.047068344232420562e-04
2.619999999999999929e+01,-5.364670733353325005e-01,2.051807361555275655e-01,1.463656645471220319e+00,3.187957746716933993e-01,-4.940300362455972254e-03,-2.854058632258162629e-04
2.621999999999999886e+01,-5.357845561111647115e-01,2.115230369728968718e-01,1.463534072747073145e+00,3.190959458055347975e-01,-4.945816372633084559e-03,-2.662130408254944681e-04
2.623999999999999844e+01,-5.351006188858660195e-01,2.178712112873038009e-01,1.463411252735239865e+00,3.193949502226175463e-01,-4.950949594030838036e-03,-2.471267100853456310e-04
2.626000000000000156e+01,-5.344152611741028736e-01,2.242252354394453917e-01,1.463288195121347224e+00,3.196927838681423162e-01,-4.955702140009254388e-03,-2.281452256416481258e-04
2.628000000000000114e+01,-5.337284825651131825e-01,2.305850856956008776e-01,1.463164909568368754e+00,3.199894426813588710e-01,-4.960076091137245215e-03,-2.092669536958631927e-04
2.630000000000000071e+01,-5.330402827228892804e-01,2.369507382475548596e-01,1.463041405717032672e+00,3.202849225955567980e-01,-4.964073495421857454e-03,-1.904902718084632701e-04
2.632000000000000028e+01,-5.323506613863857595e-01,2.433221692125329128e-01,1.462917693186241541e+00,3.205792195380533505e-01,-4.967696368532333734e-03,-1.718135686945678538e-04
2.633999999999999986e+01,-5.316596183696491451e-01,2.496993546331212066e-01,1.462793781573493046e+00,3.208723294301834006e-01,-4.970946694023451948e-03,-1.532352440208815101e-04
2.635999999999999943e+01,-5.309671535619804317e-01,2.560822704772003355e-01,1.462669680455297216e+00,3.211642481872880039e-01,-4.973826423550080193e-03,-1.347537082049191765e-04
2.637999999999999901e+01,-5.302732669281473576e-01,2.624708926378738205e-01,1.462545399387586320e+00,3.214549717187057398e-01,-4.976337477081370017e-03,-1.163673822154660565e-04
2.639999999999999858e+01,-5.295779585085025332e-01,2.688651969333908376e-01,1.462420947906130975e+00,3.217444959277616645e-01,-4.978481743110607649e-03,-9.807469737450861418e-05
2.642000000000000171e+01,-5.288812284191903856e-01,2.752651591070769399e-01,1.462296335526958035e+00,3.220328167117586515e-01,-4.980261078858300682e-03,-7.987409516132708894e-05
2.644000000000000128e+01,-5.281830768522901565e-01,2.816707548272638917e-01,1.462171571746753607e+00,3.223199299619671221e-01,-4.981677310475298576e-03,-6.176402701746264883e-05
2.646000000000000085e+01,-5.274835040759908722e-01,2.880819596872132848e-01,1.462046666043281817e+00,3.226058315636172735e-01,-4.982732233238850242e-03,-4.374295415355178469e-05
2.648000000000000043e+01,-5.267825104347787502e-01,2.944987492050494815e-01,1.461921627875791163e+00,3.228905173958893648e-01,-4.983427611746578216e-03,-2.580934735758267577e-05
2.650000000000000000e+01,-5.260800963495668725e-01,3.009210988236876716e-01,1.461796466685423734e+00,3.231739833319056121e-01,-4.983765180106018884e-03,-7.961686804437730883e-06
2.651999999999999957e+01,-5.253762623179039082e-01,3.073489839107534927e-01,1.461671191895630662e+00,3.234562252387220282e-01,-4.983746642120834638e-03,9.801538133106379116e-06
2.653999999999999915e+01,-5.246710089141251032e-01,3.137823797585226338e-01,1.461545812912566245e+00,3.237372389773207626e-01,-4.983373671471991000e-03,2.748182907185389405e-05
2.655999999999999872e+01,-5.239643367894952775e-01,3.202212615838373466e-01,1.461420339125509615e+00,3.240170204026019962e-01,-4.982647911897369018e-03,4.508067880468314645e-05
2.658000000000000185e+01,-5.232562466724317574e-01,3.266656045280469378e-01,1.461294779907262864e+00,3.242955653633771140e-01,-4.981570977365097977e-03,6.259957148542101275e-05
2.660000000000000142e+01,-5.225467393686296091e-01,3.331153836569225035e-01,1.461169144614559823e+00,3.245728697023609888e-01,-4.980144452245253983e-03,8.003998281256297889e-05
2.662000000000000099e+01,-5.218358157612472681e-01,3.395705739605969775e-01,1.461043442588461749e+00,3.248489292561667074e-01,-4.978369891476836645e-03,9.740338021191845665e-05
2.664000000000000057e+01,-5.211234768110637461e-01,3.460311503534825306e-01,1.460917683154782098e+00,3.251237398552966340e-01,-4.976248820732190499e-03,1.146912230179742223e-04
2.666000000000000014e+01,-5.204097235566607083e-01,3.524970876742092862e-01,1.460791875624467995e+00,3.253972973241385791e-01,-4.973782736575550062e-03,1.319049626538896971e-04
2.667999999999999972e+01,-5.196945571145823450e-01,3.589683606855409437e-01,1.460666029294022339e+00,3.256695974809586391e-01,-4.970973106621025435e-03,1.490460428107792364e-04
2.669999999999999929e+01,-5.189779786795103433e-01,3.654449440743143818e-01,1.460540153445886835e+00,3.259406361378956452e-01,-4.967821369683884068e-03,1.661158996253808001e-04
2.671999999999999886e+01,-5.182599895244237587e-01,3.719268124513623874e-01,1.460414257348862099e+00,3.262104091009561113e-01,-4.964328935931509867e-03,1.831159618572634313e-04
2.673999999999999844e+01,-5.175405910007695454e-01,3.784139403514381605e-01,1.460288350258504453e+00,3.264789121700087948e-01,-4.960497187028114693e-03,2.000476510645701940e-04
2.676000000000000156e+01,-5.168197845386321987e-01,3.849063022331513650e-01,1.460162441417519386e+00,3.267461411387801440e-01,-4.956327476277238089e-03,2.169123817788137624e-04
2.678000000000000114e+01,-5.160975716469042851e-01,3.914038724788873047e-01,1.460036540056177889e+00,3.270120917948492467e-01,-4.951821128760891186e-03,2.337115616789418816e-04
2.680000000000000071e+01,-5.153739539134551961e-01,3.979066253947429743e-01,1.459910655392698819e+00,3.272767599196444999e-01,-4.946979441474142619e-03,2.504465917641530135e-04
2.682000000000000028e+01,-5.146489330052972377e-01,4.044145352104502322e-01,1.459784796633665005e+00,3.275401412884388352e-01,-4.941803683457706049e-03,2.671188665260371218e-04
2.683999999999999986e+01,-5.139225106687517197e-01,4.109275760793056342e-01,1.459658972974413604e+00,3.278022316703461114e-01,-4.936295095926125816e-03,2.837297741198019862e-04
2.685999999999999943e+01,-5.131946887296185977e-01,4.174457220780944944e-01,1.459533193599444667e+00,3.280630268283181161e-01,-4.930454892392929431e-03,3.002806965346214215e-04
2.687999999999999901e+01,-5.124654690933585499e-01,4.239689472070264920e-01,1.459407467682808823e+00,3.283225225191410690e-01,-4.924284258791404231e-03,3.167730097630181503e-04
2.689999999999999858e+01,-5.117348537452253154e-01,4.304972253896566237e-01,1.459281804388525838e+00,3.285807144934330681e-01,-4.917784353594563916e-03,3.332080839699825365e-04
2.692000000000000171e+01,-5.110028447504761928e-01,4.370305304728168139e-01,1.459156212870962088e+00,3.288375984956405929e-01,-4.910956307928208281e-03,3.495872836605973429e-04
2.694000000000000128e+01,-5.102694442545168130e-01,4.435688362265417517e-01,1.459030702275247116e+00,3.290931702640378931e-01,-4.903801225683785195e-03,3.659119678476332690e-04
2.696000000000000085e+01,-5.095346544830752222e-01,4.501121163439982809e-01,1.458905281737663095e+00,3.293474255307228260e-01,-4.896320183625401355e-03,3.821834902178896341e-04
2.698000000000000043e+01,-5.087984777423670835e-01,4.566603444414116808e-01,1.458779960386052066e+00,3.296003600216176332e-01,-4.888514231495730625e-03,3.984031992984335782e-04
2.700000000000000000e+01,-5.080609164192670946e-01,4.632134940580003857e-01,1.458654747340207392e+00,3.298519694564651661e-01,-4.880384392117367853e-03,4.145724386217439477e-04
2.701999999999999957e+01,-5.073219729814759660e-01,4.697715386558924955e-01,1.458529651712279662e+00,3.301022495488289965e-01,-4.871931661490069669e-03,4.306925468904415589e-04
2.703999999999999915e+01,-5.065816499776909509e-01,4.763344516200609391e-01,1.458404682607175040e+00,3.303511960060926955e-01,-4.863157008887367301e-03,4.467648581415464772e-04
2.705999999999999872e+01,-5.058399500377754876e-01,4.829022062582550845e-01,1.458279849122952498e+00,3.305988045294578348e-01,-4.854061376946696739e-03,4.627907019100170128e-04
2.708000000000000185e+01,-5.050968758729155184e-01,4.894747758009168059e-01,1.458155160351225943e+00,3.308450708139458185e-01,-4.844645681758828933e-03,4.787714033918947175e-04
2.710000000000000142e+01,-5.043524302758086719e-01,4.960521334011218642e-01,1.458030625377558342e+00,3.310899905483958294e-01,-4.834910812951995207e-03,4.947082836068089975e-04
2.712000000000000099e+01,-5.036066161208205827e-01,5.026342521344981940e-01,1.457906253281876952e+00,3.313335594154666608e-01,-4.824857633775268481e-03,5.106026595605128423e-04
2.714000000000000057e+01,-5.028594363641367693e-01,5.092211049991548499e-01,1.457782053138858336e+00,3.315757730916360502e-01,-4.814486981176127091e-03,5.264558444063210160e-04
2.716000000000000014e+01,-5.021108940439669155e-01,5.158126649156193899e-01,1.457658034018339377e+00,3.318166272472023448e-01,-4.803799665875996792e-03,5.422691476066060371e-04
2.717999999999999972e+01,-5.013609922806914199e-01,5.224089047267552743e-01,1.457534204985708959e+00,3.320561175462856118e-01,-4.792796472442501995e-03,5.580438750938244812e-04
2.719999999999999929e+01,-5.006097342770257086e-01,5.290097971976912561e-01,1.457410575102322969e+00,3.322942396468284709e-01,-4.781478159359198177e-03,5.737813294313024283e-04
2.721999999999999886e+01,-4.998571233181881013e-01,5.356153150157565435e-01,1.457287153425892434e+00,3.325309892005982593e-01,-4.769845459089775731e-03,5.894828099734420552e-04
2.723999999999999844e+01,-4.991031627721005393e-01,5.422254307903968673e-01,1.457163949010899628e+00,3.327663618531893630e-01,-4.757899078142892660e-03,6.051496130261159023e-04
2.726000000000000156e+01,-4.983478560895155951e-01,5.488401170531180817e-01,1.457040970908986655e+00,3.330003532440246050e-01,-4.745639697128670176e-03,6.207830320062274979e-04
2.728000000000000114e+01,-4.975912068042012137e-01,5.554593462573973461e-01,1.456918228169373108e+00,3.332329590063589086e-01,-4.733067970817939583e-03,6.363843576017864370e-04
2.730000000000000071e+01,-4.968332185331094664e-01,5.620830907786231734e-01,1.456795729839252429e+00,3.334641747672815737e-01,-4.720184528192737476e-03,6.519548779310539721e-04
2.732000000000000028e+01,-4.960738949765479688e-01,5.687113229140190462e-01,1.456673484964191800e+00,3.336939961477194960e-01,-4.706989972497123594e-03,6.674958787020675343e-04
2.733999999999999986e+01,-4.953132399183441947e-01,5.753440148825736955e-01,1.456551502588557367e+00,3.339224187624408313e-01,-4.693484881284753010e-03,6.830086433720362329e-04
2.735999999999999943e+01,-4.945512572260062356e-01,5.819811388249607198e-01,1.456429791755895709e+00,3.341494382200586033e-01,-4.679669806460080156e-03,6.984944533061571755e-04
2.737999999999999901e+01,-4.937879508509190885e-01,5.886226668034817422e-01,1.456308361509355276e+00,3.343750501230358663e-01,-4.665545274320795355e-03,7.139545879369285685e-04
2.739999999999999858e+01,-4.930233248284725533e-01,5.952685708019793687e-01,1.456187220892093181e+00,3.345992500676877590e-01,-4.651111785593269564e-03,7.293903249231786486e-04
2.742000000000000171e+01,-4.922573832782601855e-01,6.019188227257736834e-01,1.456066378947681095e+00,3.348220336441889988e-01,-4.636369815467506449e-03,7.448029403091107692e-04
2.744000000000000128e+01,-4.914901304042329500e-01,6.085733944015863095e-01,1.455945844720511362e+00,3.350433964365764350e-01,-4.621319813627410705e-03,7.601937086833491369e-04
2.746000000000000085e+01,-4.907215704948848511e-01,6.152322575774715752e-01,1.455825627256212451e+00,3.352633340227570424e-01,-4.605962204278122966e-03,7.755639033382122306e-04
2.748000000000000043e+01,-4.899517079233932648e-01,6.218953839227432390e-01,1.455705735602059070e+00,3.354818419745104752e-01,-4.590297386170679762e-03,7.909147964288550320e-04
2.750000000000000000e+01,-4.891805471478107847e-01,6.285627450279007711e-01,1.455586178807383835e+00,3.356989158574972820e-01,-4.574325732623341946e-03,8.062476591327679592e-04
2.751999999999999957e+01,-4.884080927112242065e-01,6.352343124045605194e-01,1.455466965923985168e+00,3.359145512312643467e-01,-4.558047591538729425e-03,8.215637618090873649e-04
2.753999999999999915e+01,-4.876343492419330516e-01,6.419100574853788821e-01,1.455348106006554731e+00,3.361287436492514935e-01,-4.541463285419651379e-03,8.368643741586544605e-04
2.755999999999999872e+01,-4.868593214535845703e-01,6.485899516239879148e-01,1.455229608113075779e+00,3.363414886587987040e-01,-4.524573111379970834e-03,8.521507653835619540e-04
2.758000000000000185e+01,-4.860830141453993392e-01,6.552739660949136180e-01,1.455111481305246368e+00,3.365527818011526118e-01,-4.507377341152641638e-03,8.674242043475419205e-04
2.760000000000000142e+01,-4.853054322022805067e-01,6.619620720935128766e-01,1.454993734648902803e+00,3.367626186114746623e-01,-4.489876221096378468e-03,8.826859597365177123e-04
2.762000000000000099e+01,-4.845265805950278448e-01,6.686542407358930795e-01,1.454876377214434191e+00,3.369709946188484406e-01,-4.472069972195909238e-03,8.979373002191402570e-04
2.764000000000000057e+01,-4.837464643804683107e-01,6.753504430588495033e-01,1.454759418077193889e+00,3.371779053462885534e-01,-4.453958790061740038e-03,9.131794946080638896e-04
2.766000000000000014e+01,-4.829650887016683214e-01,6.820506500197880406e-01,1.454642866317932715e+00,3.373833463107484554e-01,-4.435542844924890253e-03,9.284138120212792134e-04
2.767999999999999972e+01,-4.821824587880403357e-01,6.887548324966470403e-01,1.454526731023215946e+00,3.375873130231287211e-01,-4.416822281630325767e-03,9.436415220442417656e-04
2.769999999999999929e+01,-4.813985799555924316e-01,6.954629612878409084e-01,1.454411021285844541e+00,3.377898009882883690e-01,-4.397797219624432520e-03,9.588638948918752408e-04
2.771999999999999886e+01,-4.806134576070189013e-01,7.021750071121704018e-01,1.454295746205284567e+00,3.379908057050514669e-01,-4.378467752942505689e-03,9.740822015717167043e-04
2.773999999999999844e+01,-4.798270972319098604e-01,7.088909406087640086e-01,1.454180914888098197e+00,3.381903226662187345e-01,-4.358833950189917525e-03,9.892977140469791895e-04
2.776000000000000156e+01,-4.790395044069173380e-01,7.156107323370033413e-01,1.454066536448351155e+00,3.383883473585773682e-01,-4.338895854521784660e-03,1.004511705400350360e-03
2.778000000000000114e+01,-4.782506847959187013e-01,7.223343527764392036e-01,1.453952620008070573e+00,3.385848752629112557e-01,-4.318653483619290002e-03,1.019725449998628393e-03
2.780000000000000071e+01,-4.774606441501632048e-01,7.290617723267374117e-01,1.453839174697658443e+00,3.387799018540114115e-01,-4.298106829661748479e-03,1.034940223657568846e-03
2.782000000000000028e+01,-4.766693883084922589e-01,7.357929613075984143e-01,1.453726209656324375e+00,3.389734226006879680e-01,-4.277255859296701275e-03,1.050157303807515083e-03
2.783999999999999986e+01,-4.758769231974628866e-01,7.425278899586786885e-01,1.453613734032528138e+00,3.391654329657811107e-01,-4.256100513605269933e-03,1.065377969659805739e-03
2.785999999999999943e+01,-4.750832548315209181e-01,7.492665284395338965e-01,1.453501756984408866e+00,3.393559284061725134e-01,-4.234640708065051488e-03,1.080603502373652302e-03
2.787999999999999901e+01,-4.742883893131875084e-01,7.560088468295318442e-01,1.453390287680225823e+00,3.395449043727987171e-01,-4.212876332509991710e-03,1.095835185224085283e-03
2.789999999999999858e+01,-4.734923328332287795e-01,7.627548151277876443e-01,1.453279335298799158e+00,3.397323563106619537e-01,-4.190807251085486122e-03,1.111074303770270095e-03
2.792000000000000171e+01,-4.726950916707961525e-01,7.695044032530966582e-01,1.453168909029943334e+00,3.399182796588445798e-01,-4.168433302201554613e-03,1.126322146024953110e-03
2.794000000000000128e+01,-4.718966721936128650e-01,7.762575810438501200e-01,1.453059018074926323e+00,3.401026698505209001e-01,-4.145754298482734815e-03,1.141580002624762499e-03
2.796000000000000085e+01,-4.710970808581462776e-01,7.830143182579694106e-01,1.452949671646900365e+00,3.402855223129714890e-01,-4.122770026712121658e-03,1.156849167000965298e-03
2.798000000000000043e+01,-4.702963242097952801e-01,7.897745845728421088e-01,1.452840878971346728e+00,3.404668324675979574e-01,-4.099480247775383508e-03,1.172130935551651300e-03
2.800000000000000000e+01,-4.694944088829879902e-01,7.965383495852313978e-01,1.452732649286544886e+00,3.406465957299347758e-01,-4.075884696599378978e-03,1.187426607814695599e-03
2.801999999999999957e+01,-4.686913416014419909e-01,8.033055828112254382e-01,1.452624991843998181e+00,3.408248075096665386e-01,-4.051983082086576572e-03,1.202737486641464485e-03
2.803999999999999915e+01,-4.678871291782504827e-01,8.100762536861489949e-01,1.452517915908911439e+00,3.410014632106406207e-01,-4.027775087048552326e-03,1.218064878371960492e-03
2.805999999999999872e+01,-4.670817785161185398e-01,8.168503315644968232e-01,1.452411430760623734e+00,3.411765582308851075e-01,-4.003260368133130555e-03,1.233410093010673270e-03
2.808000000000000185e+01,-4.662752966074963368e-01,8.236277857198652796e-01,1.452305545693081790e+00,3.413500879626220619e-01,-3.978438555750606065e-03,1.248774444403785277e-03
2.810000000000000142e+01,-4.654676905347239213e-01,8.304085853448746057e-01,1.452200270015295391e+00,3.415220477922848441e-01,-3.953309253993826308e-03,1.264159250417320286e-03
2.812000000000000099e+01,-4.646589674702683581e-01,8.371926995510969860e-01,1.452095613051797462e+00,3.416924331005345983e-01,-3.927872040556963824e-03,1.279565833116637612e-03
2.814000000000000057e+01,-4.638491346768134349e-01,8.439800973689925989e-01,1.451991584143112357e+00,3.418612392622771279e-01,-3.902126466649257983e-03,1.294995518947000780e-03
2.816000000000000014e+01,-4.630381995075039114e-01,8.507707477478279046e-01,1.451888192646216824e+00,3.420284616466793270e-01,-3.876072056905907875e-03,1.310449638915521823e-03
2.817999999999999972e+01,-4.622261694060503245e-01,8.575646195556081430e-01,1.451785447935010520e+00,3.421940956171882764e-01,-3.849708309294476178e-03,1.325929528774206926e-03
2.819999999999999929e+01,-4.614130519069252756e-01,8.643616815790076124e-01,1.451683359400798290e+00,3.423581365315477298e-01,-3.823034695018884786e-03,1.341436529204747185e-03
2.821999999999999886e+01,-4.605988546355455071e-01,8.711619025232866242e-01,1.451581936452753130e+00,3.425205797418168774e-01,-3.796050658418406200e-03,1.356971986004125571e-03
2.823999999999999844e+01,-4.597835853083944713e-01,8.779652510122391007e-01,1.451481188518392251e+00,3.426814205943903291e-01,-3.768755616863462155e-03,1.372537250272093693e-03
2.826000000000000156e+01,-4.589672517332576973e-01,8.847716955881010925e-01,1.451381125044065357e+00,3.428406544300157677e-01,-3.741148960648384321e-03,1.388133678599932702e-03
2.828000000000000114e+01,-4.581498618093444719e-01,8.915812047114890504e-01,1.451281755495428927e+00,3.429982765838142655e-01,-3.713230052878581811e-03,1.403762633260651404e-03
2.830000000000000071e+01,-4.573314235274299477e-01,8.983937467613243300e-01,1.451183089357936939e+00,3.431542823853001578e-01,-3.684998229356053340e-03,1.419425482400926480e-03
2.832000000000000028e+01,-4.565119449701091625e-01,9.052092900347634696e-01,1.451085136137328035e+00,3.433086671584019145e-01,-3.656452798459348258e-03,1.435123600234493139e-03
2.833999999999999986e+01,-4.556914343118858568e-01,9.120278027471231397e-01,1.450987905360110464e+00,3.434614262214812919e-01,-3.627593041020346111e-03,1.450858367237085325e-03
2.835999999999999943e+01,-4.548698998193874132e-01,9.188492530318126406e-01,1.450891406574059905e+00,3.436125548873572577e-01,-3.598418210197323885e-03,1.466631170343311863e-03
2.837999999999999901e+01,-4.540473498514945305e-01,9.256736089402606282e-01,1.450795649348718852e+00,3.437620484633254203e-01,-3.568927531343486087e-03,1.482443403145004964e-03
2.839999999999999858e+01,-4.532237928595517218e-01,9.325008384418347340e-01,1.450700643275891766e+00,3.439099022511801218e-01,-3.539120201872147237e-03,1.498296466091542838e-03
2.842000000000000171e+01,-4.523992373875067585e-01,9.393309094237847212e-01,1.450606397970147121e+00,3.440561115472386966e-01,-3.508995391117152550e-03,1.514191766691740061e-03
2.844000000000000128e+01,-4.515736920720971881e-01,9.461637896911541112e-01,1.450512923069323890e+00,3.442006716423631207e-01,-3.478552240189843915e-03,1.530130719717854313e-03
2.846000000000000085e+01,-4.507471656429942186e-01,9.529994469667237844e-01,1.450420228235048903e+00,3.443435778219823828e-01,-3.447789861832346956e-03,1.546114747411530361e-03
2.848000000000000043e+01,-4.499196669230034473e-01,9.598378488909262707e-01,1.450328323153234678e+00,3.444848253661191850e-01,-3.416707340264660796e-03,1.562145279691225068e-03
2.850000000000000000e+01,-4.490912048281874291e-01,9.666789630217853535e-01,1.450237217534603440e+00,3.446244095494107595e-01,-3.385303731030544789e-03,1.578223754362336828e-03
2.851999999999999957e+01,-4.482617883681001558e-01,9.735227568348334692e-01,1.450146921115207155e+00,3.447623256411357917e-01,-3.353578060836766035e-03,1.594351617328858316e-03
2.853999999999999915e+01,-4.474314266458900846e-01,9.803691977230482024e-01,1.450057443656939116e+00,3.448985689052398440e-01,-3.321529327389093414e-03,1.610530322807336408e-03
2.855999999999999872e+01,-4.466001288585115248e-01,9.872182529967745701e-01,1.449968794948080841e+00,3.450331346003584487e-01,-3.289156499224623990e-03,1.626761333543150353e-03
2.858000000000000185e+01,-4.457679042968560879e-01,9.940698898836597408e-01,1.449880984803807005e+00,3.451660179798450856e-01,-3.256458515537858766e-03,1.643046121028619421e-03
2.860000000000000142e+01,-4.449347623459818379e-01,1.000924075528566881e+00,1.449794023066734328e+00,3.452972142917978826e-01,-3.223434286004079209e-03,1.659386165723709602e-03
2.862000000000000099e+01,-4.441007124852003329e-01,1.007780776993524530e+00,1.449707919607454265e+00,3.454267187790854288e-01,-3.190082690598567382e-03,1.675782957278994364e-03
2.864000000000000057e+01,-4.432657642883093274e-01,1.014639961257635115e+00,1.449622684325064803e+00,3.455545266793750292e-01,-3.156402579408817792e-03,1.692237994760759524e-03
2.866000000000000014e+01,-4.424299274237348811e-01,1.021501595217013225e+00,1.449538327147734895e+00,3.456806332251599612e-01,-3.122392772446076162e-03,1.708752786879020940e-03
2.867999999999999972e+01,-4.415932116547125474e-01,1.028365645684709229e+00,1.449454858033229376e+00,3.458050336437882288e-01,-3.088052059447816012e-03,1.725328852217396843e-03
2.869999999999999929e+01,-4.407556268394223764e-01,1.035232079390641324e+00,1.449372286969476509e+00,3.459277231574912626e-01,-3.053379199680209162e-03,1.741967719466101577e-03
2.871999999999999886e+01,-4.399171829312091830e-01,1.042100862981520049e+00,1.449290623975113768e+00,3.460486969834142279e-01,-3.018372921732020639e-03,1.758670927657171720e-03
2.873999999999999844e+01,-4.390778899787104450e-01,1.048971963020776332e+00,1.449209879100056719e+00,3.461679503336435593e-01,-2.983031923306074962e-03,1.775440026402486408e-03
2.876000000000000156e+01,-4.382377581260357147e-01,1.055845345988495332e+00,1.449130062426055243e+00,3.462854784152404886e-01,-2.947354871005207315e-03,1.792276576134554759e-03
2.878000000000000114e+01,-4.373967976129442548e-01,1.062720978281331163e+00,1.449051184067269071e+00,3.464012764302685232e-01,-2.911340400113233452e-03,1.809182148349997325e-03
2.880000000000000071e+01,-4.365550187750031341e-01,1.069598826212450504e+00,1.448973254170833780e+00,3.465153395758274746e-01,-2.874987114371748472e-03,1.826158325855863161e-03
2.882000000000000028e+01,-4.357124320437417708e-01,1.076478856011449547e+00,1.448896282917444989e+00,3.466276630440837114e-01,-2.838293585750531391e-03,1.843206703018976378e-03
2.883999999999999986e+01,-4.348690479468864112e-01,1.083361033824288278e+00,1.448820280521924797e+00,3.467382420223042994e-01,-2.801258354214683239e-03,1.860328886017991248e-03
2.885999999999999943e+01,-4.340248771084169732e-01,1.090245325713212754e+00,1.448745257233829520e+00,3.468470716928871989e-01,-2.763879927485396980e-03,1.877526493098909382e-03
2.887999999999999901e+01,-4.331799302488406056e-01,1.097131697656691607e+00,1.448671223338020564e+00,3.469541472333975696e-01,-2.726156780795965621e-03,1.894801154833209832e-03
2.889999999999999858e+01,-4.323342181852964927e-01,1.104020115549333436e+00,1.448598189155267502e+00,3.470594638165995782e-01,-2.688087356642853733e-03,1.912154514379446916e-03
2.892000000000000171e+01,-4.314877518317601357e-01,1.110910545201822863e+00,1.448526165042849367e+00,3.471630166104927029e-01,-2.649670064531512749e-03,1.929588227748138150e-03
2.894000000000000128e+01,-4.306405421991872373e-01,1.117802952340842371e+00,1.448455161395156399e+00,3.472648007783453727e-01,-2.610903280716215386e-03,1.947103964069690557e-03
2.896000000000000085e+01,-4.297926003956913377e-01,1.124697302609007910e+00,1.448385188644296440e+00,3.473648114787312169e-01,-2.571785347935181144e-03,1.964703405865849545e-03
2.898000000000000043e+01,-4.289439376267019099e-01,1.131593561564790740e+00,1.448316257260719553e+00,3.474630438655647580e-01,-2.532314575140273867e-03,1.982388249324789405e-03
2.900000000000000000e+01,-4.280945651951686415e-01,1.138491694682446376e+00,1.448248377753813099e+00,3.475594930881403255e-01,-2.492489237220122094e-03,2.000160204579105785e-03
2.901999999999999957e+01,-4.272444945016875550e-01,1.145391667351944420e+00,1.448181560672563428e+00,3.476541542911654181e-01,-2.452307574719256051e-03,2.018020995988395634e-03
2.903999999999999915e+01,-4.263937370446804209e-01,1.152293444878896178e+00,1.448115816606148520e+00,3.477470226148020593e-01,-2.411767793550287538e-03,2.035972362424426883e-03
2.905999999999999872e+01,-4.255423044205812744e-01,1.159196992484480937e+00,1.448051156184593236e+00,3.478380931947042676e-01,-2.370868064700931178e-03,2.054016057560853308e-03
2.908000000000000185e+01,-4.246902083239820769e-01,1.166102275305373581e+00,1.447987590079408138e+00,3.479273611620560813e-01,-2.329606523934867404e-03,2.072153850166412285e-03
2.910000000000000142e+01,-4.238374605478210100e-01,1.173009258393675314e+00,1.447925129004222100e+00,3.480148216436134145e-01,-2.287981271486924217e-03,2.090387524401948922e-03
2.912000000000000099e+01,-4.229840729835405710e-01,1.179917906716840825e+00,1.447863783715448660e+00,3.481004697617419152e-01,-2.245990371752441990e-03,2.108718880121772214e-03
2.914000000000000057e+01,-4.221300576212332345e-01,1.186828185157607685e+00,1.447803565012932836e+00,3.481843006344593761e-01,-2.203631852970153876e-03,2.127149733178690556e-03
2.916000000000000014e+01,-4.212754265498741546e-01,1.193740058513915514e+00,1.447744483740614596e+00,3.482663093754773120e-01,-2.160903706898994244e-03,2.145681915733453019e-03
2.917999999999999972e+01,-4.204201919574082069e-01,1.200653491498848258e+00,1.447686550787202542e+00,3.483464910942413173e-01,-2.117803888489339526e-03,2.164317276568362633e-03
2.919999999999999929e+01,-4.195643661309791383e-01,1.207568448740551137e+00,1.447629777086838043e+00,3.484248408959770837e-01,-2.074330315546768066e-03,2.183057681405153189e-03
2.921999999999999886e+01,-4.187079614570770048e-01,1.214484894782161817e+00,1.447574173619779581e+00,3.485013538817302026e-01,-2.030480868390356457e-03,2.201905013227315171e-03
2.923999999999999844e+01,-4.178509904216909376e-01,1.221402794081741128e+00,1.447519751413093969e+00,3.485760251484133487e-01,-1.986253389504619420e-03,2.220861172607095473e-03
2.926000000000000156e+01,-4.169934656105240833e-01,1.228322111012196238e+00,1.447466521541333373e+00,3.486488497888483029e-01,-1.941645683183236418e-03,2.239928078036634417e-03
2.928000000000000114e+01,-4.161353997091037371e-01,1.235242809861209601e+00,1.447414495127249401e+00,3.487198228918134690e-01,-1.896655515168711639e-03,2.259107666264399336e-03
2.930000000000000071e+01,-4.152768055029767424e-01,1.242164854831172782e+00,1.447363683342484553e+00,3.487889395420888383e-01,-1.851280612282521845e-03,2.278401892635901170e-03
2.932000000000000028e+01,-4.144176958778960085e-01,1.249088210039107416e+00,1.447314097408296751e+00,3.488561948205029517e-01,-1.805518662051369769e-03,2.297812731439630423e-03
2.933999999999999986e+01,-4.135580838199715004e-01,1.256012839516596813e+00,1.447265748596251456e+00,3.489215838039805284e-01,-1.759367312322683520e-03,2.317342176257583194e-03
2.935999999999999943e+01,-4.126979824158070187e-01,1.262938707209711353e+00,1.447218648228983273e+00,3.489851015655893729e-01,-1.712824170877134435e-03,2.336992240321504859e-03
2.937999999999999901e+01,-4.118374048527346787e-01,1.269865776978939209e+00,1.447172807680886297e+00,3.490467431745920002e-01,-1.665886805031090937e-03,2.356764956873507420e-03
2.939999999999999858e+01,-4.109763644189374787e-01,1.276794012599113515e+00,1.447128238378879495e+00,3.491065036964909885e-01,-1.618552741232628760e-03,2.376662379532684232e-03
2.942000000000000171e+01,-4.101148745036127252e-01,1.283723377759338646e+00,1.447084951803139008e+00,3.491643781930836021e-01,-1.570819464651217233e-03,2.396686582666742848e-03
2.944000000000000128e+01,-4.092529485971816428e-01,1.290653836062918280e+00,1.447042959487846669e+00,3.492203617225098644e-01,-1.522684418757658600e-03,2.416839661769075356e-03
2.946000000000000085e+01,-4.083906002914190481e-01,1.297585351027288780e+00,1.447002273021958496e+00,3.492744493393049598e-01,-1.474145004898809713e-03,2.437123733841903717e-03
2.948000000000000043e+01,-4.075278432796327621e-01,1.304517886083940148e+00,1.446962904049960308e+00,3.493266360944524140e-01,-1.425198581863273842e-03,2.457540937784544709e-03
2.950000000000000000e+01,-4.066646913568412458e-01,1.311451404578345858e+00,1.446924864272644662e+00,3.493769170354363851e-01,-1.375842465438816995e-03,2.478093434787961499e-03
2.951999999999999957e+01,-4.058011584199263666e-01,1.318385869769894470e+00,1.446888165447890895e+00,3.494252872062954540e-01,-1.326073927963823066e-03,2.498783408735092727e-03
2.953999999999999915e+01,-4.049372584678128106e-01,1.325321244831811462e+00,1.446852819391449607e+00,3.494717416476796346e-01,-1.275890197868394206e-03,2.519613066607256577e-03
2.955999999999999872e+01,-4.040730056016421656e-01,1.332257492851093517e+00,1.446818837977748462e+00,3.495162753969020542e-01,-1.225288459208889172e-03,2.540584638896874886e-03
2.958000000000000185e+01,-4.032084140249221349e-01,1.339194576828436567e+00,1.446786233140672451e+00,3.495588834879990725e-01,-1.174265851192392036e-03,2.561700380026224119e-03
2.960000000000000142e+01,-4.023434980437112785e-01,1.346132459678153204e+00,1.446755016874405220e+00,3.495995609517849045e-01,-1.122819467695795664e-03,2.582962568773118292e-03
2.962000000000000099e+01,-4.014782720667877669e-01,1.353071104228110499e+00,1.446725201234219771e+00,3.496383028159109618e-01,-1.070946356772510544e-03,2.604373508702610088e-03
2.964000000000000057e+01,-4.006127506057932663e-01,1.360010473219661620e+00,1.446696798337329337e+00,3.496751041049236397e-01,-1.018643520153610354e-03,2.625935528605964804e-03
2.966000000000000014e+01,-3.997469482754372194e-01,1.366950529307559670e+00,1.446669820363702286e+00,3.497099598403249909e-01,-9.659079127378859299e-04,2.647650982945883198e-03
2.967999999999999972e+01,-3.988808797936425066e-01,1.373891235059900851e+00,1.446644279556917656e+00,3.497428650406318451e-01,-9.127364420747534693e-04,2.669522252309273862e-03
2.969999999999999929e+01,-3.980145599817159763e-01,1.380832552958042747e+00,1.446620188225015813e+00,3.497738147214385918e-01,-8.591259678368800548e-04,2.691551743866709041e-03
2.971999999999999886e+01,-3.971480037645243044e-01,1.387774445396534162e+00,1.446597558741357537e+00,3.498028038954777985e-01,-8.050733012834667161e-04,2.713741891839442123e-03
2.973999999999999844e+01,-3.962812261706574191e-01,1.394716874683043173e+00,1.446576403545493772e+00,3.498298275726854922e-01,-7.505752047151545122e-04,2.736095157973579117e-03
2.976000000000000156e+01,-3.954142423325954780e-01,1.401659803038290519e+00,1.446556735144044037e+00,3.498548807602617217e-01,-6.956283909180914103e-04,2.758614032022012157e-03
2.978000000000000114e+01,-3.945470674868776229e-01,1.408603192595969666e+00,1.446538566111582824e+00,3.498779584627389472e-01,-6.402295225995519295e-04,2.781301032233919005e-03
2.980000000000000071e+01,-3.936797169742778379e-01,1.415547005402673975e+00,1.446521909091537550e+00,3.498990556820458231e-01,-5.843752118125956083e-04,2.804158705852143833e-03
2.982000000000000028e+01,-3.928122062399701520e-01,1.422491203417839856e+00,1.446506776797093607e+00,3.499181674175746992e-01,-5.280620193710993835e-04,2.827189629618686098e-03
2.983999999999999986e+01,-3.919445508336671935e-01,1.429435748513651738e+00,1.446493182012115408e+00,3.499352886662475126e-01,-4.712864542553086211e-04,2.850396410288301863e-03
2.985999999999999943e+01,-3.910767664098599994e-01,1.436380602474990553e+00,1.446481137592058541e+00,3.499504144225872859e-01,-4.140449730052978288e-04,2.873781685150294737e-03
2.987999999999999901e+01,-3.902088687279032797e-01,1.443325726999347580e+00,1.446470656464913906e+00,3.499635396787855179e-01,-3.563339791059897169e-04,2.897348122559015565e-03
2.989999999999999858e+01,-3.893408736522516733e-01,1.450271083696762275e+00,1.446461751632151627e+00,3.499746594247731823e-01,-2.981498223599700456e-04,2.921098422473039202e-03
2.992000000000000171e+01,-3.884727971525734347e-01,1.457216634089745000e+00,1.446454436169671620e+00,3.499837686482920596e-01,-2.394887982502257073e-04,2.945035317002987589e-03
2.994000000000000128e+01,-3.876046553039493858e-01,1.464162339613201524e+00,1.446448723228772160e+00,3.499908623349680115e-01,-1.803471472910258113e-04,2.969161570968525173e-03
2.996000000000000085e+01,-3.867364642870612101e-01,1.471108161614369969e+00,1.446444626037117986e+00,3.499959354683838675e-01,-1.207210543687975754e-04,2.993479982464553133e-03
2.998000000000000043e+01,-3.858682403883015866e-01,1.478054061352743531e+00,1.446442157899737291e+00,3.499989830301539206e-01,-6.060664807029819305e-05,3.017993383436726445e-03
3.000000000000000000e+01,-3.849999999999962341e-01,1.485000000000000320e+00,1.446441332199999819e+00,3.499999999999999778e-01,-6.145139987021000900e-17,3.042704640266541416e-03
