time,reference_index,obstacle_id,edge_id,x1,y1,x2,y2,g1,g2,f,active
3.00002284348011e-07,0,0,0,2.9998310735814497,-0.42426403508176974,3.4242640350817695,-0.00016892641855012817,0.7068251811053662,-0.7073882691671997,2.4204755433160985,1
3.00002284348011e-07,0,0,1,3.4242640350817695,-0.00016892641855012817,3.0001689264185503,0.42426403508176974,0.7073882691672001,0.7068251811053656,2.4221648075016002,1
3.00002284348011e-07,0,0,2,3.0001689264185503,0.42426403508176974,2.5757359649182305,0.00016892641855012817,-0.7068251811053662,0.7073882691671997,-1.8204755433160988,1
3.00002284348011e-07,0,0,3,2.5757359649182305,0.00016892641855012817,2.9998310735814497,-0.42426403508176974,-0.7073882691672001,-0.7068251811053656,-1.8221648075016004,1
3.00002284348011e-07,0,1,0,5.99983107358145,-0.42426403508176974,6.4242640350817695,-0.00016892641855012817,0.7068251811053662,-0.7073882691671997,4.540951086632197,1
3.00002284348011e-07,0,1,1,6.4242640350817695,-0.00016892641855012817,6.00016892641855,0.42426403508176974,0.7073882691672001,0.7068251811053656,4.544329615003201,1
3.00002284348011e-07,0,1,2,6.00016892641855,0.42426403508176974,5.5757359649182305,0.00016892641855012817,-0.7068251811053662,0.7073882691671997,-3.9409510866321975,1
3.00002284348011e-07,0,1,3,5.5757359649182305,0.00016892641855012817,5.99983107358145,-0.42426403508176974,-0.7073882691672001,-0.7068251811053656,-3.9443296150032006,1
0.07032060000346974,10,0,0,2.9998310735814497,-0.42426403508176974,3.4242640350817695,-0.00016892641855012817,0.7068251811053662,-0.7073882691671997,2.4204755433160985,1
0.07032060000346974,10,0,1,3.4242640350817695,-0.00016892641855012817,3.0001689264185503,0.42426403508176974,0.7073882691672001,0.7068251811053656,2.4221648075016002,1
0.07032060000346974,10,0,2,3.0001689264185503,0.42426403508176974,2.5757359649182305,0.00016892641855012817,-0.7068251811053662,0.7073882691671997,-1.8204755433160988,1
0.07032060000346974,10,0,3,2.5757359649182305,0.00016892641855012817,2.9998310735814497,-0.42426403508176974,-0.7073882691672001,-0.7068251811053656,-1.8221648075016004,1
0.07032060000346974,10,1,0,5.99983107358145,-0.42426403508176974,6.4242640350817695,-0.00016892641855012817,0.7068251811053662,-0.7073882691671997,4.540951086632197,1
0.07032060000346974,10,1,1,6.4242640350817695,-0.00016892641855012817,6.00016892641855,0.42426403508176974,0.7073882691672001,0.7068251811053656,4.544329615003201,1
0.07032060000346974,10,1,2,6.00016892641855,0.42426403508176974,5.5757359649182305,0.00016892641855012817,-0.7068251811053662,0.7073882691671997,-3.9409510866321975,1
0.07032060000346974,10,1,3,5.5757359649182305,0.00016892641855012817,5.99983107358145,-0.42426403508176974,-0.7073882691672001,-0.7068251811053656,-3.9443296150032006,1
0.1405333000002429,19,0,0,2.9998310735814497,-0.42426403508176974,3.4242640350817695,-0.00016892641855012817,0.7068251811053662,-0.7073882691671997,2.4204755433160985,1
0.1405333000002429,19,0,1,3.4242640350817695,-0.00016892641855012817,3.0001689264185503,0.42426403508176974,0.7073882691672001,0.7068251811053656,2.4221648075016002,1
0.1405333000002429,19,0,2,3.0001689264185503,0.42426403508176974,2.5757359649182305,0.00016892641855012817,-0.7068251811053662,0.7073882691671997,-1.8204755433160988,1
0.1405333000002429,19,0,3,2.5757359649182305,0.00016892641855012817,2.9998310735814497,-0.42426403508176974,-0.7073882691672001,-0.7068251811053656,-1.8221648075016004,1
0.1405333000002429,19,1,0,5.99983107358145,-0.42426403508176974,6.4242640350817695,-0.00016892641855012817,0.7068251811053662,-0.7073882691671997,4.540951086632197,1
0.1405333000002429,19,1,1,6.4242640350817695,-0.00016892641855012817,6.00016892641855,0.42426403508176974,0.7073882691672001,0.7068251811053656,4.544329615003201,1
0.1405333000002429,19,1,2,6.00016892641855,0.42426403508176974,5.5757359649182305,0.00016892641855012817,-0.7068251811053662,0.7073882691671997,-3.9409510866321975,1
0.1405333000002429,19,1,3,5.5757359649182305,0.00016892641855012817,5.99983107358145,-0.42426403508176974,-0.7073882691672001,-0.7068251811053656,-3.9443296150032006,1
0.2102147999976296,27,0,0,2.9998310735814497,-0.42426403508176974,3.4242640350817695,-0.00016892641855012817,0.7068251811053662,-0.7073882691671997,2.4204755433160985,1
0.2102147999976296,27,0,1,3.4242640350817695,-0.00016892641855012817,3.0001689264185503,0.42426403508176974,0.7073882691672001,0.7068251811053656,2.4221648075016002,1
0.2102147999976296,27,0,2,3.0001689264185503,0.42426403508176974,2.5757359649182305,0.00016892641855012817,-0.7068251811053662,0.7073882691671997,-1.8204755433160988,1
0.2102147999976296,27,0,3,2.5757359649182305,0.00016892641855012817,2.9998310735814497,-0.42426403508176974,-0.7073882691672001,-0.7068251811053656,-1.8221648075016004,1
0.2102147999976296,27,1,0,5.99983107358145,-0.42426403508176974,6.4242640350817695,-0.00016892641855012817,0.7068251811053662,-0.7073882691671997,4.540951086632197,1
0.2102147999976296,27,1,1,6.4242640350817695,-0.00016892641855012817,6.00016892641855,0.42426403508176974,0.7073882691672001,0.7068251811053656,4.544329615003201,1
0.2102147999976296,27,1,2,6.00016892641855,0.42426403508176974,5.5757359649182305,0.00016892641855012817,-0.7068251811053662,0.7073882691671997,-3.9409510866321975,1
0.2102147999976296,27,1,3,5.5757359649182305,0.00016892641855012817,5.99983107358145,-0.42426403508176974,-0.7073882691672001,-0.7068251811053656,-3.9443296150032006,1
0.28059849998680875,34,0,0,2.9998310735814497,-0.42426403508176974,3.4242640350817695,-0.00016892641855012817,0.7068251811053662,-0.7073882691671997,2.4204755433160985,1
0.28059849998680875,34,0,1,3.4242640350817695,-0.00016892641855012817,3.0001689264185503,0.42426403508176974,0.7073882691672001,0.7068251811053656,2.4221648075016002,1
0.28059849998680875,34,0,2,3.0001689264185503,0.42426403508176974,2.5757359649182305,0.00016892641855012817,-0.7068251811053662,0.7073882691671997,-1.8204755433160988,1
0.28059849998680875,34,0,3,2.5757359649182305,0.00016892641855012817,2.9998310735814497,-0.42426403508176974,-0.7073882691672001,-0.7068251811053656,-1.8221648075016004,1
0.28059849998680875,34,1,0,5.99983107358145,-0.42426403508176974,6.4242640350817695,-0.00016892641855012817,0.7068251811053662,-0.7073882691671997,4.540951086632197,1
0.28059849998680875,34,1,1,6.4242640350817695,-0.00016892641855012817,6.00016892641855,0.42426403508176974,0.7073882691672001,0.7068251811053656,4.544329615003201,1
0.28059849998680875,34,1,2,6.00016892641855,0.42426403508176974,5.5757359649182305,0.00016892641855012817,-0.7068251811053662,0.7073882691671997,-3.9409510866321975,1
0.28059849998680875,34,1,3,5.5757359649182305,0.00016892641855012817,5.99983107358145,-0.42426403508176974,-0.7073882691672001,-0.7068251811053656,-3.9443296150032006,1
0.3501105000032112,41,0,0,2.9998310735814497,-0.42426403508176974,3.4242640350817695,-0.00016892641855012817,0.7068251811053662,-0.7073882691671997,2.4204755433160985,1
0.3501105000032112,41,0,1,3.4242640350817695,-0.00016892641855012817,3.0001689264185503,0.42426403508176974,0.7073882691672001,0.7068251811053656,2.4221648075016002,1
0.3501105000032112,41,0,2,3.0001689264185503,0.42426403508176974,2.5757359649182305,0.00016892641855012817,-0.7068251811053662,0.7073882691671997,-1.8204755433160988,1
0.3501105000032112,41,0,3,2.5757359649182305,0.00016892641855012817,2.9998310735814497,-0.42426403508176974,-0.7073882691672001,-0.7068251811053656,-1.8221648075016004,1
0.3501105000032112,41,1,0,5.99983107358145,-0.42426403508176974,6.4242640350817695,-0.00016892641855012817,0.7068251811053662,-0.7073882691671997,4.540951086632197,1
0.3501105000032112,41,1,1,6.4242640350817695,-0.00016892641855012817,6.00016892641855,0.42426403508176974,0.7073882691672001,0.7068251811053656,4.544329615003201,1
0.3501105000032112,41,1,2,6.00016892641855,0.42426403508176974,5.5757359649182305,0.00016892641855012817,-0.7068251811053662,0.7073882691671997,-3.9409510866321975,1
0.3501105000032112,41,1,3,5.5757359649182305,0.00016892641855012817,5.99983107358145,-0.42426403508176974,-0.7073882691672001,-0.7068251811053656,-3.9443296150032006,1
0.42048889998113737,48,0,0,2.9998310735814497,-0.42426403508176974,3.4242640350817695,-0.00016892641855012817,0.7068251811053662,-0.7073882691671997,2.4204755433160985,1
0.42048889998113737,48,0,1,3.4242640350817695,-0.00016892641855012817,3.0001689264185503,0.42426403508176974,0.7073882691672001,0.7068251811053656,2.4221648075016002,1
0.42048889998113737,48,0,2,3.0001689264185503,0.42426403508176974,2.5757359649182305,0.00016892641855012817,-0.7068251811053662,0.7073882691671997,-1.8204755433160988,1
0.42048889998113737,48,0,3,2.5757359649182305,0.00016892641855012817,2.9998310735814497,-0.42426403508176974,-0.7073882691672001,-0.7068251811053656,-1.8221648075016004,1
0.42048889998113737,48,1,0,5.99983107358145,-0.42426403508176974,6.4242640350817695,-0.00016892641855012817,0.7068251811053662,-0.7073882691671997,4.540951086632197,1
0.42048889998113737,48,1,1,6.4242640350817695,-0.00016892641855012817,6.00016892641855,0.42426403508176974,0.7073882691672001,0.7068251811053656,4.544329615003201,1
0.42048889998113737,48,1,2,6.00016892641855,0.42426403508176974,5.5757359649182305,0.00016892641855012817,-0.7068251811053662,0.7073882691671997,-3.9409510866321975,1
0.42048889998113737,48,1,3,5.5757359649182305,0.00016892641855012817,5.99983107358145,-0.42426403508176974,-0.7073882691672001,-0.7068251811053656,-3.9443296150032006,1
0.4901683999923989,55,0,0,2.9998310735814497,-0.42426403508176974,3.4242640350817695,-0.00016892641855012817,0.7068251811053662,-0.7073882691671997,2.4204755433160985,1
0.4901683999923989,55,0,1,3.4242640350817695,-0.00016892641855012817,3.0001689264185503,0.42426403508176974,0.7073882691672001,0.7068251811053656,2.4221648075016002,1
0.4901683999923989,55,0,2,3.0001689264185503,0.42426403508176974,2.5757359649182305,0.00016892641855012817,-0.7068251811053662,0.7073882691671997,-1.8204755433160988,1
0.4901683999923989,55,0,3,2.5757359649182305,0.00016892641855012817,2.9998310735814497,-0.42426403508176974,-0.7073882691672001,-0.7068251811053656,-1.8221648075016004,1
0.4901683999923989,55,1,0,5.99983107358145,-0.42426403508176974,6.4242640350817695,-0.00016892641855012817,0.7068251811053662,-0.7073882691671997,4.540951086632197,1
0.4901683999923989,55,1,1,6.4242640350817695,-0.00016892641855012817,6.00016892641855,0.42426403508176974,0.7073882691672001,0.7068251811053656,4.544329615003201,1
0.4901683999923989,55,1,2,6.00016892641855,0.42426403508176974,5.5757359649182305,0.00016892641855012817,-0.7068251811053662,0.7073882691671997,-3.9409510866321975,1
0.4901683999923989,55,1,3,5.5757359649182305,0.00016892641855012817,5.99983107358145,-0.42426403508176974,-0.7073882691672001,-0.7068251811053656,-3.9443296150032006,1
0.5602346999803558,61,0,0,2.9998310735814497,-0.42426403508176974,3.4242640350817695,-0.00016892641855012817,0.7068251811053662,-0.7073882691671997,2.4204755433160985,1
0.5602346999803558,61,0,1,3.4242640350817695,-0.00016892641855012817,3.0001689264185503,0.42426403508176974,0.7073882691672001,0.7068251811053656,2.4221648075016002,1
0.5602346999803558,61,0,2,3.0001689264185503,0.42426403508176974,2.5757359649182305,0.00016892641855012817,-0.7068251811053662,0.7073882691671997,-1.8204755433160988,1
0.5602346999803558,61,0,3,2.5757359649182305,0.00016892641855012817,2.9998310735814497,-0.42426403508176974,-0.7073882691672001,-0.7068251811053656,-1.8221648075016004,1
0.5602346999803558,61,1,0,5.99983107358145,-0.42426403508176974,6.4242640350817695,-0.00016892641855012817,0.7068251811053662,-0.7073882691671997,4.540951086632197,1
0.5602346999803558,61,1,1,6.4242640350817695,-0.00016892641855012817,6.00016892641855,0.42426403508176974,0.7073882691672001,0.7068251811053656,4.544329615003201,1
0.5602346999803558,61,1,2,6.00016892641855,0.42426403508176974,5.5757359649182305,0.00016892641855012817,-0.7068251811053662,0.7073882691671997,-3.9409510866321975,1
0.5602346999803558,61,1,3,5.5757359649182305,0.00016892641855012817,5.99983107358145,-0.42426403508176974,-0.7073882691672001,-0.7068251811053656,-3.9443296150032006,1
0.6305447999911848,71,0,0,2.9998310735814497,-0.42426403508176974,3.4242640350817695,-0.00016892641855012817,0.7068251811053662,-0.7073882691671997,2.4204755433160985,1
0.6305447999911848,71,0,1,3.4242640350817695,-0.00016892641855012817,3.0001689264185503,0.42426403508176974,0.7073882691672001,0.7068251811053656,2.4221648075016002,1
0.6305447999911848,71,0,2,3.0001689264185503,0.42426403508176974,2.5757359649182305,0.00016892641855012817,-0.7068251811053662,0.7073882691671997,-1.8204755433160988,1
0.6305447999911848,71,0,3,2.5757359649182305,0.00016892641855012817,2.9998310735814497,-0.42426403508176974,-0.7073882691672001,-0.7068251811053656,-1.8221648075016004,1
0.6305447999911848,71,1,0,5.99983107358145,-0.42426403508176974,6.4242640350817695,-0.00016892641855012817,0.7068251811053662,-0.7073882691671997,4.540951086632197,1
0.6305447999911848,71,1,1,6.4242640350817695,-0.00016892641855012817,6.00016892641855,0.42426403508176974,0.7073882691672001,0.7068251811053656,4.544329615003201,1
0.6305447999911848,71,1,2,6.00016892641855,0.42426403508176974,5.5757359649182305,0.00016892641855012817,-0.7068251811053662,0.7073882691671997,-3.9409510866321975,1
0.6305447999911848,71,1,3,5.5757359649182305,0.00016892641855012817,5.99983107358145,-0.42426403508176974,-0.7073882691672001,-0.7068251811053656,-3.9443296150032006,1
0.7003494999953546,77,0,0,2.9998310735814497,-0.42426403508176974,3.4242640350817695,-0.00016892641855012817,0.7068251811053662,-0.7073882691671997,2.4204755433160985,1
0.7003494999953546,77,0,1,3.4242640350817695,-0.00016892641855012817,3.0001689264185503,0.42426403508176974,0.7073882691672001,0.7068251811053656,2.4221648075016002,1
0.7003494999953546,77,0,2,3.0001689264185503,0.42426403508176974,2.5757359649182305,0.00016892641855012817,-0.7068251811053662,0.7073882691671997,-1.8204755433160988,1
0.7003494999953546,77,0,3,2.5757359649182305,0.00016892641855012817,2.9998310735814497,-0.42426403508176974,-0.7073882691672001,-0.7068251811053656,-1.8221648075016004,1
0.7003494999953546,77,1,0,5.99983107358145,-0.42426403508176974,6.4242640350817695,-0.00016892641855012817,0.7068251811053662,-0.7073882691671997,4.540951086632197,1
0.7003494999953546,77,1,1,6.4242640350817695,-0.00016892641855012817,6.00016892641855,0.42426403508176974,0.7073882691672001,0.7068251811053656,4.544329615003201,1
0.7003494999953546,77,1,2,6.00016892641855,0.42426403508176974,5.5757359649182305,0.00016892641855012817,-0.7068251811053662,0.7073882691671997,-3.9409510866321975,1
0.7003494999953546,77,1,3,5.5757359649182305,0.00016892641855012817,5.99983107358145,-0.42426403508176974,-0.7073882691672001,-0.7068251811053656,-3.9443296150032006,1
0.7703596999926958,83,0,0,2.9998310735814497,-0.42426403508176974,3.4242640350817695,-0.00016892641855012817,0.7068251811053662,-0.7073882691671997,2.4204755433160985,1
0.7703596999926958,83,0,1,3.4242640350817695,-0.00016892641855012817,3.0001689264185503,0.42426403508176974,0.7073882691672001,0.7068251811053656,2.4221648075016002,1
0.7703596999926958,83,0,2,3.0001689264185503,0.42426403508176974,2.5757359649182305,0.00016892641855012817,-0.7068251811053662,0.7073882691671997,-1.8204755433160988,1
0.7703596999926958,83,0,3,2.5757359649182305,0.00016892641855012817,2.9998310735814497,-0.42426403508176974,-0.7073882691672001,-0.7068251811053656,-1.8221648075016004,1
0.7703596999926958,83,1,0,5.99983107358145,-0.42426403508176974,6.4242640350817695,-0.00016892641855012817,0.7068251811053662,-0.7073882691671997,4.540951086632197,1
0.7703596999926958,83,1,1,6.4242640350817695,-0.00016892641855012817,6.00016892641855,0.42426403508176974,0.7073882691672001,0.7068251811053656,4.544329615003201,1
0.7703596999926958,83,1,2,6.00016892641855,0.42426403508176974,5.5757359649182305,0.00016892641855012817,-0.7068251811053662,0.7073882691671997,-3.9409510866321975,1
0.7703596999926958,83,1,3,5.5757359649182305,0.00016892641855012817,5.99983107358145,-0.42426403508176974,-0.7073882691672001,-0.7068251811053656,-3.9443296150032006,1
0.8402806999802124,89,0,0,2.9998310735814497,-0.42426403508176974,3.4242640350817695,-0.00016892641855012817,0.7068251811053662,-0.7073882691671997,2.4204755433160985,1
0.8402806999802124,89,0,1,3.4242640350817695,-0.00016892641855012817,3.0001689264185503,0.42426403508176974,0.7073882691672001,0.7068251811053656,2.4221648075016002,1
0.8402806999802124,89,0,2,3.0001689264185503,0.42426403508176974,2.5757359649182305,0.00016892641855012817,-0.7068251811053662,0.7073882691671997,-1.8204755433160988,1
0.8402806999802124,89,0,3,2.5757359649182305,0.00016892641855012817,2.9998310735814497,-0.42426403508176974,-0.7073882691672001,-0.7068251811053656,-1.8221648075016004,1
0.8402806999802124,89,1,0,5.99983107358145,-0.42426403508176974,6.4242640350817695,-0.00016892641855012817,0.7068251811053662,-0.7073882691671997,4.540951086632197,1
0.8402806999802124,89,1,1,6.4242640350817695,-0.00016892641855012817,6.00016892641855,0.42426403508176974,0.7073882691672001,0.7068251811053656,4.544329615003201,1
0.8402806999802124,89,1,2,6.00016892641855,0.42426403508176974,5.5757359649182305,0.00016892641855012817,-0.7068251811053662,0.7073882691671997,-3.9409510866321975,1
0.8402806999802124,89,1,3,5.5757359649182305,0.00016892641855012817,5.99983107358145,-0.42426403508176974,-0.7073882691672001,-0.7068251811053656,-3.9443296150032006,1
0.9104735000000801,95,0,0,2.9998310735814497,-0.42426403508176974,3.4242640350817695,-0.00016892641855012817,0.7068251811053662,-0.7073882691671997,2.4204755433160985,1
0.9104735000000801,95,0,1,3.4242640350817695,-0.00016892641855012817,3.0001689264185503,0.42426403508176974,0.7073882691672001,0.7068251811053656,2.4221648075016002,1
0.9104735000000801,95,0,2,3.0001689264185503,0.42426403508176974,2.5757359649182305,0.00016892641855012817,-0.7068251811053662,0.7073882691671997,-1.8204755433160988,1
0.9104735000000801,95,0,3,2.5757359649182305,0.00016892641855012817,2.9998310735814497,-0.42426403508176974,-0.7073882691672001,-0.7068251811053656,-1.8221648075016004,1
0.9104735000000801,95,1,0,5.99983107358145,-0.42426403508176974,6.4242640350817695,-0.00016892641855012817,0.7068251811053662,-0.7073882691671997,4.540951086632197,1
0.9104735000000801,95,1,1,6.4242640350817695,-0.00016892641855012817,6.00016892641855,0.42426403508176974,0.7073882691672001,0.7068251811053656,4.544329615003201,1
0.9104735000000801,95,1,2,6.00016892641855,0.42426403508176974,5.5757359649182305,0.00016892641855012817,-0.7068251811053662,0.7073882691671997,-3.9409510866321975,1
0.9104735000000801,95,1,3,5.5757359649182305,0.00016892641855012817,5.99983107358145,-0.42426403508176974,-0.7073882691672001,-0.7068251811053656,-3.9443296150032006,1
0.9802527999854647,101,0,0,2.9998310735814497,-0.42426403508176974,3.4242640350817695,-0.00016892641855012817,0.7068251811053662,-0.7073882691671997,2.4204755433160985,1
0.9802527999854647,101,0,1,3.4242640350817695,-0.00016892641855012817,3.0001689264185503,0.42426403508176974,0.7073882691672001,0.7068251811053656,2.4221648075016002,1
0.9802527999854647,101,0,2,3.0001689264185503,0.42426403508176974,2.5757359649182305,0.00016892641855012817,-0.7068251811053662,0.7073882691671997,-1.8204755433160988,1
0.9802527999854647,101,0,3,2.5757359649182305,0.00016892641855012817,2.9998310735814497,-0.42426403508176974,-0.7073882691672001,-0.7068251811053656,-1.8221648075016004,1
0.9802527999854647,101,1,0,5.99983107358145,-0.42426403508176974,6.4242640350817695,-0.00016892641855012817,0.7068251811053662,-0.7073882691671997,4.540951086632197,1
0.9802527999854647,101,1,1,6.4242640350817695,-0.00016892641855012817,6.00016892641855,0.42426403508176974,0.7073882691672001,0.7068251811053656,4.544329615003201,1
0.9802527999854647,101,1,2,6.00016892641855,0.42426403508176974,5.5757359649182305,0.00016892641855012817,-0.7068251811053662,0.7073882691671997,-3.9409510866321975,1
0.9802527999854647,101,1,3,5.5757359649182305,0.00016892641855012817,5.99983107358145,-0.42426403508176974,-0.7073882691672001,-0.7068251811053656,-3.9443296150032006,1
1.0504951999755576,107,0,0,2.9998310735814497,-0.42426403508176974,3.4242640350817695,-0.00016892641855012817,0.7068251811053662,-0.7073882691671997,2.4204755433160985,1
1.0504951999755576,107,0,1,3.4242640350817695,-0.00016892641855012817,3.0001689264185503,0.42426403508176974,0.7073882691672001,0.7068251811053656,2.4221648075016002,1
1.0504951999755576,107,0,2,3.0001689264185503,0.42426403508176974,2.5757359649182305,0.00016892641855012817,-0.7068251811053662,0.7073882691671997,-1.8204755433160988,1
1.0504951999755576,107,0,3,2.5757359649182305,0.00016892641855012817,2.9998310735814497,-0.42426403508176974,-0.7073882691672001,-0.7068251811053656,-1.8221648075016004,1
1.0504951999755576,107,1,0,5.99983107358145,-0.42426403508176974,6.4242640350817695,-0.00016892641855012817,0.7068251811053662,-0.7073882691671997,4.540951086632197,1
1.0504951999755576,107,1,1,6.4242640350817695,-0.00016892641855012817,6.00016892641855,0.42426403508176974,0.7073882691672001,0.7068251811053656,4.544329615003201,1
1.0504951999755576,107,1,2,6.00016892641855,0.42426403508176974,5.5757359649182305,0.00016892641855012817,-0.7068251811053662,0.7073882691671997,-3.9409510866321975,1
1.0504951999755576,107,1,3,5.5757359649182305,0.00016892641855012817,5.99983107358145,-0.42426403508176974,-0.7073882691672001,-0.7068251811053656,-3.9443296150032006,1
1.1206188999931328,113,0,0,2.9998310735814497,-0.42426403508176974,3.4242640350817695,-0.00016892641855012817,0.7068251811053662,-0.7073882691671997,2.4204755433160985,1
1.1206188999931328,113,0,1,3.4242640350817695,-0.00016892641855012817,3.0001689264185503,0.42426403508176974,0.7073882691672001,0.7068251811053656,2.4221648075016002,1
1.1206188999931328,113,0,2,3.0001689264185503,0.42426403508176974,2.5757359649182305,0.00016892641855012817,-0.7068251811053662,0.7073882691671997,-1.8204755433160988,1
1.1206188999931328,113,0,3,2.5757359649182305,0.00016892641855012817,2.9998310735814497,-0.42426403508176974,-0.7073882691672001,-0.7068251811053656,-1.8221648075016004,1
1.1206188999931328,113,1,0,5.99983107358145,-0.42426403508176974,6.4242640350817695,-0.00016892641855012817,0.7068251811053662,-0.7073882691671997,4.540951086632197,1
1.1206188999931328,113,1,1,6.4242640350817695,-0.00016892641855012817,6.00016892641855,0.42426403508176974,0.7073882691672001,0.7068251811053656,4.544329615003201,1
1.1206188999931328,113,1,2,6.00016892641855,0.42426403508176974,5.5757359649182305,0.00016892641855012817,-0.7068251811053662,0.7073882691671997,-3.9409510866321975,1
1.1206188999931328,113,1,3,5.5757359649182305,0.00016892641855012817,5.99983107358145,-0.42426403508176974,-0.7073882691672001,-0.7068251811053656,-3.9443296150032006,1
1.1906899999885354,120,0,0,2.9998310735814497,-0.42426403508176974,3.4242640350817695,-0.00016892641855012817,0.7068251811053662,-0.7073882691671997,2.4204755433160985,1
1.1906899999885354,120,0,1,3.4242640350817695,-0.00016892641855012817,3.0001689264185503,0.42426403508176974,0.7073882691672001,0.7068251811053656,2.4221648075016002,1
1.1906899999885354,120,0,2,3.0001689264185503,0.42426403508176974,2.5757359649182305,0.00016892641855012817,-0.7068251811053662,0.7073882691671997,-1.8204755433160988,1
1.1906899999885354,120,0,3,2.5757359649182305,0.00016892641855012817,2.9998310735814497,-0.42426403508176974,-0.7073882691672001,-0.7068251811053656,-1.8221648075016004,1
1.1906899999885354,120,1,0,5.99983107358145,-0.42426403508176974,6.4242640350817695,-0.00016892641855012817,0.7068251811053662,-0.7073882691671997,4.540951086632197,1
1.1906899999885354,120,1,1,6.4242640350817695,-0.00016892641855012817,6.00016892641855,0.42426403508176974,0.7073882691672001,0.7068251811053656,4.544329615003201,1
1.1906899999885354,120,1,2,6.00016892641855,0.42426403508176974,5.5757359649182305,0.00016892641855012817,-0.7068251811053662,0.7073882691671997,-3.9409510866321975,1
1.1906899999885354,120,1,3,5.5757359649182305,0.00016892641855012817,5.99983107358145,-0.42426403508176974,-0.7073882691672001,-0.7068251811053656,-3.9443296150032006,1
1.2603467000008095,126,0,0,2.9998310735814497,-0.42426403508176974,3.4242640350817695,-0.00016892641855012817,0.7068251811053662,-0.7073882691671997,2.4204755433160985,1
1.2603467000008095,126,0,1,3.4242640350817695,-0.00016892641855012817,3.0001689264185503,0.42426403508176974,0.7073882691672001,0.7068251811053656,2.4221648075016002,1
1.2603467000008095,126,0,2,3.0001689264185503,0.42426403508176974,2.5757359649182305,0.00016892641855012817,-0.7068251811053662,0.7073882691671997,-1.8204755433160988,1
1.2603467000008095,126,0,3,2.5757359649182305,0.00016892641855012817,2.9998310735814497,-0.42426403508176974,-0.7073882691672001,-0.7068251811053656,-1.8221648075016004,1
1.2603467000008095,126,1,0,5.99983107358145,-0.42426403508176974,6.4242640350817695,-0.00016892641855012817,0.7068251811053662,-0.7073882691671997,4.540951086632197,1
1.2603467000008095,126,1,1,6.4242640350817695,-0.00016892641855012817,6.00016892641855,0.42426403508176974,0.7073882691672001,0.7068251811053656,4.544329615003201,1
1.2603467000008095,126,1,2,6.00016892641855,0.42426403508176974,5.5757359649182305,0.00016892641855012817,-0.7068251811053662,0.7073882691671997,-3.9409510866321975,1
1.2603467000008095,126,1,3,5.5757359649182305,0.00016892641855012817,5.99983107358145,-0.42426403508176974,-0.7073882691672001,-0.7068251811053656,-3.9443296150032006,1
1.3302803999977186,136,0,0,2.9998310735814497,-0.42426403508176974,3.4242640350817695,-0.00016892641855012817,0.7068251811053662,-0.7073882691671997,2.4204755433160985,1
1.3302803999977186,136,0,1,3.4242640350817695,-0.00016892641855012817,3.0001689264185503,0.42426403508176974,0.7073882691672001,0.7068251811053656,2.4221648075016002,1
1.3302803999977186,136,0,2,3.0001689264185503,0.42426403508176974,2.5757359649182305,0.00016892641855012817,-0.7068251811053662,0.7073882691671997,-1.8204755433160988,1
1.3302803999977186,136,0,3,2.5757359649182305,0.00016892641855012817,2.9998310735814497,-0.42426403508176974,-0.7073882691672001,-0.7068251811053656,-1.8221648075016004,1
1.3302803999977186,136,1,0,5.99983107358145,-0.42426403508176974,6.4242640350817695,-0.00016892641855012817,0.7068251811053662,-0.7073882691671997,4.540951086632197,1
1.3302803999977186,136,1,1,6.4242640350817695,-0.00016892641855012817,6.00016892641855,0.42426403508176974,0.7073882691672001,0.7068251811053656,4.544329615003201,1
1.3302803999977186,136,1,2,6.00016892641855,0.42426403508176974,5.5757359649182305,0.00016892641855012817,-0.7068251811053662,0.7073882691671997,-3.9409510866321975,1
1.3302803999977186,136,1,3,5.5757359649182305,0.00016892641855012817,5.99983107358145,-0.42426403508176974,-0.7073882691672001,-0.7068251811053656,-3.9443296150032006,1
1.4005106999829877,143,0,0,2.9998310735814497,-0.42426403508176974,3.4242640350817695,-0.00016892641855012817,0.7068251811053662,-0.7073882691671997,2.4204755433160985,1
1.4005106999829877,143,0,1,3.4242640350817695,-0.00016892641855012817,3.0001689264185503,0.42426403508176974,0.7073882691672001,0.7068251811053656,2.4221648075016002,1
1.4005106999829877,143,0,2,3.0001689264185503,0.42426403508176974,2.5757359649182305,0.00016892641855012817,-0.7068251811053662,0.7073882691671997,-1.8204755433160988,1
1.4005106999829877,143,0,3,2.5757359649182305,0.00016892641855012817,2.9998310735814497,-0.42426403508176974,-0.7073882691672001,-0.7068251811053656,-1.8221648075016004,1
1.4005106999829877,143,1,0,5.99983107358145,-0.42426403508176974,6.4242640350817695,-0.00016892641855012817,0.7068251811053662,-0.7073882691671997,4.540951086632197,1
1.4005106999829877,143,1,1,6.4242640350817695,-0.00016892641855012817,6.00016892641855,0.42426403508176974,0.7073882691672001,0.7068251811053656,4.544329615003201,1
1.4005106999829877,143,1,2,6.00016892641855,0.42426403508176974,5.5757359649182305,0.00016892641855012817,-0.7068251811053662,0.7073882691671997,-3.9409510866321975,1
1.4005106999829877,143,1,3,5.5757359649182305,0.00016892641855012817,5.99983107358145,-0.42426403508176974,-0.7073882691672001,-0.7068251811053656,-3.9443296150032006,1
1.4701942999963649,149,0,0,2.9998310735814497,-0.42426403508176974,3.4242640350817695,-0.00016892641855012817,0.7068251811053662,-0.7073882691671997,2.4204755433160985,1
1.4701942999963649,149,0,1,3.4242640350817695,-0.00016892641855012817,3.0001689264185503,0.42426403508176974,0.7073882691672001,0.7068251811053656,2.4221648075016002,1
1.4701942999963649,149,0,2,3.0001689264185503,0.42426403508176974,2.5757359649182305,0.00016892641855012817,-0.7068251811053662,0.7073882691671997,-1.8204755433160988,1
1.4701942999963649,149,0,3,2.5757359649182305,0.00016892641855012817,2.9998310735814497,-0.42426403508176974,-0.7073882691672001,-0.7068251811053656,-1.8221648075016004,1
1.4701942999963649,149,1,0,5.99983107358145,-0.42426403508176974,6.4242640350817695,-0.00016892641855012817,0.7068251811053662,-0.7073882691671997,4.540951086632197,1
1.4701942999963649,149,1,1,6.4242640350817695,-0.00016892641855012817,6.00016892641855,0.42426403508176974,0.7073882691672001,0.7068251811053656,4.544329615003201,1
1.4701942999963649,149,1,2,6.00016892641855,0.42426403508176974,5.5757359649182305,0.00016892641855012817,-0.7068251811053662,0.7073882691671997,-3.9409510866321975,1
1.4701942999963649,149,1,3,5.5757359649182305,0.00016892641855012817,5.99983107358145,-0.42426403508176974,-0.7073882691672001,-0.7068251811053656,-3.9443296150032006,1
1.563301699992735,160,0,0,2.9998310735814497,-0.42426403508176974,3.4242640350817695,-0.00016892641855012817,0.7068251811053662,-0.7073882691671997,2.4204755433160985,1
1.563301699992735,160,0,1,3.4242640350817695,-0.00016892641855012817,3.0001689264185503,0.42426403508176974,0.7073882691672001,0.7068251811053656,2.4221648075016002,1
1.563301699992735,160,0,2,3.0001689264185503,0.42426403508176974,2.5757359649182305,0.00016892641855012817,-0.7068251811053662,0.7073882691671997,-1.8204755433160988,1
1.563301699992735,160,0,3,2.5757359649182305,0.00016892641855012817,2.9998310735814497,-0.42426403508176974,-0.7073882691672001,-0.7068251811053656,-1.8221648075016004,1
1.563301699992735,160,1,0,5.99983107358145,-0.42426403508176974,6.4242640350817695,-0.00016892641855012817,0.7068251811053662,-0.7073882691671997,4.540951086632197,1
1.563301699992735,160,1,1,6.4242640350817695,-0.00016892641855012817,6.00016892641855,0.42426403508176974,0.7073882691672001,0.7068251811053656,4.544329615003201,1
1.563301699992735,160,1,2,6.00016892641855,0.42426403508176974,5.5757359649182305,0.00016892641855012817,-0.7068251811053662,0.7073882691671997,-3.9409510866321975,1
1.563301699992735,160,1,3,5.5757359649182305,0.00016892641855012817,5.99983107358145,-0.42426403508176974,-0.7073882691672001,-0.7068251811053656,-3.9443296150032006,1
1.6632855999923777,170,0,0,2.9998310735814497,-0.42426403508176974,3.4242640350817695,-0.00016892641855012817,0.7068251811053662,-0.7073882691671997,2.4204755433160985,1
1.6632855999923777,170,0,1,3.4242640350817695,-0.00016892641855012817,3.0001689264185503,0.42426403508176974,0.7073882691672001,0.7068251811053656,2.4221648075016002,1
1.6632855999923777,170,0,2,3.0001689264185503,0.42426403508176974,2.5757359649182305,0.00016892641855012817,-0.7068251811053662,0.7073882691671997,-1.8204755433160988,1
1.6632855999923777,170,0,3,2.5757359649182305,0.00016892641855012817,2.9998310735814497,-0.42426403508176974,-0.7073882691672001,-0.7068251811053656,-1.8221648075016004,1
1.6632855999923777,170,1,0,5.99983107358145,-0.42426403508176974,6.4242640350817695,-0.00016892641855012817,0.7068251811053662,-0.7073882691671997,4.540951086632197,1
1.6632855999923777,170,1,1,6.4242640350817695,-0.00016892641855012817,6.00016892641855,0.42426403508176974,0.7073882691672001,0.7068251811053656,4.544329615003201,1
1.6632855999923777,170,1,2,6.00016892641855,0.42426403508176974,5.5757359649182305,0.00016892641855012817,-0.7068251811053662,0.7073882691671997,-3.9409510866321975,1
1.6632855999923777,170,1,3,5.5757359649182305,0.00016892641855012817,5.99983107358145,-0.42426403508176974,-0.7073882691672001,-0.7068251811053656,-3.9443296150032006,1
1.7632791999785695,181,0,0,2.9998310735814497,-0.42426403508176974,3.4242640350817695,-0.00016892641855012817,0.7068251811053662,-0.7073882691671997,2.4204755433160985,1
1.7632791999785695,181,0,1,3.4242640350817695,-0.00016892641855012817,3.0001689264185503,0.42426403508176974,0.7073882691672001,0.7068251811053656,2.4221648075016002,1
1.7632791999785695,181,0,2,3.0001689264185503,0.42426403508176974,2.5757359649182305,0.00016892641855012817,-0.7068251811053662,0.7073882691671997,-1.8204755433160988,1
1.7632791999785695,181,0,3,2.5757359649182305,0.00016892641855012817,2.9998310735814497,-0.42426403508176974,-0.7073882691672001,-0.7068251811053656,-1.8221648075016004,1
1.7632791999785695,181,1,0,5.99983107358145,-0.42426403508176974,6.4242640350817695,-0.00016892641855012817,0.7068251811053662,-0.7073882691671997,4.540951086632197,1
1.7632791999785695,181,1,1,6.4242640350817695,-0.00016892641855012817,6.00016892641855,0.42426403508176974,0.7073882691672001,0.7068251811053656,4.544329615003201,1
1.7632791999785695,181,1,2,6.00016892641855,0.42426403508176974,5.5757359649182305,0.00016892641855012817,-0.7068251811053662,0.7073882691671997,-3.9409510866321975,1
1.7632791999785695,181,1,3,5.5757359649182305,0.00016892641855012817,5.99983107358145,-0.42426403508176974,-0.7073882691672001,-0.7068251811053656,-3.9443296150032006,1
1.8633191999979317,191,0,0,2.9998310735814497,-0.42426403508176974,3.4242640350817695,-0.00016892641855012817,0.7068251811053662,-0.7073882691671997,2.4204755433160985,1
1.8633191999979317,191,0,1,3.4242640350817695,-0.00016892641855012817,3.0001689264185503,0.42426403508176974,0.7073882691672001,0.7068251811053656,2.4221648075016002,1
1.8633191999979317,191,0,2,3.0001689264185503,0.42426403508176974,2.5757359649182305,0.00016892641855012817,-0.7068251811053662,0.7073882691671997,-1.8204755433160988,1
1.8633191999979317,191,0,3,2.5757359649182305,0.00016892641855012817,2.9998310735814497,-0.42426403508176974,-0.7073882691672001,-0.7068251811053656,-1.8221648075016004,1
1.8633191999979317,191,1,0,5.99983107358145,-0.42426403508176974,6.4242640350817695,-0.00016892641855012817,0.7068251811053662,-0.7073882691671997,4.540951086632197,1
1.8633191999979317,191,1,1,6.4242640350817695,-0.00016892641855012817,6.00016892641855,0.42426403508176974,0.7073882691672001,0.7068251811053656,4.544329615003201,1
1.8633191999979317,191,1,2,6.00016892641855,0.42426403508176974,5.5757359649182305,0.00016892641855012817,-0.7068251811053662,0.7073882691671997,-3.9409510866321975,1
1.8633191999979317,191,1,3,5.5757359649182305,0.00016892641855012817,5.99983107358145,-0.42426403508176974,-0.7073882691672001,-0.7068251811053656,-3.9443296150032006,1
1.963339999987511,202,0,0,2.9998310735814497,-0.42426403508176974,3.4242640350817695,-0.00016892641855012817,0.7068251811053662,-0.7073882691671997,2.4204755433160985,1
1.963339999987511,202,0,1,3.4242640350817695,-0.00016892641855012817,3.0001689264185503,0.42426403508176974,0.7073882691672001,0.7068251811053656,2.4221648075016002,1
1.963339999987511,202,0,2,3.0001689264185503,0.42426403508176974,2.5757359649182305,0.00016892641855012817,-0.7068251811053662,0.7073882691671997,-1.8204755433160988,1
1.963339999987511,202,0,3,2.5757359649182305,0.00016892641855012817,2.9998310735814497,-0.42426403508176974,-0.7073882691672001,-0.7068251811053656,-1.8221648075016004,1
1.963339999987511,202,1,0,5.99983107358145,-0.42426403508176974,6.4242640350817695,-0.00016892641855012817,0.7068251811053662,-0.7073882691671997,4.540951086632197,1
1.963339999987511,202,1,1,6.4242640350817695,-0.00016892641855012817,6.00016892641855,0.42426403508176974,0.7073882691672001,0.7068251811053656,4.544329615003201,1
1.963339999987511,202,1,2,6.00016892641855,0.42426403508176974,5.5757359649182305,0.00016892641855012817,-0.7068251811053662,0.7073882691671997,-3.9409510866321975,1
1.963339999987511,202,1,3,5.5757359649182305,0.00016892641855012817,5.99983107358145,-0.42426403508176974,-0.7073882691672001,-0.7068251811053656,-3.9443296150032006,1
2.063310300000012,212,0,0,2.9998310735814497,-0.42426403508176974,3.4242640350817695,-0.00016892641855012817,0.7068251811053662,-0.7073882691671997,2.4204755433160985,1
2.063310300000012,212,0,1,3.4242640350817695,-0.00016892641855012817,3.0001689264185503,0.42426403508176974,0.7073882691672001,0.7068251811053656,2.4221648075016002,1
2.063310300000012,212,0,2,3.0001689264185503,0.42426403508176974,2.5757359649182305,0.00016892641855012817,-0.7068251811053662,0.7073882691671997,-1.8204755433160988,1
2.063310300000012,212,0,3,2.5757359649182305,0.00016892641855012817,2.9998310735814497,-0.42426403508176974,-0.7073882691672001,-0.7068251811053656,-1.8221648075016004,1
2.063310300000012,212,1,0,5.99983107358145,-0.42426403508176974,6.4242640350817695,-0.00016892641855012817,0.7068251811053662,-0.7073882691671997,4.540951086632197,1
2.063310300000012,212,1,1,6.4242640350817695,-0.00016892641855012817,6.00016892641855,0.42426403508176974,0.7073882691672001,0.7068251811053656,4.544329615003201,1
2.063310300000012,212,1,2,6.00016892641855,0.42426403508176974,5.5757359649182305,0.00016892641855012817,-0.7068251811053662,0.7073882691671997,-3.9409510866321975,1
2.063310300000012,212,1,3,5.5757359649182305,0.00016892641855012817,5.99983107358145,-0.42426403508176974,-0.7073882691672001,-0.7068251811053656,-3.9443296150032006,1
2.1633088999951724,222,0,0,2.9998310735814497,-0.42426403508176974,3.4242640350817695,-0.00016892641855012817,0.7068251811053662,-0.7073882691671997,2.4204755433160985,1
2.1633088999951724,222,0,1,3.4242640350817695,-0.00016892641855012817,3.0001689264185503,0.42426403508176974,0.7073882691672001,0.7068251811053656,2.4221648075016002,1
2.1633088999951724,222,0,2,3.0001689264185503,0.42426403508176974,2.5757359649182305,0.00016892641855012817,-0.7068251811053662,0.7073882691671997,-1.8204755433160988,1
2.1633088999951724,222,0,3,2.5757359649182305,0.00016892641855012817,2.9998310735814497,-0.42426403508176974,-0.7073882691672001,-0.7068251811053656,-1.8221648075016004,1
2.1633088999951724,222,1,0,5.99983107358145,-0.42426403508176974,6.4242640350817695,-0.00016892641855012817,0.7068251811053662,-0.7073882691671997,4.540951086632197,1
2.1633088999951724,222,1,1,6.4242640350817695,-0.00016892641855012817,6.00016892641855,0.42426403508176974,0.7073882691672001,0.7068251811053656,4.544329615003201,1
2.1633088999951724,222,1,2,6.00016892641855,0.42426403508176974,5.5757359649182305,0.00016892641855012817,-0.7068251811053662,0.7073882691671997,-3.9409510866321975,1
2.1633088999951724,222,1,3,5.5757359649182305,0.00016892641855012817,5.99983107358145,-0.42426403508176974,-0.7073882691672001,-0.7068251811053656,-3.9443296150032006,1
2.2632749999756925,232,0,0,2.9998310735814497,-0.42426403508176974,3.4242640350817695,-0.00016892641855012817,0.7068251811053662,-0.7073882691671997,2.4204755433160985,1
2.2632749999756925,232,0,1,3.4242640350817695,-0.00016892641855012817,3.0001689264185503,0.42426403508176974,0.7073882691672001,0.7068251811053656,2.4221648075016002,1
2.2632749999756925,232,0,2,3.0001689264185503,0.42426403508176974,2.5757359649182305,0.00016892641855012817,-0.7068251811053662,0.7073882691671997,-1.8204755433160988,1
2.2632749999756925,232,0,3,2.5757359649182305,0.00016892641855012817,2.9998310735814497,-0.42426403508176974,-0.7073882691672001,-0.7068251811053656,-1.8221648075016004,1
2.2632749999756925,232,1,0,5.99983107358145,-0.42426403508176974,6.4242640350817695,-0.00016892641855012817,0.7068251811053662,-0.7073882691671997,4.540951086632197,1
2.2632749999756925,232,1,1,6.4242640350817695,-0.00016892641855012817,6.00016892641855,0.42426403508176974,0.7073882691672001,0.7068251811053656,4.544329615003201,1
2.2632749999756925,232,1,2,6.00016892641855,0.42426403508176974,5.5757359649182305,0.00016892641855012817,-0.7068251811053662,0.7073882691671997,-3.9409510866321975,1
2.2632749999756925,232,1,3,5.5757359649182305,0.00016892641855012817,5.99983107358145,-0.42426403508176974,-0.7073882691672001,-0.7068251811053656,-3.9443296150032006,1
2.363294099981431,241,0,0,2.9998310735814497,-0.42426403508176974,3.4242640350817695,-0.00016892641855012817,0.7068251811053662,-0.7073882691671997,2.4204755433160985,1
2.363294099981431,241,0,1,3.4242640350817695,-0.00016892641855012817,3.0001689264185503,0.42426403508176974,0.7073882691672001,0.7068251811053656,2.4221648075016002,1
2.363294099981431,241,0,2,3.0001689264185503,0.42426403508176974,2.5757359649182305,0.00016892641855012817,-0.7068251811053662,0.7073882691671997,-1.8204755433160988,1
2.363294099981431,241,0,3,2.5757359649182305,0.00016892641855012817,2.9998310735814497,-0.42426403508176974,-0.7073882691672001,-0.7068251811053656,-1.8221648075016004,1
2.363294099981431,241,1,0,5.99983107358145,-0.42426403508176974,6.4242640350817695,-0.00016892641855012817,0.7068251811053662,-0.7073882691671997,4.540951086632197,1
2.363294099981431,241,1,1,6.4242640350817695,-0.00016892641855012817,6.00016892641855,0.42426403508176974,0.7073882691672001,0.7068251811053656,4.544329615003201,1
2.363294099981431,241,1,2,6.00016892641855,0.42426403508176974,5.5757359649182305,0.00016892641855012817,-0.7068251811053662,0.7073882691671997,-3.9409510866321975,1
2.363294099981431,241,1,3,5.5757359649182305,0.00016892641855012817,5.99983107358145,-0.42426403508176974,-0.7073882691672001,-0.7068251811053656,-3.9443296150032006,1
2.4966237999906298,251,0,0,2.9998310735814497,-0.42426403508176974,3.4242640350817695,-0.00016892641855012817,0.7068251811053662,-0.7073882691671997,2.4204755433160985,1
2.4966237999906298,251,0,1,3.4242640350817695,-0.00016892641855012817,3.0001689264185503,0.42426403508176974,0.7073882691672001,0.7068251811053656,2.4221648075016002,1
2.4966237999906298,251,0,2,3.0001689264185503,0.42426403508176974,2.5757359649182305,0.00016892641855012817,-0.7068251811053662,0.7073882691671997,-1.8204755433160988,1
2.4966237999906298,251,0,3,2.5757359649182305,0.00016892641855012817,2.9998310735814497,-0.42426403508176974,-0.7073882691672001,-0.7068251811053656,-1.8221648075016004,1
2.4966237999906298,251,1,0,5.99983107358145,-0.42426403508176974,6.4242640350817695,-0.00016892641855012817,0.7068251811053662,-0.7073882691671997,4.540951086632197,1
2.4966237999906298,251,1,1,6.4242640350817695,-0.00016892641855012817,6.00016892641855,0.42426403508176974,0.7073882691672001,0.7068251811053656,4.544329615003201,1
2.4966237999906298,251,1,2,6.00016892641855,0.42426403508176974,5.5757359649182305,0.00016892641855012817,-0.7068251811053662,0.7073882691671997,-3.9409510866321975,1
2.4966237999906298,251,1,3,5.5757359649182305,0.00016892641855012817,5.99983107358145,-0.42426403508176974,-0.7073882691672001,-0.7068251811053656,-3.9443296150032006,1
2.5966668000037316,257,0,0,2.9998310735814497,-0.42426403508176974,3.4242640350817695,-0.00016892641855012817,0.7068251811053662,-0.7073882691671997,2.4204755433160985,1
2.5966668000037316,257,0,1,3.4242640350817695,-0.00016892641855012817,3.0001689264185503,0.42426403508176974,0.7073882691672001,0.7068251811053656,2.4221648075016002,1
2.5966668000037316,257,0,2,3.0001689264185503,0.42426403508176974,2.5757359649182305,0.00016892641855012817,-0.7068251811053662,0.7073882691671997,-1.8204755433160988,1
2.5966668000037316,257,0,3,2.5757359649182305,0.00016892641855012817,2.9998310735814497,-0.42426403508176974,-0.7073882691672001,-0.7068251811053656,-1.8221648075016004,1
2.5966668000037316,257,1,0,5.99983107358145,-0.42426403508176974,6.4242640350817695,-0.00016892641855012817,0.7068251811053662,-0.7073882691671997,4.540951086632197,1
2.5966668000037316,257,1,1,6.4242640350817695,-0.00016892641855012817,6.00016892641855,0.42426403508176974,0.7073882691672001,0.7068251811053656,4.544329615003201,1
2.5966668000037316,257,1,2,6.00016892641855,0.42426403508176974,5.5757359649182305,0.00016892641855012817,-0.7068251811053662,0.7073882691671997,-3.9409510866321975,1
2.5966668000037316,257,1,3,5.5757359649182305,0.00016892641855012817,5.99983107358145,-0.42426403508176974,-0.7073882691672001,-0.7068251811053656,-3.9443296150032006,1
2.696658699976979,262,0,0,2.9998310735814497,-0.42426403508176974,3.4242640350817695,-0.00016892641855012817,0.7068251811053662,-0.7073882691671997,2.4204755433160985,1
2.696658699976979,262,0,1,3.4242640350817695,-0.00016892641855012817,3.0001689264185503,0.42426403508176974,0.7073882691672001,0.7068251811053656,2.4221648075016002,1
2.696658699976979,262,0,2,3.0001689264185503,0.42426403508176974,2.5757359649182305,0.00016892641855012817,-0.7068251811053662,0.7073882691671997,-1.8204755433160988,1
2.696658699976979,262,0,3,2.5757359649182305,0.00016892641855012817,2.9998310735814497,-0.42426403508176974,-0.7073882691672001,-0.7068251811053656,-1.8221648075016004,1
2.696658699976979,262,1,0,5.99983107358145,-0.42426403508176974,6.4242640350817695,-0.00016892641855012817,0.7068251811053662,-0.7073882691671997,4.540951086632197,1
2.696658699976979,262,1,1,6.4242640350817695,-0.00016892641855012817,6.00016892641855,0.42426403508176974,0.7073882691672001,0.7068251811053656,4.544329615003201,1
2.696658699976979,262,1,2,6.00016892641855,0.42426403508176974,5.5757359649182305,0.00016892641855012817,-0.7068251811053662,0.7073882691671997,-3.9409510866321975,1
2.696658699976979,262,1,3,5.5757359649182305,0.00016892641855012817,5.99983107358145,-0.42426403508176974,-0.7073882691672001,-0.7068251811053656,-3.9443296150032006,1
2.796663399989484,268,0,0,2.9998310735814497,-0.42426403508176974,3.4242640350817695,-0.00016892641855012817,0.7068251811053662,-0.7073882691671997,2.4204755433160985,1
2.796663399989484,268,0,1,3.4242640350817695,-0.00016892641855012817,3.0001689264185503,0.42426403508176974,0.7073882691672001,0.7068251811053656,2.4221648075016002,1
2.796663399989484,268,0,2,3.0001689264185503,0.42426403508176974,2.5757359649182305,0.00016892641855012817,-0.7068251811053662,0.7073882691671997,-1.8204755433160988,1
2.796663399989484,268,0,3,2.5757359649182305,0.00016892641855012817,2.9998310735814497,-0.42426403508176974,-0.7073882691672001,-0.7068251811053656,-1.8221648075016004,1
2.796663399989484,268,1,0,5.99983107358145,-0.42426403508176974,6.4242640350817695,-0.00016892641855012817,0.7068251811053662,-0.7073882691671997,4.540951086632197,1
2.796663399989484,268,1,1,6.4242640350817695,-0.00016892641855012817,6.00016892641855,0.42426403508176974,0.7073882691672001,0.7068251811053656,4.544329615003201,1
2.796663399989484,268,1,2,6.00016892641855,0.42426403508176974,5.5757359649182305,0.00016892641855012817,-0.7068251811053662,0.7073882691671997,-3.9409510866321975,1
2.796663399989484,268,1,3,5.5757359649182305,0.00016892641855012817,5.99983107358145,-0.42426403508176974,-0.7073882691672001,-0.7068251811053656,-3.9443296150032006,1
2.896645400003763,275,0,0,2.9998310735814497,-0.42426403508176974,3.4242640350817695,-0.00016892641855012817,0.7068251811053662,-0.7073882691671997,2.4204755433160985,1
2.896645400003763,275,0,1,3.4242640350817695,-0.00016892641855012817,3.0001689264185503,0.42426403508176974,0.7073882691672001,0.7068251811053656,2.4221648075016002,1
2.896645400003763,275,0,2,3.0001689264185503,0.42426403508176974,2.5757359649182305,0.00016892641855012817,-0.7068251811053662,0.7073882691671997,-1.8204755433160988,1
2.896645400003763,275,0,3,2.5757359649182305,0.00016892641855012817,2.9998310735814497,-0.42426403508176974,-0.7073882691672001,-0.7068251811053656,-1.8221648075016004,1
2.896645400003763,275,1,0,5.99983107358145,-0.42426403508176974,6.4242640350817695,-0.00016892641855012817,0.7068251811053662,-0.7073882691671997,4.540951086632197,1
2.896645400003763,275,1,1,6.4242640350817695,-0.00016892641855012817,6.00016892641855,0.42426403508176974,0.7073882691672001,0.7068251811053656,4.544329615003201,1
2.896645400003763,275,1,2,6.00016892641855,0.42426403508176974,5.5757359649182305,0.00016892641855012817,-0.7068251811053662,0.7073882691671997,-3.9409510866321975,1
2.896645400003763,275,1,3,5.5757359649182305,0.00016892641855012817,5.99983107358145,-0.42426403508176974,-0.7073882691672001,-0.7068251811053656,-3.9443296150032006,1
2.963274599984288,281,0,0,2.9998310735814497,-0.42426403508176974,3.4242640350817695,-0.00016892641855012817,0.7068251811053662,-0.7073882691671997,2.4204755433160985,1
2.963274599984288,281,0,1,3.4242640350817695,-0.00016892641855012817,3.0001689264185503,0.42426403508176974,0.7073882691672001,0.7068251811053656,2.4221648075016002,1
2.963274599984288,281,0,2,3.0001689264185503,0.42426403508176974,2.5757359649182305,0.00016892641855012817,-0.7068251811053662,0.7073882691671997,-1.8204755433160988,1
2.963274599984288,281,0,3,2.5757359649182305,0.00016892641855012817,2.9998310735814497,-0.42426403508176974,-0.7073882691672001,-0.7068251811053656,-1.8221648075016004,1
2.963274599984288,281,1,0,5.99983107358145,-0.42426403508176974,6.4242640350817695,-0.00016892641855012817,0.7068251811053662,-0.7073882691671997,4.540951086632197,1
2.963274599984288,281,1,1,6.4242640350817695,-0.00016892641855012817,6.00016892641855,0.42426403508176974,0.7073882691672001,0.7068251811053656,4.544329615003201,1
2.963274599984288,281,1,2,6.00016892641855,0.42426403508176974,5.5757359649182305,0.00016892641855012817,-0.7068251811053662,0.7073882691671997,-3.9409510866321975,1
2.963274599984288,281,1,3,5.5757359649182305,0.00016892641855012817,5.99983107358145,-0.42426403508176974,-0.7073882691672001,-0.7068251811053656,-3.9443296150032006,1
3.0299849000002723,286,0,0,2.9998310735814497,-0.42426403508176974,3.4242640350817695,-0.00016892641855012817,0.7068251811053662,-0.7073882691671997,2.4204755433160985,1
3.0299849000002723,286,0,1,3.4242640350817695,-0.00016892641855012817,3.0001689264185503,0.42426403508176974,0.7073882691672001,0.7068251811053656,2.4221648075016002,1
3.0299849000002723,286,0,2,3.0001689264185503,0.42426403508176974,2.5757359649182305,0.00016892641855012817,-0.7068251811053662,0.7073882691671997,-1.8204755433160988,1
3.0299849000002723,286,0,3,2.5757359649182305,0.00016892641855012817,2.9998310735814497,-0.42426403508176974,-0.7073882691672001,-0.7068251811053656,-1.8221648075016004,1
3.0299849000002723,286,1,0,5.99983107358145,-0.42426403508176974,6.4242640350817695,-0.00016892641855012817,0.7068251811053662,-0.7073882691671997,4.540951086632197,1
3.0299849000002723,286,1,1,6.4242640350817695,-0.00016892641855012817,6.00016892641855,0.42426403508176974,0.7073882691672001,0.7068251811053656,4.544329615003201,1
3.0299849000002723,286,1,2,6.00016892641855,0.42426403508176974,5.5757359649182305,0.00016892641855012817,-0.7068251811053662,0.7073882691671997,-3.9409510866321975,1
3.0299849000002723,286,1,3,5.5757359649182305,0.00016892641855012817,5.99983107358145,-0.42426403508176974,-0.7073882691672001,-0.7068251811053656,-3.9443296150032006,1
3.130288999993354,296,0,0,2.9998310735814497,-0.42426403508176974,3.4242640350817695,-0.00016892641855012817,0.7068251811053662,-0.7073882691671997,2.4204755433160985,1
3.130288999993354,296,0,1,3.4242640350817695,-0.00016892641855012817,3.0001689264185503,0.42426403508176974,0.7073882691672001,0.7068251811053656,2.4221648075016002,1
3.130288999993354,296,0,2,3.0001689264185503,0.42426403508176974,2.5757359649182305,0.00016892641855012817,-0.7068251811053662,0.7073882691671997,-1.8204755433160988,1
3.130288999993354,296,0,3,2.5757359649182305,0.00016892641855012817,2.9998310735814497,-0.42426403508176974,-0.7073882691672001,-0.7068251811053656,-1.8221648075016004,1
3.130288999993354,296,1,0,5.99983107358145,-0.42426403508176974,6.4242640350817695,-0.00016892641855012817,0.7068251811053662,-0.7073882691671997,4.540951086632197,1
3.130288999993354,296,1,1,6.4242640350817695,-0.00016892641855012817,6.00016892641855,0.42426403508176974,0.7073882691672001,0.7068251811053656,4.544329615003201,1
3.130288999993354,296,1,2,6.00016892641855,0.42426403508176974,5.5757359649182305,0.00016892641855012817,-0.7068251811053662,0.7073882691671997,-3.9409510866321975,1
3.130288999993354,296,1,3,5.5757359649182305,0.00016892641855012817,5.99983107358145,-0.42426403508176974,-0.7073882691672001,-0.7068251811053656,-3.9443296150032006,1
3.1967041000025347,302,0,0,2.9998310735814497,-0.42426403508176974,3.4242640350817695,-0.00016892641855012817,0.7068251811053662,-0.7073882691671997,2.4204755433160985,1
3.1967041000025347,302,0,1,3.4242640350817695,-0.00016892641855012817,3.0001689264185503,0.42426403508176974,0.7073882691672001,0.7068251811053656,2.4221648075016002,1
3.1967041000025347,302,0,2,3.0001689264185503,0.42426403508176974,2.5757359649182305,0.00016892641855012817,-0.7068251811053662,0.7073882691671997,-1.8204755433160988,1
3.1967041000025347,302,0,3,2.5757359649182305,0.00016892641855012817,2.9998310735814497,-0.42426403508176974,-0.7073882691672001,-0.7068251811053656,-1.8221648075016004,1
3.1967041000025347,302,1,0,5.99983107358145,-0.42426403508176974,6.4242640350817695,-0.00016892641855012817,0.7068251811053662,-0.7073882691671997,4.540951086632197,1
3.1967041000025347,302,1,1,6.4242640350817695,-0.00016892641855012817,6.00016892641855,0.42426403508176974,0.7073882691672001,0.7068251811053656,4.544329615003201,1
3.1967041000025347,302,1,2,6.00016892641855,0.42426403508176974,5.5757359649182305,0.00016892641855012817,-0.7068251811053662,0.7073882691671997,-3.9409510866321975,1
3.1967041000025347,302,1,3,5.5757359649182305,0.00016892641855012817,5.99983107358145,-0.42426403508176974,-0.7073882691672001,-0.7068251811053656,-3.9443296150032006,1
3.263404899975285,309,0,0,2.9998310735814497,-0.42426403508176974,3.4242640350817695,-0.00016892641855012817,0.7068251811053662,-0.7073882691671997,2.4204755433160985,1
3.263404899975285,309,0,1,3.4242640350817695,-0.00016892641855012817,3.0001689264185503,0.42426403508176974,0.7073882691672001,0.7068251811053656,2.4221648075016002,1
3.263404899975285,309,0,2,3.0001689264185503,0.42426403508176974,2.5757359649182305,0.00016892641855012817,-0.7068251811053662,0.7073882691671997,-1.8204755433160988,1
3.263404899975285,309,0,3,2.5757359649182305,0.00016892641855012817,2.9998310735814497,-0.42426403508176974,-0.7073882691672001,-0.7068251811053656,-1.8221648075016004,1
3.263404899975285,309,1,0,5.99983107358145,-0.42426403508176974,6.4242640350817695,-0.00016892641855012817,0.7068251811053662,-0.7073882691671997,4.540951086632197,1
3.263404899975285,309,1,1,6.4242640350817695,-0.00016892641855012817,6.00016892641855,0.42426403508176974,0.7073882691672001,0.7068251811053656,4.544329615003201,1
3.263404899975285,309,1,2,6.00016892641855,0.42426403508176974,5.5757359649182305,0.00016892641855012817,-0.7068251811053662,0.7073882691671997,-3.9409510866321975,1
3.263404899975285,309,1,3,5.5757359649182305,0.00016892641855012817,5.99983107358145,-0.42426403508176974,-0.7073882691672001,-0.7068251811053656,-3.9443296150032006,1
3.330075299978489,316,0,0,2.9998310735814497,-0.42426403508176974,3.4242640350817695,-0.00016892641855012817,0.7068251811053662,-0.7073882691671997,2.4204755433160985,1
3.330075299978489,316,0,1,3.4242640350817695,-0.00016892641855012817,3.0001689264185503,0.42426403508176974,0.7073882691672001,0.7068251811053656,2.4221648075016002,1
3.330075299978489,316,0,2,3.0001689264185503,0.42426403508176974,2.5757359649182305,0.00016892641855012817,-0.7068251811053662,0.7073882691671997,-1.8204755433160988,1
3.330075299978489,316,0,3,2.5757359649182305,0.00016892641855012817,2.9998310735814497,-0.42426403508176974,-0.7073882691672001,-0.7068251811053656,-1.8221648075016004,1
3.330075299978489,316,1,0,5.99983107358145,-0.42426403508176974,6.4242640350817695,-0.00016892641855012817,0.7068251811053662,-0.7073882691671997,4.540951086632197,1
3.330075299978489,316,1,1,6.4242640350817695,-0.00016892641855012817,6.00016892641855,0.42426403508176974,0.7073882691672001,0.7068251811053656,4.544329615003201,1
3.330075299978489,316,1,2,6.00016892641855,0.42426403508176974,5.5757359649182305,0.00016892641855012817,-0.7068251811053662,0.7073882691671997,-3.9409510866321975,1
3.330075299978489,316,1,3,5.5757359649182305,0.00016892641855012817,5.99983107358145,-0.42426403508176974,-0.7073882691672001,-0.7068251811053656,-3.9443296150032006,1
3.396743899997091,323,0,0,2.9998310735814497,-0.42426403508176974,3.4242640350817695,-0.00016892641855012817,0.7068251811053662,-0.7073882691671997,2.4204755433160985,1
3.396743899997091,323,0,1,3.4242640350817695,-0.00016892641855012817,3.0001689264185503,0.42426403508176974,0.7073882691672001,0.7068251811053656,2.4221648075016002,1
3.396743899997091,323,0,2,3.0001689264185503,0.42426403508176974,2.5757359649182305,0.00016892641855012817,-0.7068251811053662,0.7073882691671997,-1.8204755433160988,1
3.396743899997091,323,0,3,2.5757359649182305,0.00016892641855012817,2.9998310735814497,-0.42426403508176974,-0.7073882691672001,-0.7068251811053656,-1.8221648075016004,1
3.396743899997091,323,1,0,5.99983107358145,-0.42426403508176974,6.4242640350817695,-0.00016892641855012817,0.7068251811053662,-0.7073882691671997,4.540951086632197,1
3.396743899997091,323,1,1,6.4242640350817695,-0.00016892641855012817,6.00016892641855,0.42426403508176974,0.7073882691672001,0.7068251811053656,4.544329615003201,1
3.396743899997091,323,1,2,6.00016892641855,0.42426403508176974,5.5757359649182305,0.00016892641855012817,-0.7068251811053662,0.7073882691671997,-3.9409510866321975,1
3.396743899997091,323,1,3,5.5757359649182305,0.00016892641855012817,5.99983107358145,-0.42426403508176974,-0.7073882691672001,-0.7068251811053656,-3.9443296150032006,1
3.46339329998591,329,0,0,2.9998310735814497,-0.42426403508176974,3.4242640350817695,-0.00016892641855012817,0.7068251811053662,-0.7073882691671997,2.4204755433160985,1
3.46339329998591,329,0,1,3.4242640350817695,-0.00016892641855012817,3.0001689264185503,0.42426403508176974,0.7073882691672001,0.7068251811053656,2.4221648075016002,1
3.46339329998591,329,0,2,3.0001689264185503,0.42426403508176974,2.5757359649182305,0.00016892641855012817,-0.7068251811053662,0.7073882691671997,-1.8204755433160988,1
3.46339329998591,329,0,3,2.5757359649182305,0.00016892641855012817,2.9998310735814497,-0.42426403508176974,-0.7073882691672001,-0.7068251811053656,-1.8221648075016004,1
3.46339329998591,329,1,0,5.99983107358145,-0.42426403508176974,6.4242640350817695,-0.00016892641855012817,0.7068251811053662,-0.7073882691671997,4.540951086632197,1
3.46339329998591,329,1,1,6.4242640350817695,-0.00016892641855012817,6.00016892641855,0.42426403508176974,0.7073882691672001,0.7068251811053656,4.544329615003201,1
3.46339329998591,329,1,2,6.00016892641855,0.42426403508176974,5.5757359649182305,0.00016892641855012817,-0.7068251811053662,0.7073882691671997,-3.9409510866321975,1
3.46339329998591,329,1,3,5.5757359649182305,0.00016892641855012817,5.99983107358145,-0.42426403508176974,-0.7073882691672001,-0.7068251811053656,-3.9443296150032006,1
3.5302100999979302,335,0,0,2.9998310735814497,-0.42426403508176974,3.4242640350817695,-0.00016892641855012817,0.7068251811053662,-0.7073882691671997,2.4204755433160985,1
3.5302100999979302,335,0,1,3.4242640350817695,-0.00016892641855012817,3.0001689264185503,0.42426403508176974,0.7073882691672001,0.7068251811053656,2.4221648075016002,1
3.5302100999979302,335,0,2,3.0001689264185503,0.42426403508176974,2.5757359649182305,0.00016892641855012817,-0.7068251811053662,0.7073882691671997,-1.8204755433160988,1
3.5302100999979302,335,0,3,2.5757359649182305,0.00016892641855012817,2.9998310735814497,-0.42426403508176974,-0.7073882691672001,-0.7068251811053656,-1.8221648075016004,1
3.5302100999979302,335,1,0,5.99983107358145,-0.42426403508176974,6.4242640350817695,-0.00016892641855012817,0.7068251811053662,-0.7073882691671997,4.540951086632197,1
3.5302100999979302,335,1,1,6.4242640350817695,-0.00016892641855012817,6.00016892641855,0.42426403508176974,0.7073882691672001,0.7068251811053656,4.544329615003201,1
3.5302100999979302,335,1,2,6.00016892641855,0.42426403508176974,5.5757359649182305,0.00016892641855012817,-0.7068251811053662,0.7073882691671997,-3.9409510866321975,1
3.5302100999979302,335,1,3,5.5757359649182305,0.00016892641855012817,5.99983107358145,-0.42426403508176974,-0.7073882691672001,-0.7068251811053656,-3.9443296150032006,1
3.596740699984366,342,0,0,2.9998310735814497,-0.42426403508176974,3.4242640350817695,-0.00016892641855012817,0.7068251811053662,-0.7073882691671997,2.4204755433160985,1
3.596740699984366,342,0,1,3.4242640350817695,-0.00016892641855012817,3.0001689264185503,0.42426403508176974,0.7073882691672001,0.7068251811053656,2.4221648075016002,1
3.596740699984366,342,0,2,3.0001689264185503,0.42426403508176974,2.5757359649182305,0.00016892641855012817,-0.7068251811053662,0.7073882691671997,-1.8204755433160988,1
3.596740699984366,342,0,3,2.5757359649182305,0.00016892641855012817,2.9998310735814497,-0.42426403508176974,-0.7073882691672001,-0.7068251811053656,-1.8221648075016004,1
3.596740699984366,342,1,0,5.99983107358145,-0.42426403508176974,6.4242640350817695,-0.00016892641855012817,0.7068251811053662,-0.7073882691671997,4.540951086632197,1
3.596740699984366,342,1,1,6.4242640350817695,-0.00016892641855012817,6.00016892641855,0.42426403508176974,0.7073882691672001,0.7068251811053656,4.544329615003201,1
3.596740699984366,342,1,2,6.00016892641855,0.42426403508176974,5.5757359649182305,0.00016892641855012817,-0.7068251811053662,0.7073882691671997,-3.9409510866321975,1
3.596740699984366,342,1,3,5.5757359649182305,0.00016892641855012817,5.99983107358145,-0.42426403508176974,-0.7073882691672001,-0.7068251811053656,-3.9443296150032006,1
3.6634001999918837,349,0,0,2.9998310735814497,-0.42426403508176974,3.4242640350817695,-0.00016892641855012817,0.7068251811053662,-0.7073882691671997,2.4204755433160985,1
3.6634001999918837,349,0,1,3.4242640350817695,-0.00016892641855012817,3.0001689264185503,0.42426403508176974,0.7073882691672001,0.7068251811053656,2.4221648075016002,1
3.6634001999918837,349,0,2,3.0001689264185503,0.42426403508176974,2.5757359649182305,0.00016892641855012817,-0.7068251811053662,0.7073882691671997,-1.8204755433160988,1
3.6634001999918837,349,0,3,2.5757359649182305,0.00016892641855012817,2.9998310735814497,-0.42426403508176974,-0.7073882691672001,-0.7068251811053656,-1.8221648075016004,1
3.6634001999918837,349,1,0,5.99983107358145,-0.42426403508176974,6.4242640350817695,-0.00016892641855012817,0.7068251811053662,-0.7073882691671997,4.540951086632197,1
3.6634001999918837,349,1,1,6.4242640350817695,-0.00016892641855012817,6.00016892641855,0.42426403508176974,0.7073882691672001,0.7068251811053656,4.544329615003201,1
3.6634001999918837,349,1,2,6.00016892641855,0.42426403508176974,5.5757359649182305,0.00016892641855012817,-0.7068251811053662,0.7073882691671997,-3.9409510866321975,1
3.6634001999918837,349,1,3,5.5757359649182305,0.00016892641855012817,5.99983107358145,-0.42426403508176974,-0.7073882691672001,-0.7068251811053656,-3.9443296150032006,1
3.7301614999887533,358,0,0,2.9998310735814497,-0.42426403508176974,3.4242640350817695,-0.00016892641855012817,0.7068251811053662,-0.7073882691671997,2.4204755433160985,1
3.7301614999887533,358,0,1,3.4242640350817695,-0.00016892641855012817,3.0001689264185503,0.42426403508176974,0.7073882691672001,0.7068251811053656,2.4221648075016002,1
3.7301614999887533,358,0,2,3.0001689264185503,0.42426403508176974,2.5757359649182305,0.00016892641855012817,-0.7068251811053662,0.7073882691671997,-1.8204755433160988,1
3.7301614999887533,358,0,3,2.5757359649182305,0.00016892641855012817,2.9998310735814497,-0.42426403508176974,-0.7073882691672001,-0.7068251811053656,-1.8221648075016004,1
3.7301614999887533,358,1,0,5.99983107358145,-0.42426403508176974,6.4242640350817695,-0.00016892641855012817,0.7068251811053662,-0.7073882691671997,4.540951086632197,1
3.7301614999887533,358,1,1,6.4242640350817695,-0.00016892641855012817,6.00016892641855,0.42426403508176974,0.7073882691672001,0.7068251811053656,4.544329615003201,1
3.7301614999887533,358,1,2,6.00016892641855,0.42426403508176974,5.5757359649182305,0.00016892641855012817,-0.7068251811053662,0.7073882691671997,-3.9409510866321975,1
3.7301614999887533,358,1,3,5.5757359649182305,0.00016892641855012817,5.99983107358145,-0.42426403508176974,-0.7073882691672001,-0.7068251811053656,-3.9443296150032006,1
3.79674319998594,367,0,0,2.9998310735814497,-0.42426403508176974,3.4242640350817695,-0.00016892641855012817,0.7068251811053662,-0.7073882691671997,2.4204755433160985,1
3.79674319998594,367,0,1,3.4242640350817695,-0.00016892641855012817,3.0001689264185503,0.42426403508176974,0.7073882691672001,0.7068251811053656,2.4221648075016002,1
3.79674319998594,367,0,2,3.0001689264185503,0.42426403508176974,2.5757359649182305,0.00016892641855012817,-0.7068251811053662,0.7073882691671997,-1.8204755433160988,1
3.79674319998594,367,0,3,2.5757359649182305,0.00016892641855012817,2.9998310735814497,-0.42426403508176974,-0.7073882691672001,-0.7068251811053656,-1.8221648075016004,1
3.79674319998594,367,1,0,5.99983107358145,-0.42426403508176974,6.4242640350817695,-0.00016892641855012817,0.7068251811053662,-0.7073882691671997,4.540951086632197,1
3.79674319998594,367,1,1,6.4242640350817695,-0.00016892641855012817,6.00016892641855,0.42426403508176974,0.7073882691672001,0.7068251811053656,4.544329615003201,1
3.79674319998594,367,1,2,6.00016892641855,0.42426403508176974,5.5757359649182305,0.00016892641855012817,-0.7068251811053662,0.7073882691671997,-3.9409510866321975,1
3.79674319998594,367,1,3,5.5757359649182305,0.00016892641855012817,5.99983107358145,-0.42426403508176974,-0.7073882691672001,-0.7068251811053656,-3.9443296150032006,1
3.8634531999996398,377,0,0,2.9998310735814497,-0.42426403508176974,3.4242640350817695,-0.00016892641855012817,0.7068251811053662,-0.7073882691671997,2.4204755433160985,1
3.8634531999996398,377,0,1,3.4242640350817695,-0.00016892641855012817,3.0001689264185503,0.42426403508176974,0.7073882691672001,0.7068251811053656,2.4221648075016002,1
3.8634531999996398,377,0,2,3.0001689264185503,0.42426403508176974,2.5757359649182305,0.00016892641855012817,-0.7068251811053662,0.7073882691671997,-1.8204755433160988,1
3.8634531999996398,377,0,3,2.5757359649182305,0.00016892641855012817,2.9998310735814497,-0.42426403508176974,-0.7073882691672001,-0.7068251811053656,-1.8221648075016004,1
3.8634531999996398,377,1,0,5.99983107358145,-0.42426403508176974,6.4242640350817695,-0.00016892641855012817,0.7068251811053662,-0.7073882691671997,4.540951086632197,1
3.8634531999996398,377,1,1,6.4242640350817695,-0.00016892641855012817,6.00016892641855,0.42426403508176974,0.7073882691672001,0.7068251811053656,4.544329615003201,1
3.8634531999996398,377,1,2,6.00016892641855,0.42426403508176974,5.5757359649182305,0.00016892641855012817,-0.7068251811053662,0.7073882691671997,-3.9409510866321975,1
3.8634531999996398,377,1,3,5.5757359649182305,0.00016892641855012817,5.99983107358145,-0.42426403508176974,-0.7073882691672001,-0.7068251811053656,-3.9443296150032006,1
3.930107299995143,387,0,0,2.9998310735814497,-0.42426403508176974,3.4242640350817695,-0.00016892641855012817,0.7068251811053662,-0.7073882691671997,2.4204755433160985,1
3.930107299995143,387,0,1,3.4242640350817695,-0.00016892641855012817,3.0001689264185503,0.42426403508176974,0.7073882691672001,0.7068251811053656,2.4221648075016002,1
3.930107299995143,387,0,2,3.0001689264185503,0.42426403508176974,2.5757359649182305,0.00016892641855012817,-0.7068251811053662,0.7073882691671997,-1.8204755433160988,1
3.930107299995143,387,0,3,2.5757359649182305,0.00016892641855012817,2.9998310735814497,-0.42426403508176974,-0.7073882691672001,-0.7068251811053656,-1.8221648075016004,1
3.930107299995143,387,1,0,5.99983107358145,-0.42426403508176974,6.4242640350817695,-0.00016892641855012817,0.7068251811053662,-0.7073882691671997,4.540951086632197,1
3.930107299995143,387,1,1,6.4242640350817695,-0.00016892641855012817,6.00016892641855,0.42426403508176974,0.7073882691672001,0.7068251811053656,4.544329615003201,1
3.930107299995143,387,1,2,6.00016892641855,0.42426403508176974,5.5757359649182305,0.00016892641855012817,-0.7068251811053662,0.7073882691671997,-3.9409510866321975,1
3.930107299995143,387,1,3,5.5757359649182305,0.00016892641855012817,5.99983107358145,-0.42426403508176974,-0.7073882691672001,-0.7068251811053656,-3.9443296150032006,1
3.996728500002064,397,0,0,2.9998310735814497,-0.42426403508176974,3.4242640350817695,-0.00016892641855012817,0.7068251811053662,-0.7073882691671997,2.4204755433160985,1
3.996728500002064,397,0,1,3.4242640350817695,-0.00016892641855012817,3.0001689264185503,0.42426403508176974,0.7073882691672001,0.7068251811053656,2.4221648075016002,1
3.996728500002064,397,0,2,3.0001689264185503,0.42426403508176974,2.5757359649182305,0.00016892641855012817,-0.7068251811053662,0.7073882691671997,-1.8204755433160988,1
3.996728500002064,397,0,3,2.5757359649182305,0.00016892641855012817,2.9998310735814497,-0.42426403508176974,-0.7073882691672001,-0.7068251811053656,-1.8221648075016004,1
3.996728500002064,397,1,0,5.99983107358145,-0.42426403508176974,6.4242640350817695,-0.00016892641855012817,0.7068251811053662,-0.7073882691671997,4.540951086632197,1
3.996728500002064,397,1,1,6.4242640350817695,-0.00016892641855012817,6.00016892641855,0.42426403508176974,0.7073882691672001,0.7068251811053656,4.544329615003201,1
3.996728500002064,397,1,2,6.00016892641855,0.42426403508176974,5.5757359649182305,0.00016892641855012817,-0.7068251811053662,0.7073882691671997,-3.9409510866321975,1
3.996728500002064,397,1,3,5.5757359649182305,0.00016892641855012817,5.99983107358145,-0.42426403508176974,-0.7073882691672001,-0.7068251811053656,-3.9443296150032006,1
4.0967385999974795,414,0,0,2.9998310735814497,-0.42426403508176974,3.4242640350817695,-0.00016892641855012817,0.7068251811053662,-0.7073882691671997,2.4204755433160985,1
4.0967385999974795,414,0,1,3.4242640350817695,-0.00016892641855012817,3.0001689264185503,0.42426403508176974,0.7073882691672001,0.7068251811053656,2.4221648075016002,1
4.0967385999974795,414,0,2,3.0001689264185503,0.42426403508176974,2.5757359649182305,0.00016892641855012817,-0.7068251811053662,0.7073882691671997,-1.8204755433160988,1
4.0967385999974795,414,0,3,2.5757359649182305,0.00016892641855012817,2.9998310735814497,-0.42426403508176974,-0.7073882691672001,-0.7068251811053656,-1.8221648075016004,1
4.0967385999974795,414,1,0,5.99983107358145,-0.42426403508176974,6.4242640350817695,-0.00016892641855012817,0.7068251811053662,-0.7073882691671997,4.540951086632197,1
4.0967385999974795,414,1,1,6.4242640350817695,-0.00016892641855012817,6.00016892641855,0.42426403508176974,0.7073882691672001,0.7068251811053656,4.544329615003201,1
4.0967385999974795,414,1,2,6.00016892641855,0.42426403508176974,5.5757359649182305,0.00016892641855012817,-0.7068251811053662,0.7073882691671997,-3.9409510866321975,1
4.0967385999974795,414,1,3,5.5757359649182305,0.00016892641855012817,5.99983107358145,-0.42426403508176974,-0.7073882691672001,-0.7068251811053656,-3.9443296150032006,1
4.1634092000022065,424,0,0,2.9998310735814497,-0.42426403508176974,3.4242640350817695,-0.00016892641855012817,0.7068251811053662,-0.7073882691671997,2.4204755433160985,1
4.1634092000022065,424,0,1,3.4242640350817695,-0.00016892641855012817,3.0001689264185503,0.42426403508176974,0.7073882691672001,0.7068251811053656,2.4221648075016002,1
4.1634092000022065,424,0,2,3.0001689264185503,0.42426403508176974,2.5757359649182305,0.00016892641855012817,-0.7068251811053662,0.7073882691671997,-1.8204755433160988,1
4.1634092000022065,424,0,3,2.5757359649182305,0.00016892641855012817,2.9998310735814497,-0.42426403508176974,-0.7073882691672001,-0.7068251811053656,-1.8221648075016004,1
4.1634092000022065,424,1,0,5.99983107358145,-0.42426403508176974,6.4242640350817695,-0.00016892641855012817,0.7068251811053662,-0.7073882691671997,4.540951086632197,1
4.1634092000022065,424,1,1,6.4242640350817695,-0.00016892641855012817,6.00016892641855,0.42426403508176974,0.7073882691672001,0.7068251811053656,4.544329615003201,1
4.1634092000022065,424,1,2,6.00016892641855,0.42426403508176974,5.5757359649182305,0.00016892641855012817,-0.7068251811053662,0.7073882691671997,-3.9409510866321975,1
4.1634092000022065,424,1,3,5.5757359649182305,0.00016892641855012817,5.99983107358145,-0.42426403508176974,-0.7073882691672001,-0.7068251811053656,-3.9443296150032006,1
4.263372899993556,440,0,0,2.9998310735814497,-0.42426403508176974,3.4242640350817695,-0.00016892641855012817,0.7068251811053662,-0.7073882691671997,2.4204755433160985,1
4.263372899993556,440,0,1,3.4242640350817695,-0.00016892641855012817,3.0001689264185503,0.42426403508176974,0.7073882691672001,0.7068251811053656,2.4221648075016002,1
4.263372899993556,440,0,2,3.0001689264185503,0.42426403508176974,2.5757359649182305,0.00016892641855012817,-0.7068251811053662,0.7073882691671997,-1.8204755433160988,1
4.263372899993556,440,0,3,2.5757359649182305,0.00016892641855012817,2.9998310735814497,-0.42426403508176974,-0.7073882691672001,-0.7068251811053656,-1.8221648075016004,1
4.263372899993556,440,1,0,5.99983107358145,-0.42426403508176974,6.4242640350817695,-0.00016892641855012817,0.7068251811053662,-0.7073882691671997,4.540951086632197,1
4.263372899993556,440,1,1,6.4242640350817695,-0.00016892641855012817,6.00016892641855,0.42426403508176974,0.7073882691672001,0.7068251811053656,4.544329615003201,1
4.263372899993556,440,1,2,6.00016892641855,0.42426403508176974,5.5757359649182305,0.00016892641855012817,-0.7068251811053662,0.7073882691671997,-3.9409510866321975,1
4.263372899993556,440,1,3,5.5757359649182305,0.00016892641855012817,5.99983107358145,-0.42426403508176974,-0.7073882691672001,-0.7068251811053656,-3.9443296150032006,1
4.363421199988807,456,0,0,2.9998310735814497,-0.42426403508176974,3.4242640350817695,-0.00016892641855012817,0.7068251811053662,-0.7073882691671997,2.4204755433160985,1
4.363421199988807,456,0,1,3.4242640350817695,-0.00016892641855012817,3.0001689264185503,0.42426403508176974,0.7073882691672001,0.7068251811053656,2.4221648075016002,1
4.363421199988807,456,0,2,3.0001689264185503,0.42426403508176974,2.5757359649182305,0.00016892641855012817,-0.7068251811053662,0.7073882691671997,-1.8204755433160988,1
4.363421199988807,456,0,3,2.5757359649182305,0.00016892641855012817,2.9998310735814497,-0.42426403508176974,-0.7073882691672001,-0.7068251811053656,-1.8221648075016004,1
4.363421199988807,456,1,0,5.99983107358145,-0.42426403508176974,6.4242640350817695,-0.00016892641855012817,0.7068251811053662,-0.7073882691671997,4.540951086632197,1
4.363421199988807,456,1,1,6.4242640350817695,-0.00016892641855012817,6.00016892641855,0.42426403508176974,0.7073882691672001,0.7068251811053656,4.544329615003201,1
4.363421199988807,456,1,2,6.00016892641855,0.42426403508176974,5.5757359649182305,0.00016892641855012817,-0.7068251811053662,0.7073882691671997,-3.9409510866321975,1
4.363421199988807,456,1,3,5.5757359649182305,0.00016892641855012817,5.99983107358145,-0.42426403508176974,-0.7073882691672001,-0.7068251811053656,-3.9443296150032006,1
4.463505699997768,471,0,0,2.9998310735814497,-0.42426403508176974,3.4242640350817695,-0.00016892641855012817,0.7068251811053662,-0.7073882691671997,2.4204755433160985,1
4.463505699997768,471,0,1,3.4242640350817695,-0.00016892641855012817,3.0001689264185503,0.42426403508176974,0.7073882691672001,0.7068251811053656,2.4221648075016002,1
4.463505699997768,471,0,2,3.0001689264185503,0.42426403508176974,2.5757359649182305,0.00016892641855012817,-0.7068251811053662,0.7073882691671997,-1.8204755433160988,1
4.463505699997768,471,0,3,2.5757359649182305,0.00016892641855012817,2.9998310735814497,-0.42426403508176974,-0.7073882691672001,-0.7068251811053656,-1.8221648075016004,1
4.463505699997768,471,1,0,5.99983107358145,-0.42426403508176974,6.4242640350817695,-0.00016892641855012817,0.7068251811053662,-0.7073882691671997,4.540951086632197,1
4.463505699997768,471,1,1,6.4242640350817695,-0.00016892641855012817,6.00016892641855,0.42426403508176974,0.7073882691672001,0.7068251811053656,4.544329615003201,1
4.463505699997768,471,1,2,6.00016892641855,0.42426403508176974,5.5757359649182305,0.00016892641855012817,-0.7068251811053662,0.7073882691671997,-3.9409510866321975,1
4.463505699997768,471,1,3,5.5757359649182305,0.00016892641855012817,5.99983107358145,-0.42426403508176974,-0.7073882691672001,-0.7068251811053656,-3.9443296150032006,1
4.563459700002568,485,0,0,2.9998310735814497,-0.42426403508176974,3.4242640350817695,-0.00016892641855012817,0.7068251811053662,-0.7073882691671997,2.4204755433160985,1
4.563459700002568,485,0,1,3.4242640350817695,-0.00016892641855012817,3.0001689264185503,0.42426403508176974,0.7073882691672001,0.7068251811053656,2.4221648075016002,1
4.563459700002568,485,0,2,3.0001689264185503,0.42426403508176974,2.5757359649182305,0.00016892641855012817,-0.7068251811053662,0.7073882691671997,-1.8204755433160988,1
4.563459700002568,485,0,3,2.5757359649182305,0.00016892641855012817,2.9998310735814497,-0.42426403508176974,-0.7073882691672001,-0.7068251811053656,-1.8221648075016004,1
4.563459700002568,485,1,0,5.99983107358145,-0.42426403508176974,6.4242640350817695,-0.00016892641855012817,0.7068251811053662,-0.7073882691671997,4.540951086632197,1
4.563459700002568,485,1,1,6.4242640350817695,-0.00016892641855012817,6.00016892641855,0.42426403508176974,0.7073882691672001,0.7068251811053656,4.544329615003201,1
4.563459700002568,485,1,2,6.00016892641855,0.42426403508176974,5.5757359649182305,0.00016892641855012817,-0.7068251811053662,0.7073882691671997,-3.9409510866321975,1
4.563459700002568,485,1,3,5.5757359649182305,0.00016892641855012817,5.99983107358145,-0.42426403508176974,-0.7073882691672001,-0.7068251811053656,-3.9443296150032006,1
4.663462900003651,499,0,0,2.9998310735814497,-0.42426403508176974,3.4242640350817695,-0.00016892641855012817,0.7068251811053662,-0.7073882691671997,2.4204755433160985,1
4.663462900003651,499,0,1,3.4242640350817695,-0.00016892641855012817,3.0001689264185503,0.42426403508176974,0.7073882691672001,0.7068251811053656,2.4221648075016002,1
4.663462900003651,499,0,2,3.0001689264185503,0.42426403508176974,2.5757359649182305,0.00016892641855012817,-0.7068251811053662,0.7073882691671997,-1.8204755433160988,1
4.663462900003651,499,0,3,2.5757359649182305,0.00016892641855012817,2.9998310735814497,-0.42426403508176974,-0.7073882691672001,-0.7068251811053656,-1.8221648075016004,1
4.663462900003651,499,1,0,5.99983107358145,-0.42426403508176974,6.4242640350817695,-0.00016892641855012817,0.7068251811053662,-0.7073882691671997,4.540951086632197,1
4.663462900003651,499,1,1,6.4242640350817695,-0.00016892641855012817,6.00016892641855,0.42426403508176974,0.7073882691672001,0.7068251811053656,4.544329615003201,1
4.663462900003651,499,1,2,6.00016892641855,0.42426403508176974,5.5757359649182305,0.00016892641855012817,-0.7068251811053662,0.7073882691671997,-3.9409510866321975,1
4.663462900003651,499,1,3,5.5757359649182305,0.00016892641855012817,5.99983107358145,-0.42426403508176974,-0.7073882691672001,-0.7068251811053656,-3.9443296150032006,1
4.763463299983414,511,0,0,2.9998310735814497,-0.42426403508176974,3.4242640350817695,-0.00016892641855012817,0.7068251811053662,-0.7073882691671997,2.4204755433160985,1
4.763463299983414,511,0,1,3.4242640350817695,-0.00016892641855012817,3.0001689264185503,0.42426403508176974,0.7073882691672001,0.7068251811053656,2.4221648075016002,1
4.763463299983414,511,0,2,3.0001689264185503,0.42426403508176974,2.5757359649182305,0.00016892641855012817,-0.7068251811053662,0.7073882691671997,-1.8204755433160988,1
4.763463299983414,511,0,3,2.5757359649182305,0.00016892641855012817,2.9998310735814497,-0.42426403508176974,-0.7073882691672001,-0.7068251811053656,-1.8221648075016004,1
4.763463299983414,511,1,0,5.99983107358145,-0.42426403508176974,6.4242640350817695,-0.00016892641855012817,0.7068251811053662,-0.7073882691671997,4.540951086632197,1
4.763463299983414,511,1,1,6.4242640350817695,-0.00016892641855012817,6.00016892641855,0.42426403508176974,0.7073882691672001,0.7068251811053656,4.544329615003201,1
4.763463299983414,511,1,2,6.00016892641855,0.42426403508176974,5.5757359649182305,0.00016892641855012817,-0.7068251811053662,0.7073882691671997,-3.9409510866321975,1
4.763463299983414,511,1,3,5.5757359649182305,0.00016892641855012817,5.99983107358145,-0.42426403508176974,-0.7073882691672001,-0.7068251811053656,-3.9443296150032006,1
4.863550099980785,523,0,0,2.9998310735814497,-0.42426403508176974,3.4242640350817695,-0.00016892641855012817,0.7068251811053662,-0.7073882691671997,2.4204755433160985,1
4.863550099980785,523,0,1,3.4242640350817695,-0.00016892641855012817,3.0001689264185503,0.42426403508176974,0.7073882691672001,0.7068251811053656,2.4221648075016002,1
4.863550099980785,523,0,2,3.0001689264185503,0.42426403508176974,2.5757359649182305,0.00016892641855012817,-0.7068251811053662,0.7073882691671997,-1.8204755433160988,1
4.863550099980785,523,0,3,2.5757359649182305,0.00016892641855012817,2.9998310735814497,-0.42426403508176974,-0.7073882691672001,-0.7068251811053656,-1.8221648075016004,1
4.863550099980785,523,1,0,5.99983107358145,-0.42426403508176974,6.4242640350817695,-0.00016892641855012817,0.7068251811053662,-0.7073882691671997,4.540951086632197,1
4.863550099980785,523,1,1,6.4242640350817695,-0.00016892641855012817,6.00016892641855,0.42426403508176974,0.7073882691672001,0.7068251811053656,4.544329615003201,1
4.863550099980785,523,1,2,6.00016892641855,0.42426403508176974,5.5757359649182305,0.00016892641855012817,-0.7068251811053662,0.7073882691671997,-3.9409510866321975,1
4.863550099980785,523,1,3,5.5757359649182305,0.00016892641855012817,5.99983107358145,-0.42426403508176974,-0.7073882691672001,-0.7068251811053656,-3.9443296150032006,1
4.963383800000884,533,0,0,2.9998310735814497,-0.42426403508176974,3.4242640350817695,-0.00016892641855012817,0.7068251811053662,-0.7073882691671997,2.4204755433160985,1
4.963383800000884,533,0,1,3.4242640350817695,-0.00016892641855012817,3.0001689264185503,0.42426403508176974,0.7073882691672001,0.7068251811053656,2.4221648075016002,1
4.963383800000884,533,0,2,3.0001689264185503,0.42426403508176974,2.5757359649182305,0.00016892641855012817,-0.7068251811053662,0.7073882691671997,-1.8204755433160988,1
4.963383800000884,533,0,3,2.5757359649182305,0.00016892641855012817,2.9998310735814497,-0.42426403508176974,-0.7073882691672001,-0.7068251811053656,-1.8221648075016004,1
4.963383800000884,533,1,0,5.99983107358145,-0.42426403508176974,6.4242640350817695,-0.00016892641855012817,0.7068251811053662,-0.7073882691671997,4.540951086632197,1
4.963383800000884,533,1,1,6.4242640350817695,-0.00016892641855012817,6.00016892641855,0.42426403508176974,0.7073882691672001,0.7068251811053656,4.544329615003201,1
4.963383800000884,533,1,2,6.00016892641855,0.42426403508176974,5.5757359649182305,0.00016892641855012817,-0.7068251811053662,0.7073882691671997,-3.9409510866321975,1
4.963383800000884,533,1,3,5.5757359649182305,0.00016892641855012817,5.99983107358145,-0.42426403508176974,-0.7073882691672001,-0.7068251811053656,-3.9443296150032006,1
5.063447900000028,542,0,0,2.9998310735814497,-0.42426403508176974,3.4242640350817695,-0.00016892641855012817,0.7068251811053662,-0.7073882691671997,2.4204755433160985,1
5.063447900000028,542,0,1,3.4242640350817695,-0.00016892641855012817,3.0001689264185503,0.42426403508176974,0.7073882691672001,0.7068251811053656,2.4221648075016002,1
5.063447900000028,542,0,2,3.0001689264185503,0.42426403508176974,2.5757359649182305,0.00016892641855012817,-0.7068251811053662,0.7073882691671997,-1.8204755433160988,1
5.063447900000028,542,0,3,2.5757359649182305,0.00016892641855012817,2.9998310735814497,-0.42426403508176974,-0.7073882691672001,-0.7068251811053656,-1.8221648075016004,1
5.063447900000028,542,1,0,5.99983107358145,-0.42426403508176974,6.4242640350817695,-0.00016892641855012817,0.7068251811053662,-0.7073882691671997,4.540951086632197,1
5.063447900000028,542,1,1,6.4242640350817695,-0.00016892641855012817,6.00016892641855,0.42426403508176974,0.7073882691672001,0.7068251811053656,4.544329615003201,1
5.063447900000028,542,1,2,6.00016892641855,0.42426403508176974,5.5757359649182305,0.00016892641855012817,-0.7068251811053662,0.7073882691671997,-3.9409510866321975,1
5.063447900000028,542,1,3,5.5757359649182305,0.00016892641855012817,5.99983107358145,-0.42426403508176974,-0.7073882691672001,-0.7068251811053656,-3.9443296150032006,1
5.163448499981314,549,0,0,2.9998310735814497,-0.42426403508176974,3.4242640350817695,-0.00016892641855012817,0.7068251811053662,-0.7073882691671997,2.4204755433160985,1
5.163448499981314,549,0,1,3.4242640350817695,-0.00016892641855012817,3.0001689264185503,0.42426403508176974,0.7073882691672001,0.7068251811053656,2.4221648075016002,1
5.163448499981314,549,0,2,3.0001689264185503,0.42426403508176974,2.5757359649182305,0.00016892641855012817,-0.7068251811053662,0.7073882691671997,-1.8204755433160988,1
5.163448499981314,549,0,3,2.5757359649182305,0.00016892641855012817,2.9998310735814497,-0.42426403508176974,-0.7073882691672001,-0.7068251811053656,-1.8221648075016004,1
5.163448499981314,549,1,0,5.99983107358145,-0.42426403508176974,6.4242640350817695,-0.00016892641855012817,0.7068251811053662,-0.7073882691671997,4.540951086632197,1
5.163448499981314,549,1,1,6.4242640350817695,-0.00016892641855012817,6.00016892641855,0.42426403508176974,0.7073882691672001,0.7068251811053656,4.544329615003201,1
5.163448499981314,549,1,2,6.00016892641855,0.42426403508176974,5.5757359649182305,0.00016892641855012817,-0.7068251811053662,0.7073882691671997,-3.9409510866321975,1
5.163448499981314,549,1,3,5.5757359649182305,0.00016892641855012817,5.99983107358145,-0.42426403508176974,-0.7073882691672001,-0.7068251811053656,-3.9443296150032006,1
5.263405199977569,556,0,0,2.9998310735814497,-0.42426403508176974,3.4242640350817695,-0.00016892641855012817,0.7068251811053662,-0.7073882691671997,2.4204755433160985,1
5.263405199977569,556,0,1,3.4242640350817695,-0.00016892641855012817,3.0001689264185503,0.42426403508176974,0.7073882691672001,0.7068251811053656,2.4221648075016002,1
5.263405199977569,556,0,2,3.0001689264185503,0.42426403508176974,2.5757359649182305,0.00016892641855012817,-0.7068251811053662,0.7073882691671997,-1.8204755433160988,1
5.263405199977569,556,0,3,2.5757359649182305,0.00016892641855012817,2.9998310735814497,-0.42426403508176974,-0.7073882691672001,-0.7068251811053656,-1.8221648075016004,1
5.263405199977569,556,1,0,5.99983107358145,-0.42426403508176974,6.4242640350817695,-0.00016892641855012817,0.7068251811053662,-0.7073882691671997,4.540951086632197,1
5.263405199977569,556,1,1,6.4242640350817695,-0.00016892641855012817,6.00016892641855,0.42426403508176974,0.7073882691672001,0.7068251811053656,4.544329615003201,1
5.263405199977569,556,1,2,6.00016892641855,0.42426403508176974,5.5757359649182305,0.00016892641855012817,-0.7068251811053662,0.7073882691671997,-3.9409510866321975,1
5.263405199977569,556,1,3,5.5757359649182305,0.00016892641855012817,5.99983107358145,-0.42426403508176974,-0.7073882691672001,-0.7068251811053656,-3.9443296150032006,1
5.3634115000022575,561,0,0,2.9998310735814497,-0.42426403508176974,3.4242640350817695,-0.00016892641855012817,0.7068251811053662,-0.7073882691671997,2.4204755433160985,1
5.3634115000022575,561,0,1,3.4242640350817695,-0.00016892641855012817,3.0001689264185503,0.42426403508176974,0.7073882691672001,0.7068251811053656,2.4221648075016002,1
5.3634115000022575,561,0,2,3.0001689264185503,0.42426403508176974,2.5757359649182305,0.00016892641855012817,-0.7068251811053662,0.7073882691671997,-1.8204755433160988,1
5.3634115000022575,561,0,3,2.5757359649182305,0.00016892641855012817,2.9998310735814497,-0.42426403508176974,-0.7073882691672001,-0.7068251811053656,-1.8221648075016004,1
5.3634115000022575,561,1,0,5.99983107358145,-0.42426403508176974,6.4242640350817695,-0.00016892641855012817,0.7068251811053662,-0.7073882691671997,4.540951086632197,1
5.3634115000022575,561,1,1,6.4242640350817695,-0.00016892641855012817,6.00016892641855,0.42426403508176974,0.7073882691672001,0.7068251811053656,4.544329615003201,1
5.3634115000022575,561,1,2,6.00016892641855,0.42426403508176974,5.5757359649182305,0.00016892641855012817,-0.7068251811053662,0.7073882691671997,-3.9409510866321975,1
5.3634115000022575,561,1,3,5.5757359649182305,0.00016892641855012817,5.99983107358145,-0.42426403508176974,-0.7073882691672001,-0.7068251811053656,-3.9443296150032006,1
5.463444199995138,566,0,0,2.9998310735814497,-0.42426403508176974,3.4242640350817695,-0.00016892641855012817,0.7068251811053662,-0.7073882691671997,2.4204755433160985,1
5.463444199995138,566,0,1,3.4242640350817695,-0.00016892641855012817,3.0001689264185503,0.42426403508176974,0.7073882691672001,0.7068251811053656,2.4221648075016002,1
5.463444199995138,566,0,2,3.0001689264185503,0.42426403508176974,2.5757359649182305,0.00016892641855012817,-0.7068251811053662,0.7073882691671997,-1.8204755433160988,1
5.463444199995138,566,0,3,2.5757359649182305,0.00016892641855012817,2.9998310735814497,-0.42426403508176974,-0.7073882691672001,-0.7068251811053656,-1.8221648075016004,1
5.463444199995138,566,1,0,5.99983107358145,-0.42426403508176974,6.4242640350817695,-0.00016892641855012817,0.7068251811053662,-0.7073882691671997,4.540951086632197,1
5.463444199995138,566,1,1,6.4242640350817695,-0.00016892641855012817,6.00016892641855,0.42426403508176974,0.7073882691672001,0.7068251811053656,4.544329615003201,1
5.463444199995138,566,1,2,6.00016892641855,0.42426403508176974,5.5757359649182305,0.00016892641855012817,-0.7068251811053662,0.7073882691671997,-3.9409510866321975,1
5.463444199995138,566,1,3,5.5757359649182305,0.00016892641855012817,5.99983107358145,-0.42426403508176974,-0.7073882691672001,-0.7068251811053656,-3.9443296150032006,1
5.563416499993764,571,0,0,2.9998310735814497,-0.42426403508176974,3.4242640350817695,-0.00016892641855012817,0.7068251811053662,-0.7073882691671997,2.4204755433160985,1
5.563416499993764,571,0,1,3.4242640350817695,-0.00016892641855012817,3.0001689264185503,0.42426403508176974,0.7073882691672001,0.7068251811053656,2.4221648075016002,1
5.563416499993764,571,0,2,3.0001689264185503,0.42426403508176974,2.5757359649182305,0.00016892641855012817,-0.7068251811053662,0.7073882691671997,-1.8204755433160988,1
5.563416499993764,571,0,3,2.5757359649182305,0.00016892641855012817,2.9998310735814497,-0.42426403508176974,-0.7073882691672001,-0.7068251811053656,-1.8221648075016004,1
5.563416499993764,571,1,0,5.99983107358145,-0.42426403508176974,6.4242640350817695,-0.00016892641855012817,0.7068251811053662,-0.7073882691671997,4.540951086632197,1
5.563416499993764,571,1,1,6.4242640350817695,-0.00016892641855012817,6.00016892641855,0.42426403508176974,0.7073882691672001,0.7068251811053656,4.544329615003201,1
5.563416499993764,571,1,2,6.00016892641855,0.42426403508176974,5.5757359649182305,0.00016892641855012817,-0.7068251811053662,0.7073882691671997,-3.9409510866321975,1
5.563416499993764,571,1,3,5.5757359649182305,0.00016892641855012817,5.99983107358145,-0.42426403508176974,-0.7073882691672001,-0.7068251811053656,-3.9443296150032006,1
5.663416800001869,577,0,0,2.9998310735814497,-0.42426403508176974,3.4242640350817695,-0.00016892641855012817,0.7068251811053662,-0.7073882691671997,2.4204755433160985,1
5.663416800001869,577,0,1,3.4242640350817695,-0.00016892641855012817,3.0001689264185503,0.42426403508176974,0.7073882691672001,0.7068251811053656,2.4221648075016002,1
5.663416800001869,577,0,2,3.0001689264185503,0.42426403508176974,2.5757359649182305,0.00016892641855012817,-0.7068251811053662,0.7073882691671997,-1.8204755433160988,1
5.663416800001869,577,0,3,2.5757359649182305,0.00016892641855012817,2.9998310735814497,-0.42426403508176974,-0.7073882691672001,-0.7068251811053656,-1.8221648075016004,1
5.663416800001869,577,1,0,5.99983107358145,-0.42426403508176974,6.4242640350817695,-0.00016892641855012817,0.7068251811053662,-0.7073882691671997,4.540951086632197,1
5.663416800001869,577,1,1,6.4242640350817695,-0.00016892641855012817,6.00016892641855,0.42426403508176974,0.7073882691672001,0.7068251811053656,4.544329615003201,1
5.663416800001869,577,1,2,6.00016892641855,0.42426403508176974,5.5757359649182305,0.00016892641855012817,-0.7068251811053662,0.7073882691671997,-3.9409510866321975,1
5.663416800001869,577,1,3,5.5757359649182305,0.00016892641855012817,5.99983107358145,-0.42426403508176974,-0.7073882691672001,-0.7068251811053656,-3.9443296150032006,1
5.730154899996705,582,0,0,2.9998310735814497,-0.42426403508176974,3.4242640350817695,-0.00016892641855012817,0.7068251811053662,-0.7073882691671997,2.4204755433160985,1
5.730154899996705,582,0,1,3.4242640350817695,-0.00016892641855012817,3.0001689264185503,0.42426403508176974,0.7073882691672001,0.7068251811053656,2.4221648075016002,1
5.730154899996705,582,0,2,3.0001689264185503,0.42426403508176974,2.5757359649182305,0.00016892641855012817,-0.7068251811053662,0.7073882691671997,-1.8204755433160988,1
5.730154899996705,582,0,3,2.5757359649182305,0.00016892641855012817,2.9998310735814497,-0.42426403508176974,-0.7073882691672001,-0.7068251811053656,-1.8221648075016004,1
5.730154899996705,582,1,0,5.99983107358145,-0.42426403508176974,6.4242640350817695,-0.00016892641855012817,0.7068251811053662,-0.7073882691671997,4.540951086632197,1
5.730154899996705,582,1,1,6.4242640350817695,-0.00016892641855012817,6.00016892641855,0.42426403508176974,0.7073882691672001,0.7068251811053656,4.544329615003201,1
5.730154899996705,582,1,2,6.00016892641855,0.42426403508176974,5.5757359649182305,0.00016892641855012817,-0.7068251811053662,0.7073882691671997,-3.9409510866321975,1
5.730154899996705,582,1,3,5.5757359649182305,0.00016892641855012817,5.99983107358145,-0.42426403508176974,-0.7073882691672001,-0.7068251811053656,-3.9443296150032006,1
5.796754799986957,587,0,0,2.9998310735814497,-0.42426403508176974,3.4242640350817695,-0.00016892641855012817,0.7068251811053662,-0.7073882691671997,2.4204755433160985,1
5.796754799986957,587,0,1,3.4242640350817695,-0.00016892641855012817,3.0001689264185503,0.42426403508176974,0.7073882691672001,0.7068251811053656,2.4221648075016002,1
5.796754799986957,587,0,2,3.0001689264185503,0.42426403508176974,2.5757359649182305,0.00016892641855012817,-0.7068251811053662,0.7073882691671997,-1.8204755433160988,1
5.796754799986957,587,0,3,2.5757359649182305,0.00016892641855012817,2.9998310735814497,-0.42426403508176974,-0.7073882691672001,-0.7068251811053656,-1.8221648075016004,1
5.796754799986957,587,1,0,5.99983107358145,-0.42426403508176974,6.4242640350817695,-0.00016892641855012817,0.7068251811053662,-0.7073882691671997,4.540951086632197,1
5.796754799986957,587,1,1,6.4242640350817695,-0.00016892641855012817,6.00016892641855,0.42426403508176974,0.7073882691672001,0.7068251811053656,4.544329615003201,1
5.796754799986957,587,1,2,6.00016892641855,0.42426403508176974,5.5757359649182305,0.00016892641855012817,-0.7068251811053662,0.7073882691671997,-3.9409510866321975,1
5.796754799986957,587,1,3,5.5757359649182305,0.00016892641855012817,5.99983107358145,-0.42426403508176974,-0.7073882691672001,-0.7068251811053656,-3.9443296150032006,1
5.863397599983728,591,0,0,2.9998310735814497,-0.42426403508176974,3.4242640350817695,-0.00016892641855012817,0.7068251811053662,-0.7073882691671997,2.4204755433160985,1
5.863397599983728,591,0,1,3.4242640350817695,-0.00016892641855012817,3.0001689264185503,0.42426403508176974,0.7073882691672001,0.7068251811053656,2.4221648075016002,1
5.863397599983728,591,0,2,3.0001689264185503,0.42426403508176974,2.5757359649182305,0.00016892641855012817,-0.7068251811053662,0.7073882691671997,-1.8204755433160988,1
5.863397599983728,591,0,3,2.5757359649182305,0.00016892641855012817,2.9998310735814497,-0.42426403508176974,-0.7073882691672001,-0.7068251811053656,-1.8221648075016004,1
5.863397599983728,591,1,0,5.99983107358145,-0.42426403508176974,6.4242640350817695,-0.00016892641855012817,0.7068251811053662,-0.7073882691671997,4.540951086632197,1
5.863397599983728,591,1,1,6.4242640350817695,-0.00016892641855012817,6.00016892641855,0.42426403508176974,0.7073882691672001,0.7068251811053656,4.544329615003201,1
5.863397599983728,591,1,2,6.00016892641855,0.42426403508176974,5.5757359649182305,0.00016892641855012817,-0.7068251811053662,0.7073882691671997,-3.9409510866321975,1
5.863397599983728,591,1,3,5.5757359649182305,0.00016892641855012817,5.99983107358145,-0.42426403508176974,-0.7073882691672001,-0.7068251811053656,-3.9443296150032006,1
5.930081400001654,596,0,0,2.9998310735814497,-0.42426403508176974,3.4242640350817695,-0.00016892641855012817,0.7068251811053662,-0.7073882691671997,2.4204755433160985,1
5.930081400001654,596,0,1,3.4242640350817695,-0.00016892641855012817,3.0001689264185503,0.42426403508176974,0.7073882691672001,0.7068251811053656,2.4221648075016002,1
5.930081400001654,596,0,2,3.0001689264185503,0.42426403508176974,2.5757359649182305,0.00016892641855012817,-0.7068251811053662,0.7073882691671997,-1.8204755433160988,1
5.930081400001654,596,0,3,2.5757359649182305,0.00016892641855012817,2.9998310735814497,-0.42426403508176974,-0.7073882691672001,-0.7068251811053656,-1.8221648075016004,1
5.930081400001654,596,1,0,5.99983107358145,-0.42426403508176974,6.4242640350817695,-0.00016892641855012817,0.7068251811053662,-0.7073882691671997,4.540951086632197,1
5.930081400001654,596,1,1,6.4242640350817695,-0.00016892641855012817,6.00016892641855,0.42426403508176974,0.7073882691672001,0.7068251811053656,4.544329615003201,1
5.930081400001654,596,1,2,6.00016892641855,0.42426403508176974,5.5757359649182305,0.00016892641855012817,-0.7068251811053662,0.7073882691671997,-3.9409510866321975,1
5.930081400001654,596,1,3,5.5757359649182305,0.00016892641855012817,5.99983107358145,-0.42426403508176974,-0.7073882691672001,-0.7068251811053656,-3.9443296150032006,1
5.996756999986246,601,0,0,2.9998310735814497,-0.42426403508176974,3.4242640350817695,-0.00016892641855012817,0.7068251811053662,-0.7073882691671997,2.4204755433160985,1
5.996756999986246,601,0,1,3.4242640350817695,-0.00016892641855012817,3.0001689264185503,0.42426403508176974,0.7073882691672001,0.7068251811053656,2.4221648075016002,1
5.996756999986246,601,0,2,3.0001689264185503,0.42426403508176974,2.5757359649182305,0.00016892641855012817,-0.7068251811053662,0.7073882691671997,-1.8204755433160988,1
5.996756999986246,601,0,3,2.5757359649182305,0.00016892641855012817,2.9998310735814497,-0.42426403508176974,-0.7073882691672001,-0.7068251811053656,-1.8221648075016004,1
5.996756999986246,601,1,0,5.99983107358145,-0.42426403508176974,6.4242640350817695,-0.00016892641855012817,0.7068251811053662,-0.7073882691671997,4.540951086632197,1
5.996756999986246,601,1,1,6.4242640350817695,-0.00016892641855012817,6.00016892641855,0.42426403508176974,0.7073882691672001,0.7068251811053656,4.544329615003201,1
5.996756999986246,601,1,2,6.00016892641855,0.42426403508176974,5.5757359649182305,0.00016892641855012817,-0.7068251811053662,0.7073882691671997,-3.9409510866321975,1
5.996756999986246,601,1,3,5.5757359649182305,0.00016892641855012817,5.99983107358145,-0.42426403508176974,-0.7073882691672001,-0.7068251811053656,-3.9443296150032006,1
6.063430899986997,607,0,0,2.9998310735814497,-0.42426403508176974,3.4242640350817695,-0.00016892641855012817,0.7068251811053662,-0.7073882691671997,2.4204755433160985,1
6.063430899986997,607,0,1,3.4242640350817695,-0.00016892641855012817,3.0001689264185503,0.42426403508176974,0.7073882691672001,0.7068251811053656,2.4221648075016002,1
6.063430899986997,607,0,2,3.0001689264185503,0.42426403508176974,2.5757359649182305,0.00016892641855012817,-0.7068251811053662,0.7073882691671997,-1.8204755433160988,1
6.063430899986997,607,0,3,2.5757359649182305,0.00016892641855012817,2.9998310735814497,-0.42426403508176974,-0.7073882691672001,-0.7068251811053656,-1.8221648075016004,1
6.063430899986997,607,1,0,5.99983107358145,-0.42426403508176974,6.4242640350817695,-0.00016892641855012817,0.7068251811053662,-0.7073882691671997,4.540951086632197,1
6.063430899986997,607,1,1,6.4242640350817695,-0.00016892641855012817,6.00016892641855,0.42426403508176974,0.7073882691672001,0.7068251811053656,4.544329615003201,1
6.063430899986997,607,1,2,6.00016892641855,0.42426403508176974,5.5757359649182305,0.00016892641855012817,-0.7068251811053662,0.7073882691671997,-3.9409510866321975,1
6.063430899986997,607,1,3,5.5757359649182305,0.00016892641855012817,5.99983107358145,-0.42426403508176974,-0.7073882691672001,-0.7068251811053656,-3.9443296150032006,1
6.130139199987752,614,0,0,2.9998310735814497,-0.42426403508176974,3.4242640350817695,-0.00016892641855012817,0.7068251811053662,-0.7073882691671997,2.4204755433160985,1
6.130139199987752,614,0,1,3.4242640350817695,-0.00016892641855012817,3.0001689264185503,0.42426403508176974,0.7073882691672001,0.7068251811053656,2.4221648075016002,1
6.130139199987752,614,0,2,3.0001689264185503,0.42426403508176974,2.5757359649182305,0.00016892641855012817,-0.7068251811053662,0.7073882691671997,-1.8204755433160988,1
6.130139199987752,614,0,3,2.5757359649182305,0.00016892641855012817,2.9998310735814497,-0.42426403508176974,-0.7073882691672001,-0.7068251811053656,-1.8221648075016004,1
6.130139199987752,614,1,0,5.99983107358145,-0.42426403508176974,6.4242640350817695,-0.00016892641855012817,0.7068251811053662,-0.7073882691671997,4.540951086632197,1
6.130139199987752,614,1,1,6.4242640350817695,-0.00016892641855012817,6.00016892641855,0.42426403508176974,0.7073882691672001,0.7068251811053656,4.544329615003201,1
6.130139199987752,614,1,2,6.00016892641855,0.42426403508176974,5.5757359649182305,0.00016892641855012817,-0.7068251811053662,0.7073882691671997,-3.9409510866321975,1
6.130139199987752,614,1,3,5.5757359649182305,0.00016892641855012817,5.99983107358145,-0.42426403508176974,-0.7073882691672001,-0.7068251811053656,-3.9443296150032006,1
6.196814599999925,620,0,0,2.9998310735814497,-0.42426403508176974,3.4242640350817695,-0.00016892641855012817,0.7068251811053662,-0.7073882691671997,2.4204755433160985,1
6.196814599999925,620,0,1,3.4242640350817695,-0.00016892641855012817,3.0001689264185503,0.42426403508176974,0.7073882691672001,0.7068251811053656,2.4221648075016002,1
6.196814599999925,620,0,2,3.0001689264185503,0.42426403508176974,2.5757359649182305,0.00016892641855012817,-0.7068251811053662,0.7073882691671997,-1.8204755433160988,1
6.196814599999925,620,0,3,2.5757359649182305,0.00016892641855012817,2.9998310735814497,-0.42426403508176974,-0.7073882691672001,-0.7068251811053656,-1.8221648075016004,1
6.196814599999925,620,1,0,5.99983107358145,-0.42426403508176974,6.4242640350817695,-0.00016892641855012817,0.7068251811053662,-0.7073882691671997,4.540951086632197,1
6.196814599999925,620,1,1,6.4242640350817695,-0.00016892641855012817,6.00016892641855,0.42426403508176974,0.7073882691672001,0.7068251811053656,4.544329615003201,1
6.196814599999925,620,1,2,6.00016892641855,0.42426403508176974,5.5757359649182305,0.00016892641855012817,-0.7068251811053662,0.7073882691671997,-3.9409510866321975,1
6.196814599999925,620,1,3,5.5757359649182305,0.00016892641855012817,5.99983107358145,-0.42426403508176974,-0.7073882691672001,-0.7068251811053656,-3.9443296150032006,1
6.263465399999404,626,0,0,2.9998310735814497,-0.42426403508176974,3.4242640350817695,-0.00016892641855012817,0.7068251811053662,-0.7073882691671997,2.4204755433160985,1
6.263465399999404,626,0,1,3.4242640350817695,-0.00016892641855012817,3.0001689264185503,0.42426403508176974,0.7073882691672001,0.7068251811053656,2.4221648075016002,1
6.263465399999404,626,0,2,3.0001689264185503,0.42426403508176974,2.5757359649182305,0.00016892641855012817,-0.7068251811053662,0.7073882691671997,-1.8204755433160988,1
6.263465399999404,626,0,3,2.5757359649182305,0.00016892641855012817,2.9998310735814497,-0.42426403508176974,-0.7073882691672001,-0.7068251811053656,-1.8221648075016004,1
6.263465399999404,626,1,0,5.99983107358145,-0.42426403508176974,6.4242640350817695,-0.00016892641855012817,0.7068251811053662,-0.7073882691671997,4.540951086632197,1
6.263465399999404,626,1,1,6.4242640350817695,-0.00016892641855012817,6.00016892641855,0.42426403508176974,0.7073882691672001,0.7068251811053656,4.544329615003201,1
6.263465399999404,626,1,2,6.00016892641855,0.42426403508176974,5.5757359649182305,0.00016892641855012817,-0.7068251811053662,0.7073882691671997,-3.9409510866321975,1
6.263465399999404,626,1,3,5.5757359649182305,0.00016892641855012817,5.99983107358145,-0.42426403508176974,-0.7073882691672001,-0.7068251811053656,-3.9443296150032006,1
6.330140199977905,632,0,0,2.9998310735814497,-0.42426403508176974,3.4242640350817695,-0.00016892641855012817,0.7068251811053662,-0.7073882691671997,2.4204755433160985,1
6.330140199977905,632,0,1,3.4242640350817695,-0.00016892641855012817,3.0001689264185503,0.42426403508176974,0.7073882691672001,0.7068251811053656,2.4221648075016002,1
6.330140199977905,632,0,2,3.0001689264185503,0.42426403508176974,2.5757359649182305,0.00016892641855012817,-0.7068251811053662,0.7073882691671997,-1.8204755433160988,1
6.330140199977905,632,0,3,2.5757359649182305,0.00016892641855012817,2.9998310735814497,-0.42426403508176974,-0.7073882691672001,-0.7068251811053656,-1.8221648075016004,1
6.330140199977905,632,1,0,5.99983107358145,-0.42426403508176974,6.4242640350817695,-0.00016892641855012817,0.7068251811053662,-0.7073882691671997,4.540951086632197,1
6.330140199977905,632,1,1,6.4242640350817695,-0.00016892641855012817,6.00016892641855,0.42426403508176974,0.7073882691672001,0.7068251811053656,4.544329615003201,1
6.330140199977905,632,1,2,6.00016892641855,0.42426403508176974,5.5757359649182305,0.00016892641855012817,-0.7068251811053662,0.7073882691671997,-3.9409510866321975,1
6.330140199977905,632,1,3,5.5757359649182305,0.00016892641855012817,5.99983107358145,-0.42426403508176974,-0.7073882691672001,-0.7068251811053656,-3.9443296150032006,1
6.396815499989316,637,0,0,2.9998310735814497,-0.42426403508176974,3.4242640350817695,-0.00016892641855012817,0.7068251811053662,-0.7073882691671997,2.4204755433160985,1
6.396815499989316,637,0,1,3.4242640350817695,-0.00016892641855012817,3.0001689264185503,0.42426403508176974,0.7073882691672001,0.7068251811053656,2.4221648075016002,1
6.396815499989316,637,0,2,3.0001689264185503,0.42426403508176974,2.5757359649182305,0.00016892641855012817,-0.7068251811053662,0.7073882691671997,-1.8204755433160988,1
6.396815499989316,637,0,3,2.5757359649182305,0.00016892641855012817,2.9998310735814497,-0.42426403508176974,-0.7073882691672001,-0.7068251811053656,-1.8221648075016004,1
6.396815499989316,637,1,0,5.99983107358145,-0.42426403508176974,6.4242640350817695,-0.00016892641855012817,0.7068251811053662,-0.7073882691671997,4.540951086632197,1
6.396815499989316,637,1,1,6.4242640350817695,-0.00016892641855012817,6.00016892641855,0.42426403508176974,0.7073882691672001,0.7068251811053656,4.544329615003201,1
6.396815499989316,637,1,2,6.00016892641855,0.42426403508176974,5.5757359649182305,0.00016892641855012817,-0.7068251811053662,0.7073882691671997,-3.9409510866321975,1
6.396815499989316,637,1,3,5.5757359649182305,0.00016892641855012817,5.99983107358145,-0.42426403508176974,-0.7073882691672001,-0.7068251811053656,-3.9443296150032006,1
6.463516499992693,643,0,0,2.9998310735814497,-0.42426403508176974,3.4242640350817695,-0.00016892641855012817,0.7068251811053662,-0.7073882691671997,2.4204755433160985,1
6.463516499992693,643,0,1,3.4242640350817695,-0.00016892641855012817,3.0001689264185503,0.42426403508176974,0.7073882691672001,0.7068251811053656,2.4221648075016002,1
6.463516499992693,643,0,2,3.0001689264185503,0.42426403508176974,2.5757359649182305,0.00016892641855012817,-0.7068251811053662,0.7073882691671997,-1.8204755433160988,1
6.463516499992693,643,0,3,2.5757359649182305,0.00016892641855012817,2.9998310735814497,-0.42426403508176974,-0.7073882691672001,-0.7068251811053656,-1.8221648075016004,1
6.463516499992693,643,1,0,5.99983107358145,-0.42426403508176974,6.4242640350817695,-0.00016892641855012817,0.7068251811053662,-0.7073882691671997,4.540951086632197,1
6.463516499992693,643,1,1,6.4242640350817695,-0.00016892641855012817,6.00016892641855,0.42426403508176974,0.7073882691672001,0.7068251811053656,4.544329615003201,1
6.463516499992693,643,1,2,6.00016892641855,0.42426403508176974,5.5757359649182305,0.00016892641855012817,-0.7068251811053662,0.7073882691671997,-3.9409510866321975,1
6.463516499992693,643,1,3,5.5757359649182305,0.00016892641855012817,5.99983107358145,-0.42426403508176974,-0.7073882691672001,-0.7068251811053656,-3.9443296150032006,1
6.5301435999863315,649,0,0,2.9998310735814497,-0.42426403508176974,3.4242640350817695,-0.00016892641855012817,0.7068251811053662,-0.7073882691671997,2.4204755433160985,1
6.5301435999863315,649,0,1,3.4242640350817695,-0.00016892641855012817,3.0001689264185503,0.42426403508176974,0.7073882691672001,0.7068251811053656,2.4221648075016002,1
6.5301435999863315,649,0,2,3.0001689264185503,0.42426403508176974,2.5757359649182305,0.00016892641855012817,-0.7068251811053662,0.7073882691671997,-1.8204755433160988,1
6.5301435999863315,649,0,3,2.5757359649182305,0.00016892641855012817,2.9998310735814497,-0.42426403508176974,-0.7073882691672001,-0.7068251811053656,-1.8221648075016004,1
6.5301435999863315,649,1,0,5.99983107358145,-0.42426403508176974,6.4242640350817695,-0.00016892641855012817,0.7068251811053662,-0.7073882691671997,4.540951086632197,1
6.5301435999863315,649,1,1,6.4242640350817695,-0.00016892641855012817,6.00016892641855,0.42426403508176974,0.7073882691672001,0.7068251811053656,4.544329615003201,1
6.5301435999863315,649,1,2,6.00016892641855,0.42426403508176974,5.5757359649182305,0.00016892641855012817,-0.7068251811053662,0.7073882691671997,-3.9409510866321975,1
6.5301435999863315,649,1,3,5.5757359649182305,0.00016892641855012817,5.99983107358145,-0.42426403508176974,-0.7073882691672001,-0.7068251811053656,-3.9443296150032006,1
6.596798799990211,656,0,0,2.9998310735814497,-0.42426403508176974,3.4242640350817695,-0.00016892641855012817,0.7068251811053662,-0.7073882691671997,2.4204755433160985,1
6.596798799990211,656,0,1,3.4242640350817695,-0.00016892641855012817,3.0001689264185503,0.42426403508176974,0.7073882691672001,0.7068251811053656,2.4221648075016002,1
6.596798799990211,656,0,2,3.0001689264185503,0.42426403508176974,2.5757359649182305,0.00016892641855012817,-0.7068251811053662,0.7073882691671997,-1.8204755433160988,1
6.596798799990211,656,0,3,2.5757359649182305,0.00016892641855012817,2.9998310735814497,-0.42426403508176974,-0.7073882691672001,-0.7068251811053656,-1.8221648075016004,1
6.596798799990211,656,1,0,5.99983107358145,-0.42426403508176974,6.4242640350817695,-0.00016892641855012817,0.7068251811053662,-0.7073882691671997,4.540951086632197,1
6.596798799990211,656,1,1,6.4242640350817695,-0.00016892641855012817,6.00016892641855,0.42426403508176974,0.7073882691672001,0.7068251811053656,4.544329615003201,1
6.596798799990211,656,1,2,6.00016892641855,0.42426403508176974,5.5757359649182305,0.00016892641855012817,-0.7068251811053662,0.7073882691671997,-3.9409510866321975,1
6.596798799990211,656,1,3,5.5757359649182305,0.00016892641855012817,5.99983107358145,-0.42426403508176974,-0.7073882691672001,-0.7068251811053656,-3.9443296150032006,1
6.6635067999886815,663,0,0,2.9998310735814497,-0.42426403508176974,3.4242640350817695,-0.00016892641855012817,0.7068251811053662,-0.7073882691671997,2.4204755433160985,1
6.6635067999886815,663,0,1,3.4242640350817695,-0.00016892641855012817,3.0001689264185503,0.42426403508176974,0.7073882691672001,0.7068251811053656,2.4221648075016002,1
6.6635067999886815,663,0,2,3.0001689264185503,0.42426403508176974,2.5757359649182305,0.00016892641855012817,-0.7068251811053662,0.7073882691671997,-1.8204755433160988,1
6.6635067999886815,663,0,3,2.5757359649182305,0.00016892641855012817,2.9998310735814497,-0.42426403508176974,-0.7073882691672001,-0.7068251811053656,-1.8221648075016004,1
6.6635067999886815,663,1,0,5.99983107358145,-0.42426403508176974,6.4242640350817695,-0.00016892641855012817,0.7068251811053662,-0.7073882691671997,4.540951086632197,1
6.6635067999886815,663,1,1,6.4242640350817695,-0.00016892641855012817,6.00016892641855,0.42426403508176974,0.7073882691672001,0.7068251811053656,4.544329615003201,1
6.6635067999886815,663,1,2,6.00016892641855,0.42426403508176974,5.5757359649182305,0.00016892641855012817,-0.7068251811053662,0.7073882691671997,-3.9409510866321975,1
6.6635067999886815,663,1,3,5.5757359649182305,0.00016892641855012817,5.99983107358145,-0.42426403508176974,-0.7073882691672001,-0.7068251811053656,-3.9443296150032006,1
6.730183899984695,670,0,0,2.9998310735814497,-0.42426403508176974,3.4242640350817695,-0.00016892641855012817,0.7068251811053662,-0.7073882691671997,2.4204755433160985,1
6.730183899984695,670,0,1,3.4242640350817695,-0.00016892641855012817,3.0001689264185503,0.42426403508176974,0.7073882691672001,0.7068251811053656,2.4221648075016002,1
6.730183899984695,670,0,2,3.0001689264185503,0.42426403508176974,2.5757359649182305,0.00016892641855012817,-0.7068251811053662,0.7073882691671997,-1.8204755433160988,1
6.730183899984695,670,0,3,2.5757359649182305,0.00016892641855012817,2.9998310735814497,-0.42426403508176974,-0.7073882691672001,-0.7068251811053656,-1.8221648075016004,1
6.730183899984695,670,1,0,5.99983107358145,-0.42426403508176974,6.4242640350817695,-0.00016892641855012817,0.7068251811053662,-0.7073882691671997,4.540951086632197,1
6.730183899984695,670,1,1,6.4242640350817695,-0.00016892641855012817,6.00016892641855,0.42426403508176974,0.7073882691672001,0.7068251811053656,4.544329615003201,1
6.730183899984695,670,1,2,6.00016892641855,0.42426403508176974,5.5757359649182305,0.00016892641855012817,-0.7068251811053662,0.7073882691671997,-3.9409510866321975,1
6.730183899984695,670,1,3,5.5757359649182305,0.00016892641855012817,5.99983107358145,-0.42426403508176974,-0.7073882691672001,-0.7068251811053656,-3.9443296150032006,1
6.796810799976811,678,0,0,2.9998310735814497,-0.42426403508176974,3.4242640350817695,-0.00016892641855012817,0.7068251811053662,-0.7073882691671997,2.4204755433160985,1
6.796810799976811,678,0,1,3.4242640350817695,-0.00016892641855012817,3.0001689264185503,0.42426403508176974,0.7073882691672001,0.7068251811053656,2.4221648075016002,1
6.796810799976811,678,0,2,3.0001689264185503,0.42426403508176974,2.5757359649182305,0.00016892641855012817,-0.7068251811053662,0.7073882691671997,-1.8204755433160988,1
6.796810799976811,678,0,3,2.5757359649182305,0.00016892641855012817,2.9998310735814497,-0.42426403508176974,-0.7073882691672001,-0.7068251811053656,-1.8221648075016004,1
6.796810799976811,678,1,0,5.99983107358145,-0.42426403508176974,6.4242640350817695,-0.00016892641855012817,0.7068251811053662,-0.7073882691671997,4.540951086632197,1
6.796810799976811,678,1,1,6.4242640350817695,-0.00016892641855012817,6.00016892641855,0.42426403508176974,0.7073882691672001,0.7068251811053656,4.544329615003201,1
6.796810799976811,678,1,2,6.00016892641855,0.42426403508176974,5.5757359649182305,0.00016892641855012817,-0.7068251811053662,0.7073882691671997,-3.9409510866321975,1
6.796810799976811,678,1,3,5.5757359649182305,0.00016892641855012817,5.99983107358145,-0.42426403508176974,-0.7073882691672001,-0.7068251811053656,-3.9443296150032006,1
6.863487099995837,686,0,0,2.9998310735814497,-0.42426403508176974,3.4242640350817695,-0.00016892641855012817,0.7068251811053662,-0.7073882691671997,2.4204755433160985,1
6.863487099995837,686,0,1,3.4242640350817695,-0.00016892641855012817,3.0001689264185503,0.42426403508176974,0.7073882691672001,0.7068251811053656,2.4221648075016002,1
6.863487099995837,686,0,2,3.0001689264185503,0.42426403508176974,2.5757359649182305,0.00016892641855012817,-0.7068251811053662,0.7073882691671997,-1.8204755433160988,1
6.863487099995837,686,0,3,2.5757359649182305,0.00016892641855012817,2.9998310735814497,-0.42426403508176974,-0.7073882691672001,-0.7068251811053656,-1.8221648075016004,1
6.863487099995837,686,1,0,5.99983107358145,-0.42426403508176974,6.4242640350817695,-0.00016892641855012817,0.7068251811053662,-0.7073882691671997,4.540951086632197,1
6.863487099995837,686,1,1,6.4242640350817695,-0.00016892641855012817,6.00016892641855,0.42426403508176974,0.7073882691672001,0.7068251811053656,4.544329615003201,1
6.863487099995837,686,1,2,6.00016892641855,0.42426403508176974,5.5757359649182305,0.00016892641855012817,-0.7068251811053662,0.7073882691671997,-3.9409510866321975,1
6.863487099995837,686,1,3,5.5757359649182305,0.00016892641855012817,5.99983107358145,-0.42426403508176974,-0.7073882691672001,-0.7068251811053656,-3.9443296150032006,1
6.930221499991603,693,0,0,2.9998310735814497,-0.42426403508176974,3.4242640350817695,-0.00016892641855012817,0.7068251811053662,-0.7073882691671997,2.4204755433160985,1
6.930221499991603,693,0,1,3.4242640350817695,-0.00016892641855012817,3.0001689264185503,0.42426403508176974,0.7073882691672001,0.7068251811053656,2.4221648075016002,1
6.930221499991603,693,0,2,3.0001689264185503,0.42426403508176974,2.5757359649182305,0.00016892641855012817,-0.7068251811053662,0.7073882691671997,-1.8204755433160988,1
6.930221499991603,693,0,3,2.5757359649182305,0.00016892641855012817,2.9998310735814497,-0.42426403508176974,-0.7073882691672001,-0.7068251811053656,-1.8221648075016004,1
6.930221499991603,693,1,0,5.99983107358145,-0.42426403508176974,6.4242640350817695,-0.00016892641855012817,0.7068251811053662,-0.7073882691671997,4.540951086632197,1
6.930221499991603,693,1,1,6.4242640350817695,-0.00016892641855012817,6.00016892641855,0.42426403508176974,0.7073882691672001,0.7068251811053656,4.544329615003201,1
6.930221499991603,693,1,2,6.00016892641855,0.42426403508176974,5.5757359649182305,0.00016892641855012817,-0.7068251811053662,0.7073882691671997,-3.9409510866321975,1
6.930221499991603,693,1,3,5.5757359649182305,0.00016892641855012817,5.99983107358145,-0.42426403508176974,-0.7073882691672001,-0.7068251811053656,-3.9443296150032006,1
6.996826599992346,701,0,0,2.9998310735814497,-0.42426403508176974,3.4242640350817695,-0.00016892641855012817,0.7068251811053662,-0.7073882691671997,2.4204755433160985,1
6.996826599992346,701,0,1,3.4242640350817695,-0.00016892641855012817,3.0001689264185503,0.42426403508176974,0.7073882691672001,0.7068251811053656,2.4221648075016002,1
6.996826599992346,701,0,2,3.0001689264185503,0.42426403508176974,2.5757359649182305,0.00016892641855012817,-0.7068251811053662,0.7073882691671997,-1.8204755433160988,1
6.996826599992346,701,0,3,2.5757359649182305,0.00016892641855012817,2.9998310735814497,-0.42426403508176974,-0.7073882691672001,-0.7068251811053656,-1.8221648075016004,1
6.996826599992346,701,1,0,5.99983107358145,-0.42426403508176974,6.4242640350817695,-0.00016892641855012817,0.7068251811053662,-0.7073882691671997,4.540951086632197,1
6.996826599992346,701,1,1,6.4242640350817695,-0.00016892641855012817,6.00016892641855,0.42426403508176974,0.7073882691672001,0.7068251811053656,4.544329615003201,1
6.996826599992346,701,1,2,6.00016892641855,0.42426403508176974,5.5757359649182305,0.00016892641855012817,-0.7068251811053662,0.7073882691671997,-3.9409510866321975,1
6.996826599992346,701,1,3,5.5757359649182305,0.00016892641855012817,5.99983107358145,-0.42426403508176974,-0.7073882691672001,-0.7068251811053656,-3.9443296150032006,1
7.063423299987335,708,0,0,2.9998310735814497,-0.42426403508176974,3.4242640350817695,-0.00016892641855012817,0.7068251811053662,-0.7073882691671997,2.4204755433160985,1
7.063423299987335,708,0,1,3.4242640350817695,-0.00016892641855012817,3.0001689264185503,0.42426403508176974,0.7073882691672001,0.7068251811053656,2.4221648075016002,1
7.063423299987335,708,0,2,3.0001689264185503,0.42426403508176974,2.5757359649182305,0.00016892641855012817,-0.7068251811053662,0.7073882691671997,-1.8204755433160988,1
7.063423299987335,708,0,3,2.5757359649182305,0.00016892641855012817,2.9998310735814497,-0.42426403508176974,-0.7073882691672001,-0.7068251811053656,-1.8221648075016004,1
7.063423299987335,708,1,0,5.99983107358145,-0.42426403508176974,6.4242640350817695,-0.00016892641855012817,0.7068251811053662,-0.7073882691671997,4.540951086632197,1
7.063423299987335,708,1,1,6.4242640350817695,-0.00016892641855012817,6.00016892641855,0.42426403508176974,0.7073882691672001,0.7068251811053656,4.544329615003201,1
7.063423299987335,708,1,2,6.00016892641855,0.42426403508176974,5.5757359649182305,0.00016892641855012817,-0.7068251811053662,0.7073882691671997,-3.9409510866321975,1
7.063423299987335,708,1,3,5.5757359649182305,0.00016892641855012817,5.99983107358145,-0.42426403508176974,-0.7073882691672001,-0.7068251811053656,-3.9443296150032006,1
7.130120999994688,715,0,0,2.9998310735814497,-0.42426403508176974,3.4242640350817695,-0.00016892641855012817,0.7068251811053662,-0.7073882691671997,2.4204755433160985,1
7.130120999994688,715,0,1,3.4242640350817695,-0.00016892641855012817,3.0001689264185503,0.42426403508176974,0.7073882691672001,0.7068251811053656,2.4221648075016002,1
7.130120999994688,715,0,2,3.0001689264185503,0.42426403508176974,2.5757359649182305,0.00016892641855012817,-0.7068251811053662,0.7073882691671997,-1.8204755433160988,1
7.130120999994688,715,0,3,2.5757359649182305,0.00016892641855012817,2.9998310735814497,-0.42426403508176974,-0.7073882691672001,-0.7068251811053656,-1.8221648075016004,1
7.130120999994688,715,1,0,5.99983107358145,-0.42426403508176974,6.4242640350817695,-0.00016892641855012817,0.7068251811053662,-0.7073882691671997,4.540951086632197,1
7.130120999994688,715,1,1,6.4242640350817695,-0.00016892641855012817,6.00016892641855,0.42426403508176974,0.7073882691672001,0.7068251811053656,4.544329615003201,1
7.130120999994688,715,1,2,6.00016892641855,0.42426403508176974,5.5757359649182305,0.00016892641855012817,-0.7068251811053662,0.7073882691671997,-3.9409510866321975,1
7.130120999994688,715,1,3,5.5757359649182305,0.00016892641855012817,5.99983107358145,-0.42426403508176974,-0.7073882691672001,-0.7068251811053656,-3.9443296150032006,1
7.196849100000691,722,0,0,2.9998310735814497,-0.42426403508176974,3.4242640350817695,-0.00016892641855012817,0.7068251811053662,-0.7073882691671997,2.4204755433160985,1
7.196849100000691,722,0,1,3.4242640350817695,-0.00016892641855012817,3.0001689264185503,0.42426403508176974,0.7073882691672001,0.7068251811053656,2.4221648075016002,1
7.196849100000691,722,0,2,3.0001689264185503,0.42426403508176974,2.5757359649182305,0.00016892641855012817,-0.7068251811053662,0.7073882691671997,-1.8204755433160988,1
7.196849100000691,722,0,3,2.5757359649182305,0.00016892641855012817,2.9998310735814497,-0.42426403508176974,-0.7073882691672001,-0.7068251811053656,-1.8221648075016004,1
7.196849100000691,722,1,0,5.99983107358145,-0.42426403508176974,6.4242640350817695,-0.00016892641855012817,0.7068251811053662,-0.7073882691671997,4.540951086632197,1
7.196849100000691,722,1,1,6.4242640350817695,-0.00016892641855012817,6.00016892641855,0.42426403508176974,0.7073882691672001,0.7068251811053656,4.544329615003201,1
7.196849100000691,722,1,2,6.00016892641855,0.42426403508176974,5.5757359649182305,0.00016892641855012817,-0.7068251811053662,0.7073882691671997,-3.9409510866321975,1
7.196849100000691,722,1,3,5.5757359649182305,0.00016892641855012817,5.99983107358145,-0.42426403508176974,-0.7073882691672001,-0.7068251811053656,-3.9443296150032006,1
7.263530500000343,729,0,0,2.9998310735814497,-0.42426403508176974,3.4242640350817695,-0.00016892641855012817,0.7068251811053662,-0.7073882691671997,2.4204755433160985,1
7.263530500000343,729,0,1,3.4242640350817695,-0.00016892641855012817,3.0001689264185503,0.42426403508176974,0.7073882691672001,0.7068251811053656,2.4221648075016002,1
7.263530500000343,729,0,2,3.0001689264185503,0.42426403508176974,2.5757359649182305,0.00016892641855012817,-0.7068251811053662,0.7073882691671997,-1.8204755433160988,1
7.263530500000343,729,0,3,2.5757359649182305,0.00016892641855012817,2.9998310735814497,-0.42426403508176974,-0.7073882691672001,-0.7068251811053656,-1.8221648075016004,1
7.263530500000343,729,1,0,5.99983107358145,-0.42426403508176974,6.4242640350817695,-0.00016892641855012817,0.7068251811053662,-0.7073882691671997,4.540951086632197,1
7.263530500000343,729,1,1,6.4242640350817695,-0.00016892641855012817,6.00016892641855,0.42426403508176974,0.7073882691672001,0.7068251811053656,4.544329615003201,1
7.263530500000343,729,1,2,6.00016892641855,0.42426403508176974,5.5757359649182305,0.00016892641855012817,-0.7068251811053662,0.7073882691671997,-3.9409510866321975,1
7.263530500000343,729,1,3,5.5757359649182305,0.00016892641855012817,5.99983107358145,-0.42426403508176974,-0.7073882691672001,-0.7068251811053656,-3.9443296150032006,1
7.330180599994492,736,0,0,2.9998310735814497,-0.42426403508176974,3.4242640350817695,-0.00016892641855012817,0.7068251811053662,-0.7073882691671997,2.4204755433160985,1
7.330180599994492,736,0,1,3.4242640350817695,-0.00016892641855012817,3.0001689264185503,0.42426403508176974,0.7073882691672001,0.7068251811053656,2.4221648075016002,1
7.330180599994492,736,0,2,3.0001689264185503,0.42426403508176974,2.5757359649182305,0.00016892641855012817,-0.7068251811053662,0.7073882691671997,-1.8204755433160988,1
7.330180599994492,736,0,3,2.5757359649182305,0.00016892641855012817,2.9998310735814497,-0.42426403508176974,-0.7073882691672001,-0.7068251811053656,-1.8221648075016004,1
7.330180599994492,736,1,0,5.99983107358145,-0.42426403508176974,6.4242640350817695,-0.00016892641855012817,0.7068251811053662,-0.7073882691671997,4.540951086632197,1
7.330180599994492,736,1,1,6.4242640350817695,-0.00016892641855012817,6.00016892641855,0.42426403508176974,0.7073882691672001,0.7068251811053656,4.544329615003201,1
7.330180599994492,736,1,2,6.00016892641855,0.42426403508176974,5.5757359649182305,0.00016892641855012817,-0.7068251811053662,0.7073882691671997,-3.9409510866321975,1
7.330180599994492,736,1,3,5.5757359649182305,0.00016892641855012817,5.99983107358145,-0.42426403508176974,-0.7073882691672001,-0.7068251811053656,-3.9443296150032006,1
7.396798999980092,743,0,0,2.9998310735814497,-0.42426403508176974,3.4242640350817695,-0.00016892641855012817,0.7068251811053662,-0.7073882691671997,2.4204755433160985,1
7.396798999980092,743,0,1,3.4242640350817695,-0.00016892641855012817,3.0001689264185503,0.42426403508176974,0.7073882691672001,0.7068251811053656,2.4221648075016002,1
7.396798999980092,743,0,2,3.0001689264185503,0.42426403508176974,2.5757359649182305,0.00016892641855012817,-0.7068251811053662,0.7073882691671997,-1.8204755433160988,1
7.396798999980092,743,0,3,2.5757359649182305,0.00016892641855012817,2.9998310735814497,-0.42426403508176974,-0.7073882691672001,-0.7068251811053656,-1.8221648075016004,1
7.396798999980092,743,1,0,5.99983107358145,-0.42426403508176974,6.4242640350817695,-0.00016892641855012817,0.7068251811053662,-0.7073882691671997,4.540951086632197,1
7.396798999980092,743,1,1,6.4242640350817695,-0.00016892641855012817,6.00016892641855,0.42426403508176974,0.7073882691672001,0.7068251811053656,4.544329615003201,1
7.396798999980092,743,1,2,6.00016892641855,0.42426403508176974,5.5757359649182305,0.00016892641855012817,-0.7068251811053662,0.7073882691671997,-3.9409510866321975,1
7.396798999980092,743,1,3,5.5757359649182305,0.00016892641855012817,5.99983107358145,-0.42426403508176974,-0.7073882691672001,-0.7068251811053656,-3.9443296150032006,1
7.463543799996842,749,0,0,2.9998310735814497,-0.42426403508176974,3.4242640350817695,-0.00016892641855012817,0.7068251811053662,-0.7073882691671997,2.4204755433160985,1
7.463543799996842,749,0,1,3.4242640350817695,-0.00016892641855012817,3.0001689264185503,0.42426403508176974,0.7073882691672001,0.7068251811053656,2.4221648075016002,1
7.463543799996842,749,0,2,3.0001689264185503,0.42426403508176974,2.5757359649182305,0.00016892641855012817,-0.7068251811053662,0.7073882691671997,-1.8204755433160988,1
7.463543799996842,749,0,3,2.5757359649182305,0.00016892641855012817,2.9998310735814497,-0.42426403508176974,-0.7073882691672001,-0.7068251811053656,-1.8221648075016004,1
7.463543799996842,749,1,0,5.99983107358145,-0.42426403508176974,6.4242640350817695,-0.00016892641855012817,0.7068251811053662,-0.7073882691671997,4.540951086632197,1
7.463543799996842,749,1,1,6.4242640350817695,-0.00016892641855012817,6.00016892641855,0.42426403508176974,0.7073882691672001,0.7068251811053656,4.544329615003201,1
7.463543799996842,749,1,2,6.00016892641855,0.42426403508176974,5.5757359649182305,0.00016892641855012817,-0.7068251811053662,0.7073882691671997,-3.9409510866321975,1
7.463543799996842,749,1,3,5.5757359649182305,0.00016892641855012817,5.99983107358145,-0.42426403508176974,-0.7073882691672001,-0.7068251811053656,-3.9443296150032006,1
7.53009519999614,756,0,0,2.9998310735814497,-0.42426403508176974,3.4242640350817695,-0.00016892641855012817,0.7068251811053662,-0.7073882691671997,2.4204755433160985,1
7.53009519999614,756,0,1,3.4242640350817695,-0.00016892641855012817,3.0001689264185503,0.42426403508176974,0.7073882691672001,0.7068251811053656,2.4221648075016002,1
7.53009519999614,756,0,2,3.0001689264185503,0.42426403508176974,2.5757359649182305,0.00016892641855012817,-0.7068251811053662,0.7073882691671997,-1.8204755433160988,1
7.53009519999614,756,0,3,2.5757359649182305,0.00016892641855012817,2.9998310735814497,-0.42426403508176974,-0.7073882691672001,-0.7068251811053656,-1.8221648075016004,1
7.53009519999614,756,1,0,5.99983107358145,-0.42426403508176974,6.4242640350817695,-0.00016892641855012817,0.7068251811053662,-0.7073882691671997,4.540951086632197,1
7.53009519999614,756,1,1,6.4242640350817695,-0.00016892641855012817,6.00016892641855,0.42426403508176974,0.7073882691672001,0.7068251811053656,4.544329615003201,1
7.53009519999614,756,1,2,6.00016892641855,0.42426403508176974,5.5757359649182305,0.00016892641855012817,-0.7068251811053662,0.7073882691671997,-3.9409510866321975,1
7.53009519999614,756,1,3,5.5757359649182305,0.00016892641855012817,5.99983107358145,-0.42426403508176974,-0.7073882691672001,-0.7068251811053656,-3.9443296150032006,1
7.596798499987926,763,0,0,2.9998310735814497,-0.42426403508176974,3.4242640350817695,-0.00016892641855012817,0.7068251811053662,-0.7073882691671997,2.4204755433160985,1
7.596798499987926,763,0,1,3.4242640350817695,-0.00016892641855012817,3.0001689264185503,0.42426403508176974,0.7073882691672001,0.7068251811053656,2.4221648075016002,1
7.596798499987926,763,0,2,3.0001689264185503,0.42426403508176974,2.5757359649182305,0.00016892641855012817,-0.7068251811053662,0.7073882691671997,-1.8204755433160988,1
7.596798499987926,763,0,3,2.5757359649182305,0.00016892641855012817,2.9998310735814497,-0.42426403508176974,-0.7073882691672001,-0.7068251811053656,-1.8221648075016004,1
7.596798499987926,763,1,0,5.99983107358145,-0.42426403508176974,6.4242640350817695,-0.00016892641855012817,0.7068251811053662,-0.7073882691671997,4.540951086632197,1
7.596798499987926,763,1,1,6.4242640350817695,-0.00016892641855012817,6.00016892641855,0.42426403508176974,0.7073882691672001,0.7068251811053656,4.544329615003201,1
7.596798499987926,763,1,2,6.00016892641855,0.42426403508176974,5.5757359649182305,0.00016892641855012817,-0.7068251811053662,0.7073882691671997,-3.9409510866321975,1
7.596798499987926,763,1,3,5.5757359649182305,0.00016892641855012817,5.99983107358145,-0.42426403508176974,-0.7073882691672001,-0.7068251811053656,-3.9443296150032006,1
7.663452499982668,769,0,0,2.9998310735814497,-0.42426403508176974,3.4242640350817695,-0.00016892641855012817,0.7068251811053662,-0.7073882691671997,2.4204755433160985,1
7.663452499982668,769,0,1,3.4242640350817695,-0.00016892641855012817,3.0001689264185503,0.42426403508176974,0.7073882691672001,0.7068251811053656,2.4221648075016002,1
7.663452499982668,769,0,2,3.0001689264185503,0.42426403508176974,2.5757359649182305,0.00016892641855012817,-0.7068251811053662,0.7073882691671997,-1.8204755433160988,1
7.663452499982668,769,0,3,2.5757359649182305,0.00016892641855012817,2.9998310735814497,-0.42426403508176974,-0.7073882691672001,-0.7068251811053656,-1.8221648075016004,1
7.663452499982668,769,1,0,5.99983107358145,-0.42426403508176974,6.4242640350817695,-0.00016892641855012817,0.7068251811053662,-0.7073882691671997,4.540951086632197,1
7.663452499982668,769,1,1,6.4242640350817695,-0.00016892641855012817,6.00016892641855,0.42426403508176974,0.7073882691672001,0.7068251811053656,4.544329615003201,1
7.663452499982668,769,1,2,6.00016892641855,0.42426403508176974,5.5757359649182305,0.00016892641855012817,-0.7068251811053662,0.7073882691671997,-3.9409510866321975,1
7.663452499982668,769,1,3,5.5757359649182305,0.00016892641855012817,5.99983107358145,-0.42426403508176974,-0.7073882691672001,-0.7068251811053656,-3.9443296150032006,1
7.730144599976484,776,0,0,2.9998310735814497,-0.42426403508176974,3.4242640350817695,-0.00016892641855012817,0.7068251811053662,-0.7073882691671997,2.4204755433160985,1
7.730144599976484,776,0,1,3.4242640350817695,-0.00016892641855012817,3.0001689264185503,0.42426403508176974,0.7073882691672001,0.7068251811053656,2.4221648075016002,1
7.730144599976484,776,0,2,3.0001689264185503,0.42426403508176974,2.5757359649182305,0.00016892641855012817,-0.7068251811053662,0.7073882691671997,-1.8204755433160988,1
7.730144599976484,776,0,3,2.5757359649182305,0.00016892641855012817,2.9998310735814497,-0.42426403508176974,-0.7073882691672001,-0.7068251811053656,-1.8221648075016004,1
7.730144599976484,776,1,0,5.99983107358145,-0.42426403508176974,6.4242640350817695,-0.00016892641855012817,0.7068251811053662,-0.7073882691671997,4.540951086632197,1
7.730144599976484,776,1,1,6.4242640350817695,-0.00016892641855012817,6.00016892641855,0.42426403508176974,0.7073882691672001,0.7068251811053656,4.544329615003201,1
7.730144599976484,776,1,2,6.00016892641855,0.42426403508176974,5.5757359649182305,0.00016892641855012817,-0.7068251811053662,0.7073882691671997,-3.9409510866321975,1
7.730144599976484,776,1,3,5.5757359649182305,0.00016892641855012817,5.99983107358145,-0.42426403508176974,-0.7073882691672001,-0.7068251811053656,-3.9443296150032006,1
7.796794399997452,783,0,0,2.9998310735814497,-0.42426403508176974,3.4242640350817695,-0.00016892641855012817,0.7068251811053662,-0.7073882691671997,2.4204755433160985,1
7.796794399997452,783,0,1,3.4242640350817695,-0.00016892641855012817,3.0001689264185503,0.42426403508176974,0.7073882691672001,0.7068251811053656,2.4221648075016002,1
7.796794399997452,783,0,2,3.0001689264185503,0.42426403508176974,2.5757359649182305,0.00016892641855012817,-0.7068251811053662,0.7073882691671997,-1.8204755433160988,1
7.796794399997452,783,0,3,2.5757359649182305,0.00016892641855012817,2.9998310735814497,-0.42426403508176974,-0.7073882691672001,-0.7068251811053656,-1.8221648075016004,1
7.796794399997452,783,1,0,5.99983107358145,-0.42426403508176974,6.4242640350817695,-0.00016892641855012817,0.7068251811053662,-0.7073882691671997,4.540951086632197,1
7.796794399997452,783,1,1,6.4242640350817695,-0.00016892641855012817,6.00016892641855,0.42426403508176974,0.7073882691672001,0.7068251811053656,4.544329615003201,1
7.796794399997452,783,1,2,6.00016892641855,0.42426403508176974,5.5757359649182305,0.00016892641855012817,-0.7068251811053662,0.7073882691671997,-3.9409510866321975,1
7.796794399997452,783,1,3,5.5757359649182305,0.00016892641855012817,5.99983107358145,-0.42426403508176974,-0.7073882691672001,-0.7068251811053656,-3.9443296150032006,1
7.8634517999889795,790,0,0,2.9998310735814497,-0.42426403508176974,3.4242640350817695,-0.00016892641855012817,0.7068251811053662,-0.7073882691671997,2.4204755433160985,1
7.8634517999889795,790,0,1,3.4242640350817695,-0.00016892641855012817,3.0001689264185503,0.42426403508176974,0.7073882691672001,0.7068251811053656,2.4221648075016002,1
7.8634517999889795,790,0,2,3.0001689264185503,0.42426403508176974,2.5757359649182305,0.00016892641855012817,-0.7068251811053662,0.7073882691671997,-1.8204755433160988,1
7.8634517999889795,790,0,3,2.5757359649182305,0.00016892641855012817,2.9998310735814497,-0.42426403508176974,-0.7073882691672001,-0.7068251811053656,-1.8221648075016004,1
7.8634517999889795,790,1,0,5.99983107358145,-0.42426403508176974,6.4242640350817695,-0.00016892641855012817,0.7068251811053662,-0.7073882691671997,4.540951086632197,1
7.8634517999889795,790,1,1,6.4242640350817695,-0.00016892641855012817,6.00016892641855,0.42426403508176974,0.7073882691672001,0.7068251811053656,4.544329615003201,1
7.8634517999889795,790,1,2,6.00016892641855,0.42426403508176974,5.5757359649182305,0.00016892641855012817,-0.7068251811053662,0.7073882691671997,-3.9409510866321975,1
7.8634517999889795,790,1,3,5.5757359649182305,0.00016892641855012817,5.99983107358145,-0.42426403508176974,-0.7073882691672001,-0.7068251811053656,-3.9443296150032006,1
7.9301957999996375,796,0,0,2.9998310735814497,-0.42426403508176974,3.4242640350817695,-0.00016892641855012817,0.7068251811053662,-0.7073882691671997,2.4204755433160985,1
7.9301957999996375,796,0,1,3.4242640350817695,-0.00016892641855012817,3.0001689264185503,0.42426403508176974,0.7073882691672001,0.7068251811053656,2.4221648075016002,1
7.9301957999996375,796,0,2,3.0001689264185503,0.42426403508176974,2.5757359649182305,0.00016892641855012817,-0.7068251811053662,0.7073882691671997,-1.8204755433160988,1
7.9301957999996375,796,0,3,2.5757359649182305,0.00016892641855012817,2.9998310735814497,-0.42426403508176974,-0.7073882691672001,-0.7068251811053656,-1.8221648075016004,1
7.9301957999996375,796,1,0,5.99983107358145,-0.42426403508176974,6.4242640350817695,-0.00016892641855012817,0.7068251811053662,-0.7073882691671997,4.540951086632197,1
7.9301957999996375,796,1,1,6.4242640350817695,-0.00016892641855012817,6.00016892641855,0.42426403508176974,0.7073882691672001,0.7068251811053656,4.544329615003201,1
7.9301957999996375,796,1,2,6.00016892641855,0.42426403508176974,5.5757359649182305,0.00016892641855012817,-0.7068251811053662,0.7073882691671997,-3.9409510866321975,1
7.9301957999996375,796,1,3,5.5757359649182305,0.00016892641855012817,5.99983107358145,-0.42426403508176974,-0.7073882691672001,-0.7068251811053656,-3.9443296150032006,1
7.996813199977623,803,0,0,2.9998310735814497,-0.42426403508176974,3.4242640350817695,-0.00016892641855012817,0.7068251811053662,-0.7073882691671997,2.4204755433160985,1
7.996813199977623,803,0,1,3.4242640350817695,-0.00016892641855012817,3.0001689264185503,0.42426403508176974,0.7073882691672001,0.7068251811053656,2.4221648075016002,1
7.996813199977623,803,0,2,3.0001689264185503,0.42426403508176974,2.5757359649182305,0.00016892641855012817,-0.7068251811053662,0.7073882691671997,-1.8204755433160988,1
7.996813199977623,803,0,3,2.5757359649182305,0.00016892641855012817,2.9998310735814497,-0.42426403508176974,-0.7073882691672001,-0.7068251811053656,-1.8221648075016004,1
7.996813199977623,803,1,0,5.99983107358145,-0.42426403508176974,6.4242640350817695,-0.00016892641855012817,0.7068251811053662,-0.7073882691671997,4.540951086632197,1
7.996813199977623,803,1,1,6.4242640350817695,-0.00016892641855012817,6.00016892641855,0.42426403508176974,0.7073882691672001,0.7068251811053656,4.544329615003201,1
7.996813199977623,803,1,2,6.00016892641855,0.42426403508176974,5.5757359649182305,0.00016892641855012817,-0.7068251811053662,0.7073882691671997,-3.9409510866321975,1
7.996813199977623,803,1,3,5.5757359649182305,0.00016892641855012817,5.99983107358145,-0.42426403508176974,-0.7073882691672001,-0.7068251811053656,-3.9443296150032006,1
8.06354529998498,810,0,0,2.9998310735814497,-0.42426403508176974,3.4242640350817695,-0.00016892641855012817,0.7068251811053662,-0.7073882691671997,2.4204755433160985,1
8.06354529998498,810,0,1,3.4242640350817695,-0.00016892641855012817,3.0001689264185503,0.42426403508176974,0.7073882691672001,0.7068251811053656,2.4221648075016002,1
8.06354529998498,810,0,2,3.0001689264185503,0.42426403508176974,2.5757359649182305,0.00016892641855012817,-0.7068251811053662,0.7073882691671997,-1.8204755433160988,1
8.06354529998498,810,0,3,2.5757359649182305,0.00016892641855012817,2.9998310735814497,-0.42426403508176974,-0.7073882691672001,-0.7068251811053656,-1.8221648075016004,1
8.06354529998498,810,1,0,5.99983107358145,-0.42426403508176974,6.4242640350817695,-0.00016892641855012817,0.7068251811053662,-0.7073882691671997,4.540951086632197,1
8.06354529998498,810,1,1,6.4242640350817695,-0.00016892641855012817,6.00016892641855,0.42426403508176974,0.7073882691672001,0.7068251811053656,4.544329615003201,1
8.06354529998498,810,1,2,6.00016892641855,0.42426403508176974,5.5757359649182305,0.00016892641855012817,-0.7068251811053662,0.7073882691671997,-3.9409510866321975,1
8.06354529998498,810,1,3,5.5757359649182305,0.00016892641855012817,5.99983107358145,-0.42426403508176974,-0.7073882691672001,-0.7068251811053656,-3.9443296150032006,1
8.130168399977265,816,0,0,2.9998310735814497,-0.42426403508176974,3.4242640350817695,-0.00016892641855012817,0.7068251811053662,-0.7073882691671997,2.4204755433160985,1
8.130168399977265,816,0,1,3.4242640350817695,-0.00016892641855012817,3.0001689264185503,0.42426403508176974,0.7073882691672001,0.7068251811053656,2.4221648075016002,1
8.130168399977265,816,0,2,3.0001689264185503,0.42426403508176974,2.5757359649182305,0.00016892641855012817,-0.7068251811053662,0.7073882691671997,-1.8204755433160988,1
8.130168399977265,816,0,3,2.5757359649182305,0.00016892641855012817,2.9998310735814497,-0.42426403508176974,-0.7073882691672001,-0.7068251811053656,-1.8221648075016004,1
8.130168399977265,816,1,0,5.99983107358145,-0.42426403508176974,6.4242640350817695,-0.00016892641855012817,0.7068251811053662,-0.7073882691671997,4.540951086632197,1
8.130168399977265,816,1,1,6.4242640350817695,-0.00016892641855012817,6.00016892641855,0.42426403508176974,0.7073882691672001,0.7068251811053656,4.544329615003201,1
8.130168399977265,816,1,2,6.00016892641855,0.42426403508176974,5.5757359649182305,0.00016892641855012817,-0.7068251811053662,0.7073882691671997,-3.9409510866321975,1
8.130168399977265,816,1,3,5.5757359649182305,0.00016892641855012817,5.99983107358145,-0.42426403508176974,-0.7073882691672001,-0.7068251811053656,-3.9443296150032006,1
8.196824799990281,823,0,0,2.9998310735814497,-0.42426403508176974,3.4242640350817695,-0.00016892641855012817,0.7068251811053662,-0.7073882691671997,2.4204755433160985,1
8.196824799990281,823,0,1,3.4242640350817695,-0.00016892641855012817,3.0001689264185503,0.42426403508176974,0.7073882691672001,0.7068251811053656,2.4221648075016002,1
8.196824799990281,823,0,2,3.0001689264185503,0.42426403508176974,2.5757359649182305,0.00016892641855012817,-0.7068251811053662,0.7073882691671997,-1.8204755433160988,1
8.196824799990281,823,0,3,2.5757359649182305,0.00016892641855012817,2.9998310735814497,-0.42426403508176974,-0.7073882691672001,-0.7068251811053656,-1.8221648075016004,1
8.196824799990281,823,1,0,5.99983107358145,-0.42426403508176974,6.4242640350817695,-0.00016892641855012817,0.7068251811053662,-0.7073882691671997,4.540951086632197,1
8.196824799990281,823,1,1,6.4242640350817695,-0.00016892641855012817,6.00016892641855,0.42426403508176974,0.7073882691672001,0.7068251811053656,4.544329615003201,1
8.196824799990281,823,1,2,6.00016892641855,0.42426403508176974,5.5757359649182305,0.00016892641855012817,-0.7068251811053662,0.7073882691671997,-3.9409510866321975,1
8.196824799990281,823,1,3,5.5757359649182305,0.00016892641855012817,5.99983107358145,-0.42426403508176974,-0.7073882691672001,-0.7068251811053656,-3.9443296150032006,1
8.263583199994173,830,0,0,2.9998310735814497,-0.42426403508176974,3.4242640350817695,-0.00016892641855012817,0.7068251811053662,-0.7073882691671997,2.4204755433160985,1
8.263583199994173,830,0,1,3.4242640350817695,-0.00016892641855012817,3.0001689264185503,0.42426403508176974,0.7073882691672001,0.7068251811053656,2.4221648075016002,1
8.263583199994173,830,0,2,3.0001689264185503,0.42426403508176974,2.5757359649182305,0.00016892641855012817,-0.7068251811053662,0.7073882691671997,-1.8204755433160988,1
8.263583199994173,830,0,3,2.5757359649182305,0.00016892641855012817,2.9998310735814497,-0.42426403508176974,-0.7073882691672001,-0.7068251811053656,-1.8221648075016004,1
8.263583199994173,830,1,0,5.99983107358145,-0.42426403508176974,6.4242640350817695,-0.00016892641855012817,0.7068251811053662,-0.7073882691671997,4.540951086632197,1
8.263583199994173,830,1,1,6.4242640350817695,-0.00016892641855012817,6.00016892641855,0.42426403508176974,0.7073882691672001,0.7068251811053656,4.544329615003201,1
8.263583199994173,830,1,2,6.00016892641855,0.42426403508176974,5.5757359649182305,0.00016892641855012817,-0.7068251811053662,0.7073882691671997,-3.9409510866321975,1
8.263583199994173,830,1,3,5.5757359649182305,0.00016892641855012817,5.99983107358145,-0.42426403508176974,-0.7073882691672001,-0.7068251811053656,-3.9443296150032006,1
8.330191999993986,837,0,0,2.9998310735814497,-0.42426403508176974,3.4242640350817695,-0.00016892641855012817,0.7068251811053662,-0.7073882691671997,2.4204755433160985,1
8.330191999993986,837,0,1,3.4242640350817695,-0.00016892641855012817,3.0001689264185503,0.42426403508176974,0.7073882691672001,0.7068251811053656,2.4221648075016002,1
8.330191999993986,837,0,2,3.0001689264185503,0.42426403508176974,2.5757359649182305,0.00016892641855012817,-0.7068251811053662,0.7073882691671997,-1.8204755433160988,1
8.330191999993986,837,0,3,2.5757359649182305,0.00016892641855012817,2.9998310735814497,-0.42426403508176974,-0.7073882691672001,-0.7068251811053656,-1.8221648075016004,1
8.330191999993986,837,1,0,5.99983107358145,-0.42426403508176974,6.4242640350817695,-0.00016892641855012817,0.7068251811053662,-0.7073882691671997,4.540951086632197,1
8.330191999993986,837,1,1,6.4242640350817695,-0.00016892641855012817,6.00016892641855,0.42426403508176974,0.7073882691672001,0.7068251811053656,4.544329615003201,1
8.330191999993986,837,1,2,6.00016892641855,0.42426403508176974,5.5757359649182305,0.00016892641855012817,-0.7068251811053662,0.7073882691671997,-3.9409510866321975,1
8.330191999993986,837,1,3,5.5757359649182305,0.00016892641855012817,5.99983107358145,-0.42426403508176974,-0.7073882691672001,-0.7068251811053656,-3.9443296150032006,1
8.396844100003364,845,0,0,2.9998310735814497,-0.42426403508176974,3.4242640350817695,-0.00016892641855012817,0.7068251811053662,-0.7073882691671997,2.4204755433160985,1
8.396844100003364,845,0,1,3.4242640350817695,-0.00016892641855012817,3.0001689264185503,0.42426403508176974,0.7073882691672001,0.7068251811053656,2.4221648075016002,1
8.396844100003364,845,0,2,3.0001689264185503,0.42426403508176974,2.5757359649182305,0.00016892641855012817,-0.7068251811053662,0.7073882691671997,-1.8204755433160988,1
8.396844100003364,845,0,3,2.5757359649182305,0.00016892641855012817,2.9998310735814497,-0.42426403508176974,-0.7073882691672001,-0.7068251811053656,-1.8221648075016004,1
8.396844100003364,845,1,0,5.99983107358145,-0.42426403508176974,6.4242640350817695,-0.00016892641855012817,0.7068251811053662,-0.7073882691671997,4.540951086632197,1
8.396844100003364,845,1,1,6.4242640350817695,-0.00016892641855012817,6.00016892641855,0.42426403508176974,0.7073882691672001,0.7068251811053656,4.544329615003201,1
8.396844100003364,845,1,2,6.00016892641855,0.42426403508176974,5.5757359649182305,0.00016892641855012817,-0.7068251811053662,0.7073882691671997,-3.9409510866321975,1
8.396844100003364,845,1,3,5.5757359649182305,0.00016892641855012817,5.99983107358145,-0.42426403508176974,-0.7073882691672001,-0.7068251811053656,-3.9443296150032006,1
8.463499499979662,853,0,0,2.9998310735814497,-0.42426403508176974,3.4242640350817695,-0.00016892641855012817,0.7068251811053662,-0.7073882691671997,2.4204755433160985,1
8.463499499979662,853,0,1,3.4242640350817695,-0.00016892641855012817,3.0001689264185503,0.42426403508176974,0.7073882691672001,0.7068251811053656,2.4221648075016002,1
8.463499499979662,853,0,2,3.0001689264185503,0.42426403508176974,2.5757359649182305,0.00016892641855012817,-0.7068251811053662,0.7073882691671997,-1.8204755433160988,1
8.463499499979662,853,0,3,2.5757359649182305,0.00016892641855012817,2.9998310735814497,-0.42426403508176974,-0.7073882691672001,-0.7068251811053656,-1.8221648075016004,1
8.463499499979662,853,1,0,5.99983107358145,-0.42426403508176974,6.4242640350817695,-0.00016892641855012817,0.7068251811053662,-0.7073882691671997,4.540951086632197,1
8.463499499979662,853,1,1,6.4242640350817695,-0.00016892641855012817,6.00016892641855,0.42426403508176974,0.7073882691672001,0.7068251811053656,4.544329615003201,1
8.463499499979662,853,1,2,6.00016892641855,0.42426403508176974,5.5757359649182305,0.00016892641855012817,-0.7068251811053662,0.7073882691671997,-3.9409510866321975,1
8.463499499979662,853,1,3,5.5757359649182305,0.00016892641855012817,5.99983107358145,-0.42426403508176974,-0.7073882691672001,-0.7068251811053656,-3.9443296150032006,1
8.530173099978128,862,0,0,2.9998310735814497,-0.42426403508176974,3.4242640350817695,-0.00016892641855012817,0.7068251811053662,-0.7073882691671997,2.4204755433160985,1
8.530173099978128,862,0,1,3.4242640350817695,-0.00016892641855012817,3.0001689264185503,0.42426403508176974,0.7073882691672001,0.7068251811053656,2.4221648075016002,1
8.530173099978128,862,0,2,3.0001689264185503,0.42426403508176974,2.5757359649182305,0.00016892641855012817,-0.7068251811053662,0.7073882691671997,-1.8204755433160988,1
8.530173099978128,862,0,3,2.5757359649182305,0.00016892641855012817,2.9998310735814497,-0.42426403508176974,-0.7073882691672001,-0.7068251811053656,-1.8221648075016004,1
8.530173099978128,862,1,0,5.99983107358145,-0.42426403508176974,6.4242640350817695,-0.00016892641855012817,0.7068251811053662,-0.7073882691671997,4.540951086632197,1
8.530173099978128,862,1,1,6.4242640350817695,-0.00016892641855012817,6.00016892641855,0.42426403508176974,0.7073882691672001,0.7068251811053656,4.544329615003201,1
8.530173099978128,862,1,2,6.00016892641855,0.42426403508176974,5.5757359649182305,0.00016892641855012817,-0.7068251811053662,0.7073882691671997,-3.9409510866321975,1
8.530173099978128,862,1,3,5.5757359649182305,0.00016892641855012817,5.99983107358145,-0.42426403508176974,-0.7073882691672001,-0.7068251811053656,-3.9443296150032006,1
8.596848899993347,874,0,0,2.9998310735814497,-0.42426403508176974,3.4242640350817695,-0.00016892641855012817,0.7068251811053662,-0.7073882691671997,2.4204755433160985,1
8.596848899993347,874,0,1,3.4242640350817695,-0.00016892641855012817,3.0001689264185503,0.42426403508176974,0.7073882691672001,0.7068251811053656,2.4221648075016002,1
8.596848899993347,874,0,2,3.0001689264185503,0.42426403508176974,2.5757359649182305,0.00016892641855012817,-0.7068251811053662,0.7073882691671997,-1.8204755433160988,1
8.596848899993347,874,0,3,2.5757359649182305,0.00016892641855012817,2.9998310735814497,-0.42426403508176974,-0.7073882691672001,-0.7068251811053656,-1.8221648075016004,1
8.596848899993347,874,1,0,5.99983107358145,-0.42426403508176974,6.4242640350817695,-0.00016892641855012817,0.7068251811053662,-0.7073882691671997,4.540951086632197,1
8.596848899993347,874,1,1,6.4242640350817695,-0.00016892641855012817,6.00016892641855,0.42426403508176974,0.7073882691672001,0.7068251811053656,4.544329615003201,1
8.596848899993347,874,1,2,6.00016892641855,0.42426403508176974,5.5757359649182305,0.00016892641855012817,-0.7068251811053662,0.7073882691671997,-3.9409510866321975,1
8.596848899993347,874,1,3,5.5757359649182305,0.00016892641855012817,5.99983107358145,-0.42426403508176974,-0.7073882691672001,-0.7068251811053656,-3.9443296150032006,1
