time,reference_index,X,Y,psi,vx,X_ref,Y_ref,psi_ref,vx_ref,position_error,yaw_error,speed_error,vx_cmd,delta_cmd,ax_cmd
4.00003045797348e-07,0,-4.768371297814156e-08,8.275732454876561e-08,-0.0,0.0,0.0,0.0,0.0,0.0,9.551183827071652e-08,0.0,0.0,0.02,0.0,1.0
0.0874084000242874,3,0.0006666203262284398,8.275732454876561e-08,-0.0,0.0016652112996973557,0.0006666203262284398,0.0,0.0,0.781892462226052,8.275732454876561e-08,0.0,-0.7802272509263547,0.04,0.0,1.0
0.18755380000220612,7,0.0033332922030240297,8.275732454876561e-08,-0.0,0.007918335973957049,0.0033332922030240297,0.0,0.0,0.781892462226052,8.275732454876561e-08,0.0,-0.7739741262520949,0.06,0.0,1.0
0.28749190003145486,9,0.007999974302947521,8.275732454876561e-08,-0.0,0.017602611243239915,0.007999974302947521,0.0,0.0,0.781892462226052,8.275732454876561e-08,0.0,-0.7642898509828121,0.08,0.0,1.0
0.3875615000142716,12,0.014666661620140076,8.275732454876561e-08,-0.0,0.029847802836486716,0.014666661620140076,0.0,0.0,0.781892462226052,8.275732454876561e-08,0.0,-0.7520446593895653,0.1,0.0,1.0
0.48758750001434237,15,0.023333346471190453,8.275732454876561e-08,-0.0,0.04406025866986828,0.023333346471190453,0.0,0.0,0.781892462226052,8.275732454876561e-08,0.0,-0.7378322035561837,0.11999999997298215,0.0,0.9999999986491073
0.5882982999901287,17,0.03400004282593727,8.275732454876561e-08,-0.0,0.05972143163074979,0.03400004282593727,0.0,0.0,0.781892462226052,8.275732454876561e-08,0.0,-0.7221710305953022,0.13999999997298215,0.0,1.0
0.6877050999901257,20,0.04666795954108238,8.275732454876561e-08,-0.0,0.07647940318463287,0.04666795954108238,0.0,0.0,0.781892462226052,8.275732454876561e-08,0.0,-0.7054130590414192,0.15999999997298214,0.0,1.0
0.7877817000262439,22,0.06133468821644783,8.275732454876561e-08,-0.0,0.09395322333399074,0.06133468821644783,0.0,0.0,0.781892462226052,8.275732454876561e-08,0.0,-0.6879392388920613,0.17999999997298213,0.0,1.0
0.8879847999778576,25,0.07800140976905823,8.275732454876561e-08,-0.0,0.11214618478029281,0.07800140976905823,0.0,0.0,0.781892462226052,8.275732454876561e-08,0.0,-0.6697462774457592,0.19999999997298212,0.0,1.0
0.9877874000230804,27,0.09666810929775238,8.275732454876561e-08,-0.0,0.13083404531241893,0.09666810929775238,0.0,0.0,0.781892462226052,8.275732454876561e-08,0.0,-0.6510584169136331,0.2199999999729821,0.0,1.0
1.1217871999833733,30,0.12400151044130325,8.275732454876561e-08,-0.0,0.1492897947211672,0.12400151044130325,0.0,0.0,0.781892462226052,8.275732454876561e-08,0.0,-0.6326026675048848,0.2399999999729821,0.0,1.0
1.2210094000329264,32,0.14666830003261566,8.275732454876561e-08,-0.0,0.1686780439502746,0.14666830003261566,0.0,0.0,0.781892462226052,8.275732454876561e-08,0.0,-0.6132144182757774,0.25999999993295897,0.0,0.9999999979988428
1.3218906000256538,35,0.17133504152297974,8.275732454876561e-08,-0.0,0.18827841886621716,0.17133504152297974,0.0,0.0,0.781892462226052,8.275732454876561e-08,0.0,-0.5936140433598349,0.279999999932959,0.0,1.0
1.455355399986729,38,0.20666851103305817,8.275732454876561e-08,-0.0,0.20726987061282298,0.20666851103305817,0.0,0.0,0.781892462226052,8.275732454876561e-08,0.0,-0.574622591613229,0.2999999998543573,0.0,0.9999999960699166
1.5881484000128694,41,0.2446686327457428,8.275732454876561e-08,-0.0,0.22687073206056194,0.2446686327457428,0.0,0.0,0.781892462226052,8.275732454876561e-08,0.0,-0.5550217301654901,0.31999999985435734,0.0,1.0
1.6883997999830171,43,0.2753354609012604,8.275732454876561e-08,-0.0,0.24684220591887202,0.2753354609012604,0.0,0.0,0.781892462226052,8.275732454876561e-08,0.0,-0.53505025630718,0.33999999985435736,0.0,1.0
1.8209980999818072,47,0.318668931722641,8.275732454876561e-08,-0.0,0.2663164164152609,0.318668931722641,0.0,0.0,0.781892462226052,8.275732454876561e-08,0.0,-0.5155760458107912,0.35999999949252853,0.0,0.9999999819085594
1.9637454000185244,50,0.36466917395591736,8.275732454876561e-08,-0.0,0.2860617249699174,0.36466917395591736,0.0,0.0,0.781892462226052,8.275732454876561e-08,0.0,-0.49583073725613463,0.37999999949252855,0.0,1.0
2.088661400019191,53,0.41333597898483276,8.275732454876561e-08,-0.0,0.30575361729537903,0.41333597898483276,0.0,0.0,0.781892462226052,8.275732454876561e-08,0.0,-0.476138844930673,0.39999999949252857,0.0,1.0
2.2209657999919727,57,0.46466952562332153,8.275732454876561e-08,-0.0,0.32564713379101096,0.46466952562332153,0.0,0.0,0.781892462226052,8.275732454876561e-08,0.0,-0.45624532843504106,0.4199999994925286,0.0,1.0
2.3209654000238515,60,0.505336344242096,8.275732454876561e-08,-0.0,0.34592771832873115,0.505336344242096,0.0,0.0,0.781892462226052,8.275732454876561e-08,0.0,-0.43596474389732087,0.4399999989843638,0.0,0.9999999745917625
2.4207984000095166,63,0.548003077507019,8.275732454876561e-08,-0.0,0.36587347888945465,0.548003077507019,0.0,0.0,0.781892462226052,8.275732454876561e-08,0.0,-0.41601898333659737,0.45995114683923677,0.0,0.9975573927436481
2.5208705000113696,66,0.5926682353019714,8.275732454876561e-08,-0.0,0.3862155934721286,0.5926682353019714,0.0,0.0,0.781892462226052,8.275732454876561e-08,0.0,-0.39567686875392344,0.478947115385019,0.0,0.9497984272891127
2.6207908000214957,69,0.6392966508865356,8.275732454876561e-08,-0.0,0.40599332353884615,0.6392966508865356,0.0,0.0,0.781892462226052,8.275732454876561e-08,0.0,-0.37589913868720587,0.49699279320548767,0.0,0.9022838910234336
2.7209459000150673,72,0.6877930164337158,8.275732454876561e-08,-0.0,0.42598398705661944,0.6877930164337158,0.0,0.0,0.781892462226052,8.275732454876561e-08,0.0,-0.3559084751694326,0.5140788413671092,0.0,0.8543024080810768
2.821577700029593,76,0.7380620241165161,8.275732454876561e-08,-0.0,0.44520866054619435,0.7380620241165161,0.0,0.0,0.781892462226052,8.275732454876561e-08,0.0,-0.3366838016798577,0.5302400171142672,0.0,0.8080587873578955
2.9207335999817587,80,0.7900088429450989,8.275732454876561e-08,-0.0,0.4638370785208839,0.7900088429450989,0.0,0.0,0.781892462226052,8.275732454876561e-08,0.0,-0.3180553837051681,0.5455019770972248,0.019637033918864254,0.7630979991478806
3.021688000007998,85,0.8435419797897339,3.254772673244588e-05,0.001785383210517466,0.48164156056066865,0.8435419797897339,0.0,0.0,0.781892462226052,3.254772673244588e-05,0.001785383210517466,-0.3002509016653834,0.5599002897261277,0.02949498647708917,0.7199156314451448
3.1209457999793813,90,0.898571252822876,0.0003462049353402108,0.008108790963888168,0.49879367026981125,0.898571252822876,0.0,0.0,0.781892462226052,0.0003462049353402108,0.008108790963888168,-0.28309879195624077,0.5734636241992752,0.033705598136073475,0.678166723657376
3.2208485000301152,95,0.9550079703330994,0.0011247920338064432,0.01683543622493744,0.5151549631091126,0.9550079703330994,0.0,0.0,0.781892462226052,0.0011247920338064432,0.01683543622493744,-0.26673749911693945,0.5862271362774647,0.03662639043368855,0.6381756039094745
3.3208290000329725,101,1.0127638578414917,0.0024778414517641068,0.026856914162635803,0.5309378323583617,1.012765573382361,2.918445976689222e-06,0.0005399726634598927,0.781892462226052,0.0024749236003675547,0.02631694149917596,-0.25095462986769035,0.59821678998617,0.03957878759881748,0.5994826854352648
3.4208787999814376,107,1.071751594543457,0.004493814427405596,0.03796069696545601,0.5457534705028015,1.071810724053983,0.00032484965206815196,0.012772624413960959,0.781892462226052,0.004169384078856183,0.025188072551495022,-0.23613899172325048,0.6094860052025128,0.04158926817967248,0.5634607608171418
3.5209555000183173,113,1.1318851709365845,0.0072602140717208385,0.05007809028029442,0.559756375847297,1.1320724741417725,0.0017508930704361924,0.03559448092747062,0.781892462226052,0.005512504003252039,0.014483609352824,-0.22213608637875504,0.6200865172225556,0.040739927745479375,0.5300256010021382
3.6207717999932356,119,1.1930817365646362,0.010847214609384537,0.06273822486400604,0.5730192273830236,1.193458130982584,0.004761096435603939,0.06244344116409898,0.781892462226052,0.006097746074008391,0.0002947836999069864,-0.20887323484302844,0.6300698484248164,0.03529138177344774,0.4991665601130397
3.7546287000295706,126,1.2758702039718628,0.016915014013648033,0.07907567173242569,0.5854294860197284,1.276405946645927,0.011397696923735963,0.09611419348313104,0.781892462226052,0.005543266914324913,-0.017038521750705193,-0.19646297620632358,0.6394844574966726,0.018239454300884604,0.47073045359281035
3.8542140999925323,132,1.3389575481414795,0.022348403930664062,0.08843190968036652,0.5973665479983974,1.3394516332177877,0.01812699698767529,0.11546173206619147,0.781892462226052,0.004250223128371532,-0.027029822385824964,-0.18452591422765463,0.6483195168562571,-0.002925644690760864,0.4417529679792263
3.9874287000275217,140,1.4241491556167603,0.030271053314208984,0.09394839406013489,0.6084960103251412,1.424357066530956,0.028660436092257862,0.12861447858925315,0.781892462226052,0.0016239811525652758,-0.03466608452911846,-0.1733964519009108,0.656522611749414,-0.0431776359091827,0.41015474465784046
4.088299900002312,146,1.4889800548553467,0.036241497844457626,0.08859223127365112,0.6189804142177046,1.4888841946653286,0.036993761419773064,0.1263002216726239,0.781892462226052,0.0007583466639846601,-0.03770799039897277,-0.16291204800834747,0.6640482875895053,-0.07932559415938119,0.376283792004568
4.187472100020386,152,1.5546832084655762,0.041361115872859955,0.07036393880844116,0.6290284409324816,1.5542864726578045,0.04487029852355779,0.11102855759339356,0.781892462226052,0.0035315382168577647,-0.0406646187849522,-0.15286402129357046,0.6708315721642006,-0.11449199005283009,0.339164228734768
4.288165299978573,158,1.6212235689163208,0.044786032289266586,0.04000440612435341,0.638455256936929,1.6207089352872397,0.051322852909296134,0.07993065311120061,0.781892462226052,0.00655704747509309,-0.039926246986847325,-0.14343720528912307,0.6768546940836208,-0.14813104579656103,0.30115609597100806
4.387735800002702,165,1.6884970664978027,0.04566425085067749,-0.0023077058140188456,0.6469505793012716,1.6881789800123932,0.05514905816086054,0.02987781918990537,0.781892462226052,0.009490139552372349,-0.03218552500392402,-0.13494188292478038,0.6821500691612774,-0.17929521229877088,0.26476875388283455
4.487471300002653,172,1.75630521774292,0.04315399006009102,-0.05611336976289749,0.6548077761214369,1.7567426946007827,0.054850228670001056,-0.042294949446367455,0.781892462226052,0.011704417269608759,-0.013818420316530133,-0.1270846861046151,0.6867697617301002,-0.2082357768891604,0.23098462844113776
4.587652400019579,179,1.8243345022201538,0.036459941416978836,-0.12071758508682251,0.6619035337934933,1.8260468381127282,0.048727829562727906,-0.1368744826278406,0.781892462226052,0.012386814512440596,0.01615689754101801,-0.1199889284325587,0.6907753654332406,-0.23597512076618768,0.20028018515702134
4.687579900026321,187,1.8921438455581665,0.024851471185684204,-0.19555628299713135,0.66843814204373,1.894850535387248,0.03545172390933523,-0.24549390096056872,0.781892462226052,0.010940362317406324,0.04993761796343721,-0.11345432018232204,0.6941818669803468,-0.26180331326216105,0.17032507735530994
4.821067399985623,198,1.9811146259307861,0.0007723003509454429,-0.3073504567146301,0.6738318829359994,1.9834204125390529,0.006697798975669205,-0.3749522896658489,0.781892462226052,0.006358316273548011,0.06760183295121891,-0.10806057929005264,0.6969019245226515,-0.12882814141550736,0.13600287711523848
4.987632900010794,212,2.087898015975952,-0.04377114027738571,-0.443471759557724,0.6788755118077322,2.088609790923953,-0.042493333616126325,-0.5116505308778593,0.781892462226052,0.0014626733880673379,0.06817877132013539,-0.10301695041831982,0.6956116267846105,0.33336565511739086,-0.0645148869020499
5.1547851000214,227,2.190997362136841,-0.09713736176490784,-0.46467533707618713,0.6831437998829977,2.1819314437300563,-0.10760214688552237,-0.7153511124525943,0.781892462226052,0.01384567095445755,0.2506757753764073,-0.09874866234305435,0.6756116267846105,0.5236,-1.0
5.320788700017147,240,2.2992677688598633,-0.13607315719127655,-0.2511216104030609,0.6843501278552123,2.248472303819606,-0.17695771594414417,-0.8899483344348161,0.781892462226052,0.06520526369145892,0.6388267240317553,-0.0975423343708397,0.6956116267846105,0.5236,0.9999999999999998
5.454283899976872,248,2.3893377780914307,-0.1453496515750885,-0.013542264699935913,0.6823165394450453,2.2815528823609843,-0.22099503152926847,-0.9574025334194568,0.781892462226052,0.1316807019119941,0.9438602687195212,-0.09957592278100669,0.6765903526711283,-0.5236,-0.951063705674108
5.587573099997826,254,2.480827808380127,-0.13540492951869965,0.10952578485012054,0.6842461346548592,2.3035911320268023,-0.25327121986426704,-0.9828044770317712,0.781892462226052,0.21285042129297918,1.0923302618818918,-0.09764632757119285,0.6565903526711283,-0.5236,-1.0
5.68752089998452,259,2.547743320465088,-0.13590039312839508,-0.06586065888404846,0.6802017341447951,2.32357314937931,-0.2835226853969439,-0.9884429409070831,0.781892462226052,0.2684112642555223,0.9225822820230345,-0.1016907280812569,0.6365903526711283,-0.5235999999999998,-0.9999999999999999
5.821042100025807,270,2.6325793266296387,-0.15380720794200897,-0.293311208486557,0.6721441874423241,2.3648039328589094,-0.3443972950971826,-0.9532400031780576,0.781892462226052,0.3286765017930028,0.6599287946915005,-0.10974827478372795,0.6165903526711283,-0.5235999999999998,-0.9999999999999999
6.0209267000318505,295,2.7440266609191895,-0.21278512477874756,-0.6248847246170044,0.6602421849411445,2.476457320090503,-0.47632009370846795,-0.7937380385904858,0.781892462226052,0.3755582937445085,0.16885331397348136,-0.12165027728490752,0.5968532987512585,0.0213207818922293,-0.98685269599349
6.254221800016239,316,2.8400533199310303,-0.3181299567222595,-0.9456108808517456,0.6469179525411537,2.579091638326642,-0.5790916383266422,-0.7853981633974478,0.781892462226052,0.36905554938461155,-0.16021271745429777,-0.13497450968489833,0.614963493403693,0.5236,0.9055097326217301
6.4210164999822155,330,2.8999812602996826,-0.3982631266117096,-0.8834609985351562,0.634975676942442,2.6491221934556988,-0.6491221934556991,-0.7853981633974483,0.781892462226052,0.3547682945750248,-0.09806283513770797,-0.14691678528361007,0.6349634934036931,0.5235999999999998,1.0
6.554321400006302,342,2.960453748703003,-0.4543958902359009,-0.667050302028656,0.630542270549119,2.707424819469472,-0.7074248194694712,-0.7853981633974487,0.781892462226052,0.3578369433948295,0.11834786136879272,-0.15135019167693298,0.6356179391247114,-0.5236,0.032722286050918925
6.656135199998971,350,3.0131027698516846,-0.4898914694786072,-0.6116970777511597,0.6316082779495009,2.751497119665149,-0.7514971196651489,-0.7853981633974487,0.781892462226052,0.3699662584872346,0.17370108564628906,-0.1502841842765511,0.6331605730233274,-0.5235999999955099,-0.12286830506920127
6.754206500016153,359,3.0606744289398193,-0.531825065612793,-0.7778865098953247,0.6320800718274922,2.7962497472763297,-0.7962497472763297,-0.7853981633974487,0.781892462226052,0.37395297103472863,0.007511653502124016,-0.14981239039855987,0.6402038980511023,-0.5235999999988384,0.3521662513887457
6.854182699986268,368,3.100691795349121,-0.5811101198196411,-0.9442633986473083,0.6324714632959773,2.8409009575843926,-0.8409009575843924,-0.7853981633974486,0.781892462226052,0.3673997261471636,-0.15886523524985963,-0.14942099893007477,0.6542869892127984,-0.5235999999829848,0.7041545580848019
6.955188399995677,377,3.1323654651641846,-0.6372115015983582,-1.1131082773208618,0.6352155754854714,2.8847884833812656,-0.8847884833812663,-0.7853981633974483,0.781892462226052,0.350126725368793,-0.32771011392341354,-0.14667688674058066,0.6736083246613875,-0.5235999999971968,0.9660667724294565
7.054177600017283,385,3.154521942138672,-0.6993798017501831,-1.2860862016677856,0.6411759282513021,2.9269508719444226,-0.9269508719444226,-0.7853981633974481,0.781892462226052,0.32183409387246004,-0.5006880382703374,-0.14071653397474992,0.6936083246601543,-0.5235999269247603,0.9999999999383403
7.1542650000192225,393,3.165747880935669,-0.766394317150116,-1.464186429977417,0.6504215075635814,2.9660710990428836,-0.9660710990428836,-0.7853981633974477,0.781892462226052,0.28238561304377896,-0.6787882665799692,-0.1314709546624706,0.7136083246601543,-0.2062354246127739,0.9999999999999999
7.254321000014897,400,3.1655519008636475,-0.8363770246505737,-1.60977303981781,0.6626418045533641,3.0009283497004953,-1.0009287548918067,-0.7855190058157635,0.781892462226052,0.23276207922028552,-0.8242540340020463,-0.11925065767268794,0.7318208069188057,0.11775574119384223,0.9106241129325667
7.354594000033103,406,3.1601552963256836,-0.9081389307975769,-1.6444674730300903,0.6768247202009038,3.0308771026949315,-1.0313592560424423,-0.8074730184066976,0.781892462226052,0.1785947924825375,-0.836994454623393,-0.10506774202514824,0.7445252412990174,0.2461147876926873,0.6352217190105843
7.45435269997688,412,3.1572558879852295,-0.9816746115684509,-1.5852018594741821,0.6915471288979611,3.0610635919093947,-1.0644954328785616,-0.8593383039581987,0.781892462226052,0.12693402328305184,-0.7258635555159834,-0.09034533332809092,0.7524185481826822,0.2542970226457532,0.3946653441832344
7.554670499986969,420,3.1607823371887207,-1.0562827587127686,-1.492232322692871,0.705388047724954,3.094258492398591,-1.1059151163322412,-0.9307902200276061,0.781892462226052,0.08299875209018785,-0.5614421026652652,-0.07650441450109802,0.7565679822925965,0.2449120663817129,0.20747170549571298
7.655126700003166,428,3.171452045440674,-1.1308791637420654,-1.3975694179534912,0.7173363352518662,3.129830796101437,-1.157619491720944,-1.0015090417775265,0.781892462226052,0.04947093628563061,-0.39606037617596446,-0.06455612697418578,0.7577798798324957,0.25859778813215856,0.060594876994960536
7.7541663000010885,437,3.1891157627105713,-1.204460620880127,-1.303143858909607,0.7270445783456883,3.1661776490716766,-1.217747668638797,-1.0457980926700035,0.781892462226052,0.02650854004753979,-0.25734576623960326,-0.05484788388036377,0.7563801881613377,0.2982802521251859,-0.06998458355790257
7.855061099980958,446,3.213975191116333,-1.2759628295898438,-1.2002211809158325,0.7344251443662201,3.2031657360583465,-1.2822208875263146,-1.04551675255998,0.781892462226052,0.012490300548299664,-0.15470442835585274,-0.04746731785983194,0.7523889647953457,0.3544307374236161,-0.19956116829959936
7.954446599993389,455,3.246661901473999,-1.343979001045227,-1.0805727243423462,0.7392926685277618,3.242613200595657,-1.3466812110517803,-0.9864128743877475,0.781892462226052,0.004867639851283619,-0.09415984995459858,-0.042599793698290256,0.7457356150602873,0.41749760166363076,-0.33266748675291624
8.054279499978293,465,3.287832260131836,-1.4066200256347656,-0.939791202545166,0.7416700812928656,3.2878117076882236,-1.4066378601117258,-0.8471873426327875,0.781892462226052,2.721160610620236e-05,-0.09260385991237863,-0.04022238093318642,0.7360898958658195,0.48082972355299475,-0.4822859597233877
8.154236799979117,475,3.3376784324645996,-1.461551308631897,-0.7770199775695801,0.7413913890704504,3.341804755157703,-1.4555894910737528,-0.6084482855013834,0.781892462226052,0.007250503952430801,-0.16857169206819655,-0.040501073155601586,0.723163334125453,0.5236,-0.6463280870183248
8.254453100031242,486,3.395504951477051,-1.506248950958252,-0.5959340333938599,0.7384185141214716,3.4022618251322827,-1.4860180494988129,-0.3212605699835757,0.781892462226052,0.0213294330785959,-0.2746734634102843,-0.043473948104580384,0.7073852683079724,0.5236,-0.7889032908740251
8.354250499978662,495,3.4594078063964844,-1.5387601852416992,-0.40798529982566833,0.7326978544369267,3.463340119066386,-1.4984136945915918,-0.09191505268558502,0.781892462226052,0.040537666320510805,-0.31607024714008336,-0.04919460778912532,0.6884089826215569,0.5235999999999998,-0.948814284320775
8.48759680002695,506,3.5498604774475098,-1.562308669090271,-0.16271737217903137,0.7239402006428519,3.5427966626888523,-1.4979504934757877,0.10126169034427054,0.781892462226052,0.06474466964445261,-0.26397906252330205,-0.057952261583200104,0.6684089826215569,0.5235999999999998,-0.9999999999999999
8.620923999988008,517,3.640772581100464,-1.5635464191436768,0.07583887130022049,0.7128067791127465,3.609483771372357,-1.4828146976006056,0.3759080566954248,0.781892462226052,0.0865829110015923,-0.3000691853952042,-0.06908568311330554,0.6512721711574259,0.5236,-0.8568405732065519
8.754174900008366,526,3.726994514465332,-1.544198989868164,0.30766505002975464,0.6996072692536155,3.6528973291001514,-1.4570490439747497,0.7116010385412321,0.781892462226052,0.11439189634002488,-0.4039359885114777,-0.08228519297243653,0.639342785666971,0.5236,-0.5964692745227411
8.85423019999871,531,3.7860190868377686,-1.5177946090698242,0.4771263301372528,0.6862395001907168,3.6739304699212516,-1.4343969886158885,0.9283286665751257,0.781892462226052,0.13971049044233008,-0.451202336437873,-0.09565296203533524,0.6295236673337027,0.5236,-0.49095591666341637
8.98758389998693,539,3.8551928997039795,-1.4688197374343872,0.6994434595108032,0.6729581446849024,3.6953637353256,-1.3974231861250106,1.1421795508881118,0.781892462226052,0.17505093351582998,-0.4427360913773084,-0.10893431754114957,0.622622745587684,0.5236,-0.3450460873009335
9.15414790000068,552,3.9229841232299805,-1.3894535303115845,0.9735240936279297,0.6603378624167238,3.7226504327336025,-1.3226525468525547,1.2483917020925872,0.781892462226052,0.21117755311346922,-0.27486760846465774,-0.12155459980932826,0.6205639193416987,0.5236,-0.10294131229926329
9.25425619998714,564,3.952155351638794,-1.3345943689346313,1.1363478899002075,0.6492015187706157,3.7542708807935647,-1.24130262483973,1.1261072267035908,0.781892462226052,0.2187729720919952,0.010240663196616762,-0.1326909434554363,0.6242077824098456,0.4008052632784104,0.18219315340734563
9.387544600002002,581,3.9767675399780273,-1.2556090354919434,1.3405077457427979,0.6425491610657608,3.8412145854120805,-1.1191785630832012,0.7850254779529401,0.781892462226052,0.19232232655942527,0.5554822677898579,-0.13934330116029126,0.6328444612395041,-0.17981972896326887,0.4318339414829236
9.487569499993697,588,3.987196207046509,-1.1937826871871948,1.4049359560012817,0.6384508089135703,3.8927350651429187,-1.073584185562388,0.6701685183410495,0.781892462226052,0.15287441618066405,0.7347674376602322,-0.1434416533124817,0.6383532344327114,-0.4467437622965499,0.27543865966036385
9.58752669999376,593,4.00063419342041,-1.1317788362503052,1.319471836090088,0.6374697838535999,3.9376787526561876,-1.0404520069168262,0.6045610050131187,0.781892462226052,0.11092329456847168,0.7149108310769692,-0.14442267837245215,0.6414536064751131,-0.5111693033144921,0.1550186021200801
9.68754260003334,598,4.022469997406006,-1.071743369102478,1.1697628498077393,0.6376808737051178,3.983724173221127,-1.010165517190493,0.5628130494508369,0.781892462226052,0.07275349295985661,0.6069498003569023,-0.1442115885209342,0.643674894681676,-0.5111875249736099,0.11106441032815048
9.787798099976499,603,4.053814888000488,-1.0157663822174072,1.0056246519088745,0.638364190605584,4.032917684389944,-0.9801190768845379,0.5315258440212878,0.781892462226052,0.04132098130774911,0.47409880788758674,-0.143528271620468,0.6459945613419021,-0.49082819792452465,0.11598333301130259
9.921020200010389,610,4.109172344207764,-0.9502885937690735,0.7882596850395203,0.6390045981767996,4.104669637701803,-0.9411270949903672,0.46125627680958053,0.781892462226052,0.010208203845489148,0.32700340822993956,-0.14288786404925247,0.6495236583012545,-0.4399729120185344,0.17645484796761463
10.020946600008756,615,4.159280776977539,-0.909417450428009,0.6349395513534546,0.6404153393187377,4.161618575456495,-0.9147829940505139,0.40630776409037345,0.781892462226052,0.005852722451407539,0.22863178726308098,-0.1414771229073143,0.6541447170275978,-0.37766236276152093,0.23105293631716822
10.1209499000106,619,4.215028285980225,-0.8758693337440491,0.4985074996948242,0.6431970682619261,4.220715685437849,-0.8910666798617195,0.35902512820486815,0.781892462226052,0.016226701501255814,0.13948237148995624,-0.1386953939641259,0.6596347338197203,-0.2997744012766451,0.27450083960612115
10.220841100031976,624,4.274929046630859,-0.8492056131362915,0.3832009434700012,0.6462058475826764,4.2817155517214385,-0.8695520923671495,0.3207369895940948,0.781892462226052,0.021448446760457755,0.06246395387590642,-0.1356866146433756,0.6657026527981973,-0.21505373944330514,0.3033959489238509
10.320864100009203,628,4.337714672088623,-0.8283828496932983,0.2934267818927765,0.6495804250713317,4.344174045904017,-0.8498854517935006,0.2907202471102984,0.781892462226052,0.022451846408850725,0.002706534782478176,-0.13231203715472029,0.6720028872953857,-0.13460565024332136,0.3150117248594191
10.420847100031096,632,4.402434349060059,-0.8119551539421082,0.23063169419765472,0.6543171807971613,4.4078412414867065,-0.8316759792951985,0.26757970023433514,0.781892462226052,0.020448604801316776,-0.03694800603668025,-0.12757528142889074,0.6782151535316527,-0.06779044356470963,0.31061331181335117
10.554336300003342,636,4.490534782409668,-0.7945767641067505,0.17774230241775513,0.6590704359003535,4.4941679729805974,-0.809110841433583,0.2452800513263842,0.781892462226052,0.014981304264550485,-0.06753774890862907,-0.1228220263256985,0.6841864213952988,0.0015938620947418313,0.29856339318230285
10.654323700000532,640,4.557631015777588,-0.7834026217460632,0.16259951889514923,0.6645375289665663,4.559919648263598,-0.7930723133554763,0.23370426453375026,0.781892462226052,0.009936839259904328,-0.07110474563860114,-0.11735493325948576,0.689831484058005,0.032908606919686625,0.28225313313530653
10.75422579998849,644,4.625315189361572,-0.7721898555755615,0.16674765944480896,0.6699209371594563,4.6265389687770195,-0.7775128734981746,0.22594160258922072,0.781892462226052,0.00546188208057735,-0.059193943144411953,-0.11197152506659569,0.6951803780369289,0.04415042412321804,0.26744469894619616
10.854533199977595,647,4.693423271179199,-0.7601638436317444,0.1794312447309494,0.675246041615055,4.693882700713096,-0.7622071295546144,0.22149982500763,0.781892462226052,0.0020943000881477017,-0.04206858027668048,-0.10664642061099705,0.7002603706156033,0.04592902047148961,0.25399962893372363
10.954296100011561,651,4.761858940124512,-0.7470194101333618,0.19502413272857666,0.680758868665177,4.761846436392079,-0.7469635746166187,0.22033174102054628,0.781892462226052,5.7218425832242196e-05,-0.02530760829196943,-0.10113359356087503,0.7050739865242502,0.044560579912422245,0.24068079543234897
11.054176400008146,654,4.830564975738525,-0.7326825261116028,0.21098287403583527,0.6859969996310011,4.830314456400709,-0.7315766582869828,0.22235573554966517,0.781892462226052,0.0011338887000714708,-0.011372861513829768,-0.09589546259505088,0.7096324836914362,0.043956332856226986,0.22792485835929793
11.15429460001178,658,4.899497985839844,-0.7171623706817627,0.22665557265281677,0.6911990659031124,4.899188635103625,-0.7158255336405562,0.22786193051608852,0.781892462226052,0.0013721629468618215,-0.0012063578632717231,-0.0906933963229396,0.7139261369809458,0.0464522562695286,0.2146826644754768
11.254241999995429,661,4.968613624572754,-0.7004556059837341,0.24258127808570862,0.6960809253201229,4.968373609652511,-0.6994638301508161,0.23725378654581541,0.781892462226052,0.0010204050493305252,0.005327491539893092,-0.08581153690592913,0.7179490157600922,0.05347340076224061,0.20114393895732102
11.354184299998451,665,5.037845611572266,-0.6824870109558105,0.2600356340408325,0.7004175671312117,5.037771776598459,-0.68220049543338,0.25126167196763877,0.781892462226052,0.0002958762375567129,0.008773962073193697,-0.0814748950948403,0.7216971811025465,0.0655279688905396,0.18740826712271985
11.454252700030338,669,5.107094764709473,-0.663072407245636,0.2807161211967468,0.7056619530040107,5.107261217623031,-0.6636688357960424,0.2710488755886741,0.781892462226052,0.000619220145159994,0.00966724560807286,-0.07623050922204133,0.7250991464168715,0.08107600687467995,0.1700982657162477
11.554318399983458,674,5.176208972930908,-0.6419099569320679,0.30627867579460144,0.7099120763905122,5.176669632160753,-0.6434110395031714,0.29827820855973086,0.781892462226052,0.001570176999994421,0.008000467234870356,-0.07198038583553978,0.7281999919923278,0.09725645363770347,0.1550422787728169
11.65476220002165,678,5.2449822425842285,-0.6186174750328064,0.3376787006855011,0.7139250690443597,5.2457650927723884,-0.620842651543764,0.33517855888567843,0.781892462226052,0.0023588694160591546,0.0025001417998224973,-0.06796739318169231,0.7310465036144442,0.11021149033453051,0.14232558110582466
11.754539799992926,683,5.313171863555908,-0.5928068161010742,0.37471404671669006,0.7176297052281163,5.3141534578490965,-0.5952076302291572,0.3843134713167666,0.781892462226052,0.0025937301004582054,-0.009599424600076567,-0.06426275699793571,0.7337152627904429,0.11698874031646214,0.13343795879993225
11.854312099982053,689,5.380529880523682,-0.564179003238678,0.41587570309638977,0.7212605551856583,5.381250393116596,-0.5656907676554266,0.4462340280471768,0.781892462226052,0.0016746850594351029,-0.03035832495078683,-0.06063190704039367,0.7339237836986284,-0.014397196231678991,0.010426045409280323
11.987582200032193,697,5.468720436096191,-0.5218358635902405,0.4570322036743164,0.724331812500374,5.467448201575787,-0.519665404154574,0.5317651984159817,0.781892462226052,0.0025158447560972006,-0.07473299474166506,-0.05756064972567798,0.7297829007957807,-0.200355692683723,-0.2070441451423873
12.121065100014675,705,5.556832313537598,-0.4795980751514435,0.4273778200149536,0.7264394068313499,5.54972328891891,-0.46857548907524893,0.5719901903060741,0.781892462226052,0.013116235543639063,-0.1446123702911204,-0.05545305539470213,0.7222691990503116,-0.2638914991926486,-0.3756850872734552
12.287608699989505,716,5.670656681060791,-0.4376741349697113,0.2981337010860443,0.7265164082930375,5.648033396257941,-0.40385053566651485,0.5894584947419288,0.781892462226052,0.04069212313328043,-0.2913247936558845,-0.05537605393301448,0.7103595412251877,-0.26244916622100584,-0.5954828912561934
12.420953600027133,727,5.764212131500244,-0.41684314608573914,0.17176134884357452,0.7240538085539787,5.721585771727332,-0.3542529118310377,0.5980490951136893,0.781892462226052,0.07572677182838411,-0.4262877462701149,-0.057838653672073304,0.6943874874340974,-0.1921323922122132,-0.7986026895545172
12.554305800003931,738,5.857908725738525,-0.40777185559272766,0.05630882829427719,0.7197350540310208,5.785863941234583,-0.30935767035726114,0.630084222566135,0.781892462226052,0.12196640041331161,-0.5737753942718578,-0.06215740819503124,0.6743874874340974,0.022488557766403093,-1.0
12.687642299977597,749,5.94981050491333,-0.4071269929409027,-0.007870868779718876,0.7120948205775607,5.83148307985252,-0.27342094368461334,0.7190554597618063,0.781892462226052,0.1785460364422772,-0.7269263285415253,-0.06979764164849134,0.6543874874340974,0.20382976610617973,-1.0
12.854518999985885,759,6.0615363121032715,-0.40673282742500305,0.024470189586281776,0.7016165469650901,5.866791281458761,-0.23809744381706877,0.8562958659133417,0.781892462226052,0.2576111790379571,-0.83182567632706,-0.0802759152609619,0.6343874874340973,0.13173248262355577,-1.0
12.98757460003253,766,6.147838592529297,-0.4000081419944763,0.10509053617715836,0.6884990436015908,5.88732534926438,-0.21220644640865122,0.9411628261692444,0.781892462226052,0.32114891683036517,-0.836072289992086,-0.09339341862446127,0.6143874874340973,-0.5236,-1.0
13.121181600028649,772,6.231103897094727,-0.3896923363208771,0.09325969964265823,0.6736077681134721,5.906288729823127,-0.18425134938977436,1.0041606576712918,0.781892462226052,0.38433174732371844,-0.9109009580286336,-0.1082846941125799,0.5943874874340973,-0.5236,-1.0
13.254276100022253,776,6.312149524688721,-0.3929111361503601,-0.11945834010839462,0.6567974610673566,5.919866242231732,-0.1620280110358732,1.038660168383806,0.781892462226052,0.4551847879244881,-1.1581185084922005,-0.12509500115869543,0.6143874874340973,-0.5235999999999998,0.9999999999999983
13.387659500003792,779,6.389444828033447,-0.41266700625419617,-0.3286859691143036,0.641635651619999,5.927268369836353,-0.14922304112986198,1.0544208672701056,0.781892462226052,0.5319866551634933,-1.3831068363844092,-0.140256810606053,0.5943874874340973,0.5236,-1.0
13.48753330000909,779,6.445380687713623,-0.4363778233528137,-0.3840457797050476,0.6332114549820967,5.928866504305001,-0.14639743988734621,1.0575869970589098,0.781892462226052,0.5923474693598814,-1.4416327767639574,-0.14868100724395528,0.5743874874340973,0.5236,-1.0
13.587541099986993,781,6.501791954040527,-0.45268839597702026,-0.2301812320947647,0.6214709150922062,5.933412595488732,-0.13824548806622988,1.066192114369982,0.781892462226052,0.6495609575422036,-1.2963733464647467,-0.16042154713384582,0.5543874874340973,0.5236,-1.0
13.687691800005268,782,6.5580315589904785,-0.46010324358940125,-0.08155158162117004,0.607735061600214,5.939359121771546,-0.12734065237917724,1.076700012780028,0.781892462226052,0.7024859619119491,-1.158251594401198,-0.17415740062583807,0.5343874874341067,0.5235999999993419,-0.9999999999995278
13.78756520000752,785,6.612757205963135,-0.45933422446250916,0.06184287741780281,0.5924921016015627,5.947896306837759,-0.11122463672866045,1.0906520105861905,0.781892462226052,0.7504800465422338,-1.0288091331683877,-0.18940036062448928,0.5143874874341067,0.5236,-1.0
13.888443100033328,787,6.6648688316345215,-0.45124733448028564,0.2000015825033188,0.5760272149892592,5.956428746778471,-0.09456627926736705,1.103717326635365,0.781892462226052,0.7931637466366256,-0.9037157441320463,-0.20586524723679278,0.49438748743412614,0.523599999999809,-0.9999999999990276
13.987662400002591,790,6.713509559631348,-0.4368051290512085,0.33292344212532043,0.5587822629791241,5.966096563946996,-0.07504878361829231,1.1181505868208679,0.781892462226052,0.8303576576264207,-0.7852271446955474,-0.22311019924692788,0.47438748743414894,0.5235999999998111,-0.9999999999988614
14.087733299995307,793,6.758054733276367,-0.4170161485671997,0.46060726046562195,0.5407873187148082,5.976105274749629,-0.05406930819037397,1.1334475879115042,0.781892462226052,0.862076194213586,-0.6728403274458823,-0.2411051435112438,0.4543874874354092,0.5235999999953256,-0.9999999999369866
14.187736899999436,796,6.798095703125,-0.3928918242454529,0.5830578804016113,0.5223600459250196,5.986534711639435,-0.031254471117428156,1.150847950179297,0.781892462226052,0.8884890646926819,-0.5677900697776854,-0.2595324163010324,0.43438748743540917,0.5236,-1.0
14.287735800025985,799,6.833414554595947,-0.365412175655365,0.7002705335617065,0.5036212685741772,5.996627276955596,-0.008053525530854895,1.1705385315744214,0.781892462226052,0.9099000784918977,-0.4702679980127149,-0.2782711936518748,0.41438748743540915,0.5235999999999998,-0.9999999999999999
14.387574799999129,801,6.863959789276123,-0.33549952507019043,0.8122474551200867,0.4845126095509261,6.003860662014683,0.0094544759344854,1.1871122850796587,0.781892462226052,0.9266950801234597,-0.3748648299595718,-0.2973798526751259,0.39438748743540913,0.5236,-1.0
14.487699299992528,804,6.889819622039795,-0.3039991855621338,0.9189894795417786,0.4652114465097331,6.012612362722697,0.031777774863459354,1.207403804931927,0.781892462226052,0.9392756480135448,-0.2884143253901481,-0.3166810157163189,0.3743874874354091,0.5235999999999998,-1.0
14.58769170002779,806,6.911192893981934,-0.2716676890850067,1.020493507385254,0.4457674399965953,6.019438136616526,0.050177327180113244,1.2229506035568865,0.781892462226052,0.948056307282712,-0.20245709617163232,-0.3361250222294567,0.3638707571790965,0.5236,-0.5258365128156302
14.721018599986564,810,6.933591842651367,-0.22748517990112305,1.1502642631530762,0.4270861342909376,6.029617668113409,0.07928731630986754,1.2455452920800059,0.781892462226052,0.9546091727314928,-0.09528102892692969,-0.3548063279351144,0.3698347009386036,0.5236,0.29819718797535427
14.8876243000268,814,6.952997207641602,-0.16988413035869598,1.3095529079437256,0.4112871515010226,6.04113706391189,0.11490840764544989,1.2702663990727747,0.781892462226052,0.955298755063364,0.039286508870950865,-0.37060531072502945,0.3898347009386036,0.5236,0.9999999999999999
15.021053200005554,817,6.961911678314209,-0.12074204534292221,1.440394401550293,0.401996464255879,6.049490929152627,0.14274786098526343,1.2878364114656013,0.781892462226052,0.9497044562585868,0.1525579900846914,-0.37989599797017304,0.40983470093860364,0.5236,1.0
15.154156500007957,821,6.96423864364624,-0.06818848103284836,1.5782179832458496,0.40005624202915957,6.059202339592203,0.1774720625033873,1.3083166730089213,0.781892462226052,0.9377845244544772,0.26990131023692854,-0.38183622019689245,0.42983470093860365,0.5235999999999998,0.9999999999999999
15.254766800033394,824,6.960906982421875,-0.026690572500228882,1.6872591972351074,0.40395703898787055,6.065395238748936,0.2011796276051773,1.3217034447684641,0.781892462226052,0.9240487601594549,0.3655557524666433,-0.37793542323818147,0.44983470093860367,0.5236,1.0
15.354318600031547,826,6.952553749084473,0.01613088697195053,1.801536202430725,0.4120003829920178,6.071397870755896,0.2254386018862152,1.3351503665203146,0.781892462226052,0.9056740039526565,0.4663858359104105,-0.3698920792340342,0.46983470093858315,0.5235999999993017,0.9999999999989729
15.45422429998871,829,6.9386162757873535,0.05957581847906113,1.9210480451583862,0.42295722092508625,6.078061996470932,0.2541909784534983,1.3509768444225883,0.781892462226052,0.8822860806686689,0.5700712007357982,-0.35893524130096577,0.4898347009385744,0.523599999999448,0.9999999999995636
15.55440850002924,831,6.91861629486084,0.10279455780982971,2.0457944869995117,0.43618045094009966,6.08304352904225,0.2771956340836072,1.3637146535069602,0.781892462226052,0.8535792771519116,0.6820798334925513,-0.34571201128595236,0.5098347009385702,0.52359999999988,0.9999999999997924
15.654396100027952,834,6.892189979553223,0.14479026198387146,2.1757795810699463,0.45109068879796654,6.088266088982812,0.3029734047022487,1.3782034191593542,0.781892462226052,0.819338470029406,0.7975761619105919,-0.3308017734280855,0.5298347009385465,0.5235999999982446,0.9999999999988114
15.754289600008633,836,6.859130859375,0.18442848324775696,2.311000108718872,0.46656220140290006,6.092573128390264,0.3258291106926639,1.3913384728628104,0.781892462226052,0.779490148991172,0.9196616358560616,-0.31533026082315196,0.5498347009385188,0.5235999999892162,0.999999999998621
15.85417890001554,838,6.819430828094482,0.22045627236366272,2.451456308364868,0.4844806915988193,6.095887846987441,0.34472688319635436,1.4024785459766649,0.781892462226052,0.734137337441704,1.048977762388203,-0.29741177062723273,0.5698347009385188,0.5236,1.0
16.02104419999523,840,6.740689754486084,0.26820769906044006,2.693113088607788,0.5008388298781361,6.099738333399508,0.3683701780795417,1.4168104817657465,0.781892462226052,0.6487304882585316,1.2763026068420418,-0.2810536323479159,0.5898347009385189,-0.5236,1.0
16.154372000019066,841,6.668722152709961,0.29443493485450745,2.790822982788086,0.5192657269418112,6.101370723207828,0.37912374920149217,1.4235027763960095,0.781892462226052,0.5736373766009427,1.3673202063920762,-0.26262673528424085,0.6098347009385189,-0.5236,1.0
16.287532399990596,843,6.598513126373291,0.3310354948043823,2.5831854343414307,0.5374553043526578,6.104208852394663,0.39916254480379565,1.4362970896314446,0.781892462226052,0.4989769636117092,1.1468883447099856,-0.24443715787339426,0.6298347009385189,-0.2555821858168745,1.0
16.387648299976718,845,6.5497026443481445,0.36863958835601807,2.449920415878296,0.5568989639535382,6.107207693776563,0.4226498524481459,1.4518471490543634,0.781892462226052,0.44577896979181025,0.9980732668239325,-0.2249934982725138,0.6498347009385189,0.0752552727115631,1.0
16.521104399987962,848,6.487788677215576,0.4263315796852112,2.3775827884674072,0.5764178810167889,6.111264605026315,0.4610063295511301,1.478772536181059,0.781892462226052,0.3781173299602231,0.8988102522863484,-0.2054745812092631,0.6698347009385189,0.15153118284717634,1.0
16.621002900006715,851,6.439516544342041,0.4708210527896881,2.410799503326416,0.5963866356360841,6.113806298266695,0.4925715731924112,1.5024785563992245,0.781892462226052,0.3264356744233871,0.9083209469271916,-0.18550582658996795,0.689834700938519,-0.01325724460733947,1.0
16.720974199997727,854,6.387909412384033,0.5145594477653503,2.4431090354919434,0.6164569253041973,6.11562299985826,0.5253476793436882,1.5287726318040096,0.781892462226052,0.2725000484160383,0.9143364036879333,-0.16543553692185475,0.7098347009322085,-0.1468261885526144,0.9999999996844755
16.820950200024527,858,6.334951877593994,0.5597958564758301,2.422689914703369,0.6364447948973122,6.116588223779101,0.562081070750427,1.5605010746087573,0.781892462226052,0.21837561107337797,0.8621888400946123,-0.14544766732873982,0.7287506168448601,-0.1739541767317945,0.9457957956325818
16.921001599985175,861,6.282806873321533,0.6088699102401733,2.366821050643921,0.6563460041164755,6.116223437055486,0.6035781241209623,1.599477216913703,0.781892462226052,0.1666674660470236,0.7673438337302176,-0.12554645810957654,0.7428124466697349,-0.14597037020289724,0.7030914912437383
17.02098010003101,866,6.232570171356201,0.6622941493988037,2.306492805480957,0.6754761663313487,6.113556240178705,0.6529970476771515,1.650708004488344,0.781892462226052,0.11937651324588291,0.6557848009926133,-0.10641629589470336,0.7529534719398051,-0.11369834707790553,0.5070512635035095
17.15419239999028,873,6.169216632843018,0.7388390898704529,2.2380080223083496,0.692828765624065,6.104301834042719,0.7278148050918518,1.739042903049265,0.781892462226052,0.06584425531633688,0.4989651192590845,-0.08906369660198699,0.7593344617141673,-0.0725314049614357,0.31904948871810984
17.28781509998953,881,6.1097259521484375,0.8199589848518372,2.1860225200653076,0.7082142690527078,6.084857338713207,0.8127157557174329,1.8549202253216877,0.781892462226052,0.02590197487614406,0.3311022947436202,-0.07367819317334423,0.763302376926995,-0.017390436845355736,0.19839576064138686
17.387542899989057,887,6.066827774047852,0.8827732801437378,2.165452003479004,0.7214134209141141,6.061290418806725,0.8805065019210684,1.9560900780476642,0.781892462226052,0.005983359138243412,0.2093619254313399,-0.06047904131193793,0.7659215247110448,0.032580297866384465,0.13095738920249045
17.4879197999835,894,6.024162292480469,0.9461713433265686,2.165187120437622,0.7320201640110252,6.029331344925182,0.948913992685139,2.057606029784689,0.781892462226052,0.005851600522956085,0.10758109065293286,-0.04987229821502681,0.7675346026584945,0.08505723288271162,0.08065389737248574
17.588529000000563,902,5.9805731773376465,1.0092136859893799,2.1843860149383545,0.7406144909412689,5.990253271403553,1.0154207054538293,2.143582910244109,0.781892462226052,0.011499187438982515,0.04080310469424564,-0.041277971284783166,0.7682703932418183,0.1369070390482318,0.0367895291661902
17.68753029999789,909,5.934874057769775,1.070904016494751,2.2236766815185547,0.7473829993365071,5.94482567919704,1.0789512208568004,2.243956838136276,0.781892462226052,0.012798135296838141,-0.020280156617721534,-0.03450946288954493,0.7683170747855865,0.1826348802238419,0.0023340771884117206
17.787901200004853,916,5.885982990264893,1.1301548480987549,2.2821238040924072,0.7526438568416045,5.8927767024068345,1.137041893389329,2.3594611022658967,0.781892462226052,0.009673981471038028,-0.07733729817348944,-0.029248605384447512,0.7678998203228206,0.21679672440828404,-0.02086272313830001
17.88764730002731,923,5.8330979347229,1.1858470439910889,2.356644630432129,0.7563859495208141,5.834986634064704,1.1882504484921594,2.4721509840087146,0.781892462226052,0.003056720203010786,-0.11550635357658567,-0.02550651270523796,0.7672904523256302,0.236221811375534,-0.030468399859518713
17.987617600010708,930,5.775837421417236,1.2369505167007446,2.442345142364502,0.7590607486683267,5.772932836562451,1.2324398593572132,2.5713394579454545,0.781892462226052,0.005364945745242957,-0.12899431558095253,-0.022831713557725286,0.7667326636409226,0.2398536953391716,-0.027889434235377097
18.08767470001476,936,5.714266300201416,1.2826670408248901,2.5334126949310303,0.7609453679561048,5.7077655592591405,1.2704092599317067,2.653467280245063,0.781892462226052,0.013874899106799626,-0.1200545853140329,-0.02094709426994723,0.7664139700512366,0.22869271482255596,-0.015934679484305103
18.187683399999514,943,5.648823261260986,1.322553277015686,2.6239254474639893,0.7621306047885371,5.64016332169305,1.303394112831627,2.7193273189520775,0.781892462226052,0.021025416180233677,-0.09540187148808821,-0.019761857437514907,0.7664547995042275,0.20513120966955567,0.002041472649545739
18.321013299981132,951,5.556647777557373,1.3665555715560913,2.737767457962036,0.7625703479601618,5.547168831308026,1.3413580559908314,2.784873274994035,0.781892462226052,0.026921463791174632,-0.047105817031998676,-0.019322114265890256,0.7670219388241427,0.1570241731142243,0.028356965995764066
18.42096890002722,957,5.484735012054443,1.39308762550354,2.810248613357544,0.7636538856064299,5.475906310108918,1.3664311838828216,2.8197881883147478,0.781892462226052,0.028080453306912438,-0.009539574957203811,-0.018238576619622138,0.7678088325179427,0.11450537163774796,0.03934468468999873
18.521442500001285,963,5.411026477813721,1.41531240940094,2.86525559425354,0.7649818840539291,5.403180317455014,1.389610811632202,2.8446210236193905,0.781892462226052,0.026872557753971585,0.02063457063414953,-0.016910578172122936,0.7686813409703379,0.0761322247316192,0.043625422619760185
18.621343299979344,970,5.336582660675049,1.4342149496078491,2.904313802719116,0.7657526506980253,5.329973309176654,1.4113179095686523,2.8607262475418995,0.781892462226052,0.023831868785009626,0.043587555177216686,-0.016139811528026682,0.7695642039983458,0.04625843846193028,0.04414315140039703
18.72137390001444,976,5.261523246765137,1.450924038887024,2.929753065109253,0.7664967856259102,5.256309306943118,1.4321614647703085,2.8700737907104785,0.781892462226052,0.019473555298221066,0.05967927439877441,-0.01539567660014185,0.7703912714801283,0.029460852784088134,0.04135337408912475
18.8222721000202,983,5.186084270477295,1.4662704467773438,2.9454009532928467,0.7672760528774538,5.18233566836818,1.4525267898166114,2.875458003203309,0.781892462226052,0.01424570547311539,0.06994295008953788,-0.014616409348598203,0.7711095954355359,0.02859235385329707,0.03591619777038156
18.921212500019465,990,5.110389709472656,1.4807230234146118,2.956639528274536,0.7681240665024693,5.108205725516281,1.472511743689141,2.881775977631077,0.781892462226052,0.008496758243685223,0.07486355064345895,-0.013768395723582683,0.7716413118475068,0.04302683964438699,0.02658582059854847
19.02127389999805,997,5.03446626663208,1.49430251121521,2.9695215225219727,0.7688900217240888,5.03383197984602,1.4917683141894522,2.8970652219084165,0.781892462226052,0.0026123694785252587,0.07245630061355612,-0.013002440501963197,0.7719097190948745,0.06862398042344105,0.013420362368385109
19.154759099998046,1006,4.9328460693359375,1.5104321241378784,2.9949495792388916,0.7695207501167824,4.93354400502687,1.5141993122706532,2.95780410177623,0.781892462226052,0.0038312949059549585,0.037145477462661614,-0.012371712109269573,0.7718055798000792,0.1118538360342989,-0.005206964739762704
19.25502670003334,1014,4.856285095214844,1.5202183723449707,3.026994466781616,0.7702786604643548,4.85680250507242,1.5252533999782831,3.042900947716045,0.781892462226052,0.005061542870403967,-0.015906480934428924,-0.01161380176169724,0.7715259361853674,0.1396225576674667,-0.013982180735591938
19.387986699992325,1024,4.7537126541137695,1.5282081365585327,3.0881128311157227,0.7704701504323042,4.75369380574223,1.5289334908519163,3.1675994641214285,0.781892462226052,0.0007255991400489025,-0.0794866330057058,-0.011422311793747864,0.7713021281520367,0.15595345878862885,-0.011190401666532157
19.488451300014276,1031,4.6765875816345215,1.5295099020004272,3.1440685431109827,0.770653367895781,4.677182729924424,1.523800464154483,3.2464277905858947,0.781892462226052,0.005740372984717614,-0.10235924747491199,-0.011239094330271038,0.7712532542605359,0.14531953526832292,-0.002443694575036925
19.62129310000455,1040,4.57391357421875,1.5241398811340332,3.2228925863849085,0.7707564933866413,4.57651784050092,1.5092508456988694,3.316763587187376,0.781892462226052,0.01511507787138439,-0.09387100080246746,-0.011135968839410704,0.7714259463582662,0.09305001967080975,0.008634604886514434
19.721414700034074,1047,4.497310638427734,1.515181064605713,3.2722161451922815,0.7706038506755207,4.501379394352245,1.4948813778789516,3.339870348052045,0.781892462226052,0.02070343101946849,-0.06765420285976331,-0.011288611550531291,0.7714899501992981,0.027944683275029362,0.0032001920515922705
19.854720400006045,1056,4.395746231079102,1.498952865600586,3.3117011229144495,0.7709613706218628,4.4002426442411355,1.474799563035776,3.3262658997094237,0.781892462226052,0.024568267259026794,-0.014564776794974144,-0.010931091604189258,0.7707561593558249,-0.08316531630600925,-0.03668954217366371
19.954925700032618,1064,4.319767475128174,1.485711932182312,3.308204476033346,0.771029282651894,4.323042623900582,1.462111337947055,3.2763135824136747,0.781892462226052,0.023826763266097544,0.031890893619671346,-0.010863179574158055,0.7691188890694096,-0.16682937722327668,-0.08186351432075978
20.05466379999416,1072,4.243524551391602,1.4748362302780151,3.2654534021960657,0.7707810047828577,4.244472904997188,1.4548247384390784,3.1844369993591854,0.781892462226052,0.020033950688295585,0.08101640283688027,-0.011111457443194306,0.7667758478200224,-0.232840486248877,-0.1171520624693613
20.187940999981947,1083,4.141329288482666,1.4678417444229126,3.171541992818014,0.7698680340532671,4.140076626308892,1.4595197506640127,2.9985656657095645,0.781892462226052,0.008415743736876228,0.17297632710844946,-0.012024428172784929,0.7639640938840161,-0.29962563640559414,-0.1405876968003147
20.321268900006544,1095,4.039362907409668,1.472585678100586,3.0441224575042725,0.7686441539966393,4.0431281673735215,1.4834781851299579,2.8073881643691663,0.781892462226052,0.011524924814519001,0.2367342931351062,-0.013248308229412697,0.7609737832226802,-0.3374774532305347,-0.1495155330667939
20.42138040001737,1103,3.964276075363159,1.4858825206756592,2.925018072128296,0.7670649562079,3.9752468882218768,1.5105955510150144,2.7260871623326093,0.781892462226052,0.027038724143991996,0.19893090979568662,-0.01482750601815197,0.7582466162727606,-0.34520178816751257,-0.13635834749597883
20.521398500015493,1112,3.89176344871521,1.5085042715072632,2.7957892417907715,0.7649515357777026,3.9089773897876174,1.5420811048750958,2.6707758061327658,0.781892462226052,0.03773226081558739,0.1250134356580057,-0.016940926448349436,0.7561417627179308,-0.3417077504469998,-0.10524267774149146
20.621321799990255,1121,3.8230373859405518,1.5402588844299316,2.665476083755493,0.7628344195360057,3.844607434743748,1.57715982958404,2.612922183533681,0.781892462226052,0.04274279773995601,0.05255390022181228,-0.019058042690046295,0.7547982131676442,-0.3304740413460331,-0.0671774775143299
20.754532799997833,1135,3.739025592803955,1.5957067012786865,2.4947121143341064,0.760427157497801,3.764091185667523,1.6296068606444365,2.507634798780274,0.781892462226052,0.04216046430751686,-0.012922684446167398,-0.021465304728251033,0.7543815199346757,-0.3018111989430682,-0.020834661648420016
20.854956700000912,1146,3.682760000228882,1.645939588546753,2.3736178874969482,0.7586464171935324,3.709242056033516,1.674595119087016,2.3976190662039625,0.781892462226052,0.03901844064264643,-0.024001178707014237,-0.02324604503251959,0.7544834367261093,-0.2725451109767001,0.005095839571680805
20.954674899985548,1158,3.6325759887695312,1.7022254467010498,2.26345157623291,0.7576187686543598,3.660033894646053,1.7257336027662435,2.2773800950823047,0.781892462226052,0.036146507392961755,-0.0139285188493945,-0.02427369357169218,0.7549065656378784,-0.24204807836205341,0.021156445588456252
21.054650000005495,1169,3.5884151458740234,1.7633848190307617,2.1644535064697266,0.7562860655267795,3.6164048003431684,1.7827449616413682,2.175502366060749,0.781892462226052,0.03403286469289861,-0.01104885959102253,-0.02560639669927256,0.755574845210995,-0.21391211725422354,0.033413978655830595
21.155835499987006,1179,3.549840211868286,1.8286765813827515,2.0761921405792236,0.7561837610808806,3.5771420201861277,1.8446995169196985,2.0999027886078925,0.781892462226052,0.03165632955106012,-0.023710648028668846,-0.02570870114517143,0.7563995055639794,-0.18953402765970842,0.04123301764921816
21.255269500019494,1188,3.516798973083496,1.896639108657837,1.9984217882156372,0.7560573273460554,3.5419048496702445,1.9093398261040342,2.041510721927925,0.781892462226052,0.028135622666598015,-0.04308893371228795,-0.02583513487999667,0.7573155631619808,-0.17034531779167952,0.0458028799000722
21.355193900002632,1197,3.488692045211792,1.9668821096420288,1.929132103919983,0.7561327369851534,3.5100910306572133,1.9763829990084794,1.985308081639479,0.781892462226052,0.02341331836470186,-0.05617597771949612,-0.025759725240898645,0.7582874920756244,-0.1558198565808316,0.0485964456821833
21.488396300002933,1208,3.4583654403686523,2.063201427459717,1.8449375629425049,0.7563496336615576,3.4745549782048863,2.0684944943845487,1.8871570429659887,0.781892462226052,0.017032841595623488,-0.04221948002348386,-0.025542828564494413,0.7592297446012591,-0.1392324331986714,0.0471126262817345
21.588345199998002,1217,3.44067120552063,2.13696026802063,1.7879347801208496,0.7568596245243445,3.454246737529466,2.140254052146497,1.807621179767071,0.781892462226052,0.013969398096938347,-0.019686399646221098,-0.0250328377017075,0.7601463361660614,-0.12879671086385436,0.045829578240113786
21.72186510002939,1227,3.4232025146484375,2.236684560775757,1.7187631130218506,0.7574157128748517,3.4351951031387644,2.238518066724745,1.7211585230880602,0.781892462226052,0.01213193812889334,-0.002395410066209358,-0.024476749351200366,0.7610627318293232,-0.11721801539160187,0.0458197831630867
21.855151800031308,1236,3.412323236465454,2.3374669551849365,1.6549420356750488,0.7580769398200988,3.4235420480529206,2.338449355524051,1.655219114857888,0.781892462226052,0.011261742487793127,-0.0002770791828394792,-0.023815522405953193,0.7619808302810802,-0.10740254792620277,0.0459049225878538
21.98828930000309,1245,3.407526969909668,2.4388468265533447,1.5966962575912476,0.7588024508936192,3.4178327624996068,2.439173539868999,1.6009896663304937,0.781892462226052,0.010310970007592077,-0.004293408739246107,-0.023090011332432825,0.7628549363908793,-0.10294060837442753,0.043705305489956776
22.122138499980792,1253,3.4083471298217773,2.5404586791992188,1.5426881313323975,0.7595789276699941,3.4173276457025317,2.540273908876671,1.5507527680743802,0.781892462226052,0.00898241646532686,-0.008064636741982767,-0.02231353455605789,0.7636075052052055,-0.10788928863008648,0.037628440716311266
22.2552462000167,1262,3.41454815864563,2.6419975757598877,1.4896924495697021,0.7604232910334483,3.4219826580127397,2.6414396016879946,1.4977955504163694,0.781892462226052,0.007455408500173637,-0.00810310084666721,-0.02146917119260372,0.7641493690659994,-0.12358310480439814,0.027093193039695804
22.388462400005665,1271,3.4263265132904053,2.743133783340454,1.432759165763855,0.7611754935497006,3.432450920684852,2.742290980116133,1.4345397441221126,0.781892462226052,0.006182126107423057,-0.0017805783582574009,-0.02071696867635142,0.7644167657850439,-0.14753595454900748,0.01336983595222592
22.52193749998696,1281,3.444380521774292,2.8433992862701416,1.3667433261871338,0.7618129973650161,3.4501667875001165,2.842107501047555,1.3516229544292564,0.781892462226052,0.005928708131721858,0.015120371757877393,-0.020079464861035956,0.7643114275690802,-0.17814494888343457,-0.005266910798182853
22.621832499979064,1290,3.46276593208313,2.9175822734832764,1.3064559698104858,0.7623876186429044,3.4694911060190923,2.91552897343632,1.273099231022637,0.781892462226052,0.007031643161578838,0.03335673878784906,-0.019504843583147635,0.7638256586085493,-0.20347777644727716,-0.024288448026541648
22.721861099998932,1298,3.486131429672241,2.990325450897217,1.2351622581481934,0.7627590412896657,3.494683365881165,2.986902479543198,1.19138894720382,0.781892462226052,0.009211533304067016,0.0437733109443732,-0.01913342093638637,0.7629467054310416,-0.22793435580526666,-0.043947658875388596
22.821803800005,1307,3.5150439739227295,3.0609724521636963,1.154371976852417,0.7628141461343193,3.5250909293510797,3.0561109867310177,1.1220310575006214,0.781892462226052,0.011161324273238592,0.032340919351795616,-0.019078316091732717,0.7618387302218409,-0.2482187794425108,-0.05539876046003303
22.921858999994583,1317,3.549923896789551,3.1287600994110107,1.064887285232544,0.7626140487011905,3.560398001253836,3.1226341713855645,1.0398292170929728,0.781892462226052,0.012133995982433164,0.0250580681395709,-0.019278413524861482,0.7607956659595125,-0.2582425674498228,-0.05215321311641838
23.021881700027734,1327,3.5909600257873535,3.192875385284424,0.9691070318222046,0.7621249073623142,3.601530011537797,3.1848704376305426,0.9271677407696995,0.781892462226052,0.013259101994703641,0.041939291052504934,-0.019767554863737824,0.760092254765063,-0.25281796708055143,-0.03517055972247618
23.121779299981426,1339,3.6379902362823486,3.2526137828826904,0.8715904355049133,0.7615098976762606,3.649948225659627,3.2406734500472787,0.7815670378349396,0.781892462226052,0.016898670307675636,0.0900233976699738,-0.02038256454979137,0.7598713602473242,-0.23033749401111484,-0.011044725886944606
23.28831440000795,1360,3.728304147720337,3.3412601947784424,0.7143093943595886,0.7606584658114519,3.744995453437557,3.3175202646851756,0.6126143823041162,0.781892462226052,0.029020406051240965,0.10169501205547249,-0.02123399641460011,0.7603536228156937,-0.15724151375938497,0.024113128418478208
23.38859520002734,1371,3.7883784770965576,3.3877923488616943,0.6360388398170471,0.7604130363350317,3.80724647556947,3.3605720360668028,0.6056536403472988,0.781892462226052,0.03312018712244192,0.03038519946974816,-0.021479425891020365,0.7612520245068205,-0.10461893177757718,0.04492008455633814
23.48860350000905,1381,3.8512208461761475,3.4306371212005615,0.5829135179519653,0.7603181032389743,3.8698635952461156,3.4047379836054508,0.6236718367985725,0.781892462226052,0.03191108617794568,-0.04075831884660719,-0.021574358987077713,0.762419669958532,-0.06240364224577925,0.05838227258558008
23.62266200000886,1393,3.9377219676971436,3.483797550201416,0.5351645350456238,0.7605902790538982,3.9517893464312746,3.4647294230098575,0.6356327468825181,0.781892462226052,0.02369566667226168,-0.10046821183689447,-0.02130218317215382,0.7636560478599083,-0.017388851889282762,0.06181889506880759
23.72174950002227,1402,4.003875732421875,3.5217807292938232,0.517091691493988,0.7612058990238861,4.012849444618317,3.509204028933123,0.6190171908363324,0.781892462226052,0.015449948302418894,-0.1019254993423444,-0.020686563202165886,0.7647728077699443,0.0034201815158876594,0.0558379955017997
23.821821000019554,1410,4.070423603057861,3.5593152046203613,0.5131011009216309,0.7618947571375156,4.075112749451399,3.5523950362633006,0.5945556479016849,0.781892462226052,0.00835923584965088,-0.08145454698005405,-0.019997705088536377,0.7657750041498298,0.01053605201358149,0.05010981899427491
23.92181430000346,1418,4.137037754058838,3.5969512462615967,0.5153184533119202,0.7626924581592098,4.138684138778519,3.594406104055985,0.5740708097700983,0.781892462226052,0.0030312260707485105,-0.05875235645817822,-0.01920000406684219,0.7666989404833713,0.008835455742872032,0.04619681667707276
24.02180980000412,1425,4.203598499298096,3.6348791122436523,0.5191375017166138,0.7635265615189909,4.20328874359312,3.635376213693109,0.556628033563342,0.781892462226052,0.0005857119153788549,-0.03749053184672846,-0.018365900707061122,0.7675650237469648,0.001298635497920897,0.04330416317967259
24.121902399987448,1432,4.270118713378906,3.673060417175293,0.5215620398521423,0.7644545856830043,4.268731250158222,3.675370553918328,0.5406712851517151,0.781892462226052,0.0026947701126947094,-0.01910924529957292,-0.017437876543047737,0.7683718838777176,-0.0099400469452939,0.04034300653763916
24.288472999993246,1442,4.38104772567749,3.7368359565734863,0.5209537744522095,0.7652837278121787,4.379366244162364,3.739818008821204,0.5139493424560794,0.781892462226052,0.003423450845831981,0.0070044319961302115,-0.01660873441387334,0.7690892790453084,-0.03631515929664435,0.03586975837954208
24.455082700005732,1453,4.492427825927734,3.8000850677490234,0.5112065672874451,0.7660619805487041,4.4918718615119255,3.8011436977344117,0.483171317306514,0.781892462226052,0.0011957398871029262,0.0280352499809311,-0.015830481677347907,0.7687932615378201,-0.003933857377687836,-0.01480087537441662
24.621951100009028,1463,4.605025768280029,3.861316204071045,0.4920812249183655,0.7667657014967919,4.606362831660224,3.8585188874481378,0.4441108387471622,0.781892462226052,0.003100438480513791,0.047970386171203305,-0.015126760729260114,0.7658613622550611,0.12232313362187583,-0.14659496413795406
24.755054600012954,1471,4.69514799118042,3.909947633743286,0.5061816573143005,0.7671513938511915,4.699175961097498,3.9004989170238407,0.40391287967597,0.781892462226052,0.010271455072053504,0.10226877763833064,-0.014741068374860555,0.7609527956726995,0.17030895575375596,-0.2454283291180793
24.9216837999993,1482,4.803518772125244,3.9770143032073975,0.5902377963066101,0.7663897109179859,4.814516213184932,3.9457469006118617,0.34106716381642316,0.781892462226052,0.033145047517429006,0.24917063249018678,-0.01550275130806611,0.753400624830576,0.17876162231779807,-0.37760854210617384
25.08846400002949,1493,4.903841972351074,4.054093360900879,0.6990811228752136,0.7642044984165844,4.924459191315669,3.9806024113588645,0.27265716252744027,0.781892462226052,0.07632816899691061,0.4264239603477735,-0.017687963809467577,0.7424910185379646,0.07730457701030566,-0.5454803146305696
25.222039200016297,1501,4.976931095123291,4.12244176864624,0.7759866118431091,0.7608629768081964,5.005247392254546,4.001225801532438,0.22942758978304092,0.781892462226052,0.12447940940798204,0.5465590220600682,-0.021029485417855653,0.7272462078083964,-0.11586661646824008,-0.7622405364784086
25.3550376999774,1508,5.0459699630737305,4.192681312561035,0.7906427383422852,0.7554161279121316,5.079911800273803,4.01717930455442,0.18956939706434536,0.781892462226052,0.17875402968008886,0.6010733412779397,-0.02647633431392038,0.7072462080993823,-0.18142215603977527,-0.9999999854507078
25.488489600014873,1515,5.116164207458496,4.258584499359131,0.7271252870559692,0.7469505435896345,5.1491862396602235,4.028842837415957,0.142391654860862,0.781892462226052,0.23210274846098544,0.5847336321951073,-0.03494191863641749,0.6872462080993823,0.07171755716442688,-1.0
25.655247399990913,1523,5.208084583282471,4.331258296966553,0.6497977375984192,0.7359477300966988,5.231183619985601,4.03787625600012,0.07491899253723172,0.781892462226052,0.2942899717255796,0.5748787450611874,-0.04594473212935324,0.6672462080993823,0.5236,-1.0
25.78853550000349,1529,5.278645992279053,4.388607501983643,0.7326700687408447,0.7222851706925866,5.287915509056617,4.040681868419508,0.02350579960942878,0.781892462226052,0.34804909198602135,0.7091642691314162,-0.059607291533465445,0.6472462080993856,0.5235999999999893,-0.9999999999998331
25.922108999977354,1534,5.334982872009277,4.456362724304199,0.9638381600379944,0.7062420909376448,5.3294696006006985,4.040866907030942,-0.01391209445991001,0.781892462226052,0.4155323938433638,0.977750254497904,-0.07565037128840724,0.6672462080993856,0.5236,0.9999999999999999
26.055210400023498,1537,5.373873710632324,4.533949851989746,1.1915175914764404,0.6918718264698968,5.3560724980444405,4.040192510857786,-0.03653254448809729,0.781892462226052,0.4940781265056187,1.228050135964538,-0.09002063575615527,0.6472462080993856,-0.5236,-0.9999999999999998
26.155238899984397,1538,5.393443584442139,4.597017288208008,1.2514901161193848,0.6840039562932201,5.368697200238514,4.039674160856763,-0.04668350473959291,0.781892462226052,0.5578922343399476,1.2981736208589778,-0.09788850593283194,0.6272462080996587,-0.5235999999954298,-0.9999999999863463
26.255161400011275,1540,5.42018461227417,4.655154228210449,1.0837867259979248,0.6727296170608303,5.385193555668806,4.03879606697121,-0.05913651560518698,0.781892462226052,0.6173505948556098,1.1429232416031123,-0.10916284516522168,0.6072462080996587,-0.5236,-1.0
26.354998900031205,1542,5.454952239990234,4.706486701965332,0.9213186502456665,0.6593117431667106,5.404854691523023,4.037495957931907,-0.07265997941976925,0.781892462226052,0.6708639056953506,0.9939786296654356,-0.12258071905934143,0.5872462080996587,-0.5236,-1.0
26.45512639998924,1545,5.496041774749756,4.750214576721191,0.7640858292579651,0.6442142600641851,5.431746429000873,4.0353167489810895,-0.08839646720617964,0.781892462226052,0.7177832511228476,0.852482296464145,-0.13767820216186688,0.5672462080996586,-0.5236,-1.0
26.55516250000801,1549,5.541772365570068,4.785908222198486,0.6120834350585938,0.6280449739414172,5.464744861953213,4.032139042553416,-0.10282499709216752,0.781892462226052,0.75769466970294,0.7149084321507613,-0.1538474882846348,0.5472462080996586,-0.5235999999999998,-1.0
26.655020700010937,1553,5.590541839599609,4.813459873199463,0.4653226435184479,0.6108589897824886,5.501843941916701,4.028112605147206,-0.112086963274764,0.781892462226052,0.7903402105995307,0.577409606793212,-0.17103347244356337,0.5272462080996586,-0.5236,-1.0
26.755183500004932,1558,5.640886306762695,4.833042621612549,0.32379844784736633,0.5930351351539291,5.548190060125156,4.022812584550915,-0.11394521813425619,0.781892462226052,0.8155153628826274,0.4377436659816225,-0.18885732707212288,0.5072462080996586,-0.5236,-1.0
26.855103600013535,1564,5.69150447845459,4.845051288604736,0.18751130998134613,0.5747820966701795,5.604624180125124,4.016573459245273,-0.1044929231862637,0.781892462226052,0.8330208280577293,0.29200423316761004,-0.20711036555587248,0.48724620810045494,-0.5235999999999092,-0.999999999960183
26.95512860000599,1571,5.741281032562256,4.8500518798828125,0.05645902827382088,0.5560463672226508,5.67174021489789,4.010217694045003,-0.08314029013863543,0.781892462226052,0.8427083629722001,0.13959931841245643,-0.22584609500340125,0.48277264621725924,-0.5235999999999761,-0.223678094159786
27.05501260003075,1578,5.78980827331543,4.848677158355713,-0.07071219384670258,0.5381564971509947,5.743090354036059,4.005222636298239,-0.05653740410123869,0.781892462226052,0.8447473555809428,-0.014174789745463823,-0.24373596507505735,0.4958675484821603,-0.5235999999988642,0.654745113245054
27.155151900020428,1584,5.8379034996032715,4.841125965118408,-0.19824618101119995,0.525265373767266,5.810684590852785,4.002210423606094,-0.033189362314616,0.781892462226052,0.8393569888816478,-0.16505681869658417,-0.256627088458786,0.5158675484764315,-0.5235999999915725,0.9999999997135596
27.255067299993243,1590,5.88608455657959,4.826959609985352,-0.32981055974960327,0.5194180403258308,5.872572210587789,4.000711863600253,-0.016087920325944426,0.781892462226052,0.8263582285550592,-0.31372263942365874,-0.2624744219002212,0.5358675484764069,-0.5235999999997673,0.999999999998774
27.35517960001016,1594,5.933740615844727,4.805619239807129,-0.46660900115966797,0.5199878876186489,5.929765953142158,4.000127053759475,-0.005239576685182452,0.781892462226052,0.8055019923795517,-0.4613694244744857,-0.26190457460740313,0.5558675484764004,-0.5235999999998786,0.9999999999996736
27.45514680002816,1598,5.9796342849731445,4.77676248550415,-0.6086456775665283,0.5253055036578123,5.979316138515503,4.0000041002717435,-0.0005192886684433596,0.781892462226052,0.7767584503859774,-0.6081263888980848,-0.25658695856823976,0.5758675484763912,-0.5235999999998167,0.999999999999539
27.555212699982803,1602,6.022375583648682,4.740259170532227,-0.755916953086853,0.5343048984870115,6.022375583648707,4.0,0.0,0.781892462226052,0.7402591705322266,-0.755916953086853,-0.24758756373904056,0.5958675484763059,-0.52359999998848,0.9999999999957345
27.655876700009685,1605,6.060454368591309,4.696242332458496,-0.9084251523017883,0.5460652012335285,6.060454368591308,3.999999999999999,0.0,0.781892462226052,0.696242332458497,-0.9084251523017883,-0.2358272609925235,0.6158675484763059,-0.5236,0.9999999999999999
27.75529960001586,1607,6.092287540435791,4.645151138305664,-1.066167950630188,0.5598865782747511,6.09228754043588,3.9999999999999987,0.0,0.781892462226052,0.6451511383056654,-1.066167950630188,-0.22200588395130094,0.6358675484763059,-0.18237432390389607,1.0
27.85518359998241,1609,6.116991996765137,4.588041305541992,-1.192986011505127,0.5753684424049785,6.116991996765096,4.000000000000001,0.0,0.781892462226052,0.5880413055419913,-1.192986011505127,-0.2065240198210735,0.6558675484763059,0.3428746233122333,1.0
27.955216200032737,1611,6.139520645141602,4.527874946594238,-1.194161295890808,0.5921454090895027,6.139520645141602,4.0,0.0,0.781892462226052,0.5278749465942383,-1.194161295890808,-0.18974705313654927,0.6758675484763059,0.39839951345497154,1.0
28.05513079999946,1613,6.168590068817139,4.468380928039551,-1.0743240118026733,0.6095462839579135,6.168590068817107,4.000000000000001,0.0,0.781892462226052,0.4683809280395499,-1.0743240118026733,-0.17234617826813847,0.6958675484763059,0.19373245711149814,1.0
28.155138200032525,1616,6.205925941467285,4.411276340484619,-0.9620984196662903,0.6275509901845183,6.205925941467271,3.999999999999999,0.0,0.781892462226052,0.41127634048462003,-0.9620984196662903,-0.1543414720415337,0.715867548476306,0.06730053938855828,1.0
28.25602390000131,1619,6.248380184173584,4.355308532714844,-0.9091324210166931,0.6463088557553134,6.248380184173561,4.000000000000002,0.0,0.781892462226052,0.355308532714842,-0.9091324210166931,-0.13558360647073864,0.735867548476306,0.09296041669673574,1.0
28.388398399984,1623,6.309014320373535,4.28073787689209,-0.8736429214477539,0.6649551293484791,6.309014320373535,4.0,0.0,0.781892462226052,0.28073787689208984,-0.8736429214477539,-0.11693733287757291,0.754237799126712,0.19608942084104702,0.9185125325202976
28.488842400023714,1627,6.358187198638916,4.225183486938477,-0.8261898159980774,0.6840151472290033,6.358187198638924,4.0,0.0,0.781892462226052,0.22518348693847656,-0.8261898159980774,-0.09787731499704877,0.7669894497050952,0.24288702067866766,0.6375825289191599
28.588502700033132,1631,6.41238260269165,4.172145843505859,-0.7458422183990479,0.7025777597057141,6.41238260269165,3.9999999999999996,0.0,0.781892462226052,0.17214584350585982,-0.7458422183990479,-0.0793147025203379,0.7750478161860556,0.25648336047854625,0.4029183240480163
28.722149199980777,1636,6.492855072021484,4.10870885848999,-0.6195640563964844,0.7188542088409147,6.492855072021493,4.0,0.0,0.781892462226052,0.10870885848999023,-0.6195640563964844,-0.06303825338513735,0.7787792552549488,0.26738101408338844,0.18657195344466543
28.855281100026332,1642,6.581731796264648,4.055881500244141,-0.4854649603366852,0.7326934601528843,6.581731796264651,4.000000000000001,0.0,0.781892462226052,0.05588150024413974,-0.4854649603366852,-0.04919900207316774,0.7799773529736342,0.26841097310119466,0.059904885934267516
28.95509130001301,1646,6.6529765129089355,4.024409294128418,-0.3811608552932739,0.7441563826749991,6.6529765129089355,4.000000000000001,0.0,0.781892462226052,0.02440929412841708,-0.3811608552932739,-0.03773607955105296,0.7802000958461407,0.2542085396766237,0.011137143625321838
29.05507659999421,1651,6.7271881103515625,4.00047492980957,-0.27832114696502686,0.7529748313611755,6.727188110351561,3.9999999999999996,0.0,0.781892462226052,0.0004749298095707566,-0.27832114696502686,-0.02891763086487653,0.7750216123930972,0.2565370171866411,-0.258924172652176
29.188566500029992,1657,6.828989505767822,3.9802892208099365,-0.14601804316043854,0.7591083362933914,6.828989505767823,4.0,0.0,0.781892462226052,0.019710779190063477,-0.14601804316043854,-0.02278412593266066,0.7587760445722812,0.3135923106305544,-0.8122783910407982
29.321890900027938,1664,6.931509971618652,3.973942279815674,-0.006949020549654961,0.7616591736874143,6.931509971618654,4.0,0.0,0.781892462226052,0.026057720184326172,-0.006949020549654961,-0.020233288538637706,0.7387760445722812,0.4021999965514108,-1.0
29.4550581999938,1670,7.031455039978027,3.9833860397338867,0.16154755651950836,0.7588817934132066,7.031455039978029,3.9999999999999996,0.0,0.781892462226052,0.016613960266112837,0.16154755651950836,-0.023010668812845414,0.7187760445722812,0.5236,-1.0
29.58851109998068,1676,7.125093460083008,4.011132717132568,0.37284132838249207,0.7517038822758373,7.12509346008301,4.0,0.0,0.781892462226052,0.01113271713256836,0.37284132838249207,-0.030188579950214733,0.6987760445722812,0.5236,-1.0
29.75528729998041,1682,7.225638389587402,4.074165344238281,0.6847217082977295,0.7404436284593052,7.225638389587405,4.0,0.0,0.781892462226052,0.07416534423828125,0.6847217082977295,-0.041448833766746795,0.6787760445722811,0.5236,-1.0
29.888559199986048,1686,7.287509441375732,4.1426496505737305,0.926897406578064,0.727686830452999,7.287509441375732,4.0,0.0,0.781892462226052,0.14264965057373047,0.926897406578064,-0.05420563177305304,0.6587760445722811,0.5236,-1.0
30.021927500027232,1689,7.3302435874938965,4.221453666687012,1.1620913743972778,0.7131317975010307,7.3302435874938965,4.0,0.0,0.781892462226052,0.22145366668701172,1.1620913743972778,-0.06876066472502129,0.6787760445722811,0.5236,0.9999999999999999
30.12181610002881,1690,7.349412441253662,4.285097599029541,1.336303472518921,0.7007405639893624,7.34941244125366,4.0,0.0,0.781892462226052,0.285097599029541,1.336303472518921,-0.08115189823668967,0.6587760445722811,-0.5236,-0.9999999999999999
30.25522789999377,1691,7.359765529632568,4.374256134033203,1.4565174579620361,0.6938863356595855,7.3597655296325675,4.0,0.0,0.781892462226052,0.3742561340332031,1.4565174579620361,-0.08800612656646656,0.6387760445722811,-0.5236,-1.0
30.355084699986037,1692,7.374495506286621,4.437710285186768,1.285793662071228,0.6830277137725767,7.374495506286619,4.0,0.0,0.781892462226052,0.4377102851867676,1.285793662071228,-0.09886474845347537,0.6187760445722811,-0.5236,-1.0
30.45523449999746,1693,7.398814678192139,4.495987892150879,1.1203079223632812,0.6698708962471278,7.39881467819214,4.0,0.0,0.781892462226052,0.4959878921508789,1.1203079223632812,-0.11202156597892421,0.5987760445722811,-0.5236,-1.0
30.588575900008436,1696,7.443883419036865,4.564122200012207,0.9060589075088501,0.6550785650422527,7.443883419036866,4.0,0.0,0.781892462226052,0.564122200012207,0.9060589075088501,-0.12681389718379932,0.578776044572281,-0.5236,-1.0
30.72199669998372,1700,7.500268459320068,4.619513034820557,0.6987877488136292,0.6390359581359217,7.5003244675599445,4.0000000293341005,5.834324455917778e-06,0.781892462226052,0.6195130080182214,0.6987819144891732,-0.1428565040901303,0.5587760445723067,-0.523599999999783,-0.9999999999987179
30.82178430003114,1703,7.547482967376709,4.651739597320557,0.549009382724762,0.622008394394884,7.549521291928126,4.000049478006149,0.002823020021465829,0.781892462226052,0.6516933069926403,0.5461863627032963,-0.15988406783116804,0.5387760445723683,-0.5235999999997556,-0.9999999999969211
30.921939600026235,1707,7.597095966339111,4.675867557525635,0.4044651687145233,0.6043131503578226,7.603798691097552,4.000403337582983,0.011052885773502136,0.781892462226052,0.6754974751558455,0.3934122829410214,-0.1775793118682294,0.5187760445865047,-0.5235999999894095,-0.9999999992931783
31.021939099999145,1711,7.647709369659424,4.692168712615967,0.26515957713127136,0.5860047046808626,7.663625896642296,4.001444820041445,0.024225632000417437,0.781892462226052,0.690907252534301,0.2409339451308541,-0.1958877575451894,0.5063787110637034,-0.5235999999926388,-0.6198666761400695
31.121669800020754,1715,7.698350429534912,4.7011399269104,0.130426287651062,0.5680147572654037,7.7253888877698165,4.003422259836256,0.03995026204890363,0.781892462226052,0.6982413774412879,0.0904760256021584,-0.21387770496064828,0.5084513439123879,-0.5235999999969729,0.10363164243422587
31.221835399977863,1719,7.7489800453186035,4.703264236450195,-0.0023244176991283894,0.5525333256769756,7.787426510129052,4.006405053516279,0.05599652775856153,0.781892462226052,0.697918943356423,-0.058320945457690065,-0.22935913654907647,0.5243008343385518,-0.5235999999843894,0.7924745213081978
31.32216929999413,1723,7.800101280212402,4.698547840118408,-0.13682083785533905,0.5425409502823643,7.848850627809605,4.010314506889128,0.07080505216022245,0.781892462226052,0.6899576942530883,-0.20762589001556142,-0.23935151194368776,0.5443008343385518,-0.5236,1.0
31.421998900012113,1726,7.8517680168151855,4.686477184295654,-0.27582934498786926,0.5394528648085521,7.908612689939355,4.014938878299338,0.08339517296792162,0.781892462226052,0.673939918155169,-0.3592245179557909,-0.24243959741749987,0.5643008343385518,-0.5236,1.0
31.52250770002138,1729,7.903056621551514,4.66646671295166,-0.42007187008857727,0.5419482107781225,7.963402339696981,4.019793900631506,0.09292285321077885,0.781892462226052,0.649482356875496,-0.5129947232993564,-0.23994425144792952,0.5843008343385518,-0.5235999999999998,1.0
31.621937300020363,1732,7.952571868896484,4.638133525848389,-0.5695523619651794,0.54903103257357,8.014071484761418,4.024700820269682,0.09983752792282075,0.781892462226052,0.6165078158670391,-0.6693898898880004,-0.23286142965248202,0.6043008343385519,-0.5236,0.9999999999999998
31.721820699982345,1735,7.998752117156982,4.601343154907227,-0.7242677211761475,0.5591089010837237,8.058968830784188,4.029304332324691,0.10435076702356916,0.781892462226052,0.5751995020353151,-0.8286184881997167,-0.22278356114232833,0.6243008343385519,-0.5236,1.0
31.855346800002735,1738,8.051834106445312,4.54003381729126,-0.9369548559188843,0.5709564559587561,8.106176814982213,4.03432741634574,0.10734908142625954,0.781892462226052,0.508617826986429,-1.044303937345144,-0.21093600626729592,0.6443008343385519,0.06762113513711193,1.0
31.988576100033242,1740,8.092960357666016,4.4669880867004395,-1.0931357145309448,0.5852059567497024,8.13958999554393,4.037947973069727,0.10835695269161136,0.781892462226052,0.4315666138997318,-1.201492667222556,-0.19668650547634958,0.6643008343385519,0.5236,1.0
32.121859000006225,1742,8.135120391845703,4.391414642333984,-1.0133790969848633,0.6010704325858087,8.173215182861309,4.04160953136835,0.10841116256096325,0.781892462226052,0.3518733135095672,-1.1217902595458265,-0.1808220296402433,0.6843008343385519,0.4837522432764735,1.0
32.25518869998632,1745,8.192647933959961,4.323431015014648,-0.7842922210693359,0.6172361207543873,8.222308899775735,4.046918665882933,0.10668666619097204,0.781892462226052,0.27809863738512713,-0.8909788872603079,-0.16465634147166475,0.704300834338552,0.23386203998320293,1.0
32.35513689997606,1747,8.246220588684082,4.279857158660889,-0.6464957594871521,0.6353256830933116,8.269737530250138,4.051915274003219,0.10289113773814201,0.781892462226052,0.22915180409918554,-0.7493868972252944,-0.1465667791327404,0.7213681201096107,0.12248034914669347,0.8533642885529387
32.455048999981955,1751,8.304983139038086,4.24002742767334,-0.5768680572509766,0.654045216916532,8.32262336260578,4.0572053330936475,0.09601211333359426,0.781892462226052,0.1836711620097837,-0.6728801705845706,-0.12784724530952007,0.7345170991035564,0.1238999916757322,0.6574489496972865
32.55516709998483,1754,8.36695671081543,4.2022705078125,-0.5322495102882385,0.671962593750097,8.379141225969343,4.062365999819433,0.08531871125214256,0.781892462226052,0.1404340904706476,-0.617568221540381,-0.10992986847595498,0.7442257891538159,0.15413664668205299,0.4854345025129703
32.655198300024495,1758,8.431675910949707,4.166870594024658,-0.4827943742275238,0.6882490937846688,8.438675991666162,4.067008931183433,0.06977789535630667,0.781892462226052,0.1001067072450764,-0.5525722695838304,-0.09364336844138321,0.7511064901241501,0.16765741028528827,0.34403504851671
32.75519739999436,1761,8.49908447265625,4.134816646575928,-0.4235673248767853,0.7029025019782116,8.50213741724724,4.070776427661972,0.04778128705083346,0.781892462226052,0.06411294806217409,-0.4713486119276187,-0.07898996024784044,0.7559200303691358,0.15672174005080108,0.24067701224928767
32.855067100026645,1766,8.56892204284668,4.1067633628845215,-0.3618456721305847,0.7152134189199155,8.569578068133534,4.073018292617806,0.01715149007002511,0.781892462226052,0.033751446435413286,-0.37899716220060986,-0.0666790433061365,0.7593607897215781,0.1251532614898112,0.1720379676221137
32.955138400022406,1771,8.640690803527832,4.082690715789795,-0.3065170347690582,0.7256251403222997,8.64044820312269,4.072808345374723,-0.02477261732414713,0.781892462226052,0.009885347741848436,-0.2817444174449113,-0.056267321903752276,0.7618725348519594,0.07826808181173886,0.12558725651906427
33.05554560001474,1776,8.713812828063965,4.061917781829834,-0.2649005651473999,0.7342711626117158,8.714368079907405,4.068980126070813,-0.08120034715556795,0.781892462226052,0.00708413797068747,-0.18370021799183212,-0.047621299614336254,0.7637279086479029,0.021741246263535578,0.09276868979717338
33.1552521000267,1781,8.787739753723145,4.043245315551758,-0.24225741624832153,0.7413486933142999,8.790371863408204,4.060068921006161,-0.15477917608022745,0.781892462226052,0.017028261857265997,-0.08747824016809425,-0.040543768911752154,0.7650438421410211,-0.03958088076099176,0.06579667465591038
33.2551792000304,1788,8.861977577209473,4.025130748748779,-0.24177053570747375,0.7469411435582004,8.866780886909774,4.044719256478535,-0.2437073437621849,0.781892462226052,0.020168822949188505,0.0019368080547113031,-0.034951318667851616,0.7657766896948038,-0.10228019833072677,0.036642377689136765
33.35521760000847,1794,8.936038970947266,4.005861282348633,-0.26491934061050415,0.7514806793583865,8.9417922059819,4.022307806532719,-0.33555635042432347,0.781892462226052,0.01742377315914903,0.07063700981381915,-0.03041178286766555,0.7657230776043445,-0.1643648198439126,-0.0026806045229633008
33.455107300018426,1801,9.009329795837402,3.9836976528167725,-0.31200411915779114,0.7551495573087172,9.013816037699414,3.994181511471341,-0.40327562239827736,0.781892462226052,0.011403405558579204,0.09127150324048605,-0.026742904917334775,0.7646289020088017,-0.22194278787044333,-0.05470877977713873
33.55521860002773,1809,9.08104133605957,3.957000970840454,-0.3822401762008667,0.7575740331187613,9.083511076873426,3.9619015858774254,-0.46738551786327437,0.781892462226052,0.005487772537944274,0.0851453416624075,-0.024318429107290762,0.7626870334912492,-0.26929662479367955,-0.09709342587762837
33.65511629998218,1816,9.150115966796875,3.924417734146118,-0.47303882241249084,0.759040239500571,9.150265280024662,3.9246571283811886,-0.5556848871316451,0.781892462226052,0.00028214187880782883,0.08264606471915403,-0.02285222272548104,0.7605412523583701,-0.2967327001182422,-0.10728905664395572
33.75526020000689,1825,9.215340614318848,3.88508939743042,-0.57911616563797,0.7595471637906539,9.212044281841377,3.88107369260685,-0.6809372972136303,0.781892462226052,0.005195353022853071,0.1018211315756603,-0.02234529843539812,0.7589101622111235,-0.29479340579005847,-0.08155450736233033
33.85507360001793,1835,9.27562141418457,3.838862895965576,-0.6916279196739197,0.7594342762141464,9.26554278506945,3.8300938842226624,-0.8482639204364186,0.781892462226052,0.013359428572641977,0.15663600076249917,-0.022458186011905634,0.7580914209813515,-0.2597161905040319,-0.040937061488601656
33.95513640000718,1846,9.330341339111328,3.7863621711730957,-0.7990174889564514,0.7589683611238669,9.30796819175208,3.772558416044179,-1.0161118974842833,0.781892462226052,0.026288807093851365,0.2170944085278319,-0.022924101102185124,0.7577827909769383,-0.19531606834173482,-0.015431500220657451
34.05501270003151,1859,9.379671096801758,3.7288389205932617,-0.8893148899078369,0.758569716744184,9.342839496748464,3.7096134233323426,-1.0896329813990744,0.781892462226052,0.04154740072995402,0.20031809149123747,-0.023322745481867968,0.7575940048746423,-0.1110787080412827,-0.009439305114798846
34.155098300019745,1872,9.424654006958008,3.6678762435913086,-0.9526758193969727,0.7583961705123438,9.381428600109963,3.6405747521203695,-1.0103884001177244,0.781892462226052,0.05112540692959563,0.057712580720751916,-0.02349629171370826,0.7577688353802274,-0.015260710971849877,0.008741525279251719
34.25517200003378,1885,9.46706485748291,3.6050949096679688,-0.9826529026031494,0.7582221888723966,9.430307778339666,3.5739200440608667,-0.8689830296206681,0.781892462226052,0.048197044647609016,-0.11366987298248121,-0.023670273353655458,0.758274667957125,0.07729557947984889,0.025291628844874292
34.35521260002861,1897,9.50911808013916,3.542038917541504,-0.9767377972602844,0.7580199240731349,9.48341978811053,3.5166437397058323,-0.7908154820801221,0.781892462226052,0.036129174782911604,-0.18592231518016256,-0.023872538152917122,0.7585617248102335,0.14181377994205424,0.014352842655428522
34.45518809999339,1907,9.552952766418457,3.480158567428589,-0.9392713904380798,0.7575970158087229,9.536971922171704,3.463527395156622,-0.7658942999816551,0.781892462226052,0.023064762603998836,-0.1733770904564249,-0.02429544641732917,0.7586694301888313,0.16881461021498836,0.005385268929887527
34.55522079998627,1918,9.599967002868652,3.4206361770629883,-0.8820683360099792,0.7584403438495766,9.593452957454964,3.4127827005563796,-0.6926767003691193,0.781892462226052,0.01020342495887756,-0.18939163564086003,-0.023452118376475428,0.7589441080971187,0.15740850012230198,0.013733895414369951
34.65513219998684,1930,9.650612831115723,3.3641510009765625,-0.8194650411605835,0.7583782265209355,9.652884622421006,3.367355618047911,-0.6162675335286463,0.781892462226052,0.00392818104327401,-0.20319750763193722,-0.02351423570511657,0.7593396970648831,0.11039365474810273,0.019779448388223944
34.788815399981104,1944,9.723342895507812,3.293477773666382,-0.745583713054657,0.7583809806038909,9.735517568762916,3.3118318324656495,-0.5854995311557256,0.781892462226052,0.022024852854797872,-0.16008418189893137,-0.0235114816221611,0.7593274021903955,0.0034594958682546534,-0.0006147437243800608
34.88883090001764,1956,9.78032112121582,3.243286609649658,-0.717204213142395,0.7586808658677004,9.798676559905712,3.267825306575696,-0.6435029125448349,0.781892462226052,0.03064424540311441,-0.07370130059755997,-0.02321159635835157,0.7586923272213612,-0.0905554198150078,-0.03175374845171969
34.988815299991984,1967,9.837377548217773,3.193215847015381,-0.727779746055603,0.75871532285439,9.859813841020024,3.2161886605665453,-0.7676130434381421,0.781892462226052,0.03211132817503652,0.039833297382538824,-0.023177139371661992,0.7574668141582349,-0.17753474067379904,-0.06127565315631464
35.08895810000831,1978,9.892630577087402,3.141293525695801,-0.7730932235717773,0.7585579140808109,9.912751173273195,3.1568350725761842,-0.9179533968934798,0.781892462226052,0.025423966455037857,0.1448601733217023,-0.023334548145241163,0.7556064597457318,-0.25000062863725664,-0.09301772062515634
35.18882859998848,1988,9.94420051574707,3.085923194885254,-0.849402666091919,0.7580093608763898,9.95535471490984,3.0923330694935856,-1.0517609198130058,0.781892462226052,0.012864783381668637,0.20235825372108707,-0.023883101349662206,0.7532374562748838,-0.302190778435409,-0.11845017354239923
35.32227810000768,2000,10.00436782836914,3.005300283432007,-0.9817909598350525,0.7565100789795349,9.998763254244539,3.00295315632808,-1.175138625381832,0.781892462226052,0.006076204140756499,0.19334766554677962,-0.025382383246517093,0.7506226604299111,-0.3444329914883061,-0.13073979224863802
35.45536959997844,2011,10.05180549621582,2.916987895965576,-1.1386926174163818,0.7552454855127895,10.031075496209157,2.9111334820097268,-1.3007314379306278,0.781892462226052,0.021540823174677235,0.16203882051424578,-0.02664697671326255,0.7485527860326834,-0.3552257787420817,-0.10349371986138386
35.588739000028,2021,10.083620071411133,2.822293281555176,-1.3122785091400146,0.7535016155186351,10.049584893296931,2.818092050936851,-1.4458707557792598,0.781892462226052,0.03429349337664213,0.13359224663924518,-0.028390846707416872,0.7476390066221116,-0.32646298214654673,-0.045688970528588085
35.7221238000202,2031,10.098381042480469,2.7237319946289062,-1.485910177230835,0.7516154123432898,10.055588328984825,2.7235368197065575,-1.5625891718343263,0.781892462226052,0.04279315858370979,0.07667899460349137,-0.030277049882762253,0.7480871842990674,-0.25843256124286745,0.022408883847793375
35.85586270003114,2041,10.096915245056152,2.6241257190704346,-1.6401798725128174,0.750119620536245,10.052270628883726,2.627276851804721,-1.641328022854391,0.781892462226052,0.04475568556834318,0.0011481503415735617,-0.031772841689806985,0.7495691694510813,-0.15814105130338,0.07409925760069477
35.95534220000263,2047,10.087236404418945,2.549912929534912,-1.7243800163269043,0.7497323377945869,10.045687294992048,2.5543778040725673,-1.6772683515028342,0.781892462226052,0.04178831892772564,-0.04711166482407014,-0.0321601244314651,0.7513054855629606,-0.07911221259660846,0.08681580559396504
36.05536190001294,2054,10.073083877563477,2.476250648498535,-1.7738001346588135,0.7497802670585951,10.037027610029247,2.48080607683343,-1.6959375237588523,0.781892462226052,0.03634289966161636,-0.07786261089996138,-0.03211219516745689,0.7529631818738352,-0.01168143060670722,0.08288481554372545
36.155365800019354,2061,10.05667495727539,2.4028754234313965,-1.795080304145813,0.7502838955400496,10.027488382376985,2.406646180860569,-1.6990360744214519,0.781892462226052,0.029429148235888394,-0.09604422972436133,-0.031608566686002426,0.7543939997640877,0.04277410655626375,0.07154089451262594
36.25579500000458,2068,10.039870262145996,2.3294293880462646,-1.7926344871520996,0.7511328727025265,10.018199448735944,2.3319984231718602,-1.687945946194471,0.781892462226052,0.02182255932125871,-0.10468854095762836,-0.030759589523525532,0.7555929365830248,0.08169356764187127,0.059946840946855505
36.3553857000079,2075,10.024176597595215,2.2555930614471436,-1.77158784866333,0.7519639315387106,10.010187024265838,2.2569271539068545,-1.6644345439943213,0.781892462226052,0.014053041116750611,-0.10715330466900852,-0.02992853068734147,0.7566562973474934,0.10438036216054757,0.053168038223427014
36.45534220000263,2082,10.010698318481445,2.181212902069092,-1.737849235534668,0.7530305830654567,10.00430475121911,2.1815899610113823,-1.6318830506158637,0.781892462226052,0.006404676087357901,-0.10596618491880427,-0.02886187916059535,0.7576790273940799,0.11179934310114868,0.05113650232932265
36.55547590000788,2089,10.000105857849121,2.106262445449829,-1.6974042654037476,0.7539798339888482,10.001022917254359,2.106238379091411,-1.5974246783945512,0.781892462226052,0.0009173751371941467,-0.09997958700919618,-0.027912628237203863,0.7587220544449065,0.10638461734510302,0.05215135254133199
36.65550009999424,2097,9.992645263671875,2.030832529067993,-1.6557151079177856,0.7549522559006486,10.000029403464897,2.030806500399955,-1.5735596311754436,0.781892462226052,0.007384185667658,-0.0821554767423418,-0.026940206325403393,0.7598073966368556,0.0915661964691691,0.05426710959745796
36.755549900000915,2104,9.988197326660156,1.955058217048645,-1.6172142028808594,0.755953553214716,9.999999999999996,1.955058217048645,-1.5707963267948966,0.781892462226052,0.011802673339840197,-0.04641787608596282,-0.025938909011335998,0.7609456136921665,0.07125289879874872,0.05691085276554668
36.855492100003175,2112,9.986367225646973,1.8790640830993652,-1.5849864482879639,0.7569763424644012,10.000000000000002,1.8790640830993646,-1.5707963267948966,0.781892462226052,0.01363277435302912,-0.01419012149306731,-0.024916119761650868,0.760373534354388,0.009005461047143701,-0.02860396688892428
36.988823399995454,2122,9.987018585205078,1.7776281833648682,-1.556734561920166,0.7579435288957709,10.000000000000004,1.777628183364865,-1.5707963267948966,0.781892462226052,0.012981414794925428,0.014061764874730542,-0.02394893333028114,0.7513413877517612,-0.1954526797231672,-0.4516073301313445
37.122298799979035,2132,9.988086700439453,1.6765568256378174,-1.5777854919433594,0.7579116309592738,9.999999999999998,1.676556825637819,-1.5707963267948966,0.781892462226052,0.011913299560545099,-0.006989165148462817,-0.02398083126677819,0.7352973779681182,-0.3375147210263368,-0.8022004891821469
37.255495199991856,2142,9.98090934753418,1.5772264003753662,-1.69257390499115,0.7549650163177435,10.000000000000002,1.5772264003753684,-1.5707963267948966,0.781892462226052,0.01909065246582209,-0.12177757819625334,-0.026927445908308534,0.7166366757661421,-0.38359875648087816,-0.9330351100988065
37.38884239998879,2152,9.959115982055664,1.4823907613754272,-1.8624789714813232,0.7479674013219942,9.999999999999998,1.4823907613754272,-1.5707963267948966,0.781892462226052,0.04088401794433416,-0.2916826446864267,-0.03392506090405778,0.6966366757661421,-0.5236,-1.0
37.55549420003081,2162,9.909553527832031,1.3747624158859253,-2.106539011001587,0.7379800073418908,10.0,1.3747624158859253,-1.5707963267948966,0.781892462226052,0.09044647216796875,-0.5357426842066904,-0.04391245488416118,0.6766366757661421,-0.5236,-1.0
37.75553470000159,2173,9.815791130065918,1.2736097574234009,-2.469552755355835,0.7238899478725053,10.0,1.273609757423401,-1.5707963267948966,0.781892462226052,0.18420886993408203,-0.8987564285609384,-0.05800251435354675,0.656636675766142,-0.5235999999999998,-1.0
38.02219350001542,2180,9.652219772338867,1.2030402421951294,-2.940190553665161,0.7064001288981814,10.0,1.203040242195129,-1.5707963267948966,0.781892462226052,0.3477802276611328,-1.3693942268702646,-0.07549233332787064,0.636636675766142,0.5236,-1.0
38.155521099979524,2180,9.565730094909668,1.1955515146255493,-3.0565412044525146,0.692649641248101,10.0,1.1955515146254714,-1.5707963267948966,0.781892462226052,0.43426990509033203,-1.485744877657618,-0.089242820977951,0.6166366757661521,0.523599999999682,-0.9999999999994937
38.255489800008945,2182,9.503988265991211,1.1833562850952148,-2.891613483428955,0.6765571286474527,10.0,1.183356285095304,-1.5707963267948966,0.781892462226052,0.49601173400878906,-1.3208171566340585,-0.10533533357859937,0.5966366757661654,0.5235999999994186,-0.9999999999993321
38.3555354999844,2184,9.446877479553223,1.1620913743972778,-2.7319233417510986,0.6595187391001942,10.0,1.1620913743972774,-1.5707963267948966,0.781892462226052,0.5531225204467773,-1.161127014956202,-0.12237372312585781,0.5766366757665707,0.5235999999950285,-0.9999999999797335
38.45545020001009,2187,9.395509719848633,1.1331794261932373,-2.577468156814575,0.6417373709043852,10.0,1.133179426193238,-1.5707963267948966,0.781892462226052,0.6044902801513672,-1.0066718300196786,-0.1401550913216668,0.5566366757666124,0.5235999999993677,-0.9999999999979181
38.55539140000474,2190,9.350645065307617,1.0980995893478394,-2.428250312805176,0.6235325648412356,10.0,1.09809958934784,-1.5707963267948966,0.781892462226052,0.6493549346923828,-0.8574539860102792,-0.15835989738481637,0.5366366757666168,0.5235999999998263,-0.9999999999997814
38.65545999997994,2194,9.312726020812988,1.0583209991455078,-2.2842671871185303,0.6049963778030835,10.0,1.058320999145509,-1.5707963267948966,0.781892462226052,0.6872739791870117,-0.7134708603236337,-0.17689608442296856,0.5166366757666221,0.523599999999878,-0.9999999999997332
38.7889157999889,2200,9.272902488708496,0.9997943043708801,-2.0986900329589844,0.5860820159864895,10.0,0.9997943043707522,-1.5707963267948966,0.781892462226052,0.7270975112915039,-0.5278937061640878,-0.19581044623956256,0.4966366757666635,0.5235999999998143,-0.9999999999979301
38.888826599984895,2205,9.251246452331543,0.9536601901054382,-1.9651778936386108,0.5668386536181335,9.999999999999996,0.9536601901054381,-1.5707963267948966,0.781892462226052,0.7487535476684535,-0.3943815668437143,-0.21505380860791856,0.4766366757705652,0.5235999999969213,-0.999999999804914
38.988672100007534,2209,9.236360549926758,0.9070093035697937,-1.8369044065475464,0.5474666785703799,10.000000000000004,0.9070093035696593,-1.5707963267948966,0.781892462226052,0.7636394500732457,-0.26610807975264983,-0.23442578365567213,0.46079351151168435,0.5235999999999568,-0.7921582129440408
39.08877740002936,2214,9.227749824523926,0.8606935739517212,-1.7135034799575806,0.5282814338868976,9.999999999999998,0.860693573951448,-1.5707963267948966,0.781892462226052,0.7722501754760724,-0.142707153162684,-0.2536110283391544,0.45847899834347994,0.5235999999844331,-0.11572565841022077
39.1888001000043,2219,9.224881172180176,0.8148054480552673,-1.5930694341659546,0.510990575240744,10.000000000000004,0.8148054480552681,-1.5707963267948966,0.781892462226052,0.7751188278198278,-0.022273107371058032,-0.27090188698530804,0.4691913180475408,0.5235999999995053,0.5356159852030414
39.28907599998638,2223,9.227575302124023,0.768704354763031,-1.4721041917800903,0.49869476324498135,10.0,0.7687043547628932,-1.5707963267948966,0.781892462226052,0.7724246978759766,0.09869213501480623,-0.28319769898107067,0.4891913180468437,0.5235999999997714,0.9999999999651457
39.388830000010785,2228,9.23617172241211,0.7219296097755432,-1.347522497177124,0.4927527757189025,10.000000000000002,0.7219296097756791,-1.5707963267948966,0.781892462226052,0.7638282775878924,0.22327382961777253,-0.2891396865071495,0.5091913180453923,0.523599999992806,0.9999999999274312
39.4887819000287,2233,9.251283645629883,0.6747266054153442,-1.2176834344863892,0.493308873416328,9.999999999999998,0.6747266054153451,-1.5707963267948966,0.781892462226052,0.7487163543701154,0.3531128923085074,-0.288583588809724,0.5291913180438169,0.523599999981746,0.9999999999212295
39.5887940999819,2237,9.273388862609863,0.6281558275222778,-1.082632064819336,0.4987778949039977,9.999999999999998,0.6281558275224071,-1.5707963267948966,0.781892462226052,0.7266111373901349,0.4881642619755606,-0.2831145673220543,0.5491913180438169,0.5236,1.0
39.68892009998672,2242,9.302809715270996,0.5834163427352905,-0.9423436522483826,0.5078105726722231,10.000000000000002,0.5834163427354162,-1.5707963267948966,0.781892462226052,0.6971902847290057,0.628452674546514,-0.27408188955382895,0.569191318043817,0.5236,1.0
39.822405599989,2247,9.353068351745605,0.5293980836868286,-0.7488939166069031,0.5188834613226505,10.000000000000004,0.5293980836864832,-1.5707963267948966,0.781892462226052,0.6469316482543981,0.8219024101879935,-0.2630090009034015,0.589191318043817,0.37947574038207693,1.0
39.95557510002982,2252,9.414971351623535,0.4845241904258728,-0.5626154541969299,0.5321563963474092,9.999999999999998,0.48452419042587525,-1.5707963267948966,0.781892462226052,0.5850286483764631,1.0081808725979666,-0.24973606587864283,0.609191318043817,-0.5235999999999998,1.0
40.08939049998298,2255,9.48476791381836,0.4471011757850647,-0.5039847493171692,0.5475150756666354,10.0,0.44710117578515823,-1.5707963267948966,0.781892462226052,0.5152320861816406,1.0668115774777274,-0.23437738655941665,0.6133366312731496,-0.5236,0.2072656614666327
40.25550790003035,2262,9.564629554748535,0.3846471607685089,-0.7701566815376282,0.5619745462821761,10.0,0.3846471607685874,-1.5707963267948966,0.781892462226052,0.43537044525146484,0.8006396452572684,-0.21991791594387589,0.6054969801430746,-0.5236,-0.3919825565037481
40.388876000011805,2268,9.614989280700684,0.3207204043865204,-0.9835881590843201,0.5734258258424362,10.0,0.32072040438652355,-1.5707963267948966,0.781892462226052,0.3850107192993164,0.5872081677105765,-0.20846663638361584,0.5854969801430746,-0.5236,-1.0
40.522177600010764,2275,9.650201797485352,0.24896392226219177,-1.1932029724121094,0.5795927420033329,10.0,0.248963922262192,-1.5707963267948966,0.781892462226052,0.34979820251464844,0.3775933543827872,-0.20229972022271914,0.5654969801430746,-0.5236,-1.0
40.656006500008516,2283,9.669391632080078,0.1741073876619339,-1.3958338499069214,0.5791438422956279,10.0,0.17410738766193504,-1.5707963267948966,0.781892462226052,0.3306083679199219,0.17496247688797517,-0.20274861993042415,0.5454969801430746,-0.5236,-1.0
40.788796600012574,2290,9.673317909240723,0.09956768155097961,-1.5915387868881226,0.5738385669673961,10.0,0.09956768155097824,-1.5707963267948966,0.781892462226052,0.32668209075927734,-0.020742460093226,-0.20805389525865592,0.5654969801425525,-0.5235999999996861,0.9999999999738947
40.88880070002051,2296,9.6668701171875,0.044772643595933914,-1.7360957860946655,0.5682324650401583,10.0,0.04477264359593401,-1.5707963267948966,0.781892462226052,0.3331298828125,-0.16529945929976897,-0.21365999718589368,0.5854969801425525,-0.5236,1.0
41.022508200025186,2303,9.645170211791992,-0.02800857461988926,-1.935238003730774,0.5682154001446409,10.0,-0.028008574619891036,-1.5707963267948966,0.781892462226052,0.3548297882080078,-0.36444167693587737,-0.21367706208141113,0.5780394358586266,0.5236,-0.3728772141962947
41.15551549999509,2310,9.610174179077148,-0.09745577722787857,-2.038076400756836,0.5719694748507671,10.000000000000002,-0.09745577722794888,-1.5707963267948966,0.781892462226052,0.38982582092285334,-0.4672800739619394,-0.20992298737528492,0.5590808726015777,0.5235999999990562,-0.9479281628524481
41.25543150003068,2315,9.589649200439453,-0.1507703959941864,-1.8883904218673706,0.5715870750992669,9.999999999999996,-0.15077039599403974,-1.5707963267948966,0.781892462226052,0.4103507995605433,-0.31759409507247405,-0.21030538712678515,0.5516656629320864,0.5236,-0.37076048347456153
41.38969240000006,2322,9.575199127197266,-0.2235374003648758,-1.6938812732696533,0.5673592605683762,10.000000000000002,-0.2235374003650271,-1.5707963267948966,0.781892462226052,0.42480087280273615,-0.12308494647475676,-0.21453320165767586,0.5560151425498752,0.5236,0.21747398088943887
41.489016700012144,2328,9.573732376098633,-0.2787865102291107,-1.5490751266479492,0.5634294583450421,10.000000000000002,-0.2787865102290349,-1.5707963267948966,0.781892462226052,0.42626762390136896,0.02172120014694734,-0.21846300388100992,0.5673090365764659,0.5236,0.5646947013295375
41.622608400008176,2335,9.584383010864258,-0.35242095589637756,-1.354001522064209,0.5618671667914317,9.999999999999996,-0.35242095589622924,-1.5707963267948966,0.781892462226052,0.41561698913573863,0.21679480473068757,-0.22002529543462035,0.5813239680398345,0.43984099996095366,0.7007465731684313
41.75574090000009,2342,9.609675407409668,-0.4240897297859192,-1.162865161895752,0.5635303146332412,10.000000000000002,-0.4240897297858509,-1.5707963267948966,0.781892462226052,0.3903245925903338,0.4079311648991446,-0.2183621475928108,0.588847588277161,-0.5236,0.376181011866323
41.88894099998288,2349,9.646320343017578,-0.4926344156265259,-1.0864067077636719,0.5684011415760339,10.0,-0.49263441562652405,-1.5707963267948966,0.781892462226052,0.3536796569824219,0.4843896190312247,-0.21349132065001808,0.568847588277161,-0.5236,-1.0
42.02242960000876,2356,9.673481941223145,-0.5654553771018982,-1.2902082204818726,0.5716007063996464,10.000000000000002,-0.5654553771019558,-1.5707963267948966,0.781892462226052,0.32651805877685725,0.280588106313024,-0.21029175582640558,0.548847588277161,-0.5235999999999716,-1.0
42.190015300002415,2366,9.685908317565918,-0.6585440635681152,-1.5366692543029785,0.5688511335407852,10.0,-0.6585440635681163,-1.5707963267948966,0.781892462226052,0.31409168243408203,0.03412707249191804,-0.21304132868526682,0.528847588277167,-0.523599999999994,-0.9999999999996949
42.32234630000312,2373,9.679795265197754,-0.730697751045227,-1.7265087366104126,0.5621125192093807,10.0,-0.7306977510452262,-1.5707963267948966,0.781892462226052,0.3202047348022461,-0.15571240981551604,-0.21977994301667136,0.5488475882771671,-0.5236,1.0
42.455697100027464,2380,9.660685539245605,-0.7991631031036377,-1.9128577709197998,0.5544738333889409,10.0,-0.7991631031036379,-1.5707963267948966,0.781892462226052,0.33931446075439453,-0.34206144412490325,-0.22741862883711117,0.5688475882771671,-0.5236,1.0
42.62283090001438,2388,9.617682456970215,-0.8804100751876831,-2.154083013534546,0.5531525158654704,10.0,-0.8804100751876849,-1.5707963267948966,0.781892462226052,0.38231754302978516,-0.5832866867396493,-0.2287399463605816,0.5488475882776737,0.5235999999984008,-0.9999999999746714
42.72221620002529,2393,9.583659172058105,-0.9251444935798645,-2.2054684162139893,0.5552765437144724,10.0,-0.9251444935798658,-1.5707963267948966,0.781892462226052,0.41634082794189453,-0.6346720894190927,-0.22661591851157958,0.528847588277829,0.5235999999992325,-0.9999999999922357
42.82256459997734,2397,9.555802345275879,-0.9716129302978516,-2.0635247230529785,0.5509724006342684,10.0,-0.9716129302978501,-1.5707963267948966,0.781892462226052,0.4441976547241211,-0.49272839625808196,-0.23092006159178358,0.508847591183156,0.5235999999999684,-0.9999998547336446
42.92228110000724,2402,9.53540325164795,-1.019649624824524,-1.9268014430999756,0.5444170588086036,10.000005441427584,-1.0194171091073536,-1.5699832042473443,0.781892462226052,0.4646022479622656,-0.35681823885263153,-0.23747540341744844,0.49691964728095933,0.5235999999999116,-0.5963971951098357
43.0225524000125,2406,9.52204704284668,-1.0683081150054932,-1.7946182489395142,0.5340303768325235,10.000180361800941,-1.0644361561207087,-1.5628060127188392,0.781892462226052,0.4781489964015645,-0.2318122362206747,-0.2478620853935285,0.49382992787548496,0.5235999999842071,-0.154485970273718
43.1225615000003,2411,9.515265464782715,-1.1174002885818481,-1.6647940874099731,0.5245662979933963,10.000778758665552,-1.1081002910620712,-1.5506204879832484,0.781892462226052,0.48560235634810317,-0.11417359942672478,-0.25732616423265575,0.4990269362014965,0.5235999999990107,0.2598504163005778
43.22258930001408,2415,9.514894485473633,-1.166924238204956,-1.53505539894104,0.5169779532191063,10.001912772158942,-1.1497031777323914,-1.5359927490357852,0.781892462226052,0.4873226615802858,0.0009373500947451596,-0.2649145090069457,0.511897079490498,0.523599999988326,0.6435071644500756
43.322597399994265,2419,9.52109432220459,-1.2168395519256592,-1.4032857418060303,0.5135243305500949,10.003718092498328,-1.1917436593041382,-1.5198358695231244,0.781892462226052,0.4832758089114476,0.11655012771709394,-0.2683681316759571,0.5317066279701781,0.5235999999998266,0.9904774239840056
43.42230249999557,2424,9.53431510925293,-1.26693856716156,-1.2675412893295288,0.51454851898036,10.00630444670207,-1.2352759667610125,-1.503266997057338,0.781892462226052,0.4730501611138109,0.2357257077278092,-0.267343943245692,0.5517066279701781,0.5236,1.0
43.52239210001426,2428,9.555127143859863,-1.3165467977523804,-1.1265959739685059,0.5202247802727418,10.009548247973752,-1.278418881752783,-1.4884785324062657,0.781892462226052,0.45601784816228225,0.3618825584377596,-0.26166768195331025,0.5717066279701781,0.5236,1.0
43.622410300013144,2433,9.583891868591309,-1.3643527030944824,-0.9804123044013977,0.5294237403257713,10.013584927465116,-1.3237336445269912,-1.4761944870617956,0.781892462226052,0.4316086569604909,0.4957821826603981,-0.2524687219002807,0.5917066279698994,0.5235999999900138,0.9999999999860631
43.722579499997664,2437,9.620757102966309,-1.4088937044143677,-0.8289123177528381,0.5414409315499831,10.017973757600263,-1.3680074499961632,-1.4685693468101297,0.781892462226052,0.399315359733307,0.6396570290572914,-0.24045153067606895,0.6117066279698994,0.5235999999999998,1.0
43.82272160000866,2442,9.665525436401367,-1.4485137462615967,-0.6722567081451416,0.555346665850277,10.022458953088185,-1.4110416050827217,-1.4662247286354146,0.781892462226052,0.35889510542629044,0.793968020490273,-0.226545796375775,0.6317066279698994,0.09177785874648706,1.0
43.922368600033224,2446,9.717236518859863,-1.4823789596557617,-0.5558316707611084,0.571011291645334,10.026582543847159,-1.4506960103806577,-1.468947797874303,0.781892462226052,0.3109642623360589,0.9131161271131951,-0.21088117058071798,0.6517066279698994,-0.31418274743967833,1.0
44.02230549999513,2450,9.771610260009766,-1.5158135890960693,-0.5706326365470886,0.5877710341255801,10.030580436202026,-1.4912069344696965,-1.4767987027286515,0.781892462226052,0.26013657875998913,0.9061660661815631,-0.19412142810047195,0.6685055188938898,-0.4195485715300542,0.839944546199516
44.12255259999074,2455,9.82416820526123,-1.5552276372909546,-0.6856285333633423,0.604869282696189,10.03470044623204,-1.538607023677883,-1.4924866742790166,0.781892462226052,0.21118728485651375,0.8068581409156743,-0.17702317952986302,0.6807038372492777,-0.39693997657359764,0.6099159177693971
44.22271290002391,2460,9.872004508972168,-1.6024388074874878,-0.8241515159606934,0.6215346595704518,10.038351926746438,-1.594086455615052,-1.5191244504390604,0.781892462226052,0.16655697278099346,0.694972934478367,-0.16035780265560018,0.689410722427793,-0.3728081076602707,0.4353442589257627
44.32266130001517,2466,9.913734436035156,-1.6565287113189697,-0.9570547342300415,0.6368030811868014,10.040381648821926,-1.6549376566414358,-1.5570767688868477,0.781892462226052,0.1266572065128717,0.6000220346568064,-0.14508938103925062,0.6954555882025475,-0.3688700266986881,0.3022432887377263
44.42260260001058,2473,9.948545455932617,-1.7162197828292847,-1.0854829549789429,0.6501414105748066,10.039779893804754,-1.7191237220181133,-1.604206462391716,0.781892462226052,0.09128064152194158,0.5187235074127732,-0.13175105165124545,0.6996390691884323,-0.3721223144880587,0.20917404929424033
44.52251799998339,2479,9.975635528564453,-1.7803797721862793,-1.214390516281128,0.6615129168665778,10.035804796859336,-1.7857047260378902,-1.656949578515834,0.781892462226052,0.060404436763067657,0.442559062234706,-0.12037954535947426,0.7027675393090087,-0.370903740300381,0.15642350602881858
44.62272669997765,2486,9.994281768798828,-1.8478758335113525,-1.344616413116455,0.6711255759570214,10.028240035845615,-1.8525507404003492,-1.7095204753016942,0.781892462226052,0.034278545115591794,0.3649040621852393,-0.11076688626903064,0.7054128677944007,-0.3570470823268546,0.1322664242695983
44.72275469999295,2492,10.00407600402832,-1.9175126552581787,-1.473479986190796,0.6789740454402096,10.017115143594387,-1.9200009469385058,-1.7577563819131692,0.781892462226052,0.013274439954654962,0.2842763957223733,-0.10291841678584246,0.7080599337144664,-0.33127471272139836,0.13235329600328238
44.822596699988935,2499,10.005084037780762,-1.9880964756011963,-1.596529245376587,0.6852677347400091,10.002886758814777,-1.9875946762862884,-1.7968126145407892,0.781892462226052,0.002253849464095385,0.20028336916420209,-0.0966247274860429,0.7109691041393246,-0.2949489757141321,0.1454585212429057
44.955746299994644,2508,9.993545532226562,-2.0818209648132324,-1.7487808465957642,0.6908094258413218,9.979923879031796,-2.078003252309871,-1.8445266698635465,0.781892462226052,0.014146531890071538,0.09574582326778236,-0.09108303638473025,0.7144498862112484,-0.2316270186634445,0.17403910359619168
45.05592870002147,2514,9.97624397277832,-2.150876760482788,-1.8462623357772827,0.6961744962507267,9.95950468185744,-2.1453639977746493,-1.886011783931599,0.781892462226052,0.01762368897847697,0.03974944815431636,-0.08571796597532533,0.7181358330019646,-0.17866917822862058,0.18429733953581232
45.155746300006285,2520,9.953152656555176,-2.218601703643799,-1.9228092432022095,0.7009856850286033,9.936161252254019,-2.212280028640924,-1.9260941166674783,0.781892462226052,0.01812929659328643,0.003284873465268845,-0.08090677719744876,0.7218633577704817,-0.13309771902083053,0.18637623842585602
45.255857400014065,2526,9.925604820251465,-2.2850470542907715,-1.9815901517868042,0.7055201397195353,9.910130096066336,-2.278661852990348,-1.9620771067688896,0.781892462226052,0.016740307173189587,-0.01951304501791462,-0.07637232250651671,0.7255067028837368,-0.0955743786946573,0.18216725566275355
45.35563230002299,2532,9.894718170166016,-2.35042405128479,-2.0251739025115967,0.7099026185864891,9.881695060010422,-2.3445668960395376,-1.9933435155983303,0.781892462226052,0.014279624143923107,-0.03183038691326612,-0.07198984363956296,0.7289883580889843,-0.06673280324258925,0.1740827602623797
45.45576360000996,2538,9.861397743225098,-2.414999008178711,-2.05639386177063,0.713953469991437,9.851157840143388,-2.4100529970680076,-2.020222975093132,0.781892462226052,0.011371835429252427,-0.036170886677497904,-0.06793899223461497,0.7322813910827389,-0.046331231672511124,0.1646516496877321
45.555710799992085,2544,9.82633113861084,-2.479033946990967,-2.0782642364501953,0.7180757780655163,9.818791924287096,-2.4751700489159765,-2.043381983867167,0.781892462226052,0.008471685838914316,-0.03488225258302835,-0.06381668416053576,0.735366045649381,-0.03330679639797716,0.15423272833210655
45.65607760002604,2550,9.790005683898926,-2.5427350997924805,-2.093655586242676,0.7218437937689891,9.784831210408191,-2.5399480090422473,-2.063546736079317,0.781892462226052,0.005877333643443531,-0.030108850163358625,-0.060048668457062915,0.7382559993924978,-0.026424895174092394,0.14449768715583833
45.755912800028455,2556,9.752731323242188,-2.6062419414520264,-2.105071783065796,0.7255197276079887,9.749463374724819,-2.6044056213378477,-2.0814220780768298,0.781892462226052,0.003748540926001738,-0.023649704988966125,-0.05637273461806336,0.7409562178931057,-0.02443623944363019,0.1350109250303963
45.85576270002639,2562,9.71468448638916,-2.6696133613586426,-2.1145927906036377,0.7289255838968155,9.712838698249167,-2.6685371696121996,-2.097696802747739,0.781892462226052,0.00213661473664605,-0.016895987855898742,-0.05296687832923652,0.7434798258265213,-0.02618675330414864,0.12618039667077685
45.955643700028304,2568,9.67591667175293,-2.7328567504882812,-2.123872995376587,0.7321128096665597,9.675055240622692,-2.7323374968600236,-2.113110539613227,0.781892462226052,0.001005826984426948,-0.010762455763360101,-0.04977965255949235,0.7458394992189334,-0.02960025996794399,0.11798366962060727
46.055691400018986,2575,9.63640022277832,-2.795926094055176,-2.134042978286743,0.735183551760036,9.636163254248562,-2.7957779464019654,-2.1285463538814016,0.781892462226052,0.000279467012807875,-0.005496624405341599,-0.046708910466015996,0.7480479138226275,-0.0317066720027602,0.11042073018470183
46.15572029998293,2582,9.5960693359375,-2.8587517738342285,-2.1453559398651123,0.7380454011835127,9.596133845360045,-2.858793604286344,-2.145190451683708,0.781892462226052,7.688466896129222e-05,-0.00016548818140416088,-0.043847061042539326,0.750124099532525,-0.030100991596887658,0.10380928549487736
46.25569279998308,2590,9.554885864257812,-2.921281576156616,-2.1570260524749756,0.7407059937082556,9.554862556039568,-2.9212658592952456,-2.1645963539258615,0.781892462226052,2.8112146290691015e-05,0.007570301450885886,-0.04118646851779639,0.7520812509640404,-0.025374408768654898,0.09785757157577019
46.35560210002586,2598,9.512893676757812,-2.9835171699523926,-2.167733907699585,0.743200481870703,9.512158530319647,-2.9829960750611852,-2.188096073120846,0.781892462226052,0.0009010994235873801,0.020362165421261125,-0.03869198035534904,0.7539111964075245,-0.02345610748688651,0.09149727217420217
46.45575949997874,2606,9.470192909240723,-3.045501947402954,-2.177042245864868,0.7455795418093454,9.46796385036513,-3.0438619879227637,-2.2050291618280395,0.781892462226052,0.0027673399804727028,0.027986915963171377,-0.03631292041670664,0.7555474846445224,-0.03262015601496157,0.0818144118498954
46.55584769998677,2615,9.426816940307617,-3.107231378555298,-2.187044382095337,0.7477679994195023,9.423431374541142,-3.104788037196896,-2.195300431596747,0.781892462226052,0.004175161380450621,0.008256049501409901,-0.03412446280654968,0.7568713267396564,-0.0568602303492768,0.06619210475669944
46.65563569997903,2625,9.38255500793457,-3.1685171127319336,-2.202432155609131,0.7498435466199316,9.379913014277951,-3.1667106563785143,-2.170320786848409,0.781892462226052,0.0032005335552721787,-0.03211136876072196,-0.03204891560612044,0.757732493021007,-0.09382735121295385,0.04305831406752898
46.75590689998353,2636,9.336882591247559,-3.2289037704467773,-2.228625535964966,0.7516911519686145,9.337866131229978,-3.2295556030400605,-2.156299142310106,0.781892462226052,0.001179930771987836,-0.07232639365485971,-0.030201310257437552,0.7580035649127065,-0.1369921355940649,0.013553594584975487
46.85571069997968,2649,9.289037704467773,-3.287665843963623,-2.269630193710327,0.7531600397077945,9.294752718088404,-3.2919275641378256,-2.212061896143094,0.781892462226052,0.007129070032423246,-0.05756829756723336,-0.028732422518257472,0.7576851626472912,-0.18042568359773564,-0.015920113270761815
46.956405200005975,2662,9.238204956054688,-3.343867778778076,-2.327029228210449,0.7543061883594544,9.24450328081225,-3.3501941485993103,-2.362697056457288,0.781892462226052,0.008927029173624581,0.035667828246838784,-0.02758627386659762,0.756940912878255,-0.22180139816506939,-0.037212488451809383
47.055691400018986,2674,9.183695793151855,-3.3964357376098633,-2.400578498840332,0.7548826335252821,9.185913375408461,-3.399482658362845,-2.514750915567141,0.781892462226052,0.0037684741129218875,0.114172416726809,-0.027009828700769956,0.7558777899527168,-0.2564856759679439,-0.0531561462769129
47.155732100014575,2684,9.125056266784668,-3.4442076683044434,-2.4888551235198975,0.7552706010385852,9.122679005106393,-3.4400964107249337,-2.619853551259759,0.781892462226052,0.004749085382688889,0.1309984277398617,-0.02662186118746679,0.7546016774389582,-0.2800060677982969,-0.0638056256879318
47.25587950000772,2693,9.062187194824219,-3.48604416847229,-2.5886926651000977,0.7550732723444873,9.056708301016531,-3.4746774775148177,-2.69449264432558,0.781892462226052,0.012618238414239919,0.10579997922548223,-0.02681918988156473,0.753397200583118,-0.2918215959543557,-0.060223842792011484
47.355891400016844,2701,8.995388984680176,-3.5209908485412598,-2.695767641067505,0.7546783379495867,8.988834114747045,-3.5045347629713683,-2.761800212481017,0.781892462226052,0.017713527941205186,0.06603257141351193,-0.0272141242764653,0.752565218258208,-0.2909721995934793,-0.04159911624549739
47.45569530001376,2710,8.925276756286621,-3.5483949184417725,-2.805549383163452,0.7540685690622605,8.919718067076397,-3.5275809851812605,-2.8851271054955707,0.781892462226052,0.0215434176376197,0.07957772233211857,-0.027823893163791524,0.752223667795694,-0.27565108041727715,-0.01707752312569727
47.5556202000007,2717,8.852663040161133,-3.568000078201294,-2.9130985736846924,0.7533692420813958,8.849058605114138,-3.541612108645984,-2.999693686260647,0.781892462226052,0.026633003759620737,0.08659511257595476,-0.028523220144656247,0.752383713394849,-0.24680987919430392,0.008002279957746564
47.655745600000955,2723,8.77842903137207,-3.580024003982544,-3.0131638050079346,0.7529994610951732,8.776429183967686,-3.5489272038673647,-3.0765755031475273,0.781892462226052,0.03116103924846273,0.06341169813959269,-0.02889300113087878,0.7530850809468091,-0.20800288396298694,0.035068377598007794
47.755546600033995,2729,8.703362464904785,-3.585146427154541,-3.1011691093444824,0.7526543325648867,8.70296062006154,-3.551739676482995,-3.1267745305868666,0.781892462226052,0.033409167450100974,0.025605421242384185,-0.029238129661165346,0.7542202854024559,-0.16306097860925678,0.056760222782339775
47.85569840000244,2734,8.628033638000488,-3.584398031234741,-3.1738818327533167,0.7528479502739274,8.628692335858117,-3.551483394787811,-3.1610549774771752,0.781892462226052,0.03292122681950398,-0.012826855276141469,-0.029044511952124652,0.7556360944352564,-0.1166231425443382,0.07079045164002279
47.95561429997906,2739,8.552764892578125,-3.5790178775787354,-3.2295642534839075,0.7531994761627263,8.554093982928181,-3.549065520809118,-3.185620443650831,0.781892462226052,0.02998183045134243,-0.043943809833076664,-0.02869298606332571,0.7571648249886171,-0.07345113805415376,0.07643652766803631
48.055621000006795,2744,8.47765827178955,-3.570300579071045,-3.2682092825519007,0.7538957962612443,8.479249611462905,-3.545048338359991,-3.203976502279636,0.781892462226052,0.025302332360574848,-0.06423278027226464,-0.027996665964807765,0.7586738860747143,-0.03697556994752464,0.07545305430485717
48.1562513000099,2749,8.40267276763916,-3.559455394744873,-3.2914233843432825,0.7549568381772467,8.404192984881508,-3.539804217111746,-3.218159665451737,0.781892462226052,0.01970989200459102,-0.0732637188915457,-0.02693562404880534,0.7589960988647853,-0.009666458029856273,0.016110639503548532
48.25565649999771,2754,8.327740669250488,-3.5475142002105713,-3.301997963582174,0.7559481133137582,8.328971293786958,-3.533592496227207,-3.229379172110614,0.781892462226052,0.013975989358545785,-0.07261879147156014,-0.025944348912293802,0.7558098283105975,0.005924312745056361,-0.15931352770938687
48.35563960002037,2760,8.252942085266113,-3.5352749824523926,-3.3036978880511683,0.7564426666727536,8.253779734384121,-3.5266223966047767,-3.2383455051324486,0.781892462226052,0.008693037322780903,-0.0653523829187197,-0.025449795553298404,0.7471808174089294,0.012075194799625016,-0.43145054508340847
48.45568850002019,2766,8.178614616394043,-3.523252248764038,-3.3007026354419153,0.755511908849985,8.179047436547014,-3.51909260458259,-3.2453789357365643,0.781892462226052,0.004182101505352785,-0.055323699705351004,-0.02638055337606704,0.7316179476639957,0.013128001333073082,-0.7781434872466834
48.555837300023995,2773,8.105317115783691,-3.5117180347442627,-3.2960947195636194,0.7521577976259998,8.105371210638292,-3.511221766645534,-3.250246941811999,0.781892462226052,0.0004992076512935396,-0.04584777775162063,-0.029734664600052252,0.7116179476639957,0.012510735032442691,-1.0
