t,segment,X,Y,psi,vx,delta,ax,Xd,Yd,Xdd,Ydd,kappa
0.000000000000000000e+00,0.000000000000000000e+00,0.000000000000000000e+00,0.000000000000000000e+00,3.008999999999999897e+00,1.008849730028103658e-01,-5.942022226216569366e-18,-1.314044776250813517e-03,-9.999945163154384808e-02,1.333744545137103069e-02,1.302510702369078909e-03,-1.737226070667236737e-04,-2.309823994642009721e-17
2.000000000000000042e-02,0.000000000000000000e+00,-1.999732567932258238e-03,2.667120816512881651e-04,3.009003861409178526e+00,1.008592507313306602e-01,9.835299328672341117e-04,-1.258256828641024418e-03,-9.997400662565758545e-02,1.333365881138401030e-02,1.242071488076700340e-03,-2.048933323133404110e-04,3.823246841595324009e-03
4.000000000000000083e-02,0.000000000000000000e+00,-3.998968290970519694e-03,5.333422155683993030e-04,3.009015403084423390e+00,1.008346397582790543e-01,1.959383969644211583e-03,-1.202914589743869648e-03,-9.994976551226802952e-02,1.332925163782823497e-02,1.182121236698048701e-03,-2.357760950989845551e-04,7.616662690486286809e-03
5.999999999999999778e-02,0.000000000000000000e+00,-5.997731149258542227e-03,7.998780486199887465e-04,3.009034560914172207e+00,1.008111311900171531e-01,2.927475028881409980e-03,-1.148016010264496902e-03,-9.992671852507684083e-02,1.332422968208348338e-02,1.122658652241935928e-03,-2.663716823693508041e-04,1.137991600325673723e-02
8.000000000000000167e-02,0.000000000000000000e+00,-7.996044927873303260e-03,1.066307342544915888e-03,3.009061270420005485e+00,1.007887161736355786e-01,3.887718581161915109e-03,-1.093559066569255774e-03,-9.990485592370548784e-02,1.331859867979059454e-02,1.063682438717172222e-03,-2.966808810701336931e-04,1.511268481270197986e-02
1.000000000000000056e-01,0.000000000000000000e+00,-9.993933217343408879e-03,1.332617973637468525e-03,3.009095466769883043e+00,1.007673858964424629e-01,4.840032642357458212e-03,-1.039541760506149971e-03,-9.988416799369521926e-02,1.331236435085150077e-02,1.005191300132568001e-03,-3.267044781470274865e-04,1.881465670273124030e-02
1.199999999999999956e-01,0.000000000000000000e+00,-1.199141941416749686e-02,1.598797932432585028e-03,3.009137084791306371e+00,1.007471315854557153e-01,5.784337765908709357e-03,-9.859621192189636438e-04,-9.986464504650716112e-02,1.330553239942923113e-02,9.471839404969345511e-04,-3.564432605457270990e-04,2.248552877997815960e-02
1.400000000000000133e-01,0.000000000000000000e+00,-1.398852672133262670e-02,1.864835323391075220e-03,3.009186058984402390e+00,1.007279445068990920e-01,6.720557034151510879e-03,-9.328181949552474470e-04,-9.984627741952230295e-02,1.329810851394789412e-02,8.896590638190825066e-04,-3.858980152119269032e-04,2.612500764218602528e-02
1.600000000000000033e-01,0.000000000000000000e+00,-1.598527814883264966e-02,2.130718364584838643e-03,3.009242323534923269e+00,1.007098159657018044e-01,7.648616048711328816e-03,-8.801080648683462602e-04,-9.982905547604127572e-02,1.329009836709266548e-02,8.326153741078218522e-04,-4.150695290913213801e-04,2.973280934343633039e-02
1.799999999999999933e-01,0.000000000000000000e+00,-1.798169651418667428e-02,2.396435387382095297e-03,3.009305812327160989e+00,1.006927373050029301e-01,8.568442919987899128e-03,-8.278298308136545049e-04,-9.981296960528482365e-02,1.328150761580984551e-02,7.760515753719643070e-04,-4.439585891296052278e-04,3.330865935628789937e-02
2.000000000000000111e-01,0.000000000000000000e+00,-1.997780444295739130e-02,2.661974836132596431e-03,3.009376458956777078e+00,1.006766999056588202e-01,9.479968255752858203e-03,-7.759816191392665714e-04,-9.979801022239320751e-02,1.327234190130678962e-02,7.199663716203199637e-04,-4.725659822724729816e-04,3.685229253089654378e-02
2.200000000000000011e-01,0.000000000000000000e+00,-2.197362436926947674e-02,2.927325267852852030e-03,3.009454196743541310e+00,1.006616951857559200e-01,1.038312514888258160e-02,-7.245615804712208716e-04,-9.978416776842666258e-02,1.326260684905194304e-02,6.643584668616996742e-04,-5.008924954656190139e-04,4.036345305118297505e-02
2.399999999999999911e-01,0.000000000000000000e+00,-2.396917853632805906e-02,3.192475351911356132e-03,3.009538958743975812e+00,1.006477146001273082e-01,1.127784916424919535e-02,-6.735678894935043758e-04,-9.977143271036537087e-02,1.325230806877485817e-02,6.092265651049145071e-04,-5.289389156547379687e-04,4.384189438811932765e-02
2.600000000000000089e-01,0.000000000000000000e+00,-2.596448899693703724e-02,3.457413869713800870e-03,3.009630677763905471e+00,1.006347496398734415e-01,1.216407832479260084e-02,-6.229987447230029250e-04,-9.975979554110911418e-02,1.324145115446614951e-02,5.545693703587750972e-04,-5.567060297855244352e-04,4.728737925020400773e-02
2.800000000000000266e-01,0.000000000000000000e+00,-2.795957761401749245e-02,3.722129714388299187e-03,3.009729286370913748e+00,1.006227918318880754e-01,1.304175309679611768e-02,-5.728523682795775120e-04,-9.974924677947756557e-02,1.323004168437751787e-02,5.003855866320913205e-04,-5.841946248036728948e-04,5.069967953119367682e-02
2.999999999999999889e-01,0.000000000000000000e+00,-2.995446606112613791e-02,3.986611890470617529e-03,3.009834716906693242e+00,1.006118327383885985e-01,1.391081637438900884e-02,-5.231270056514457497e-04,-9.973977697021027544e-02,1.321808522102177648e-02,4.466739179336752215e-04,-6.114054876548779367e-04,5.407857625516363648e-02
3.200000000000000067e-01,0.000000000000000000e+00,-3.194917582297364389e-02,4.250849513589381214e-03,3.009946901499300775e+00,1.006018639564508904e-01,1.477121346329872062e-02,-4.738209254560400490e-04,-9.973137668396664379e-02,1.320558731117280060e-02,3.934330682723369472e-04,-6.383394052848341505e-04,5.742385951896621099e-02
3.400000000000000244e-01,0.000000000000000000e+00,-3.394372819594306673e-02,4.514831810151305816e-03,3.010065772075302348e+00,1.005928771175491621e-01,1.562289206387588135e-02,-4.249324191965281740e-04,-9.972403651732576757e-02,1.319255348586555535e-02,3.406617416568868614e-04,-6.649971646392361258e-04,6.073532843215757870e-02
3.599999999999999867e-01,0.000000000000000000e+00,-3.593814428860824667e-02,4.778548117026418587e-03,3.010191260371816391e+00,1.005848638871008061e-01,1.646580225341493300e-02,-3.764598010141691057e-04,-9.971774709278664883e-02,1.317898926039609737e-02,2.883586420961359786e-04,-6.913795526637781267e-04,6.401279105446307238e-02
3.800000000000000044e-01,0.000000000000000000e+00,-3.793244502225224385e-02,5.041987881233279435e-03,3.010323297948447330e+00,1.005778159640161179e-01,1.729989646779353171e-02,-3.284014074366770368e-04,-9.971249905876813924e-02,1.316490013432156797e-02,2.365224735988955029e-04,-7.174873563041548512e-04,6.725606433085171143e-02
4.000000000000000222e-01,0.000000000000000000e+00,-3.992665113138563204e-02,5.305140659624201470e-03,3.010461816199110352e+00,1.005717250802531521e-01,1.812512948245342814e-02,-2.807555971227668591e-04,-9.970828308960891229e-02,1.315029159146019130e-02,1.851519401739750120e-04,-7.433213625060612140e-04,7.046497402428973655e-02
4.199999999999999845e-01,0.000000000000000000e+00,-4.192078316426495199e-02,5.567996118570468084e-03,3.010606746363741149e+00,1.005665830003774075e-01,1.894145839274588919e-02,-2.335207506030641874e-04,-9.970508988556732455e-02,1.313516909989127270e-02,1.342457458301865776e-04,-7.688823582151909372e-04,7.363935464624399296e-02
4.400000000000000022e-01,0.000000000000000000e+00,-4.391486148341119250e-02,5.830544033647567376e-03,3.010758019539896413e+00,1.005623815211275363e-01,1.974884259366401981e-02,-1.866952700175320836e-04,-9.970291017282176260e-02,1.311953811195522637e-02,8.380259457634003483e-05,-7.941711303772391525e-04,7.677904938500386411e-02
4.600000000000000200e-01,0.000000000000000000e+00,-4.590890626612803560e-02,6.092774289320405760e-03,3.010915566694235324e+00,1.005591124709853124e-01,2.054724375898522165e-02,-1.402775788496051152e-04,-9.970173470347032385e-02,1.310340406425352863e-02,3.382119042124632368e-05,-8.191884659379004494e-04,7.988391003189376782e-02
4.799999999999999822e-01,0.000000000000000000e+00,-4.790293750502031683e-02,6.354676878628519841e-03,3.011079318673886895e+00,1.005567677097516377e-01,2.133662581984562684e-02,-9.426612165718445705e-05,-9.970155425553084427e-02,1.308677237764874560e-02,-1.569976262628365330e-05,-8.439351518428692004e-04,8.295379690544338325e-02
5.000000000000000000e-01,0.000000000000000000e+00,-4.989697500851249939e-02,6.616241902871321245e-03,3.011249206217695651e+00,1.005553391281279740e-01,2.211695494276938803e-02,-4.865936380066733524e-05,-9.970235963294121762e-02,1.306964845726454535e-02,-6.476156055743919682e-05,-8.684119750378399951e-04,8.598857877358678792e-02
5.200000000000000178e-01,0.000000000000000000e+00,-5.189103840136693319e-02,6.877459571293301557e-03,3.011425159967350496e+00,1.005548186473026462e-01,2.288819950717494930e-02,-3.455791168175168695e-06,-9.970414166555899294e-02,1.305203769248566500e-02,-1.133654993634097770e-04,-8.926197224685073145e-04,8.898813277395944965e-02
5.400000000000000355e-01,0.000000000000000000e+00,-5.388514712520233590e-02,7.138320200769252867e-03,3.011607110478389693e+00,1.005551982185432791e-01,2.365033008238013462e-02,4.134609010185598269e-05,-9.970689120916154113e-02,1.303394545695792453e-02,-1.615128750353845861e-04,-9.165591810805658567e-04,9.195234433236086635e-02
5.600000000000000533e-01,0.000000000000000000e+00,-5.587932043901219781e-02,7.398814215489503930e-03,3.011794988231082826e+00,1.005564698227946058e-01,2.440331940412811609e-02,8.574775390056158463e-05,-9.971059914544611047e-02,1.301537710858825976e-02,-2.092049835645530163e-04,-9.402311378197099941e-04,9.488110707945210387e-02
5.799999999999999600e-01,0.000000000000000000e+00,-5.787357741968308239e-02,7.658932146645121633e-03,3.011988723641190635e+00,1.005586254702818261e-01,2.514714235065599809e-02,1.297506544308504764e-04,-9.971525638202978492e-02,1.299633798954465819e-02,-2.564431209421036873e-04,-9.636363796316342080e-04,9.777432276575653836e-02
5.999999999999999778e-01,0.000000000000000000e+00,-5.986793696251316993e-02,7.918664632113152357e-03,3.012188247070597402e+00,1.005616572001196141e-01,2.588177591832729538e-02,1.733562264917665836e-04,-9.972085385244938704e-02,1.297683342625619886e-02,-3.032285831592271296e-04,-9.867756934620335214e-04,1.006319011750307774e-01
6.199999999999999956e-01,0.000000000000000000e+00,-6.186241778173056510e-02,8.178002416141836456e-03,3.012393488837816768e+00,1.005655570799270787e-01,2.660719919684955553e-02,2.165658857648465857e-04,-9.972738251616167227e-02,1.295686872941307841e-02,-3.495626662071110551e-04,-1.009649866256601440e-03,1.034537600360728588e-01
6.400000000000000133e-01,0.000000000000000000e+00,-6.385703841101168787e-02,8.436936349035818392e-03,3.012604379228370099e+00,1.005703172054481093e-01,2.732339334409846637e-02,2.593810291023342465e-04,-9.973483335854316234e-02,1.293644919396654165e-02,-3.954466660769457502e-04,-1.032259684961033853e-03,1.062398249330359645e-01
6.600000000000000311e-01,0.000000000000000000e+00,-6.585181720399962968e-02,8.695457386841387235e-03,3.012820848505036953e+00,1.005759297001777436e-01,2.803034156056868897e-02,3.018030348170816827e-04,-9.974319739089017312e-02,1.291558009912893192e-02,-4.408818787599206885e-04,-1.054605936521024702e-03,1.089900292143116123e-01
6.800000000000000488e-01,0.000000000000000000e+00,-6.784677233482275249e-02,8.953556591031692005e-03,3.013042826917972761e+00,1.005823867149943929e-01,2.872802906347225391e-02,3.438332629739988995e-04,-9.975246565041891167e-02,1.289426670837369102e-02,-4.858696002472245304e-04,-1.076689407882268140e-03,1.117043139000495483e-01
7.000000000000000666e-01,0.000000000000000000e+00,-6.984192179861277439e-02,9.211225128191948344e-03,3.013270244714698620e+00,1.005896804277976592e-01,2.941644306050479607e-02,3.854730556829027337e-04,-9.976262920026537917e-02,1.287251426943533152e-02,-5.304111265300464782e-04,-1.098510885990458975e-03,1.143826275883792626e-01
7.199999999999999734e-01,0.000000000000000000e+00,-7.183728341202341716e-02,9.468454269704683346e-03,3.013503032149958738e+00,1.005978030431522174e-01,3.009557272329943869e-02,4.267237373926151224e-04,-9.977367912948534312e-02,1.285032801430945233e-02,-5.745077535995764392e-04,-1.120071157791292012e-03,1.170249263603973522e-01
7.399999999999999911e-01,0.000000000000000000e+00,-7.383287481374872785e-02,9.725235391434949167e-03,3.013741119495442433e+00,1.006067467919376929e-01,3.076540916058784214e-02,4.675866151861682611e-04,-9.978560655305453164e-02,1.282771315925275608e-02,-6.181607774470030195e-04,-1.141371010230461626e-03,1.196311736839839324e-01
7.600000000000000089e-01,0.000000000000000000e+00,-7.582871346504148347e-02,9.981559973415538370e-03,3.013984437049377352e+00,1.006165039310040893e-01,3.142594539108835988e-02,5.080629790769810444e-04,-9.979840261186839756e-02,1.280467490478301093e-02,-6.613714940635162347e-04,-1.162411230253662621e-03,1.222013403165134043e-01
7.800000000000000266e-01,0.000000000000000000e+00,-7.782481665023145700e-02,1.023741959953220620e-02,3.014232915145985015e+00,1.006270667428333515e-01,3.207717631613987708e-02,5.481541023058565188e-04,-9.981205847274213228e-02,1.278121843567907659e-02,-7.041411994403044741e-04,-1.183192604806588936e-03,1.247354042065201701e-01
8.000000000000000444e-01,0.000000000000000000e+00,-7.982120147724403036e-02,1.049280595720890330e-02,3.014486484164804025e+00,1.006384275352072283e-01,3.271909869210008065e-02,5.878612416386788620e-04,-9.982656532841097108e-02,1.275734892098091128e-02,-7.464711895685573195e-04,-1.203715920834935380e-03,1.272333503943813560e-01
8.200000000000000622e-01,0.000000000000000000e+00,-8.181788487811847421e-02,1.074771083709298754e-02,3.014745074539874725e+00,1.006505786408803810e-01,3.335171110252720811e-02,6.271856376646609216e-04,-9.984191439752983233e-02,1.273307151398954049e-02,-7.883627604394645699e-04,-1.223981965284396973e-03,1.296951709120795770e-01
8.399999999999999689e-01,0.000000000000000000e+00,-8.381488360952629724e-02,1.100212613274043939e-02,3.015008616768793281e+00,1.006635124172599594e-01,3.397501393016275073e-02,6.661285150950175182e-04,-9.985809692467342846e-02,1.270839135226708473e-02,-8.298172080442147228e-04,-1.243991525100667222e-03,1.321208646821038502e-01
8.599999999999999867e-01,0.000000000000000000e+00,-8.581221425328977581e-02,1.125604384030111198e-02,3.015277041421623672e+00,1.006772212460911864e-01,3.458900932873330142e-02,7.046910830619398328e-04,-9.987510418033646031e-02,1.268331355763676650e-02,-8.708358283739979023e-04,-1.263745387229442234e-03,1.345104374155498272e-01
8.800000000000000044e-01,0.000000000000000000e+00,-8.780989321690023386e-02,1.150945605820392036e-02,3.015550279149677326e+00,1.006916975331484110e-01,3.519370119458910956e-02,7.428745354177312315e-04,-9.989292746093321462e-02,1.265784323618285995e-02,-9.114199174200027145e-04,-1.283244338616414864e-03,1.368639015094783584e-01
9.000000000000000222e-01,0.000000000000000000e+00,-8.980793673403646149e-02,1.176235498684207077e-02,3.015828260694152885e+00,1.007069337079328497e-01,3.578909513819614197e-02,7.806800510339927460e-04,-9.991155808879792488e-02,1.263198547825074639e-02,-9.515707711734184161e-04,-1.302489166207280785e-03,1.391812759435890057e-01
9.200000000000000400e-01,0.000000000000000000e+00,-9.180636086508317528e-02,1.201473292825830201e-02,3.016110916894640503e+00,1.007229222233759491e-01,3.637519845549869180e-02,8.181087941007289749e-04,-9.993098741218478520e-02,1.260574535844690043e-02,-9.912896856254340468e-04,-1.321480656947733937e-03,1.414625861762673908e-01
9.400000000000000577e-01,0.000000000000000000e+00,-9.380518149764942304e-02,1.226658228583008513e-02,3.016398178697486721e+00,1.007396555555484241e-01,3.695202009916948721e-02,8.551619144252577435e-04,-9.995120680526758949e-02,1.257912793563887091e-02,-1.030577956767240490e-03,-1.340219597783469776e-03,1.437078640400635543e-01
9.599999999999999645e-01,0.000000000000000000e+00,-9.580441434708671100e-02,1.251789556395484920e-02,3.016689977164022540e+00,1.007571262033758602e-01,3.751957064976232242e-02,8.918405477307999240e-04,-9.997220766813998127e-02,1.255213825295528780e-02,-1.069436880590024725e-03,-1.358706775660181373e-03,1.459171476366538656e-01
9.799999999999999822e-01,0.000000000000000000e+00,-9.780407495700792209e-02,1.276866536773521750e-02,3.016986243478653851e+00,1.007753266883601173e-01,3.807786228678412127e-02,9.281458159546534647e-04,-9.999398142681566182e-02,1.252478133778588479e-02,-1.107867753084977418e-03,-1.376942977523564187e-03,1.480904812313445229e-01
1.000000000000000000e+00,0.000000000000000000e+00,-9.980417869980519330e-02,1.301888440266421934e-02,3.017286908956810620e+00,1.007942495543061312e-01,3.862690875970154619e-02,9.640788275458123070e-04,-1.000165195332278489e-01,1.249706220178146629e-02,-1.145871870243287934e-03,-1.394928990319313023e-03,1.502279151471704599e-01
1.020000000000000018e+00,0.000000000000000000e+00,-1.018047407771685425e-01,1.326854547431048983e-02,3.017591905052763313e+00,1.008138873670556129e-01,3.916672535889661327e-02,9.996406777619442144e-04,-1.000398134652297349e-01,1.246898584085392309e-02,-1.183450528056145422e-03,-1.412665600993122036e-03,1.523295056586388696e-01
1.040000000000000036e+00,0.000000000000000000e+00,-1.038057762206043427e-01,1.351764148800353206e-02,3.017901163367294970e+00,1.008342327142259659e-01,3.969732888658709241e-02,1.034832448965609334e-03,-1.000638547265943756e-01,1.244055723517624619e-02,-1.220605022514737511e-03,-1.430153596490685384e-03,1.543953148851750501e-01
1.060000000000000053e+00,0.000000000000000000e+00,-1.058072998919536156e-01,1.376616544851893241e-02,3.018214615655238742e+00,1.008552782049553370e-01,4.021873762772559119e-02,1.069655210919623865e-03,-1.000886348470145931e-01,1.241178134918250082e-02,-1.257336649610256603e-03,-1.447393763757698739e-03,1.564254106843184777e-01
1.080000000000000071e+00,0.000000000000000000e+00,-1.078093264839102838e-01,1.401411045976353083e-02,3.018532193832876853e+00,1.008770164696534688e-01,4.073097132089115169e-02,1.104110021081445995e-03,-1.001141453821029620e-01,1.238266313156783510e-02,-1.293646705333888810e-03,-1.464386889739855173e-03,1.584198665447198173e-01
1.100000000000000089e+00,0.000000000000000000e+00,-1.098118705205399365e-01,1.426146972446070901e-02,3.018853829985199244e+00,1.008994401597588519e-01,4.123405112918743926e-02,1.138197924896522297e-03,-1.001403779133920452e-01,1.235320751528849910e-02,-1.329536485676825882e-03,-1.481133761382850576e-03,1.603787614789888016e-01
1.120000000000000107e+00,0.000000000000000000e+00,-1.118149463577979424e-01,1.450823654383558668e-02,3.019179456373028536e+00,1.009225419475010821e-01,4.172799961116078343e-02,1.171919956090455503e-03,-1.001673240483341304e-01,1.232341941756181537e-02,-1.365007286630255017e-03,-1.497635165632378888e-03,1.623021799164420798e-01
1.140000000000000124e+00,0.000000000000000000e+00,-1.138185681840477442e-01,1.475440431730021956e-02,3.019509005440002003e+00,1.009463145256694616e-01,4.221284069175106762e-02,1.205277136959937356e-03,-1.001949754203012716e-01,1.229330373986619110e-02,-1.400060404185367530e-03,-1.513891889434134264e-03,1.641902115957977748e-01
1.159999999999999920e+00,0.000000000000000000e+00,-1.158227500205796373e-01,1.499996654213886331e-02,3.019842409819419426e+00,1.009707506073874161e-01,4.268859963328792279e-02,1.238270478662326221e-03,-1.002233236885854695e-01,1.226286536794112848e-02,-1.434697134333351269e-03,-1.529904719733811945e-03,1.660429514578634358e-01
1.179999999999999938e+00,0.000000000000000000e+00,-1.178275057221289113e-01,1.524491681319316803e-02,3.020179602340954172e+00,1.009958429258925594e-01,4.315530300654477763e-02,1.270900981503801349e-03,-1.002523605383985050e-01,1.223210917178721435e-02,-1.468918773065395599e-03,-1.545674443477106520e-03,1.678604995382632636e-01
1.199999999999999956e+00,0.000000000000000000e+00,-1.198328489773942546e-01,1.548924882254740752e-02,3.020520516037224379e+00,1.010215842343224479e-01,4.361297866186271410e-02,1.303169635225994273e-03,-1.002820776808719672e-01,1.220104000566611842e-02,-1.502726616372690102e-03,-1.561201847609711927e-03,1.696429608602500472e-01
1.219999999999999973e+00,0.000000000000000000e+00,-1.218387933095560899e-01,1.573295635921367550e-02,3.020865084150231361e+00,1.010479673055061228e-01,4.406165570035575074e-02,1.335077419291022744e-03,-1.003124668530571972e-01,1.216966270810059154e-02,-1.536121960246423709e-03,-1.576487719077322540e-03,1.713904453276449691e-01
1.239999999999999991e+00,0.000000000000000000e+00,-1.238453520767953259e-01,1.597603330881719116e-02,3.021213240137658129e+00,1.010749849317616189e-01,4.450136444520822604e-02,1.366625303164840672e-03,-1.003435198179255250e-01,1.213798210187448656e-02,-1.569106100677786870e-03,-1.591532844825634032e-03,1.731030676179465544e-01
1.260000000000000009e+00,0.000000000000000000e+00,-1.258525384728112484e-01,1.621847365328139140e-02,3.021564917679035567e+00,1.011026299246985671e-01,4.493213641307639700e-02,1.397814246598822786e-03,-1.003752283643679910e-01,1.210600299403272531e-02,-1.601680333657967432e-03,-1.606338011800339909e-03,1.747809470756541417e-01
1.280000000000000027e+00,0.000000000000000000e+00,-1.278603655273401474e-01,1.646027147051325884e-02,3.021920050681770498e+00,1.011308951150267782e-01,4.535400428560373148e-02,1.428645199909521534e-03,-1.004075843071954299e-01,1.207373017588132293e-02,-1.633845955178155193e-03,-1.620904006947134759e-03,1.764242076058437358e-01
1.300000000000000044e+00,0.000000000000000000e+00,-1.298688461066740685e-01,1.670142093408852335e-02,3.022278573287043191e+00,1.011597733523704606e-01,4.576700188106083006e-02,1.459119104256508198e-03,-1.004405794871386370e-01,1.204116842298738783e-02,-1.665604261229540386e-03,-1.635231617211714474e-03,1.780329775680374038e-01
1.320000000000000062e+00,0.000000000000000000e+00,-1.318779929141784268e-01,1.694191631293683400e-02,3.022640419875564977e+00,1.011892575050877263e-01,4.617116412611926152e-02,1.489236891918227328e-03,-1.004742057708481184e-01,1.200832249517910094e-02,-1.696956547803310641e-03,-1.649321629539772125e-03,1.796073896704039052e-01
1.340000000000000080e+00,0.000000000000000000e+00,-1.338878184908110780e-01,1.718175197102701432e-02,3.023005525073207966e+00,1.012193404600956331e-01,4.656652702777001884e-02,1.518999486565813725e-03,-1.005084550508942021e-01,1.197519713654573645e-02,-1.727904110890655758e-03,-1.663174830877002085e-03,1.811475808643318308e-01
1.360000000000000098e+00,0.000000000000000000e+00,-1.358983352156406255e-01,1.742092236705232791e-02,3.023373823756497991e+00,1.012500151227009454e-01,4.695312764539441575e-02,1.548407803534784192e-03,-1.005433192457670932e-01,1.194179707543765491e-02,-1.758448246482765751e-03,-1.676792008169100462e-03,1.826536922394071116e-01
1.380000000000000115e+00,0.000000000000000000e+00,-1.379095553063643398e-01,1.765942205411560537e-02,3.023745251057976979e+00,1.012812744164360429e-01,4.733100406299740187e-02,1.577462750094550670e-03,-1.005787902998768329e-01,1.190812702446630497e-02,-1.788590250570829985e-03,-1.690173948361760759e-03,1.841258689188349507e-01
1.400000000000000133e+00,0.000000000000000000e+00,-1.399214908198269935e-01,1.789724567941453764e-02,3.024119742371435215e+00,1.013131112829001451e-01,4.770019536161185930e-02,1.606165225715691907e-03,-1.006148601835531731e-01,1.187419168050420776e-02,-1.818331419146034791e-03,-1.703321438400676917e-03,1.855642599553403715e-01
1.419999999999999929e+00,0.000000000000000000e+00,-1.419341536525393910e-01,1.813438798392687928e-02,3.024497233357007708e+00,1.013455186816062392e-01,4.806074159188145067e-02,1.634516122334936372e-03,-1.006515208930458261e-01,1.183999572468499330e-02,-1.847673048199572786e-03,-1.716235265231544392e-03,1.869690182275792756e-01
1.439999999999999947e+00,0.000000000000000000e+00,-1.439475555411963703e-01,1.837084380209568282e-02,3.024877659946146657e+00,1.013784895898329069e-01,4.841268374683094233e-02,1.662516324617769464e-03,-1.006887644505243262e-01,1.180554382240336410e-02,-1.876616433722632900e-03,-1.728916215800058208e-03,1.883403003370959783e-01
1.459999999999999964e+00,0.000000000000000000e+00,-1.459617080631951669e-01,1.860660806151447424e-02,3.025260958346461582e+00,1.014120170024812723e-01,4.875606373483128142e-02,1.690166710218645937e-03,-1.007265829040778354e-01,1.177084062331510556e-02,-1.905162871706403199e-03,-1.741365077051911436e-03,1.896782665058582562e-01
1.479999999999999982e+00,0.000000000000000000e+00,-1.479766226371542481e-01,1.884167578261251863e-02,3.025647065046428885e+00,1.014460939319378474e-01,4.909092435276624783e-02,1.717468150038735548e-03,-1.007649683277155594e-01,1.173589076133709115e-02,-1.933313658142073914e-03,-1.753582635932800183e-03,1.909830804743983257e-01
1.500000000000000000e+00,0.000000000000000000e+00,-1.499923105234314269e-01,1.907604207834004070e-02,3.026035916819978855e+00,1.014807134079416667e-01,4.941730925940909791e-02,1.744421508481154874e-03,-1.008039128213664426e-01,1.170069885464729460e-02,-1.961070089020833327e-03,-1.765569679388417738e-03,1.922549094005955306e-01
1.520000000000000018e+00,0.000000000000000000e+00,-1.520087828246422246e-01,1.930970215385342803e-02,3.026427450730950319e+00,1.015158684774569858e-01,4.973526294901470940e-02,1.771027643703646046e-03,-1.008434085108793204e-01,1.166526950568475690e-02,-1.988433460333871236e-03,-1.777326994364458908e-03,1.934939237591243311e-01
1.540000000000000036e+00,0.000000000000000000e+00,-1.540260504861783453e-01,1.954265130620044463e-02,3.026821604137424959e+00,1.015515522045507130e-01,5.004483072513461750e-02,1.797287407868643000e-03,-1.008834475480226561e-01,1.162960730114960539e-02,-2.015405068072376790e-03,-1.788855367806618498e-03,1.947002972416000399e-01
1.560000000000000053e+00,0.000000000000000000e+00,-1.560441242967262054e-01,1.977488492400550010e-02,3.027218314695929724e+00,1.015877576702753637e-01,5.034605867466016710e-02,1.823201647390703100e-03,-1.009240221104850121e-01,1.159371681200307633e-02,-2.041986208227540220e-03,-1.800155586660591965e-03,1.958742066574450935e-01
1.580000000000000071e+00,0.000000000000000000e+00,-1.580630148887848807e-01,2.000639848715481117e-02,3.027617520365523340e+00,1.016244779725559988e-01,5.063899364210138615e-02,1.848771203181237164e-03,-1.009651244018744953e-01,1.155760259346746976e-02,-2.068178176790549157e-03,-1.811228437872071948e-03,1.970158318355086924e-01
1.600000000000000089e+00,0.000000000000000000e+00,-1.600827327391850796e-01,2.023718756648165348e-02,3.028019159411752259e+00,1.016617062260831150e-01,5.092368320410502192e-02,1.873996910890530490e-03,-1.010067466517192286e-01,1.152126918502617212e-02,-2.093982269752593835e-03,-1.822074708386754336e-03,1.981253555264572419e-01
1.620000000000000107e+00,0.000000000000000000e+00,-1.621032881696072292e-01,2.046724782345161336e-02,3.028423170410489362e+00,1.016994355622096446e-01,5.120017564421906059e-02,1.898879601146987893e-03,-1.010488811154671845e-01,1.148472111042367350e-02,-2.119399783104863617e-03,-1.832695185150333720e-03,1.992029633059667626e-01
1.640000000000000124e+00,0.000000000000000000e+00,-1.641246913470998381e-01,2.069657500984773205e-02,3.028829492251649214e+00,1.017376591288526588e-01,5.146851992790815039e-02,1.923420099793590830e-03,-1.010915200744860187e-01,1.144796287766552956e-02,-2.144432012838547435e-03,-1.843090655108503605e-03,2.002488434787385585e-01
1.660000000000000142e+00,0.000000000000000000e+00,-1.661469522845979985e-01,2.092516496745580601e-02,3.029238064142782516e+00,1.017763700904002200e-01,5.172876567782425800e-02,1.947619228121523450e-03,-1.011346558360632086e-01,1.141099897901839619e-02,-2.169080254944834654e-03,-1.853261905206958797e-03,2.012631869833585163e-01
1.679999999999999938e+00,0.000000000000000000e+00,-1.681700808414416937e-01,2.115301362774955896e-02,3.029648825612555996e+00,1.018155616276227443e-01,5.198096314933788042e-02,1.971477803100945680e-03,-1.011782807334062062e-01,1.137383389101001042e-02,-2.193345805414915074e-03,-1.863209722391395186e-03,2.022461872980249042e-01
1.699999999999999956e+00,0.000000000000000000e+00,-1.701940867238943833e-01,2.138011701157588318e-02,3.030061716514107495e+00,1.018552269375886249e-01,5.222516320633399656e-02,1.994996637608869097e-03,-1.012223871256421603e-01,1.133647207442919566e-02,-2.217229960239976757e-03,-1.872934893607505844e-03,2.031980403471641550e-01
1.719999999999999973e+00,0.000000000000000000e+00,-1.722189794856612000e-01,2.160647122884007051e-02,3.030476677028289156e+00,1.018953592335848091e-01,5.246141729727664405e-02,2.018176540654133874e-03,-1.012669673978180973e-01,1.129891797432585818e-02,-2.240734015411208636e-03,-1.882438205800984928e-03,2.041189444089546168e-01
1.739999999999999991e+00,0.000000000000000000e+00,-1.742447685284074232e-01,2.183207247819100860e-02,3.030893647666793811e+00,1.019359517450415947e-01,5.268977743154625720e-02,2.041018317599444052e-03,-1.013120139609008930e-01,1.126117602001100101e-02,-2.263859266919802677e-03,-1.891720445917529627e-03,2.050091000237775629e-01
1.760000000000000009e+00,0.000000000000000000e+00,-1.762714631022767875e-01,2.205691704670641531e-02,3.031312569275165014e+00,1.019769977174617565e-01,5.291029615605314512e-02,2.063522770380436452e-03,-1.013575192517771062e-01,1.122325062505670490e-02,-2.286607010756945644e-03,-1.900782400902831714e-03,2.058687099036133061e-01
1.780000000000000027e+00,0.000000000000000000e+00,-1.782990723064100669e-01,2.228100130957805583e-02,3.031733383035695617e+00,1.020184904123545011e-01,5.312302653213039211e-02,2.085690697721784281e-03,-1.014034757332532566e-01,1.118514618729612477e-02,-2.308978542913827769e-03,-1.909624857702586428e-03,2.066979788423991271e-01
1.800000000000000044e+00,0.000000000000000000e+00,-1.803276050894633276e-01,2.250432172979701176e-02,3.032156030470212205e+00,1.020604231071731427e-01,5.332802211271002457e-02,2.107522895350294034e-03,-1.014498758940556994e-01,1.114686708882352967e-02,-2.330975159381638850e-03,-1.918248603262489660e-03,2.074971136273679184e-01
1.820000000000000062e+00,0.000000000000000000e+00,-1.823570702501263463e-01,2.272687485783879066e-02,3.032580453442748070e+00,1.021027890952573014e-01,5.352533691978438729e-02,2.129020156204989613e-03,-1.014967122488305701e-01,1.110841769599425419e-02,-2.352598156151566085e-03,-1.926654424528233831e-03,2.082663229513795899e-01
1.840000000000000080e+00,0.000000000000000000e+00,-1.843874764376410291e-01,2.294865733134867150e-02,3.033006594162109604e+00,1.021455816857790994e-01,5.371502542215652459e-02,2.150183270644172393e-03,-1.015439773381437150e-01,1.106980235942472274e-02,-2.373848829214801875e-03,-1.934843108445515047e-03,2.090058173262643870e-01
1.860000000000000098e+00,0.000000000000000000e+00,-1.864188321523198855e-01,2.316966587482686274e-02,3.033434395184328114e+00,1.021887942036939501e-01,5.389714251348055180e-02,2.171013026649427306e-03,-1.015916637284810242e-01,1.103102541399245129e-02,-2.394728474562532114e-03,-1.942815441960027466e-03,2.097158089971855044e-01
1.880000000000000115e+00,0.000000000000000000e+00,-1.884511457460641415e-01,2.338989729931371594e-02,3.033863799415009499e+00,1.022324199896947061e-01,5.407174349059633983e-02,2.191510210026590983e-03,-1.016397640122481127e-01,1.099209117883604044e-02,-2.415238388185949204e-03,-1.950572212017465893e-03,2.103965118580428395e-01
1.900000000000000133e+00,0.000000000000000000e+00,-1.904844254228823808e-01,2.360934850207496716e-02,3.034294750111572903e+00,1.022764524001700953e-01,5.423888403215883919e-02,2.211675604603637307e-03,-1.016882708077702646e-01,1.095300395735515978e-02,-2.435379866076239908e-03,-1.958114205563523617e-03,2.110481413679228813e-01
1.919999999999999929e+00,0.000000000000000000e+00,-1.925186792394091018e-01,2.382801646628698519e-02,3.034727190885387671e+00,1.023208848071674865e-01,5.439862017756465218e-02,2.231509992425510271e-03,-1.017371767592928494e-01,1.091376803721059996e-02,-2.455154204224594891e-03,-1.965442209543896961e-03,2.116709144686092781e-01
1.939999999999999947e+00,0.000000000000000000e+00,-1.945539151054227756e-01,2.404589826072194361e-02,3.035161065703804173e+00,1.023657105983587640e-01,5.455100830617769236e-02,2.251014153945861233e-03,-1.017864745369809198e-01,1.087438769032420677e-02,-2.474562698622203086e-03,-1.972557010904279866e-03,2.122650495031654649e-01
1.959999999999999964e+00,0.000000000000000000e+00,-1.965901407843641813e-01,2.426299103943305169e-02,3.035596318892082479e+00,1.024109231770105738e-01,5.469610511685509685e-02,2.270188868215711371e-03,-1.018361568369193365e-01,1.083486717287892448e-02,-2.493606645260253857e-03,-1.979459396590365402e-03,2.128307661355978708e-01
1.979999999999999982e+00,0.000000000000000000e+00,-1.986273638938554909e-01,2.447929204143983045e-02,3.036032895135218901e+00,1.024565159619581639e-01,5.483396760777491108e-02,2.289034913069022854e-03,-1.018862163811128513e-01,1.079521072531878373e-02,-2.512287340129936569e-03,-1.986150153547850111e-03,2.133682852716102252e-01
2.000000000000000000e+00,0.000000000000000000e+00,-2.006655919062175497e-01,2.469479859041324998e-02,3.036470739479674386e+00,1.025024823875827495e-01,5.496465305656664940e-02,2.307553065305182650e-03,-1.019366459174860240e-01,1.075542257234889804e-02,-2.530606079222439721e-03,-1.992630068722427497e-03,2.138778289804566801e-01
2.020000000000000018e+00,0.000000000000000000e+00,-2.027048321489892668e-01,2.490950809436098812e-02,3.036909797335001215e+00,1.025488159037926811e-01,5.508821900074551553e-02,2.325744100868392446e-03,-1.019874382198831531e-01,1.071550692293546381e-02,-2.548564158528952676e-03,-1.998899929059791934e-03,2.143596204179015752e-01
2.040000000000000036e+00,0.000000000000000000e+00,-2.047450918054457003e-01,2.512341804531271691e-02,3.037350014475373783e+00,1.025955099760082201e-01,5.520472321845133756e-02,2.343608795023976402e-03,-1.020385860880685530e-01,1.067546797030578115e-02,-2.566162874040666536e-03,-2.004960521505639529e-03,2.148138837502935605e-01
2.060000000000000053e+00,0.000000000000000000e+00,-2.067863779151161430e-01,2.533652601900520870e-02,3.037791337041022555e+00,1.026425580851494518e-01,5.531422370949285600e-02,2.361147922531582882e-03,-1.020900823477261521e-01,1.063530989194821398e-02,-2.583403521748768496e-03,-2.010812633005663354e-03,2.152408440797604072e-01
2.080000000000000071e+00,0.000000000000000000e+00,-2.088286973743027630e-01,2.554882967456761217e-02,3.038233711539572113e+00,1.026899537276279722e-01,5.541677867669753815e-02,2.378362257815329599e-03,-1.021419198504597003e-01,1.059503684961221950e-02,-2.600287397644449223e-03,-2.016457050505558214e-03,2.156407273705298611e-01
2.100000000000000089e+00,0.000000000000000000e+00,-2.108720569365994113e-01,2.576032675420674226e-02,3.038677084847287713e+00,1.027376904153422532e-01,5.551244650756694682e-02,2.395252575130842748e-03,-1.021940914737931028e-01,1.055465298930835516e-02,-2.616815797718896781e-03,-2.021894560951018483e-03,2.160137603763793157e-01
2.120000000000000107e+00,0.000000000000000000e+00,-2.129164632134090962e-01,2.597101508289215155e-02,3.039121404210225474e+00,1.027857616756750886e-01,5.560128575623969616e-02,2.411819648729237806e-03,-1.022465901211696282e-01,1.051416244130824219e-02,-2.632990017963300535e-03,-2.027125951287738967e-03,2.163601705692272670e-01
2.140000000000000124e+00,0.000000000000000000e+00,-2.149619226744630962e-01,2.618089256804146878e-02,3.039566617245295976e+00,1.028341610514959259e-01,5.568335512575856711e-02,2.428064253018030749e-03,-1.022994087219526727e-01,1.047356932014459688e-02,-2.648811354368849850e-03,-2.032152008461413605e-03,2.166801860688560566e-01
2.160000000000000142e+00,0.000000000000000000e+00,-2.170084416483394063e-01,2.638995719920563324e-02,3.040012671941234146e+00,1.028828821011651407e-01,5.575871345064534884e-02,2.443987162718988786e-03,-1.023525402314253985e-01,1.043287772461123399e-02,-2.664281102926735392e-03,-2.036973519417738937e-03,2.169740355737836135e-01
2.180000000000000160e+00,0.000000000000000000e+00,-2.190560263229804072e-01,2.659820704775399391e-02,3.040459516659482109e+00,1.029319183985419328e-01,5.582741967978034625e-02,2.459589153022935775e-03,-1.024059776307907343e-01,1.039209173776303383e-02,-2.679400559628146959e-03,-2.041591271102408036e-03,2.172419482932765600e-01
2.200000000000000178e+00,0.000000000000000000e+00,-2.211046827462119502e-01,2.680564026655965146e-02,3.040907100134985441e+00,1.029812635329952764e-01,5.588953285958772610e-02,2.474870999741509738e-03,-1.024597139271714030e-01,1.035121542691597174e-02,-2.694171020464268713e-03,-2.046006050461114407e-03,2.174841538805114549e-01
2.220000000000000195e+00,0.000000000000000000e+00,-2.231544168262618588e-01,2.701225508968465444e-02,3.041355371476903269e+00,1.030309111094180330e-01,5.594511211752520308e-02,2.489833479455920602e-03,-1.025137421536101434e-01,1.031025284364712157e-02,-2.708593781426296958e-03,-2.050218644439555024e-03,2.177008823668832027e-01
2.240000000000000213e+00,0.000000000000000000e+00,-2.252052343322774874e-01,2.721804983206514705e-02,3.041804280169230879e+00,1.030808547482432863e-01,5.599421664587855146e-02,2.504477369662657434e-03,-1.025680553690692803e-01,1.026920802379462441e-02,-2.722670138505414988e-03,-2.054229839983422092e-03,2.178923640974647635e-01
2.260000000000000231e+00,0.000000000000000000e+00,-2.272571408948448057e-01,2.742302288919669026e-02,3.042253776071345062e+00,1.031310880854645340e-01,5.603690568585845827e-02,2.518803448916231025e-03,-1.026226466584310437e-01,1.022808498745771122e-02,-2.736401387692814335e-03,-2.058040424038410851e-03,2.180588296676125026e-01
2.280000000000000249e+00,0.000000000000000000e+00,-2.293101420065069562e-01,2.762717273681946153e-02,3.042703809418460192e+00,1.031816047726582808e-01,5.607323851200018971e-02,2.532812496968911507e-03,-1.026775091324976380e-01,1.018688773899670795e-02,-2.749788824979686533e-03,-2.061651183550217408e-03,2.182005098607216476e-01
2.300000000000000266e+00,0.000000000000000000e+00,-2.313642430222818958e-01,2.783049793060338867e-02,3.043154330822011033e+00,1.032323984770089215e-01,5.610327441686493999e-02,2.546505294907499585e-03,-1.027326359279908813e-01,1.014562026703302172e-02,-2.762833746357217912e-03,-2.065062905464534835e-03,2.183176355871310481e-01
2.319999999999999840e+00,0.000000000000000000e+00,-2.334194491601812860e-01,2.803299710583347787e-02,3.043605291269948498e+00,1.032834628813371625e-01,5.612707269604071819e-02,2.559882625287155256e-03,-1.027880202075524829e-01,1.010428654444914254e-02,-2.775537447816597836e-03,-2.068276376727057504e-03,2.184104378241715216e-01
2.339999999999999858e+00,0.000000000000000000e+00,-2.354757655017289952e-01,2.823466897709499962e-02,3.044056642126964807e+00,1.033347916841306224e-01,5.614469263344243344e-02,2.572945272262287027e-03,-1.028436551597439880e-01,1.006289052838864502e-02,-2.787901225349015671e-03,-2.071292384283479789e-03,2.184791475573596431e-01
2.359999999999999876e+00,0.000000000000000000e+00,-2.375331969924793507e-01,2.843551233795870575e-02,3.044508335134637811e+00,1.033863785995770834e-01,5.615619348690963075e-02,2.585694021714522034e-03,-1.028995339990468605e-01,1.002143616025620229e-02,-2.799926374945663817e-03,-2.074111715079497795e-03,2.185239957227337604e-01
2.379999999999999893e+00,0.000000000000000000e+00,-2.395917484425352795e-01,2.863552606066603959e-02,3.044960322411498943e+00,1.034382173576002123e-01,5.616163447410030263e-02,2.598129661377780904e-03,-1.029556499658622337e-01,9.979927365717565155e-03,-2.811614192597728604e-03,-2.076735156060805464e-03,2.185452131503284878e-01
2.399999999999999911e+00,0.000000000000000000e+00,-2.416514245270669492e-01,2.883470909581437383e-02,3.045412556453030550e+00,1.034903017038978496e-01,5.616107475867905541e-02,2.610252980960480352e-03,-1.030119963265110627e-01,9.938368054699562096e-03,-2.822965974296398096e-03,-2.079163494173095865e-03,2.185430305087844860e-01
2.419999999999999929e+00,0.000000000000000000e+00,-2.437122297868304088e-01,2.903306047204224846e-02,3.045864990131589511e+00,1.035426253999829349e-01,5.615457343679827740e-02,2.622064772264883891e-03,-1.030685663732343188e-01,9.896762121390127037e-03,-2.833983016032863827e-03,-2.081397516362065107e-03,2.185176782510896420e-01
2.439999999999999947e+00,0.000000000000000000e+00,-2.457741686286855076e-01,2.923057929571453578e-02,3.046317576696255802e+00,1.035951822232261815e-01,5.614218952387074052e-02,2.633565829303604125e-03,-1.031253534241926006e-01,9.855113444238268114e-03,-2.844666613798316028e-03,-2.083438009573407561e-03,2.184693865614492914e-01
2.459999999999999964e+00,0.000000000000000000e+00,-2.478372453261144803e-01,2.942726475060772340e-02,3.046770269772617556e+00,1.036479659669016506e-01,5.612398194163095017e-02,2.644756948413303464e-03,-1.031823508234663567e-01,9.813425885954069408e-03,-2.855018063583941897e-03,-2.085285760752817168e-03,2.183983853032764044e-01
2.479999999999999982e+00,0.000000000000000000e+00,-2.499014640197405324e-01,2.962311609759512090e-02,3.047223023362480188e+00,1.037009704402344218e-01,5.610000950548437587e-02,2.655638928365610611e-03,-1.032395519410560236e-01,9.771703293508727378e-03,-2.865038661380930364e-03,-2.086941556845989167e-03,2.183049039683011283e-01
2.500000000000000000e+00,0.000000000000000000e+00,-2.519668287178458699e-01,2.981813267433204573e-02,3.047675791843512894e+00,1.037541894684501226e-01,5.607033091214201626e-02,2.666212570475263218e-03,-1.032969501728816658e-01,9.729949498134504021e-03,-2.874729703180472530e-03,-2.088406184798617497e-03,2.181891716267920223e-01
2.520000000000000018e+00,0.000000000000000000e+00,-2.540333432968904792e-01,3.001231389494108531e-02,3.048128529968828548e+00,1.038076168928269427e-01,5.603500472753836226e-02,2.676478678705512294e-03,-1.033545389407831833e-01,9.688168315324747690e-03,-2.884092484973756892e-03,-2.089680431556396965e-03,2.180514168788832974e-01
2.540000000000000036e+00,0.000000000000000000e+00,-2.561010115020303513e-01,3.020565924969732113e-02,3.048581192866494316e+00,1.038612465707499238e-01,5.599408937503005945e-02,2.686438059770811758e-03,-1.034123116925204922e-01,9.646363544833905235e-03,-2.893128302751971949e-03,-2.090765084065022376e-03,2.178918678069998727e-01
2.560000000000000053e+00,0.000000000000000000e+00,-2.581698369476356780e-01,3.039816830471351455e-02,3.049033736038984088e+00,1.039150723757664846e-01,5.594764312387467964e-02,2.696091523236821344e-03,-1.034702619017731362e-01,9.604538970677504658e-03,-2.901838452506308799e-03,-2.091660929270188537e-03,2.177107519293796090e-01
2.580000000000000071e+00,0.000000000000000000e+00,-2.602398231178095767e-01,3.058984070162532737e-02,3.049486115362566085e+00,1.039690881976448045e-01,5.589572407798501508e-02,2.705439881617731530e-03,-1.035283830681405226e-01,9.562698361132151645e-03,-2.910224230227954206e-03,-2.092368754117588086e-03,2.175082961546769555e-01
2.600000000000000089e+00,0.000000000000000000e+00,-2.623109733669065080e-01,3.078067615727662215e-02,3.049938287086626953e+00,1.040232879424336371e-01,5.583839016495868723e-02,2.714483950470969898e-03,-1.035866687171419637e-01,9.520845468735546907e-03,-2.918286931908098403e-03,-2.092889345552917130e-03,2.172847267376487590e-01
2.620000000000000107e+00,0.000000000000000000e+00,-2.643832909200500292e-01,3.097067446340456831e-02,3.050390207832941236e+00,1.040776655325240385e-01,5.577569912537936464e-02,2.723224548489278952e-03,-1.036451124002165103e-01,9.478984030286477513e-03,-2.926027853537932488e-03,-2.093223490521871344e-03,2.170402692359097718e-01
2.640000000000000124e+00,0.000000000000000000e+00,-2.664567788736522114e-01,3.115983548632495284e-02,3.050841834594877344e+00,1.041322149067129971e-01,5.570770850238745270e-02,2.731662497590215278e-03,-1.037037076947230629e-01,9.437117766844809949e-03,-2.933448291108642358e-03,-2.093371975970142063e-03,2.167751484677506724e-01
2.660000000000000142e+00,0.000000000000000000e+00,-2.685314401959312813e-01,3.134815916661738006e-02,3.051293124736548457e+00,1.041869300202689919e-01,5.563447563151801417e-02,2.739798623003100817e-03,-1.037624482039404272e-01,9.395250383731505728e-03,-2.940549540611421715e-03,-2.093335588843427564e-03,2.164895884710119345e-01
2.680000000000000160e+00,0.000000000000000000e+00,-2.706072777274301511e-01,3.153564551881044703e-02,3.051744035991906134e+00,1.042418048449986340e-01,5.555605763080324888e-02,2.747633753353427143e-03,-1.038213275570670363e-01,9.353385570528605780e-03,-2.947332898037456454e-03,-2.093115116087419618e-03,2.161838124630041380e-01
2.700000000000000178e+00,0.000000000000000000e+00,-2.726842941815350585e-01,3.172229463106703701e-02,3.052194526463781976e+00,1.042968333693159028e-01,5.547251139113643092e-02,2.755168720744777342e-03,-1.038803394092213117e-01,9.311527001079230453e-03,-2.953799659377935941e-03,-2.092711344647813464e-03,2.158580428014641728e-01
2.720000000000000195e+00,0.000000000000000000e+00,-2.747624921449935975e-01,3.190810666486949138e-02,3.052644554622869766e+00,1.043520095983122842e-01,5.538389356689541604e-02,2.762404360838274179e-03,-1.039394774414415246e-01,9.269678333487609001e-03,-2.959951120624049973e-03,-2.092125061470303908e-03,2.155125009465412578e-01
2.740000000000000213e+00,0.000000000000000000e+00,-2.768418740784337473e-01,3.209308185470485797e-02,3.053094079306661435e+00,1.044073275538286300e-01,5.529026056682256884e-02,2.769341512929574499e-03,-1.039987353606856291e-01,9.227843210119036216e-03,-2.965788577766990085e-03,-2.091357053500587492e-03,2.151474074238017009e-01
2.760000000000000231e+00,0.000000000000000000e+00,-2.789224423168813471e-01,3.227722050775010121e-02,3.053543059718327957e+00,1.044627812745286266e-01,5.519166854515823728e-02,2.775981020023461469e-03,-1.040581068998314290e-01,9.186025257599894980e-03,-2.971313326797940003e-03,-2.090408107684353818e-03,2.147629817882422409e-01
2.780000000000000249e+00,0.000000000000000000e+00,-2.810041990702792369e-01,3.246052300355727060e-02,3.053991455425550061e+00,1.045183648159739298e-01,5.508817339302549826e-02,2.782323728906060684e-03,-1.041175858176766889e-01,9.144228086817664941e-03,-2.976526663708094298e-03,-2.089279010967301595e-03,2.143594425893041444e-01
2.800000000000000266e+00,0.000000000000000000e+00,-2.830871464240055091e-01,3.264298979373887050e-02,3.054439226359301873e+00,1.045740722507001869e-01,5.497983073006283694e-02,2.788370490214684902e-03,-1.041771658989389115e-01,9.102455292920906896e-03,-2.981429884488642768e-03,-2.087970550295124763e-03,2.139370073368763447e-01
2.819999999999999840e+00,0.000000000000000000e+00,-2.851712863393914277e-01,3.282462140165291059e-02,3.054886332812586591e+00,1.046298976682948911e-01,5.486669589630206734e-02,2.794122158505365095e-03,-1.042368409542553664e-01,9.060710455319259324e-03,-2.986024285130770006e-03,-2.086483512613516826e-03,2.134958924682774650e-01
2.839999999999999858e+00,0.000000000000000000e+00,-2.872566206542405687e-01,3.300541842208822713e-02,3.055332735439122427e+00,1.046858351754762773e-01,5.474882394428907256e-02,2.799579592318102075e-03,-1.042966048201831170e-01,9.018997137683453999e-03,-2.990311161625667114e-03,-2.084818684868172591e-03,2.130363133162086753e-01
2.859999999999999876e+00,0.000000000000000000e+00,-2.893431510833468501e-01,3.318538152094972771e-02,3.055778395251989021e+00,1.047418788961740621e-01,5.462626963144309733e-02,2.804743654239838253e-03,-1.043564513591993259e-01,8.977318887945317724e-03,-2.994291809964525191e-03,-2.082976854004786865e-03,2.125584840776611473e-01
2.879999999999999893e+00,0.000000000000000000e+00,-2.914308792190128394e-01,3.336451143494349736e-02,3.056223273622222791e+00,1.047980229716103662e-01,5.449908741265392653e-02,2.809615210965202021e-03,-1.044163744597006588e-01,8.935679238297749780e-03,-2.997967526138531867e-03,-2.080958806969054019e-03,2.120626177837764414e-01
2.899999999999999911e+00,0.000000000000000000e+00,-2.935198065315677840e-01,3.354280897126209887e-02,3.056667332277374527e+00,1.048542615603828138e-01,5.436733143311156535e-02,2.814195133355063775e-03,-1.044763680360037000e-01,8.894081705194734067e-03,-3.001339606138875207e-03,-2.078765330706667559e-03,2.115489262706392315e-01
2.919999999999999929e+00,0.000000000000000000e+00,-2.956099343698873616e-01,3.372027500726983151e-02,3.057110533300022137e+00,1.049105888385485907e-01,5.423105552136664453e-02,2.818484296492916163e-03,-1.045364260283449809e-01,8.852529789351349515e-03,-3.004409345956749779e-03,-2.076397212163324461e-03,2.110176201509964822e-01
2.939999999999999947e+00,0.000000000000000000e+00,-2.977012639619106560e-01,3.389691049018789953e-02,3.057552839126242095e+00,1.049669989997090158e-01,5.409031318261905974e-02,2.822483579739101106e-03,-1.045965424028807433e-01,8.811026975743770084e-03,-3.007178041583338443e-03,-2.073855238284718228e-03,2.104689087868930886e-01
2.959999999999999964e+00,0.000000000000000000e+00,-2.997937964151586310e-01,3.407271643677956680e-02,3.057994212544045354e+00,1.050234862550958187e-01,5.394515759223045964e-02,2.826193866782966430e-03,-1.046567111516869680e-01,8.769576733609226599e-03,-3.009646989009833167e-03,-2.071140196016541500e-03,2.099030002632083225e-01
2.979999999999999982e+00,0.000000000000000000e+00,-3.018875327172539924e-01,3.424769393303556120e-02,3.058434616691767527e+00,1.050800448336584175e-01,5.379564158945838309e-02,2.829616045692913504e-03,-1.047169262927597072e-01,8.728182516446065728e-03,-3.011817484227422882e-03,-2.068252872304491684e-03,2.093201013620841211e-01
3.000000000000000000e+00,0.000000000000000000e+00,-3.039824737364379414e-01,3.442184413385912523e-02,3.058874015056427087e+00,1.051366689821516681e-01,5.364181767140916574e-02,2.832751008964418289e-03,-1.047771818700146684e-01,8.686847762013703150e-03,-3.013690823227299122e-03,-2.065194054094263154e-03,2.087204175382346982e-01
3.020000000000000018e+00,0.000000000000000000e+00,-3.060786202220888708e-01,3.459516826275127466e-02,3.059312371472045822e+00,1.051933529652248206e-01,5.348373798720590377e-02,2.835599653566029266e-03,-1.048374719532872562e-01,8.645575892332644369e-03,-3.015268302000646047e-03,-2.061964528331546812e-03,2.081041528951233510e-01
3.040000000000000036e+00,0.000000000000000000e+00,-3.081759728052420044e-01,3.476766761149614055e-02,3.059749650117931541e+00,1.052500910655120164e-01,5.332145433236849807e-02,2.838162880983406428e-03,-1.048977906383330716e-01,8.604370313684484711e-03,-3.016551216538658660e-03,-2.058565081962041368e-03,2.074715101619947766e-01
3.060000000000000053e+00,0.000000000000000000e+00,-3.102745319991063178e-01,3.493934353984601282e-02,3.060185815516927921e+00,1.053068775837222859e-01,5.315501814340368308e-02,2.840441597261379649e-03,-1.049581320468272461e-01,8.563234416611907596e-03,-3.017540862832524592e-03,-2.054996501931440761e-03,2.068226906717553493e-01
3.080000000000000071e+00,0.000000000000000000e+00,-3.123742981995829560e-01,3.511019747520664064e-02,3.060620832533632818e+00,1.053637068387314607e-01,5.298448049260021803e-02,2.842436713044109269e-03,-1.050184903263646774e-01,8.522171575918663713e-03,-3.018238536873428871e-03,-2.051259575185436328e-03,2.061578943396823460e-01
3.100000000000000089e+00,0.000000000000000000e+00,-3.144752716857853736e-01,3.528023091232253966e-02,3.061054666372579280e+00,1.054205731676748914e-01,5.280989208302738769e-02,2.844149143613364499e-03,-1.050788596504604044e-01,8.481185150669617867e-03,-3.018645534652567367e-03,-2.047355088669726778e-03,2.054773196429552917e-01
3.120000000000000107e+00,0.000000000000000000e+00,-3.165774526205556993e-01,3.544944541296206342e-02,3.061487282576390356e+00,1.054774709260399290e-01,5.263130324373376662e-02,2.845579808924923130e-03,-1.051392342185490103e-01,8.440278484190703867e-03,-3.018763152161123373e-03,-2.043283829330003014e-03,2.047811636009973235e-01
3.140000000000000124e+00,0.000000000000000000e+00,-3.186808410509838763e-01,3.561784260560270365e-02,3.061918647023899709e+00,1.055343944877601969e-01,5.244876392514220831e-02,2.846729633643175789e-03,-1.051996082559849693e-01,8.399454904068938410e-03,-3.018592685390290593e-03,-2.039046584111962011e-03,2.040696217566110304e-01
3.160000000000000142e+00,0.000000000000000000e+00,-3.207854369089266910e-01,3.578542418511634210e-02,3.062348725928244697e+00,1.055913382453100013e-01,5.226232369463859606e-02,2.847599547173913954e-03,-1.052599760140426888e-01,8.358717722152441895e-03,-3.018135430331256221e-03,-2.034644139961298143e-03,2.033428881578991931e-01
3.180000000000000160e+00,0.000000000000000000e+00,-3.228912400115254155e-01,3.595219191245441898e-02,3.062777485834931035e+00,1.056482966097993664e-01,5.207203173235128851e-02,2.848190483695366322e-03,-1.053203317699162589e-01,8.318070234550403730e-03,-3.017392682975209624e-03,-2.030077283823704479e-03,2.026011553409582389e-01
3.200000000000000178e+00,0.000000000000000000e+00,-3.249982500617238368e-01,3.611814761433309456e-02,3.063204893619869029e+00,1.057052640110698744e-01,5.187793682711788062e-02,2.848503382187506528e-03,-1.053806698267196473e-01,8.277515721633099677e-03,-3.016365739313339733e-03,-2.025346802644876695e-03,2.018446143133312276e-01
3.220000000000000195e+00,0.000000000000000000e+00,-3.271064666487880634e-01,3.628329318291866751e-02,3.063630916487382727e+00,1.057622348977909771e-01,5.168008737263624086e-02,2.848539186459662139e-03,-1.054409845134866852e-01,8.237057448031910936e-03,-3.015055895336838081e-03,-2.020453483370510030e-03,2.010734545382083238e-01
3.240000000000000213e+00,0.000000000000000000e+00,-3.292158892488237232e-01,3.644763057551259761e-02,3.064055521968196860e+00,1.058192037375568356e-01,5.147853136379672984e-02,2.848298845176438793e-03,-1.055012701851709978e-01,8.196698662639282512e-03,-3.013464447036892299e-03,-2.015398112946297990e-03,2.002878639193626520e-01
3.260000000000000231e+00,0.000000000000000000e+00,-3.313265172252944368e-01,3.661116181423681309e-02,3.064478677917394478e+00,1.058761650169835478e-01,5.127331639319267220e-02,2.847783311882026280e-03,-1.055615212226459487e-01,8.156442598608749234e-03,-3.011592690404689149e-03,-2.010181478317934079e-03,1.994880287868100177e-01
3.280000000000000249e+00,0.000000000000000000e+00,-3.334383498295409032e-01,3.677388898571895548e-02,3.064900352512354154e+00,1.059331132418072363e-01,5.106448964780568867e-02,2.846993545022891755e-03,-1.056217320327048764e-01,8.116292473354949633e-03,-3.009441921431423202e-03,-2.004804366431115273e-03,1.986741338831784220e-01
3.300000000000000266e+00,0.000000000000000000e+00,-3.355513862012989845e-01,3.693581424077753417e-02,3.065320514250662765e+00,1.059900429369821095e-01,5.085209790586290440e-02,2.845930507968882656e-03,-1.056818970480609132e-01,8.076251488553594718e-03,-3.007013436108279050e-03,-1.999267564231534209e-03,1.978463623507764335e-01
3.320000000000000284e+00,0.000000000000000000e+00,-3.376656253692170706e-01,3.709693979410717823e-02,3.065739131948006513e+00,1.060469486467790073e-01,5.063618753386350813e-02,2.844595169032798285e-03,-1.057420107273468191e-01,8.036322830141469711e-03,-3.004308530426447795e-03,-1.993571858664885694e-03,1.970048957193495653e-01
3.339999999999999858e+00,0.000000000000000000e+00,-3.397810662513767177e-01,3.725726792396392290e-02,3.066156174736042406e+00,1.061038249348848772e-01,5.041680448377021395e-02,2.842988501488436133e-03,-1.058020675551154810e-01,7.996509668316470476e-03,-3.001328500377118368e-03,-1.987718036676864967e-03,1.961499138945071719e-01
3.359999999999999876e+00,0.000000000000000000e+00,-3.418977076558091244e-01,3.741680097185031556e-02,3.066571612060246643e+00,1.061606663845017368e-01,5.019399429036441873e-02,2.841111483587153725e-03,-1.058620620418394276e-01,7.956815157537568822e-03,-2.998074641951481434e-03,-1.981706885213166836e-03,1.952815951468151734e-01
3.379999999999999893e+00,0.000000000000000000e+00,-3.440155482810135501e-01,3.757554134220070230e-02,3.066985413677744798e+00,1.062174675984464828e-01,4.996780206876058616e-02,2.838965098572964179e-03,-1.059219887239109537e-01,7.917242436524810772e-03,-2.994548251140723757e-03,-1.975539191219483938e-03,1.944001161015361800e-01
3.399999999999999911e+00,0.000000000000000000e+00,-3.461345867164773993e-01,3.773349150206644492e-02,3.067397549655125566e+00,1.062742231992510888e-01,4.973827251207735278e-02,2.836550334696224477e-03,-1.059818421636423841e-01,7.877794628259349521e-03,-2.990750623936038605e-03,-1.969215741641513681e-03,1.935056517290077716e-01
3.419999999999999929e+00,0.000000000000000000e+00,-3.482548214431928635e-01,3.789065398080117275e-02,3.067807990366233639e+00,1.063309278292626087e-01,4.950544988926251083e-02,2.833868185225895623e-03,-1.060416169492657268e-01,7.838474839983409007e-03,-2.986683056328612740e-03,-1.962737323424949571e-03,1.925983753356464157e-01
3.439999999999999947e+00,0.000000000000000000e+00,-3.503762508341759507e-01,3.804703136974589561e-02,3.068216706489947931e+00,1.063875761507436929e-01,4.926937804306854435e-02,2.830919648460453620e-03,-1.061013076949327699e-01,7.799286163200302990e-03,-2.982346844309632927e-03,-1.956104723515484246e-03,1.916784585555646736e-01
3.459999999999999964e+00,0.000000000000000000e+00,-3.524988731549851262e-01,3.820262632191439439e-02,3.068623669007940702e+00,1.064441628459734945e-01,4.903010038817601918e-02,2.827705727737458638e-03,-1.061609090407152900e-01,7.760231673674439397e-03,-2.977743283870292867e-03,-1.949318728858813379e-03,1.907460713427899524e-01
3.479999999999999982e+00,0.000000000000000000e+00,-3.546226865642395643e-01,3.835744155167827851e-02,3.069028849202425580e+00,1.065006826173483107e-01,4.878765990946173914e-02,2.824227431441794951e-03,-1.062204156526047744e-01,7.721314431431296893e-03,-2.972873671001778888e-03,-1.942380126400632860e-03,1.898013819640727295e-01
3.500000000000000000e+00,0.000000000000000000e+00,-3.567476891141370676e-01,3.851147983445226547e-02,3.069432218653888711e+00,1.065571301874825016e-01,4.854209916040889972e-02,2.820485773012646694e-03,-1.062798222225124489e-01,7.682537480757449175e-03,-2.967739301695282092e-03,-1.935289703086635763e-03,1.888445569922730660e-01
3.520000000000000018e+00,0.000000000000000000e+00,-3.588738787509732631e-01,3.866474400637950198e-02,3.069833749238804810e+00,1.066135002993100905e-01,4.829346026165569350e-02,2.816481770949199031e-03,-1.063391234682695835e-01,7.643903850200563233e-03,-2.962341471941990542e-03,-1.928048245862517976e-03,1.878757613003108062e-01
3.540000000000000036e+00,0.000000000000000000e+00,-3.610012533156595205e-01,3.881723696401664231e-02,3.070233413127341660e+00,1.066697877161855573e-01,4.804178489968064653e-02,2.812216448815124149e-03,-1.063983141336271032e-01,7.605416552569380269e-03,-2.956681477733093168e-03,-1.920656541673972355e-03,1.868951580556724168e-01
3.560000000000000053e+00,0.000000000000000000e+00,-3.631298105442409274e-01,3.896896166401907918e-02,3.070631182781054846e+00,1.067259872219852995e-01,4.778711432562081363e-02,2.807690835241862925e-03,-1.064573889882557967e-01,7.567078584933727842e-03,-2.950760615059779771e-03,-1.913115377466693273e-03,1.859029087154592530e-01
3.580000000000000071e+00,0.000000000000000000e+00,-3.652595480684162621e-01,3.911992112282632050e-02,3.071027030950564285e+00,1.067820936212091898e-01,4.752948935422024457e-02,2.802905963930722635e-03,-1.065163428277463575e-01,7.528892928624532008e-03,-2.944580179913241450e-03,-1.905425540186377921e-03,1.848991730219658458e-01
3.600000000000000089e+00,0.000000000000000000e+00,-3.673904634160543581e-01,3.927011841634702599e-02,3.071420930673227190e+00,1.068381017390816756e-01,4.726895036290610502e-02,2.797862873653840596e-03,-1.065751704736091487e-01,7.490862549233791301e-03,-2.938141468284664968e-03,-1.897587816778718503e-03,1.838841089987784116e-01
3.620000000000000107e+00,0.000000000000000000e+00,-3.695225540117134666e-01,3.941955667964430754e-02,3.071812855270796394e+00,1.068940064216533509e-01,4.700553729098961436e-02,2.792562608254021972e-03,-1.066338667732744244e-01,7.452990396614593213e-03,-2.931445776165240557e-03,-1.889602994189409609e-03,1.828578729473814002e-01
3.640000000000000124e+00,0.000000000000000000e+00,-3.716558171771604524e-01,3.956823910662100180e-02,3.072202778347068897e+00,1.069498025359025828e-01,4.673928963898847655e-02,2.787006216643481658e-03,-1.066924266000923854e-01,7.415279404881122000e-03,-2.924494399546157582e-03,-1.881471859364147563e-03,1.818206194442588408e-01
3.660000000000000142e+00,0.000000000000000000e+00,-3.737902501318877135e-01,3.971616894970480399e-02,3.072590673785529969e+00,1.070054849698364591e-01,4.647024646806918735e-02,2.781194752801524530e-03,-1.067508448533329157e-01,7.377732492408632659e-03,-2.917288634418605843e-03,-1.873195199248625436e-03,1.807725013384836599e-01
3.680000000000000160e+00,0.000000000000000000e+00,-3.759258499936322107e-01,3.986334951953349887e-02,3.072976515746983939e+00,1.070610486325922761e-01,4.619844639960533905e-02,2.775129275771173569e-03,-1.068091164581856933e-01,7.340352561833470880e-03,-2.909829776773771668e-03,-1.864773800788536951e-03,1.797136697497791480e-01
3.700000000000000178e+00,0.000000000000000000e+00,-3.780626137788941632e-01,4.000978418464026104e-02,3.073360278667180534e+00,1.071164884545389301e-01,4.592392761484974384e-02,2.768810849654797495e-03,-1.068672363657603430e-01,7.303142500053080854e-03,-2.902119122602849627e-03,-1.856208450929579517e-03,1.786442740670440843e-01
3.720000000000000195e+00,0.000000000000000000e+00,-3.802005384034552460e-01,4.015547637113882351e-02,3.073741937254433232e+00,1.071717993873778502e-01,4.564672785471769051e-02,2.762240543608724449e-03,-1.069251995530862698e-01,7.266105178225978380e-03,-2.894157967897023880e-03,-1.847499936617444686e-03,1.775644619473295549e-01
3.740000000000000213e+00,0.000000000000000000e+00,-3.823396206828963972e-01,4.030042956240861146e-02,3.074121466487233167e+00,1.072269764042440010e-01,4.536688441967897528e-02,2.755419431836914155e-03,-1.069830010231126033e-01,7.229243451771765611e-03,-2.885947608647485962e-03,-1.838649044797828784e-03,1.764743793152587781e-01
3.760000000000000231e+00,0.000000000000000000e+00,-3.844798573331177916e-01,4.044464729878021608e-02,3.074498841611853717e+00,1.072820144998069825e-01,4.508443416975507073e-02,2.748348593583672950e-03,-1.070406358047084755e-01,7.192560160371142333e-03,-2.877489340845424369e-03,-1.829656562416425315e-03,1.753741703628746429e-01
3.780000000000000249e+00,0.000000000000000000e+00,-3.866212449708548160e-01,4.058813317722026470e-02,3.074874038139954191e+00,1.073369086903715464e-01,4.479941352462026710e-02,2.741029113125452010e-03,-1.070980989526627014e-01,7.156058127965882545e-03,-2.868784460482029768e-03,-1.820523276418929953e-03,1.742639775499098542e-01
3.800000000000000266e+00,0.000000000000000000e+00,-3.887637801141988203e-01,4.073089085101698481e-02,3.075247031846176426e+00,1.073916540139781689e-01,4.451185846380315697e-02,2.733462079761758701e-03,-1.071553855476839456e-01,7.119740162758852672e-03,-2.859834263548489790e-03,-1.811249973751035986e-03,1.731439416044652513e-01
3.820000000000000284e+00,0.000000000000000000e+00,-3.909074591831144252e-01,4.087292402946519909e-02,3.075617798765738264e+00,1.074462455305036090e-01,4.422180452698606934e-02,2.725648587805197965e-03,-1.072124906964007640e-01,7.083609057214006362e-03,-2.850640046035995533e-03,-1.801837441358438655e-03,1.720142015240865019e-01
3.839999999999999858e+00,0.000000000000000000e+00,-3.930522784999574970e-01,4.101423647755163271e-02,3.075986315192025700e+00,1.075006783217607453e-01,4.392928681440082250e-02,2.717589736570658054e-03,-1.072694095313614648e-01,7.047667588056378413e-03,-2.841203103935736798e-03,-1.792286466186834067e-03,1.708748945772318173e-01
3.859999999999999876e+00,0.000000000000000000e+00,-3.951982342899944545e-01,4.115483201564010263e-02,3.076352557674177923e+00,1.075549474915988291e-01,4.363433998731666708e-02,2.709286630363681812e-03,-1.073261372110342060e-01,7.011918516272089980e-03,-2.831524733238898611e-03,-1.782597835181913559e-03,1.697261563051145061e-01
3.879999999999999893e+00,0.000000000000000000e+00,-3.973453226819204098e-01,4.129471451915682489e-02,3.076716503014674586e+00,1.076090481660029602e-01,4.333699826862011384e-02,2.700740378468041714e-03,-1.073826689198069950e-01,6.976364587108354644e-03,-2.821606229936674676e-03,-1.772772335289374106e-03,1.685681205239185632e-01
3.899999999999999911e+00,0.000000000000000000e+00,-3.994935397083770323e-01,4.143388791827545825e-02,3.077078128266919954e+00,1.076629754931935079e-01,4.303729544348212921e-02,2.691952095132523447e-03,-1.074389998679875780e-01,6.941008530073460199e-03,-2.811448890020250453e-03,-1.762810753454907911e-03,1.674009193273690299e-01
3.919999999999999929e+00,0.000000000000000000e+00,-4.016428813064716885e-01,4.157235619760256407e-02,3.077437410732823952e+00,1.077167246437255310e-01,4.273526486011172687e-02,2.682922899556965286e-03,-1.074951252918036337e-01,6.905853058936798142e-03,-2.801054009480819212e-03,-1.752713876624212384e-03,1.662246830896529914e-01
3.939999999999999947e+00,0.000000000000000000e+00,-4.037933433182954723e-01,4.171012339586264300e-02,3.077794327960387211e+00,1.077702908105873936e-01,4.243093943059308287e-02,2.673653915877554580e-03,-1.075510404534026493e-01,6.870900871728830711e-03,-2.790422884309568148e-03,-1.742482491742981029e-03,1.650395404686791356e-01
3.959999999999999964e+00,0.000000000000000000e+00,-4.059449214914410131e-01,4.184719360558335904e-02,3.078148857741279887e+00,1.078236692092992555e-01,4.212435163180400927e-02,2.664146273151418200e-03,-1.076067406408517668e-01,6.836154650741109104e-03,-2.779556810497684893e-03,-1.732117385756906701e-03,1.638456184096677148e-01
3.979999999999999982e+00,0.000000000000000000e+00,-4.080976114795225596e-01,4.198357097278092309e-02,3.078500978108428043e+00,1.078768550780117574e-01,4.181553350641308703e-02,2.654401105340525608e-03,-1.076622211681381863e-01,6.801617062526279546e-03,-2.768457084036363147e-03,-1.721619345611686809e-03,1.626430421490587530e-01
4.000000000000000000e+00,0.000000000000000000e+00,-4.102514088426925665e-01,4.211925969664516434e-02,3.078850667333593361e+00,1.079298436776035819e-01,4.150451666395386235e-02,2.644419551294900639e-03,-1.077174773751688464e-01,6.767290757898067680e-03,-2.757125000916789241e-03,-1.710989158253013991e-03,1.614319352187328360e-01
4.020000000000000462e+00,0.000000000000000000e+00,-4.124063090481607241e-01,4.225426402922474733e-02,3.079197903924961288e+00,1.079826302917790415e-01,4.119133228197346952e-02,2.634202754735207042e-03,-1.077725046277704102e-01,6.733178371931277696e-03,-2.745561857130150371e-03,-1.700227610626582186e-03,1.602124194505331889e-01
4.040000000000000036e+00,0.000000000000000000e+00,-4.145623074707129874e-01,4.238858827511254868e-02,3.079542666624725644e+00,1.080352102271656262e-01,4.087601110725337661e-02,2.623751864234695214e-03,-1.078272983176895294e-01,6.699282523961817490e-03,-2.733768948667638504e-03,-1.689335489678087500e-03,1.589846149810793807e-01
4.060000000000000497e+00,0.000000000000000000e+00,-4.167193993932291618e-01,4.252223679113068672e-02,3.079884934406678543e+00,1.080875788134105092e-01,4.055858345710046386e-02,2.613068033200535278e-03,-1.078818538625925805e-01,6.665605817586663095e-03,-2.721747571520443873e-03,-1.678313582353223440e-03,1.577486402568659407e-01
4.080000000000000071e+00,0.000000000000000000e+00,-4.188775800072013777e-01,4.265521398601585662e-02,3.080224686473802986e+00,1.081397314032771645e-01,4.023907922070608933e-02,2.602152419854555573e-03,-1.079361667060657198e-01,6.632150840663889914e-03,-2.709499021679754541e-03,-1.667162675597686329e-03,1.565046120396353657e-01
4.099999999999999645e+00,0.000000000000000000e+00,-4.210368444132530641e-01,4.278752432010455437e-02,3.080561902255865014e+00,1.081916633727416505e-01,3.991752786057077562e-02,2.591006187213423014e-03,-1.079902323176150786e-01,6.598920165312657099e-03,-2.697024595136759875e-03,-1.655883556357169240e-03,1.552526454120164989e-01
4.120000000000000107e+00,0.000000000000000000e+00,-4.231971876216570339e-01,4.291917230501821751e-02,3.080896561407016065e+00,1.082433701210879645e-01,3.959395841399320631e-02,2.579630503068261818e-03,-1.080440461926664708e-01,6.565916347913203222e-03,-2.684325587882648804e-03,-1.644477011577366544e-03,1.539928537834225619e-01
4.139999999999999680e+00,0.000000000000000000e+00,-4.253586045528528481e-01,4.305016250334851163e-02,3.081228643803392231e+00,1.082948470710035777e-01,3.926839949462074958e-02,2.568026539963736646e-03,-1.080976038525655741e-01,6.533141929106851473e-03,-2.671403295908610261e-03,-1.632943828203973916e-03,1.527253488961970163e-01
4.160000000000000142e+00,0.000000000000000000e+00,-4.275210900379678436e-01,4.318049952834262378e-02,3.081558129540722391e+00,1.083460896686742614e-01,3.894087929405956605e-02,2.556195475176625733e-03,-1.081509008445779574e-01,6.500599433796027012e-03,-2.658259015205833610e-03,-1.621284793182683559e-03,1.514502408320004545e-01
4.179999999999999716e+00,0.000000000000000000e+00,-4.296846388193324984e-01,4.331018804358827134e-02,3.081884998931939901e+00,1.083970933838783596e-01,3.861142558354330179e-02,2.544138490693894847e-03,-1.082039327418889418e-01,6.468291371144227475e-03,-2.644894041765511253e-03,-1.609500693459193750e-03,1.501676380184326087e-01
4.200000000000000178e+00,0.000000000000000000e+00,-4.318492455510004047e-01,4.343923276269911343e-02,3.082209232504800056e+00,1.084478537100807827e-01,3.828006571565665400e-02,2.531856773190274690e-03,-1.082566951436035596e-01,6.436220234576035121e-03,-2.631309671578826049e-03,-1.597592315979194958e-03,1.488776472358759317e-01
4.219999999999999751e+00,0.000000000000000000e+00,-4.340149047992669651e-01,4.356763844899992633e-02,3.082530810999501547e+00,1.084983661645269881e-01,3.794682662611358753e-02,2.519351514005412854e-03,-1.083091836747469838e-01,6.404388501777131572e-03,-2.617507200636973435e-03,-1.585560447688384375e-03,1.475803736245586695e-01
4.240000000000000213e+00,0.000000000000000000e+00,-4.361816110431870341e-01,4.369540991521181361e-02,3.082849715366314136e+00,1.085486262883353509e-01,3.761173483558769015e-02,2.506623909120533119e-03,-1.083613939862639874e-01,6.372798634694270062e-03,-2.603487924931140608e-03,-1.573405875532455723e-03,1.462759206918277377e-01
4.259999999999999787e+00,0.000000000000000000e+00,-4.383493586750931703e-01,4.382255202313733999e-02,3.083165926763215214e+00,1.085986296465901030e-01,3.727481645159245321e-02,2.493675159134696191e-03,-1.084133217550190681e-01,6.341453079535292782e-03,-2.589253140452513896e-03,-1.561129386457103373e-03,1.449643903196217998e-01
4.280000000000000249e+00,0.000000000000000000e+00,-4.405181420011153315e-01,4.394906968334599123e-02,3.083479426553528580e+00,1.086483718284336625e-01,3.693609717041010376e-02,2.480506469240645849e-03,-1.084649626837968645e-01,6.310354266769142156e-03,-2.574804143192287002e-03,-1.548731767408023001e-03,1.436458827721393272e-01
4.299999999999999822e+00,0.000000000000000000e+00,-4.426879552416977948e-01,4.407496785485912061e-02,3.083790196303575204e+00,1.086978484471577827e-01,3.659560227906730884e-02,2.467119049200233987e-03,-1.085163125013015317e-01,6.279504611125829618e-03,-2.560142229141646689e-03,-1.536213805330907678e-03,1.423204967036945101e-01
4.320000000000000284e+00,0.000000000000000000e+00,-4.448587925321174641e-01,4.420025154483528396e-02,3.084098217780325335e+00,1.087470551402950486e-01,3.625335665735560098e-02,2.453514113319493501e-03,-1.085673669621571857e-01,6.248906511596452953e-03,-2.545268694291783190e-03,-1.523576287171452643e-03,1.409883291667521354e-01
4.339999999999999858e+00,0.000000000000000000e+00,-4.470306479230041208e-01,4.432492580825556777e-02,3.084403472949063918e+00,1.087959875697094292e-01,3.590938477989506772e-02,2.439692880423321303e-03,-1.086181218469077919e-01,6.218562351433214522e-03,-2.530184834633884133e-03,-1.510819999875352270e-03,1.396494756201356879e-01
4.360000000000000320e+00,0.000000000000000000e+00,-4.492035153808571213e-01,4.444899574760864669e-02,3.084705943971060904e+00,1.088446414216863584e-01,3.556371071823953567e-02,2.425656573829829566e-03,-1.086685729620171098e-01,6.188474498149382219e-03,-2.514891946159141488e-03,-1.497945730388300714e-03,1.383040299374010962e-01
4.379999999999999893e+00,0.000000000000000000e+00,-4.513773887885638714e-01,4.457246651257604914e-02,3.085005613201249108e+00,1.088930124070221911e-01,3.521635814302200018e-02,2.411406421324342221e-03,-1.087187161398686236e-01,6.158645303519315502e-03,-2.499391324858742883e-03,-1.484954265655994299e-03,1.369520844153710171e-01
4.400000000000000355e+00,0.000000000000000000e+00,-4.535522619459196325e-01,4.469534329971750625e-02,3.085302463185913169e+00,1.089410962611137845e-01,3.486735032613736546e-02,2.396943655133078766e-03,-1.087685472387659030e-01,6.129077103578470589e-03,-2.483684266723877685e-03,-1.471846392624125447e-03,1.355937297828181398e-01
4.419999999999999929e+00,0.000000000000000000e+00,-4.557281285701441087e-01,4.481763135215595384e-02,3.085596476660384724e+00,1.089888887440463028e-01,3.451671014296324447e-02,2.382269511896534936e-03,-1.088180621429320205e-01,6.099772218623377915e-03,-2.467772067745736559e-03,-1.458622898238390699e-03,1.342290552092996192e-01
4.440000000000000391e+00,0.000000000000000000e+00,-4.579049822964006422e-01,4.493933595926290214e-02,3.085887636546748247e+00,1.090363856406818821e-01,3.416446007461445417e-02,2.367385232642552420e-03,-1.088672567625100368e-01,6.070732953211655999e-03,-2.451656023915504534e-03,-1.445284569444481608e-03,1.328581483141257347e-01
4.459999999999999964e+00,0.000000000000000000e+00,-4.600828166783151874e-01,4.506046245634365288e-02,3.086175925951555321e+00,1.090835827607468528e-01,3.381062221023212883e-02,2.352292062759135747e-03,-1.089161270335629039e-01,6.041961596162014926e-03,-2.435337431224377045e-03,-1.431832193188095365e-03,1.314810951754657731e-01
4.480000000000000426e+00,0.000000000000000000e+00,-4.622616251884938965e-01,4.518101622432249553e-02,3.086461328163549567e+00,1.091304759389186002e-01,3.345521824930437760e-02,2.336991251966964288e-03,-1.089646689180732431e-01,6.013460420554245928e-03,-2.418817585663540423e-03,-1.418266556414926561e-03,1.300979803395790890e-01
4.500000000000000000e+00,0.000000000000000000e+00,-4.644414012190412611e-01,4.530100268942785502e-02,3.086743826651399125e+00,1.091770610349119958e-01,3.309826950401768830e-02,2.321484054291682222e-03,-1.090128784039435528e-01,5.985231683729224858e-03,-2.402097783224181431e-03,-1.404588446070667834e-03,1.287088868301677347e-01
4.520000000000000462e+00,0.000000000000000000e+00,-4.666221380820803066e-01,4.542042732287771695e-02,3.087023405061443349e+00,1.092233339335654252e-01,3.273979690163753703e-02,2.305771728035937388e-03,-1.090607515049962783e-01,5.957277627288919998e-03,-2.385179319897492902e-03,-1.390798649101015073e-03,1.273138961578442752e-01
4.540000000000000036e+00,0.000000000000000000e+00,-4.688038290102684580e-01,4.553929564056458795e-02,3.087300047215444376e+00,1.092692905449256791e-01,3.237982098691686433e-02,2.289855535751180761e-03,-1.091082842609735204e-01,5.929600477096384249e-03,-2.368063491674662902e-03,-1.376897952451662868e-03,1.259130883297099046e-01
4.560000000000000497e+00,0.000000000000000000e+00,-4.709864671573174011e-01,4.565761320274087237e-02,3.087573737108353811e+00,1.093149268043328431e-01,3.201836192453074575e-02,2.273736744209259916e-03,-1.091554727375372430e-01,5.902202443275746460e-03,-2.350751594546879927e-03,-1.362887143068305593e-03,1.245065418590352718e-01
4.580000000000000071e+00,0.000000000000000000e+00,-4.731700455985117793e-01,4.577538561370414483e-02,3.087844458906088274e+00,1.093602386725044673e-01,3.165543950153622277e-02,2.257416624373804765e-03,-1.092023130262692737e-01,5.875085720212239182e-03,-2.333244924505334210e-03,-1.348767007896637185e-03,1.230943337750399769e-01
4.600000000000000533e+00,0.000000000000000000e+00,-4.753545573312270012e-01,4.589261852148222853e-02,3.088112196943316068e+00,1.094052221356190957e-01,3.129107312985584394e-02,2.240896451371416406e-03,-1.092488012446713036e-01,5.848252486552165709e-03,-2.315544777541216417e-03,-1.334538333882353102e-03,1.216765396327655069e-01
4.620000000000000107e+00,0.000000000000000000e+00,-4.775399952754467714e-01,4.600931761751846094e-02,3.088376935721254934e+00,1.094498732053990342e-01,3.092528184878376787e-02,2.224177504462670780e-03,-1.092949335361647067e-01,5.821704905202920895e-03,-2.297652449645711577e-03,-1.320201907971146850e-03,1.202532335230357269e-01
4.639999999999999680e+00,0.000000000000000000e+00,-4.797263522742838959e-01,4.612548863635704266e-02,3.088638659905481809e+00,1.094941879191930756e-01,3.055808432751289105e-02,2.207261067012972287e-03,-1.093407060700908595e-01,5.795445123332998091e-03,-2.279569236810015127e-03,-1.305758517108714968e-03,1.188244880824995825e-01
4.660000000000000142e+00,0.000000000000000000e+00,-4.819136210944962029e-01,4.624113735532802555e-02,3.088897354323753675e+00,1.095381623400580179e-01,3.018949886768187291e-02,2.190148426463199658e-03,-1.093861150417108213e-01,5.769475272371945782e-03,-2.261296435025308624e-03,-1.291208948240747494e-03,1.173903745037510882e-01
4.679999999999999716e+00,0.000000000000000000e+00,-4.841017944270055162e-01,4.635626959423272409e-02,3.089153003963839961e+00,1.095817925568399187e-01,2.981954340594146491e-02,2.172840874300263798e-03,-1.094311566722054457e-01,5.743797468010428293e-03,-2.242835340282785337e-03,-1.276553988312943569e-03,1.159509625455240889e-01
4.700000000000000178e+00,0.000000000000000000e+00,-4.862908648874182949e-01,4.647089121502893938e-02,3.089405593971368269e+00,1.096250746842550583e-01,2.944823551653747221e-02,2.155339706027476539e-03,-1.094758272086756717e-01,5.718413810200187637e-03,-2.224187248573637667e-03,-1.261794424270997351e-03,1.145063205429510955e-01
4.719999999999999751e+00,0.000000000000000000e+00,-4.884808250165402765e-01,4.658500812151600279e-02,3.089655109647679865e+00,1.096680048629693482e-01,2.907559241391109023e-02,2.137646221134801433e-03,-1.095201229241418994e-01,5.693326383154046107e-03,-2.205353455889052378e-03,-1.246931043060602127e-03,1.130565154178890808e-01
4.740000000000000213e+00,0.000000000000000000e+00,-4.906716672808976720e-01,4.669862625902016645e-02,3.089901536447700714e+00,1.097105792596783785e-01,2.870163095531395175e-02,2.119761723068995692e-03,-1.095640401175446282e-01,5.668537255345913219e-03,-2.186335258220217098e-03,-1.231964631627452053e-03,1.116016126893013688e-01
4.759999999999999787e+00,0.000000000000000000e+00,-4.928633840732549731e-01,4.681175161407983426e-02,3.090144859977821845e+00,1.097527940671859381e-01,2.832636764343775954e-02,2.101687519203634599e-03,-1.096075751137441101e-01,5.644048479510797856e-03,-2.167133951558322929e-03,-1.216895976917242370e-03,1.101416764836952583e-01
4.780000000000000249e+00,0.000000000000000000e+00,-4.950559677131324832e-01,4.692439021413059158e-02,3.090385065993794811e+00,1.097946455044822162e-01,2.794981862905691547e-02,2.083424920809025770e-03,-1.096507242635203494e-01,5.619862092644770102e-03,-2.147750831894554898e-03,-1.201725865875666582e-03,1.086767695456087590e-01
4.799999999999999822e+00,0.000000000000000000e+00,-4.972494104473250687e-01,4.703654812719060274e-02,3.090622140398637363e+00,1.098361298168214623e-01,2.757199971368342814e-02,2.064975243022050978e-03,-1.096934839435731168e-01,5.595980116005005479e-03,-2.128187195220108009e-03,-1.186455085448419712e-03,1.072069532481435411e-01
4.820000000000000284e+00,0.000000000000000000e+00,-4.994437044504221879e-01,4.714823146154591138e-02,3.090856069240556447e+00,1.098772432757994105e-01,2.719292635223261034e-02,2.046339804815894368e-03,-1.097358505565223102e-01,5.572404555109764131e-03,-2.108444337526169891e-03,-1.171084422581198086e-03,1.057322876035382553e-01
4.839999999999999858e+00,0.000000000000000000e+00,-5.016388418253231452e-01,4.725944636543533139e-02,3.091086838710879192e+00,1.099179821794290246e-01,2.681261365569949026e-02,2.027519928969719921e-03,-1.097778205309073440e-01,5.549137399738385615e-03,-2.088523554803930343e-03,-1.155614664219695208e-03,1.042528312737814322e-01
4.860000000000000320e+00,0.000000000000000000e+00,-5.038348146037584518e-01,4.737019902673601790e-02,3.091314435141998995e+00,1.099583428522167838e-01,2.643107639384384422e-02,2.008516942038266525e-03,-1.098193903211875377e-01,5.526180623931299316e-03,-2.068426143044576997e-03,-1.140046597309604800e-03,1.027686415812561760e-01
4.879999999999999893e+00,0.000000000000000000e+00,-5.060316147468068015e-01,4.748049567264853166e-02,3.091538845005338931e+00,1.099983216452378454e-01,2.604832899788393080e-02,1.989332174321396633e-03,-1.098605564077421715e-01,5.503536185990025309e-03,-2.048153398239300951e-03,-1.124381008796623404e-03,1.012797745194161797e-01
4.900000000000000355e+00,0.000000000000000000e+00,-5.082292341454132112e-01,4.759034256938199370e-02,3.091760054909321820e+00,1.100379149362103737e-01,2.566438556319725756e-02,1.969966959833571642e-03,-1.099013152968701112e-01,5.481206028477151812e-03,-2.027706616379285932e-03,-1.108618685626439971e-03,9.978628476348698484e-02
4.919999999999999929e+00,0.000000000000000000e+00,-5.104276646209077173e-01,4.769974602183944812e-02,3.091978051597358057e+00,1.100771191295698559e-01,2.527925985202824494e-02,1.950422636273314468e-03,-1.099416635207902115e-01,5.459192078216373346e-03,-2.007087093455726945e-03,-1.092760414744755378e-03,9.828822568119151282e-02
4.940000000000000391e+00,0.000000000000000000e+00,-5.126268979255251823e-01,4.780871237330305140e-02,3.092192821945847658e+00,1.101159306565423351e-01,2.489296529620093484e-02,1.930700544992603818e-03,-1.099815976376411625e-01,5.437496246292466452e-03,-1.986296125459814654e-03,-1.076806983097262482e-03,9.678564934349248583e-02
4.959999999999999964e+00,0.000000000000000000e+00,-5.148269257429209933e-01,4.791724800511920623e-02,3.092404352962195180e+00,1.101543459752171578e-01,2.450551499983696230e-02,1.910802030966246134e-03,-1.100211142314814344e-01,5.416120428051285352e-03,-1.965335008382734523e-03,-1.060759177629655870e-03,9.527860653535275004e-02
4.980000000000000426e+00,0.000000000000000000e+00,-5.170277396886917565e-01,4.802535933638386184e-02,3.092612631782835741e+00,1.101923615706190129e-01,2.411692174207743719e-02,1.890728442761240372e-03,-1.100602099122892086e-01,5.395066503099774959e-03,-1.944205038215676131e-03,-1.044617785287627965e-03,9.376714676650770020e-02
5.000000000000000000e+00,0.000000000000000000e+00,-5.192293313108926611e-01,4.813305282362775189e-02,3.092817645671281035e+00,1.102299739547798196e-01,2.372719797980792425e-02,1.870481132506110694e-03,-1.100988813159627377e-01,5.374336335305972615e-03,-1.922907510949831015e-03,-1.028383593016876174e-03,9.225131828224697461e-02
5.020000000000000462e+00,0.000000000000000000e+00,-5.214316920905558428e-01,4.824033496050152831e-02,3.093019382016174212e+00,1.102671796668092258e-01,2.333635585038588978e-02,1.850061455860225719e-03,-1.101371251043198468e-01,5.353931772798989006e-03,-1.901443722576384851e-03,-1.012057387763092269e-03,9.073116807420253394e-02
5.040000000000000036e+00,0.000000000000000000e+00,-5.236348134422088574e-01,4.834721227746103384e-02,3.093217828329361652e+00,1.103039752729652184e-01,2.294440717437007046e-02,1.829470771983130774e-03,-1.101749379650983074e-01,5.333854647969028979e-03,-1.879814969086529390e-03,-9.956399564719725735e-04,8.920674189114088937e-02
5.060000000000000497e+00,0.000000000000000000e+00,-5.258386867143943766e-01,4.845369134145263712e-02,3.093412972243979819e+00,1.103403573667237902e-01,2.255136345825056385e-02,1.808710443503864108e-03,-1.102123166119558101e-01,5.314106777467385474e-03,-1.858022546471454432e-03,-9.791320860892121104e-04,8.767808424975501169e-02
5.080000000000000071e+00,0.000000000000000000e+00,-5.280433031901858865e-01,4.855977875559817913e-02,3.093604801512553237e+00,1.103763225688477179e-01,2.215723589717953634e-02,1.787781836490286115e-03,-1.102492577844696175e-01,5.294689962206435181e-03,-1.836067750722346955e-03,-9.625345635605040600e-04,8.614523844545504683e-02
5.100000000000000533e+00,0.000000000000000000e+00,-5.302486540877082710e-01,4.866548115888046783e-02,3.093793304005109324e+00,1.104118675274555483e-01,2.176203537770127205e-02,1.766686320418426551e-03,-1.102857582481370363e-01,5.275605987359634208e-03,-1.813951877830396109e-03,-9.458481758315425781e-04,8.460824656315307779e-02
5.120000000000000107e+00,0.000000000000000000e+00,-5.324547305606561753e-01,4.877080522582840499e-02,3.093978467707309665e+00,1.104469889180890729e-01,2.136577248048172895e-02,1.745425268141854308e-03,-1.103218147943752087e-01,5.256856622361538028e-03,-1.791676223786797546e-03,-9.290737098480258320e-04,8.306714948804232168e-02
5.139999999999999680e+00,0.000000000000000000e+00,-5.346615236988101483e-01,4.887575766620205070e-02,3.094160280718591949e+00,1.104816834437804540e-01,2.096845748303589885e-02,1.724000055861037639e-03,-1.103574242405207656e-01,5.238443620907771991e-03,-1.769242084582732175e-03,-9.122119525556436409e-04,8.152198691636404482e-02
5.160000000000000142e+00,0.000000000000000000e+00,-5.368690245285587803e-01,4.898034522467819424e-02,3.094338731250328323e+00,1.105159478351194768e-01,2.057010036245345008e-02,1.702412063092787007e-03,-1.103925834298306596e-01,5.220368720955062547e-03,-1.746650756209392613e-03,-8.952636909000917867e-04,7.997279736616412504e-02
5.179999999999999716e+00,0.000000000000000000e+00,-5.390772240134136251e-01,4.908457468053523121e-02,3.094513807623999746e+00,1.105497788503189277e-01,2.017071079812149045e-02,1.680662672639687740e-03,-1.104272892314813459e-01,5.202633644721220765e-03,-1.723903534657970612e-03,-8.782297118270681116e-04,7.841961818803457052e-02
5.200000000000000178e+00,0.000000000000000000e+00,-5.412861130545285615e-01,4.918845284733852630e-02,3.094685498269385437e+00,1.105831732752801805e-01,1.977029817444377752e-02,1.658753270559578871e-03,-1.104615385405690875e-01,5.185240098685127592e-03,-1.701001715919649680e-03,-8.611108022822629767e-04,7.686248557583720553e-02
5.219999999999999751e+00,0.000000000000000000e+00,-5.434956824912201556e-01,4.929198657262570671e-02,3.094853791722762981e+00,1.106161279236582556e-01,1.936887158355637614e-02,1.636685246135098984e-03,-1.104953282781101220e-01,5.168189773586768544e-03,-1.677946595985625039e-03,-8.439077492113730315e-04,7.530143457740977320e-02
5.240000000000000213e+00,0.000000000000000000e+00,-5.457059231014833589e-01,4.939518273759176820e-02,3.095018676625128862e+00,1.106486396369257968e-01,1.896643982803874681e-02,1.614459991843238780e-03,-1.105286553910405090e-01,5.151484344427211155e-03,-1.654739470847083017e-03,-8.266213395600926486e-04,7.373649910524998630e-02
5.259999999999999787e+00,0.000000000000000000e+00,-5.479168256025107597e-01,4.949804825677429909e-02,3.095180141720431877e+00,1.106807052844364647e-01,1.856301142362011200e-02,1.592078903324977562e-03,-1.105615168522159353e-01,5.135125470468595438e-03,-1.631381636495212980e-03,-8.092523602741156586e-04,7.216771194717740145e-02
5.280000000000000249e+00,0.000000000000000000e+00,-5.501283806512128338e-01,4.960059007773882228e-02,3.095338175853820761e+00,1.107123217634883861e-01,1.815859460188027491e-02,1.569543379354953550e-03,-1.105939096604121319e-01,5.119114795234169443e-03,-1.607874388921201256e-03,-7.918015982991358920e-04,7.059510477696930020e-02
5.299999999999999822e+00,0.000000000000000000e+00,-5.523405788447331988e-01,4.970281518076390126e-02,3.095492767969907355e+00,1.107434859993861737e-01,1.775319731294501893e-02,1.546854821811214850e-03,-1.106258308403245960e-01,5.103453946508253701e-03,-1.584219024116246101e-03,-7.742698405808526004e-04,6.901870816497152061e-02
5.320000000000000284e+00,0.000000000000000000e+00,-5.545534107209689756e-01,4.980473057852635721e-02,3.095643907111046200e+00,1.107741949455026964e-01,1.734682722817465148e-02,1.524014635644988435e-03,-1.106572774425685357e-01,5.088144536336252494e-03,-1.560416838071527991e-03,-7.566578740649539765e-04,6.743855158867827215e-02
5.339999999999999858e+00,0.000000000000000000e+00,-5.567668667590892628e-01,4.990634331578657629e-02,3.095791582415628351e+00,1.108044455833404329e-01,1.693949174284673648e-02,1.501024228850569246e-03,-1.106882465436791058e-01,5.073188161024667735e-03,-1.536469126778239975e-03,-7.389664856971384045e-04,6.585466344328515242e-02
5.360000000000000320e+00,0.000000000000000000e+00,-5.589809373800526116e-01,5.000766046907369894e-02,3.095935783116390727e+00,1.108342349225919371e-01,1.653119797883099984e-02,1.477885012435234229e-03,-1.107187352461113106e-01,5.058586401141078152e-03,-1.512377186227569252e-03,-7.211964624230986307e-04,6.426707105220728911e-02
5.379999999999999893e+00,0.000000000000000000e+00,-5.611956129471257215e-01,5.010868914637074678e-02,3.096076498538740562e+00,1.108635600011996236e-01,1.612195278725742781e-02,1.454598400389249188e-03,-1.107487406782397543e-01,5.044340821514146228e-03,-1.488142312410705619e-03,-7.033485911885302205e-04,6.267580067756678419e-02
5.400000000000000355e+00,0.000000000000000000e+00,-5.634108837664029146e-01,5.020943648680004784e-02,3.096213718099094958e+00,1.108924178854155534e-01,1.571176275117612195e-02,1.431165809655942419e-03,-1.107782599943591684e-01,5.030452971233633809e-03,-1.463765801318840610e-03,-6.854236589391274380e-04,6.108087753064361802e-02
5.419999999999999929e+00,0.000000000000000000e+00,-5.656267400873226103e-01,5.030990966030826628e-02,3.096347431303236419e+00,1.109208056698597900e-01,1.530063418820940858e-02,1.407588660101851416e-03,-1.108072903746839810e-01,5.016924383650377822e-03,-1.439248948943162723e-03,-6.674224526205857402e-04,5.948232578229204620e-02
5.440000000000000391e+00,0.000000000000000000e+00,-5.678431721031869106e-01,5.041011586735163336e-02,3.096477627744684380e+00,1.109487204775786440e-01,1.488857315319526073e-02,1.383868374486954154e-03,-1.108358290253483314e-01,5.003756576376300683e-03,-1.414593051274859806e-03,-6.493457591785984154e-04,5.788016857331880483e-02
5.459999999999999964e+00,0.000000000000000000e+00,-5.700601699516800736e-01,5.051006233858135186e-02,3.096604297103080050e+00,1.109761594601023776e-01,1.447558544082210019e-02,1.360006378434981027e-03,-1.108638731784062914e-01,4.990951051284417232e-03,-1.389799404305121439e-03,-6.311943655588600531e-04,5.627442802482321427e-02
5.480000000000000426e+00,0.000000000000000000e+00,-5.722777237153865437e-01,5.060975633452863276e-02,3.096727429142588583e+00,1.110031197975022005e-01,1.406167658825450972e-02,1.336004100403808325e-03,-1.108914200918317827e-01,4.978509294508829536e-03,-1.364869304025137205e-03,-6.129690587070654598e-04,5.466512524849755084e-02
5.500000000000000000e+00,0.000000000000000000e+00,-5.744958234223090932e-01,5.070920514528993311e-02,3.096847013710316343e+00,1.110295986984464328e-01,1.364685187774973378e-02,1.311862971655938879e-03,-1.109184670495184655e-01,4.966432776444708666e-03,-1.339804046426097336e-03,-5.946706255689100922e-04,5.305228035688700633e-02
5.520000000000000462e+00,0.000000000000000000e+00,-5.767144590463885168e-01,5.080841609021234662e-02,3.096963040734744155e+00,1.110555934002565998e-01,1.323111633926437464e-02,1.287584426229062716e-03,-1.109450113612799466e-01,4.954722951748338072e-03,-1.314604927499189247e-03,-5.762998530900860462e-04,5.143591247360704971e-02
5.540000000000000036e+00,0.000000000000000000e+00,-5.789336205080202191e-01,5.090739651757861944e-02,3.097075500224173439e+00,1.110811011689624012e-01,1.281447475305174180e-02,1.263169900906726357e-03,-1.109710503628495715e-01,4.943381259337075416e-03,-1.289273243235605554e-03,-5.578575282162921397e-04,4.981603974351978686e-02
5.560000000000000497e+00,0.000000000000000000e+00,-5.811532976745733547e-01,5.100615380429242285e-02,3.097184382265191882e+00,1.111061192993563346e-01,1.239693165224852074e-02,1.238620835189058493e-03,-1.109965814158804243e-01,4.932409122389350836e-03,-1.263810289626528466e-03,-5.393444378932174326e-04,4.819267934286438487e-02
5.580000000000000071e+00,0.000000000000000000e+00,-5.833734803609098574e-01,5.110469535556370901e-02,3.097289677021150656e+00,1.111306451150479713e-01,1.197849132545201686e-02,1.213938671263642020e-03,-1.110216019079455774e-01,4.921807948344701644e-03,-1.238217362663157758e-03,-5.207613690665613936e-04,4.656584748934608498e-02
5.600000000000000533e+00,0.000000000000000000e+00,-5.855941583299023590e-01,5.120302860459376160e-02,3.097391374730662061e+00,1.111546759685172608e-01,1.155915781928614459e-02,1.189124853976407988e-03,-1.110461092525379112e-01,4.911579128903742833e-03,-1.212495758336673687e-03,-5.021091086820161182e-04,4.493555945217701797e-02
5.620000000000000107e+00,0.000000000000000000e+00,-5.878153212929516647e-01,5.130116101226044056e-02,3.097489465706106504e+00,1.111782092411671835e-01,1.113893494095751988e-02,1.164180830802694338e-03,-1.110701008890698782e-01,4.901724040028169679e-03,-1.186646772638269088e-03,-4.833884436852760877e-04,4.330182956207383194e-02
5.639999999999999680e+00,0.000000000000000000e+00,-5.900369589105075585e-01,5.139910006680361437e-02,3.097583940332160335e+00,1.112012423433766800e-01,1.071782626080032379e-02,1.139108051818356684e-03,-1.110935742828741968e-01,4.892244041940772489e-03,-1.160671701559133108e-03,-4.646001610220367589e-04,4.166467122120715710e-02
5.660000000000000142e+00,0.000000000000000000e+00,-5.922590607925847239e-01,5.149685328351007174e-02,3.097674789064337464e+00,1.112237727145516525e-01,1.029583511481053058e-02,1.113907969670990122e-03,-1.111165269252030324e-01,4.883140479125427057e-03,-1.134571841090454463e-03,-4.457450476379915829e-04,4.002409691310500339e-02
5.679999999999999716e+00,0.000000000000000000e+00,-5.944816164992812180e-01,5.159442820439889138e-02,3.097762002427545180e+00,1.112457978231764649e-01,9.872964607169036969e-03,1.088582039551250560e-03,-1.111389563332284697e-01,4.874414680327086857e-03,-1.108348487223423167e-03,-4.268238904788366670e-04,3.838011821250846695e-02
5.700000000000000178e+00,0.000000000000000000e+00,-5.967046155412999431e-01,5.169183239790679091e-02,3.097845571014659072e+00,1.112673151668646665e-01,9.449217612753449749e-03,1.063131719164268430e-03,-1.111608600500425675e-01,4.866067958551803865e-03,-1.082002935949227286e-03,-4.078374764902644866e-04,3.673274579517870481e-02
5.719999999999999751e+00,0.000000000000000000e+00,-5.989280473804624583e-01,5.178907345857308026e-02,3.097925485485107711e+00,1.112883222724086740e-01,9.024596779639022792e-03,1.037558468701170813e-03,-1.111822356446570265e-01,4.858101611066701665e-03,-1.055536483259058786e-03,-3.887865926179719621e-04,3.508198944765709287e-02
5.740000000000000213e+00,0.000000000000000000e+00,-6.011519014302317832e-01,5.188615900672506609e-02,3.098001736563480879e+00,1.113088166958293157e-01,8.599104531587782249e-03,1.011863750810686625e-03,-1.112030807120034104e-01,4.850516919400003207e-03,-1.028950425144103129e-03,-3.696720258076509184e-04,3.342785807697486872e-02
5.759999999999999787e+00,0.000000000000000000e+00,-6.033761670562275414e-01,5.198309668816329665e-02,3.098074315038145343e+00,1.113287960224248890e-01,8.172743070526672718e-03,9.860490305708756020e-04,-1.112233928729332300e-01,4.843315149341009991e-03,-1.002246057595552282e-03,-3.504945630049986012e-04,3.177035972031543726e-02
5.780000000000000249e+00,0.000000000000000000e+00,-6.056008335767459894e-01,5.207989417384662617e-02,3.098143211759882387e+00,1.113482578668192058e-01,7.745514379013840496e-03,9.601157754609323299e-04,-1.112431697742176651e-01,4.836497550940115076e-03,-9.754246766045943096e-04,-3.312549911557078654e-04,3.010950155462600170e-02
5.799999999999999822e+00,0.000000000000000000e+00,-6.078258902632773797e-01,5.217655915957751522e-02,3.098208417640537782e+00,1.113671998730093177e-01,7.317420222693710521e-03,9.340654553331098489e-04,-1.112624090885476896e-01,4.830065358508788334e-03,-9.484875781624193354e-04,-3.119540972054735714e-04,2.844528990618097955e-02
5.820000000000000284e+00,0.000000000000000000e+00,-6.100513263410263232e-01,5.227309936568741433e-02,3.098269923651687741e+00,1.113856197144131727e-01,6.888462152740249846e-03,9.078995423847304336e-04,-1.112811085145343909e-01,4.824019790619597271e-03,-9.214360582602154235e-04,-2.925926680999904714e-04,2.677773026009488619e-02
5.839999999999999858e+00,0.000000000000000000e+00,-6.122771309894277092e-01,5.236952253672164798e-02,3.098327720823321751e+00,1.114035150939155228e-01,6.458641508288844382e-03,8.816195111303059846e-04,-1.112992657767083449e-01,4.818362050106187074e-03,-8.942714128891735654e-04,-2.731714907849527754e-04,2.510682726978639631e-02
5.860000000000000320e+00,0.000000000000000000e+00,-6.145032933426664012e-01,5.246583644112494393e-02,3.098381800242538731e+00,1.114208837439145255e-01,6.027959418856461069e-03,8.552268383737484086e-04,-1.113168786255200882e-01,4.813093324063291018e-03,-8.669949380404811745e-04,-2.536913522060556150e-04,2.343258476639222335e-02
5.879999999999999893e+00,0.000000000000000000e+00,-6.167298024901961551e-01,5.256204887092652545e-02,3.098432153052261828e+00,1.114377234263670968e-01,5.596416806750237685e-03,8.287230031806909133e-04,-1.113339448373400764e-01,4.808214783846732204e-03,-8.396079297053282665e-04,-2.341530393089933629e-04,2.175500576813147249e-02
5.900000000000000355e+00,0.000000000000000000e+00,-6.189566474772564275e-01,5.265816764142527973e-02,3.098478770449966557e+00,1.114540319328337220e-01,5.164014389464562788e-03,8.021094868509014587e-04,-1.113504622144583789e-01,4.803727585073415754e-03,-8.121116838749074590e-04,-2.145573390394607712e-04,2.007409248962065129e-02
5.919999999999999929e+00,0.000000000000000000e+00,-6.211838173053919610e-01,5.275420059087508606e-02,3.098521643686425353e+00,1.114698070845230593e-01,4.730752682066500028e-03,7.753877728907844621e-04,-1.113664285850849978e-01,4.799632867621329672e-03,-7.845074965404022624e-04,-1.949050383431519685e-04,1.838984635113881383e-02
5.940000000000000391e+00,0.000000000000000000e+00,-6.234113009329715904e-01,5.285015558017002596e-02,3.098560764064465900e+00,1.114850467323358768e-01,4.296631999569801470e-03,7.485593469860092478e-04,-1.113818418033498819e-01,4.795931755629563933e-03,-7.567966636930049690e-04,-1.751969241657610836e-04,1.670226798784379962e-02
5.959999999999999964e+00,0.000000000000000000e+00,-6.256390872757048305e-01,5.294604049252951000e-02,3.098596122937748998e+00,1.114997487569080042e-01,3.861652459297472591e-03,7.216256969742048484e-04,-1.113966997493026079e-01,4.792625357498270580e-03,-7.289804813239049441e-04,-1.554337834529841969e-04,1.501135725893941453e-02
5.980000000000000426e+00,0.000000000000000000e+00,-6.278671652071621256e-01,5.304186323318358515e-02,3.098627711709559307e+00,1.115139110686534096e-01,3.425813983232761911e-03,6.945883128177646366e-04,-1.114110003289126155e-01,4.789714765888707093e-03,-7.010602454242884085e-04,-1.356164031505134582e-04,1.331711325679308527e-02
6.000000000000000000e+00,0.000000000000000000e+00,-6.300955235592926584e-01,5.313763172905818649e-02,3.098655521831610304e+00,1.115275316078063600e-01,2.989116300359132526e-03,6.674486865767565585e-04,-1.114247414740693054e-01,4.787201057723209502e-03,-6.730372519853497146e-04,-1.157455702040449615e-04,1.161953431600617169e-02
6.020000000000000462e+00,0.000000000000000000e+00,-6.323241511229419354e-01,5.323335392846022945e-02,3.098679544802867891e+00,1.115406083444630547e-01,2.551558948988709007e-03,6.402083123818976592e-04,-1.114379211425817751e-01,4.785085294185203661e-03,-6.449127969982742159e-04,-9.582207155927347235e-05,9.918618022434960713e-03
6.040000000000000036e+00,0.000000000000000000e+00,-6.345530366483705942e-01,5.332903780076288930e-02,3.098699772168388211e+00,1.115531392786226345e-01,2.113141279079717473e-03,6.128686864076549187e-04,-1.114505373181788328e-01,4.783368520719190504e-03,-6.166881764542518195e-04,-7.584669416189263166e-05,8.214361222164387466e-03
6.060000000000000497e+00,0.000000000000000000e+00,-6.367821688457746543e-01,5.342469133609099863e-02,3.098716195518171457e+00,1.115651224402283148e-01,1.673862454542918848e-03,5.854313068454213313e-04,-1.114625880105094835e-01,4.782051767030772067e-03,-5.883646863444749265e-04,-5.582022495759826896e-05,6.506760030434480778e-03
6.080000000000000071e+00,0.000000000000000000e+00,-6.390115363858005493e-01,5.352032254500592445e-02,3.098728806486028553e+00,1.115765558892066744e-01,1.233721455537022289e-03,5.578976738767744926e-04,-1.114740712551421514e-01,4.781136047086626331e-03,-5.599436226601298659e-04,-3.574345089208465524e-05,4.795809840519514936e-03
6.100000000000000533e+00,0.000000000000000000e+00,-6.412411279000662656e-01,5.361593945819109058e-02,3.098737596748467826e+00,1.115874377155078451e-01,7.927170807533325892e-04,5.302692896468434985e-04,-1.114849851135653047e-01,4.780622359114523705e-03,-5.314262813924057862e-04,-1.561715891104398121e-05,3.081505332560842587e-03
6.120000000000000107e+00,0.000000000000000000e+00,-6.434709319816788176e-01,5.371155012613708368e-02,3.098742558023594995e+00,1.115977660391442583e-01,3.508479496899280406e-04,5.025476582377506538e-04,-1.114953276731872334e-01,4.780511685603319218e-03,-5.028139585324917270e-04,4.557864039826453976e-06,1.363840482354601201e-03
6.140000000000000568e+00,0.000000000000000000e+00,-6.457009371857519442e-01,5.380716261882682178e-02,3.098743682070027372e+00,1.116075390102290316e-01,-9.188749508500556728e-05,4.747342856421439832e-04,-1.115050970473359382e-01,4.780804993302948183e-03,-4.741079500715787340e-04,2.478083101483308150e-05,-3.571914299071609527e-04
6.160000000000000142e+00,0.000000000000000000e+00,-6.479311320299248056e-01,5.390278502542082684e-02,3.098740960685825385e+00,1.116167548090141043e-01,-5.354909856798994745e-04,4.468306797368082383e-04,-1.115142913752593251e-01,4.781503233224434005e-03,-4.453095520008555760e-04,4.505095506828048771e-05,-2.081597810938873045e-03
6.179999999999999716e+00,0.000000000000000000e+00,-6.501615049948826774e-01,5.399842545394258064e-02,3.098734385707439198e+00,1.116254116459276108e-01,-9.799644266368615249e-04,4.188383502563673569e-04,-1.115229088221251913e-01,4.782607340639895982e-03,-4.164200603115141117e-04,6.536744925447395352e-05,-3.809386745708397918e-03
6.200000000000000178e+00,0.000000000000000000e+00,-6.523920445248712063e-01,5.409409203096344348e-02,3.098723949008670875e+00,1.116335077616105870e-01,-1.425309892698774748e-03,3.907588087670486139e-04,-1.115309475790209615e-01,4.784118235082528495e-03,-3.874407709947358456e-04,8.572952662772251472e-05,-5.540566988827392604e-03
6.219999999999999751e+00,0.000000000000000000e+00,-6.546227390282178815e-01,5.418979290128818349e-02,3.098709642499652084e+00,1.116410414269536217e-01,-1.871529626585871544e-03,3.625935686405646783e-04,-1.115384058629540487e-01,4.786036820346612278e-03,-3.583729800417174613e-04,1.061364002423274957e-04,-7.275147955982873629e-03
6.240000000000000213e+00,0.000000000000000000e+00,-6.568535768778501760e-01,5.428553622763999942e-02,3.098691458125836018e+00,1.116480109431326195e-01,-2.318626036782524789e-03,3.343441450280185481e-04,-1.115452819168517018e-01,4.788363984487523962e-03,-3.292179834436424150e-04,1.265872831525975055e-04,-9.013139715412838218e-03
6.259999999999999787e+00,0.000000000000000000e+00,-6.590845464118118002e-01,5.438133019034580018e-02,3.098669387867007519e+00,1.116544146416438288e-01,-2.766601695332851669e-03,3.060120548339349020e-04,-1.115515740095607833e-01,4.791100599821717862e-03,-2.999770771917055468e-04,1.470813884128355556e-04,-1.075455297942048798e-02
6.280000000000000249e+00,0.000000000000000000e+00,-6.613156359337836188e-01,5.447718298702147049e-02,3.098643423736305635e+00,1.116602508843392155e-01,-3.215459335645950642e-03,2.775988166903217550e-04,-1.115572804358482412e-01,4.794247522926732910e-03,-2.706515572770942161e-04,1.676179290773471516e-04,-1.249939909593021647e-02
6.299999999999999822e+00,0.000000000000000000e+00,-6.635468337136016803e-01,5.457310283225710879e-02,3.098613557779264394e+00,1.116655180634603256e-01,-3.665201850309902226e-03,2.491059509308307229e-04,-1.115623995164007481e-01,4.797805594641203070e-03,-2.412427196909991162e-04,1.881961182004373244e-04,-1.424769004008196067e-02
6.320000000000000284e+00,0.000000000000000000e+00,-6.657781279877731384e-01,5.466909795730203608e-02,3.098579782072866884e+00,1.116702146016720631e-01,-4.115832288914700147e-03,2.205349795649625235e-04,-1.115669295978246878e-01,4.801775640064837383e-03,-2.117518604246022395e-04,2.088151688364158485e-04,-1.599943840586456542e-02
6.339999999999999858e+00,0.000000000000000000e+00,-6.680095069599980562e-01,5.476517660975031843e-02,3.098542088724615340e+00,1.116743389520962332e-01,-4.567353855883222492e-03,1.918874262523758583e-04,-1.115708690526464597e-01,4.806158468558439055e-03,-1.821802754691032782e-04,2.294742940395828217e-04,-1.775465739778466986e-02
6.360000000000000320e+00,0.000000000000000000e+00,-6.702409588016856601e-01,5.486134705322582433e-02,3.098500469871618090e+00,1.116778895983440573e-01,-5.019769908311239905e-03,1.631648162771956695e-04,-1.115742162793121467e-01,4.810954873743897645e-03,-1.525292608156818123e-04,2.501727068642480185e-04,-1.951336082257497037e-02
6.379999999999999893e+00,0.000000000000000000e+00,-6.724724716524729251e-01,5.495761756706740719e-02,3.098454917679690279e+00,1.116808650545484394e-01,-5.473083953814582119e-03,1.343686765224563534e-04,-1.115769697021876949e-01,4.816165633504182128e-03,-1.228001124555354740e-04,2.709096203647126211e-04,-2.127556308093456888e-02
6.400000000000000355e+00,0.000000000000000000e+00,-6.747040336207439370e-01,5.505399644601425418e-02,3.098405424342471903e+00,1.116832638653957599e-01,-5.927299648384808974e-03,1.055005354445334953e-04,-1.115791277715589003e-01,4.821791509983350439e-03,-9.299412637984784153e-05,2.916842475952865122e-04,-2.304127915930659007e-02
6.419999999999999929e+00,0.000000000000000000e+00,-6.769356327841478116e-01,5.515049199989108253e-02,3.098351982080556510e+00,1.116850846061571007e-01,-6.382420794251555778e-03,7.656192304768499966e-05,-1.115806889636314081e-01,4.827833249586556408e-03,-6.311259857981196613e-05,3.124958016102697897e-04,-2.481052462168598094e-02
6.440000000000000391e+00,0.000000000000000000e+00,-6.791672571901157252e-01,5.524711255329316922e-02,3.098294583140644765e+00,1.116863258827187344e-01,-6.838451337752941665e-03,4.755437085860653222e-05,-1.115816517805305608e-01,4.834291582980022872e-03,-3.315682504661500386e-05,3.333434954639726889e-04,-2.658331560146278555e-02
6.459999999999999964e+00,0.000000000000000000e+00,-6.813988948563820536e-01,5.534386644527188037e-02,3.098233219794701565e+00,1.116869863316126560e-01,-7.295395367211984436e-03,1.847941190105775359e-05,-1.115820147503016613e-01,4.841167225091067700e-03,-3.128101771445713744e-06,3.542265422106997529e-04,-2.835966879329302956e-02
6.480000000000000426e+00,0.000000000000000000e+00,-6.836305337715010699e-01,5.544076202901968703e-02,3.098167884339139810e+00,1.116870646200459755e-01,-7.753257110820166789e-03,-1.066141932947227871e-05,-1.115817764269097512e-01,4.848460875108099449e-03,2.697227525450612707e-05,3.751441549047546575e-04,-3.013960144500149249e-02
6.500000000000000000e+00,0.000000000000000000e+00,-6.858621618953643084e-01,5.553780767155541004e-02,3.098098569094010823e+00,1.116865594459302696e-01,-8.212040934527181646e-03,-3.986658689105642469e-05,-1.115809353902397355e-01,4.856173216480603495e-03,5.714301004005001381e-05,3.960955466004446564e-04,-3.192313134951269005e-02
6.520000000000000462e+00,0.000000000000000000e+00,-6.880937671597214811e-01,5.563501175340949956e-02,3.098025266402217426e+00,1.116854695379101980e-01,-8.671751339936461037e-03,-6.913455342058433544e-05,-1.115794902460963134e-01,4.864304916919155036e-03,8.738280659399860794e-05,4.170799303520740216e-04,-3.371027683680844628e-02
6.540000000000000036e+00,0.000000000000000000e+00,-6.903253374686975086e-01,5.573238266830926602e-02,3.097947968628735005e+00,1.116837936553917859e-01,-9.132392962206515447e-03,-9.846378015896730415e-05,-1.115774396262041585e-01,4.872856628395420830e-03,1.176903689251588750e-04,4.380965192139472421e-04,-3.550105676591217702e-02
6.560000000000000497e+00,0.000000000000000000e+00,-6.925568606993099952e-01,5.582992882286395842e-02,3.097866668159856562e+00,1.116815305885697079e-01,-9.593970567957681161e-03,-1.278527269763321550e-04,-1.115747821882074331e-01,4.881828987142143583e-03,1.480644010423463831e-04,4.591445262403728183e-04,-3.729549051689832334e-02
6.580000000000000071e+00,0.000000000000000000e+00,-6.947883247019894792e-01,5.592765863625019651e-02,3.097781357402445757e+00,1.116786791584550576e-01,-1.005648905318342820e-02,-1.572998523971557208e-04,-1.115715166156704685e-01,4.891222613653160162e-03,1.785036069543699782e-04,4.802231644856538840e-04,-3.909359798292347948e-02
6.600000000000000533e+00,0.000000000000000000e+00,-6.970197173010974634e-01,5.602558053989704911e-02,3.097692028783209928e+00,1.116752382169015068e-01,-1.051995344116683773e-02,-1.868036136253938581e-04,-1.115676416180772512e-01,4.901038112683390319e-03,2.090066906700395770e-04,5.013316470040972590e-04,-4.089539956228185197e-02
6.620000000000000107e+00,0.000000000000000000e+00,-6.992510262954425571e-01,5.612370297717127199e-02,3.097598674747986003e+00,1.116712066466316738e-01,-1.098436888040092360e-02,-2.163624665695802252e-04,-1.115631559308316034e-01,4.911276073248841030e-03,2.395723561981661666e-04,5.224691868500062940e-04,-4.270091615047956479e-02
6.640000000000000568e+00,0.000000000000000000e+00,-7.014822394588025034e-01,5.622203440306256655e-02,3.097501287761045941e+00,1.116665833612627140e-01,-1.144974064251326126e-02,-2.459748658679030797e-04,-1.115580583152571414e-01,4.921937068626602158e-03,2.701993075475618458e-04,5.436349970776893810e-04,-4.451016913232981598e-02
6.660000000000000142e+00,0.000000000000000000e+00,-7.037133445404401000e-01,5.632058328386884555e-02,3.097399860304411501e+00,1.116613673053317157e-01,-1.191607412019365757e-02,-2.756392649132606478e-04,-1.115523475585975116e-01,4.933021656354855990e-03,3.008862487270338613e-04,5.648282907414483526e-04,-4.632318037406384786e-02
6.679999999999999716e+00,0.000000000000000000e+00,-7.059443292656210067e-01,5.641935809688124887e-02,3.097294384877190332e+00,1.116555574543197926e-01,-1.238337482512572724e-02,-3.053541158783207505e-04,-1.115460224740158074e-01,4.944530378232861630e-03,3.316318837453971036e-04,5.860482808955920888e-04,-4.813997221546109651e-02
6.700000000000000178e+00,0.000000000000000000e+00,-7.081751813361358838e-01,5.651836733006971453e-02,3.097184853994925380e+00,1.116491528146769524e-01,-1.285164838592048678e-02,-3.351178697405447857e-04,-1.115390819005953327e-01,4.956463760320977546e-03,3.624349166114609606e-04,6.072941805944249158e-04,-4.996056746199115800e-02
6.719999999999999751e+00,0.000000000000000000e+00,-7.104058884308139810e-01,5.661761948176783493e-02,3.097071260188957620e+00,1.116421524238452589e-01,-1.332090054605292347e-02,-3.649289763072271066e-04,-1.115315247033390189e-01,4.968822312940636421e-03,3.932940513340362301e-04,6.285652028922522443e-04,-5.178498937697131876e-02
6.740000000000000213e+00,0.000000000000000000e+00,-7.126364382060442759e-01,5.671712306035826129e-02,3.096953596005810105e+00,1.116345553502819804e-01,-1.379113716180039619e-02,-3.947858842405204674e-04,-1.115233497731695361e-01,4.981606530674355555e-03,4.242079919219317579e-04,6.498605608433782920e-04,-5.361326167373512558e-02
6.759999999999999787e+00,0.000000000000000000e+00,-7.148668182962942819e-01,5.681688658395799701e-02,3.096831854006580897e+00,1.116263606934826402e-01,-1.426236420018264957e-02,-4.246870410824727998e-04,-1.115145560269296121e-01,4.994816892365753352e-03,4.551754423839599680e-04,6.711794675021100958e-04,-5.544540850781109337e-02
6.780000000000000249e+00,0.000000000000000000e+00,-7.170970163146270782e-01,5.691691858010348298e-02,3.096706026766356867e+00,1.116175675840028053e-01,-1.473458773690301295e-02,-4.546308932800578631e-04,-1.115051424073816855e-01,5.008453861119520692e-03,4.861951067289311699e-04,6.925211359227523072e-04,-5.728145446911007271e-02
6.799999999999999822e+00,0.000000000000000000e+00,-7.193270198532193405e-01,5.701722758543578684e-02,3.096576106873640821e+00,1.116081751834796520e-01,-1.520781395429058117e-02,-4.846158862102247053e-04,-1.114951078832078363e-01,5.022517884301436544e-03,5.172656889656567034e-04,7.138847791596107705e-04,-5.912142457412016688e-02
6.820000000000000284e+00,0.000000000000000000e+00,-7.215568164838827014e-01,5.711782214538606295e-02,3.096442086929794169e+00,1.115981826846537128e-01,-1.568204913924241967e-02,-5.146404642049550934e-04,-1.114844514490103689e-01,5.037009393538374041e-03,5.483858931029471492e-04,7.352696102669912213e-04,-6.096534425810572894e-02
6.839999999999999858e+00,0.000000000000000000e+00,-7.237863937585777840e-01,5.721871081386047109e-02,3.096303959548496021e+00,1.115875893113887768e-01,-1.615729968116614776e-02,-5.447030705763397001e-04,-1.114731721253110486e-01,5.051928804718283997e-03,5.795544231496115159e-04,7.566748422991979861e-04,-6.281323936731157687e-02
6.860000000000000320e+00,0.000000000000000000e+00,-7.260157392099356732e-01,5.731990215292557395e-02,3.096161717355218723e+00,1.115763943186924290e-01,-1.663357206992178289e-02,-5.748021476416830759e-04,-1.114612689585515459e-01,5.067276517990203580e-03,6.107699831144633657e-04,7.780996883105382100e-04,-6.466513615116828428e-02
6.879999999999999893e+00,0.000000000000000000e+00,-7.282448403517757241e-01,5.742140473249357502e-02,3.096015352986716707e+00,1.115645969927359232e-01,-1.711087289376255274e-02,-6.049361367486190844e-04,-1.114487410210935892e-01,5.083052917764259784e-03,6.420312770063120325e-04,7.995433613553158941e-04,-6.652106125449711027e-02
6.900000000000000355e+00,0.000000000000000000e+00,-7.304736846796242578e-01,5.752322713000747323e-02,3.095864859090534438e+00,1.115521966508727092e-01,-1.758920883727475154e-02,-6.351034783002703016e-04,-1.114355874112184508e-01,5.099258372711668562e-03,6.733370088339669587e-04,8.210050744878364488e-04,-6.838104170971519291e-02
6.919999999999999929e+00,0.000000000000000000e+00,-7.327022596712305935e-01,5.762537793012623144e-02,3.095710228324527247e+00,1.115391926416575002e-01,-1.806858667931539666e-02,-6.653026117804392361e-04,-1.114218072531272391e-01,5.115893235764720076e-03,7.046858826062408392e-04,8.424840407624062605e-04,-7.024510492903578152e-02
6.940000000000000391e+00,0.000000000000000000e+00,-7.349305527870895194e-01,5.772786572441020864e-02,3.095551453356399918e+00,1.115255843448644674e-01,-1.854901329094766141e-02,-6.955319757788322932e-04,-1.114073996969411340e-01,5.132957844116806459e-03,7.360766023319444172e-04,8.639794732333304144e-04,-7.211327869666364632e-02
6.959999999999999964e+00,0.000000000000000000e+00,-7.371585514709558806e-01,5.783069911100612026e-02,3.095388526863259937e+00,1.115113711715046280e-01,-1.903049563337370562e-02,-7.257900080163266722e-04,-1.113923639187009429e-01,5.150452519222393187e-03,7.675078720198839910e-04,8.854905849549132369e-04,-7.398559116098409050e-02
6.980000000000000426e+00,0.000000000000000000e+00,-7.393862431503647192e-01,5.793388669433238714e-02,3.095221441531188500e+00,1.114965525638428739e-01,-1.951304075586436995e-02,-7.560751453703067624e-04,-1.113766991203672119e-01,5.168377566797034695e-03,7.989783956788781101e-04,9.070165889814630657e-04,-7.586207082674344127e-02
7.000000000000000000e+00,0.000000000000000000e+00,-7.416136152371498591e-01,5.803743708476445662e-02,3.095050190054824402e+00,1.114811279954150830e-01,-1.999665579368463050e-02,-7.863858239000106210e-04,-1.113604045298205447e-01,5.186733276817379577e-03,8.304868773177339399e-04,9.285566983672839019e-04,-7.774274654721677336e-02
7.020000000000000462e+00,0.000000000000000000e+00,-7.438406551279622692e-01,5.814135889831983234e-02,3.094874765136967909e+00,1.114650969710437589e-01,-2.048134796601550067e-02,-8.167204788719683922e-04,-1.113434794008612561e-01,5.205519923521150644e-03,8.620320209452575618e-04,9.501101261666783371e-04,-7.962764751636534910e-02
7.040000000000000036e+00,0.000000000000000000e+00,-7.460673502047869832e-01,5.824566075634333290e-02,3.094695159488196623e+00,1.114484590268537412e-01,-2.096712457387117992e-02,-8.470775447855033924e-04,-1.113259230132093991e-01,5.224737765407165731e-03,8.936125305702675254e-04,9.716760854339562270e-04,-8.151680326097933416e-02
7.060000000000000497e+00,0.000000000000000000e+00,-7.482936878354644605e-01,5.835035128519254488e-02,3.094511365826501770e+00,1.114312137302875122e-01,-2.145399299801044324e-02,-8.774554553982634453e-04,-1.113077346725050570e-01,5.244387045235323827e-03,9.252271102015692614e-04,9.932537892234209222e-04,-8.341024363280163945e-02
7.080000000000000071e+00,0.000000000000000000e+00,-7.505196553742051746e-01,5.845543911592269298e-02,3.094323376876936038e+00,1.114133606801194359e-01,-2.194196069684314562e-02,-9.078526437518644318e-04,-1.112889137103079407e-01,5.264467990026612879e-03,9.568744638479742722e-04,1.014842450589377399e-03,-8.530799880063630325e-02
7.100000000000000533e+00,0.000000000000000000e+00,-7.527452401621109734e-01,5.856093288397207219e-02,3.094131185371280512e+00,1.113948995064699965e-01,-2.243103520433009646e-02,-9.382675421975881580e-04,-1.112694594840976381e-01,5.284980811063105452e-03,9.885532955182963367e-04,1.036441282586132804e-03,-8.721009924243468270e-02
7.120000000000000107e+00,0.000000000000000000e+00,-7.549704295276924437e-01,5.866684122884728569e-02,3.093934784047728925e+00,1.113758298708195232e-01,-2.292122412787613028e-02,-9.686985824221544918e-04,-1.112493713772736564e-01,5.305925703887956132e-03,1.020262309221341319e-03,1.058049498267990812e-03,-8.911657573735864979e-02
7.140000000000000568e+00,0.000000000000000000e+00,-7.571952107873876070e-01,5.877317279380838561e-02,3.093734165650584789e+00,1.113561514660208335e-01,-2.341253514621651280e-02,-9.991441954736051713e-04,-1.112286487991551998e-01,5.327302848305421473e-03,1.052000208965923542e-03,1.079666310689257483e-03,-9.102745935782136089e-02
7.160000000000000142e+00,0.000000000000000000e+00,-7.594195712460789505e-01,5.887993622555404150e-02,3.093529322929976288e+00,1.113358640163120000e-01,-2.390497600729506178e-02,-1.029602811787248872e-03,-1.112072911849813217e-01,5.349112408380819229e-03,1.083765698760853421e-03,1.101290932904239748e-03,-9.294278146149918818e-02
7.179999999999999716e+00,0.000000000000000000e+00,-7.616434981976150098e-01,5.898714017390700726e-02,3.093320248641590275e+00,1.113149672773284804e-01,-2.439855452613400380e-02,-1.060072861211715451e-03,-1.111852979959110505e-01,5.371354532440576063e-03,1.115557482614938124e-03,1.122922577967239112e-03,-9.486257368331503514e-02
7.200000000000000178e+00,0.000000000000000000e+00,-7.638669789253246245e-01,5.909479329149900512e-02,3.093106935546417802e+00,1.112934610361141496e-01,-2.489327858269579571e-02,-1.090552773035122734e-03,-1.111626687190229862e-01,5.394029353072191980e-03,1.147374264536995874e-03,1.144560458932567274e-03,-9.678686792739357725e-02
7.219999999999999751e+00,0.000000000000000000e+00,-7.660900007025378544e-01,5.920290423345617170e-02,3.092889376410520530e+00,1.112713451111325691e-01,-2.538915611973437125e-02,-1.121040976011314100e-03,-1.111394028673156759e-01,5.417136987124255079e-03,1.179214748535831452e-03,1.166203788854524659e-03,-9.871569635897890771e-02
7.240000000000000213e+00,0.000000000000000000e+00,-7.683125507931052312e-01,5.931148165708432368e-02,3.092667564004811798e+00,1.112486193522775474e-01,-2.588619514063739829e-02,-1.151535898386245142e-03,-1.111154999797076132e-01,5.440677535706446750e-03,1.211077638620255493e-03,1.187851780787417327e-03,-1.006490913963203754e-01
7.259999999999999787e+00,0.000000000000000000e+00,-7.705346164519134566e-01,5.942053422155394588e-02,3.092441491104854556e+00,1.112252836408825912e-01,-2.638440370725798553e-02,-1.182035967924467256e-03,-1.110909596210369055e-01,5.464651084189521731e-03,1.242961638799081016e-03,1.209503647785552423e-03,-1.025870857025205918e-01
7.280000000000000249e+00,0.000000000000000000e+00,-7.727561849254055426e-01,5.953007058758560954e-02,3.092211150490674409e+00,1.112013378897306337e-01,-2.688378993773486020e-02,-1.212539611935728977e-03,-1.110657813820616069e-01,5.489057702205328917e-03,1.274865453081116271e-03,1.231158602903233406e-03,-1.045297121773419990e-01
7.299999999999999822e+00,0.000000000000000000e+00,-7.749772434520995068e-01,5.964009941713516866e-02,3.091976534946594857e+00,1.111767820430627496e-01,-2.738436200430155801e-02,-1.243045257301718257e-03,-1.110399648794596211e-01,5.513897443646810503e-03,1.306787785475174712e-03,1.252815859194767638e-03,-1.064770039489736086e-01
7.320000000000000284e+00,0.000000000000000000e+00,-7.771977792631048487e-01,5.975062937307886596e-02,3.091737637261081417e+00,1.111516160765862876e-01,-2.788612813108314048e-02,-1.273551330502924878e-03,-1.110135097558284933e-01,5.539170346667978556e-03,1.338727339990068059e-03,1.274474629714461398e-03,-1.084289943657525263e-01
7.339999999999999858e+00,0.000000000000000000e+00,-7.794177795826431332e-01,5.986166911889866799e-02,3.091494450226610180e+00,1.111258399974829059e-01,-2.838909659188002671e-02,-1.304056257645636648e-03,-1.109864156796857709e-01,5.564876433683937570e-03,1.370682820634601526e-03,1.296134127516615541e-03,-1.103857169878383199e-01
7.360000000000000320e+00,0.000000000000000000e+00,-7.816372316285657984e-01,5.997322731836752380e-02,3.091246966639548788e+00,1.110994538444157187e-01,-2.889327570793909575e-02,-1.334558464489105827e-03,-1.109586823454688509e-01,5.591015711370885335e-03,1.402652931417592034e-03,1.317793565655541550e-03,-1.123472055788409113e-01
7.379999999999999893e+00,0.000000000000000000e+00,-7.838561226128715198e-01,6.008531263523440163e-02,3.090995179300056073e+00,1.110724576875356945e-01,-2.939867384571017567e-02,-1.365056376472822009e-03,-1.109303094735347855e-01,5.617588170666099924e-03,1.434636376347845450e-03,1.339452157185539198e-03,-1.143134940973945385e-01
7.400000000000000355e+00,0.000000000000000000e+00,-7.860744397422252394e-01,6.019793373290969335e-02,3.090739081011998568e+00,1.110448516284881365e-01,-2.990529941458863403e-02,-1.395548418743981691e-03,-1.109012968101605462e-01,5.644593786767942295e-03,1.466631859434176094e-03,1.361109115160918015e-03,-1.162846166886806060e-01
7.419999999999999929e+00,0.000000000000000000e+00,-7.882921702184773061e-01,6.031109927415040373e-02,3.090478664582885671e+00,1.110166358004180953e-01,-3.041316086464237317e-02,-1.426033016185080781e-03,-1.108716441275429954e-01,5.672032519135868436e-03,1.498638084685390264e-03,1.382763652635980159e-03,-1.182606076758926789e-01
7.440000000000000391e+00,0.000000000000000000e+00,-7.905093012391806173e-01,6.042481792074522878e-02,3.090213922823818571e+00,1.109878103679752953e-01,-3.092226668432368833e-02,-1.456508593441708122e-03,-1.108413512237986787e-01,5.699904311490410283e-03,1.530653756110304017e-03,1.404414982665035377e-03,-1.202415015516453550e-01
7.459999999999999964e+00,0.000000000000000000e+00,-7.927258199981092046e-01,6.053909833319994632e-02,3.089944848549462275e+00,1.109583755273186728e-01,-3.143262539816420176e-02,-1.486973574950475625e-03,-1.108104179229639913e-01,5.728209091813191330e-03,1.562677577717726468e-03,1.426062318302386478e-03,-1.222273329693199934e-01
7.480000000000000426e+00,0.000000000000000000e+00,-7.949417136857788169e-01,6.065394917042264689e-02,3.089671434578028286e+00,1.109283315061204978e-01,-3.194424556445318863e-02,-1.517426384967148541e-03,-1.107788440749953307e-01,5.756946772346922293e-03,1.594708253516467170e-03,1.447704872602338872e-03,-1.242181367343485887e-01
7.500000000000000000e+00,0.000000000000000000e+00,-7.971569694899617309e-01,6.076937908940876348e-02,3.089393673731280821e+00,1.108976785635692186e-01,-3.245713577289859736e-02,-1.547865447594954638e-03,-1.107466295557686664e-01,5.786117249595397645e-03,1.626744487515335239e-03,1.469341858619197102e-03,-1.262139477954327127e-01
7.520000000000000462e+00,0.000000000000000000e+00,-7.993715745962075570e-01,6.088539674492648990e-02,3.089111558834559013e+00,1.108664169903727237e-01,-3.297130464226943891e-02,-1.578289186813082228e-03,-1.107137742670799702e-01,5.815720404323499945e-03,1.658784983723146081e-03,1.490972489407269615e-03,-1.282148012356926492e-01
7.540000000000000036e+00,0.000000000000000000e+00,-8.015855161883610469e-01,6.100201078920190756e-02,3.088825082716813331e+00,1.108345471087602285e-01,-3.348676081801958693e-02,-1.608696026505361662e-03,-1.106802781366449939e-01,5.845756101557192039e-03,1.690828446148707294e-03,1.512595978020859870e-03,-1.302207322637463915e-01
7.560000000000000497e+00,0.000000000000000000e+00,-8.037987814490800131e-01,6.111922987160422344e-02,3.088534238210666860e+00,1.108020692724838857e-01,-3.400351296989226335e-02,-1.639084390489162343e-03,-1.106461411180991866e-01,5.876224190583530932e-03,1.722873578800827128e-03,1.534211537514271542e-03,-1.322317762047161560e-01
7.580000000000000071e+00,0.000000000000000000e+00,-8.060113575603553571e-01,6.123706263833101487e-02,3.088239018152486803e+00,1.107689838668201449e-01,-3.452156978950416538e-02,-1.669452702544499010e-03,-1.106113631909980272e-01,5.907124504950655650e-03,1.754919085688319905e-03,1.555818380941811994e-03,-1.342479684911577209e-01
7.600000000000000533e+00,0.000000000000000000e+00,-8.082232317040272118e-01,6.135551773209341891e-02,3.087939415382481734e+00,1.107352913085698498e-01,-3.504093998790928227e-02,-1.699799386443337935e-03,-1.105759443608167192e-01,5.938456862467793307e-03,1.786963670819999295e-03,1.577415721357789454e-03,-1.362693446539129105e-01
7.620000000000000107e+00,0.000000000000000000e+00,-8.104343910623044156e-01,6.147460379180135631e-02,3.087635422744810398e+00,1.107009920460581831e-01,-3.556163229314078522e-02,-1.730122865979116928e-03,-1.105398846589502188e-01,5.970221065205253037e-03,1.819006038204668994e-03,1.599002771816504563e-03,-1.382959403128789788e-01
7.640000000000000568e+00,0.000000000000000000e+00,-8.126448228182837630e-01,6.159432945224881106e-02,3.087327033087713168e+00,1.106660865591341386e-01,-3.608365544773149691e-02,-1.760421564996529024e-03,-1.105031841427134287e-01,6.002416899494435534e-03,1.851044891851145926e-03,1.620578745372267069e-03,-1.403277911676963918e-01
7.660000000000000142e+00,0.000000000000000000e+00,-8.148545141564663696e-01,6.171470334379893646e-02,3.087014239263661253e+00,1.106305753591689672e-01,-3.660701820621112268e-02,-1.790693907421485711e-03,-1.104658428953410321e-01,6.035044135927821775e-03,1.883078935768236388e-03,1.642142855079378261e-03,-1.423649329883483750e-01
7.679999999999999716e+00,0.000000000000000000e+00,-8.170634522632782559e-01,6.183573409206939708e-02,3.086697034129521455e+00,1.105944589890543589e-01,-3.713172933258065272e-02,-1.820938317291360313e-03,-1.104278610259875198e-01,6.068102529358979959e-03,1.915106873964750800e-03,1.663694313992145069e-03,-1.444074016056731413e-01
7.700000000000000178e+00,0.000000000000000000e+00,-8.192716243275872667e-01,6.195743031761753727e-02,3.086375410546744469e+00,1.105577380231998891e-01,-3.765779759776233943e-02,-1.851153218785459714e-03,-1.103892386697272188e-01,6.101591818902570713e-03,1.947127410449503264e-03,1.685232335164873986e-03,-1.464552329017829724e-01
7.719999999999999751e+00,0.000000000000000000e+00,-8.214790175412219897e-01,6.207980063562557049e-02,3.086049361381569156e+00,1.105204130675298130e-01,-3.818523177702518728e-02,-1.881337036255737631e-03,-1.103499759875542219e-01,6.135511727934334948e-03,1.979139249231302682e-03,1.706756131651870423e-03,-1.485084628003892904e-01
7.740000000000000213e+00,0.000000000000000000e+00,-8.236856190994903404e-01,6.220285365558590740e-02,3.085718879505244150e+00,1.104824847594794573e-01,-3.871404064738496326e-02,-1.911488194257790008e-03,-1.103100731663825551e-01,6.169861964091105135e-03,2.011141094318963374e-03,1.728264916507439792e-03,-1.505671272570302810e-01
7.759999999999999787e+00,0.000000000000000000e+00,-8.258914162016972593e-01,6.232659798098621334e-02,3.085383957794272991e+00,1.104439537679907518e-01,-3.924423298497813767e-02,-1.941605117582078516e-03,-1.102695304190460385e-01,6.204642219270785353e-03,2.043131649721288603e-03,1.749757902785885767e-03,-1.526312622491981519e-01
7.780000000000000249e+00,0.000000000000000000e+00,-8.280963960516637412e-01,6.245104220899479197e-02,3.085044589130674364e+00,1.104048207935070525e-01,-3.977581756240956834e-02,-1.971686231285478454e-03,-1.102283479842982167e-01,6.239852169632388590e-03,2.075109619447098545e-03,1.771234303541518096e-03,-1.547009037663656661e-01
7.799999999999999822e+00,0.000000000000000000e+00,-8.303005458582450871e-01,6.257619493014568435e-02,3.084700766402263650e+00,1.103650865679678267e-01,-4.030880314607161036e-02,-2.001729960723035683e-03,-1.101865261268125951e-01,6.275491475595989035e-03,2.107073707505194727e-03,1.792693331828636117e-03,-1.567760877999022917e-01
7.820000000000000284e+00,0.000000000000000000e+00,-8.325038528358494894e-01,6.270206472802400399e-02,3.084352482502953130e+00,1.103247518548020889e-01,-4.084319849343661518e-02,-2.031734731580072881e-03,-1.101440651371824175e-01,6.311559781842769785e-03,2.139022617904392121e-03,1.814134200701548712e-03,-1.588568503328877113e-01
7.839999999999999858e+00,0.000000000000000000e+00,-8.347063042049557291e-01,6.282866017895105681e-02,3.083999730333073508e+00,1.102838174489216005e-01,-4.137901235031929414e-02,-2.061698969904543662e-03,-1.101009653319207637e-01,6.348056717314984679e-03,2.170955054653500929e-03,1.835556123214561290e-03,-1.609432273298089799e-01
7.860000000000000320e+00,0.000000000000000000e+00,-8.369078871926327601e-01,6.295598985166964145e-02,3.083642502799711416e+00,1.102422841767132650e-01,-4.191625344811034104e-02,-2.091621102139706954e-03,-1.100572270534605490e-01,6.384981895215983451e-03,2.202869721761336989e-03,1.856958312421981864e-03,-1.630352547261463558e-01
7.879999999999999893e+00,0.000000000000000000e+00,-8.391085890330561847e-01,6.308406230702914841e-02,3.083280792817071347e+00,1.102001528960308840e-01,-4.245493050097923216e-02,-2.121499555157075039e-03,-1.100128506701545106e-01,6.422334913010188315e-03,2.234765323236700529e-03,1.878339981378109773e-03,-1.651329684178395041e-01
7.900000000000000355e+00,0.000000000000000000e+00,-8.413083969680293928e-01,6.321288609767100608e-02,3.082914593306854023e+00,1.101574244961863180e-01,-4.299505220304686293e-02,-2.151332756289731953e-03,-1.099678365762752352e-01,6.460115352423128655e-03,2.266640563088412590e-03,1.899700343137256282e-03,-1.672364042506368220e-01
7.919999999999999929e+00,0.000000000000000000e+00,-8.435072982474988157e-01,6.334246976771361337e-02,3.082543897198657845e+00,1.101140998979398128e-01,-4.353662722552557179e-02,-2.181119133365893876e-03,-1.099221851920150900e-01,6.498322779441395927e-03,2.298494145325274702e-03,1.921038610753721598e-03,-1.693455980093178104e-01
7.940000000000000391e+00,0.000000000000000000e+00,-8.457052801300756206e-01,6.347282185243782737e-02,3.082168697430396342e+00,1.100701800534898134e-01,-4.407966421382771005e-02,-2.210857114742865049e-03,-1.098758969634862637e-01,6.536956744312687889e-03,2.330324773956103136e-03,1.942353997281814600e-03,-1.714605854067929591e-01
7.959999999999999964e+00,0.000000000000000000e+00,-8.479023298835509648e-01,6.360395087797202085e-02,3.081788986948741371e+00,1.100256659464620840e-01,-4.462417178464028050e-02,-2.240545129341278609e-03,-1.098289723627208225e-01,6.576016781545773043e-03,2.362131152989708962e-03,1.963645715775840916e-03,-1.735814020730715446e-01
7.980000000000000426e+00,0.000000000000000000e+00,-8.500984347854168011e-01,6.373586536097737565e-02,3.081404758709583191e+00,1.099805585918980227e-01,-4.517015852296631800e-02,-2.270181606679696085e-03,-1.097814118876705991e-01,6.615502409910522727e-03,2.393911986434904115e-03,1.984912979290106173e-03,-1.757080835440991418e-01
8.000000000000000000e+00,0.000000000000000000e+00,-8.522935821233827980e-01,6.386857380833303732e-02,3.081016005678512748e+00,1.099348590362424216e-01,-4.571763297913133267e-02,-2.299764976909542125e-03,-1.097332160622072755e-01,6.655413132437876418e-03,2.425665978300491857e-03,2.006155000878912745e-03,-1.778406652504589402e-01
8.019999999999999574e+00,0.000000000000000000e+00,-8.544877591958952578e-01,6.400208471682140854e-02,3.080622720831324823e+00,1.098885683573303934e-01,-4.626660366575490596e-02,-2.329293670850422163e-03,-1.096843854361223836e-01,6.695748436419870359e-03,2.457391832595289330e-03,2.027370993596568430e-03,-1.799791825059363359e-01
8.040000000000000924e+00,0.000000000000000000e+00,-8.566809533126558129e-01,6.413640657281338697e-02,3.080224897154540287e+00,1.098416876643736745e-01,-4.681707905468582287e-02,-2.358766120025760152e-03,-1.096349205851272213e-01,6.736507793409626278e-03,2.489088253328108902e-03,2.048560170497380588e-03,-1.821236704959407204e-01
8.060000000000000497e+00,0.000000000000000000e+00,-8.588731517951393446e-01,6.427154785195343667e-02,3.079822527645954544e+00,1.097942180979462057e-01,-4.736906757390044881e-02,-2.388180756698823990e-03,-1.095848221108529363e-01,6.777690659221348793e-03,2.520753944507755570e-03,2.069721744635649643e-03,-1.842741642657826917e-01
8.080000000000000071e+00,0.000000000000000000e+00,-8.610643419771124574e-01,6.440751701884503411e-02,3.079415605315201088e+00,1.097461608299689917e-01,-4.792257760436408054e-02,-2.417536013909137374e-03,-1.095340906408505399e-01,6.819296473930328874e-03,2.552387610143041705e-03,2.090854929065685125e-03,-1.864306987088059364e-01
8.099999999999999645e+00,0.000000000000000000e+00,-8.632545112051522862e-01,6.454432252673569792e-02,3.079004123184341246e+00,1.096975170636941277e-01,-4.847761747685345318e-02,-2.446830325509256800e-03,-1.094827268285908095e-01,6.861324661872948184e-03,2.583987954242780109e-03,2.111958936841790493e-03,-1.885933085543659293e-01
8.120000000000000995e+00,0.000000000000000000e+00,-8.654436468391648596e-01,6.468197281720235170e-02,3.078588074288473031e+00,1.096482880336881877e-01,-4.903419546874082657e-02,-2.476062126201946257e-03,-1.094307313534643306e-01,6.903774631646674743e-03,2.615553680815785754e-03,2.133032981018276146e-03,-1.907620283556572260e-01
8.140000000000000568e+00,0.000000000000000000e+00,-8.676317362529016863e-01,6.482047631983635372e-02,3.078167451676365296e+00,1.095984750058150159e-01,-4.959231980073734725e-02,-2.505229851577730951e-03,-1.093781049207816214e-01,6.946645776110047313e-03,2.647083493870858433e-03,2.154076274649439470e-03,-1.929368924773799399e-01
8.160000000000000142e+00,0.000000000000000000e+00,-8.698187668344812273e-01,6.495984145192897075e-02,3.077742248411109216e+00,1.095480792772172973e-01,-5.015199863359739302e-02,-2.534331938152899460e-03,-1.093248482617728834e-01,6.989937472382709224e-03,2.678576097416813552e-03,2.175088030789589129e-03,-1.951179350832519532e-01
8.179999999999999716e+00,0.000000000000000000e+00,-8.720047259869055933e-01,6.510007661815640778e-02,3.077312457570795079e+00,1.094971021762979335e-01,-5.071324006478045848e-02,-2.563366823407882324e-03,-1.092709621335882786e-01,7.033649081845384093e-03,2.710030195462464347e-03,2.196067462493032484e-03,-1.973051901233527916e-01
8.199999999999999289e+00,0.000000000000000000e+00,-8.741896011285783530e-01,6.524119021026514309e-02,3.076878072249212615e+00,1.094455450627001281e-01,-5.127605212507145571e-02,-2.592332945826046099e-03,-1.092164473192976659e-01,7.077779950139880157e-03,2.741444492016619720e-03,2.217013782814073429e-03,-1.994986913213028790e-01
8.220000000000000639e+00,0.000000000000000000e+00,-8.763733796938242282e-01,6.538319060675706895e-02,3.076439085556569975e+00,1.093934093272872082e-01,-5.184044277515827137e-02,-2.621228744932944076e-03,-1.091613046278908372e-01,7.122329407169094607e-03,2.772817691088092906e-03,2.237926204807019759e-03,-2.016984721612727904e-01
8.240000000000000213e+00,0.000000000000000000e+00,-8.785560491334070132e-01,6.552608617257474344e-02,3.075995490620240247e+00,1.093406963921210728e-01,-5.240641990216577534e-02,-2.650052661335972927e-03,-1.091055348942772951e-01,7.167296767097004057e-03,2.804148496685688035e-03,2.258803941526171463e-03,-2.039045658748194212e-01
8.259999999999999787e+00,0.000000000000000000e+00,-8.807375969150470496e-01,6.566988525878660055e-02,3.075547280585526622e+00,1.092874077104405151e-01,-5.297399131614564938e-02,-2.678803136764505103e-03,-1.090491389792865029e-01,7.212681328348674072e-03,2.835435612818223983e-03,2.279646206025839807e-03,-2.061170054275463237e-01
8.279999999999999361e+00,0.000000000000000000e+00,-8.829180105239415877e-01,6.581459620227222973e-02,3.075094448616454201e+00,1.092335447666380049e-01,-5.354316474652111302e-02,-2.707478614110428016e-03,-1.089921177696676208e-01,7.258482373610266117e-03,2.866677743494505312e-03,2.300452211360326082e-03,-2.083358235055837726e-01
8.300000000000000711e+00,0.000000000000000000e+00,-8.850972774632817064e-01,6.596022732540755829e-02,3.074636987896583129e+00,1.091791090762362915e-01,-5.411394783848589435e-02,-2.736077537469186298e-03,-1.089344721780897141e-01,7.304699169829017603e-03,2.897873592723346561e-03,2.321221170583939383e-03,-2.105610525018865031e-01
8.320000000000000284e+00,0.000000000000000000e+00,-8.872753852547703435e-01,6.610678693575000597e-02,3.074174891629846584e+00,1.091241021858638388e-01,-5.468634814935641186e-02,-2.764598352181253833e-03,-1.088762031431416144e-01,7.351330968213248829e-03,2.929021864513558365e-03,2.341952296750983605e-03,-2.127927245023440717e-01
8.339999999999999858e+00,0.000000000000000000e+00,-8.894523214391424348e-01,6.625428332572382006e-02,3.073708153041412316e+00,1.090685256732294578e-01,-5.526037314487718122e-02,-2.793039504874102359e-03,-1.088173116293320308e-01,7.398377004232372517e-03,2.960121262873947456e-03,2.362644802915762638e-03,-2.150308712717037829e-01
8.359999999999999432e+00,0.000000000000000000e+00,-8.916280735766817234e-01,6.640272477230524384e-02,3.073236765378565494e+00,1.090123811470962573e-01,-5.583603019547765667e-02,-2.821399443504645811e-03,-1.087577986270894664e-01,7.445836497616892952e-03,2.991170491813329672e-03,2.383297902132584713e-03,-2.172755242392989672e-01
8.380000000000000782e+00,0.000000000000000000e+00,-8.938026292477400103e-01,6.655211953670771285e-02,3.072760721911622195e+00,1.089556702472544714e-01,-5.641332657248056964e-02,-2.849676617402164755e-03,-1.086976651527622462e-01,7.493708652358391231e-03,3.022168255340513913e-03,2.403910807455754157e-03,-2.195267144845819973e-01
8.400000000000000355e+00,0.000000000000000000e+00,-8.959759760532544082e-01,6.670247586406714835e-02,3.072280015934859776e+00,1.088983946444937595e-01,-5.699226944426034197e-02,-2.877869477311737357e-03,-1.086369122486185446e-01,7.541992656709529605e-03,3.053113257464307347e-03,2.424482731939573560e-03,-2.217844727224569379e-01
8.419999999999999929e+00,0.000000000000000000e+00,-8.981481016152678132e-01,6.685380198312708411e-02,3.071794640767477436e+00,1.088405560405742295e-01,-5.757286587235177500e-02,-2.905976475438180363e-03,-1.085755409828463025e-01,7.590687683184070556e-03,3.084004202193523208e-03,2.445012888638351152e-03,-2.240488292884113830e-01
8.439999999999999503e+00,0.000000000000000000e+00,-9.003189935774453811e-01,6.700610610592398764e-02,3.071304589754578984e+00,1.087821561681970445e-01,-5.815512280750692597e-02,-2.933996065490491415e-03,-1.085135524495533521e-01,7.639792888556855982e-03,3.114839793536975168e-03,2.465500490606393862e-03,-2.263198141234391003e-01
8.460000000000000853e+00,0.000000000000000000e+00,-9.024886396055942228e-01,6.715939642747241478e-02,3.070809856268180482e+00,1.087231967909737251e-01,-5.873904708570051175e-02,-2.961926702726811345e-03,-1.084509477687673196e-01,7.689307413863817608e-03,3.145618735503471260e-03,2.485944750898005581e-03,-2.285974567587550355e-01
8.480000000000000426e+00,0.000000000000000000e+00,-9.046570273881803237e-01,6.731368112545024762e-02,3.070310433708245412e+00,1.086636797033947721e-01,-5.932464542408272951e-02,-2.989766843999927710e-03,-1.083877280864356807e-01,7.739230384401963106e-03,3.176339732101822119e-03,2.506344882567490204e-03,-2.308817863002967652e-01
8.500000000000000000e+00,0.000000000000000000e+00,-9.068241446368481284e-01,6.746896835988391850e-02,3.069806315503743388e+00,1.086036067307972613e-01,-5.991192441687870351e-02,-3.017514947803304811e-03,-1.083238945744256637e-01,7.789560909729396909e-03,3.207001487340836211e-03,2.526700098669154224e-03,-2.331728314130100677e-01
8.519999999999999574e+00,0.000000000000000000e+00,-9.089899790869387930e-01,6.762526627283363401e-02,3.069297495113734175e+00,1.085429797293316206e-01,-6.050089053123378080e-02,-3.045169474317676196e-03,-1.082594484305243882e-01,7.840298083665302870e-03,3.237602705229330677e-03,2.547009612257305003e-03,-2.354706203049140856e-01
8.540000000000000924e+00,0.000000000000000000e+00,-9.111545184980088807e-01,6.778258298807861293e-02,3.068783966028479249e+00,1.084818005859274209e-01,-6.109155010300375971e-02,-3.072728885458145872e-03,-1.081943908784387537e-01,7.891440984289961602e-03,3.268142089776110079e-03,2.567272636386244700e-03,-2.377751807109426685e-01
8.560000000000000497e+00,0.000000000000000000e+00,-9.133177506543469493e-01,6.794092661080225470e-02,3.068265721770579546e+00,1.084200712182582099e-01,-6.168390933249007224e-02,-3.100191644921913153e-03,-1.081287231677955651e-01,7.942988673944722730e-03,3.298618344989988089e-03,2.587488384110282411e-03,-2.400865398765611725e-01
8.580000000000000071e+00,0.000000000000000000e+00,-9.154796633654946891e-01,6.810030522727744673e-02,3.067742755896136764e+00,1.083577935747053050e-01,-6.227797428011813685e-02,-3.127556218236513148e-03,-1.080624465741413381e-01,7.994940199232032640e-03,3.329030174879774040e-03,2.607656068483720294e-03,-2.424047245411514451e-01
8.599999999999999645e+00,0.000000000000000000e+00,-9.176402444667632885e-01,6.826072690455169123e-02,3.067215061995945735e+00,1.082949696343208090e-01,-6.287375086205884700e-02,-3.154821072808668744e-03,-1.079955623989424796e-01,8.047294591015431015e-03,3.359376283454281603e-03,2.627774902560866144e-03,-2.447297609211641078e-01
8.620000000000000995e+00,0.000000000000000000e+00,-9.197994818197524625e-01,6.842219969013238479e-02,3.066682633696709903e+00,1.082316014067894461e-01,-6.347124484579239057e-02,-3.181984677973702033e-03,-1.079280719695852042e-01,8.100050864419526542e-03,3.389655374722320546e-03,2.647844099396026024e-03,-2.470616746930347218e-01
8.640000000000000568e+00,0.000000000000000000e+00,-9.219573633128685941e-01,6.858473161167201460e-02,3.066145464662285658e+00,1.081676909323895791e-01,-6.407046184561304702e-02,-3.209045505045552468e-03,-1.078599766393755488e-01,8.153208018830021206e-03,3.419866152692695865e-03,2.667862872043501223e-03,-2.494004909758574806e-01
8.660000000000000142e+00,0.000000000000000000e+00,-9.241138768618439858e-01,6.874833067665342412e-02,3.065603548594952432e+00,1.081032402819530752e-01,-6.467140731807552445e-02,-3.236002027367411264e-03,-1.077912777875394135e-01,8.206765037893706816e-03,3.450007321374223834e-03,2.687830433557599537e-03,-2.517462343138190395e-01
8.679999999999999716e+00,0.000000000000000000e+00,-9.262690104102544453e-01,6.891300487207499548e-02,3.065056879236714771e+00,1.080382515568242136e-01,-6.527408655738067833e-02,-3.262852720362927842e-03,-1.077219768192224647e-01,8.260720889518461535e-03,3.480077584775714220e-03,2.707745996992627028e-03,-2.540989286583821283e-01
8.700000000000001066e+00,0.000000000000000000e+00,-9.284227519300378706e-01,6.907876216413587345e-02,3.064505450370624384e+00,1.079727268888175384e-01,-6.587850469070088977e-02,-3.289596061588067211e-03,-1.076520751654902047e-01,8.315074525873248149e-03,3.510075646905978959e-03,2.727608775402890189e-03,-2.564585973502206406e-01
8.720000000000000639e+00,0.000000000000000000e+00,-9.305750894220122804e-01,6.924561049792116174e-02,3.063949255822139062e+00,1.079066684401746995e-01,-6.648466667344381242e-02,-3.316230530783574517e-03,-1.075815742833279576e-01,8.369824883388110592e-03,3.540000211773826951e-03,2.747417981842692047e-03,-2.588252631008999272e-01
8.740000000000000213e+00,0.000000000000000000e+00,-9.327260109163950652e-01,6.941355779708723028e-02,3.063388289460502456e+00,1.078400784035203619e-01,-6.709257728445434943e-02,-3.342754609928081429e-03,-1.075104756556409386e-01,8.424970882754182627e-03,3.569849983388070132e-03,2.767172829366339529e-03,-2.611989479743007658e-01
8.759999999999999787e+00,0.000000000000000000e+00,-9.348755044733206843e-01,6.958261196354685596e-02,3.062822545200157620e+00,1.077729590018166456e-01,-6.770224112115368065e-02,-3.369166783291847444e-03,-1.074387807912540876e-01,8.480511428923680900e-03,3.599623665757516969e-03,2.786872531028136962e-03,-2.635796733677830961e-01
8.779999999999999361e+00,0.000000000000000000e+00,-9.370235581833595839e-01,6.975278087715444664e-02,3.062252017002185411e+00,1.077053124883169954e-01,-6.831366259461488233e-02,-3.395465537491162977e-03,-1.073664912249122222e-01,8.536445411109920556e-03,3.629319962890979832e-03,2.806516299882390406e-03,-2.659674599930851868e-01
8.800000000000000711e+00,0.000000000000000000e+00,-9.391701601680361167e-01,6.992407239539134844e-02,3.061676698875776204e+00,1.076371411465185252e-01,-6.892684592457462567e-02,-3.421649361543397782e-03,-1.072936085172799536e-01,8.592771702787289217e-03,3.658937578797272390e-03,2.826103348983407225e-03,-2.683623278569570725e-01
8.820000000000000284e+00,0.000000000000000000e+00,-9.413152985803470152e-01,7.009649435305094489e-02,3.061096584879726024e+00,1.075684472901136252e-01,-6.954179513437927507e-02,-3.447716746922710289e-03,-1.072201342549417846e-01,8.649489161691266068e-03,3.688475217485198340e-03,2.845632891385488708e-03,-2.707642962415204302e-01
8.839999999999999858e+00,0.000000000000000000e+00,-9.434589616052801997e-01,7.027005456192399191e-02,3.060511669123965106e+00,1.074992332629400860e-01,-7.015851404586714857e-02,-3.473666187616459948e-03,-1.071460700504019425e-01,8.706596629818413174e-03,3.717931582963575256e-03,2.865104140142944820e-03,-2.731733836843603380e-01
8.859999999999999432e+00,0.000000000000000000e+00,-9.456011374603322528e-01,7.044476081048373084e-02,3.059921945771117091e+00,1.074295014389303887e-01,-7.077700627418276325e-02,-3.499496180182260548e-03,-1.070714175420845599e-01,8.764092933426382431e-03,3.747305379241209870e-03,2.884516308310076851e-03,-2.755896079583337599e-01
8.880000000000000782e+00,0.000000000000000000e+00,-9.477418143960282260e-01,7.062062086357120960e-02,3.059327409038085310e+00,1.073592542220596913e-01,-7.139727522252593828e-02,-3.525205223805759087e-03,-1.069961783943335770e-01,8.821976883033910352e-03,3.776595310326917154e-03,2.903868608941195199e-03,-2.780129860511028062e-01
8.900000000000000355e+00,0.000000000000000000e+00,-9.498809806964387814e-01,7.079764246208045120e-02,3.058728053197671493e+00,1.072884940462925651e-01,-7.201932407683261927e-02,-3.550791820359081204e-03,-1.069203542974127008e-01,8.880247273420819806e-03,3.805800080229501670e-03,2.923160255090599853e-03,-2.804435341443817786e-01
8.919999999999999929e+00,0.000000000000000000e+00,-9.520186246796988883e-01,7.097583332264366385e-02,3.058123872580224667e+00,1.072172233755289694e-01,-7.264315580038800679e-02,-3.576254474460010407e-03,-1.068439469675055709e-01,8.938902883628014814e-03,3.834918392957775788e-03,2.942390459812599043e-03,-2.828812675928978337e-01
8.939999999999999503e+00,0.000000000000000000e+00,-9.541547346985270739e-01,7.115520113731653440e-02,3.057514861575320708e+00,1.071454447035483648e-01,-7.326877312837141998e-02,-3.601591693531867693e-03,-1.067669581467155099e-01,8.997942476957499630e-03,3.863948952520553613e-03,2.961558436161497530e-03,-2.853262009030640423e-01
8.960000000000000853e+00,0.000000000000000000e+00,-9.562892991407427878e-01,7.133575357326336908e-02,3.056901014633471636e+00,1.070731605539532727e-01,-7.389617856233153537e-02,-3.626801987864105431e-03,-1.066893896030657873e-01,9.057364800972352720e-03,3.892890462926646648e-03,2.980663397191603975e-03,-2.877783477113565747e-01
8.980000000000000426e+00,0.000000000000000000e+00,-9.584223064297847650e-01,7.151749827244233138e-02,3.056282326267869109e+00,1.070003734801112660e-01,-7.452537436459176490e-02,-3.651883870673630714e-03,-1.066112431304994251e-01,9.117168587496737170e-03,3.921741628184860322e-03,2.999704555957218802e-03,-2.902377207623958455e-01
9.000000000000000000e+00,0.000000000000000000e+00,-9.605537450252299436e-01,7.170044285129070771e-02,3.055658791056157675e+00,1.069270860650957805e-01,-7.515636255258623111e-02,-3.676835858166887204e-03,-1.065325205488793225e-01,9.177352552615904158e-03,3.950501152304006572e-03,3.018681125512649374e-03,-2.927043318867322275e-01
9.019999999999999574e+00,0.000000000000000000e+00,-9.626836034233121620e-01,7.188459490041006206e-02,3.055030403642237768e+00,1.068533009216256768e-01,-7.578914489312393865e-02,-3.701656469602656457e-03,-1.064532237039881452e-01,9.237915396676198154e-03,3.979167739292897334e-03,3.037592318912201318e-03,-2.951781919783251773e-01
9.040000000000000924e+00,0.000000000000000000e+00,-9.648118701574398548e-01,7.206996198425157096e-02,3.054397158738106022e+00,1.067790206920035817e-01,-7.642372289658223850e-02,-3.726344227355623401e-03,-1.063733544675283943e-01,9.298855804285049986e-03,4.007740093160347579e-03,3.056437349210182428e-03,-2.976593109717199370e-01
9.060000000000000497e+00,0.000000000000000000e+00,-9.669385337987146389e-01,7.225655164080108106e-02,3.053759051125724433e+00,1.067042480480530076e-01,-7.706009781102746148e-02,-3.750897656980683396e-03,-1.062929147371224625e-01,9.360172444310959489e-03,4.036216917915161004e-03,3.075215429460894431e-03,-3.001476978189131506e-01
9.080000000000000071e+00,0.000000000000000000e+00,-9.690635829564497872e-01,7.244437138126448572e-02,3.053116075658921069e+00,1.066289856910539458e-01,-7.769827061626456699e-02,-3.775315287278050314e-03,-1.062119064363124810e-01,9.421863969883535403e-03,4.064596917566152580e-03,3.093925772718645120e-03,-3.026433604659113930e-01
9.099999999999999645e+00,0.000000000000000000e+00,-9.711870062786884805e-01,7.263342868975283806e-02,3.052468227265326295e+00,1.065532363516774050e-01,-7.833824201781258711e-02,-3.799595650359104040e-03,-1.061303315145604442e-01,9.483929018393448540e-03,4.092878796122130340e-03,3.112567592037737956e-03,-3.051463058289721197e-01
9.120000000000000995e+00,0.000000000000000000e+00,-9.733087924527227264e-01,7.282373102296765821e-02,3.051815500948342308e+00,1.064770027899185068e-01,-7.898001244080758709e-02,-3.823737281713042446e-03,-1.060481919472481549e-01,9.546366211492483822e-03,4.121061257591909256e-03,3.131140100472482035e-03,-3.076565397705299798e-01
9.140000000000000568e+00,0.000000000000000000e+00,-9.754289302056109445e-01,7.301528580988606021e-02,3.051157891789143317e+00,1.064002877950282894e-01,-7.962358202383092165e-02,-3.847738720274300559e-03,-1.059654897356772929e-01,9.609174155093484770e-03,4.149143005984294759e-03,3.149642511077177780e-03,-3.101740670748007189e-01
9.160000000000000142e+00,0.000000000000000000e+00,-9.775474083046971074e-01,7.320810045144604539e-02,3.050495394948711247e+00,1.063230941854440142e-01,-8.026895061266468845e-02,-3.871598508490795443e-03,-1.058822269070692906e-01,9.672351439370395140e-03,4.177122745308100085e-03,3.168074036906133421e-03,-3.126988914230678374e-01
9.179999999999999716e+00,0.000000000000000000e+00,-9.796642155581286593e-01,7.340218232023176803e-02,3.049828005669906972e+00,1.062454248087182362e-01,-8.091611775397114514e-02,-3.895315192392945648e-03,-1.057984055145653746e-01,9.735896638758248511e-03,4.204999179572137605e-03,3.186433891013655886e-03,-3.152310153686390670e-01
9.200000000000001066e+00,0.000000000000000000e+00,-9.817793408153751011e-01,7.359753876015860674e-02,3.049155719279572629e+00,1.061672825414466392e-01,-8.156508268889742230e-02,-3.918887321663506833e-03,-1.057140276372267179e-01,9.799808311953161349e-03,4.232771012785213616e-03,3.204721286454047333e-03,-3.177704403114763321e-01
9.220000000000000639e+00,0.000000000000000000e+00,-9.838927729677463541e-01,7.379417708615848559e-02,3.048478531190669027e+00,1.060886702891940397e-01,-8.221584434660554608e-02,-3.942313449708248312e-03,-1.056290953800342464e-01,9.864085001912326067e-03,4.260436948956144824e-03,3.222935436281616859e-03,-3.203171664724985268e-01
9.240000000000000213e+00,0.000000000000000000e+00,-9.860045009489110113e-01,7.399210458386513978e-02,3.047796436904450790e+00,1.060095909864193359e-01,-8.286840133772602202e-02,-3.965592133727408042e-03,-1.055436108738886936e-01,9.928725235854035311e-03,4.287995692093738397e-03,3.241075553550667055e-03,-3.228711928675485066e-01
9.259999999999999787e+00,0.000000000000000000e+00,-9.881145137354149233e-01,7.419132850929921474e-02,3.047109432012673036e+00,1.059300475963988880e-01,-8.352275194773538247e-02,-3.988721934788020188e-03,-1.054575762756106566e-01,9.993727525257655939e-03,4.315445946206802365e-03,3.259140851315503115e-03,-3.254325172810255129e-01
9.279999999999999361e+00,0.000000000000000000e+00,-9.902228003472001161e-01,7.439185608855361509e-02,3.046417512199834920e+00,1.058500431111483869e-01,-8.417889413025805845e-02,-4.011701417897063637e-03,-1.053709937679405267e-01,1.005909036586365157e-02,4.342786415304151701e-03,3.277130542630431968e-03,-3.280011362391827556e-01
9.300000000000000711e+00,0.000000000000000000e+00,-9.923293498481220443e-01,7.459369451747861757e-02,3.045720673245457366e+00,1.057695805513434451e-01,-8.483682550029056357e-02,-4.034529152075440155e-03,-1.052838655595385309e-01,1.012481223767357046e-02,4.370015803394599642e-03,3.295043840549760541e-03,-3.305770449830809921e-01
9.320000000000000284e+00,0.000000000000000000e+00,-9.944341513464685089e-01,7.479685096136719225e-02,3.045018911026400765e+00,1.056886629662384391e-01,-8.549654332734961393e-02,-4.057203710432819022e-03,-1.051961938849847455e-01,1.019089160495004198e-02,4.397132814486951619e-03,3.312879958127792294e-03,-3.331602374412039325e-01
9.339999999999999858e+00,0.000000000000000000e+00,-9.965371939954780212e-01,7.500133255464007387e-02,3.044312221519211992e+00,1.056072934335840624e-01,-8.615804452854279594e-02,-4.079723670243328229e-03,-1.051079810047789997e-01,1.025732691621677149e-02,4.424136152590016531e-03,3.330638108418831553e-03,-3.357507062017277555e-01
9.359999999999999432e+00,0.000000000000000000e+00,-9.986384669938588310e-01,7.520714640053116629e-02,3.043600600802513600e+00,1.055254750595432250e-01,-8.682132566156229581e-02,-4.102087613022126905e-03,-1.050192292053410137e-01,1.032411660425857150e-02,4.451024521712611953e-03,3.348317504477185680e-03,-3.383484424844466210e-01
9.380000000000000782e+00,0.000000000000000000e+00,-1.000737959586306847e+00,7.541429957077271096e-02,3.042884045059427223e+00,1.054432109786054422e-01,-8.748638291760063579e-02,-4.124294124602801738e-03,-1.049299407990102739e-01,1.039125908612133914e-02,4.477796625863545051e-03,3.365917359357159435e-03,-3.409534361123479074e-01
9.400000000000000355e+00,0.000000000000000000e+00,-1.002835661064022776e+00,7.562279910528038607e-02,3.042162550580033820e+00,1.053605043534998759e-01,-8.815321211418890301e-02,-4.146341795215681934e-03,-1.048401181240462138e-01,1.045875276311203361e-02,4.504451169051625591e-03,3.383436886113059313e-03,-3.435656754828381731e-01
9.419999999999999929e+00,0.000000000000000000e+00,-1.004931560765232934e+00,7.583265201183865545e-02,3.041436113763871241e+00,1.052773583751062531e-01,-8.882180868795797046e-02,-4.168229219567005928e-03,-1.047497635446279080e-01,1.052659602079872476e-02,4.530986855285665943e-03,3.400875297799187905e-03,-3.461851475386205634e-01
9.439999999999999503e+00,0.000000000000000000e+00,-1.007025648075706270e+00,7.604386526578597871e-02,3.040704731122469084e+00,1.051937762623648825e-01,-8.949216768732114191e-02,-4.189954996918976264e-03,-1.046588794508544196e-01,1.059478722901056186e-02,4.557402388574474141e-03,3.418231807469852140e-03,-3.488118377382155577e-01
9.460000000000000853e+00,0.000000000000000000e+00,-1.009117912429272623e+00,7.625644580970002140e-02,3.039968399281921752e+00,1.051097612621845617e-01,-9.016428376507923392e-02,-4.211517731170719148e-03,-1.045674682587445226e-01,1.066332474183778051e-02,4.583696472926866890e-03,3.435505628179361115e-03,-3.514457300261290551e-01
9.480000000000000426e+00,0.000000000000000000e+00,-1.011208343308340973e+00,7.647040055308276796e-02,3.039227114985498801e+00,1.050253166493489987e-01,-9.083815117094790059e-02,-4.232916030940100938e-03,-1.044755324102368543e-01,1.073220689763169228e-02,4.609867812351649621e-03,3.452695972982014819e-03,-3.540868068026638560e-01
9.500000000000000000e+00,0.000000000000000000e+00,-1.013296930244419247e+00,7.668573637204596782e-02,3.038480875096292166e+00,1.049404457264217910e-01,-9.151376374400702063e-02,-4.254148509646484867e-03,-1.043830743731899158e-01,1.080143201900470723e-02,4.635915110857632970e-03,3.469802054932121481e-03,-3.567350488933739849e-01
9.519999999999999574e+00,0.000000000000000000e+00,-1.015383662818631016e+00,7.690246010899613738e-02,3.037729676599905115e+00,1.048551518236493368e-01,-9.219111490507257700e-02,-4.275213785594367266e-03,-1.042900966413819741e-01,1.087099841283031831e-02,4.661837072453628439e-03,3.486823087083984127e-03,-3.593904355181612997e-01
9.540000000000000924e+00,0.000000000000000000e+00,-1.017468530662235082e+00,7.712057857231993663e-02,3.036973516607177181e+00,1.047694382988623441e-01,-9.287019764899098750e-02,-4.296110482057929718e-03,-1.041966017345110906e-01,1.094090437024311004e-02,4.687632401148453601e-03,3.503758282491914455e-03,-3.620529442600127767e-01
9.560000000000000497e+00,0.000000000000000000e+00,-1.019551523457143061e+00,7.734009853606926832e-02,3.036212392356947731e+00,1.046833085373758132e-01,-9.355100453685452622e-02,-4.316837227366477660e-03,-1.041025921981952873e-01,1.101114816663873765e-02,4.713299800950908683e-03,3.520606854210211589e-03,-3.647225510333728105e-01
9.580000000000000071e+00,0.000000000000000000e+00,-1.021632630936437858e+00,7.756102673964658523e-02,3.035446301218860832e+00,1.045967659518867443e-01,-9.423352768814184655e-02,-4.337392654990843491e-03,-1.040080706039722830e-01,1.108172806167394969e-02,4.738837975869809524e-03,3.537368015293182455e-03,-3.673992300521627397e-01
9.599999999999999645e+00,0.000000000000000000e+00,-1.023711842884893031e+00,7.778336988749010028e-02,3.034675240696206089e+00,1.045098139823706224e-01,-9.491775877277922047e-02,-4.357775403630662243e-03,-1.039130395492996739e-01,1.115264229926658975e-02,4.764245629913965892e-03,3.554040978795133116e-03,-3.700829537974312800e-01
9.620000000000000995e+00,0.000000000000000000e+00,-1.025789149139490375e+00,7.800713464875899672e-02,3.033899208428803007e+00,1.044224560959758491e-01,-9.560368900312603280e-02,-4.377984117302596151e-03,-1.038175016575548365e-01,1.122388910759557906e-02,4.789521467092188421e-03,3.570624957770369198e-03,-3.727736929846462988e-01
9.640000000000000568e+00,0.000000000000000000e+00,-1.027864539589937731e+00,7.823232765701859659e-02,3.033118202195922652e+00,1.043346957869167035e-01,-9.629130912588282354e-02,-4.398017445429469943e-03,-1.037214595780350385e-01,1.129546669910092178e-02,4.814664191413290349e-03,3.587119165273196329e-03,-3.754714165306212159e-01
9.660000000000000142e+00,0.000000000000000000e+00,-1.029938004179188793e+00,7.845895550992570966e-02,3.032332219919249283e+00,1.042465365763640961e-01,-9.698060941392393219e-02,-4.417874042930336823e-03,-1.036249159859572999e-01,1.136737327048371361e-02,4.839672506886079709e-03,3.603522814357919268e-03,-3.781760915200813034e-01
9.679999999999999716e+00,0.000000000000000000e+00,-1.032009532903960691e+00,7.868702476891369091e-02,3.031541259665883725e+00,1.041579820123348654e-01,-9.767157965805349507e-02,-4.437552570311488129e-03,-1.035278735824585183e-01,1.143960700270614181e-02,4.864545117519365400e-03,3.619835118078842777e-03,-3.808876831718648881e-01
9.700000000000001066e+00,0.000000000000000000e+00,-1.034079115815252248e+00,7.891654195887787271e-02,3.030745319651384495e+00,1.040690356695791463e-01,-9.836420915868630821e-02,-4.457051693758383275e-03,-1.034303350945953992e-01,1.151216606099147478e-02,4.889280727321963262e-03,3.636055289490274650e-03,-3.836061548047622338e-01
9.720000000000000639e+00,0.000000000000000000e+00,-1.036146743018862892e+00,7.914751356786051129e-02,3.029944398242854664e+00,1.039797011494656837e-01,-9.905848671745366707e-02,-4.476370085228512097e-03,-1.033323032753444420e-01,1.158504859482405516e-02,4.913878040302681327e-03,3.652182541646519214e-03,-3.863314678029924343e-01
9.740000000000000213e+00,0.000000000000000000e+00,-1.038212404675910250e+00,7.937994604673627441e-02,3.029138493962062473e+00,1.038899820798656753e-01,-9.975440062873426605e-02,-4.495506422545204363e-03,-1.032337809036020376e-01,1.165825273794932754e-02,4.938335760470327629e-03,3.668216087601880362e-03,-3.890635815813164311e-01
9.759999999999999787e+00,0.000000000000000000e+00,-1.040276091003349945e+00,7.961384580889729889e-02,3.028327605488610352e+00,1.037998821150343670e-01,-1.004519386711115458e-01,-4.514459389492375165e-03,-1.031347707841843431e-01,1.173177660837381592e-02,4.962652591833715404e-03,3.684155140410664154e-03,-3.918024535497899863e-01
9.779999999999999361e+00,0.000000000000000000e+00,-1.042337792274492303e+00,7.984921922993848398e-02,3.027511731663139027e+00,1.037094049354908981e-01,-1.011510880987577105e-01,-4.533227675910205326e-03,-1.030352757478273373e-01,1.180561830836513240e-02,4.986827238401657890e-03,3.699998913127177953e-03,-3.945480390781560542e-01
9.800000000000000711e+00,0.000000000000000000e+00,-1.044397498819522152e+00,8.008607264734272924e-02,3.026690871490578250e+00,1.036185542478962329e-01,-1.018518356327446084e-01,-4.551809977791761164e-03,-1.029352986511868351e-01,1.187977592445199279e-02,5.010858404182967456e-03,3.715746618805729120e-03,-3.973002914598759983e-01
9.820000000000000284e+00,0.000000000000000000e+00,-1.046455201026016191e+00,8.032441236016599206e-02,3.025865024143436166e+00,1.035273337849292596e-01,-1.025541674522820884e-01,-4.570204997380551866e-03,-1.028348423768385422e-01,1.195424752742414720e-02,5.034744793186446930e-03,3.731397470500616778e-03,-4.000591618758000401e-01
9.839999999999999858e+00,0.000000000000000000e+00,-1.048510889339461682e+00,8.056424462872274761e-02,3.025034188965129101e+00,1.034357473051604609e-01,-1.032580691858871608e-01,-4.588411443269044439e-03,-1.027339098332778478e-01,1.202903117233248415e-02,5.058485109420910418e-03,3.746950681266149157e-03,-4.028245993574888217e-01
9.859999999999999432e+00,0.000000000000000000e+00,-1.050564554263776040e+00,8.080557567427110177e-02,3.024198365473359740e+00,1.033437985929243214e-01,-1.039635259024800362e-01,-4.606428030498099790e-03,-1.026325039549200874e-01,1.210412489848895420e-02,5.082078056895167686e-03,3.762405464156632750e-03,-4.055965507501686496e-01
9.880000000000000782e+00,0.000000000000000000e+00,-1.052616186361823081e+00,8.104841167869795970e-02,3.023357553363529071e+00,1.032514914581891541e-01,-1.046705221024121918e-01,-4.624253480657358577e-03,-1.025306277021003909e-01,1.217952672946661166e-02,5.105522339618034575e-03,3.777761032226374053e-03,-4.083749606753399597e-01
9.900000000000000355e+00,0.000000000000000000e+00,-1.054665776255932830e+00,8.129275878420429147e-02,3.022511752512198946e+00,1.031588297364250811e-01,-1.053790417084252418e-01,-4.641886521986547318e-03,-1.024282840610736545e-01,1.225523467309956767e-02,5.128816661598315646e-03,3.793016598529675223e-03,-4.111597714930311231e-01
9.919999999999999929e+00,0.000000000000000000e+00,-1.056713314628419997e+00,8.153862309299042543e-02,3.021660962980589282e+00,1.030658172884701268e-01,-1.060890680565420852e-01,-4.659325889477753356e-03,-1.023254760440146793e-01,1.233124672148304748e-02,5.151959726844824138e-03,3.808171376120842756e-03,-4.139509232637038627e-01
9.939999999999999503e+00,0.000000000000000000e+00,-1.058758792222101341e+00,8.178601066694114741e-02,3.020805185018125449e+00,1.029724580003941320e-01,-1.068005838868911483e-01,-4.676570324978600139e-03,-1.022222066890180470e-01,1.240756085097334711e-02,5.174950239366371552e-03,3.823224578054183580e-03,-4.167483537098097823e-01
9.960000000000000853e+00,0.000000000000000000e+00,-1.060802199840815474e+00,8.203492752731103566e-02,3.019944419066022956e+00,1.028787557833604344e-01,-1.075135713344656657e-01,-4.693618577296380934e-03,-1.021184790600981329e-01,1.248417502218785932e-02,5.197786903171771125e-03,3.838175417384004622e-03,-4.195519981770056139e-01
9.980000000000000426e+00,0.000000000000000000e+00,-1.062843528349939781e+00,8.228537965440953228e-02,3.019078665760918323e+00,1.027847145734859385e-01,-1.082280119198167495e-01,-4.710469402303089394e-03,-1.020142962471892178e-01,1.256108718000504762e-02,5.220468422269824819e-03,3.853023107164605006e-03,-4.223617895950204093e-01
1.000000000000000000e+01,0.000000000000000000e+00,-1.064882768676909786e+00,8.253737298728633376e-02,3.018207925938541258e+00,1.026903383316983831e-01,-1.089438865396859385e-01,-4.727121563041431114e-03,-1.019096613661453210e-01,1.263829525356447228e-02,5.242993500669351076e-03,3.867766860450295562e-03,-4.251776584381951607e-01
1.001999999999999957e+01,0.000000000000000000e+00,-1.066919911811737398e+00,8.279091342341654558e-02,3.017332200637430351e+00,1.025956310435922336e-01,-1.096611754575726044e-01,-4.743573829831693005e-03,-1.018045775587403667e-01,1.271579715626678514e-02,5.265360842379158794e-03,3.882405890295381485e-03,-4.279995326856750326e-01
1.004000000000000092e+01,0.000000000000000000e+00,-1.068954948807529393e+00,8.304600681838590626e-02,3.016451491102694060e+00,1.025005967192817169e-01,-1.103798582942431550e-01,-4.759824980379577172e-03,-1.016990479926680180e-01,1.279359078577372438e-02,5.287569151408062947e-03,3.896939409754168835e-03,-4.308273377812813498e-01
1.006000000000000050e+01,0.000000000000000000e+00,-1.070987870781004769e+00,8.330265898557585869e-02,3.015565798789813456e+00,1.024052393932523702e-01,-1.110999140181785083e-01,-4.775873799884911702e-03,-1.015930758615418705e-01,1.287167402400807986e-02,5.309617131764865494e-03,3.911366631880958469e-03,-4.336609965930457444e-01
1.008000000000000007e+01,0.000000000000000000e+00,-1.073018668913015006e+00,8.356087569584910724e-02,3.014675125368486253e+00,1.023095631242096487e-01,-1.118213209359666949e-01,-4.791719081151310337e-03,-1.014866643848951894e-01,1.295004473715377288e-02,5.331503487458378807e-03,3.925686769730058617e-03,-4.365004293724344397e-01
1.009999999999999964e+01,0.000000000000000000e+00,-1.075047334449060754e+00,8.382066267723453645e-02,3.013779472726521025e+00,1.022135719949261723e-01,-1.125440566826358263e-01,-4.807359624696707322e-03,-1.013798168081812140e-01,1.302870077565578856e-02,5.353226922497419590e-03,3.939899036355775340e-03,-4.393455537132403554e-01
1.012000000000000099e+01,0.000000000000000000e+00,-1.077073858699811870e+00,8.408202561461260161e-02,3.012878842973768734e+00,1.021172701120860449e-01,-1.132680982119344260e-01,-4.822794238864776956e-03,-1.012725364027729225e-01,1.310763997422021224e-02,5.374786140890795011e-03,3.954002644812415132e-03,-4.421962845101709005e-01
1.014000000000000057e+01,0.000000000000000000e+00,-1.079098233041623445e+00,8.434497014940038617e-02,3.011973238446100432e+00,1.020206616061273552e-01,-1.139934217865574001e-01,-4.838021739937272553e-03,-1.011648264659631702e-01,1.318686015181418959e-02,5.396179846647315703e-03,3.967996808154281019e-03,-4.450525339171221284e-01
1.016000000000000014e+01,0.000000000000000000e+00,-1.081120448917056720e+00,8.460950187923703403e-02,3.011062661709430710e+00,1.019237506310821245e-01,-1.147200029683217992e-01,-4.853040952247223219e-03,-1.010566903209645512e-01,1.326635911166597348e-02,5.417406743775790567e-03,3.981880739435678628e-03,-4.479142113051545193e-01
1.017999999999999972e+01,0.000000000000000000e+00,-1.083140497835395788e+00,8.487562635766882080e-02,3.010147115563781117e+00,1.018265413644144080e-01,-1.154478166082911067e-01,-4.867850708293020544e-03,-1.009481313169096062e-01,1.334613464126490658e-02,5.438465536285034575e-03,3.995653651710914453e-03,-4.507812232201650615e-01
1.020000000000000107e+01,0.000000000000000000e+00,-1.085158371373167174e+00,8.514334909383444727e-02,3.009226603047392867e+00,1.017290380068555378e-01,-1.161768368368535503e-01,-4.882449848853350968e-03,-1.008391528288505867e-01,1.342618451236140056e-02,5.459354928183856627e-03,4.009314758034294122e-03,-4.536534733402742270e-01
1.022000000000000064e+01,0.000000000000000000e+00,-1.087174061174657202e+00,8.541267555215016627e-02,3.008301127440877298e+00,1.016312447822375620e-01,-1.169070370537528825e-01,-4.896837223102989446e-03,-1.007297582577595940e-01,1.350650648096696216e-02,5.480073623481066490e-03,4.022863271460121529e-03,-4.565308624329224574e-01
1.024000000000000021e+01,0.000000000000000000e+00,-1.089187558952430912e+00,8.568361115199515932e-02,3.007370692271414736e+00,1.015331659373241435e-01,-1.176383899180764026e-01,-4.911011688729459597e-03,-1.006199510305286204e-01,1.358709828735418269e-02,5.500620326185475667e-03,4.036298405042704901e-03,-4.594132883116918697e-01
1.025999999999999979e+01,0.000000000000000000e+00,-1.091198856487850311e+00,8.595616126739659413e-02,3.006435301316998210e+00,1.014348057416390309e-01,-1.183708673382002641e-01,-4.924972112050492699e-03,-1.005097345999693970e-01,1.366795765605673812e-02,5.520993740305893925e-03,4.049619371836347265e-03,-4.623006457928544033e-01
1.027999999999999936e+01,0.000000000000000000e+00,-1.093207945631593070e+00,8.623033122671495965e-02,3.005494958610716250e+00,1.013361684872923496e-01,-1.191044404616956598e-01,-4.938717368132338435e-03,-1.003991124448135458e-01,1.374908229586939770e-02,5.541192569851132767e-03,4.062825384895354247e-03,-4.651928266516570099e-01
1.030000000000000071e+01,0.000000000000000000e+00,-1.095214818304171001e+00,8.650612631232933170e-02,3.004549668445084531e+00,1.012372584888044380e-01,-1.198390796651970375e-01,-4.952246340908872738e-03,-1.002880880697124555e-01,1.383046989984802917e-02,5.561215518830006296e-03,4.075915657274033210e-03,-4.680897195783499942e-01
1.032000000000000028e+01,0.000000000000000000e+00,-1.097219466496446971e+00,8.678355176032230556e-02,3.003599435376419269e+00,1.011380800829272258e-01,-1.205747545442352742e-01,-4.965557923301507082e-03,-1.001766650052373780e-01,1.391211814530953286e-02,5.581061291251319077e-03,4.088889402026688047e-03,-4.709912101339664980e-01
1.033999999999999986e+01,0.000000000000000000e+00,-1.099221882270155604e+00,8.706261276016560857e-02,3.002644264229255011e+00,1.010386376284634624e-01,-1.213114339030373634e-01,-4.978651017339888810e-03,-1.000648468078794151e-01,1.399402469383194576e-02,5.600728591123883479e-03,4.101745832207623517e-03,-4.738971807058612318e-01
1.035999999999999943e+01,0.000000000000000000e+00,-1.101222057758419748e+00,8.734331445440507435e-02,3.001684160100806853e+00,1.009389355060830301e-01,-1.220490857442970561e-01,-4.991524534283370805e-03,-9.995263706004937909e-02,1.407618719125438081e-02,5.620216122456511872e-03,4.114484160871146115e-03,-4.768075104630219996e-01
1.038000000000000078e+01,0.000000000000000000e+00,-1.103219985166270734e+00,8.762566193834596395e-02,3.000719128365475274e+00,1.008389781181374401e-01,-1.227876772589156507e-01,-5.004177394743236640e-03,-9.984003937007801532e-02,1.415860326767703903e-02,5.639522589258017492e-03,4.127103601071561469e-03,-4.797220753111530178e-01
1.040000000000000036e+01,0.000000000000000000e+00,-1.105215656771164401e+00,8.790966025973806497e-02,2.999749174679395392e+00,1.007387698884714272e-01,-1.235271748157184685e-01,-5.016608528805656039e-03,-9.972705737221587707e-02,1.424127053746118698e-02,5.658646695537204903e-03,4.139603365863175205e-03,-4.826407478475492341e-01
1.041999999999999993e+01,0.000000000000000000e+00,-1.107209064923502018e+00,8.819531441846112374e-02,2.998774304985031502e+00,1.006383152622321309e-01,-1.242675439511489455e-01,-5.028816876155400156e-03,-9.961369472663328395e-02,1.432418659922919842e-02,5.677587145302889944e-03,4.151982668300291217e-03,-4.855633973157691963e-01
1.043999999999999950e+01,0.000000000000000000e+00,-1.109200202047146533e+00,8.848262936620983343e-02,2.997794525515811159e+00,1.005376187056760962e-01,-1.250087493589413234e-01,-5.040801386200216040e-03,-9.949995511942044679e-02,1.440734903586452821e-02,5.696342642563881516e-03,4.164240721437216866e-03,-4.884898895601105795e-01
1.046000000000000085e+01,0.000000000000000000e+00,-1.111189060639942383e+00,8.877161000617928011e-02,2.996809842800807200e+00,1.004366847059733475e-01,-1.257507548797776320e-01,-5.052561018195934894e-03,-9.938584226258737053e-02,1.449075541451171761e-02,5.714911891328988518e-03,4.176376738328256913e-03,-4.914200869799096316e-01
1.048000000000000043e+01,0.000000000000000000e+00,-1.113175633274233078e+00,8.906226119274993080e-02,2.995820263669460637e+00,1.003355177710092971e-01,-1.264935234909294048e-01,-5.064094741372229987e-03,-9.927135989406388195e-02,1.457440328657638381e-02,5.733293595607023320e-03,4.188389932027715250e-03,-4.943538484836654812e-01
1.050000000000000000e+01,0.000000000000000000e+00,-1.115159912597380121e+00,8.935458773117303799e-02,2.994825795256346179e+00,1.002341224291840027e-01,-1.272370172958884604e-01,-5.075401535059032021e-03,-9.915651177769962965e-02,1.465829018772523903e-02,5.751486459406798292e-03,4.200279515589900106e-03,-4.972910294430081812e-01
1.051999999999999957e+01,0.000000000000000000e+00,-1.117141891332281256e+00,8.964859437725582192e-02,2.993826445005983050e+00,1.001325032292087747e-01,-1.279811975139894809e-01,-5.086480388813563805e-03,-9.904130170326405636e-02,1.474241363788608705e-02,5.769489186737122334e-03,4.212044702069115375e-03,-5.002314816465182057e-01
1.054000000000000092e+01,0.000000000000000000e+00,-1.119121562277889392e+00,8.994428583704669466e-02,2.992822220677685330e+00,1.000306647399005627e-01,-1.287260244700268730e-01,-5.097330302548019366e-03,-9.892573348644652376e-02,1.482677114124782321e-02,5.787300481606809550e-03,4.223684704519668417e-03,-5.031750532534110532e-01
1.056000000000000050e+01,0.000000000000000000e+00,-1.121098918309728409e+00,9.024166676652027597e-02,2.991813130350459815e+00,9.992861154997337292e-02,-1.294714575838702975e-01,-5.107950286657779101e-03,-9.880981096885611825e-02,1.491136018626038756e-02,5.804919048024664505e-03,4.235198735995862260e-03,-5.061215887470997821e-01
1.058000000000000007e+01,0.000000000000000000e+00,-1.123073952380416074e+00,9.054074177126300582e-02,2.990799182427939407e+00,9.982634826782743609e-02,-1.302174553600815576e-01,-5.118339362150246818e-03,-9.869353801802183135e-02,1.499617824563485163e-02,5.822343589999498699e-03,4.246586009551999927e-03,-5.090709288886505757e-01
1.059999999999999964e+01,0.000000000000000000e+00,-1.125046657520178295e+00,9.084151540615804932e-02,2.989780385643364902e+00,9.972387952133557332e-02,-1.309639753775358739e-01,-5.128496560774188986e-03,-9.857691852739237925e-02,1.508122277634335769e-02,5.839572811540127105e-03,4.257845738242392250e-03,-5.120229106701411625e-01
1.062000000000000099e+01,0.000000000000000000e+00,-1.127017026837369817e+00,9.114399217507068718e-02,2.988756749064605422e+00,9.962120995762721587e-02,-1.317109742790512072e-01,-5.138420925149603073e-03,-9.845995641633638329e-02,1.516649121961914128e-02,5.856605416655361225e-03,4.268977135121343990e-03,-5.149773672679374137e-01
1.064000000000000057e+01,0.000000000000000000e+00,-1.128985053518991810e+00,9.144817653053340101e-02,2.987728282099221477e+00,9.951834424286959413e-02,-1.324584077610294619e-01,-5.148111508898067269e-03,-9.834265563014228662e-02,1.525198100095650003e-02,5.873440109354005623e-03,4.279979413243157303e-03,-5.179341279959054356e-01
1.066000000000000014e+01,0.000000000000000000e+00,-1.130950730831210116e+00,9.175407287343120832e-02,2.986694994499568434e+00,9.941528706204630361e-02,-1.332062305631136478e-01,-5.157567376773578537e-03,-9.822502014001828485e-02,1.533768953011084568e-02,5.890075593644875269e-03,4.290851785662140420e-03,-5.208930182585733704e-01
1.067999999999999972e+01,0.000000000000000000e+00,-1.132914052119874615e+00,9.206168555268687270e-02,2.985656896367942181e+00,9.931204311873355339e-02,-1.339543964578627511e-01,-5.166787604793797450e-03,-9.810705394309249261e-02,1.542361420109866071e-02,5.906510573536780800e-03,4.301593465432596367e-03,-5.238538595042527835e-01
1.070000000000000107e+01,0.000000000000000000e+00,-1.134875010811036367e+00,9.237101886494607228e-02,2.984613998161764759e+00,9.920861713487338918e-02,-1.347028582404505570e-01,-5.175771280371716312e-03,-9.798876106241274919e-02,1.550975239219752090e-02,5.922743753038532850e-03,4.312203665608833371e-03,-5.268164691781456188e-01
1.072000000000000064e+01,0.000000000000000000e+00,-1.136833600411466749e+00,9.268207705426260989e-02,2.983566310698809065e+00,9.910501385054459877e-02,-1.354515677183900646e-01,-5.184517502447691557e-03,-9.787014554694679902e-02,1.559610146594608143e-02,5.938773836158939452e-03,4.322681599245154459e-03,-5.297806606754422720e-01
1.074000000000000021e+01,0.000000000000000000e+00,-1.138789814509175713e+00,9.299486431178373425e-02,2.982513845162467980e+00,9.900123802373075876e-02,-1.362004757012895695e-01,-5.193025381621851726e-03,-9.775121147158219448e-02,1.568265876914408385e-02,5.954599526906814710e-03,4.333026479395866992e-03,-5.327462432944387594e-01
1.075999999999999979e+01,0.000000000000000000e+00,-1.140743646773930253e+00,9.330938477543525289e-02,2.981456613107055897e+00,9.889729443008576926e-02,-1.369495319906421371e-01,-5.201294040286766514e-03,-9.763196293712629592e-02,1.576942163285236648e-02,5.970219529290966658e-03,4.343237519115275731e-03,-5.357130221896791999e-01
1.077999999999999936e+01,0.000000000000000000e+00,-1.142695090957772663e+00,9.362564252960688116e-02,2.980394626463156449e+00,9.879318786269658537e-02,-1.376986853696550439e-01,-5.209322612760458431e-03,-9.751240407030625779e-02,1.585638737239285223e-02,5.985632547320210266e-03,4.353313931457686303e-03,-5.386807983251532539e-01
1.080000000000000071e+01,0.000000000000000000e+00,-1.144644140895538786e+00,9.394364160483725801e-02,2.979327897543004866e+00,9.868892313184349230e-02,-1.384478835931202967e-01,-5.217110245419606142e-03,-9.739253902376911187e-02,1.594355328734853305e-02,6.000837285003352700e-03,4.363254929477403468e-03,-5.416493684275538456e-01
1.082000000000000028e+01,0.000000000000000000e+00,-1.146590790505376711e+00,9.426338597749939208e-02,2.978256439045909865e+00,9.858450506475752162e-02,-1.391970733773340019e-01,-5.224656096832999350e-03,-9.727237197608171182e-02,1.603091666156349765e-02,6.015832446349206331e-03,4.373059726228733721e-03,-5.446185249396275907e-01
1.083999999999999986e+01,0.000000000000000000e+00,-1.148535033789265247e+00,9.458487956948573305e-02,2.977180264063711945e+00,9.847993850537528626e-02,-1.399462003900659723e-01,-5.231959337895141990e-03,-9.715190713173067760e-02,1.611847476314291761e-02,6.030616735366577455e-03,4.382727534765980086e-03,-5.475880559736265862e-01
1.085999999999999943e+01,0.000000000000000000e+00,-1.150476864833531732e+00,9.490812624789345120e-02,2.976099386086281218e+00,9.837522831409116486e-02,-1.406952092405854560e-01,-5.239019151960011556e-03,-9.703114872112252043e-02,1.620622484445306821e-02,6.045188856064281913e-03,4.392257568143450794e-03,-5.505577452648878767e-01
1.088000000000000078e+01,0.000000000000000000e+00,-1.152416277809371614e+00,9.523312982470974464e-02,2.975013819007051197e+00,9.827037936750669667e-02,-1.414440434697472049e-01,-5.245834734974904288e-03,-9.691010100058350396e-02,1.629416414212128683e-02,6.059547512451131206e-03,4.401649039415451471e-03,-5.535273721255582480e-01
1.090000000000000036e+01,0.000000000000000000e+00,-1.154353266973364933e+00,9.555989405649679969e-02,2.973923577128588125e+00,9.816539655817753396e-02,-1.421926455401416045e-01,-5.252405295614332413e-03,-9.678876825235982473e-02,1.638228987703601106e-02,6.073691408535929898e-03,4.410901161636284276e-03,-5.564967113984836677e-01
1.091999999999999993e+01,0.000000000000000000e+00,-1.156287826667996566e+00,9.588842264407729243e-02,2.972828675168194934e+00,9.806028479435731360e-02,-1.429409568263159958e-01,-5.258730055413968207e-03,-9.666715478461737621e-02,1.647059925434675443e-02,6.087619248327495562e-03,4.420013147860258305e-03,-5.594655334112940137e-01
1.093999999999999950e+01,0.000000000000000000e+00,-1.158219951322174035e+00,9.621871923221951561e-02,2.971729128263553843e+00,9.795504899973929425e-02,-1.436889176050678563e-01,-5.264808248904524757e-03,-9.654526493144195698e-02,1.655908946346413071e-02,6.101329735834633630e-03,4.428984211141675717e-03,-5.624336039306896406e-01
1.096000000000000085e+01,0.000000000000000000e+00,-1.160149635451745764e+00,9.655078740932257486e-02,2.970624951978400041e+00,9.784969411319505150e-02,-1.444364670458185007e-01,-5.270639123745599411e-03,-9.642310305283914584e-02,1.664775767805983658e-02,6.114821575066158206e-03,4.437813564534845608e-03,-5.654006841169669784e-01
1.098000000000000043e+01,0.000000000000000000e+00,-1.162076873660018661e+00,9.688463070710150171e-02,2.969516162308230012e+00,9.774422508851063340e-02,-1.451835432010694371e-01,-5.276221940859381933e-03,-9.630067353473442671e-02,1.673660105606663423e-02,6.128093470030879925e-03,4.446500421094071870e-03,-5.683665304787961503e-01
1.100000000000000000e+01,0.000000000000000000e+00,-1.164001660638278146e+00,9.722025260027272742e-02,2.968402775686044492e+00,9.763864689411973219e-02,-1.459300829969486235e-01,-5.281555974564210859e-03,-9.617798078897296654e-02,1.682561673967839996e-02,6.141144124737606819e-03,4.455043993873658396e-03,-5.713308948282834754e-01
1.101999999999999957e+01,0.000000000000000000e+00,-1.165923991166305962e+00,9.755765650623919594e-02,2.967284808988121636e+00,9.753296451283480217e-02,-1.466760222238486788e-01,-5.286640512707929500e-03,-9.605502925331989295e-02,1.691480185535008257e-02,6.153972243195152993e-03,4.463443495927913417e-03,-5.742935242363305104e-01
1.104000000000000092e+01,0.000000000000000000e+00,-1.167843860112897314e+00,9.789684578477544918e-02,2.966162279539823476e+00,9.742718294157481917e-02,-1.474212955271649306e-01,-5.291474856800973924e-03,-9.593182339146008597e-02,1.700415351379771720e-02,6.166576529412328214e-03,4.471698140311140823e-03,-5.772541609883273805e-01
1.106000000000000050e+01,0.000000000000000000e+00,-1.169761262436381122e+00,9.823782373771296206e-02,2.965035205121432593e+00,9.732130719109083339e-02,-1.481658363981370463e-01,-5.296058322149157366e-03,-9.580836769299827527e-02,1.709366880999842186e-02,6.178955687397939649e-03,4.479807140077645376e-03,-5.802125425401971626e-01
1.108000000000000007e+01,0.000000000000000000e+00,-1.171676193185137604e+00,9.858059360862547749e-02,2.963903603974019862e+00,9.721534228568873282e-02,-1.489095771647989674e-01,-5.300390237986109428e-03,-9.568466667345899845e-02,1.718334482319040096e-02,6.191108421160802268e-03,4.487769708281732703e-03,-5.831684014748187428e-01
1.109999999999999964e+01,0.000000000000000000e+00,-1.173588647498116089e+00,9.892515858251400840e-02,2.962767494805340629e+00,9.710929326294935604e-02,-1.496524489830437510e-01,-5.304469947605283328e-03,-9.556072487428662887e-02,1.727317861687296258e-02,6.203033434709724972e-03,4.495585057977709298e-03,-5.861214654588572381e-01
1.112000000000000099e+01,0.000000000000000000e+00,-1.175498620605355038e+00,9.927152178549224215e-02,2.961626896795759745e+00,9.700316517344592659e-02,-1.503943818278075106e-01,-5.308296808491519934e-03,-9.543654686284530619e-02,1.736316723880648727e-02,6.214729432053519263e-03,4.503252402219880789e-03,-5.890714572000242955e-01
1.114000000000000057e+01,0.000000000000000000e+00,-1.177406107828497861e+00,9.961968628447159801e-02,2.960481829604204584e+00,9.689696308045905870e-02,-1.511353044843774529e-01,-5.311870192452083569e-03,-9.531213723241911684e-02,1.745330772101243155e-02,6.226195117200994909e-03,4.510770954062551068e-03,-5.920180944047972460e-01
1.116000000000000014e+01,0.000000000000000000e+00,-1.179311104581313829e+00,9.996965508684657609e-02,2.959332313374146484e+00,9.679069205968883483e-02,-1.518751445398317246e-01,-5.315189485747113217e-03,-9.518750060221184417e-02,1.754359707977335217e-02,6.237429194160964280e-03,4.518139926560026630e-03,-5.949610897366296447e-01
1.117999999999999972e+01,0.000000000000000000e+00,-1.181213606370215885e+00,1.003214311401799813e-01,2.958178368739603492e+00,9.668435719896457947e-02,-1.526138283746132362e-01,-5.318254089219450094e-03,-9.506264161734719054e-02,1.763403231563288875e-02,6.248430366942234540e-03,4.525358532766613102e-03,-5.979001507746714017e-01
1.120000000000000107e+01,0.000000000000000000e+00,-1.183113608794778226e+00,1.006750173318880920e-01,2.957020016831174658e+00,9.657796359795182972e-02,-1.533512811542461773e-01,-5.321063418423782609e-03,-9.493756494886863850e-02,1.772461041339577423e-02,6.259197339553624131e-03,4.532425985736616980e-03,-6.008349799730390295e-01
1.122000000000000064e+01,0.000000000000000000e+00,-1.185011107548254117e+00,1.010304164889257866e-01,2.955857279282092076e+00,9.647151636785680773e-02,-1.540874268211978593e-01,-5.323616903754988146e-03,-9.481227529373947860e-02,1.781532834212780705e-02,6.269728816003933280e-03,4.539341498524340421e-03,-6.037652746206543242e-01
1.124000000000000021e+01,0.000000000000000000e+00,-1.186906098418096578e+00,1.013876313774719901e-01,2.954690178234301356e+00,9.636502063112839522e-02,-1.548221880868942135e-01,-5.325913990575734981e-03,-9.468677737484283707e-02,1.790618305515589287e-02,6.280023500301980428e-03,4.546104284184091654e-03,-6.066907268016906718e-01
1.125999999999999979e+01,0.000000000000000000e+00,-1.188798577286475533e+00,1.017466647026147725e-01,2.953518736344559859e+00,9.625848152115751288e-02,-1.555554864238921087e-01,-5.327954139343117970e-03,-9.456107594098167590e-02,1.799717149006801672e-02,6.290080096456574475e-03,4.552713555770176307e-03,-6.096110233566497394e-01
1.127999999999999936e+01,0.000000000000000000e+00,-1.190688540130795170e+00,1.021075191080364347e-01,2.952342976790559348e+00,9.615190418197389066e-02,-1.562872420582166189e-01,-5.329736825734416455e-03,-9.443517576687877890e-02,1.808829056871323615e-02,6.299897308476525189e-03,4.559168526336896538e-03,-6.125258458441060760e-01
1.130000000000000071e+01,0.000000000000000000e+00,-1.192575983024214414e+00,1.024701971756990931e-01,2.951162923277066419e+00,9.604529376794057605e-02,-1.570173739618667408e-01,-5.331261540771786191e-03,-9.430908165317676561e-02,1.817953719720172626e-02,6.309473840370642336e-03,4.565468408938562310e-03,-6.154348705031446043e-01
1.132000000000000028e+01,0.000000000000000000e+00,-1.194460902136162961e+00,1.028347014255294595e-01,2.949978600042082455e+00,9.593865544344558349e-02,-1.577457998454972754e-01,-5.332527790945922573e-03,-9.418279842643807742e-02,1.827090826590471034e-02,6.318808396147739155e-03,4.571612416629475782e-03,-6.183377682165298594e-01
1.133999999999999986e+01,0.000000000000000000e+00,-1.196343293732862412e+00,1.032010343151043980e-01,2.948790031863021799e+00,9.583199438259143443e-02,-1.584724361512814816e-01,-5.333535098338514774e-03,-9.405633093914492204e-02,1.836240064945452583e-02,6.327899679816625413e-03,4.577599762463944316e-03,-6.212342044746327341e-01
1.135999999999999943e+01,0.000000000000000000e+00,-1.198223154177841865e+00,1.035691982393360383e-01,2.947597244062905020e+00,9.572531576888214377e-02,-1.591971980459599700e-01,-5.334283000743523726e-03,-9.392968406969939843e-02,1.845401120674458259e-02,6.336746395386110009e-03,4.583429659496271805e-03,-6.241238393401493667e-01
1.138000000000000078e+01,0.000000000000000000e+00,-1.200100479932459052e+00,1.039391955301569997e-01,2.946400262516569946e+00,9.561862479490765288e-02,-1.599199994140844128e-01,-5.334771051787146057e-03,-9.380286272242341350e-02,1.854573678092939423e-02,6.345347246865006181e-03,4.589101320780765610e-03,-6.270063274136520315e-01
1.140000000000000036e+01,0.000000000000000000e+00,-1.201975267556415927e+00,1.043110284562054624e-01,2.945199113656894241e+00,9.551192666202612536e-02,-1.606407528514573746e-01,-5.334998821046403258e-03,-9.367587182755868214e-02,1.863757419942452601e-02,6.353700938262125432e-03,4.594613959371728756e-03,-6.298813177999913471e-01
1.141999999999999993e+01,0.000000000000000000e+00,-1.203847513708279360e+00,1.046846992225106965e-01,2.943993824481032195e+00,9.540522658004367551e-02,-1.613593696587796167e-01,-5.334965894166294499e-03,-9.354871634126676883e-02,1.872952027390666074e-02,6.361806173586275794e-03,4.599966788323468607e-03,-6.327484540756026510e-01
1.143999999999999950e+01,0.000000000000000000e+00,-1.205717215145998278e+00,1.050602099701780368e-01,2.942784422556663504e+00,9.529852976689184851e-02,-1.620757598355061502e-01,-5.334671872975425486e-03,-9.342140124562900438e-02,1.882157180031356070e-02,6.369661656846267901e-03,4.605159020690289921e-03,-6.356073742567338591e-01
1.146000000000000085e+01,0.000000000000000000e+00,-1.207584368727423252e+00,1.054375627760742312e-01,2.941570936028250483e+00,9.519184144830285244e-02,-1.627898320739202542e-01,-5.334116375600048317e-03,-9.329393154864659699e-02,1.891372555884407447e-02,6.377266092050914992e-03,4.610189869526499194e-03,-6.384577107686418840e-01
1.148000000000000043e+01,0.000000000000000000e+00,-1.209448971410822526e+00,1.058167596525125265e-01,2.940353393623306388e+00,9.508516685748250041e-02,-1.635014937534289559e-01,-5.333299036576394370e-03,-9.316631228424060440e-02,1.900597831395811274e-02,6.384618183209026833e-03,4.615058547886399451e-03,-6.412990904157847005e-01
1.150000000000000000e+01,0.000000000000000000e+00,-1.211311020255403381e+00,1.061978025469380998e-01,2.939131824658669068e+00,9.497851123478077973e-02,-1.642106509350889920e-01,-5.332219506961262921e-03,-9.303854851225182299e-02,1.909832681437671764e-02,6.391716634329413192e-03,4.619764268824298054e-03,-6.441311343530549127e-01
1.151999999999999957e+01,0.000000000000000000e+00,-1.213170512421827940e+00,1.065806933416130198e-01,2.937906259046784374e+00,9.487187982736047798e-02,-1.649172083563661961e-01,-5.330877454440766626e-03,-9.291064531844095420e-02,1.919076779308197256e-02,6.398560149420884705e-03,4.624306245394500629e-03,-6.469534580580793559e-01
1.154000000000000092e+01,0.000000000000000000e+00,-1.215027445172734311e+00,1.069654338533017474e-01,2.936676727301987366e+00,9.476527788886343617e-02,-1.656210694261362193e-01,-5.329272563437141910e-03,-9.278260781448845196e-02,1.928329796731707846e-02,6.405147432492254607e-03,4.628683690651311071e-03,-6.497656713046304766e-01
1.156000000000000050e+01,0.000000000000000000e+00,-1.216881815873251727e+00,1.073520258329561106e-01,2.935443260546795941e+00,9.465871067907487280e-02,-1.663221362199321374e-01,-5.327404535213531474e-03,-9.265444113799466141e-02,1.937591403858629838e-02,6.411477187552328330e-03,4.632895817649035873e-03,-6.525673781371817972e-01
1.158000000000000007e+01,0.000000000000000000e+00,-1.218733621991521243e+00,1.077404709654006809e-01,2.934205890518196469e+00,9.455218346358544579e-02,-1.670203094754456330e-01,-5.325273087976696400e-03,-9.252615045247972181e-02,1.946861269265499905e-02,6.417548118609923448e-03,4.636941839441980663e-03,-6.553581768466490987e-01
1.159999999999999964e+01,0.000000000000000000e+00,-1.220582861099214433e+00,1.081307708690179559e-01,2.932964649573938765e+00,9.444570151345137166e-02,-1.677154885882861379e-01,-5.322877956977486134e-03,-9.239774094738356647e-02,1.956139059954963705e-02,6.423358929673844524e-03,4.640820969084451068e-03,-6.581376599473495181e-01
1.162000000000000099e+01,0.000000000000000000e+00,-1.222429530872049641e+00,1.085229270954335967e-01,2.931719570698820831e+00,9.433927010485262943e-02,-1.684075716080060126e-01,-5.320218894609079346e-03,-9.226921783806599220e-02,1.965424441355774141e-02,6.428908324752907397e-03,4.644532419630752716e-03,-6.609054141552208606e-01
1.164000000000000057e+01,0.000000000000000000e+00,-1.224273629090311788e+00,1.089169411292015277e-01,2.930470687510978056e+00,9.423289451874912459e-02,-1.690964552343960647e-01,-5.317295670502805716e-03,-9.214058636580663153e-02,1.974717077322792405e-02,6.434195007855919232e-03,4.648075404135188632e-03,-6.636610203673376507e-01
1.166000000000000014e+01,0.000000000000000000e+00,-1.226115153639370847e+00,1.093128143874893404e-01,2.929218034268163073e+00,9.412658004053489624e-02,-1.697820348140598179e-01,-5.314108071621523495e-03,-9.201185179780488332e-02,1.984016630136989368e-02,6.439217682991692400e-03,4.651449135652067045e-03,-6.664040536427670025e-01
1.167999999999999972e+01,0.000000000000000000e+00,-1.227954102510200318e+00,1.097105482197634069e-01,2.927961645874020302e+00,9.402033195969075607e-02,-1.704642043372688043e-01,-5.310655902350422744e-03,-9.188301942718002380e-02,1.993322760505444879e-02,6.443975054169036668e-03,4.654652827235692715e-03,-6.691340831847926163e-01
1.170000000000000107e+01,0.000000000000000000e+00,-1.229790473799895256e+00,1.101101439074741867e-01,2.926701557884353821e+00,9.391415556943476239e-02,-1.711428564351091808e-01,-5.306938984585176169e-03,-9.175409457297112326e-02,2.002635127561346734e-02,6.448465825396764405e-03,4.657685691940370402e-03,-6.718506723245598611e-01
1.172000000000000064e+01,0.000000000000000000e+00,-1.231624265712189414e+00,1.105116026637412291e-01,2.925437806513383254e+00,9.380805616637127864e-02,-1.718178823769222485e-01,-5.302957157817318745e-03,-9.162508258013707385e-02,2.011953388863989972e-02,6.452688700683684511e-03,4.660546942820406602e-03,-6.745533785061709198e-01
1.174000000000000021e+01,0.000000000000000000e+00,-1.233455476557976604e+00,1.109149256330387717e-01,2.924170428639989883e+00,9.370203905013821388e-02,-1.724891720680468143e-01,-5.298710279216789325e-03,-9.149598881955663121e-02,2.021277200398781393e-02,6.456642384038607622e-03,4.663235792930105206e-03,-6.772417532732734058e-01
1.175999999999999979e+01,0.000000000000000000e+00,-1.235284104755826284e+00,1.113201138908805066e-01,2.922899461813948552e+00,9.359610952305262577e-02,-1.731566140478687787e-01,-5.294198223711494601e-03,-9.136681868802837281e-02,2.030606216577233308e-02,6.460325579470346975e-03,4.665751455323773576e-03,-6.799153422571846406e-01
1.177999999999999936e+01,0.000000000000000000e+00,-1.237110148832503809e+00,1.117271684435052204e-01,2.921624944262144918e+00,9.349027288975471361e-02,-1.738200954881837235e-01,-5.289420884063820820e-03,-9.123757760827061469e-02,2.039940090236968401e-02,6.463736990987709735e-03,4.668093143055715606e-03,-6.825736851665878957e-01
1.180000000000000071e+01,0.000000000000000000e+00,-1.238933607423487571e+00,1.121360902275617966e-01,2.920346914894774049e+00,9.338453445685053478e-02,-1.744795021918783551e-01,-5.284378170943989164e-03,-9.110827102892155027e-02,2.049278472641718335e-02,6.466875322599509139e-03,4.670260069180236923e-03,-6.852163157788411230e-01
1.182000000000000028e+01,0.000000000000000000e+00,-1.240754479273487920e+00,1.125468801097943977e-01,2.919065413311522583e+00,9.327889953255309730e-02,-1.751347185919369387e-01,-5.279070013000134245e-03,-9.097890442453926418e-02,2.058621013481320636e-02,6.469739278314556689e-03,4.672251446751644888e-03,-6.878427619329413600e-01
1.183999999999999986e+01,0.000000000000000000e+00,-1.242572763236966304e+00,1.129595388867278699e-01,2.917780479807728256e+00,9.317337342632209252e-02,-1.757856277507782172e-01,-5.273496356924998150e-03,-9.084948329560156577e-02,2.067967360871724933e-02,6.472327562141660419e-03,4.674066488824241659e-03,-6.904525455241810050e-01
1.185999999999999943e+01,0.000000000000000000e+00,-1.244388458278651743e+00,1.133740672843527586e-01,2.916492155380516760e+00,9.306796144850233710e-02,-1.764321113599299773e-01,-5.267657167519168918e-03,-9.072001316850611397e-02,2.077317161354987757e-02,6.474638878089632697e-03,4.675704408452336334e-03,-6.930451825005445876e-01
1.188000000000000078e+01,0.000000000000000000e+00,-1.246201563474061969e+00,1.137904659578107824e-01,2.915200481734915527e+00,9.296266890996110477e-02,-1.770740497400436486e-01,-5.261552427750702983e-03,-9.059049959557043119e-02,2.086670059899274621e-02,6.476671930167283292e-03,4.677164418690231071e-03,-6.956201828608717941e-01
1.190000000000000036e+01,0.000000000000000000e+00,-1.248012078010018344e+00,1.142087354910796687e-01,2.913905501289936861e+00,9.285750112172418136e-02,-1.777113218412590401e-01,-5.255182138811057002e-03,-9.046094815503183395e-02,2.096025699898858285e-02,6.478425422383424573e-03,4.678445732592234098e-03,-6.981770506548448108e-01
1.191999999999999993e+01,0.000000000000000000e+00,-1.249820001185167673e+00,1.146288763966588353e-01,2.912607257184637977e+00,9.275246339461076794e-02,-1.783438052439213495e-01,-5.248546320167204147e-03,-9.033136445104744672e-02,2.105383723174121882e-02,6.479898058746865440e-03,4.679547563212648441e-03,-7.007152839848277415e-01
1.193999999999999950e+01,0.000000000000000000e+00,-1.251625332410498670e+00,1.150508891152542817e-01,2.911305793284143739e+00,9.264756103886769012e-02,-1.789713761596573027e-01,-5.241645009609828196e-03,-9.020175411369427132e-02,2.114743769971556830e-02,6.481088543266417396e-03,4.680469123605781462e-03,-7.032343750096021751e-01
1.196000000000000085e+01,0.000000000000000000e+00,-1.253428071209860439e+00,1.154747740154639379e-01,2.910001154185640981e+00,9.254279936380217786e-02,-1.795939094328174723e-01,-5.234478263297480047e-03,-9.007212279896903429e-02,2.124105478963763186e-02,6.481995579950891942e-03,4.681209626825937921e-03,-7.057338099500456430e-01
1.198000000000000043e+01,0.000000000000000000e+00,-1.255228217220482057e+00,1.159005313934629022e-01,2.908693385224337291e+00,9.243818367741445108e-02,-1.802112785422861629e-01,-5.227046155796566569e-03,-8.994247618878838113e-02,2.133468487249448944e-02,6.482617872809098847e-03,4.681768285927422578e-03,-7.082130690967780584e-01
1.200000000000000000e+01,0.000000000000000000e+00,-1.257025770193488823e+00,1.163281614726884572e-01,2.907382532479379833e+00,9.233371928602894518e-02,-1.808233556036696887e-01,-5.219348780117091975e-03,-8.981281999098877922e-02,2.142832430353430045e-02,6.482954125849849612e-03,4.682144313964542795e-03,-7.106716268198367548e-01
1.201999999999999957e+01,0.000000000000000000e+00,-1.258820729994423404e+00,1.167576644035256961e-01,2.906068642779735978e+00,9.222941149392517579e-02,-1.814300113718640139e-01,-5.211386247743987794e-03,-8.968315993932646224e-02,2.152196942226633491e-02,6.483003043081951404e-03,4.682336923991600730e-03,-7.131089515804032164e-01
1.204000000000000092e+01,0.000000000000000000e+00,-1.260613096603761640e+00,1.171890402629923722e-01,2.904751763710034407e+00,9.212526560296800671e-02,-1.820311152440091673e-01,-5.203158688663962056e-03,-8.955350179347749962e-02,2.161561655246093186e-02,6.482763328514220928e-03,4.682345329062905480e-03,-7.155245059446286859e-01
1.206000000000000050e+01,0.000000000000000000e+00,-1.262402870117432796e+00,1.176222890544242616e-01,2.903431943616359590e+00,9.202128691223737667e-02,-1.826265352628348715e-01,-5.194666251387696811e-03,-8.942385133903782424e-02,2.170926200214950974e-02,6.482233686155466218e-03,4.682168742232760070e-03,-7.179177465995973950e-01
1.208000000000000007e+01,0.000000000000000000e+00,-1.264190050747336702e+00,1.180574107071604012e-01,2.902109231612000961e+00,9.191748071765758199e-02,-1.832161381204038819e-01,-5.185909102967316796e-03,-8.929421438752316309e-02,2.180290206362459071e-02,6.481412820014494439e-03,4.681806376555470127e-03,-7.202881243714696069e-01
1.209999999999999964e+01,0.000000000000000000e+00,-1.265974638821863563e+00,1.184944050762283124e-01,2.900783677583152809e+00,9.181385231162640659e-02,-1.837997891622557556e-01,-5.176887429009006079e-03,-8.916459677636907888e-02,2.189653301343977287e-02,6.480299434100123164e-03,4.681257445085343014e-03,-7.226350842458356682e-01
1.212000000000000099e+01,0.000000000000000000e+00,-1.267756634786410652e+00,1.189332719420292117e-01,2.899455332194566193e+00,9.171040698264383562e-02,-1.843773523919589596e-01,-5.167601433680589669e-03,-8.903500436893092840e-02,2.199015111240975109e-02,6.478892232421157825e-03,4.680521160876682622e-03,-7.249580653903301419e-01
1.214000000000000057e+01,0.000000000000000000e+00,-1.269536039203901678e+00,1.193740110100230817e-01,2.898124246895143585e+00,9.160715001494089404e-02,-1.849486904760736239e-01,-5.158051339714060136e-03,-8.890544305448394580e-02,2.208375260561028230e-02,6.477189918986412526e-03,4.679596736983795448e-03,-7.272565011795356638e-01
1.216000000000000014e+01,0.000000000000000000e+00,-1.271312852755305478e+00,1.198166219104142144e-01,2.896790473923481990e+00,9.150408668810834645e-02,-1.855136647495313762e-01,-5.148237388402814203e-03,-8.877591874822311768e-02,2.217733372237822714e-02,6.475191197804695299e-03,4.678483386460984515e-03,-7.295298192222183786e-01
1.217999999999999972e+01,0.000000000000000000e+00,-1.273087076240153381e+00,1.202611041978361162e-01,2.895454066313355224e+00,9.140122227672556332e-02,-1.860721352214377289e-01,-5.138159839593582807e-03,-8.864643739126334965e-02,2.227089067631154301e-02,6.472894772884817648e-03,4.677180322362558054e-03,-7.317774413909375886e-01
1.220000000000000107e+01,0.000000000000000000e+00,-1.274858710577059240e+00,1.207074573510370091e-01,2.894115077899138466e+00,9.129856204998947067e-02,-1.866239605812994862e-01,-5.127818971672830871e-03,-8.851700495063925811e-02,2.236441966526925978e-02,6.470299348235590206e-03,4.675686757742819957e-03,-7.339987838540551479e-01
1.222000000000000064e+01,0.000000000000000000e+00,-1.276627756804235458e+00,1.211556807725647500e-01,2.892773563321166197e+00,9.119611127134409634e-02,-1.871689982056834178e-01,-5.117215081547568656e-03,-8.838762741930536460e-02,2.245791687137148676e-02,6.467403627865823609e-03,4.674001905656075852e-03,-7.361932571101903466e-01
1.224000000000000021e+01,0.000000000000000000e+00,-1.278394216080013468e+00,1.216057737884522205e-01,2.891429578031031067e+00,9.109387519811033840e-02,-1.877071041653112227e-01,-5.106348484620423789e-03,-8.825831081613602636e-02,2.255137846099941959e-02,6.464206315784330227e-03,4.672124979156632232e-03,-7.383602660251553651e-01
1.225999999999999979e+01,0.000000000000000000e+00,-1.280158089683361533e+00,1.220577356479026487e-01,2.890083178296809052e+00,9.099185908111628862e-02,-1.882381332325939183e-01,-5.095219514758835173e-03,-8.812906118592536697e-02,2.264480058479535762e-02,6.460706115999919827e-03,4.670055191298792992e-03,-7.404992098714036075e-01
1.228000000000000114e+01,0.000000000000000000e+00,-1.281919379014402560e+00,1.225115655229746803e-01,2.888734421208216219e+00,9.089006816432831926e-02,-1.887619388896116523e-01,-5.083828524258266444e-03,-8.799988459938731800e-02,2.273817937766267963e-02,6.456901732521403044e-03,4.667791755136865492e-03,-7.426094823700308822e-01
1.230000000000000071e+01,0.000000000000000000e+00,-1.283678085594933238e+00,1.229672625082675746e-01,2.887383364681697984e+00,9.078850768448307185e-02,-1.892783733365402954e-01,-5.072175883799296715e-03,-8.787078715315572996e-02,2.283151095876583686e-02,6.452791869357587910e-03,4.665333883725152758e-03,-7.446904717353521885e-01
1.232000000000000028e+01,0.000000000000000000e+00,-1.285434211068942068e+00,1.234248256206065403e-01,2.886030067465433557e+00,9.068718287072004280e-02,-1.897872875005346682e-01,-5.060261982398454178e-03,-8.774177496978420587e-02,2.292479143153038079e-02,6.448375230517291133e-03,4.662680790117962153e-03,-7.467415607221087326e-01
1.233999999999999986e+01,0.000000000000000000e+00,-1.287187757203127614e+00,1.238842537987279030e-01,2.884674589144271994e+00,9.058609894421550124e-02,-1.902885310450661838e-01,-5.048087227352674594e-03,-8.761285419774617056e-02,2.301801688364294232e-02,6.443650520009318143e-03,4.659831687369599303e-03,-7.487621266753148319e-01
1.235999999999999943e+01,0.000000000000000000e+00,-1.288938725887417425e+00,1.243455459029643578e-01,2.883316990144582093e+00,9.048526111781750314e-02,-1.907819523797236461e-01,-5.035652044177255440e-03,-8.748403101143489846e-02,2.311118338705124564e-02,6.438616441842482177e-03,4.656785788534368101e-03,-7.507515415827928917e-01
1.238000000000000078e+01,0.000000000000000000e+00,-1.290687119135486283e+00,1.248087007149301653e-01,2.881957331739021910e+00,9.038467459568218232e-02,-1.912673986704789553e-01,-5.022956876537166063e-03,-8.735531161116345811e-02,2.320428699796410477e-02,6.433271700025593003e-03,4.653542306666574174e-03,-7.527091721304193239e-01
1.240000000000000036e+01,0.000000000000000000e+00,-1.292432939085273569e+00,1.252737169372062642e-01,2.880595676051222576e+00,9.028434457291151238e-02,-1.917447158504229365e-01,-5.010002186171595012e-03,-8.722670222316480926e-02,2.329732375685138884e-02,6.427614998567462122e-03,4.650100454820524885e-03,-7.546343797601176018e-01
1.241999999999999993e+01,0.000000000000000000e+00,-1.294176187999503069e+00,1.257405931930257459e-01,2.879232086060383278e+00,9.018427623519260916e-02,-1.922137486309747068e-01,-4.996788452811598384e-03,-8.709820909959166413e-02,2.339028968844409501e-02,6.421645041476900170e-03,4.646459446050524994e-03,-7.565265207306242079e-01
1.243999999999999950e+01,0.000000000000000000e+00,-1.295916868266201227e+00,1.262093280259588279e-01,2.877866625605777440e+00,9.008447475843874008e-02,-1.926743405135680764e-01,-4.983316174090719926e-03,-8.696983851851655678e-02,2.348318080173427205e-02,6.415360532762716915e-03,4.642618493410877525e-03,-7.583849461810570070e-01
1.246000000000000085e+01,0.000000000000000000e+00,-1.297654982399214729e+00,1.266799198995983144e-01,2.876499359391161192e+00,8.998494530843237360e-02,-1.931263338018192888e-01,-4.969585865448466686e-03,-8.684159678393189863e-02,2.357599308997510371e-02,6.408760176433722991e-03,4.638576809955889842e-03,-7.602090021973135769e-01
1.248000000000000043e+01,0.000000000000000000e+00,-1.299390533038728979e+00,1.271523671972444591e-01,2.875130352989093474e+00,8.988569304046992170e-02,-1.935695696141799815e-01,-4.955598060026484945e-03,-8.671349022574992293e-02,2.366872253068078025e-02,6.401842676498730768e-03,4.634333608739868438e-03,-7.619980298813282538e-01
1.250000000000000000e+01,0.000000000000000000e+00,-1.301123522951787237e+00,1.276266682215906334e-01,2.873759672845149993e+00,8.978672309900885551e-02,-1.940038878970782310e-01,-4.941353308557327149e-03,-8.658552519980261541e-02,2.376136508562664423e-02,6.394606736966550013e-03,4.629888102817117206e-03,-7.637513654232109817e-01
1.251999999999999957e+01,0.000000000000000000e+00,-1.302853955032808653e+00,1.281028211944081896e-01,2.872387386282040822e+00,8.968804061731709687e-02,-1.944291274385518131e-01,-4.926852179245671919e-03,-8.645770808784183914e-02,2.385391670084911070e-02,6.387051061845990495e-03,4.625239505241941773e-03,-7.654683401762927275e-01
1.254000000000000092e+01,0.000000000000000000e+00,-1.304581832304106292e+00,1.285808242562319348e-01,2.871013561503620082e+00,8.958965071712479689e-02,-1.948451258823773735e-01,-4.912095257641891331e-03,-8.633004529753929290e-02,2.394637330664567409e-02,6.379174355145865449e-03,4.620387029068647768e-03,-7.671482807351032163e-01
1.256000000000000050e+01,0.000000000000000000e+00,-1.306307157916406059e+00,1.290606754660450772e-01,2.869638267598796144e+00,8.949155850827873737e-02,-1.952517197426986983e-01,-4.897083146507785929e-03,-8.620254326248646959e-02,2.403873081757490482e-02,6.370975320874982910e-03,4.615329887351541684e-03,-7.687905090163016375e-01
1.258000000000000007e+01,0.000000000000000000e+00,-1.308029935149364942e+00,1.295423728009647557e-01,2.868261574545322379e+00,8.939376908839957725e-02,-1.956487444191567504e-01,-4.881816465674423261e-03,-8.607520844219471168e-02,2.413098513245647003e-02,6.362452663042156113e-03,4.610067293144928281e-03,-7.703943423425785308e-01
1.259999999999999964e+01,0.000000000000000000e+00,-1.309750167412089272e+00,1.300259141559270415e-01,2.866883553213486202e+00,8.929628754254183287e-02,-1.960360342125270494e-01,-4.866295851891896951e-03,-8.594804732209515574e-02,2.422313213437112325e-02,6.353605085656193960e-03,4.604598459503110586e-03,-7.719590935295578271e-01
1.262000000000000099e+01,0.000000000000000000e+00,-1.311467858243653417e+00,1.305112973433722734e-01,2.865504275369676002e+00,8.919911894285717513e-02,-1.964134223408653401e-01,-4.850521958670926496e-03,-8.582106641353876020e-02,2.431516769066072170e-02,6.344431292725907952e-03,4.598922599480399429e-03,-7.734840709757072608e-01
1.264000000000000057e+01,0.000000000000000000e+00,-1.313183011313617143e+00,1.309985200929301707e-01,2.864123813679835706e+00,8.910226834826086295e-02,-1.967807409561648235e-01,-4.834495456116138200e-03,-8.569427225379634694e-02,2.440708765292816732e-02,6.334929988260107857e-03,4.593038926131094365e-03,-7.749685787552759164e-01
1.266000000000000014e+01,0.000000000000000000e+00,-1.314895630422545869e+00,1.314875800511051407e-01,2.862742241712797231e+00,8.900574080410153521e-02,-1.971378211615320286e-01,-4.818217030750921413e-03,-8.556767140605853195e-02,2.449888785703747962e-02,6.325099876267606044e-03,4.586946652509505361e-03,-7.764119167142875533e-01
1.267999999999999972e+01,0.000000000000000000e+00,-1.316605719502527805e+00,1.319784747809615577e-01,2.861359633943489911e+00,8.890954134183473578e-02,-1.974844930288779943e-01,-4.801687385333722191e-03,-8.544127045943575305e-02,2.459056412311375409e-02,6.314939660757211415e-03,4.580644991669935440e-03,-7.778133805695829350e-01
1.270000000000000107e+01,0.000000000000000000e+00,-1.318313282617692206e+00,1.324712017618089321e-01,2.859976065756025587e+00,8.881367497870004679e-02,-1.978205856171348920e-01,-4.784907238665679803e-03,-8.531507602895829767e-02,2.468211225554319335e-02,6.304448045737732868e-03,4.574133156666689362e-03,-7.791722620109460262e-01
1.272000000000000064e+01,0.000000000000000000e+00,-1.320018323964727847e+00,1.329657583888868566e-01,2.858591613446658020e+00,8.871814671740230196e-02,-1.981459269909953969e-01,-4.767877325389450853e-03,-8.518909475557624733e-02,2.477352804297303437e-02,6.293623735217988846e-03,4.567410360554076225e-03,-7.804878488063075048e-01
1.274000000000000021e+01,0.000000000000000000e+00,-1.321720847873402604e+00,1.334621419730507297e-01,2.857206354226605072e+00,8.862296154579678287e-02,-1.984603442401819962e-01,-4.750598395779101306e-03,-8.506333330615951926e-02,2.486480725831165250e-02,6.282465433206783044e-03,4.560475816386398186e-03,-7.817594249100494608e-01
1.275999999999999979e+01,0.000000000000000000e+00,-1.323420858807080158e+00,1.339603497404566468e-01,2.855820366224746554e+00,8.852812443657882835e-02,-1.987636634992472062e-01,-4.733071215521002240e-03,-8.493779837349786643e-02,2.495594565872848170e-02,6.270971843712928699e-03,4.553328737217961740e-03,-7.829862705744115026e-01
1.278000000000000114e+01,0.000000000000000000e+00,-1.325118361363239794e+00,1.344603788322467630e-01,2.854433728490178179e+00,8.843364034697777376e-02,-1.990557099679090836e-01,-4.715296565485534164e-03,-8.481249667630082201e-02,2.504693898565406654e-02,6.259141670745234712e-03,4.545968336103071647e-03,-7.841676624640117055e-01
1.280000000000000071e+01,0.000000000000000000e+00,-1.326813360273993547e+00,1.349622263042343229e-01,2.853046520994633184e+00,8.833951421845576135e-02,-1.993363079319231124e-01,-4.697275241489548732e-03,-8.468743495919783815e-02,2.513778296477999288e-02,6.246973618312513452e-03,4.538393826096034402e-03,-7.853028737734795151e-01
1.282000000000000028e+01,0.000000000000000000e+00,-1.328505860406606010e+00,1.354658891265891063e-01,2.851658824634757394e+00,8.824575097641103316e-02,-1.996052807844975185e-01,-4.679008054049422181e-03,-8.456261999273803620e-02,2.522847330605897803e-02,6.234466390423576421e-03,4.530604420251155631e-03,-7.863911743482185912e-01
1.283999999999999986e+01,0.000000000000000000e+00,-1.330195866764011470e+00,1.359713641835225972e-01,2.850270721234246629e+00,8.815235552988683054e-02,-1.998624510482491512e-01,-4.660495828124638050e-03,-8.443805857339053977e-02,2.531900570370481177e-02,6.221618691087233387e-03,4.522599331622740963e-03,-7.874318308082810525e-01
1.285999999999999943e+01,0.000000000000000000e+00,-1.331883384485332611e+00,1.364786482729730688e-01,2.848882293545830890e+00,8.805933277128480396e-02,-2.001076403977102569e-01,-4.641739402851741310e-03,-8.431375752354415554e-02,2.540937583619235635e-02,6.208429224312294985e-03,4.514377773265093423e-03,-7.884241066753800986e-01
1.288000000000000078e+01,0.000000000000000000e+00,-1.333568418846399650e+00,1.369877381062910016e-01,2.847493625253116001e+00,8.796668757608451517e-02,-2.003406696823825939e-01,-4.622739631268588459e-03,-8.418972369150758139e-02,2.549957936625758814e-02,6.194896694107570982e-03,4.505938958232520372e-03,-7.893672625030148104e-01
1.290000000000000036e+01,0.000000000000000000e+00,-1.335250975260267481e+00,1.374986303079240579e-01,2.846104800972269810e+00,8.787442480256806021e-02,-2.005613589503473793e-01,-4.603497380028784280e-03,-8.406596395150930934e-02,2.558961194089752478e-02,6.181019804481873749e-03,4.497282099579327438e-03,-7.902605560097237802e-01
1.291999999999999993e+01,0.000000000000000000e+00,-1.336931059277735478e+00,1.380113214151025836e-01,2.844715906253555637e+00,8.778254929155079878e-02,-2.007695274724302648e-01,-4.584013529106175169e-03,-8.394248520369770872e-02,2.567946919137031186e-02,6.166797259444012184e-03,4.488406410359820249e-03,-7.911032422154494759e-01
1.293999999999999950e+01,0.000000000000000000e+00,-1.338608676587864643e+00,1.385258078775246648e-01,2.843327027582708499e+00,8.769106586611793985e-02,-2.009649937669278075e-01,-4.564288971489325296e-03,-8.381929437414092909e-02,2.576914673319516402e-02,6.152227763002799527e-03,4.479311103628302697e-03,-7.918945735810180020e-01
1.296000000000000085e+01,0.000000000000000000e+00,-1.340283833018496962e+00,1.390420860570414918e-01,2.841938252382153252e+00,8.759997933136735859e-02,-2.011475756248969626e-01,-4.544324612865849843e-03,-8.369639841482690024e-02,2.585864016615240304e-02,6.137310019167042940e-03,4.469995392439080409e-03,-7.926338001507190478e-01
1.298000000000000043e+01,0.000000000000000000e+00,-1.341956534536773216e+00,1.395601522273421657e-01,2.840549669012062850e+00,8.750929447415894957e-02,-2.013170901360109843e-01,-4.524121371296559342e-03,-8.357380430366347090e-02,2.594794507428338504e-02,6.122042731945558265e-03,4.460458489846461615e-03,-7.933201696979791384e-01
1.300000000000000000e+01,0.000000000000000000e+00,-1.343626787249650789e+00,1.400800025736394783e-01,2.839161366771245643e+00,8.741901606287041937e-02,-2.014733537149863696e-01,-4.503680176879230369e-03,-8.345151904447825619e-02,2.603705702589059756e-02,6.106424605347151799e-03,4.450699608904749340e-03,-7.939529278741169760e-01
1.301999999999999957e+01,0.000000000000000000e+00,-1.345294597404424586e+00,1.406016331923548579e-01,2.837773435897876340e+00,8.732914884716003190e-02,-2.016161821285835654e-01,-4.483001971402012127e-03,-8.332954966701870692e-02,2.612597157353760413e-02,6.090454343380636779e-03,4.440717962668249211e-03,-7.945313183601682150e-01
1.304000000000000092e+01,0.000000000000000000e+00,-1.346959971389241950e+00,1.411250400908035940e-01,2.836385967570049349e+00,8.723969755773636203e-02,-2.017453905231849087e-01,-4.462087707986290251e-03,-8.320790322695209573e-02,2.621468425404906155e-02,6.074130650054821237e-03,4.430512764191266856e-03,-7.950545830217619070e-01
1.306000000000000050e+01,0.000000000000000000e+00,-1.348622915733623584e+00,1.416502191868800054e-01,2.834999053906166466e+00,8.715066690613527955e-02,-2.018607934529542125e-01,-4.440938350719006097e-03,-8.308658680586551715e-02,2.630319058851068176e-02,6.057452229378519279e-03,4.420083226528107902e-03,-7.955219620670356262e-01
1.308000000000000007e+01,0.000000000000000000e+00,-1.350283437108980467e+00,1.421771663087427751e-01,2.833612787965147373e+00,8.706206158450437160e-02,-2.019622049085817717e-01,-4.419554874274254572e-03,-8.296560751126588751e-02,2.639148608226929774e-02,6.040417785360538937e-03,4.409428562733077976e-03,-7.959326942075684030e-01
1.309999999999999964e+01,0.000000000000000000e+00,-1.351941542329134327e+00,1.427058771945002580e-01,2.832227263746466939e+00,8.697388626539519219e-02,-2.020494383466170663e-01,-4.397938263524166572e-03,-8.284497247657998664e-02,2.647956622493281842e-02,6.023026022009693448e-03,4.398547985860482706e-03,-7.962860168223080404e-01
1.312000000000000099e+01,0.000000000000000000e+00,-1.353597238350833010e+00,1.432363474918954549e-01,2.830842576190012672e+00,8.688614560156306121e-02,-2.021223067193969047e-01,-4.376089513138942469e-03,-8.272468886115433295e-02,2.656742649037022869e-02,6.005275643334789110e-03,4.387440708964625118e-03,-7.965811661244802666e-01
1.314000000000000057e+01,0.000000000000000000e+00,-1.355250532274271613e+00,1.437685727579912920e-01,2.829458821175762750e+00,8.679884422577548164e-02,-2.021806225055682582e-01,-4.354009627175983721e-03,-8.260476385025536383e-02,2.665506233671161018e-02,5.987165353344641762e-03,4.376105945099814307e-03,-7.968173773314407571e-01
1.316000000000000014e+01,0.000000000000000000e+00,-1.356901431343608966e+00,1.443025484588560392e-01,2.828076095523279765e+00,8.671198675062828654e-02,-2.022241977412153890e-01,-4.331699618658057561e-03,-8.248520465506925525e-02,2.674246920634811703e-02,5.968693856048061172e-03,4.364542907320355034e-03,-7.969938848374614748e-01
1.317999999999999972e+01,0.000000000000000000e+00,-1.358549942947487210e+00,1.448382699692483400e-01,2.826694496991022376e+00,8.662557776837094548e-02,-2.022528440515901360e-01,-4.309160509140398491e-03,-8.236601851270208829e-02,2.682964252593201399e-02,5.949859855453855373e-03,4.352750808680551191e-03,-7.971099223894031471e-01
1.320000000000000107e+01,0.000000000000000000e+00,-1.360196074619550277e+00,1.453757325723026017e-01,2.825314124275466021e+00,8.653962185074007274e-02,-2.022663726834557918e-01,-4.286393328266724888e-03,-8.224721268617968262e-02,2.691657770637664870e-02,5.930662055570833265e-03,4.340728862234707539e-03,-7.971647232652663284e-01
1.322000000000000064e+01,0.000000000000000000e+00,-1.361839834038960806e+00,1.459149314592138591e-01,2.823935077010039318e+00,8.645412354880238626e-02,-2.022645945380445731e-01,-4.263399113314090931e-03,-8.212879446444777687e-02,2.700327014285640315e-02,5.911099160407813288e-03,4.328476281037132306e-03,-7.971575204555721994e-01
1.324000000000000021e+01,0.000000000000000000e+00,-1.363481229030920172e+00,1.464558617289234699e-01,2.822557455763864187e+00,8.636908739280656222e-02,-2.022473202046356500e-01,-4.240178908726479311e-03,-8.201077116237184828e-02,2.708971521480681155e-02,5.891169873973600875e-03,4.315992278142129386e-03,-7.970875468475457915e-01
1.325999999999999979e+01,0.000000000000000000e+00,-1.365120267567186296e+00,1.469985183878040336e-01,2.821181362040308116e+00,8.628451789204472089e-02,-2.022143599947595072e-01,-4.216733765637163331e-03,-8.189315012073725142e-02,2.717590828592446675e-02,5.870872900277008394e-03,4.303276066604004406e-03,-7.969540354120707715e-01
1.328000000000000114e+01,0.000000000000000000e+00,-1.366756957766591452e+00,1.475428963493447820e-01,2.819806898275335261e+00,8.620041953472347418e-02,-2.021655239770321077e-01,-4.193064741379720455e-03,-8.177593870624913497e-02,2.726184470416705141e-02,5.850206943326843878e-03,4.290326859477062126e-03,-7.967562193933716008e-01
1.330000000000000071e+01,0.000000000000000000e+00,-1.368391307895562292e+00,1.480889904338365259e-01,2.818434167835665694e+00,8.611679678784490977e-02,-2.021006220126257136e-01,-4.169172898987689481e-03,-8.165914431153246944e-02,2.734751980175331720e-02,5.829170707131920565e-03,4.277143869815608172e-03,-7.964933325013892063e-01
1.332000000000000028e+01,0.000000000000000000e+00,-1.370023326368635663e+00,1.486367953680571841e-01,2.817063275016731705e+00,8.603365409709776146e-02,-2.020194637913813596e-01,-4.145059306682809773e-03,-8.154277435513210270e-02,2.743292889516313338e-02,5.807762895701050823e-03,4.263726310673950776e-03,-7.961646091068079745e-01
1.333999999999999986e+01,0.000000000000000000e+00,-1.371653021748980184e+00,1.491863057849569518e-01,2.815694325040437374e+00,8.595099588675869651e-02,-2.019218588685690874e-01,-4.120725037351817381e-03,-8.142683628151262121e-02,2.751806728513743472e-02,5.785982213043041819e-03,4.250073395106392093e-03,-7.957692844386929920e-01
1.335999999999999943e+01,0.000000000000000000e+00,-1.373280402748911611e+00,1.497375162233432755e-01,2.814327424052709858e+00,8.586882655960452471e-02,-2.018076167023016565e-01,-4.096171168011783319e-03,-8.131133756105848875e-02,2.760293025667823891e-02,5.763827363166705055e-03,4.236184336167238620e-03,-7.953065947846916783e-01
1.338000000000000078e+01,0.000000000000000000e+00,-1.374905478230413314e+00,1.502904211275664648e-01,2.812962679120850407e+00,8.578715049683494076e-02,-2.016765466916085325e-01,-4.071398779263928069e-03,-8.119628569007400487e-02,2.768751307904867426e-02,5.741297050080851165e-03,4.222058346910794249e-03,-7.947757776937571794e-01
1.340000000000000036e+01,0.000000000000000000e+00,-1.376528257205653416e+00,1.508450148472044450e-01,2.811600198230679304e+00,8.570597205800638274e-02,-2.015284582151763704e-01,-4.046408954735926204e-03,-8.108168819078326317e-02,2.777181100577292075e-02,5.718389977794292520e-03,4.207694640391367209e-03,-7.941760721813455604e-01
1.341999999999999993e+01,0.000000000000000000e+00,-1.378148748837504378e+00,1.514012916367484529e-01,2.810240090283469439e+00,8.562529558097722870e-02,-2.013631606707620980e-01,-4.021202780512662944e-03,-8.096755261133019299e-02,2.785581927463626553e-02,5.695104850315840621e-03,4.193092429663262261e-03,-7.935067189370348384e-01
1.343999999999999950e+01,0.000000000000000000e+00,-1.379766962440060363e+00,1.519592456552879833e-01,2.808882465092672920e+00,8.554512538186440085e-02,-2.011804635152864840e-01,-3.995781344555428792e-03,-8.085388652577851776e-02,2.793953310768509252e-02,5.671440371654301767e-03,4.178250927780783296e-03,-7.927669605345204484e-01
1.346000000000000085e+01,0.000000000000000000e+00,-1.381382907479155708e+00,1.525188709661960129e-01,2.807527433380437198e+00,8.546546575501175191e-02,-2.009801763056149049e-01,-3.970145736109582588e-03,-8.074069753411183825e-02,2.802294771122684075e-02,5.647395245818488327e-03,4.163169347798235075e-03,-7.919560416439329620e-01
1.348000000000000043e+01,0.000000000000000000e+00,-1.382996593572884292e+00,1.530801615368143076e-01,2.806175106773906247e+00,8.538632097297045587e-02,-2.007621087400324744e-01,-3.944297045100604929e-03,-8.062799326223354934e-02,2.810605827583005645e-02,5.622968176817213538e-03,4.147846902769927561e-03,-7.910732092464241028e-01
1.350000000000000000e+01,0.000000000000000000e+00,-1.384608030492116670e+00,1.536431112381386188e-01,2.804825597801309023e+00,8.530769528649141675e-02,-2.005260707004214160e-01,-3.918236361518623485e-03,-8.051578136196685387e-02,2.818885997632435830e-02,5.598157868659288904e-03,4.132282805750162914e-03,-7.901177128509675462e-01
1.351999999999999957e+01,0.000000000000000000e+00,-1.386217228161019666e+00,1.542077138445039630e-01,2.803479019887833878e+00,8.522959292453040347e-02,-2.002718722951482011e-01,-3.891964774791355566e-03,-8.040406951105483202e-02,2.827134797180046871e-02,5.572963025353521588e-03,4.116476269793247628e-03,-7.890888047133169936e-01
1.354000000000000092e+01,0.000000000000000000e+00,-1.387824196657573506e+00,1.547739630332697347e-01,2.802135487351282261e+00,8.515201809426549417e-02,-1.999993239026695568e-01,-3.865483373145527351e-03,-8.029286541316031645e-02,2.835351740561020684e-02,5.547382350908723093e-03,4.100426507953484727e-03,-7.879857400570680070e-01
1.356000000000000050e+01,0.000000000000000000e+00,-1.389428946214090743e+00,1.553418523845048471e-01,2.800795115397508805e+00,8.507497498112764900e-02,-1.997082362158641433e-01,-3.838793242956760245e-03,-8.018217679786601715e-02,2.843536340536642615e-02,5.521414549333705790e-03,4.084132733285183309e-03,-7.868077772967579930e-01
1.358000000000000007e+01,0.000000000000000000e+00,-1.391031487217736284e+00,1.559113753806733171e-01,2.799458020115637158e+00,8.499846774884436962e-02,-1.993984202870991429e-01,-3.811895468087936941e-03,-8.007201142067443822e-02,2.851688108294311158e-02,5.495058324637278578e-03,4.067594158842646399e-03,-7.855541782629491543e-01
1.359999999999999964e+01,0.000000000000000000e+00,-1.392631830211042310e+00,1.564825254063191007e-01,2.798124318473060868e+00,8.492250053949662592e-02,-1.990696875740413929e-01,-3.784791129216118731e-03,-7.996237706300794723e-02,2.859806553447532401e-02,5.468312380828253827e-03,4.050809997680180491e-03,-7.842242084292333493e-01
1.362000000000000099e+01,0.000000000000000000e+00,-1.394229985892429857e+00,1.570552957477515110e-01,2.796794128310216454e+00,8.484707747358936902e-02,-1.987218499862207777e-01,-3.757481303147992835e-03,-7.985328153220867808e-02,2.867891184035921762e-02,5.441175421915439570e-03,4.033779462852089479e-03,-7.828171371410943546e-01
1.364000000000000057e+01,0.000000000000000000e+00,-1.395825965116725520e+00,1.576296795927303596e-01,2.795467568335138875e+00,8.477220265013590828e-02,-1.983547199323559829e-01,-3.729967062123947311e-03,-7.974473266153862816e-02,2.875941506525200170e-02,5.413646151907649910e-03,4.016501767412681591e-03,-7.813322378465645812e-01
1.366000000000000014e+01,0.000000000000000000e+00,-1.397419778895681031e+00,1.582056700301512353e-01,2.794144758117790062e+00,8.469788014675633248e-02,-1.979681103684513555e-01,-3.702249473110754904e-03,-7.963673831017961668e-02,2.883957025807201008e-02,5.385723274813693749e-03,3.998976124416259853e-03,-7.797687883286107402e-01
1.367999999999999972e+01,0.000000000000000000e+00,-1.399011438398489737e+00,1.587832600497307844e-01,2.792825818084162304e+00,8.462411401979008652e-02,-1.975618348466757490e-01,-3.674329597082974259e-03,-7.952930636323325697e-02,2.891937245199863865e-02,5.357405494642379987e-03,3.981201746917129025e-03,-7.781260709391863983e-01
1.370000000000000107e+01,0.000000000000000000e+00,-1.400600954952307520e+00,1.593624425416917123e-01,2.791510869510157811e+00,8.455090830442309191e-02,-1.971357075650327917e-01,-3.646208488293099705e-03,-7.942244473172102581e-02,2.899881666447238007e-02,5.328691515402521860e-03,3.963177847969597337e-03,-7.764033728348841423e-01
1.372000000000000064e+01,0.000000000000000000e+00,-1.402188340042768822e+00,1.599432102964482016e-01,2.790200034515241789e+00,8.447826701482967493e-02,-1.966895434178315416e-01,-3.617887193530507778e-03,-7.931616135258422184e-02,2.907789789719479601e-02,5.299580041102932605e-03,3.944903640627969547e-03,-7.745999862141125236e-01
1.374000000000000021e+01,0.000000000000000000e+00,-1.403773605314506678e+00,1.605255560042910534e-01,2.788893436055863262e+00,8.440619414432920520e-02,-1.962231580469701864e-01,-3.589366751369285451e-03,-7.921046418868392391e-02,2.915661113612855876e-02,5.270069775752418521e-03,3.926378337946550418e-03,-7.727152085557443817e-01
1.375999999999999979e+01,0.000000000000000000e+00,-1.405356762571670526e+00,1.611094722550730218e-01,2.787591197918655173e+00,8.433469366555809699e-02,-1.957363678940416962e-01,-3.560648191405035509e-03,-7.910536122880107435e-02,2.923495135149741658e-02,5.240159423359792845e-03,3.907601152979646442e-03,-7.707483428591547225e-01
1.378000000000000114e+01,0.000000000000000000e+00,-1.406937823778444452e+00,1.616949515378939550e-01,2.786293444713399570e+00,8.426376953065706221e-02,-1.952289902532725885e-01,-3.531732533480687244e-03,-7.900086048763640956e-02,2.931291349778620409e-02,5.209847687933862742e-03,3.888571298781560211e-03,-7.686986978855856467e-01
1.380000000000000071e+01,0.000000000000000000e+00,-1.408516801059565893e+00,1.622819862407857694e-01,2.785000301865765415e+00,8.419342567147404532e-02,-1.947008433253060444e-01,-3.502620786901449075e-03,-7.889697000581054331e-02,2.939049251374083530e-02,5.179133273483443184e-03,3.869287988406600390e-03,-7.665655884007669396e-01
1.382000000000000028e+01,0.000000000000000000e+00,-1.410093706700843663e+00,1.628705686503982009e-01,2.783711895609815024e+00,8.412366599978286785e-02,-1.941517462718402309e-01,-3.473313949638957756e-03,-7.879369784986385572e-02,2.946768332236832100e-02,5.148014884017344805e-03,3.849750434909071303e-03,-7.643483354187222689e-01
1.383999999999999986e+01,0.000000000000000000e+00,-1.411668553149676875e+00,1.634606909516835849e-01,2.782428352980284014e+00,8.405449440751795731e-02,-1.935815192711330401e-01,-3.443813007524749916e-03,-7.869105211225657648e-02,2.954448083093674099e-02,5.116491223544375640e-03,3.829957851343279446e-03,-7.620462664466897129e-01
1.385999999999999943e+01,0.000000000000000000e+00,-1.413241353015572743e+00,1.640523452275822469e-01,2.781149801804621458e+00,8.398591476702532699e-02,-1.929899835743849323e-01,-3.414118933433146156e-03,-7.858904091136872938e-02,2.962087993097528571e-02,5.084560996073348056e-03,3.809909450763527411e-03,-7.596587157310872307e-01
1.388000000000000078e+01,0.000000000000000000e+00,-1.414812119070666174e+00,1.646455234587078653e-01,2.779876370694807974e+00,8.391793093132995929e-02,-1.923769615630114838e-01,-3.384232686453663048e-03,-7.848767239150022945e-02,2.969687549827421807e-02,5.052222905613068353e-03,3.789604446224121691e-03,-7.571850245044511318e-01
1.390000000000000036e+01,0.000000000000000000e+00,-1.416380864250235350e+00,1.652402175230321402e-01,2.778608189038935805e+00,8.385054673441988404e-02,-1.917422768068162975e-01,-3.354155211053074046e-03,-7.838695472287074417e-02,2.977246239288488042e-02,5.019475656172354971e-03,3.769042050779370084e-03,-7.546245412332743818e-01
1.391999999999999993e+01,0.000000000000000000e+00,-1.417947601653224199e+00,1.658364191955709055e-01,2.777345386992557064e+00,8.378376599154704896e-02,-1.910857541230777390e-01,-3.323887436227223376e-03,-7.828689610161980450e-02,2.984763545911971877e-02,4.986317951760013342e-03,3.748221477483574312e-03,-7.519766218666782409e-01
1.393999999999999950e+01,0.000000000000000000e+00,-1.419512344542757321e+00,1.664341201480684374e-01,2.776088095469801065e+00,8.371759249954537074e-02,-1.904072196365592939e-01,-3.293430274642757290e-03,-7.818750474980676324e-02,2.992238952555224818e-02,4.952748496384855835e-03,3.727141939391043473e-03,-7.492406300858398538e-01
1.396000000000000085e+01,0.000000000000000000e+00,-1.421075106346660233e+00,1.670333119486833995e-01,2.774836446134258061e+00,8.365203003716591146e-02,-1.897065008404570097e-01,-3.262784621768875445e-03,-7.808878891541076728e-02,2.999671940501708392e-02,4.918765994055692217e-03,3.705802649556080158e-03,-7.464159375541093988e-01
1.398000000000000043e+01,0.000000000000000000e+00,-1.422635900657976737e+00,1.676339860616734845e-01,2.773590571389629389e+00,8.358708236542970738e-02,-1.889834266582946509e-01,-3.231951354999268531e-03,-7.799075687233084087e-02,3.007061989460990681e-02,4.884369148781334859e-03,3.684202821032992164e-03,-7.435019241677426338e-01
1.400000000000000000e+01,0.000000000000000000e+00,-1.424194741235488504e+00,1.682361338470811651e-01,2.772350604370144911e+00,8.352275322799797286e-02,-1.882378275067795592e-01,-3.200931332764378294e-03,-7.789341692038577458e-02,3.014408577568750830e-02,4.849556664570596129e-03,3.662341666876085117e-03,-7.404979783071823363e-01
1.401999999999999957e+01,0.000000000000000000e+00,-1.425751642004232433e+00,1.688397465604185022e-01,2.771116678930745536e+00,8.345904635156048412e-02,-1.874695353596294300e-01,-3.169725393634132207e-03,-7.779677738531420861e-02,3.021711181386774886e-02,4.814327245432283194e-03,3.640218400139662910e-03,-7.374034970888101448e-01
1.404000000000000092e+01,0.000000000000000000e+00,-1.427306617056018911e+00,1.694448153523525902e-01,2.769888929637035702e+00,8.339596544624174046e-02,-1.866783838123834416e-01,-3.138334355411340117e-03,-7.770084661877460497e-02,3.028969275902959613e-02,4.778679595375204953e-03,3.617832233878028568e-03,-7.342178866171089613e-01
1.406000000000000050e+01,0.000000000000000000e+00,-1.428859680649951613e+00,1.700513312683906431e-01,2.768667491754999599e+00,8.333351420602549964e-02,-1.858642081482079766e-01,-3.106759014215896859e-03,-7.760563299834526141e-02,3.036182334531306939e-02,4.742612418408177245e-03,3.595182381145492923e-03,-7.309405622371578648e-01
1.408000000000000007e+01,0.000000000000000000e+00,-1.430410847212944203e+00,1.706592852485653844e-01,2.767452501240483809e+00,8.327169630919761811e-02,-1.850268454047093170e-01,-3.075000143559957801e-03,-7.751114492752428364e-02,3.043349829111930208e-02,4.706124418540009839e-03,3.572268054996359000e-03,-7.275709487873969206e-01
1.409999999999999964e+01,0.000000000000000000e+00,-1.431960131340240139e+00,1.712686681271201328e-01,2.766244094728449010e+00,8.321051541880758462e-02,-1.841661344417632740e-01,-3.043058493414305902e-03,-7.741739083572961311e-02,3.050471229911050353e-02,4.669214299779511634e-03,3.549088468484931560e-03,-7.241084808525859451e-01
1.412000000000000099e+01,0.000000000000000000e+00,-1.433507547795930037e+00,1.718794706321940535e-01,2.765042409521987210e+00,8.314997518314873326e-02,-1.832819160103747735e-01,-3.010934789266063363e-03,-7.732437917829898533e-02,3.057546005620997986e-02,4.631880766135490664e-03,3.525642834665514494e-03,-7.205526030168992735e-01
1.414000000000000057e+01,0.000000000000000000e+00,-1.435053111513470592e+00,1.724916833855073273e-01,2.763847583581106715e+00,8.309007923625741365e-02,-1.823740328225771923e-01,-2.978629731167977291e-03,-7.723211843649002706e-02,3.064573623360210275e-02,4.594122521616763634e-03,3.501930366592417767e-03,-7.169027701170850309e-01
1.416000000000000014e+01,0.000000000000000000e+00,-1.436596837596202825e+00,1.731052969020465682e-01,2.762659755511280846e+00,8.303083119843121529e-02,-1.814423296223806326e-01,-2.946143992779424233e-03,-7.714061711748010364e-02,3.071553548673235101e-02,4.555938270232136843e-03,3.477950277319942669e-03,-7.131584474956179642e-01
1.417999999999999972e+01,0.000000000000000000e+00,-1.438138741317870117e+00,1.737203015897497704e-01,2.761479064551771057e+00,8.297223467676653752e-02,-1.804866532577825977e-01,-2.913478220399419796e-03,-7.704988375436644388e-02,3.078485245530726555e-02,4.517326715990425262e-03,3.453701779902397431e-03,-7.093191112537933218e-01
1.420000000000000107e+01,0.000000000000000000e+00,-1.439678838123137794e+00,1.743366877491918099e-01,2.760305650563710689e+00,8.291429326571556069e-02,-1.795068527538465353e-01,-2.880633031991766072e-03,-7.695992690616612619e-02,3.085368176329450832e-02,4.478286562900433455e-03,3.429184087394085076e-03,-7.053842485046826205e-01
1.422000000000000064e+01,0.000000000000000000e+00,-1.441217143628110042e+00,1.749544455732693626e-01,2.759139654017961796e+00,8.285701054766267393e-02,-1.785027793868629309e-01,-2.847609016202643905e-03,-7.687075515781602308e-02,3.092201801892278945e-02,4.438816514970979864e-03,3.404396412849314268e-03,-7.013533576259072255e-01
1.424000000000000021e+01,0.000000000000000000e+00,-1.442753673620849275e+00,1.755735651468863789e-01,2.757981215982735712e+00,8.280039009352078982e-02,-1.774742867595960616e-01,-2.814406731370781411e-03,-7.678237712017282890e-02,3.098985581468192974e-02,4.398915276210870785e-03,3.379337969322388901e-03,-6.972259485121476974e-01
1.425999999999999979e+01,0.000000000000000000e+00,-1.444288444061894383e+00,1.761940364466393072e-01,2.756830478110989358e+00,8.274443546334739330e-02,-1.764212308776294535e-01,-2.781026704530527045e-03,-7.669480143001307371e-02,3.105718972732282937e-02,4.358581550628916855e-03,3.354007969867613733e-03,-6.930015428273464950e-01
1.428000000000000114e+01,0.000000000000000000e+00,-1.445821471084778542e+00,1.768158493405020959e-01,2.755687582627581289e+00,8.268915020698071328e-02,-1.753434702268152623e-01,-2.747469430408004155e-03,-7.660803675003309554e-02,3.112401431785748185e-02,4.317814042233926106e-03,3.328405627539292658e-03,-6.886796742565337581e-01
1.430000000000000071e+01,0.000000000000000000e+00,-1.447352770996548577e+00,1.774389935875115565e-01,2.754552672316207484e+00,8.263453786469594775e-02,-1.742408658518357356e-01,-2.713735370410629358e-03,-7.652209176884908204e-02,3.119032413155894273e-02,4.276611455034716978e-03,3.302530155391735205e-03,-6.842598887572256539e-01
1.432000000000000028e+01,0.000000000000000000e+00,-1.448882360278282322e+00,1.780634588374525873e-01,2.753425890506096874e+00,8.258060196788179208e-02,-1.731132814358820882e-01,-2.679824951610213293e-03,-7.643697520099701492e-02,3.125611369796137823e-02,4.234972493040094904e-03,3.276380766479245268e-03,-6.797417448103327819e-01
1.433999999999999986e+01,0.000000000000000000e+00,-1.450410255585607988e+00,1.786892346305434531e-01,2.752307381058487046e+00,8.252734603973736760e-02,-1.719605833814581430e-01,-2.645738565719956033e-03,-7.635269578693271164e-02,3.132137753086003396e-02,4.192895860258871385e-03,3.249956673856127173e-03,-6.751248136705320091e-01
1.435999999999999943e+01,0.000000000000000000e+00,-1.451936473749221523e+00,1.793163103971208150e-01,2.751197288352863701e+00,8.247477359598977265e-02,-1.707826408923110439e-01,-2.611476568065558296e-03,-7.626926229303185312e-02,3.138611012831124536e-02,4.150380260699857056e-03,3.223257090576687415e-03,-6.704086796160387829e-01
1.438000000000000078e+01,0.000000000000000000e+00,-1.453461031775406642e+00,1.799446754573252316e-01,2.750095757272974950e+00,8.242288814563193677e-02,-1.695793260564967819e-01,-2.577039276550746431e-03,-7.618668351158984497e-02,3.145030597263242383e-02,4.107424398371859083e-03,3.196281229695228585e-03,-6.655929401977432880e-01
1.440000000000000036e+01,0.000000000000000000e+00,-1.454983946846550635e+00,1.805743190207859949e-01,2.749002933192616016e+00,8.237169319168173576e-02,-1.683505139305782883e-01,-2.542426970617487833e-03,-7.610496826082202571e-02,3.151395953040207754e-02,4.064026977283691569e-03,3.169028304266058478e-03,-6.606772064876418327e-01
1.441999999999999993e+01,0.000000000000000000e+00,-1.456505236321665731e+00,1.812052301863067427e-01,2.747918961961188788e+00,8.232119223196146529e-02,-1.670960826249628106e-01,-2.507639890201180440e-03,-7.602412538486351401e-02,3.157706525245978363e-02,4.020186701444169487e-03,3.141497527343484891e-03,-6.556611033265331567e-01
1.443999999999999950e+01,0.000000000000000000e+00,-1.458024917736905124e+00,1.818373979415504327e-01,2.746843989889030890e+00,8.227138875989847833e-02,-1.658159133903764626e-01,-2.472678234681100796e-03,-7.594416375376922268e-02,3.163961757390621604e-02,3.975902274862100003e-03,3.113688111981811283e-03,-6.505442695709221512e-01
1.446000000000000085e+01,0.000000000000000000e+00,-1.459543008806083009e+00,1.824708111627248441e-01,2.745778163732521371e+00,8.222228626534695828e-02,-1.645098907054758086e-01,-2.437542161826435072e-03,-7.586509226351391411e-02,3.170161091410315241e-02,3.931172401546289413e-03,3.085599271235340245e-03,-6.453263583390894675e-01
1.448000000000000043e+01,0.000000000000000000e+00,-1.461059527421191495e+00,1.831054586142672469e-01,2.744721630678959468e+00,8.217388823543059218e-02,-1.631779023655970384e-01,-2.402231786738197924e-03,-7.578691983599220028e-02,3.176303967667343242e-02,3.885995785505555293e-03,3.057230218158381741e-03,-6.400070372562907117e-01
1.450000000000000000e+01,0.000000000000000000e+00,-1.462574491652920639e+00,1.837413289485302914e-01,2.743674538331215551e+00,8.212619815540656010e-02,-1.618198395726360983e-01,-2.366747180787306341e-03,-7.570965541901847340e-02,3.182389824950097867e-02,3.840371130748706976e-03,3.028580165805240532e-03,-6.345859886990321552e-01
1.451999999999999957e+01,0.000000000000000000e+00,-1.464087919751174915e+00,1.843784107054667609e-01,2.742637034692163578e+00,8.207921950955082702e-02,-1.604355970260580855e-01,-2.331088370549191848e-03,-7.563330798632697527e-02,3.188418100473082439e-02,3.794297141284553362e-03,2.999648327230220075e-03,-6.290629100383940964e-01
1.454000000000000092e+01,0.000000000000000000e+00,-1.465599830145594140e+00,1.850166923123151008e-01,2.741609268148880396e+00,8.203295578206466765e-02,-1.590250730150294389e-01,-2.295255336735233832e-03,-7.555788653757174178e-02,3.194388229876907181e-02,3.747772521121901183e-03,2.970433915487624265e-03,-6.234375138823632367e-01
1.456000000000000050e+01,0.000000000000000000e+00,-1.467110241446068830e+00,1.856561620832842263e-01,2.740591387456631001e+00,8.198741045800274352e-02,-1.575881695116643777e-01,-2.259248013121383045e-03,-7.548340009832668618e-02,3.200299647228291300e-02,3.700795974269570181e-03,2.940936143631763498e-03,-6.177095283171341045e-01
1.458000000000000007e+01,0.000000000000000000e+00,-1.468619172443261345e+00,1.862968082192392461e-01,2.739583541722622861e+00,8.194258702422246854e-02,-1.561247922653770104e-01,-2.223066285474253716e-03,-7.540985772008550192e-02,3.206151785020061595e-02,3.653366204736366221e-03,2.911154224716940801e-03,-6.118786971473501035e-01
1.459999999999999964e+01,0.000000000000000000e+00,-1.470126642109122583e+00,1.869386188073863253e-01,2.738585880389540872e+00,8.189848897035498232e-02,-1.546348508983284020e-01,-2.186709990475100163e-03,-7.533726848026171818e-02,3.211944074171155239e-02,3.605481916531099937e-03,2.881087371797460932e-03,-6.059447801352528806e-01
1.462000000000000099e+01,0.000000000000000000e+00,-1.471632669597411125e+00,1.875815818209581598e-01,2.737598553218861142e+00,8.185511978979762016e-02,-1.531182590019553313e-01,-2.150178914641988001e-03,-7.526564148218867212e-02,3.217675944026617690e-02,3.557141813662578929e-03,2.850734797927627785e-03,-5.999075532387092569e-01
1.464000000000000057e+01,0.000000000000000000e+00,-1.473137274244211259e+00,1.882256851188989222e-01,2.736621710273941854e+00,8.181248298072804626e-02,-1.515749342345657780e-01,-2.113472793250533322e-03,-7.519498585511956434e-02,3.223346822357602004e-02,3.508344600139616867e-03,2.820095716161748287e-03,-5.937668088480873019e-01
1.466000000000000014e+01,0.000000000000000000e+00,-1.474640475568451459e+00,1.888709164455495970e-01,2.735655501902892528e+00,8.177058204713977263e-02,-1.500047984199855133e-01,-2.076591309253560287e-03,-7.512531075422738958e-02,3.228956135361370217e-02,3.459088979971028724e-03,2.789169339554131103e-03,-5.875223560219606789e-01
1.467999999999999972e+01,0.000000000000000000e+00,-1.476142293272422856e+00,1.895172634303333437e-01,2.734700078721224337e+00,8.172942049989950775e-02,-1.484077776472341459e-01,-2.039534092200057450e-03,-7.505662536060497825e-02,3.234503307661293348e-02,3.409373657165622965e-03,2.757954881159079691e-03,-5.811740207216062881e-01
1.470000000000000107e+01,0.000000000000000000e+00,-1.477642747242298382e+00,1.901647135874406647e-01,2.733755591594279277e+00,8.168900185782604351e-02,-1.467838023712127460e-01,-2.002300717153812724e-03,-7.498893888126495488e-02,3.239987762306851399e-02,3.359197335732203287e-03,2.726451554030896209e-03,-5.747216460442857722e-01
1.472000000000000064e+01,0.000000000000000000e+00,-1.479141857548649241e+00,1.908132543155143246e-01,2.732822191619440400e+00,8.164932964879073607e-02,-1.451328075143781815e-01,-1.964890703612131619e-03,-7.492226054913980748e-02,3.245408920773631273e-02,3.308558719679591167e-03,2.694658571223891488e-03,-5.681650924552864579e-01
1.474000000000000021e+01,0.000000000000000000e+00,-1.480639644446965164e+00,1.914628728973351013e-01,2.731900030108120880e+00,8.161040741083970540e-02,-1.434547325693762421e-01,-1.927303514424950339e-03,-7.485659962308184590e-02,3.250766202963330243e-02,3.257456513016591601e-03,2.662575145792368120e-03,-5.615042380186928694e-01
1.475999999999999979e+01,0.000000000000000000e+00,-1.482136128378172435e+00,1.921135564995065381e-01,2.730989258567537714e+00,8.157223869333750377e-02,-1.417495217026094600e-01,-1.889538554714850294e-03,-7.479196538786317405e-02,3.256059027203753869e-02,3.205889419752016092e-03,2.630200490790631732e-03,-5.547389786268899226e-01
1.478000000000000114e+01,0.000000000000000000e+00,-1.483631329969151036e+00,1.927652921721404178e-01,2.730090028682263359e+00,8.153482705813251685e-02,-1.400171238587040734e-01,-1.851595170798286038e-03,-7.472836715417571773e-02,3.261286810248816004e-02,3.153856143894670505e-03,2.597533819272984917e-03,-5.478692282287651594e-01
1.480000000000000071e+01,0.000000000000000000e+00,-1.485125270033254452e+00,1.934180668485418753e-01,2.729202492295562443e+00,8.149817608074384767e-02,-1.382574928658467373e-01,-1.813472649108500458e-03,-7.466581425863128008e-02,3.266448967278538784e-02,3.101355389453374582e-03,2.564574344293738938e-03,-5.408949190566104681e-01
1.482000000000000028e+01,0.000000000000000000e+00,-1.486617969570828146e+00,1.940718673448946774e-01,2.728326801390508649e+00,8.146228935156971107e-02,-1.364705875419499892e-01,-1.775170215120470225e-03,-7.460431606376141667e-02,3.271544911899051944e-02,3.048385860436935053e-03,2.531321278907196388e-03,-5.338160018516955319e-01
1.483999999999999986e+01,0.000000000000000000e+00,-1.488109449769726700e+00,1.947266803599465024e-01,2.727463108070883546e+00,8.142717047711736655e-02,-1.346563718016116351e-01,-1.736687032278389810e-03,-7.454388195801757433e-02,3.276574056142597668e-02,2.994946260854162556e-03,2.497773836167662461e-03,-5.266324460885180025e-01
1.485999999999999943e+01,0.000000000000000000e+00,-1.489599732005833177e+00,1.953824924746939418e-01,2.726611564541861821e+00,8.139282308125438126e-02,-1.328148147638228138e-01,-1.698022200926046403e-03,-7.448452135577096622e-02,3.281535810467523656e-02,2.941035294713866856e-03,2.463931229129443217e-03,-5.193442401977101941e-01
1.488000000000000078e+01,0.000000000000000000e+00,-1.491088837843577153e+00,1.960392901520681408e-01,2.725772323090475346e+00,8.135925080648137575e-02,-1.309458908603797489e-01,-1.659174757240566280e-03,-7.442624369731266898e-02,3.286429583758286588e-02,2.886651666024850783e-03,2.429792670846837345e-03,-5.119513917875933018e-01
1.490000000000000036e+01,0.000000000000000000e+00,-1.492576789036453189e+00,1.966970597366192453e-01,2.724945536065862317e+00,8.132645731522593346e-02,-1.290495799449534742e-01,-1.620143672169968444e-03,-7.436905844885356720e-02,3.291254783325451433e-02,2.831794078795942752e-03,2.395357374374162615e-03,-5.044539278643856983e-01
1.491999999999999993e+01,0.000000000000000000e+00,-1.494063607527539750e+00,1.973557874542026525e-01,2.724131355859301440e+00,8.129444629115778476e-02,-1.271258674027600788e-01,-1.580927850374913698e-03,-7.431297510252438121e-02,3.296010814905692837e-02,2.776461237035944291e-03,2.360624552765718583e-03,-4.968518950510317778e-01
1.493999999999999950e+01,0.000000000000000000e+00,-1.495549315450016348e+00,1.980154594116633748e-01,2.723329934884024528e+00,8.126322144052509910e-02,-1.251747442607830108e-01,-1.541526129175202313e-03,-7.425800317637561154e-02,3.300697082661793041e-02,2.720651844753666036e-03,2.325593419075810443e-03,-4.891453598046769380e-01
1.496000000000000085e+01,0.000000000000000000e+00,-1.497033935127683346e+00,1.986760615965218468e-01,2.722541425554818595e+00,8.123278649351182990e-02,-1.231962072984847251e-01,-1.501937277501399527e-03,-7.420415221437764997e-02,3.305312989182644656e-02,2.664364605957914283e-03,2.290263186358741220e-03,-4.813344086327623339e-01
1.498000000000000043e+01,0.000000000000000000e+00,-1.498517489075479325e+00,1.993375798766586215e-01,2.721765980267408125e+00,8.120314520561588978e-02,-1.211902591589476830e-01,-1.462159994852093485e-03,-7.415143178642066846e-02,3.309857935483246499e-02,2.607598224657509643e-03,2.254633067668821746e-03,-4.734191483077458407e-01
1.500000000000000000e+01,1.000000000000000000e+00,-1.500000000000000000e+00,2.000000000000000111e-01,2.721003751377621072e+00,8.117430135904817046e-02,-1.191569084603779777e-01,-1.422192910257217332e-03,-7.409985148831466084e-02,3.314331321004707759e-02,2.550351404861257113e-03,2.218702276060355912e-03,-4.653997060804378472e-01
1.501999999999999957e+01,1.000000000000000000e+00,-1.501481482448496552e+00,2.006633110486670812e-01,2.720242749377543401e+00,8.114532761968626384e-02,-1.208949419898696781e-01,-1.475092798335973397e-03,-7.404816827796802114e-02,3.318784369590693784e-02,2.617876427440169081e-03,2.234314061469085729e-03,-4.722541859338015846e-01
1.503999999999999915e+01,1.000000000000000000e+00,-1.502961917765036626e+00,2.013275158165180323e-01,2.719470921775076988e+00,8.111530117373332016e-02,-1.226260504463115436e-01,-1.527463694502533128e-03,-7.399514015437926029e-02,3.323268448439328088e-02,2.684842975685944148e-03,2.249732629994929001e-03,-4.790842325030459925e-01
1.506000000000000050e+01,1.000000000000000000e+00,-1.504441279162954226e+00,2.019926204709987516e-01,2.718688325908349857e+00,8.108423259343136569e-02,-1.243503792721813578e-01,-1.579306362757662606e-03,-7.394077827223820287e-02,3.327783171664559086e-02,2.751252529287559999e-03,2.264958529349015651e-03,-4.858904280445433543e-01
1.508000000000000007e+01,1.000000000000000000e+00,-1.505919540078377139e+00,2.026586311024871911e-01,2.717895018465175561e+00,8.105213243548117785e-02,-1.260680698532067323e-01,-1.630621593149757893e-03,-7.388509375664081835e-02,3.332328154475751314e-02,2.817106567933992580e-03,2.279992307242472566e-03,-4.926733389723339518e-01
1.509999999999999964e+01,1.000000000000000000e+00,-1.507396674169639628e+00,2.033255537245126365e-01,2.717091055501420271e+00,8.101901124052511560e-02,-1.277792595827260125e-01,-1.681410201424154635e-03,-7.382809770308927655e-02,3.336903013177695831e-02,2.882406571314216105e-03,2.294834511386426631e-03,-4.994335161115390220e-01
1.511999999999999922e+01,1.000000000000000000e+00,-1.508872655316693123e+00,2.039933942739751982e-01,2.716276492459101188e+00,8.098487953263652783e-02,-1.294840819243093799e-01,-1.731673028682729348e-03,-7.376980117749207255e-02,3.341507365170604676e-02,2.947154019117210425e-03,2.309485689492008203e-03,-5.061714949439457545e-01
1.514000000000000057e+01,1.000000000000000000e+00,-1.510347457620508260e+00,2.046621586113642477e-01,2.715451384184210948e+00,8.094974781881589254e-02,-1.311826664726853664e-01,-1.781410941053461700e-03,-7.371021521616386019e-02,3.346140828950112250e-02,3.011350391031948452e-03,2.323946389270344168e-03,-5.128877958459878705e-01
1.516000000000000014e+01,1.000000000000000000e+00,-1.511821055402486014e+00,2.053318525209779644e-01,2.714615784944288013e+00,8.091362658849349243e-02,-1.328751390130224475e-01,-1.830624829369714495e-03,-7.364935082582545200e-02,3.350803024107274625e-02,3.074997166747408302e-03,2.338217158432560980e-03,-5.195829243193500480e-01
1.517999999999999972e+01,1.000000000000000000e+00,-1.513293423203868171e+00,2.060024817111422990e-01,2.713769748445729046e+00,8.087652631303862694e-02,-1.345616215786087644e-01,-1.879315608858932781e-03,-7.358721898360401359e-02,3.355493571328572316e-02,3.138095825952565057e-03,2.352298544689788995e-03,-5.262573712144062998e-01
1.519999999999999929e+01,1.000000000000000000e+00,-1.514764535785141364e+00,2.066740518144300764e-01,2.712913327850853928e+00,8.083845744527451416e-02,-1.362422325069780338e-01,-1.927484218840501851e-03,-7.352383063703285537e-02,3.360212092395906125e-02,3.200647848336395963e-03,2.366191095753154665e-03,-5.329116129467141860e-01
1.522000000000000064e+01,1.000000000000000000e+00,-1.516234368125446874e+00,2.073465683878797650e-01,2.712046575794730519e+00,8.079943041899947942e-02,-1.379170864945234720e-01,-1.975131622432500702e-03,-7.345919670405143265e-02,3.364958210186595744e-02,3.262654713587876537e-03,2.379895359333786178e-03,-5.395461117067592571e-01
1.524000000000000021e+01,1.000000000000000000e+00,-1.517702895421989551e+00,2.080200369132152727e-01,2.711169544401758280e+00,8.075945564851406966e-02,-1.395862946496430890e-01,-2.022258806267102429e-03,-7.339332807300560924e-02,3.369731548673392252e-02,3.324117901395984460e-03,2.393411883142813022e-03,-5.461613156631528465e-01
1.525999999999999979e+01,1.000000000000000000e+00,-1.519170093089444951e+00,2.086944627970643840e-01,2.710282285302025862e+00,8.071854352815317768e-02,-1.412499645444608432e-01,-2.068866780214369174e-03,-7.332623560264731055e-02,3.374531732924461458e-02,3.385038891449693946e-03,2.406741214891360350e-03,-5.527576591594843824e-01
1.527999999999999936e+01,1.000000000000000000e+00,-1.520635936759367146e+00,2.093698513711778064e-01,2.709384849647439975e+00,8.067670443182417550e-02,-1.429082002651624050e-01,-2.114956577114201781e-03,-7.325793012213471789e-02,3.379358389103390842e-02,3.445419163437980943e-03,2.419883902290558084e-03,-5.593355629050081879e-01
1.530000000000000071e+01,1.000000000000000000e+00,-1.522100402279599418e+00,2.100462078926490506e-01,2.708477288127633997e+00,8.063394871255023799e-02,-1.445611024609865791e-01,-2.160529252516210641e-03,-7.318842243103229617e-02,3.384211144469197186e-02,3.505260197049823567e-03,2.432840493051534412e-03,-5.658954341593491755e-01
1.532000000000000028e+01,1.000000000000000000e+00,-1.523563465713678289e+00,2.107235375441325331e-01,2.707559650985663424e+00,8.059028670201842659e-02,-1.462087683919140457e-01,-2.205585884427276998e-03,-7.311772329931065517e-02,3.389089627376314084e-02,3.564563471974197765e-03,2.445611534885416653e-03,-5.724376669114163985e-01
1.533999999999999986e+01,1.000000000000000000e+00,-1.525025103340243993e+00,2.114018454340633180e-01,2.706631988033489034e+00,8.054572871013319924e-02,-1.478512919750896715e-01,-2.250127573066584407e-03,-7.304584346734666056e-02,3.393993467274596110e-02,3.623330467900079052e-03,2.458197575503332562e-03,-5.789626420526873263e-01
1.535999999999999943e+01,1.000000000000000000e+00,-1.526485291652448728e+00,2.120811365968757189e-01,2.705694348667252669e+00,8.050028502457444446e-02,-1.494887638300180510e-01,-2.294155440627889623e-03,-7.297279364592337836e-02,3.398922294709322972e-02,3.681562664516443376e-03,2.470599162616409460e-03,-5.854707275450400372e-01
1.538000000000000078e+01,1.000000000000000000e+00,-1.527944007357365352e+00,2.127614159932230409e-01,2.704746781882357176e+00,8.045396591036044209e-02,-1.511212713225686677e-01,-2.337670631048843848e-03,-7.289858451623013047e-02,3.403875741321198134e-02,3.739261541512267119e-03,2.482816843935776834e-03,-5.919622785832958645e-01
1.540000000000000036e+01,1.000000000000000000e+00,-1.529401227375393635e+00,2.134426885101960436e-01,2.703789336288343836e+00,8.040678160941512609e-02,-1.527488986078281430e-01,-2.380674309787137073e-03,-7.282322672986245304e-02,3.408853439846345340e-02,3.796428578576528830e-03,2.494851167172562872e-03,-5.984376377526372526e-01
1.541999999999999993e+01,1.000000000000000000e+00,-1.530856928839668507e+00,2.141249589615421001e-01,2.702822060123582393e+00,8.035874234013980211e-02,-1.543717266718342973e-01,-2.423167663603258224e-03,-7.274673090882202708e-02,3.413855024116307230e-02,3.853065255398200120e-03,2.506702680037893160e-03,-6.048971351810547015e-01
1.543999999999999950e+01,1.000000000000000000e+00,-1.532311089095470980e+00,2.148082320878848261e-01,2.701845001269769675e+00,8.030985829698943090e-02,-1.559898333722273545e-01,-2.465151900349705008e-03,-7.266910764551687274e-02,3.418880129058056438e-02,3.909173051666261708e-03,2.518371930242897620e-03,-6.113410886869793393e-01
1.546000000000000085e+01,1.000000000000000000e+00,-1.533763685699633283e+00,2.154925125569425448e-01,2.700858207266246591e+00,8.026013965005261708e-02,-1.576032934778526517e-01,-2.506628248766405373e-03,-7.259036750276115502e-02,3.423928390693980334e-02,3.964753447069686507e-03,2.529859465498704441e-03,-6.177698039222493387e-01
1.548000000000000043e+01,1.000000000000000000e+00,-1.535214696419946456e+00,2.161778049637474164e-01,2.699861725324133044e+00,8.020959654463598321e-02,-1.592121787073485228e-01,-2.547597958282196186e-03,-7.251052101377523929e-02,3.428999446141892116e-02,4.019807921297451764e-03,2.541165833516440074e-03,-6.241835745105587252e-01
1.550000000000000000e+01,1.000000000000000000e+00,-1.536664099234573477e+00,2.168641138308651795e-01,2.698855602340289650e+00,8.015823910085233261e-02,-1.608165577667514667e-01,-2.588062298822163109e-03,-7.242957868218581619e-02,3.434092933615027349e-02,4.074337954038535596e-03,2.552291582007233574e-03,-6.305826821815276872e-01
1.551999999999999957e+01,1.000000000000000000e+00,-1.538111872331450192e+00,2.175514436086133097e-01,2.697839884911104047e+00,8.010607741321253139e-02,-1.624164963861519928e-01,-2.628022560620644349e-03,-7.234755098202569346e-02,3.439208492422044655e-02,4.128345024981912650e-03,2.563237258682213131e-03,-6.369673969005400505e-01
1.553999999999999915e+01,1.000000000000000000e+00,-1.539557994107699779e+00,2.182397986752806773e-01,2.696814619346110664e+00,8.005312155022113740e-02,-1.640120573554317285e-01,-2.667480054039759064e-03,-7.226444835773393471e-02,3.444345762967019470e-02,4.181830613816558441e-03,2.574003411252505629e-03,-6.433379769944791438e-01
1.556000000000000050e+01,1.000000000000000000e+00,-1.541002443169037894e+00,2.189291833373468443e-01,2.695779851681441297e+00,7.999938155397574857e-02,-1.656033005591121543e-01,-2.706436109393238389e-03,-7.218028122415581782e-02,3.449504386749457918e-02,4.234796200231450217e-03,2.584590587429240558e-03,-6.496946692734951734e-01
1.558000000000000007e+01,1.000000000000000000e+00,-1.542445198329179368e+00,2.196196018297003061e-01,2.694735627693120250e+00,7.994486743976959853e-02,-1.671902830103467186e-01,-2.744892076775440684e-03,-7.209505996654289040e-02,3.454684006364282939e-02,4.287243263915564359e-03,2.594999334923543937e-03,-6.560377091489386636e-01
1.559999999999999964e+01,1.000000000000000000e+00,-1.543886238609249784e+00,2.203110583158582603e-01,2.693681992910193834e+00,7.988958919569748296e-02,-1.687730588840858359e-01,-2.782849325895338927e-03,-7.200879494055280328e-02,3.459884265501837752e-02,4.339173284557876382e-03,2.605230201446545255e-03,-6.623673207475883062e-01
1.561999999999999922e+01,1.000000000000000000e+00,-1.545325543237192623e+00,2.210035568881857926e-01,2.692618992627709318e+00,7.983355678226539132e-02,-1.703516795494405545e-01,-2.820309245915345823e-03,-7.192149647224958808e-02,3.465104808947894882e-02,4.390587741847362668e-03,2.615283734709371397e-03,-6.686837170222857951e-01
1.564000000000000057e+01,1.000000000000000000e+00,-1.546763091647174404e+00,2.216971015681143964e-01,2.691546671919536227e+00,7.977678013200273366e-02,-1.719261936012787817e-01,-2.857273245294812258e-03,-7.183317485810335190e-02,3.470345282583642277e-02,4.441488115473000466e-03,2.625160482423151854e-03,-6.749870998591190885e-01
1.566000000000000014e+01,1.000000000000000000e+00,-1.548198863478996490e+00,2.223916963063612140e-01,2.690465075651043314e+00,7.971926914907805084e-02,-1.734966468910770776e-01,-2.893742751638031258e-03,-7.174384036499048545e-02,3.475605333385695106e-02,4.491875885123764421e-03,2.634860992299013077e-03,-6.812776601812572386e-01
1.567999999999999972e+01,1.000000000000000000e+00,-1.549632838577502225e+00,2.230873449831487221e-01,2.689374248491624986e+00,7.966103370891763902e-02,-1.750630825570571869e-01,-2.929719211546615194e-03,-7.165350323019364920e-02,3.480884609426087434e-02,4.541752530488631784e-03,2.644385812048083689e-03,-6.875555780495591351e-01
1.569999999999999929e+01,1.000000000000000000e+00,-1.551064996991984746e+00,2.237840514084230292e-01,2.688274234927084283e+00,7.960208365782689421e-02,-1.766255410536354542e-01,-2.965204090476064938e-03,-7.156217366140160685e-02,3.486182759872277770e-02,4.591119531256578935e-03,2.653735489381492309e-03,-6.938210227600792868e-01
1.572000000000000064e+01,1.000000000000000000e+00,-1.552495318975592342e+00,2.244818193220730618e-01,2.687165079271873758e+00,7.954242881261476550e-02,-1.781840601802075208e-01,-3.000198872596419094e-03,-7.146986183670941961e-02,3.491499434987143519e-02,4.639978367116579655e-03,2.662910572010364959e-03,-7.000741529385642314e-01
1.574000000000000021e+01,1.000000000000000000e+00,-1.553923784984743373e+00,2.251806523941505267e-01,2.686046825681199124e+00,7.948207896022085883e-02,-1.797386751092980572e-01,-3.034705060656811126e-03,-7.137657790461840457e-02,3.496834286128989999e-02,4.688330517757613794e-03,2.671911607645831559e-03,-7.063151166320698060e-01
1.575999999999999979e+01,1.000000000000000000e+00,-1.555350375678527630e+00,2.258805542250877096e-01,2.684919518162984353e+00,7.942104385734499727e-02,-1.812894184140982079e-01,-3.068724175853802978e-03,-7.128233198403598203e-02,3.502186965751539344e-02,4.736177462868656866e-03,2.680739143999018997e-03,-7.125440513977956414e-01
1.577999999999999936e+01,1.000000000000000000e+00,-1.556775071918116371e+00,2.265815283459173268e-01,2.683783200589701767e+00,7.935933323007972329e-02,-1.828363200954152556e-01,-3.102257757703355545e-03,-7.118713416427591145e-02,3.507557127403937436e-02,4.783520682138681784e-03,2.689393728781055894e-03,-7.187610843892433543e-01
1.580000000000000071e+01,1.000000000000000000e+00,-1.558197854766175228e+00,2.272835782184917386e-01,2.682637916710072457e+00,7.929695677354510475e-02,-1.843794076080604027e-01,-3.135307363916297208e-03,-7.109099450505811102e-02,3.512944425730756687e-02,4.830361655256668399e-03,2.697875909703070004e-03,-7.249663324398084585e-01
1.582000000000000028e+01,1.000000000000000000e+00,-1.559618705486263801e+00,2.279867072357015245e-01,2.681483710160635248e+00,7.923392415152609447e-02,-1.859187058866955677e-01,-3.167874570277156004e-03,-7.099392303650875480e-02,3.518348516471984933e-02,4.876701861911592224e-03,2.706186234476189081e-03,-7.311599021438995871e-01
1.583999999999999986e+01,1.000000000000000000e+00,-1.561037605542249462e+00,2.286909187216947248e-01,2.680320624477185554e+00,7.917024499611205468e-02,-1.874542373711665932e-01,-3.199960970526214907e-03,-7.089592975916013395e-02,3.523769056463035843e-02,4.922542781792427907e-03,2.714325250811540878e-03,-7.373418899356991574e-01
1.585999999999999943e+01,1.000000000000000000e+00,-1.562454536597717381e+00,2.293962159320963312e-01,2.679148703106092544e+00,7.910592890733916804e-02,-1.889860220313385741e-01,-3.231568176244685713e-03,-7.079702464395093431e-02,3.529205703634746144e-02,4.967885894588153564e-03,2.722293506420254017e-03,-7.435123821656398624e-01
1.588000000000000078e+01,1.000000000000000000e+00,-1.563869480515371446e+00,2.301026020542266681e-01,2.677967989415488415e+00,7.904098545283433364e-02,-1.905140773914643926e-01,-3.262697816742831085e-03,-7.069721763222591715e-02,3.534658117013374234e-02,5.012732679987745577e-03,2.730091549013456687e-03,-7.496714551747258870e-01
1.590000000000000036e+01,1.000000000000000000e+00,-1.565282419356447630e+00,2.308100802073211333e-01,2.676778526706336425e+00,7.897542416746193561e-02,-1.920384185540995603e-01,-3.293351538950943253e-03,-7.059651863573612740e-02,3.540125956720596712e-02,5.057084617680176857e-03,2.737719926302274905e-03,-7.558191753667630186e-01
1.591999999999999993e+01,1.000000000000000000e+00,-1.566693335380122676e+00,2.315186534427488563e-01,2.675580358223379474e+00,7.890925455297248536e-02,-1.935590582235912627e-01,-3.323531007313049266e-03,-7.049493753663885198e-02,3.545608883973520864e-02,5.100943187354427255e-03,2.745179185997839461e-03,-7.619555992786134491e-01
1.593999999999999950e+01,1.000000000000000000e+00,-1.568102211042919913e+00,2.322283247442320508e-01,2.674373527165967879e+00,7.884248607765323436e-02,-1.950760067291584243e-01,-3.353237903683199683e-03,-7.039248418749750880e-02,3.551106561084668017e-02,5.144309868699473154e-03,2.752469875811276376e-03,-7.680807736485558701e-01
1.596000000000000085e+01,1.000000000000000000e+00,-1.569509028998115729e+00,2.329390970280646733e-01,2.673158076698769481e+00,7.877512817598116002e-02,-1.965892720475843070e-01,-3.382473927224239219e-03,-7.028916841128178550e-02,3.556618651461984637e-02,5.187186141404284863e-03,2.759592543453713402e-03,-7.741947354828419003e-01
1.598000000000000043e+01,1.000000000000000000e+00,-1.570913772095152705e+00,2.336509731433323023e-01,2.671934049962365609e+00,7.870719024827776966e-02,-1.980988598255427613e-01,-3.411240794308952225e-03,-7.018500000136766726e-02,3.562144819608842328e-02,5.229573485157847437e-03,2.766547736636280029e-03,-7.802975121205454334e-01
1.600000000000000000e+01,1.000000000000000000e+00,-1.572316423379044315e+00,2.343639558721304084e-01,2.670701490083730700e+00,7.863868166036573626e-02,-1.996047734015762853e-01,-3.439540238423414737e-03,-7.007998872153724246e-02,3.567684731124031589e-02,5.271473379649132054e-03,2.773336003070104010e-03,-7.863891212967840660e-01
1.601999999999999957e+01,1.000000000000000000e+00,-1.573716966089782066e+00,2.350780479297835956e-01,2.669460440186599559e+00,7.856961174322767139e-02,-2.011070138277450958e-01,-3.467374010072500623e-03,-6.997414430597884150e-02,3.573238052701763201e-02,5.312887304567114229e-03,2.779957890466311365e-03,-7.924695712044025342e-01
1.603999999999999915e+01,1.000000000000000000e+00,-1.575115383661748858e+00,2.357932519650653980e-01,2.668210943401720048e+00,7.849998979266677168e-02,-2.026055798909666694e-01,-3.494743876687387424e-03,-6.986747645928709227e-02,3.578804452131678637e-02,5.353816739600772076e-03,2.786413946536032450e-03,-7.985388605542032003e-01
1.605999999999999872e+01,1.000000000000000000e+00,-1.576511659723120129e+00,2.365095705604164378e-01,2.666953042876999636e+00,7.842982506896903350e-02,-2.041004681340633786e-01,-3.521651622534960856e-03,-6.975999485646279530e-02,3.584383598298832019e-02,5.394263164439082846e-03,2.792704718990394151e-03,-8.045969786338071916e-01
1.607999999999999829e+01,1.000000000000000000e+00,-1.577905778095275879e+00,2.372270062321636674e-01,2.665686781787537374e+00,7.835912679656743818e-02,-2.055916728765375401e-01,-3.548099048629001738e-03,-6.965170914291290982e-02,3.589975161183702607e-02,5.434228058771017715e-03,2.798830755540523789e-03,-8.106439053652310101e-01
1.610000000000000142e+01,1.000000000000000000e+00,-1.579297722792210257e+00,2.379455614307403599e-01,2.664412203345547958e+00,7.828790416370808025e-02,-2.070791862350883361e-01,-3.574087972643061242e-03,-6.954262893445072036e-02,3.595578811862197577e-02,5.473712902285560004e-03,2.804792603897550418e-03,-8.166796113612515562e-01
1.612000000000000099e+01,1.000000000000000000e+00,-1.580687478019936476e+00,2.386652385409039068e-01,2.663129350810182761e+00,7.821616632211761400e-02,-2.085629981438913982e-01,-3.599620228824891317e-03,-6.943276381729569791e-02,3.601194222505639531e-02,5.512719174671680891e-03,2.810590811772602660e-03,-8.227040579806512710e-01
1.614000000000000057e+01,1.000000000000000000e+00,-1.582075028175894404e+00,2.393860398819556146e-01,2.661838267497234956e+00,7.814392238667267065e-02,-2.100430963746552360e-01,-3.624697667912347900e-03,-6.932212334807344445e-02,3.606821066380773433e-02,5.551248355618358492e-03,2.816225926876805667e-03,-8.287171973824140059e-01
1.616000000000000014e+01,1.000000000000000000e+00,-1.583460357848365030e+00,2.401079677079599461e-01,2.660538996788748278e+00,7.807118143507106589e-02,-2.115194665564715804e-01,-3.649322157050638536e-03,-6.921071705381595662e-02,3.612459017849772858e-02,5.589301924814568320e-03,2.821698496921291096e-03,-8.347189725789515569e-01
1.617999999999999972e+01,1.000000000000000000e+00,-1.584843451815870274e+00,2.408310242079632069e-01,2.659231582142512096e+00,7.799795250750414521e-02,-2.129920921954768787e-01,-3.673495579710839808e-03,-6.909855443196129265e-02,3.618107752370227498e-02,5.626881361949286758e-03,2.827009069617183665e-03,-8.407093174884430198e-01
1.619999999999999929e+01,1.000000000000000000e+00,-1.586224295046585686e+00,2.415552115062126470e-01,2.657916067101457891e+00,7.792424460633132210e-02,-2.144609546943382627e-01,-3.697219835609542350e-03,-6.898564495035380828e-02,3.623766946495150798e-02,5.663988146711491055e-03,2.832158192675613296e-03,-8.466881569863533574e-01
1.621999999999999886e+01,1.000000000000000000e+00,-1.587602872697746914e+00,2.422805316623756200e-01,2.656592495302948720e+00,7.785006669575585125e-02,-2.159260333715805613e-01,-3.720496840629549697e-03,-6.887199804724404573e-02,3.629436277872978567e-02,5.700623758790154122e-03,2.837146413807706876e-03,-8.526554069562124472e-01
1.623999999999999844e+01,1.000000000000000000e+00,-1.588979170115062844e+00,2.430069866717591287e-01,2.655260910487965198e+00,7.777542770150240592e-02,-2.173873054807690663e-01,-3.743328526741534264e-03,-6.875762313128883085e-02,3.635115425247571058e-02,5.736789677874258413e-03,2.841974280724593460e-03,-8.586109743397259964e-01
1.626000000000000156e+01,1.000000000000000000e+00,-1.590353172832114081e+00,2.437345784655280401e-01,2.653921356510188900e+00,7.770033651049593204e-02,-2.188447462295631807e-01,-3.765716841926509528e-03,-6.864252958155113438e-02,3.640804068458208809e-02,5.772487383652774237e-03,2.846642341137399935e-03,-8.645547571862951530e-01
1.628000000000000114e+01,1.000000000000000000e+00,-1.591724866569768970e+00,2.444633089109246871e-01,2.652573877344987174e+00,7.762480197054227871e-02,-2.202983287986538252e-01,-3.787663750099086284e-03,-6.852672674750015513e-02,3.646501888439591943e-02,5.807718355814678844e-03,2.851151142757254054e-03,-8.704866447020109810e-01
1.630000000000000071e+01,1.000000000000000000e+00,-1.593094237235590960e+00,2.451931798114881378e-01,2.651218517098286931e+00,7.754883289001039681e-02,-2.217480243605982615e-01,-3.809171231031349084e-03,-6.841022394901138948e-02,3.652208567221849195e-02,5.842484074048952085e-03,2.855501233295285306e-03,-8.764065172981950758e-01
1.632000000000000028e+01,1.000000000000000000e+00,-1.594461270923242413e+00,2.459241929072728261e-01,2.649855320015357396e+00,7.747243803751578672e-02,-2.231938020985680393e-01,-3.830241280277290813e-03,-6.829303047636647861e-02,3.657923787930526804e-02,5.876786018044567739e-03,2.859693160462621446e-03,-8.823142466395633710e-01
1.633999999999999986e+01,1.000000000000000000e+00,-1.595825953911895301e+00,2.466563498750677375e-01,2.648484330489482730e+00,7.739562614160562515e-02,-2.246356292250203945e-01,-3.850875909097712605e-03,-6.817515559025327798e-02,3.663647234786593376e-02,5.910625667490498718e-03,2.863727471970388058e-03,-8.882096956920747521e-01
1.635999999999999943e+01,1.000000000000000000e+00,-1.597188272665642783e+00,2.473896523286158722e-01,2.647105593070540053e+00,7.731840589044554346e-02,-2.260734710003067527e-01,-3.871077144385483716e-03,-6.805660852176592668e-02,3.669378593106441960e-02,5.944004502075728343e-03,2.867604715529716800e-03,-8.940927187705327572e-01
1.637999999999999901e+01,1.000000000000000000e+00,-1.598548213832900800e+00,2.481241018188330150e-01,2.645719152473471336e+00,7.724078593150753014e-02,-2.275072907512316889e-01,-3.890847028591055967e-03,-6.793739847240472252e-02,3.675117549301888664e-02,5.976924001489228658e-03,2.871325438851733258e-03,-8.999631615860145262e-01
1.639999999999999858e+01,1.000000000000000000e+00,-1.599905764245818762e+00,2.488596998340264210e-01,2.644325053586658925e+00,7.716277487125962342e-02,-2.289370498895724748e-01,-3.910187619648170312e-03,-6.781753461407621919e-02,3.680863790880164327e-02,6.009385645419970841e-03,2.874890189647564317e-03,-9.058208612931847314e-01
1.642000000000000171e+01,1.000000000000000000e+00,-1.601260910919692027e+00,2.495964478001148901e-01,2.642923341480195809e+00,7.708438127485701952e-02,-2.303627079305730352e-01,-3.929100990899648399e-03,-6.769702608909319852e-02,3.686617006443933253e-02,6.041390913556939947e-03,2.878299515628340334e-03,-9.116656465375680973e-01
1.644000000000000128e+01,1.000000000000000000e+00,-1.602613641052363258e+00,2.503343470808471749e-01,2.641514061414060421e+00,7.700561366583458245e-02,-2.317842225114210841e-01,-3.947589231023154212e-03,-6.757588201017467044e-02,3.692376885691275867e-02,6.072941285589111490e-03,2.881553964505189497e-03,-9.174973375028373512e-01
1.646000000000000085e+01,1.000000000000000000e+00,-1.603963942023634459e+00,2.510733989780209452e-01,2.640097258846186623e+00,7.692648052580076945e-02,-2.332015494097224306e-01,-3.965654443956883289e-03,-6.745411146044577588e-02,3.698143119415694263e-02,6.104038241205456648e-03,2.884654083989237824e-03,-9.233157459581891047e-01
1.648000000000000043e+01,1.000000000000000000e+00,-1.605311801394672333e+00,2.518136047317020565e-01,2.638672979440433775e+00,7.684699029413340210e-02,-2.346146425619788367e-01,-3.983298748825055483e-03,-6.733172349343793939e-02,3.703915399506112205e-02,6.134683260094953537e-03,2.887600421791613938e-03,-9.291206753058576240e-01
1.650000000000000000e+01,1.000000000000000000e+00,-1.606657206907422530e+00,2.525549655204442079e-01,2.637241269074459105e+00,7.676715136767663095e-02,-2.360234540820841109e-01,-4.000524279863138834e-03,-6.720872713308886914e-02,3.709693418946879984e-02,6.164877821946578539e-03,2.890393525623446026e-03,-9.349119206288425410e-01
1.651999999999999957e+01,1.000000000000000000e+00,-1.608000146484009685e+00,2.532974824615070730e-01,2.635802173847484386e+00,7.668697210043930179e-02,-2.374279342798468195e-01,-4.017333186342707425e-03,-6.708513137374243207e-02,3.715476871817766785e-02,6.194623406449310636e-03,2.893033943195861841e-03,-9.406892687389092345e-01
1.653999999999999915e+01,1.000000000000000000e+00,-1.609340608226150104e+00,2.540411566110758468e-01,2.634355740087964470e+00,7.660646080329504282e-02,-2.388280316795472480e-01,-4.033727632495833458e-03,-6.696094518014861219e-02,3.721265453293964159e-02,6.223921493292120140e-03,2.895522222219990005e-03,-9.464524982249109541e-01
1.655999999999999872e+01,1.000000000000000000e+00,-1.610678580414561356e+00,2.547859889644806253e-01,2.632902014361154563e+00,7.652562574368414194e-02,-2.402236930385378555e-01,-4.049709797439000544e-03,-6.683617748746387144e-02,3.727058859646088795e-02,6.252773562163988635e-03,2.897858910406958706e-03,-9.522013795014949711e-01
1.657999999999999829e+01,1.000000000000000000e+00,-1.612014051508365853e+00,2.555319804564147312e-01,2.631441043476574482e+00,7.644447514531602095e-02,-2.416148633659037370e-01,-4.065281875096334388e-03,-6.671083720125062233e-02,3.732856788240174889e-02,6.281181092753890770e-03,2.900044555467894396e-03,-9.579356748582804615e-01
1.660000000000000142e+01,1.000000000000000000e+00,-1.613347010144500659e+00,2.562791319611544272e-01,2.629972874495370760e+00,7.636301718787438797e-02,-2.430014859411772921e-01,-4.080446074122165596e-03,-6.658493319747764427e-02,3.738658937537682470e-02,6.309145564750802057e-03,2.902079705113924830e-03,-9.636551385095089017e-01
1.662000000000000099e+01,1.000000000000000000e+00,-1.614677445137129741e+00,2.570274442927779623e-01,2.628497554737579289e+00,7.628126000672322271e-02,-2.443835023331292211e-01,-4.095204617822814468e-03,-6.645847432251995868e-02,3.744465007095494624e-02,6.336668457843698879e-03,2.903964907056181231e-03,-9.693595166442797728e-01
1.664000000000000057e+01,1.000000000000000000e+00,-1.616005345477045774e+00,2.577769182053843977e-01,2.627015131789282698e+00,7.619921169261437144e-02,-2.457608524186367382e-01,-4.109559744077486733e-03,-6.633146939315870405e-02,3.750274697565912640e-02,6.363751251721558484e-03,2.905700709005787884e-03,-9.750485474773988859e-01
1.666000000000000014e+01,1.000000000000000000e+00,-1.617330700331081061e+00,2.585275543933125975e-01,2.625525653509663826e+00,7.611688029139712652e-02,-2.471334744016353002e-01,-4.123513705258228211e-03,-6.620392719658124703e-02,3.756087710696662252e-02,6.390395426073352918e-03,2.907287658673873409e-03,-9.807219613008907322e-01
1.667999999999999972e+01,1.000000000000000000e+00,-1.618653499041517785e+00,2.592793534913607756e-01,2.624029168037959270e+00,7.603427380372915212e-02,-2.485013048321661755e-01,-4.137068768148876793e-03,-6.607585649038133502e-02,3.761903749330895025e-02,6.416602460588065500e-03,2.908726303771569030e-03,-9.863794805362473550e-01
1.669999999999999929e+01,1.000000000000000000e+00,-1.619973731125492478e+00,2.600323160750053764e-01,2.622525723800305020e+00,7.595140018478886701e-02,-2.498642786255228787e-01,-4.150227213862857367e-03,-6.594726600255873539e-02,3.767722517407176563e-02,6.442373834954668275e-03,2.910017192009999466e-03,-9.920208197874549327e-01
1.671999999999999886e+01,1.000000000000000000e+00,-1.621291386274404944e+00,2.607864426606196773e-01,2.621015369516480842e+00,7.586826734398988137e-02,-2.512223290815035481e-01,-4.162991337759832690e-03,-6.581816443151952689e-02,3.773543719959501080e-02,6.467711028862135891e-03,2.911160871100291602e-03,-9.976456858948504758e-01
1.673999999999999844e+01,1.000000000000000000e+00,-1.622606454353330285e+00,2.615417337056937797e-01,2.619498154206546303e+00,7.578488314469690457e-02,-2.525753879037767602e-01,-4.175363449361078373e-03,-6.568856044607604416e-02,3.779367063117286540e-02,6.492615521999449066e-03,2.912157888753577530e-03,-1.003253777989863593e+00
1.676000000000000156e+01,1.000000000000000000e+00,-1.623918925400420488e+00,2.622981896090529341e-01,2.617974127197375989e+00,7.570125540394322117e-02,-2.539233852193646390e-01,-4.187345872263508254e-03,-6.555846268544676669e-02,3.785192254105365639e-02,6.517088794055579844e-03,2.913008792680982402e-03,-1.008844787550691846e+00
1.678000000000000114e+01,1.000000000000000000e+00,-1.625228789626317338e+00,2.630558107110768096e-01,2.616443338129079699e+00,7.561739189215019308e-02,-2.552662495982513935e-01,-4.198940944052290299e-03,-6.542787975925641597e-02,3.791019001244000375e-02,6.541132324719506341e-03,2.913714130593634839e-03,-1.014418398458961645e+00
1.680000000000000071e+01,1.000000000000000000e+00,-1.626536037413560232e+00,2.638145972939190953e-01,2.614905836961327612e+00,7.553330033284838541e-02,-2.566039080731183919e-01,-4.210151016211979326e-03,-6.529682024753599712e-02,3.796847013948871641e-02,6.564747593680205807e-03,2.914274450202661727e-03,-1.019974287057413331e+00
1.682000000000000028e+01,1.000000000000000000e+00,-1.627840659315991978e+00,2.645745495817257709e-01,2.613361673979557320e+00,7.544898840240035764e-02,-2.579362861592160439e-01,-4.220978454036058980e-03,-6.516529270072266011e-02,3.802676002731083388e-02,6.587936080626652889e-03,2.914690299219192988e-03,-1.025512122208676935e+00
1.683999999999999986e+01,1.000000000000000000e+00,-1.629142646058167498e+00,2.653356677408546527e-01,2.611810899801077390e+00,7.536446372972545327e-02,-2.592633078743722952e-01,-4.231425636534879089e-03,-6.503330563965975530e-02,3.808505679197159849e-02,6.610699265247823100e-03,2.914962225354355077e-03,-1.031031565355164492e+00
1.685999999999999943e+01,1.000000000000000000e+00,-1.630441988534764741e+00,2.660979518800946630e-01,2.610253565381062124e+00,7.527973389602657384e-02,-2.605848957591421766e-01,-4.241494956341856568e-03,-6.490086755559698606e-02,3.814335756049053172e-02,6.633038627232694558e-03,2.915090776319276614e-03,-1.036532270580130977e+00
1.687999999999999901e+01,1.000000000000000000e+00,-1.631738677809989158e+00,2.668614020508842111e-01,2.608689722018434409e+00,7.519480643451834090e-02,-2.619009708971081207e-01,-4.251188819617907760e-03,-6.476798691019013121e-02,3.820165947084132319e-02,6.654955646270244510e-03,2.915076499825086653e-03,-1.042013884669964030e+00
1.689999999999999858e+01,1.000000000000000000e+00,-1.633032705116983285e+00,2.676260182475307947e-01,2.607119421361640654e+00,7.510968883015774200e-02,-2.632114529353251076e-01,-4.260509645954016836e-03,-6.463467213550122548e-02,3.825995967195187919e-02,6.676451802049443267e-03,2.914919943582909914e-03,-1.047476047177712921e+00
1.692000000000000171e+01,1.000000000000000000e+00,-1.634324061857236110e+00,2.683918004074306030e-01,2.605542715414311594e+00,7.502438851937653919e-02,-2.645162601049217410e-01,-4.269459868271903782e-03,-6.450093163399858720e-02,3.831825532370437826e-02,6.697528574259273282e-03,2.914621655303878487e-03,-1.052918390487931788e+00
1.694000000000000128e+01,1.000000000000000000e+00,-1.635612739599990650e+00,2.691587484112864526e-01,2.603959656540812517e+00,7.493891288981557874e-02,-2.658153092418565899e-01,-4.278041932722686201e-03,-6.436677377855673510e-02,3.837654359693520867e-02,6.718187442588710936e-03,2.914182182699117957e-03,-1.058340539882856035e+00
1.696000000000000085e+01,1.000000000000000000e+00,-1.636898730081647102e+00,2.699268620833273902e-01,2.602370297471680249e+00,7.485326928006114100e-02,-2.671085158078330135e-01,-4.286258298583481112e-03,-6.423220691245631886e-02,3.843482167343491296e-02,6.738429886726725673e-03,2.913602073479754778e-03,-1.063742113609965845e+00
1.698000000000000043e+01,1.000000000000000000e+00,-1.638182025205182191e+00,2.706961411915281834e-01,2.600774691308946895e+00,7.476746497938371872e-02,-2.683957939113743585e-01,-4.294111438151915552e-03,-6.409723934938434120e-02,3.849308674594836832e-02,6.758257386362301680e-03,2.912881875356921040e-03,-1.069122722950963222e+00
1.700000000000000000e+01,1.000000000000000000e+00,-1.639462617039544323e+00,2.714665854478277018e-01,2.599172891531346341e+00,7.468150722747847470e-02,-2.696770563290611378e-01,-4.301603836638405454e-03,-6.396187937343393581e-02,3.855133601817457845e-02,6.777671421184411002e-03,2.912022136041741462e-03,-1.074481972292205878e+00
1.701999999999999957e+01,1.000000000000000000e+00,-1.640740497819070054e+00,2.722381945083484633e-01,2.597564951999409733e+00,7.459540321420810027e-02,-2.709522145269344651e-01,-4.308737992056221877e-03,-6.382613523910443676e-02,3.860956670476681923e-02,6.796673470882028285e-03,2.911023403245344230e-03,-1.079819459196642129e+00
1.703999999999999915e+01,1.000000000000000000e+00,-1.642015659942891670e+00,2.730109679736157369e-01,2.595950926960439720e+00,7.450916007934808849e-02,-2.722211786820613044e-01,-4.315516415109237058e-03,-6.369001517130154499e-02,3.866777603133259023e-02,6.815265015144134249e-03,2.909886224678857967e-03,-1.085134774477258812e+00
1.705999999999999872e+01,1.000000000000000000e+00,-1.643288095974341223e+00,2.737849053887763673e-01,2.594330871053369680e+00,7.442278491233375592e-02,-2.734838577042705277e-01,-4.321941629077267859e-03,-6.355352736533700919e-02,3.872596123443360072e-02,6.833447533659704407e-03,2.908611148053412594e-03,-1.090427502272109939e+00
1.707999999999999829e+01,1.000000000000000000e+00,-1.644557798640361446e+00,2.745600062438176003e-01,2.592704839313505705e+00,7.433628475201004004e-02,-2.747401592580522856e-01,-4.328016169699026167e-03,-6.341667998692886166e-02,3.878411956158573509e-02,6.851222506117710803e-03,2.907198721080132397e-03,-1.095697220120922522e+00
1.710000000000000142e+01,1.000000000000000000e+00,-1.645824760830915778e+00,2.753362699737874064e-01,2.591072887177146455e+00,7.424966658638362804e-02,-2.759899897846261885e-01,-4.333742585052548744e-03,-6.327948117220141833e-02,3.884224827125921931e-02,6.868591412207133290e-03,2.905649491470148164e-03,-1.100943499043334883e+00
1.712000000000000099e+01,1.000000000000000000e+00,-1.647088975598391736e+00,2.761136959590119733e-01,2.589435070486084900e+00,7.416293735237713958e-02,-2.772332545241779633e-01,-4.339123435433085707e-03,-6.314193902768512612e-02,3.890034463287838501e-02,6.885555731616949116e-03,2.903964006934587651e-03,-1.106165903618793411e+00
1.714000000000000057e+01,1.000000000000000000e+00,-1.648350436157010490e+00,2.768922835253154746e-01,2.587791445491987918e+00,7.407610393558619610e-02,-2.784698575382614782e-01,-4.344161293228367832e-03,-6.300406163031667395e-02,3.895840592682182912e-02,6.902116944036128590e-03,2.902142815184575574e-03,-1.111363992068124862e+00
1.716000000000000014e+01,1.000000000000000000e+00,-1.649609135882240452e+00,2.776720319442400609e-01,2.586142068860656007e+00,7.398917317003884941e-02,-2.796997017323684109e-01,-4.348858742791239691e-03,-6.286585702743902049e-02,3.901642944442240690e-02,6.918276529153655902e-03,2.900186463931244459e-03,-1.116537316336823737e+00
1.717999999999999972e+01,1.000000000000000000e+00,-1.650865068310196859e+00,2.784529404332630742e-01,2.584486997676156861e+00,7.390215183795745268e-02,-2.809226888786642840e-01,-4.353218380309540649e-03,-6.272733323680128315e-02,3.907441248796714173e-02,6.934035966658501360e-03,2.898095500885720759e-03,-1.121685422180077163e+00
1.719999999999999929e+01,1.000000000000000000e+00,-1.652118227137054696e+00,2.792350081560174280e-01,2.582826289444835499e+00,7.381504666952337645e-02,-2.821387196388878693e-01,-4.357242813673248456e-03,-6.258849824655882133e-02,3.913235237069728756e-02,6.949396736239642214e-03,2.895870473759128757e-03,-1.126807849249544802e+00
1.721999999999999886e+01,1.000000000000000000e+00,-1.653368606218459158e+00,2.800182342225110976e-01,2.581160002099203599e+00,7.372786434264438915e-02,-2.833476935874153502e-01,-4.360934662338768371e-03,-6.244936001527327113e-02,3.919024641680837057e-02,6.964360317586058315e-03,2.893511930262602713e-03,-1.131904131181925788e+00
1.724000000000000199e+01,1.000000000000000000e+00,-1.654616199568925694e+00,2.808026176893443915e-01,2.579488194001696044e+00,7.364061148272445234e-02,-2.845495092344863530e-01,-4.364296557190387726e-03,-6.230992647191237188e-02,3.924809196145007811e-02,6.978928190386720840e-03,2.891020418107265177e-03,-1.136973795689333988e+00
1.726000000000000156e+01,1.000000000000000000e+00,-1.655861001361256468e+00,2.815881575599307740e-01,2.577810923948307131e+00,7.355329466243686054e-02,-2.857440640495877426e-01,-4.367331140398785817e-03,-6.217020551585017429e-02,3.930588635072633508e-02,6.993101834330606170e-03,2.888396485004246506e-03,-1.142016364651485150e+00
1.728000000000000114e+01,1.000000000000000000e+00,-1.657103005925946393e+00,2.823748527847155798e-01,2.576128251172093098e+00,7.346592040149980962e-02,-2.869312544849977886e-01,-4.370041065276593015e-03,-6.203020501686693638e-02,3.936362694169533855e-02,7.006882729106696760e-03,2.885640678664676186e-03,-1.147031354209740117e+00
1.730000000000000071e+01,1.000000000000000000e+00,-1.658342207750587161e+00,2.831627022613942835e-01,2.574440235346552530e+00,7.337849516645504611e-02,-2.881109759994828767e-01,-4.372428996130924526e-03,-6.188993281514910960e-02,3.942131110236943292e-02,7.020272354403964653e-03,2.882753546799679805e-03,-1.152018274862996128e+00
1.732000000000000028e+01,1.000000000000000000e+00,-1.659578601479278381e+00,2.839517048351324346e-01,2.572746936588870881e+00,7.329102537044944465e-02,-2.892831230821494293e-01,-4.374497608112874920e-03,-6.174939672128938739e-02,3.947893621171523482e-02,7.033272189911386231e-03,2.879735637120385550e-03,-1.156976631565463265e+00
1.733999999999999986e+01,1.000000000000000000e+00,-1.660812181912037166e+00,2.847418592987843167e-01,2.571048415463035752e+00,7.320351737301972195e-02,-2.904475892764421530e-01,-4.376249587063899688e-03,-6.160860451628664275e-02,3.953649965965354979e-02,7.045883715317933539e-03,2.876587497337921608e-03,-1.161905923826316078e+00
1.735999999999999943e+01,1.000000000000000000e+00,-1.662042944004204825e+00,2.855331643931126040e-01,2.569344732982825619e+00,7.311597747988021756e-02,-2.916042672042912787e-01,-4.377687629359086445e-03,-6.146756395154606700e-02,3.959399884705946254e-02,7.058108410312589898e-03,2.873309675163417034e-03,-1.166805645811255676e+00
1.737999999999999901e+01,1.000000000000000000e+00,-1.663270882865852895e+00,2.863256188070062991e-01,2.567635950614656881e+00,7.302841194271370018e-02,-2.927530485904011881e-01,-4.378814441747209095e-03,-6.132628274887897551e-02,3.965143118576222592e-02,7.069947754584329953e-03,2.869902718307998282e-03,-1.171675286445976294e+00
1.739999999999999858e+01,1.000000000000000000e+00,-1.664495993761194503e+00,2.871192211777011116e-01,2.565922130280306579e+00,7.294082695896554613e-02,-2.938938242866787065e-01,-4.379632741187600500e-03,-6.118476860050291177e-02,3.970879409854531639e-02,7.081403227822124016e-03,2.866367174482793538e-03,-1.176514329521553437e+00
1.742000000000000171e+01,1.000000000000000000e+00,-1.665718272107992615e+00,2.879139700909977839e-01,2.564203334359495212e+00,7.285322867164133187e-02,-2.950264842967955103e-01,-4.380145254683772554e-03,-6.104302916904170984e-02,3.976608501914646876e-02,7.092476309714957142e-03,2.862703591398932292e-03,-1.181322253801751598e+00
1.744000000000000128e+01,1.000000000000000000e+00,-1.666937713476963179e+00,2.887098640814813044e-01,2.562479625692334118e+00,7.276562316910746564e-02,-2.961509178008830401e-01,-4.380354719113728132e-03,-6.090107208752536250e-02,3.982330139225762761e-02,7.103168479951802242e-03,2.858912516767540997e-03,-1.186098533132269095e+00
1.746000000000000085e+01,1.000000000000000000e+00,-1.668154313591189153e+00,2.895069016327399547e-01,2.560751067581640505e+00,7.267801648489548294e-02,-2.972670131803535343e-01,-4.380263881056978802e-03,-6.075890495939008373e-02,3.988044067352493338e-02,7.113481218221633096e-03,2.854994498299748273e-03,-1.190842636551915579e+00
1.748000000000000043e+01,1.000000000000000000e+00,-1.669368068325526755e+00,2.903050811775849116e-01,2.559017723795112165e+00,7.259041459750981140e-02,-2.983746580428426887e-01,-4.379875496618221460e-03,-6.061653535847835728e-02,3.993750032954877793e-02,7.123416004213424350e-03,2.850950083706681876e-03,-1.195554028405721780e+00
1.750000000000000000e+01,1.000000000000000000e+00,-1.670578973706011716e+00,2.911044010982683505e-01,2.557279658567365832e+00,7.250282343023901899e-02,-2.994737392472704984e-01,-4.379192331247620980e-03,-6.047397082903882559e-02,3.999447783788377675e-02,7.132974317616159327e-03,2.846779820699469991e-03,-1.200232168459990367e+00
1.751999999999999957e+01,1.000000000000000000e+00,-1.671787025909268642e+00,2.919048597267031586e-01,2.555536936601834341e+00,7.241524885097068431e-02,-3.005641429290142330e-01,-4.378217159557694534e-03,-6.033121888572637315e-02,4.005137068703873426e-02,7.142157638118809201e-03,2.842484256989239941e-03,-1.204876512019277701e+00
1.753999999999999915e+01,1.000000000000000000e+00,-1.672992221261921264e+00,2.927064553446826478e-01,2.553789623072529213e+00,7.232769667201019437e-02,-3.016457545251871042e-01,-4.376952765136777647e-03,-6.018828701360214029e-02,4.010817637647673406e-02,7.150967445410350357e-03,2.838063940287119911e-03,-1.209486510045301388e+00
1.755999999999999872e+01,1.000000000000000000e+00,-1.674194556239997578e+00,2.935091861840979921e-01,2.552037783625657585e+00,7.224017264990285903e-02,-3.027184588000225163e-01,-4.375401940359044221e-03,-6.004518266813344690e-02,4.016489241661502785e-02,7.159405219179760908e-03,2.833519418304239392e-03,-1.214061609277787168e+00
1.757999999999999829e+01,1.000000000000000000e+00,-1.675394027468336988e+00,2.943130504271585512e-01,2.550281484381100139e+00,7.215268248526028605e-02,-3.037821398703508535e-01,-4.373567486191038897e-03,-5.990191327519382714e-02,4.022151632882510486e-02,7.167472439116016371e-03,2.828851238751723101e-03,-1.218601252357217168e+00
1.760000000000000142e+01,1.000000000000000000e+00,-1.676590631720003888e+00,2.951180462066110843e-01,2.548520791933748253e+00,7.206523182259054472e-02,-3.048366812311684715e-01,-4.371452211994723488e-03,-5.975848623106309182e-02,4.027804564543269877e-02,7.175170584908091391e-03,2.824059949340701394e-03,-1.223104877949494185e+00
1.762000000000000099e+01,1.000000000000000000e+00,-1.677784365915689468e+00,2.959241716059579641e-01,2.546755773354698160e+00,7.197782625013209035e-02,-3.058819657812932302e-01,-4.369058935327032288e-03,-5.961490890242721052e-02,4.033447790971775304e-02,7.182501136244964952e-03,2.819146097782302893e-03,-1.227571920872509326e+00
1.764000000000000057e+01,1.000000000000000000e+00,-1.678975227123124192e+00,2.967314246596767791e-01,2.544986496192298553e+00,7.189047129969199090e-02,-3.069178758490956893e-01,-4.366390481735883330e-03,-5.947118862637838094e-02,4.039081067591440699e-02,7.189465572815607365e-03,2.814110231787652749e-03,-1.232001812224583048e+00
1.766000000000000014e+01,1.000000000000000000e+00,-1.680163212556485153e+00,2.975398033534394915e-01,2.543213028473059634e+00,7.180317244648828923e-02,-3.079442932183054094e-01,-4.363449684552674242e-03,-5.932733271041510520e-02,4.044704150921108604e-02,7.196065374309003684e-03,2.808952899067882186e-03,-1.236393979514782471e+00
1.767999999999999972e+01,1.000000000000000000e+00,-1.681348319575800776e+00,2.983493056243311514e-01,2.541435438702413396e+00,7.171593510899613999e-02,-3.089610991538841445e-01,-4.360239384681208023e-03,-5.918334843244196786e-02,4.050316798575036986e-02,7.202302020414125087e-03,2.803674647334117656e-03,-1.240747846795099862e+00
1.769999999999999929e+01,1.000000000000000000e+00,-1.682530545686364176e+00,2.991599293610692212e-01,2.539653795865329577e+00,7.162876464879877614e-02,-3.099681744279570994e-01,-4.356762430383081738e-03,-5.903924304076985097e-02,4.055918769262908952e-02,7.208176990819947956e-03,2.798276024297486481e-03,-1.245062834794450790e+00
1.771999999999999886e+01,1.000000000000000000e+00,-1.683709888538138300e+00,2.999716724042231220e-01,2.537868169426786835e+00,7.154166637044251376e-02,-3.109653993457979215e-01,-4.353021677059507738e-03,-5.889502375411589941e-02,4.061509822789832053e-02,7.213691765215446937e-03,2.792757577669116847e-03,-1.249338361054494806e+00
1.774000000000000199e+01,1.000000000000000000e+00,-1.684886345925163509e+00,3.007845325464321151e-01,2.536078629332097378e+00,7.145464552129596192e-02,-3.119526537718646519e-01,-4.349019987029571765e-03,-5.875069776160339596e-02,4.067089720056332736e-02,7.218847823289605350e-03,2.787119855160138677e-03,-1.253573840067260692e+00
1.776000000000000156e+01,1.000000000000000000e+00,-1.686059915784966723e+00,3.015985075326255704e-01,2.534285246007082826e+00,7.136770729141406200e-02,-3.129298171558706487e-01,-4.344760229304901050e-03,-5.860627222276186543e-02,4.072658223058359117e-02,7.223646644731389170e-03,2.781363404481676255e-03,-1.257768683414519861e+00
1.778000000000000114e+01,1.000000000000000000e+00,-1.687230596197971444e+00,3.024135950602415135e-01,2.532488090358104849e+00,7.128085681340659563e-02,-3.138967685588917034e-01,-4.340245279360795301e-03,-5.846175426752708848e-02,4.078215094887287229e-02,7.228089709229781716e-03,2.775488773344860372e-03,-1.261922299908914802e+00
1.780000000000000071e+01,1.000000000000000000e+00,-1.688398385386901124e+00,3.032297927794456727e-01,2.530687233771947930e+00,7.119409916231106417e-02,-3.148533866795000247e-01,-4.335478018903762484e-03,-5.831715099624105308e-02,4.083760099729908527e-02,7.232178496473760237e-03,2.769496509460819215e-03,-1.266034095736802367e+00
1.782000000000000028e+01,1.000000000000000000e+00,-1.689563281716192522e+00,3.040470982933508592e-01,2.528882748115550694e+00,7.110743935547049477e-02,-3.157995498799165413e-01,-4.330461335635494950e-03,-5.817246947965191983e-02,4.089293002868440996e-02,7.235914486152295044e-03,2.763387160540679236e-03,-1.270103474602777727e+00
1.783999999999999986e+01,1.000000000000000000e+00,-1.690725283691399072e+00,3.048655091582353482e-01,2.527074705735593341e+00,7.102088235241586778e-02,-3.167351362121776925e-01,-4.325198123013313661e-03,-5.802771675891410519e-02,4.094813570680519432e-02,7.239299157954365987e-03,2.757161274295568624e-03,-1.274129837875860538e+00
1.785999999999999943e+01,1.000000000000000000e+00,-1.691884389958604684e+00,3.056850228837635908e-01,2.525263179457933216e+00,7.093443305475366500e-02,-3.176600234443033299e-01,-4.319691280007017208e-03,-5.788289984558831619e-02,4.100321570639212099e-02,7.242333991568948581e-03,2.750819398436615999e-03,-1.278112584737280510e+00
1.787999999999999901e+01,1.000000000000000000e+00,-1.693040599303825777e+00,3.065056369332031516e-01,2.523448242586890267e+00,7.084809630605772013e-02,-3.185740890864699471e-01,-4.313943710852237955e-03,-5.773802572164137004e-02,4.105816771312999214e-02,7.245020466685020075e-03,2.744362080674949550e-03,-1.282051112329880116e+00
1.789999999999999858e+01,1.000000000000000000e+00,-1.694193910652421753e+00,3.073273487236449220e-01,2.521629968904385510e+00,7.076187689176660633e-02,-3.194772104171682559e-01,-4.307958324800242877e-03,-5.759310133944631205e-02,4.111298942365783360e-02,7.247360062991551645e-03,2.737789868721694862e-03,-1.285944815909034089e+00
1.792000000000000171e+01,1.000000000000000000e+00,-1.695344323068506798e+00,3.081501556262228325e-01,2.519808432668928511e+00,7.067577953908593669e-02,-3.203692645093480507e-01,-4.301738035864244997e-03,-5.744813362178249894e-02,4.116767854556898504e-02,7.249354260177530949e-03,2.731103310287984025e-03,-1.289793088995093262e+00
1.794000000000000128e+01,1.000000000000000000e+00,-1.696491835754351696e+00,3.089740549663316793e-01,2.517983708614454308e+00,7.058980891689543846e-02,-3.212501282565396465e-01,-4.295285762562204603e-03,-5.730312946183542533e-02,4.122223279741091262e-02,7.251004537931922227e-03,2.724302953084942625e-03,-1.293595323527293228e+00
1.796000000000000085e+01,1.000000000000000000e+00,-1.697636448049794966e+00,3.097990440238463927e-01,2.516155871949012468e+00,7.050396963566167574e-02,-3.221196783989430101e-01,-4.288604427656184451e-03,-5.715809572319682785e-02,4.127664990868532002e-02,7.252312375943705328e-03,2.717389344823697116e-03,-1.297350910019083425e+00
1.798000000000000043e+01,1.000000000000000000e+00,-1.698778159431654444e+00,3.106251200333424167e-01,2.514324998353302032e+00,7.041826624735574025e-02,-3.229777915494811413e-01,-4.281696957888225970e-03,-5.701303923986468514e-02,4.133092761984820396e-02,7.253279253901860103e-03,2.710363033215377852e-03,-1.301059237714842221e+00
1.800000000000000000e+01,1.000000000000000000e+00,-1.699916969513128429e+00,3.114522801843133126e-01,2.512491163979060804e+00,7.033270324537632678e-02,-3.238243442198053268e-01,-4.274566283712829748e-03,-5.686796681624320393e-02,4.138506368230971538e-02,7.253906651495362068e-03,2.703224565971113023e-03,-1.304719694747916270e+00
1.801999999999999957e+01,1.000000000000000000e+00,-1.701052878043207039e+00,3.122805216213900836e-01,2.510654445447301875e+00,7.024728506447802667e-02,-3.246592128462522098e-01,-4.267215339026019481e-03,-5.672288522714272196e-02,4.143905585843421502e-02,7.254196048413178929e-03,2.695974490802027779e-03,-1.308331668299961059e+00
1.803999999999999915e+01,1.000000000000000000e+00,-1.702185884906084912e+00,3.131098414445613320e-01,2.508814919846400038e+00,7.016201608070556095e-02,-3.254822738157359119e-01,-4.259647060891065713e-03,-5.657780121777991611e-02,4.149290192154035661e-02,7.254148924344298345e-03,2.688613355419253344e-03,-1.311894544761496251e+00
1.805999999999999872e+01,1.000000000000000000e+00,-1.703315990120561452e+00,3.139402367093911406e-01,2.506972664730030331e+00,7.007690061133294013e-02,-3.262934034915772052e-01,-4.251864389260834667e-03,-5.643272150377760810e-02,4.154659965590097592e-02,7.253766758977694094e-03,2.681141707533917038e-03,-1.315407709893661625e+00
1.807999999999999829e+01,1.000000000000000000e+00,-1.704443193839451753e+00,3.147717044272381748e-01,2.505127758114952918e+00,6.999194291480852204e-02,-3.270924782392563568e-01,-4.243870266696876670e-03,-5.628765277116484778e-02,4.160014685674309765e-02,7.253051032002332150e-03,2.673560094857143146e-03,-1.318870548991094349e+00
1.810000000000000142e+01,1.000000000000000000e+00,-1.705567496348999734e+00,3.156042415654761180e-01,2.503280278478652754e+00,6.990714719070582894e-02,-3.278793744520859255e-01,-4.235667638085244616e-03,-5.614260167637697557e-02,4.165354133024805339e-02,7.252003223107205375e-03,2.665869065100065494e-03,-1.322282447045888043e+00
1.812000000000000099e+01,1.000000000000000000e+00,-1.706688898068278615e+00,3.164378450477111082e-01,2.501430304756826484e+00,6.982251757967969374e-02,-3.286539685767939645e-01,-4.227259450349057229e-03,-5.599757484625544901e-02,4.170678089355132206e-02,7.250624811981278006e-03,2.658069165973807931e-03,-1.325642788912563708e+00
1.814000000000000057e+01,1.000000000000000000e+00,-1.707807399548602056e+00,3.172725117540015627e-01,2.499577916340722350e+00,6.973805816342854014e-02,-3.294161371390129101e-01,-4.218648652157929411e-03,-5.585257887804799537e-02,4.175986337474260623e-02,7.248917278313527293e-03,2.650160945189499080e-03,-1.328950959474010318e+00
1.816000000000000014e+01,1.000000000000000000e+00,-1.708923001472937075e+00,3.181082385210777241e-01,2.497723193074329995e+00,6.965377296466250534e-02,-3.301657567686637207e-01,-4.209838193634227177e-03,-5.570762033940858393e-02,4.181278661286592230e-02,7.246882101792934822e-03,2.642144950458267996e-03,-1.332206343808312932e+00
1.817999999999999972e+01,1.000000000000000000e+00,-1.710035704655303190e+00,3.189450221425600973e-01,2.495866215251423270e+00,6.956966594707708618e-02,-3.309027042252346007e-01,-4.200831026056256468e-03,-5.556270576839739128e-02,4.186554845791939927e-02,7.244520762108472636e-03,2.634021729491242865e-03,-1.335408327356439218e+00
1.819999999999999929e+01,1.000000000000000000e+00,-1.711145510040186890e+00,3.197828593691780519e-01,2.494007063612454722e+00,6.948574101533316894e-02,-3.316268564229389870e-01,-4.191630101558387576e-03,-5.541784167348073886e-02,4.191814677085539675e-02,7.241834738949117119e-03,2.625791829999549274e-03,-1.338556296090684272e+00
1.821999999999999886e+01,1.000000000000000000e+00,-1.712252418701948553e+00,3.206217469089903127e-01,2.492145819341301305e+00,6.940200201504301281e-02,-3.323380904557534654e-01,-4.182238372828219267e-03,-5.527303453353132889e-02,4.197057942358060206e-02,7.238825512003847253e-03,2.617455799694317145e-03,-1.341649636683838853e+00
1.824000000000000199e+01,1.000000000000000000e+00,-1.713356431844230032e+00,3.214616814276031742e-01,2.490282564061865767e+00,6.931845273276202035e-02,-3.330362836223258460e-01,-4.172658792800762635e-03,-5.512829079782791825e-02,4.202284429895583595e-02,7.235494560961638552e-03,2.609014186286675967e-03,-1.344687736679004875e+00
1.826000000000000156e+01,1.000000000000000000e+00,-1.714457550799360908e+00,3.223026595483892143e-01,2.488417379834532372e+00,6.923509689598703054e-02,-3.337213134507446832e-01,-4.162894314349796510e-03,-5.498361688605556130e-02,4.207493929079612199e-02,7.231843365511460460e-03,2.600467537487749156e-03,-1.347669984659980669e+00
1.828000000000000114e+01,1.000000000000000000e+00,-1.715555777027771400e+00,3.231446778527074515e-01,2.486550349152472972e+00,6.915193817316066249e-02,-3.343930577231698509e-01,-4.152947889976367490e-03,-5.483901918830556832e-02,4.212686230387079067e-02,7.227873405342300633e-03,2.591816401008668370e-03,-1.350595770422172270e+00
1.830000000000000071e+01,1.000000000000000000e+00,-1.716651112117397293e+00,3.239877328801214484e-01,2.484681554937813175e+00,6.906898017368184872e-02,-3.350513945003105176e-01,-4.142822471494513568e-03,-5.469450406507542911e-02,4.217861125390336141e-02,7.223586160143126780e-03,2.583061324560561364e-03,-1.353464485143933915e+00
1.832000000000000028e+01,1.000000000000000000e+00,-1.717743557783084185e+00,3.248318211286187474e-01,2.482811080537653314e+00,6.898622644792259950e-02,-3.356962021457521317e-01,-4.132521009714345758e-03,-5.455007784726878528e-02,4.223018406757150789e-02,7.218983109602917884e-03,2.574202855854554588e-03,-1.356275521558294006e+00
1.833999999999999986e+01,1.000000000000000000e+00,-1.718833115866005290e+00,3.256769390548302501e-01,2.480939009719944188e+00,6.890368048725163674e-02,-3.363273593501163727e-01,-4.122046454122432237e-03,-5.440574683619565227e-02,4.228157868250721763e-02,7.214065733410648593e-03,2.565241542601776666e-03,-1.359028274124958413e+00
1.835999999999999943e+01,1.000000000000000000e+00,-1.719919788333061694e+00,3.265230830742489876e-01,2.479065426669223360e+00,6.882134572406374551e-02,-3.369447451550602324e-01,-4.111401752559663662e-03,-5.426151730357212100e-02,4.233279304729667403e-02,7.208835511255302225e-03,2.556177932513355785e-03,-1.361722139202564463e+00
1.837999999999999901e+01,1.000000000000000000e+00,-1.721003577276291496e+00,3.273702495614489449e-01,2.477190415982210681e+00,6.873922553181606443e-02,-3.375482389770972369e-01,-4.100589850896588402e-03,-5.411739549152058681e-02,4.238382512148024250e-02,7.203293922825843021e-03,2.547012573300418397e-03,-1.364356515221069044e+00
1.839999999999999858e+01,1.000000000000000000e+00,-1.722084484912282942e+00,3.282184348503049409e-01,2.475314062663260373e+00,6.865732322507078766e-02,-3.381377206312432548e-01,-4.089613692706361645e-03,-5.397338761256964546e-02,4.243467287555258843e-02,7.197442447811258637e-03,2.537746012674095292e-03,-1.366930802854223748e+00
1.842000000000000171e+01,1.000000000000000000e+00,-1.723162513581575350e+00,3.290676352342109534e-01,2.473436452119678552e+00,6.857564205954437553e-02,-3.387130703544754540e-01,-4.078476218935301462e-03,-5.382949984965412771e-02,4.248533429096254532e-02,7.191282565900521985e-03,2.528378798345513791e-03,-1.369444405192041359e+00
1.844000000000000128e+01,1.000000000000000000e+00,-1.724237665748071580e+00,3.299178469662992774e-01,2.471557670156899089e+00,6.849418523216325994e-02,-3.392741688290049629e-01,-4.067180367571201875e-03,-5.368573835611499534e-02,4.253580736011314256e-02,7.184815756782600774e-03,2.518911478025799913e-03,-1.371896727913199943e+00
1.846000000000000085e+01,1.000000000000000000e+00,-1.725309943998446949e+00,3.307690662596602937e-01,2.469677802973526237e+00,6.841295588112669690e-02,-3.398208972053508026e-01,-4.055729073309460170e-03,-5.354210925569960478e-02,4.258609008636169563e-02,7.178043500146480925e-03,2.509344599426082279e-03,-1.374287179457273078e+00
1.848000000000000043e+01,1.000000000000000000e+00,-1.726379351041555044e+00,3.316212892875607943e-01,2.467796937156238268e+00,6.833195708597555873e-02,-3.403531371252191962e-01,-4.044125267217040139e-03,-5.339861864256136015e-02,4.263618048401972283e-02,7.170967275681137086e-03,2.499678710257490378e-03,-1.376615171196752918e+00
1.850000000000000000e+01,1.000000000000000000e+00,-1.727445889707834414e+00,3.324745121836630846e-01,2.465915159674559209e+00,6.825119186766857859e-02,-3.408707707441727131e-01,-4.032371876394458612e-03,-5.325527258125994923e-02,4.268607657835294528e-02,7.163588563075543904e-03,2.489914358231149795e-03,-1.378880117608733524e+00
1.851999999999999957e+01,1.000000000000000000e+00,-1.728509562948723488e+00,3.333287310422450300e-01,2.464032557875500462e+00,6.817066318866496499e-02,-3.413736807540940221e-01,-4.020471823635803077e-03,-5.311207710676132954e-02,4.273577640558132162e-02,7.155908842018678627e-03,2.480052091058191320e-03,-1.381081436446222721e+00
1.853999999999999915e+01,1.000000000000000000e+00,-1.729570373836060160e+00,3.341839419184178261e-01,2.462149219478063866e+00,6.809037395301399676e-02,-3.418617504054345946e-01,-4.008428027086876656e-03,-5.296903822443763121e-02,4.278527801287904803e-02,7.147929592199515035e-03,2.470092456449740539e-03,-1.383218548908971668e+00
1.855999999999999872e+01,1.000000000000000000e+00,-1.730628325561493597e+00,3.350401408283456561e-01,2.460265232567623972e+00,6.801032700645120999e-02,-3.423348635292474129e-01,-3.996243399901599699e-03,-5.282616191006715006e-02,4.283457945837447489e-02,7.139652293307031244e-03,2.460036002116925639e-03,-1.385290879813765086e+00
1.857999999999999829e+01,1.000000000000000000e+00,-1.731683421435896486e+00,3.358973237494654596e-01,2.458380685590174419e+00,6.793052513650212065e-02,-3.427929045589911961e-01,-3.983920849896707868e-03,-5.268345410983457655e-02,4.288367881115030117e-02,7.131078425030205371e-03,2.449883275770876976e-03,-1.387297857764046460e+00
1.860000000000000142e+01,1.000000000000000000e+00,-1.732735664888765958e+00,3.367554866207048692e-01,2.456495667346451306e+00,6.785097107259195626e-02,-3.432357585521172982e-01,-3.971463279204868156e-03,-5.254092074033062110e-02,4.293257415124332455e-02,7.122209467058011195e-03,2.439634825122719269e-03,-1.389238915318866452e+00
1.862000000000000099e+01,1.000000000000000000e+00,-1.733785059467634060e+00,3.376146253427014798e-01,2.454610266985933098e+00,6.777166748616306191e-02,-3.436633112114205746e-01,-3.958873583926304784e-03,-5.239856768855227775e-02,4.298126356964458716e-02,7.113046899079423363e-03,2.429291197883582006e-03,-1.391113489161006189e+00
1.864000000000000057e+01,1.000000000000000000e+00,-1.734831608837481554e+00,3.384747357780231169e-01,2.452724574000713975e+00,6.769261699079917594e-02,-3.440754489061564891e-01,-3.946154653779032975e-03,-5.225640081190287278e-02,4.302974516829944501e-02,7.103592200783421726e-03,2.418852941764593808e-03,-1.392921020264220378e+00
1.866000000000000014e+01,1.000000000000000000e+00,-1.735875316780137512e+00,3.393358137513854955e-01,2.450838678219255939e+00,6.761382214235625576e-02,-3.444720586929270190e-01,-3.933309371747770004e-03,-5.211442593819182179e-02,4.307801706010739445e-02,7.093846851858980930e-03,2.408320604476882863e-03,-1.394660954059539604e+00
1.867999999999999972e+01,1.000000000000000000e+00,-1.736916187193690009e+00,3.401978550498716558e-01,2.448952669800024573e+00,6.753528543910083948e-02,-3.448530283363204774e-01,-3.920340613731673578e-03,-5.197264886563477543e-02,4.312607736892214161e-02,7.083812331995073888e-03,2.397694733731574324e-03,-1.396332740600504385e+00
1.869999999999999929e+01,1.000000000000000000e+00,-1.737954224091900590e+00,3.410608554231520650e-01,2.447066639225003559e+00,6.745700932185538790e-02,-3.452182463293108072e-01,-3.907251248190965649e-03,-5.183107536285366801e-02,4.317392422955167175e-02,7.073490120880686523e-03,2.386975877239799412e-03,-1.397935834727279891e+00
1.871999999999999886e+01,1.000000000000000000e+00,-1.738989431603603419e+00,3.419248105837019436e-01,2.445180677293095073e+00,6.737899617415045450e-02,-3.455676019134114596e-01,-3.894044135792542726e-03,-5.168971116887663420e-02,4.322155578775816603e-02,7.062881698204783940e-03,2.376164582712684582e-03,-1.399469696229563853e+00
1.874000000000000199e+01,1.000000000000000000e+00,-1.740021813972116638e+00,3.427897162070217552e-01,2.443294875113403819e+00,6.730124832238405796e-02,-3.459009850985822476e-01,-3.880722129054744399e-03,-5.154856199313796045e-02,4.326897020025800844e-02,7.051988543656348592e-03,2.365261397861357587e-03,-1.400933790008207946e+00
1.876000000000000156e+01,1.000000000000000000e+00,-1.741051375554655944e+00,3.436555679318563095e-01,2.441409324098413158e+00,6.722376803598846540e-02,-3.462182866828805161e-01,-3.867288071991268391e-03,-5.140763351547826543e-02,4.331616563472187598e-02,7.040812136924352524e-03,2.354266870396946616e-03,-1.402327586235443624e+00
1.878000000000000114e+01,1.000000000000000000e+00,-1.742078120821731968e+00,3.445223613604121993e-01,2.439524115957049322e+00,6.714655752760353979e-02,-3.465193982718671184e-01,-3.853744799754467605e-03,-5.126693138614429879e-02,4.336314026977455827e-02,7.029353957697778189e-03,2.343181548030580288e-03,-1.403650560513685974e+00
1.880000000000000071e+01,1.000000000000000000e+00,-1.743102054356567399e+00,3.453900920585791234e-01,2.437639342687635491e+00,6.706961895325773415e-02,-3.468042122977504360e-01,-3.840095138278020945e-03,-5.112646122578904523e-02,4.340989229499515184e-02,7.017615485665595898e-03,2.332005978473385491e-03,-1.404902194032771279e+00
1.882000000000000028e+01,1.000000000000000000e+00,-1.744123180854503907e+00,3.462587555561476571e-01,2.435755096570745071e+00,6.699295441255609385e-02,-3.470726220382776006e-01,-3.826341903919185626e-03,-5.098622862547178003e-02,4.345641991091695605e-02,7.005598200516786368e-03,2.320740709436491713e-03,-1.406081973725592293e+00
1.883999999999999986e+01,1.000000000000000000e+00,-1.745141505122403291e+00,3.471283473470280212e-01,2.433871470161948380e+00,6.691656594887510079e-02,-3.473245216353695319e-01,-3.812487903100668287e-03,-5.084623914665790251e-02,4.350272132902749389e-02,6.993303581940323380e-03,2.309386288631025842e-03,-1.407189392422045326e+00
1.885999999999999943e+01,1.000000000000000000e+00,-1.746157032078065718e+00,3.479988628894704616e-01,2.431988556284458980e+00,6.684045554956523361e-02,-3.475598061134913541e-01,-3.798535931952273619e-03,-5.070649832121909562e-02,4.354879477176848424e-02,6.980733109625181579e-03,2.297943263768116064e-03,-1.408223949001178088e+00
1.887999999999999901e+01,1.000000000000000000e+00,-1.747169766749629982e+00,3.488702976062832417e-01,2.430106448021681853e+00,6.676462514616025856e-02,-3.477783713977679048e-01,-3.784488775952418987e-03,-5.056701165143324267e-02,4.359463847253591817e-02,6.967888263260343419e-03,2.286412182558890567e-03,-1.409185148541507226e+00
1.889999999999999858e+01,1.000000000000000000e+00,-1.748179714274985086e+00,3.497426468850520220e-01,2.428225238709664779e+00,6.668907661459382019e-02,-3.479801143318343448e-01,-3.770349209569627807e-03,-5.042778460998442736e-02,4.364025067567993410e-02,6.954770522534774006e-03,2.274793592714474937e-03,-1.410072502469386979e+00
1.892000000000000171e+01,1.000000000000000000e+00,-1.749186879901178715e+00,3.506159060783591297e-01,2.426345021929454671e+00,6.661381177542340104e-02,-3.481649326954261991e-01,-3.756119995904152152e-03,-5.028882263996298924e-02,4.368562963650499120e-02,6.941381367137460998e-03,2.263088041946001265e-03,-1.410885528705374314e+00
1.894000000000000128e+01,1.000000000000000000e+00,-1.750191268983823489e+00,3.514900705040027717e-01,2.424465891499366865e+00,6.653883239406105377e-02,-3.483327252217074954e-01,-3.741803886329784015e-03,-5.015013115486549600e-02,4.373077362126970291e-02,6.927722276757377305e-03,2.251296077964596003e-03,-1.411623751808511740e+00
1.896000000000000085e+01,1.000000000000000000e+00,-1.751192886986505215e+00,3.523651354452151940e-01,2.422587941467156725e+00,6.646414018101155785e-02,-3.484833916143352806e-01,-3.727403620136008310e-03,-5.001171553859463936e-02,4.377568090718689936e-02,6.913794731083493239e-03,2.239418248481384304e-03,-1.412286703118444953e+00
1.898000000000000043e+01,1.000000000000000000e+00,-1.752191739480194466e+00,3.532410961508831715e-01,2.420711266102115289e+00,6.638973679211788992e-02,-3.486168325642603483e-01,-3.712921924170632486e-03,-4.987358114545950571e-02,4.382034978242367596e-02,6.899600209804792120e-03,2.227455101207498258e-03,-1.412873920895302282e+00
1.900000000000000000e+01,1.000000000000000000e+00,-1.753187832142649949e+00,3.541179478357660004e-01,2.418835959887071230e+00,6.631562382881332762e-02,-3.487329497662685074e-01,-3.698361512482944372e-03,-4.973573330017524996e-02,4.386477854610133786e-02,6.885140192610248594e-03,2.215407183854063884e-03,-1.413384950457280409e+00
1.901999999999999957e+01,1.000000000000000000e+00,-1.754181170757827646e+00,3.549956856807149341e-01,2.416962117510317753e+00,6.624180283838108918e-02,-3.488316459352568955e-01,-3.683725085967589925e-03,-4.959817729786326901e-02,4.390896550829538614e-02,6.870416159188835574e-03,2.203275044132208503e-03,-1.413819344315841331e+00
1.903999999999999915e+01,1.000000000000000000e+00,-1.755171761215294168e+00,3.558743048328923408e-01,2.415089833857460011e+00,6.616827531422113384e-02,-3.489128248222472806e-01,-3.669015332009255021e-03,-4.946091840405126422e-02,4.395290899003556628e-02,6.855429589229531176e-03,2.191059229753060736e-03,-1.414176662308453292e+00
1.906000000000000227e+01,1.000000000000000000e+00,-1.756159609509625907e+00,3.567538004059908063e-01,2.413219204003181684e+00,6.609504269612372085e-02,-3.489763912301424020e-01,-3.654234924128254951e-03,-4.932396185467308181e-02,4.399660732330587520e-02,6.840181962421314384e-03,2.178760288427749204e-03,-1.414456471728834597e+00
1.907999999999999829e+01,1.000000000000000000e+00,-1.757144721739825721e+00,3.576341674804519588e-01,2.411350323202945845e+00,6.602210637055024034e-02,-3.490222510292188551e-01,-3.639386521627199864e-03,-4.918731285606880999e-02,4.404005885104445017e-02,6.824674758453158109e-03,2.166378767867401228e-03,-1.414658347454596621e+00
1.910000000000000142e+01,1.000000000000000000e+00,-1.758127104108725414e+00,3.585154011036857935e-01,2.409483286884616771e+00,6.594946767092121909e-02,-3.490503111723611274e-01,-3.624472769238796035e-03,-4.905097658498475816e-02,4.408326192714372149e-02,6.808909457014040469e-03,2.153915215783145428e-03,-1.414781872072238045e+00
1.912000000000000099e+01,1.000000000000000000e+00,-1.759106762922396650e+00,3.593974962902899972e-01,2.407618190640020917e+00,6.587712787791114022e-02,-3.490604797100392287e-01,-3.609496296774962042e-03,-4.891495818857347078e-02,4.412621491645036392e-02,6.792887537792936976e-03,2.141370179886108692e-03,-1.414826635999429483e+00
1.914000000000000057e+01,1.000000000000000000e+00,-1.760083704589555875e+00,3.602804480222679961e-01,2.405755130216438609e+00,6.580508821975029898e-02,-3.490526658050289721e-01,-3.594459718777335763e-03,-4.877926278439365798e-02,4.416891619476515790e-02,6.776610480478821412e-03,2.128744207887419641e-03,-1.414792237604518554e+00
1.916000000000000014e+01,1.000000000000000000e+00,-1.761057935620980119e+00,3.611642512492498902e-01,2.403894201508035344e+00,6.573334987253388884e-02,-3.490267797468769029e-01,-3.579365634169317904e-03,-4.864389546041034129e-02,4.421136414884324628e-02,6.760079764760673626e-03,2.116037847498206028e-03,-1.414678283323191232e+00
1.917999999999999972e+01,1.000000000000000000e+00,-1.762029462628903698e+00,3.620489008887093907e-01,2.402035500547231361e+00,6.566191396053761009e-02,-3.489827329661149835e-01,-3.564216625909760044e-03,-4.850886127499468015e-02,4.425355717639391229e-02,6.743296870327471736e-03,2.103251646429596909e-03,-1.414484387772249496e+00
1.919999999999999929e+01,1.000000000000000000e+00,-1.762998292326435346e+00,3.629343918261841440e-01,2.400179123496017919e+00,6.559078155654048115e-02,-3.489204380482209267e-01,-3.549015260648419930e-03,-4.837416525692406905e-02,4.429549368608065585e-02,6.726263276868184315e-03,2.090386152392717436e-03,-1.414210173860418696e+00
1.921999999999999886e+01,1.000000000000000000e+00,-1.763964431526963583e+00,3.638207189154950560e-01,2.398325166637217620e+00,6.551995368215457471e-02,-3.488398087473323916e-01,-3.533764088383324533e-03,-4.823981240538219306e-02,4.433717209752122829e-02,6.708980464071794686e-03,2.077441913098698398e-03,-1.413855272896154647e+00
1.924000000000000199e+01,1.000000000000000000e+00,-1.764927887143565188e+00,3.647078769789648400e-01,2.396473726365693224e+00,6.544943130816130439e-02,-3.487407599997136010e-01,-3.518465642120103317e-03,-4.810580768995886825e-02,4.437859084128762538e-02,6.691449911627276627e-03,2.064419476258667115e-03,-1.413419324692388734e+00
1.925999999999999801e+01,1.000000000000000000e+00,-1.765888666188409228e+00,3.655958608076365079e-01,2.394624899179509825e+00,6.537921535485465008e-02,-3.486232079369797066e-01,-3.503122437533497287e-03,-4.797215605065014571e-02,4.441974835890599715e-02,6.673673099223603050e-03,2.051319389583749608e-03,-1.412901977668158171e+00
1.928000000000000114e+01,1.000000000000000000e+00,-1.766846775772173750e+00,3.664846651614940276e-01,2.392778781671053068e+00,6.530930669239137787e-02,-3.484870698990766291e-01,-3.487736972631085442e-03,-4.783886239785838101e-02,4.446064310285680748e-02,6.655651506549756409e-03,2.038142200785077532e-03,-1.412302888947064128e+00
1.930000000000000071e+01,1.000000000000000000e+00,-1.767802223103446257e+00,3.673742847696802594e-01,2.390935470518101624e+00,6.523970614114742161e-02,-3.483322644470268625e-01,-3.472311727419382602e-03,-4.770593161239204683e-02,4.450127353657466756e-02,6.637386613294708748e-03,2.024888457573775172e-03,-1.411621724452535975e+00
1.932000000000000028e+01,1.000000000000000000e+00,-1.768755015488132853e+00,3.682647143307156701e-01,2.389095062474865472e+00,6.517041447208136995e-02,-3.481587113754374130e-01,-3.456849163572432194e-03,-4.757336854546587862e-02,4.454163813444842607e-02,6.618879899147435582e-03,2.011558707660972885e-03,-1.410858158999832357e+00
1.933999999999999986e+01,1.000000000000000000e+00,-1.769705160328872040e+00,3.691559485127189344e-01,2.387257654362983761e+00,6.510143240710443424e-02,-3.479663317247752019e-01,-3.441351724102993757e-03,-4.744117801870083306e-02,4.458173538182115536e-02,6.600132843796915026e-03,1.998153498757797557e-03,-1.410011876384740903e+00
1.935999999999999943e+01,1.000000000000000000e+00,-1.770652665124436087e+00,3.700479819536248161e-01,2.385423343062490709e+00,6.503276061945693909e-02,-3.477550477934145401e-01,-3.425821833036450485e-03,-4.730936482412410188e-02,4.462156377499021387e-02,6.581146926932126065e-03,1.984673378575377376e-03,-1.409082569468947499e+00
1.937999999999999901e+01,1.000000000000000000e+00,-1.771597537469140615e+00,3.709408092614029928e-01,2.383592225502753514e+00,6.496439973409116886e-02,-3.475247831494593376e-01,-3.410261895087544383e-03,-4.717793372416904246e-02,4.466112182120705182e-02,6.561923628242038141e-03,1.971118894824840529e-03,-1.408069940262029363e+00
1.939999999999999858e+01,1.000000000000000000e+00,-1.772539785052258843e+00,3.718344250142789353e-01,2.381764398653380077e+00,6.489635032806098658e-02,-3.472754626423423252e-01,-3.394674295340089493e-03,-4.704688945167532360e-02,4.470040803867747492e-02,6.542464427415634574e-03,1.957490595217315204e-03,-1.406973700000035521e+00
1.942000000000000171e+01,1.000000000000000000e+00,-1.773479415657419844e+00,3.727288237609506782e-01,2.379939959515103176e+00,6.482861293091747579e-02,-3.470070124142064505e-01,-3.379061398929705719e-03,-4.691623670988873812e-02,4.473942095656144313e-02,6.522770804141891747e-03,1.943789027463928721e-03,-1.405793569220622707e+00
1.944000000000000128e+01,1.000000000000000000e+00,-1.774416437162023463e+00,3.736240000208090883e-01,2.378119005110646444e+00,6.476118802511114658e-02,-3.467193599110704461e-01,-3.363425550729759721e-03,-4.678598017246136248e-02,4.477815911497314005e-02,6.502844238109774765e-03,1.930014739275808184e-03,-1.404529277834714041e+00
1.946000000000000085e+01,1.000000000000000000e+00,-1.775350857536647453e+00,3.745199482841576888e-01,2.376301632475566361e+00,6.469407604640024789e-02,-3.464124338937874525e-01,-3.347769075040602643e-03,-4.665612448345147351e-02,4.481662106498099374e-02,6.482686209008270417e-03,1.916168278364084598e-03,-1.403180565194668050e+00
1.948000000000000043e+01,1.000000000000000000e+00,-1.776282684844454174e+00,3.754166630124302073e-01,2.374487938649084917e+00,6.462727738426529700e-02,-3.460861644487923661e-01,-3.332094275282182754e-03,-4.652667425732358308e-02,4.485480536860762812e-02,6.462298196526355953e-03,1.902250192439882684e-03,-1.401747180158901207e+00
1.950000000000000000e+01,1.000000000000000000e+00,-1.777211927240597955e+00,3.763141386384100673e-01,2.372678020664906295e+00,6.456079238232972917e-02,-3.457404829986494010e-01,-3.316403433690160926e-03,-4.639763407894835490e-02,4.489271059882989079e-02,6.441681680352998214e-03,1.888261029214331711e-03,-1.400228881152969285e+00
1.951999999999999957e+01,1.000000000000000000e+00,-1.778138592971638898e+00,3.772123695664510445e-01,2.370871975542024224e+00,6.449462133878673675e-02,-3.453753223124007565e-01,-3.300698811015697655e-03,-4.626900850360281259e-02,4.493033533957893622e-02,6.420838140177183122e-03,1.874201336398560302e-03,-1.398625436227072916e+00
1.953999999999999915e+01,1.000000000000000000e+00,-1.779062690374941136e+00,3.781113501726937609e-01,2.369069900275527107e+00,6.442876450683164558e-02,-3.449906165157219928e-01,-3.284982646228897310e-03,-4.614080205697004833e-02,4.496767818573999681e-02,6.399769055687882721e-03,1.860071661703696427e-03,-1.396936623109976683e+00
1.956000000000000227e+01,1.000000000000000000e+00,-1.779984227878089076e+00,3.790110748052865630e-01,2.367271891827392949e+00,6.436322209510070280e-02,-3.445863011008869492e-01,-3.269257156226126025e-03,-4.601301923513945180e-02,4.500473774315262576e-02,6.378475906574070792e-03,1.845872552840866106e-03,-1.395162229259317543e+00
1.957999999999999829e+01,1.000000000000000000e+00,-1.780903213998294543e+00,3.799115377846042918e-01,2.365478047117290927e+00,6.429799426811541596e-02,-3.441623129365478095e-01,-3.253524535541250928e-03,-4.588566450460664081e-02,4.504151262861057214e-02,6.356960172524728052e-03,1.831604557521199043e-03,-1.393302051908293038e+00
1.960000000000000142e+01,1.000000000000000000e+00,-1.781819657341801699e+00,3.808127334034672185e-01,2.363688463013380758e+00,6.423308114673260960e-02,-3.437185902773353674e-01,-3.237786956060913473e-03,-4.575874230227344741e-02,4.507800146986183643e-02,6.335223333228830016e-03,1.817268223455823645e-03,-1.391355898108727729e+00
1.962000000000000099e+01,1.000000000000000000e+00,-1.782733566603295294e+00,3.817146559273595363e-01,2.361903236323119160e+00,6.416848280860006082e-02,-3.432550727732850970e-01,-3.222046566743938349e-03,-4.563225703544786238e-02,4.511420290560856639e-02,6.313266868375346993e-03,1.802864098355865495e-03,-1.389323584770502995e+00
1.964000000000000057e+01,1.000000000000000000e+00,-1.783644950565314469e+00,3.826172995946500732e-01,2.360122463784073865e+00,6.410419928861817163e-02,-3.427717014790873651e-01,-3.206305493344995070e-03,-4.550621308184422259e-02,4.515011558550724446e-02,6.291092257653267510e-03,1.788392729932456685e-03,-1.387204938697330192e+00
1.966000000000000014e+01,1.000000000000000000e+00,-1.784553818097651900e+00,3.835206586168093956e-01,2.358346242054750963e+00,6.404023057940635977e-02,-3.422684188631775482e-01,-3.190565838142554733e-03,-4.538061478958294731e-02,4.518573817016846572e-02,6.268700980751550599e-03,1.773854665896719114e-03,-1.384999796618901380e+00
1.967999999999999972e+01,1.000000000000000000e+00,-1.785460178156769162e+00,3.844247271786297437e-01,2.356574667705433335e+00,6.397657663177556964e-02,-3.417451688166618928e-01,-3.174829679671331475e-03,-4.525546647719073945e-02,4.522106933115709049e-02,6.246094517359184785e-03,1.759250453959785090e-03,-1.382708005219385861e+00
1.969999999999999929e+01,1.000000000000000000e+00,-1.786364039785204305e+00,3.853294994384454109e-01,2.354807837209037746e+00,6.391323735520572369e-02,-3.412018966620860572e-01,-3.159099072459195610e-03,-4.513077243360058555e-02,4.525610775099225824e-02,6.223274347165147317e-03,1.744580641832783234e-03,-1.380329421162281189e+00
1.971999999999999886e+01,1.000000000000000000e+00,-1.787265412110974339e+00,3.862349695283492923e-01,2.353045846931991925e+00,6.385021261832829476e-02,-3.406385491620556594e-01,-3.143376046768721517e-03,-4.500653691815157537e-02,4.529085212314722109e-02,6.200241949858409374e-03,1.729845777226839566e-03,-1.377863911111643969e+00
1.974000000000000199e+01,1.000000000000000000e+00,-1.788164304346989031e+00,3.871411315544137088e-01,2.351288793125132504e+00,6.378750224941434621e-02,-3.400550745277077236e-01,-3.127662608343441397e-03,-4.488276416058906149e-02,4.532530115204953108e-02,6.176998805127947335e-03,1.715046407853082272e-03,-1.375311351749681110e+00
1.975999999999999801e+01,1.000000000000000000e+00,-1.789060725790458717e+00,3.880479795969096757e-01,2.349536771914630062e+00,6.372510603686740160e-02,-3.394514224270417380e-01,-3.111960738158891203e-03,-4.475945836106469400e-02,4.535945355308097782e-02,6.153546392662741921e-03,1.700183081422640191e-03,-1.372671629790730652e+00
1.978000000000000114e+01,1.000000000000000000e+00,-1.789954685822296332e+00,3.889555077105245062e-01,2.347789879292940807e+00,6.366302372972104662e-02,-3.388275439931163757e-01,-3.096272392178521168e-03,-4.463662369013621928e-02,4.539330805257747736e-02,6.129886192151760838e-03,1.685256345646638908e-03,-1.369944641991646117e+00
1.980000000000000071e+01,1.000000000000000000e+00,-1.790846193906533212e+00,3.898637099245819138e-01,2.346048211109789339e+00,6.360125503814180459e-02,-3.381833918321134336e-01,-3.080599501114577188e-03,-4.451426428876765345e-02,4.542686338782925964e-02,6.106019683283984804e-03,1.670266748236207480e-03,-1.367130295158588638e+00
1.982000000000000028e+01,1.000000000000000000e+00,-1.791735259589726459e+00,3.907725802432618356e-01,2.344311863063185175e+00,6.353979963393645292e-02,-3.375189200312764815e-01,-3.064943970194030677e-03,-4.439238426832928935e-02,4.546011830708077822e-02,6.081948345748395407e-03,1.655214836902476911e-03,-1.364228506150253040e+00
1.983999999999999986e+01,1.000000000000000000e+00,-1.792621892500358527e+00,3.916821126458174818e-01,2.342580930690474350e+00,6.347865715106390527e-02,-3.368340841667289420e-01,-3.049307678929603308e-03,-4.427098771059757853e-02,4.549307156953062009e-02,6.057673659233962955e-03,1.640101159356572138e-03,-1.361239201877550098e+00
1.985999999999999943e+01,1.000000000000000000e+00,-1.793506102348255471e+00,3.925923010867962137e-01,2.340855509359429654e+00,6.341782718615189551e-02,-3.361288413111778728e-01,-3.033692480896014142e-03,-4.415007866775520068e-02,4.552572194533167221e-02,6.033197103429663831e-03,1.624926263309621130e-03,-1.358162319299768717e+00
1.987999999999999901e+01,1.000000000000000000e+00,-1.794387898923991864e+00,3.935031394962580920e-01,2.339135694259383502e+00,6.335730929901789432e-02,-3.354031500415068923e-01,-3.018100203511489468e-03,-4.402966116239108441e-02,4.555806821559107989e-02,6.008520158024478752e-03,1.609690696472754678e-03,-1.354997805417242240e+00
1.989999999999999858e+01,1.000000000000000000e+00,-1.795267292098295053e+00,3.944146217799944232e-01,2.337421580392402110e+00,6.329710301319424470e-02,-3.346569704462640238e-01,-3.002532647824610827e-03,-4.390973918750030319e-02,4.559010917237008714e-02,5.983644302707373692e-03,1.594395006557094031e-03,-1.351745617260547760e+00
1.992000000000000171e+01,1.000000000000000000e+00,-1.796144291821456962e+00,3.953267418197471961e-01,2.335713262564506731e+00,6.323720781645780775e-02,-3.338902641330517285e-01,-2.986991588306598788e-03,-4.379031670648424190e-02,4.562184361868422411e-02,5.958571017167333707e-03,1.579039741273774097e-03,-1.348405721876275942e+00
1.994000000000000128e+01,1.000000000000000000e+00,-1.797018908122745229e+00,3.962394934734292939e-01,2.334010835376944648e+00,6.317762316136357748e-02,-3.331029942358180729e-01,-2.971478772649044624e-03,-4.367139765315050659e-02,4.565327036850332088e-02,5.933301781093335177e-03,1.563625448333920897e-03,-1.344978096309383364e+00
1.996000000000000085e+01,1.000000000000000000e+00,-1.797891151109802799e+00,3.971528705753411548e-01,2.332314393217507220e+00,6.311834846578198710e-02,-3.322951254220653516e-01,-2.955995921567213056e-03,-4.355298593171283428e-02,4.568438824675129240e-02,5.907838074174355351e-03,1.548152675448662401e-03,-1.341462727582210190e+00
1.998000000000000043e+01,1.000000000000000000e+00,-1.798761030968063501e+00,3.980668669363921497e-01,2.330624030251907008e+00,6.305938311344062852e-02,-3.314666238999681713e-01,-2.940544728608938604e-03,-4.343508541679123175e-02,4.571519608930636053e-02,5.882181376099361939e-03,1.532621970329124629e-03,-1.337859612670138088e+00
2.000000000000000000e+01,1.000000000000000000e+00,-1.799628557960158526e+00,3.989814763443186307e-01,2.328939840415204632e+00,6.300072645446939956e-02,-3.306174574254169829e-01,-2.925126859969217914e-03,-4.331769995341198248e-02,4.574569274300097771e-02,5.856333166557339993e-03,1.517033880686438586e-03,-1.334168758473988969e+00
2.001999999999999957e+01,1.000000000000000000e+00,-1.800493742425320232e+00,3.998966925639027559e-01,2.327261917403295577e+00,6.294237780594919007e-02,-3.297475953089869516e-01,-2.909743954310485894e-03,-4.320083335700747318e-02,4.577587706562175063e-02,5.830294925237258959e-03,1.501388954231728775e-03,-1.330390181789171677e+00
2.003999999999999915e+01,1.000000000000000000e+00,-1.801356594778796394e+00,4.008125093371920356e-01,2.325590354664460069e+00,6.288433645246450931e-02,-3.288570084228369939e-01,-2.894397622588712297e-03,-4.308448941341638805e-02,4.580574792590955818e-02,5.804068131828098685e-03,1.485687738676125550e-03,-1.326523909271631663e+00
2.006000000000000227e+01,1.000000000000000000e+00,-1.802217125511257123e+00,4.017289203837191014e-01,2.323925245390968009e+00,6.282660164665929137e-02,-3.279456692075450874e-01,-2.879089447885308743e-03,-4.296867187888367412e-02,4.583530420355953067e-02,5.777654266018836422e-03,1.469930781730757752e-03,-1.322569977400646302e+00
2.007999999999999829e+01,1.000000000000000000e+00,-1.803075345188196899e+00,4.026459194007188103e-01,2.322266682510754965e+00,6.276917260979576751e-02,-3.270135516788889030e-01,-2.863820985244931640e-03,-4.285338448006038858e-02,4.586454478922094569e-02,5.751054807498448551e-03,1.454118631106750747e-03,-1.318528432438541786e+00
2.010000000000000142e+01,1.000000000000000000e+00,-1.803931264449350591e+00,4.035635000633495117e-01,2.320614758679160783e+00,6.271204853231707177e-02,-3.260606314345664281e-01,-2.848593761519199220e-03,-4.273863091400387226e-02,4.589346858449733224e-02,5.724271235955904515e-03,1.438251834515233158e-03,-1.314399330387333364e+00
2.012000000000000099e+01,1.000000000000000000e+00,-1.804784894008099050e+00,4.044816560249109294e-01,2.318969566270735250e+00,6.265522857441252480e-02,-3.250868856608742918e-01,-2.833409275216417205e-03,-4.262441484817772186e-02,4.592207450194652624e-02,5.697305031080191970e-03,1.422330939667335774e-03,-1.310182736942396842e+00
2.014000000000000057e+01,1.000000000000000000e+00,-1.805636244650871358e+00,4.054003809170627082e-01,2.317331197371119700e+00,6.259871186658574893e-02,-3.240922931393385720e-01,-2.818268996357283212e-03,-4.251073992045162342e-02,4.595036146508039293e-02,5.670157672560278625e-03,1.406356494274182013e-03,-1.305878727443190890e+00
2.016000000000000014e+01,1.000000000000000000e+00,-1.806485327236565297e+00,4.063196683500458484e-01,2.315699743768990793e+00,6.254249751022621095e-02,-3.230768342533061332e-01,-2.803174366336673527e-03,-4.239760973910165071e-02,4.597832840836522938e-02,5.642830640085140861e-03,1.390329046046902446e-03,-1.301487386821092773e+00
2.017999999999999972e+01,1.000000000000000000e+00,-1.807332152695943384e+00,4.072395119128989216e-01,2.314075296948089999e+00,6.248658457818274253e-02,-3.220404909945060457e-01,-2.788126797791526997e-03,-4.228502788281002234e-02,4.600597427722147303e-02,5.615325413343762867e-03,1.374249142696626564e-03,-1.297008809544433872e+00
2.019999999999999929e+01,1.000000000000000000e+00,-1.808176732031045564e+00,4.081599051736786166e-01,2.312457948079316150e+00,6.243097211533994023e-02,-3.209832469695768076e-01,-2.773127674474831252e-03,-4.217299790066509485e-02,4.603329802802370169e-02,5.587643472025108013e-03,1.358117331934477999e-03,-1.292443099560758313e+00
2.021999999999999886e+01,1.000000000000000000e+00,-1.809019076314600571e+00,4.090808416796792302e-01,2.310847788012907245e+00,6.237565913919740357e-02,-3.199050874065698657e-01,-2.758178351135809250e-03,-4.206152331216159168e-02,4.606029862810083475e-02,5.559786295818163089e-03,1.341934161471588409e-03,-1.287790370236386206e+00
2.024000000000000199e+01,1.000000000000000000e+00,-1.809859196689429517e+00,4.100023149576507153e-01,2.309244907270690650e+00,6.232064464045062452e-02,-3.188059991614340394e-01,-2.743280153406254997e-03,-4.195060760720037418e-02,4.608697505573597364e-02,5.531755364411901875e-03,1.325700179019085548e-03,-1.283050744293356749e+00
2.025999999999999801e+01,1.000000000000000000e+00,-1.810697104367853694e+00,4.109243185140180610e-01,2.307649396038421230e+00,6.226592758357452073e-02,-3.176859707244825137e-01,-2.728434377693114265e-03,-4.184025424608851101e-02,4.611332630016640871e-02,5.503552157495297283e-03,1.309415932288094785e-03,-1.278224353743796726e+00
2.028000000000000114e+01,1.000000000000000000e+00,-1.811532810631109047e+00,4.118468458351013384e-01,2.306061344158197191e+00,6.221150690740901573e-02,-3.165449922268479543e-01,-2.713642291077296865e-03,-4.173046665953934753e-02,4.613935136158368866e-02,5.475178154757327428e-03,1.293081968989744958e-03,-1.273311339821796118e+00
2.030000000000000071e+01,1.000000000000000000e+00,-1.812366326828747320e+00,4.127698903873334157e-01,2.304480841120960743e+00,6.215738152574651343e-02,-3.153830554469314595e-01,-2.698905131218746079e-03,-4.162124824867244333e-02,4.616504925113364133e-02,5.446634835886974765e-03,1.276698836835167506e-03,-1.268311852912855198e+00
2.032000000000000028e+01,1.000000000000000000e+00,-1.813197664378044305e+00,4.136934456174792829e-01,2.302907976059085371e+00,6.210355032792099633e-02,-3.142001538168464614e-01,-2.684224106267786483e-03,-4.151260238501350286e-02,4.619041899091615166e-02,5.417923680573202665e-03,1.260267083535486065e-03,-1.263226052480975969e+00
2.033999999999999986e+01,1.000000000000000000e+00,-1.814026834763414753e+00,4.146175049528560974e-01,2.301342837739043468e+00,6.205001217939942054e-02,-3.129962824288635148e-01,-2.669600394782792666e-03,-4.140453241049453503e-02,4.621545961398549479e-02,5.389046168504997916e-03,1.243787256801830556e-03,-1.258054106993464760e+00
2.035999999999999943e+01,1.000000000000000000e+00,-1.814853849535814190e+00,4.155420618015516210e-01,2.299785514554170351e+00,6.199676592237404055e-02,-3.117714380418602493e-01,-2.655035145654130718e-03,-4.129704163745374912e-02,4.624017016435006538e-02,5.360003779371332565e-03,1.227259904345328299e-03,-1.252796193843528805e+00
2.037999999999999901e+01,1.000000000000000000e+00,-1.815678720312147387e+00,4.164671095526426559e-01,2.298236094517506878e+00,6.194381037635655896e-02,-3.105256190877797029e-01,-2.640529478034445762e-03,-4.119013334863552700e-02,4.626454969697253727e-02,5.330797992861180390e-03,1.210685573877107483e-03,-1.247452499270735649e+00
2.039999999999999858e+01,1.000000000000000000e+00,-1.816501458774681055e+00,4.173926415764157571e-01,2.296694665254739309e+00,6.189114433877360849e-02,-3.092588256780987588e-01,-2.626084481275283832e-03,-4.108381079719053419e-02,4.628859727776980793e-02,5.301430288663522977e-03,1.194064813108295427e-03,-1.242023218279406427e+00
2.042000000000000171e+01,1.000000000000000000e+00,-1.817322076670448761e+00,4.183186512245847810e-01,2.295161313997228891e+00,6.183876658556324013e-02,-3.079710596103142906e-01,-2.611701214870029448e-03,-4.097807720667565740e-02,4.631231198361297069e-02,5.271902146467336708e-03,1.177398169750022488e-03,-1.236508554555031614e+00
2.044000000000000128e+01,1.000000000000000000e+00,-1.818140585810654519e+00,4.192451318305103758e-01,2.293636127575126693e+00,6.178667587177257003e-02,-3.066623243744474037e-01,-2.597380708403195741e-03,-4.087293577105391429e-02,4.633569290232729398e-02,5.242215045961593628e-03,1.160686191513414034e-03,-1.230908720378779408e+00
2.046000000000000085e+01,1.000000000000000000e+00,-1.818956998070091924e+00,4.201720767094196951e-01,2.292119192410591921e+00,6.173487093215661997e-02,-3.053326251595680496e-01,-2.583123961506057168e-03,-4.076838965469464782e-02,4.635873913269237395e-02,5.212370466835270118e-03,1.143929426109599121e-03,-1.225223936540169589e+00
2.048000000000000043e+01,1.000000000000000000e+00,-1.819771325386542848e+00,4.210994791586249453e-01,2.290610594511093723e+00,6.168335048177760183e-02,-3.039819688603478398e-01,-2.568931943818623508e-03,-4.066444199237339435e-02,4.638144978444197486e-02,5.182369888777346029e-03,1.127128421249705501e-03,-1.219454432248009423e+00
2.050000000000000000e+01,1.000000000000000000e+00,-1.820583579760187476e+00,4.220273324577419882e-01,2.289110419462814683e+00,6.163211321660500702e-02,-3.026103640836399489e-01,-2.554805594957935619e-03,-4.056109588927183512e-02,4.640382397826404992e-02,5.152214791476793405e-03,1.110283724644860930e-03,-1.213600445039660469e+00
2.051999999999999957e+01,1.000000000000000000e+00,-1.821393773253018322e+00,4.229556298689111093e-01,2.287618752424144919e+00,6.158115781411660494e-02,-3.012178211550877727e-01,-2.540745824492712020e-03,-4.045835442097798357e-02,4.642586084580086619e-02,5.121906654622591232e-03,1.093395884006193378e-03,-1.207662220688706212e+00
2.053999999999999915e+01,1.000000000000000000e+00,-1.822201917988239828e+00,4.238843646370138440e-01,2.286135678119275205e+00,6.153048293389933032e-02,-2.998043521257719446e-01,-2.526753511924310306e-03,-4.035622063348604655e-02,4.644755952964883111e-02,5.091446957903719359e-03,1.076465447044832333e-03,-1.201640013111135330e+00
2.056000000000000227e+01,1.000000000000000000e+00,-1.823008026149679495e+00,4.248135299898937456e-01,2.284661280831884245e+00,6.148008721825084372e-02,-2.983699707788894373e-01,-2.512829506673977791e-03,-4.025469754319635496e-02,4.646891918335858962e-02,5.060837181009142892e-03,1.059492961471902948e-03,-1.195534084270084563e+00
2.057999999999999829e+01,1.000000000000000000e+00,-1.823812109981200580e+00,4.257431191385748215e-01,2.283195644398924085e+00,6.142996929278132789e-02,-2.969146926364740202e-01,-2.498974628076457323e-03,-4.015378813691557885e-02,4.648993897143503806e-02,5.030078803627851224e-03,1.042478974998536445e-03,-1.189344704079252635e+00
2.060000000000000142e+01,1.000000000000000000e+00,-1.824614181786104572e+00,4.266731252774809691e-01,2.281738852204502788e+00,6.138012776701511075e-02,-2.954385349661554638e-01,-2.485189665379809038e-03,-4.005349537185656783e-02,4.651061806933728948e-02,4.999173305448812929e-03,1.025424035335858412e-03,-1.183072150305048087e+00
2.062000000000000099e+01,1.000000000000000000e+00,-1.825414253926539887e+00,4.276035415846540788e-01,2.280290987173867023e+00,6.133056123499231599e-02,-2.939415167879640411e-01,-2.471475377751546944e-03,-3.995382217563835103e-02,4.653095566347860423e-02,4.968122166161000920e-03,1.008328690194996600e-03,-1.176716708467574035e+00
2.064000000000000057e+01,1.000000000000000000e+00,-1.826212338822915004e+00,4.285343612219748577e-01,2.278852131767477918e+00,6.128126827587056236e-02,-2.924236588811779392e-01,-2.457832494291010104e-03,-3.985477144628625512e-02,4.655095095122661897e-02,4.936926865453400252e-03,9.911934872870811503e-04,-1.170278671740514476e+00
2.066000000000000014e+01,1.000000000000000000e+00,-1.827008448953300945e+00,4.294655773353803774e-01,2.277422367975190376e+00,6.123224745452590656e-02,-2.908849837912176328e-01,-2.444261714047951499e-03,-3.975634605223176549e-02,4.657060314090306213e-02,4.905588883014982970e-03,9.740189743232378645e-04,-1.163758340850018280e+00
2.067999999999999972e+01,1.000000000000000000e+00,-1.827802596852838191e+00,4.303971830550831768e-01,2.276001777310530994e+00,6.118349732215368902e-02,-2.893255158365889979e-01,-2.430763706047335028e-03,-3.965854883231258871e-02,4.658991145178390664e-02,4.874109698534723721e-03,9.568056990145960145e-04,-1.157156023972662817e+00
2.069999999999999929e+01,1.000000000000000000e+00,-1.828594795113155369e+00,4.313291714957920853e-01,2.274590440805071001e+00,6.113501641686885923e-02,-2.877452811158737744e-01,-2.417339109320321144e-03,-3.956138259577272887e-02,4.660887511409941841e-02,4.842490791701601488e-03,9.395542090722827037e-04,-1.150472036632572248e+00
2.071999999999999886e+01,1.000000000000000000e+00,-1.829385056381762853e+00,4.322615357569289385e-01,2.273188439002901795e+00,6.108680326430525331e-02,-2.861443075147731552e-01,-2.403988532941375624e-03,-3.946485012226229327e-02,4.662749336903398989e-02,4.810733642204592653e-03,9.222650522074272040e-04,-1.143706701597793973e+00
2.074000000000000199e+01,1.000000000000000000e+00,-1.830173393361472334e+00,4.331942689228492904e-01,2.271795851955209500e+00,6.103885637821449689e-02,-2.845226247131992237e-01,-2.390712556071529233e-03,-3.936895416183769369e-02,4.664576546872629959e-02,4.778839729732667525e-03,9.049387761311551009e-04,-1.136860348775990959e+00
2.075999999999999801e+01,1.000000000000000000e+00,-1.830959818809800188e+00,4.341273640630612385e-01,2.270412759214946785e+00,6.099117426106373530e-02,-2.828802641924224592e-01,-2.377511728007708058e-03,-3.927369743496155613e-02,4.666369067626924966e-02,4.746810533974812028e-03,8.875759285545976179e-04,-1.129933315109561187e+00
2.078000000000000114e+01,1.000000000000000000e+00,-1.831744345538374397e+00,4.350608142324438599e-01,2.269039239831604604e+00,6.094375540463230212e-02,-2.812172592422673700e-01,-2.364386568238118890e-03,-3.917908263250270001e-02,4.668126826570990345e-02,4.714647534619995604e-03,8.701770571888794732e-04,-1.122925944470242410e+00
2.080000000000000071e+01,1.000000000000000000e+00,-1.832526986412344350e+00,4.359946124714664806e-01,2.267675372346082963e+00,6.089659829060735385e-02,-2.795336449683651914e-01,-2.351337566503662341e-03,-3.908511241573613820e-02,4.669849752204958959e-02,4.682352211357194635e-03,8.527427097451313479e-04,-1.115838587553307892e+00
2.082000000000000028e+01,1.000000000000000000e+00,-1.833307754349792429e+00,4.369287518064089992e-01,2.266321234785661609e+00,6.084970139117825555e-02,-2.778294582994551010e-01,-2.338365182865338125e-03,-3.899178941634319495e-02,4.671537774124391584e-02,4.649926043875387237e-03,8.352734339344792614e-04,-1.108671601771412885e+00
2.083999999999999986e+01,1.000000000000000000e+00,-1.834086662321134931e+00,4.378632252495789912e-01,2.264976904659065760e+00,6.080306316962919011e-02,-2.761047379947434433e-01,-2.325469847777578754e-03,-3.889911623641133243e-02,4.673190823020260259e-02,4.617370511863549791e-03,8.177697774680518349e-04,-1.101425351148204612e+00
2.085999999999999943e+01,1.000000000000000000e+00,-1.834863723348534981e+00,4.387980257995320321e-01,2.263642458951632630e+00,6.075668208093074757e-02,-2.743595246513102492e-01,-2.312651962167499957e-03,-3.880709544843425479e-02,4.674808830678967020e-02,4.584687095010658679e-03,8.002322880569770393e-04,-1.094100206211740423e+00
2.087999999999999901e+01,1.000000000000000000e+00,-1.835638950505311229e+00,4.397331464412910784e-01,2.262317974120576114e+00,6.071055657232955760e-02,-2.725938607115701573e-01,-2.299911897520016610e-03,-3.871572959531192210e-02,4.676391729982333489e-02,4.551877273005688548e-03,7.826615134123833875e-04,-1.086696543887825106e+00
2.089999999999999858e+01,1.000000000000000000e+00,-1.836412356915342325e+00,4.406685801465641816e-01,2.261003526090344717e+00,6.066468508393616649e-02,-2.708077904707861250e-01,-2.287249995968780852e-03,-3.862502119035046005e-02,4.677939454907603656e-02,4.518942525537619249e-03,7.650580012453988502e-04,-1.079214747393343776e+00
2.092000000000000171e+01,1.000000000000000000e+00,-1.837183955752476949e+00,4.416043198739645348e-01,2.259699190248082523e+00,6.061906604931114467e-02,-2.690013600846289377e-01,-2.274666570392889879e-03,-3.853497271726222945e-02,4.679451940527440401e-02,4.485884332295421092e-03,7.474222992671502057e-04,-1.071655206129649152e+00
2.094000000000000128e+01,1.000000000000000000e+00,-1.837953760239945833e+00,4.425403585692302411e-01,2.258405041439179861e+00,6.057369789604929999e-02,-2.671746175767885090e-01,-2.262161904519341751e-03,-3.844558663016587469e-02,4.680929123009937298e-02,4.452704172968075663e-03,7.297549551887664004e-04,-1.064018315576108709e+00
2.096000000000000085e+01,1.000000000000000000e+00,-1.838721783649760910e+00,4.434766891654413068e-01,2.257121153962923010e+00,6.052857904636138597e-02,-2.653276128466329209e-01,-2.249736253031153332e-03,-3.835686535358616422e-02,4.682370939618603345e-02,4.419403527244556741e-03,7.120565167213754052e-04,-1.056304477183882762e+00
2.098000000000000043e+01,1.000000000000000000e+00,-1.839488039302131561e+00,4.444133045832407425e-01,2.255847601568239380e+00,6.048370791765404070e-02,-2.634603976769107625e-01,-2.237389841681134296e-03,-3.826881128245412239e-02,4.683777328712369903e-02,4.385983874813839840e-03,6.943275315761042151e-04,-1.048514098269996309e+00
2.100000000000000000e+01,1.000000000000000000e+00,-1.840252540564870865e+00,4.453501977310531101e-01,2.254584457449535506e+00,6.043908292310723462e-02,-2.615730257414978221e-01,-2.225122867411237840e-03,-3.818142678210705715e-02,4.685148229745597637e-02,4.352446695364903077e-03,6.765685474640819935e-04,-1.040647591911801007e+00
2.101999999999999957e+01,1.000000000000000000e+00,-1.841015300852800296e+00,4.462873615053027931e-01,2.253331794242627861e+00,6.039470247224904692e-02,-2.596655526131870229e-01,-2.212935498477446462e-03,-3.809471418828841438e-02,4.686483583268058473e-02,4.318793468586721099e-03,6.587801120964361691e-04,-1.032705376841898337e+00
2.103999999999999915e+01,1.000000000000000000e+00,-1.841776333627159756e+00,4.472247887906334318e-01,2.252089684020765592e+00,6.035056497152823524e-02,-2.577380357715145509e-01,-2.200827874580142066e-03,-3.800867580714785421e-02,4.687783330924952252e-02,4.285025674168267684e-03,6.409627731842934117e-04,-1.024687877343588793e+00
2.106000000000000227e+01,1.000000000000000000e+00,-1.842535652395020485e+00,4.481624724601285248e-01,2.250858198290750956e+00,6.030666882488408542e-02,-2.557905346106232325e-01,-2.188800106999909661e-03,-3.792331391524134815e-02,4.689047415456904649e-02,4.251144791798527021e-03,6.231170784387852699e-04,-1.016595523146930358e+00
2.107999999999999829e+01,1.000000000000000000e+00,-1.843293270708684206e+00,4.491004053755279224e-01,2.249637407989139692e+00,6.026301243431320120e-02,-2.538231104471588284e-01,-2.176852278738707850e-03,-3.783863075953100563e-02,4.690275780699959540e-02,4.217152301166470288e-03,6.052435755710365703e-04,-1.008428749325477769e+00
2.110000000000000142e+01,1.000000000000000000e+00,-1.844049202165098267e+00,4.500385803874488166e-01,2.248427383478543096e+00,6.021959420043371952e-02,-2.518358265281965824e-01,-2.164984444666362765e-03,-3.775462855738516421e-02,4.691468371585581776e-02,4.183049681961071263e-03,5.873428122921753921e-04,-1.000187996193773410e+00
2.112000000000000099e+01,1.000000000000000000e+00,-1.844803460405262108e+00,4.509769903356043996e-01,2.247228194544009572e+00,6.017641252304650745e-02,-2.498287480391935544e-01,-2.153196631672338584e-03,-3.767130949657845895e-02,4.692625134140661347e-02,4.148838413871311533e-03,5.694153363133315493e-04,-9.918737092056590932e-01
2.114000000000000057e+01,1.000000000000000000e+00,-1.845556059113632408e+00,4.519156280490223554e-01,2.246039910389497685e+00,6.013346580169306316e-02,-2.478019421119640742e-01,-2.141488838822688812e-03,-3.758867573529163508e-02,4.693746015487509915e-02,4.114519976586162274e-03,5.514616953456309527e-04,-9.834863388534786921e-01
2.116000000000000014e+01,1.000000000000000000e+00,-1.846307012017533555e+00,4.528544863462641290e-01,2.244862599634437572e+00,6.009075243621047474e-02,-2.457554778326727640e-01,-2.129861037522184832e-03,-3.750672940211170758e-02,4.694830963843858035e-02,4.080095849794603338e-03,5.334824371002039583e-04,-9.750263405682395579e-01
2.117999999999999972e+01,1.000000000000000000e+00,-1.847056332886570784e+00,4.537935580356454723e-01,2.243696330310373632e+00,6.004827082728304843e-02,-2.436894262498414954e-01,-2.118313171681517667e-03,-3.742547259603196813e-02,4.695879928522866953e-02,4.045567513185613709e-03,5.154781092881778864e-04,-9.664941746207942330e-01
2.119999999999999929e+01,1.000000000000000000e+00,-1.847804035532025546e+00,4.547328359154530486e-01,2.242541169857694694e+00,6.000601937699021060e-02,-2.416038603823677522e-01,-2.106845157889526525e-03,-3.734490738645181857e-02,4.696892859933107789e-02,4.010936446448158492e-03,4.974492596206774551e-04,-9.578903060241239498e-01
2.121999999999999886e+01,1.000000000000000000e+00,-1.848550133806276641e+00,4.556723127741652557e-01,2.241397185122445013e+00,5.996399648935150234e-02,-2.394988552275461591e-01,-2.095456885590425092e-03,-3.726503581317695823e-02,4.697869709578585129e-02,3.976204129271224477e-03,4.793964358088348096e-04,-9.492152044367667685e-01
2.124000000000000199e+01,1.000000000000000000e+00,-1.849294641602202693e+00,4.566119813906710512e-01,2.240264442353219643e+00,5.992220057086747320e-02,-2.373744877690881494e-01,-2.084148217265904563e-03,-3.718585988641930073e-02,4.698810430058721066e-02,3.941372041343781975e-03,4.613201855637745052e-04,-9.404693440674597449e-01
2.125999999999999801e+01,1.000000000000000000e+00,-1.850037572852587742e+00,4.575518345344883331e-01,2.239143007198136193e+00,5.988063003105711241e-02,-2.352308369851393854e-01,-2.072918988622109941e-03,-3.710738158679696697e-02,4.699714975068360057e-02,3.906441662354813438e-03,4.432210565966270065e-04,-9.316532035810709544e-01
2.128000000000000114e+01,1.000000000000000000e+00,-1.850778941529534816e+00,4.584918649659837642e-01,2.238032944701889182e+00,5.983928328299135957e-02,-2.330679838562821349e-01,-2.061769008781387698e-03,-3.702960286533425738e-02,4.700583299397765452e-02,3.871414471993288742e-03,4.250995966185202842e-04,-9.227672660058561238e-01
2.130000000000000071e+01,1.000000000000000000e+00,-1.851518761643871969e+00,4.594320654365920409e-01,2.236934319302880780e+00,5.979815874382311131e-02,-2.308860113735202446e-01,-2.050698060478779207e-03,-3.695252564346178381e-02,4.701415358932634764e-02,3.836291949948190776e-03,4.069563533405824718e-04,-9.138120186421095914e-01
2.132000000000000028e+01,1.000000000000000000e+00,-1.852257047244556309e+00,4.603724286890336082e-01,2.235847194830428375e+00,5.975725483531254406e-02,-2.286850045462429093e-01,-2.039705900263155420e-03,-3.687615181301630296e-02,4.702211110654070519e-02,3.801075575908485944e-03,3.887918744739379080e-04,-9.047879529722774317e-01
2.133999999999999986e+01,1.000000000000000000e+00,-1.852993812418089803e+00,4.613129474575353162e-01,2.234771634502043636e+00,5.971656998434914099e-02,-2.264650504101554940e-01,-2.028792258702964615e-03,-3.680048323624081352e-02,4.702970512638610795e-02,3.765766829563160171e-03,3.706067077297190630e-04,-8.956955645725663828e-01
2.135999999999999943e+01,1.000000000000000000e+00,-1.853729071287921748e+00,4.622536144680490788e-01,2.233707700920789296e+00,5.967610262346905586e-02,-2.242262380351725815e-01,-2.017956840596512539e-03,-3.672552174578455619e-02,4.703693524058211867e-02,3.730367190601182898e-03,3.524014008190508177e-04,-8.865353530261073089e-01
2.137999999999999901e+01,1.000000000000000000e+00,-1.854462838013857251e+00,4.631944224384697550e-01,2.232655456072706102e+00,5.963585119136834145e-02,-2.219686585332694972e-01,-2.007199325186721176e-03,-3.665126914470295122e-02,4.704380105180250293e-02,3.694878138711535278e-03,3.341765014530635280e-04,-8.773078218377435844e-01
2.139999999999999858e+01,1.000000000000000000e+00,-1.855195126791468141e+00,4.641353640788561941e-01,2.231614961324308144e+00,5.959581413341196593e-02,-2.196924050662781291e-01,-1.996519366380288072e-03,-3.657772720645766779e-02,4.705030217367526385e-02,3.659301153583188054e-03,3.159325573428827796e-04,-8.680134783504591667e-01
2.142000000000000171e+01,1.000000000000000000e+00,-1.855925951851500777e+00,4.650764320916493388e-01,2.230586277420148811e+00,5.955598990213830518e-02,-2.173975728536270968e-01,-1.985916592971206755e-03,-3.650489767491663096e-02,4.705643823078268367e-02,3.623637714905127150e-03,2.976701161996403379e-04,-8.586528336635333991e-01
2.144000000000000128e+01,1.000000000000000000e+00,-1.856655327459278304e+00,4.660176191718902738e-01,2.229569464480451568e+00,5.951637695775894438e-02,-2.150842591800110060e-01,-1.975390608868547639e-03,-3.643278226435388290e-02,4.706220885866111564e-02,3.587889302366318971e-03,2.793897257344599453e-04,-8.492264025524326465e-01
2.146000000000000085e+01,1.000000000000000000e+00,-1.857383267914118452e+00,4.669589180074416035e-01,2.228564581998810024e+00,5.947697376865436480e-02,-2.127525634029861223e-01,-1.964940993328479456e-03,-3.636138265944978409e-02,4.706761370380130316e-02,3.552057395655741634e-03,2.610919336584706569e-04,-8.397347033905118163e-01
2.148000000000000043e+01,1.000000000000000000e+00,-1.858109787548734682e+00,4.679003212792047228e-01,2.227571688839947051e+00,5.943777881186441264e-02,-2.104025869604816135e-01,-1.954567301190433641e-03,-3.629070051529086766e-02,4.707265242364812308e-02,3.516143474462374990e-03,2.427772876828022052e-04,-8.301782580725531879e-01
2.150000000000000000e+01,1.000000000000000000e+00,-1.858834900728644879e+00,4.688418216613391976e-01,2.226590843237537864e+00,5.939879057357433378e-02,-2.080344333782163102e-01,-1.944269063117358984e-03,-3.622073745736990869e-02,4.707732468660069669e-02,3.480149018475192819e-03,2.244463355185806095e-04,-8.205575919401839613e-01
2.151999999999999957e+01,1.000000000000000000e+00,-1.859558621851583160e+00,4.697834118214825883e-01,2.225622102792093937e+00,5.936000754959580572e-02,-2.056482082770152431e-01,-1.934045785840007121e-03,-3.615149508158588265e-02,4.708163017201234118e-02,3.444075507383171069e-03,2.060996248769348977e-04,-8.108732337092218190e-01
2.153999999999999915e+01,1.000000000000000000e+00,-1.860280965346905235e+00,4.707250844209691087e-01,2.224665524468905531e+00,5.932142824584325097e-02,-2.032440193800128803e-01,-1.923896952405177970e-03,-3.608297495424403478e-02,4.708556857019066677e-02,3.407924420875290024e-03,1.877377034689937723e-04,-8.011257153989719271e-01
2.156000000000000227e+01,1.000000000000000000e+00,-1.861001945674993774e+00,4.716668321150480070e-01,2.223721164596037969e+00,5.928305117880474512e-02,-2.008219765197372664e-01,-1.913822022427858101e-03,-3.601517861205572740e-02,4.708913958239741016e-02,3.371697238640518693e-03,1.693611190058831714e-04,-7.913155722635263345e-01
2.157999999999999829e+01,1.000000000000000000e+00,-1.861721577326675536e+00,4.726086475531041109e-01,2.222789078862388301e+00,5.924487487600838681e-02,-1.983821916450611011e-01,-1.903820432347214965e-03,-3.594810756213865505e-02,4.709234292084860107e-02,3.335395440367838228e-03,1.509704191987317704e-04,-7.814433427250842001e-01
2.160000000000000142e+01,1.000000000000000000e+00,-1.862439874822618302e+00,4.735505233788756541e-01,2.221869322315788597e+00,5.920689787648302643e-02,-1.959247788280135683e-01,-1.893891595686335956e-03,-3.588176328201667098e-02,4.709517830871447208e-02,3.299020505746224578e-03,1.325661517586681636e-04,-7.715095683093380341e-01
2.162000000000000099e+01,1.000000000000000000e+00,-1.863156852712747114e+00,4.744924522306738224e-01,2.220961949361167864e+00,5.916911873121401960e-02,-1.934498542704393975e-01,-1.884034903315697125e-03,-3.581614721961987047e-02,4.709764548011947244e-02,3.262573914464652388e-03,1.141488643968202539e-04,-7.615147935829471582e-01
2.164000000000000057e+01,1.000000000000000000e+00,-1.863872525575649419e+00,4.754344267416020231e-01,2.220067013758756591e+00,5.913153600359363771e-02,-1.909575363104962786e-01,-1.874249723720269401e-03,-3.575126079328454914e-02,4.709974418014226810e-02,3.226057146212098041e-03,9.571910482431544300e-05,-7.514595660931313592e-01
2.166000000000000014e+01,1.000000000000000000e+00,-1.864586908017984657e+00,4.763764395397748763e-01,2.219184568622345477e+00,5.909414826986607305e-02,-1.884479454289796907e-01,-1.864535403270215679e-03,-3.568710539175327934e-02,4.710147416481579030e-02,3.189471680677542689e-03,7.727742075228326020e-05,-7.413444363094110479e-01
2.167999999999999972e+01,1.000000000000000000e+00,-1.865300014673885842e+00,4.773184832485364293e-01,2.218314666417584125e+00,5.905695411956687207e-02,-1.859212042554626299e-01,-1.854891266495092709e-03,-3.562368237417473660e-02,4.710283520112710370e-02,3.152818997549953605e-03,5.882435989184914873e-05,-7.311699575675145724e-01
2.169999999999999929e+01,1.000000000000000000e+00,-1.866011860204380923e+00,4.782605504866812574e-01,2.217457358960329028e+00,5.901995215595724764e-02,-1.833774375742401319e-01,-1.845316616361543892e-03,-3.556099307010396338e-02,4.710382706701760763e-02,3.116100576518313677e-03,4.036046995414231269e-05,-7.209366860154799994e-01
2.171999999999999886e+01,1.000000000000000000e+00,-1.866722459296787484e+00,4.792026338686714571e-01,2.216612697415030642e+00,5.898314099645226433e-02,-1.808167723300670715e-01,-1.835810734554356363e-03,-3.549903877950212616e-02,4.710444955138284873e-02,3.079317897271595383e-03,2.188629865029068558e-05,-7.106451805619715678e-01
2.174000000000000199e+01,1.000000000000000000e+00,-1.867431826664126548e+00,4.801447260048563037e-01,2.215780732293161304e+00,5.894651927304370848e-02,-1.782393376336772195e-01,-1.826372881760884729e-03,-3.543782077273659875e-02,4.710470245407258338e-02,3.042472439498779442e-03,3.402393691422779460e-06,-7.002960028268305770e-01
2.175999999999999801e+01,1.000000000000000000e+00,-1.868139977044533717e+00,4.810868195016926863e-01,2.214961513451683572e+00,5.891008563271733778e-02,-1.756452647670682654e-01,-1.817002297958733277e-03,-3.537734029058108021e-02,4.710458558589086797e-02,3.005565682888837898e-03,-1.509069721133391345e-05,-6.898897170938645962e-01
2.178000000000000114e+01,1.000000000000000000e+00,-1.868846925200662312e+00,4.820289069619622113e-01,2.214155090091552758e+00,5.887383873786390664e-02,-1.730346871885486693e-01,-1.807698202706669970e-03,-3.531759854421538669e-02,4.710409876859592698e-02,2.968599107130749735e-03,-3.359242634685099123e-05,-6.794268902659222897e-01
2.180000000000000071e+01,1.000000000000000000e+00,-1.869552685919090740e+00,4.829709809849911939e-01,2.213361510756256756e+00,5.883777726668475844e-02,-1.704077405375236387e-01,-1.798459795438686138e-03,-3.525859671522556943e-02,4.710324183490017386e-02,2.931574191913485696e-03,-5.210224600400207803e-05,-6.689080918222264360e-01
2.182000000000000028e+01,1.000000000000000000e+00,-1.870257274009739623e+00,4.839130341668708146e-01,2.212580823330385194e+00,5.880189991359140861e-02,-1.677645626390162348e-01,-1.789286255761173266e-03,-3.520033595560397022e-02,4.710201462847035669e-02,2.894492416926029970e-03,-7.061960847165733282e-05,-6.583338937780132127e-01
2.183999999999999986e+01,1.000000000000000000e+00,-1.870960704305267619e+00,4.848550591006737798e-01,2.211813075038235432e+00,5.876620538959893142e-02,-1.651052935079047601e-01,-1.780176743753118405e-03,-3.514281738774908265e-02,4.710041700392733621e-02,2.857355261857354601e-03,-8.914396603868918461e-05,-6.477048706464599848e-01
2.185999999999999943e+01,1.000000000000000000e+00,-1.871662991660486997e+00,4.857970483766752001e-01,2.211058312442441220e+00,5.873069242271357349e-02,-1.624300753528670760e-01,-1.771130400269305865e-03,-3.508604210446562843e-02,4.709844882684620371e-02,2.820164206396435971e-03,-1.076747709939710856e-04,-6.370215994029289064e-01
2.187999999999999901e+01,1.000000000000000000e+00,-1.872364150951770778e+00,4.867389945825716380e-01,2.210316581442633321e+00,5.869535975831426111e-02,-1.597390525800168326e-01,-1.762146347246428902e-03,-3.503001116896457129e-02,4.709610997375637820e-02,2.782920730232250027e-03,-1.262114756263732897e-04,-6.262846594515194543e-01
2.189999999999999858e+01,1.000000000000000000e+00,-1.873064197076461657e+00,4.876808903036995990e-01,2.209587927274124119e+00,5.866020615952773770e-02,-1.570323717962189836e-01,-1.753223688012086256e-03,-3.497472561486310305e-02,4.709340033214139132e-02,2.745626313053774886e-03,-1.447535322247676633e-04,-6.154946325939431029e-01
2.192000000000000171e+01,1.000000000000000000e+00,-1.873763144952274473e+00,4.886227281232541908e-01,2.208872394506616210e+00,5.862523040759765741e-02,-1.543101818120706514e-01,-1.744361507596578747e-03,-3.492018644618458123e-02,4.709031980043901916e-02,2.708282434549982159e-03,-1.633003930780285804e-04,-6.046521030007158126e-01
2.194000000000000128e+01,1.000000000000000000e+00,-1.874461009516714238e+00,4.895645006225100015e-01,2.208170027042931860e+00,5.859043130224749624e-02,-1.515726336445344380e-01,-1.735558873047480339e-03,-3.486639463735867472e-02,4.708686828804130309e-02,2.670890574409854300e-03,-1.818515104750259288e-04,-5.937576571846742146e-01
2.196000000000000085e+01,1.000000000000000000e+00,-1.875157805726474169e+00,4.905062003810380378e-01,2.207480868117763340e+00,5.855580766203694054e-02,-1.488198805192089968e-01,-1.726814833746897170e-03,-3.481335113322119035e-02,4.708304571529448729e-02,2.633452212322367689e-03,-2.004063367046315209e-04,-5.828118839768082760e-01
2.198000000000000043e+01,1.000000000000000000e+00,-1.875853548556849049e+00,4.914478199769257705e-01,2.206804960296441021e+00,5.852135832471194732e-02,-1.460520778722243507e-01,-1.718128421731390017e-03,-3.476105684901416304e-02,4.707885201349898407e-02,2.595968827976489601e-03,-2.189643240557196898e-04,-5.718153745044117775e-01
2.200000000000000000e+01,1.000000000000000000e+00,-1.876548253001145028e+00,4.923893519869967927e-01,2.206142345473719679e+00,5.848708214754862189e-02,-1.432693833517484361e-01,-1.709498652014498216e-03,-3.470951267038591137e-02,4.707428712490950573e-02,2.558441901061202055e-03,-2.375249248171610011e-04,-5.607687221715494941e-01
2.201999999999999957e+01,1.000000000000000000e+00,-1.877241934070082552e+00,4.933307889870292562e-01,2.205493064872574127e+00,5.845297800769029550e-02,-1.404719568190886669e-01,-1.700924522911794520e-03,-3.465871945339092652e-02,4.706935100273496736e-02,2.520872911265485770e-03,-2.560875912778261829e-04,-5.496725226418229804e-01
2.203999999999999915e+01,1.000000000000000000e+00,-1.877934606791207273e+00,4.942721235519741962e-01,2.204857159043013937e+00,5.841904480247818443e-02,-1.376599603493757207e-01,-1.692405016368440582e-03,-3.460867802448990005e-02,4.706404361113845913e-02,2.483263338278308020e-03,-2.746517757265900020e-04,-5.385273738234338525e-01
2.206000000000000227e+01,1.000000000000000000e+00,-1.878626286208301188e+00,4.952133482561767996e-01,2.204234667860904828e+00,5.838528144977563755e-02,-1.348335582318169745e-01,-1.683939098289195108e-03,-3.455938918054980713e-02,4.705836492523738507e-02,2.445614661788652125e-03,-2.932169304523225091e-04,-5.273338758565402351e-01
2.207999999999999829e+01,1.000000000000000000e+00,-1.879316987380785120e+00,4.961544556735932310e-01,2.203625630526801604e+00,5.835168688828549360e-02,-1.319929169695015503e-01,-1.675525718870795981e-03,-3.451085368884379556e-02,4.705231493110328955e-02,2.407928361485492299e-03,-3.117825077438960584e-04,-5.160926311028782854e-01
2.210000000000000142e+01,1.000000000000000000e+00,-1.880006725383127852e+00,4.970954383780105124e-01,2.203030085564785967e+00,5.831826007786090199e-02,-1.291382052787465318e-01,-1.667163812936698361e-03,-3.446307228705121350e-02,4.704589362576193368e-02,2.370205917057801887e-03,-3.303479598901840888e-04,-5.048042441376514589e-01
2.212000000000000099e+01,1.000000000000000000e+00,-1.880695515304259713e+00,4.980362889432662921e-01,2.202448070821312331e+00,5.828499999980958635e-02,-1.262695940879679513e-01,-1.658852300274104566e-03,-3.441604568325769969e-02,4.703910101719337156e-02,2.332448808194561608e-03,-3.489127391800560273e-04,-4.934693217436618151e-01
2.214000000000000057e+01,1.000000000000000000e+00,-1.881383372246975050e+00,4.989769999434672809e-01,2.201879623464057190e+00,5.825190565719101654e-02,-1.233872565360623619e-01,-1.650590085973234998e-03,-3.436977455595507935e-02,4.703193712433186013e-02,2.294658514584744808e-03,-3.674762979023858548e-04,-4.820884729076684305e-01
2.216000000000000014e+01,1.000000000000000000e+00,-1.882070311327339818e+00,4.999175639532076332e-01,2.201324779980769808e+00,5.821897607510689160e-02,-1.204913679702870194e-01,-1.642376060768801962e-03,-3.432425955404135726e-02,4.702440197706578978e-02,2.256836515917326133e-03,-3.860380883460456545e-04,-4.706623088189602067e-01
2.217999999999999972e+01,1.000000000000000000e+00,-1.882756347674108044e+00,5.008579735477902695e-01,2.200783576178124257e+00,5.818621030098510005e-02,-1.175821059436206739e-01,-1.634209101383635393e-03,-3.427950129682084957e-02,4.701649561623794799e-02,2.218984291881289771e-03,-4.045975627999054500e-04,-4.591914428701099893e-01
2.219999999999999929e+01,1.000000000000000000e+00,-1.883441496428116313e+00,5.017982213034432037e-01,2.200256047180570551e+00,5.815360740485610996e-02,-1.146596502115937305e-01,-1.626088070874403494e-03,-3.423550037400398260e-02,4.700821809364516546e-02,2.181103322165601262e-03,-4.231541735528408484e-04,-4.476764906598970084e-01
2.221999999999999886e+01,1.000000000000000000e+00,-1.884125772741703564e+00,5.027382997975400336e-01,2.199742227429182240e+00,5.812116647962312088e-02,-1.117241827285743172e-01,-1.618011818979411777e-03,-3.419225734570748021e-02,4.699956947203856594e-02,2.143195086459240024e-03,-4.417073728937212767e-04,-4.361180699983767117e-01
2.224000000000000199e+01,1.000000000000000000e+00,-1.884809191778117565e+00,5.036782016088201530e-01,2.199242150680500441e+00,5.808888664132488833e-02,-1.087758876434931354e-01,-1.609979182468407018e-03,-3.414977274245428740e-02,4.699054982512355233e-02,2.105261064451187641e-03,-4.602566131114187100e-04,-4.245168009140598553e-01
2.225999999999999801e+01,1.000000000000000000e+00,-1.885491768710915617e+00,5.046179193176050237e-01,2.198755850005373880e+00,5.805676702939142203e-02,-1.058149512949959486e-01,-1.601988985494344920e-03,-3.410804706517352874e-02,4.698115923755966788e-02,2.067302735830416158e-03,-4.788013464948061531e-04,-4.128733056631835319e-01
2.228000000000000114e+01,1.000000000000000000e+00,-1.886173518723379239e+00,5.055574455060196648e-01,2.198283357787785608e+00,5.802480680689294651e-02,-1.028415622060092904e-01,-1.594040039947103695e-03,-3.406708078520055694e-02,4.697139780496072115e-02,2.029321580285903693e-03,-4.973410253327544429e-04,-4.011882087410432729e-01
2.230000000000000071e+01,1.000000000000000000e+00,-1.886854457007924424e+00,5.064967727582113666e-01,2.197824705723680161e+00,5.799300516078158274e-02,-9.985591107770541708e-02,-1.586131145809070503e-03,-3.402687434427699442e-02,4.696126563389474429e-02,1.991319077506625759e-03,-5.158751019141368009e-04,-3.894621368953528617e-01
2.232000000000000028e+01,1.000000000000000000e+00,-1.887534598765499227e+00,5.074358936605670722e-01,2.197379924819769403e+00,5.796136130212584808e-02,-9.685819078285383410e-02,-1.578261091512574502e-03,-3.398742815455061544e-02,4.695076284188396537e-02,1.953296707181553099e-03,-5.344030285278261782e-04,-3.776957191416030479e-01
2.233999999999999986e+01,1.000000000000000000e+00,-1.888213959205003567e+00,5.083748008019343123e-01,2.196949045392337929e+00,5.792987446633809934e-02,-9.384859635854687909e-02,-1.570428654299131166e-03,-3.394874259857542931e-02,4.693988955740480834e-02,1.915255948999671203e-03,-5.529242574626913511e-04,-3.658895867803885760e-01
2.235999999999999943e+01,1.000000000000000000e+00,-1.888892553542693031e+00,5.093134867738403626e-01,2.196532097066023592e+00,5.789854391339490508e-02,-9.082732499828188866e-02,-1.562632600580431087e-03,-3.391081802931172895e-02,4.692864591988804568e-02,1.877198282649948863e-03,-5.714382410076079269e-04,-3.540443734166485723e-01
2.237999999999999901e+01,1.000000000000000000e+00,-1.889570397001583801e+00,5.102519441707098480e-01,2.196129108772595373e+00,5.786736892804972276e-02,-8.779457604339604981e-02,-1.554871686301071082e-03,-3.387365477012596604e-02,4.691703207971852085e-02,1.839125187821368749e-03,-5.899444314514451157e-04,-3.421607149808207904e-01
2.239999999999999858e+01,1.000000000000000000e+00,-1.890247504810863566e+00,5.111901655900845665e-01,2.195740108749703712e+00,5.783634882003881039e-02,-8.475055097383096814e-02,-1.547144657302946744e-03,-3.383725311479080650e-02,4.690504819823538424e-02,1.801038144202900086e-03,-6.084422810830770068e-04,-3.302392497518278347e-01
2.242000000000000171e+01,1.000000000000000000e+00,-1.890923892205302437e+00,5.121281436328434244e-01,2.195365124539621071e+00,5.780548292427963031e-02,-8.169545339822444074e-02,-1.539450249691314866e-03,-3.380161332748519987e-02,4.689269444773203760e-02,1.762938631483528798e-03,-6.269312421913730273e-04,-3.182806183818945311e-01
2.244000000000000128e+01,1.000000000000000000e+00,-1.891599574424654540e+00,5.130658709034199294e-01,2.195004182987962515e+00,5.777477060106171042e-02,-7.862948904330872846e-02,-1.531787190202430577e-03,-3.376673564279422668e-02,4.687997101145599532e-02,1.724828129352221507e-03,-6.454107670652086759e-04,-3.062854639231206710e-01
2.246000000000000085e+01,1.000000000000000000e+00,-1.892274566713070705e+00,5.140033400100219030e-01,2.194657310242384529e+00,5.774421123623052488e-02,-7.555286574261231569e-02,-1.524154196572781060e-03,-3.373262026570925110e-02,4.686687808360904400e-02,1.686708117497955897e-03,-6.638803079934543555e-04,-2.942544318557991923e-01
2.248000000000000043e+01,1.000000000000000000e+00,-1.892948884318508940e+00,5.149405435648521934e-01,2.194324531751263407e+00,5.771380424136382525e-02,-7.246579342444679772e-02,-1.516549977909834339e-03,-3.369926737162785846e-02,4.685341586934727715e-02,1.648580075609710951e-03,-6.823393172649818783e-04,-2.821881701184077995e-01
2.250000000000000000e+01,1.000000000000000000e+00,-1.893622542492134908e+00,5.158774741843247247e-01,2.194005872262350998e+00,5.768354905394028342e-02,-6.936848409917210911e-02,-1.508973235064285786e-03,-3.366667710635383448e-02,4.683958458478090781e-02,1.610445483376464785e-03,-7.007872471686624064e-04,-2.700873291392450470e-01
2.251999999999999957e+01,1.000000000000000000e+00,-1.894295556487736176e+00,5.168141244892860975e-01,2.193701355821410459e+00,5.765344513750102207e-02,-6.626115184572724248e-02,-1.501422661003761361e-03,-3.363484958609717912e-02,4.682538445697438656e-02,1.572305820487187060e-03,-7.192235499933704625e-04,-2.579525618696529854e-01
2.253999999999999915e+01,1.000000000000000000e+00,-1.894967941561129798e+00,5.177504871052331925e-01,2.193411005770819600e+00,5.762349198180358179e-02,-6.314401279741990725e-02,-1.493896941187951343e-03,-3.360378489747412739e-02,4.681081572394644313e-02,1.534162566630860227e-03,-7.376476780279761242e-04,-2.457845238187932047e-01
2.256000000000000227e+01,1.000000000000000000e+00,-1.895639712969566126e+00,5.186865546625331058e-01,2.193134844748159118e+00,5.759368910296818606e-02,-6.001728512696023060e-02,-1.486394753945118616e-03,-3.357348309750712856e-02,4.679587863466994763e-02,1.496017201496460019e-03,-7.560590835613504451e-04,-2.335838730899043869e-01
2.257999999999999829e+01,1.000000000000000000e+00,-1.896310885971143501e+00,5.196223197966419738e-01,2.192872894684763097e+00,5.756403604361670645e-02,-5.688118903073360877e-02,-1.478914770849973272e-03,-3.354394421362486001e-02,4.678057344907206316e-02,1.457871204772963033e-03,-7.744572188823671891e-04,-2.213512704180083668e-01
2.260000000000000142e+01,1.000000000000000000e+00,-1.896981475824210506e+00,5.205577751483240201e-01,2.192625176804251286e+00,5.753453237300387019e-02,-5.373594671230173120e-02,-1.471455657102850416e-03,-3.351516824366221337e-02,4.676490043803414876e-02,1.419726056149336543e-03,-7.928415362799003368e-04,-2.090873792090020833e-01
2.262000000000000099e+01,1.000000000000000000e+00,-1.897651497786777552e+00,5.214929133638702696e-01,2.192391711621027195e+00,5.750517768714097366e-02,-5.058178236512670539e-02,-1.464016071910192703e-03,-3.348715515586029451e-02,4.674885988339175930e-02,1.381583235314567774e-03,-8.112114880428176892e-04,-1.967928655800946225e-01
2.264000000000000057e+01,1.000000000000000000e+00,-1.898320967115923796e+00,5.224277270953184837e-01,2.192172518938747761e+00,5.747597160891197016e-02,-4.741892215450286413e-02,-1.456594668866262581e-03,-3.345990488886643743e-02,4.673245207793473577e-02,1.343444221957626169e-03,-8.295665264599950701e-04,-1.844683984015037803e-01
2.266000000000000014e+01,1.000000000000000000e+00,-1.898989899067204723e+00,5.233622090006715410e-01,2.191967617848764593e+00,5.744691378818183453e-02,-4.424759419869981475e-02,-1.449190096336085316e-03,-3.343341735173421814e-02,4.671567732540708034e-02,1.305310495767493962e-03,-8.479061038203009309e-04,-1.721146493393977683e-01
2.267999999999999972e+01,1.000000000000000000e+00,-1.899658308894061731e+00,5.242963517441164845e-01,2.191777026728530142e+00,5.741800390189731595e-02,-4.106802854929993835e-02,-1.441800997839569462e-03,-3.340769242392337135e-02,4.669853594050704659e-02,1.267183536433144284e-03,-8.662296724126091439e-04,-1.597322928999846403e-01
2.269999999999999929e+01,1.000000000000000000e+00,-1.900326211847229496e+00,5.252301479962444564e-01,2.191600763239977656e+00,5.738924165418005097e-02,-3.788045717073107443e-02,-1.434426012436783955e-03,-3.338272995529992238e-02,4.668102824888710478e-02,1.229064823643552648e-03,-8.845366845257917384e-04,-1.473220064747169933e-01
2.271999999999999886e+01,1.000000000000000000e+00,-1.900993623174143110e+00,5.261635904342687464e-01,2.191438844327862512e+00,5.736062677641182855e-02,-3.468511391898577989e-02,-1.427063775114348690e-03,-3.335852976613607607e-02,4.666315458715394882e-02,1.190955837087694352e-03,-9.028265924487209604e-04,-1.348844703865395844e-01
2.274000000000000199e+01,1.000000000000000000e+00,-1.901660558118348998e+00,5.270966717422445047e-01,2.191291286218074230e+00,5.733215902731220170e-02,-3.148223451952262414e-02,-1.419712917172919701e-03,-3.333509164711026540e-02,4.664491530286848930e-02,1.152858056454545560e-03,-9.210988484702700317e-04,-1.224203679371197589e-01
2.275999999999999801e+01,1.000000000000000000e+00,-1.902327031918909173e+00,5.280293846112874556e-01,2.191158104415912966e+00,5.730383819300836207e-02,-2.827205654434595053e-02,-1.412372066615716262e-03,-3.331241535930714454e-02,4.662631075454588131e-02,1.114772961433086775e-03,-9.393529048793074036e-04,-1.099303854550008480e-01
2.278000000000000114e+01,1.000000000000000000e+00,-1.902993059809812371e+00,5.289617217397935001e-01,2.191039313704331803e+00,5.727566408709715284e-02,-2.505481938825783114e-02,-1.405039848538082751e-03,-3.329050063421759575e-02,4.660734131165548272e-02,1.076702031712287438e-03,-9.575882139647098759e-04,-9.741521234460411016e-02
2.280000000000000071e+01,1.000000000000000000e+00,-1.903658657019381639e+00,5.298936758336569852e-01,2.190934928142143523e+00,5.724763655069932400e-02,-2.183076424428515364e-02,-1.397714885518032586e-03,-3.326934717373872252e-02,4.658800735462087506e-02,1.038646746981131304e-03,-9.758042280153448158e-04,-8.487554113603763828e-02
2.282000000000000028e+01,1.000000000000000000e+00,-1.904323838769681476e+00,5.308252396064907508e-01,2.190844961062193175e+00,5.721975545250598122e-02,-1.860013407827080384e-02,-1.390395798007751675e-03,-3.324895465017382867e-02,4.656830927481984267e-02,1.000608586928591719e-03,-9.940003993200862038e-04,-7.231206753561192357e-02
2.283999999999999986e+01,1.000000000000000000e+00,-1.904988620275926303e+00,5.317564057798443988e-01,2.190769425069493792e+00,5.719202068881719392e-02,-1.536317360263542153e-02,-1.383081204726030163e-03,-3.322932270623246698e-02,4.654824747458444906e-02,9.625890312436434374e-04,-1.012176180167806286e-03,-5.972549047702632036e-02
2.285999999999999943e+01,1.000000000000000000e+00,-1.905653016745889161e+00,5.326871670834240069e-01,2.190708332039324802e+00,5.716443218357267902e-02,-1.212012924930372902e-02,-1.375769723051586046e-03,-3.321045095503037670e-02,4.652782236720091197e-02,9.245895596152587216e-04,-1.030331022847378935e-03,-4.711651217313840567e-02
2.287999999999999901e+01,1.000000000000000000e+00,-1.906317043379309295e+00,5.336175162553106199e-01,2.190661693115295350e+00,5.713698988837472709e-02,-8.871249141798731933e-03,-1.368459969417256360e-03,-3.319233898008954603e-02,4.650703437690973524e-02,8.866116517324250119e-04,-1.048464379647672060e-03,-3.448583816826046589e-02
2.289999999999999858e+01,1.000000000000000000e+00,-1.906980715367300627e+00,5.345474460421799634e-01,2.190629518707370771e+00,5.710969378250313477e-02,-5.616783066497510815e-03,-1.361150559705003038e-03,-3.317498633533817742e-02,4.648588393890560472e-02,8.486567872841056792e-04,-1.066575702857561593e-03,-2.183417739088616694e-02
2.292000000000000171e+01,1.000000000000000000e+00,-1.907644047891759564e+00,5.354769491995207131e-01,2.190611818489860863e+00,5.708254387292225479e-02,-2.356982443061820393e-03,-1.353840109641743419e-03,-3.315839254511068757e-02,4.646437149933745070e-02,8.107264459592896820e-04,-1.084664444765915878e-03,-9.162242206822473339e-03
2.294000000000000128e+01,1.000000000000000000e+00,-1.908307056124773249e+00,5.364060184918545415e-01,2.190608601399371747e+00,5.705554019428016321e-02,9.078997059693798407e-04,-1.346527235195912799e-03,-3.314255710414772821e-02,4.644249751530839243e-02,7.728221074469454870e-04,-1.102730057661609111e-03,3.529251527403510797e-03
2.296000000000000085e+01,1.000000000000000000e+00,-1.908969755228028031e+00,5.373346466929546095e-01,2.190619875632718649e+00,5.702868280889983321e-02,4.177608786409259950e-03,-1.339210552974790056e-03,-3.312747947759614453e-02,4.642026245487582137e-02,7.349452514360494760e-04,-1.120771993833513972e-03,1.623958441088400526e-02
2.298000000000000043e+01,1.000000000000000000e+00,-1.909632160352216612e+00,5.382628265860646133e-01,2.190645648644804933e+00,5.700197180676236375e-02,7.451888664479648650e-03,-1.331888680622503708e-03,-3.311315910100900983e-02,4.639766679705129016e-02,6.970973576155762956e-04,-1.138789705570502709e-03,2.896803344452517082e-02
2.300000000000000000e+01,1.000000000000000000e+00,-1.910294286636447847e+00,5.391905509641181649e-01,2.190685927146458933e+00,5.697540730548233956e-02,1.073048169968583883e-02,-1.324560237218716475e-03,-3.309959538034565329e-02,4.637471103180063059e-02,6.592799056745110011e-04,-1.156782645161443879e-03,4.171387197715429457e-02
2.301999999999999957e+01,1.000000000000000000e+00,-1.910956149207652555e+00,5.401178126299575055e-01,2.190740717102236612e+00,5.694898945027502407e-02,1.401312877850938339e-02,-1.317223843677931081e-03,-3.308678769197158365e-02,4.635139566004387729e-02,6.214943753018210837e-04,-1.174750264895212766e-03,5.447636965163444450e-02
2.303999999999999915e+01,1.000000000000000000e+00,-1.911617763179993545e+00,5.410446043965532192e-01,2.190810023728187339e+00,5.692271841391572523e-02,1.729956934890561002e-02,-1.309878123149409287e-03,-3.307473538265853080e-02,4.632772119365527463e-02,5.837422461864830332e-04,-1.192692017060681831e-03,6.725479235103501430e-02
2.306000000000000227e+01,1.000000000000000000e+00,-1.912279143654273650e+00,5.419709190872225024e-01,2.190893851489579269e+00,5.689659439669107061e-02,2.058954145560580248e-02,-1.302521701417649067e-03,-3.306343776958447361e-02,4.630368815546330452e-02,5.460249980174789776e-04,-1.210607353946720503e-03,8.004840214496170003e-02
2.307999999999999829e+01,1.000000000000000000e+00,-1.912940305717342415e+00,5.428967495358490991e-01,2.190992204098589635e+00,5.687061762634233741e-02,2.388278177621516035e-02,-1.295153207303391309e-03,-3.305289414033359824e-02,4.627929707925068636e-02,5.083441104837816121e-04,-1.228495727842202111e-03,9.285645723611955782e-02
2.310000000000000142e+01,1.000000000000000000e+00,-1.913601264441505467e+00,5.438220885871014598e-01,2.191105084511960843e+00,5.684478835800062940e-02,2.717902565809523704e-02,-1.287771273065126121e-03,-3.304310375289629814e-02,4.625454850975430771e-02,4.707010632743673724e-04,-1.246356591035998468e-03,1.056782119071762588e-01
2.312000000000000099e+01,1.000000000000000000e+00,-1.914262034883932762e+00,5.447469290966530098e-01,2.191232494928617047e+00,5.681910687411417110e-02,3.047800715602569030e-02,-1.280374534801059262e-03,-3.303406583566920185e-02,4.622944300266532136e-02,4.330973360782048340e-04,-1.264189395816985289e-03,1.185129164680219227e-01
2.314000000000000057e+01,1.000000000000000000e+00,-1.914922632086065946e+00,5.456712639313995306e-01,2.191374436787242974e+00,5.679357348436751135e-02,3.377945907063003433e-02,-1.272961632851505979e-03,-3.302577958745515213e-02,4.620398112462911766e-02,3.955344085842853403e-04,-1.281993594474028098e-03,1.313598172034846079e-01
2.316000000000000014e+01,1.000000000000000000e+00,-1.915583071073025723e+00,5.465950859696799835e-01,2.191530910763835216e+00,5.676818852559256667e-02,3.708311298756492708e-02,-1.265531212201659750e-03,-3.301824417746321988e-02,4.617816345324525507e-02,3.580137604815783340e-04,-1.299768639296001527e-03,1.442181563216234641e-01
2.317999999999999972e+01,1.000000000000000000e+00,-1.916243366853022989e+00,5.475183881014947795e-01,2.191701916769209113e+00,5.674295236167178902e-02,4.038869931744849123e-02,-1.258081922884726842e-03,-3.301145874530869023e-02,4.615199057706759200e-02,3.205368714590566188e-04,-1.317513982571778689e-03,1.570871719026309676e-01
2.319999999999999929e+01,1.000000000000000000e+00,-1.916903534416763533e+00,5.484411632287250482e-01,2.191887453946477216e+00,5.671786538343302764e-02,4.369594733652397422e-02,-1.250612420385368130e-03,-3.300542240101306257e-02,4.612546309560409952e-02,2.831052212057013468e-04,-1.335229076590231179e-03,1.699660978484609231e-01
2.321999999999999886e+01,1.000000000000000000e+00,-1.917563588736858726e+00,5.493634042653510186e-01,2.192087520668492662e+00,5.669292800853670961e-02,4.700458522804434880e-02,-1.243121366043405465e-03,-3.300013422500407134e-02,4.609858161931710413e-02,2.457202894104811475e-04,-1.352913373640231894e-03,1.828541638332601693e-01
2.324000000000000199e+01,1.000000000000000000e+00,-1.918223544767231337e+00,5.502851041376726204e-01,2.192302114535259250e+00,5.666814068135440224e-02,5.031434012436016012e-02,-1.235607427457785425e-03,-3.299559326811565829e-02,4.607134676962303110e-02,2.083835557623843829e-04,-1.370566326010649611e-03,1.957505952546737260e-01
2.325999999999999801e+01,1.000000000000000000e+00,-1.918883417442525330e+00,5.512062557845266442e-01,2.192531232371307759e+00,5.664350387283983990e-02,5.362493814970310801e-02,-1.228069278890703752e-03,-3.299179855158800717e-02,4.604375917889261260e-02,1.710964999503765925e-04,-1.388187385990360262e-03,2.086546131861352349e-01
2.328000000000000114e+01,1.000000000000000000e+00,-1.919543221677514788e+00,5.521268521575076749e-01,2.192774870223042960e+00,5.661901808039144363e-02,5.693610446363985694e-02,-1.220505601671918001e-03,-3.298874906706748128e-02,4.601581949045075587e-02,1.338606016634400668e-04,-1.405776005868233274e-03,2.215654343301888818e-01
2.330000000000000071e+01,1.000000000000000000e+00,-1.920202972366508609e+00,5.530468862211861403e-01,2.193033023356060429e+00,5.659468382770704159e-02,6.024756330519028674e-02,-1.212915084603146711e-03,-3.298644377660670673e-02,4.598752835857662646e-02,9.667734059054605103e-05,-1.423331637933142628e-03,2.344822709729683929e-01
2.332000000000000028e+01,1.000000000000000000e+00,-1.920862684382762309e+00,5.539663509533270247e-01,2.193305686252428721e+00,5.657050166463031132e-02,6.355903803758482240e-02,-1.205296424362550974e-03,-3.298488161266451002e-02,4.595888644850359972e-02,5.954819642067300697e-05,-1.440853734473959485e-03,2.474043309398865076e-01
2.333999999999999986e+01,1.000000000000000000e+00,-1.921522372577884274e+00,5.548852393451102483e-01,2.193592852607950672e+00,5.654647216698922146e-02,6.687025119364824188e-02,-1.197648325909236823e-03,-3.298406147810593186e-02,4.592989443641923991e-02,2.247464884280128033e-05,-1.458341747779554791e-03,2.603308175526403145e-01
2.335999999999999943e+01,1.000000000000000000e+00,-1.922182051781244017e+00,5.558035444013489368e-01,2.193894515329389172e+00,5.652259593642641050e-02,7.018092452179057472e-02,-1.189969502887732898e-03,-3.298398224620224806e-02,4.590055300946539046e-02,-1.454182245410025204e-05,-1.475795130138802744e-03,2.732609295876153310e-01
2.338000000000000256e+01,1.000000000000000000e+00,-1.922841736799381307e+00,5.567212591407080247e-01,2.194210666531670739e+00,5.649887360022139149e-02,7.349077903258183220e-02,-1.182258678032417588e-03,-3.298464276063096945e-02,4.587086286573807681e-02,-5.149973778105195257e-05,-1.493213333840574721e-03,2.861938612357596834e-01
2.339999999999999858e+01,1.000000000000000000e+00,-1.923501442415411988e+00,5.576383765959246341e-01,2.194541297535062441e+00,5.647530581110468684e-02,7.679953504589707991e-02,-1.174514583571821492e-03,-3.298604183547577257e-02,4.584082471428755495e-02,-8.839761744907411595e-05,-1.510595811173739934e-03,2.991288020640377465e-01
2.342000000000000171e+01,1.000000000000000000e+00,-1.924161183388439555e+00,5.585548898140256791e-01,2.194886398862325727e+00,5.645189324706399725e-02,8.010691223860713639e-02,-1.166735961632776571e-03,-3.298817825522661062e-02,4.581043927511832536e-02,-1.252339817691922681e-04,-1.527942014427172797e-03,3.120649369785364335e-01
2.343999999999999773e+01,1.000000000000000000e+00,-1.924820974452959632e+00,5.594707918565483551e-01,2.195245960235844507e+00,5.642863661114207868e-02,8.341262969279431005e-02,-1.158921564644354533e-03,-3.299105077477962333e-02,4.577970727918907051e-02,-1.620073510524354214e-04,-1.545251395889746856e-03,3.250014461893113715e-01
2.346000000000000085e+01,1.000000000000000000e+00,-1.925480830318271330e+00,5.603860757997585207e-01,2.195619970574733237e+00,5.640553663122677835e-02,8.671640594447029005e-02,-1.151070155741554767e-03,-3.299465811943719934e-02,4.574862946841274508e-02,-1.987162456098231556e-04,-1.562523407850332190e-03,3.379375051770567295e-01
2.348000000000000043e+01,1.000000000000000000e+00,-1.926140765667882837e+00,5.613007347348692999e-01,2.196008417991925921e+00,5.638259405983277878e-02,9.001795903277724775e-02,-1.143180509168677641e-03,-3.299899898490792072e-02,4.571720659565648576e-02,-2.353591857523783845e-04,-1.579757502597800610e-03,3.508722846616996183e-01
2.350000000000000000e+01,1.000000000000000000e+00,-1.926800795158920554e+00,5.622147617682612397e-01,2.196411289791244670e+00,5.635980967387543838e-02,9.331700654964548980e-02,-1.135251410682336544e-03,-3.300407203730660460e-02,4.568543942474165981e-02,-2.719346917911244824e-04,-1.596953132421023930e-03,3.638049505729907263e-01
2.351999999999999957e+01,1.000000000000000000e+00,-1.927460933421537792e+00,5.631281500217004687e-01,2.196828572464448737e+00,5.633718427443650673e-02,9.661326568988519436e-02,-1.127281657954060318e-03,-3.300987591315428238e-02,4.565332873044387896e-02,-3.084412840370899197e-04,-1.614109749608876780e-03,3.767346640231840627e-01
2.353999999999999915e+01,1.000000000000000000e+00,-1.928121195058322357e+00,5.640408926325588546e-01,2.197260251688273769e+00,5.631471868652178359e-02,9.990645330168682059e-02,-1.119270060972424926e-03,-3.301640921937820661e-02,4.562087529849294387e-02,-3.448774828012928667e-04,-1.631226806450228155e-03,3.896605812818859649e-01
2.356000000000000227e+01,1.000000000000000000e+00,-1.928781594643704356e+00,5.649529827540312743e-01,2.197706312321450639e+00,5.629241375881083309e-02,1.031962859375088054e-01,-1.111215442444659285e-03,-3.302367053331185798e-02,4.558807992557292743e-02,-3.812418083947608448e-04,-1.648303755233951817e-03,4.025818537531741237e-01
2.357999999999999829e+01,1.000000000000000000e+00,-1.929442146723364226e+00,5.658644135553571042e-01,2.198166738401717168e+00,5.627027036339846827e-02,1.064824799053228077e-01,-1.103116638197672132e-03,-3.303165840269493142e-02,4.555494341932204982e-02,-4.175327811285153585e-04,-1.665340048248918495e-03,4.154976279550533502e-01
2.360000000000000142e+01,1.000000000000000000e+00,-1.930102865813642765e+00,5.667751782220370460e-01,2.198641513142812975e+00,5.624828939552849183e-02,1.097647513201940317e-01,-1.094972497578438134e-03,-3.304037134567334999e-02,4.552146659833282427e-02,-4.537489213135831160e-04,-1.682335137784002387e-03,4.284070455013480605e-01
2.362000000000000099e+01,1.000000000000000000e+00,-1.930763766400945602e+00,5.676852699560535065e-01,2.199130618931469883e+00,5.622647177331921431e-02,1.130428161561684020e-01,-1.086781883853680337e-03,-3.304980785079922323e-02,4.548765029215195987e-02,-4.898887492609897958e-04,-1.699288476128075305e-03,4.413092430861068061e-01
2.364000000000000057e+01,1.000000000000000000e+00,-1.931424862941155229e+00,5.685946819760893112e-01,2.199634037324396107e+00,5.620481843748108275e-02,1.163163902984402920e-01,-1.078543674608799545e-03,-3.305996637703093044e-02,4.545349534128038244e-02,-5.259507852817486622e-04,-1.716199515570005375e-03,4.542033524706057257e-01
2.366000000000000014e+01,1.000000000000000000e+00,-1.932086169859036362e+00,5.695034075177471955e-01,2.200151749045251126e+00,5.618333035102633655e-02,1.195851895957774774e-01,-1.070256762145968413e-03,-3.307084535373305823e-02,4.541900259717324834e-02,-5.619335496868900015e-04,-1.733067708398667445e-03,4.670885004730482848e-01
2.367999999999999972e+01,1.000000000000000000e+00,-1.932747701547645969e+00,5.704114398337684078e-01,2.200683733981618762e+00,5.616200849897070441e-02,1.228489299131682866e-01,-1.061920053881345617e-03,-3.308244318067637968e-02,4.538417292223993760e-02,-5.978355627874391669e-04,-1.749892506902933978e-03,4.799638089610148706e-01
2.370000000000000284e+01,1.000000000000000000e+00,-1.933409472367739523e+00,5.713187721942514230e-01,2.201229971181981160e+00,5.614085388802712157e-02,1.261073271846703536e-01,-1.053532472741336998e-03,-3.309475822803792378e-02,4.534900718984403306e-02,-6.336553448944206440e-04,-1.766673363371677654e-03,4.928283948467732101e-01
2.371999999999999886e+01,1.000000000000000000e+00,-1.934071496647181032e+00,5.722253978868721003e-01,2.201790438852690990e+00,5.611986754629162688e-02,1.293600974664289305e-01,-1.045092957557833442e-03,-3.310778883640094761e-02,4.531350628430337590e-02,-6.693914163188534978e-04,-1.783409730093768117e-03,5.056813700855132820e-01
2.374000000000000199e+01,1.000000000000000000e+00,-1.934733788680349065e+00,5.731313102171020635e-01,2.202365114354946307e+00,5.609905052292126632e-02,1.326069569898399025e-01,-1.036600463462358053e-03,-3.312153331675488088e-02,4.527767110088999625e-02,-7.050422973717663340e-04,-1.800101059358079564e-03,5.185218416766037564e-01
2.375999999999999801e+01,1.000000000000000000e+00,-1.935396362727546782e+00,5.740365025084275263e-01,2.202953974201774301e+00,5.607840388780418323e-02,1.358476222148241042e-01,-1.028053962279061899e-03,-3.313598995049540918e-02,4.524150254583018255e-02,-7.406065083641781089e-04,-1.816746803453481857e-03,5.313489116679285251e-01
2.378000000000000114e+01,1.000000000000000000e+00,-1.936059233014409964e+00,5.749409681025695606e-01,2.203556994055016371e+00,5.605792873122186076e-02,1.390818098831901051e-01,-1.019452442916480087e-03,-3.315115698942444622e-02,4.520500153630441220e-02,-7.760825696071161272e-04,-1.833346414668848541e-03,5.441616771634051331e-01
2.380000000000000071e+01,1.000000000000000000e+00,-1.936722413731313042e+00,5.758447003597017000e-01,2.204174148722329640e+00,5.603762616350346781e-02,1.423092370720515365e-01,-1.010794911757993946e-03,-3.316703265575010606e-02,4.516816900044737237e-02,-8.114690014116050917e-04,-1.849899345293053166e-03,5.569592303337449479e-01
2.382000000000000028e+01,1.000000000000000000e+00,-1.937385919032779791e+00,5.767476926586700969e-01,2.204805412154192457e+00,5.601749731467258603e-02,1.455296212472717843e-01,-1.002080393050912592e-03,-3.318361514208673091e-02,4.513100587734803631e-02,-8.467643240886635250e-04,-1.866405047614963638e-03,5.697406584305361177e-01
2.383999999999999986e+01,1.000000000000000000e+00,-1.938049763036890027e+00,5.776499383972119039e-01,2.205450757440930776e+00,5.599754333408590162e-02,1.487426803169112910e-01,-9.933079292940986179e-04,-3.320090261145487720e-02,4.509351311704952459e-02,-8.819670579493224180e-04,-1.882862973923456326e-03,5.825050438037434608e-01
2.385999999999999943e+01,1.000000000000000000e+00,-1.938713959824687416e+00,5.785514309921750975e-01,2.206110156809759193e+00,5.597776539006446561e-02,1.519481326846379432e-01,-9.844765816240694072e-04,-3.321889319728132950e-02,4.505569168054925078e-02,-9.170757233045992093e-04,-1.899272576507400221e-03,5.952514639226589299e-01
2.388000000000000256e+01,1.000000000000000000e+00,-1.939378523439589719e+00,5.794521638797365259e-01,2.206783581621838852e+00,5.595816466951695350e-02,1.551456973030848896e-01,-9.755854301994802647e-04,-3.323758500339910049e-02,4.501754253979879661e-02,-9.520888404655242394e-04,-1.915633307655670173e-03,6.079789914004261053e-01
2.389999999999999858e+01,1.000000000000000000e+00,-1.940043467886793715e+00,5.803521305156222887e-01,2.207471002369359336e+00,5.593874237755547957e-02,1.583350937271135461e-01,-9.666335745839309442e-04,-3.325697610404739629e-02,4.497906667770399519e-02,-9.870049297431120194e-04,-1.931944619657134307e-03,6.206866940221604789e-01
2.392000000000000171e+01,1.000000000000000000e+00,-1.940708807132685676e+00,5.812513243753255621e-01,2.208172388672644537e+00,5.591949973710368810e-02,1.615160421669639690e-01,-9.576201341269808534e-04,-3.327706454387167195e-02,4.494026508812490328e-02,-1.021822511448392239e-03,-1.948205964800666604e-03,6.333736347767802144e-01
2.393999999999999773e+01,1.000000000000000000e+00,-1.941374555104249833e+00,5.821497389543269785e-01,2.208887709277284284e+00,5.590043798849714946e-02,1.646882635412556528e-01,-9.485442483433279481e-04,-3.329784833792358983e-02,4.490113877587576657e-02,-1.056540105892388517e-03,-1.964416795375140395e-03,6.460388718925810236e-01
2.396000000000000085e+01,1.000000000000000000e+00,-1.942040725688473968e+00,5.830473677683122302e-01,2.209616932051295279e+00,5.588155838907640088e-02,1.678514795298130802e-01,-9.394050772900343262e-04,-3.331932547166103348e-02,4.486168875672509604e-02,-1.091156233386126641e-03,-1.980576563669427057e-03,6.586814588766377598e-01
2.398000000000000043e+01,1.000000000000000000e+00,-1.942707332731760328e+00,5.839442043533923377e-01,2.210360023982315791e+00,5.586286221277225045e-02,1.710054126262878504e-01,-9.302018019417319537e-04,-3.334149390094810761e-02,4.482191605739560547e-02,-1.125669414240625240e-03,-1.996684721972397103e-03,6.713004445580972313e-01
2.400000000000000000e+01,1.000000000000000000e+00,-1.943374390039330768e+00,5.848402422663222522e-01,2.211116951174833201e+00,5.584435074968374657e-02,1.741497861905483835e-01,-9.209336245637038962e-04,-3.336435155205513814e-02,4.478182171556422536e-02,-1.160078168766910537e-03,-2.012740722572924079e-03,6.838948731354248523e-01
2.401999999999999957e+01,1.000000000000000000e+00,-1.944041911374638776e+00,5.857354750847199032e-01,2.211887678847449745e+00,5.582602530564861887e-02,1.772843245008080271e-01,-9.115997690827683068e-04,-3.338789632165867216e-02,4.474140677986210984e-02,-1.194381017276005064e-03,-2.028744017759878931e-03,6.964637842276601987e-01
2.403999999999999915e+01,1.000000000000000000e+00,-1.944709910458774171e+00,5.866298964072856892e-01,2.212672171330188675e+00,5.580788720180638457e-02,1.804087528054649781e-01,-9.021994814558617366e-04,-3.341212607684147101e-02,4.470067230987465751e-02,-1.228576480078938729e-03,-2.044694059822136072e-03,7.090062129297489690e-01
2.406000000000000227e+01,1.000000000000000000e+00,-1.945378400969872690e+00,5.875234998540208586e-01,2.213470392061843039e+00,5.578993777415405808e-02,1.835227973746235142e-01,-8.927320300362369832e-04,-3.343703865509252415e-02,4.465961937614146976e-02,-1.262663077486726260e-03,-2.060590301048564280e-03,7.215211898719948724e-01
2.407999999999999829e+01,1.000000000000000000e+00,-1.946047396542524233e+00,5.884162790664472231e-01,2.214282303587372880e+00,5.577217837309460247e-02,1.866261855512751922e-01,-8.831967059371671671e-04,-3.346263186430704917e-02,4.461824906015635778e-02,-1.296639329810398431e-03,-2.076432193728038403e-03,7.340077412837109350e-01
2.410000000000000142e+01,1.000000000000000000e+00,-1.946716910767180231e+00,5.893082277078260933e-01,2.215107867555346388e+00,5.575461036297808814e-02,1.897186458021047351e-01,-8.735928233930880535e-04,-3.348890348278645013e-02,4.457656245436739800e-02,-1.330503757360974090e-03,-2.092219190149427650e-03,7.464648890610890986e-01
2.412000000000000099e+01,1.000000000000000000e+00,-1.947386957189562118e+00,5.901993394633768819e-01,2.215947044715438352e+00,5.573723512163571148e-02,1.927999077679015960e-01,-8.639197201180432058e-04,-3.351585125923840780e-02,4.453456066217684195e-02,-1.364254880449481842e-03,-2.107950742601607304e-03,7.588916508393713789e-01
2.414000000000000057e+01,1.000000000000000000e+00,-1.948057549310070247e+00,5.910896080404970387e-01,2.216799794915978783e+00,5.572005403990661770e-02,1.958697023135450022e-01,-8.541767576613742887e-04,-3.354347291277676169e-02,4.449224479794119946e-02,-1.397891219386940319e-03,-2.123626303373446142e-03,7.712870400693401240e-01
2.416000000000000014e+01,1.000000000000000000e+00,-1.948728700583190587e+00,5.919790271689805428e-01,2.217666077101563271e+00,5.570306852115767399e-02,1.989277615775416341e-01,-8.443633217605214314e-04,-3.357176613292161410e-02,4.444961598697118321e-02,-1.431411294484374874e-03,-2.139245324753817710e-03,7.836500660981998712e-01
2.417999999999999972e+01,1.000000000000000000e+00,-1.949400424416903865e+00,5.928675906012369490e-01,2.218545849310721074e+00,5.568627998079618557e-02,2.019738190210873807e-01,-8.344788226908543939e-04,-3.360072857959927467e-02,4.440667536553172950e-02,-1.464813626052813029e-03,-2.154807259031595555e-03,7.959797342548724508e-01
2.420000000000000284e+01,1.000000000000000000e+00,-1.950072734172093591e+00,5.937552921125109906e-01,2.219439068673647597e+00,5.566968984577570778e-02,2.050076094766279666e-01,-8.245226956124280691e-04,-3.363035788314227420e-02,4.436342408084201216e-02,-1.498096734403273414e-03,-2.170311558495648888e-03,8.082750459397497478e-01
2.421999999999999886e+01,1.000000000000000000e+00,-1.950745643161953646e+00,5.946421255011010709e-01,2.220345691410006150e+00,5.565329955409484275e-02,2.080288691958991631e-01,-8.144944009135464185e-04,-3.366065164428935774e-02,4.431986329107540784e-02,-1.531259139846784419e-03,-2.185757675434851690e-03,8.205349987189555216e-01
2.424000000000000199e+01,1.000000000000000000e+00,-1.951419164651396532e+00,5.955280845885785324e-01,2.221265672826794990e+00,5.563711055428934016e-02,2.110373358974152735e-01,-8.043934245510501665e-04,-3.369160743418550541e-02,4.427599416535952376e-02,-1.564299362694367276e-03,-2.201145062138075773e-03,8.327585864231229484e-01
2.425999999999999801e+01,1.000000000000000000e+00,-1.952093311856462510e+00,5.964131632200071476e-01,2.222198967316292073e+00,5.562112430491730070e-02,2.140327488133897116e-01,-7.942192783872004244e-04,-3.372322279438189768e-02,4.423181788377619772e-02,-1.597215923257043436e-03,-2.216473170894191647e-03,8.449447992507455041e-01
2.428000000000000114e+01,1.000000000000000000e+00,-1.952768097943726744e+00,5.972973552641616113e-01,2.223145528354073530e+00,5.560534227403774593e-02,2.170148487360618605e-01,-7.839715005230645699e-04,-3.375549523683595010e-02,4.418733563736147035e-02,-1.630007341845838686e-03,-2.231741453992072428e-03,8.570926238761151783e-01
2.430000000000000071e+01,1.000000000000000000e+00,-1.953443536029706662e+00,5.981806546137469205e-01,2.224105308497111189e+00,5.558976593868256155e-02,2.199833780634081748e-01,-7.736496556282928183e-04,-3.378842224391132021e-02,4.414254862810564062e-02,-1.662672138771783149e-03,-2.246949363720592528e-03,8.692010435618726660e-01
2.432000000000000028e+01,1.000000000000000000e+00,-1.954119639180272427e+00,5.990630551856175323e-01,2.225078259381953583e+00,5.557439678432178620e-02,2.229380808442161799e-01,-7.632533352671781474e-04,-3.382200126837782428e-02,4.409745806895318948e-02,-1.695208834345892420e-03,-2.262096352368620725e-03,8.812690382761899643e-01
2.433999999999999986e+01,1.000000000000000000e+00,-1.954796420410052304e+00,5.999445509209960781e-01,2.226064331722990453e+00,5.555923630432257204e-02,2.258787028225044402e-01,-7.527821582208743534e-04,-3.385622973341154834e-02,4.405206518380284236e-02,-1.727615948879190119e-03,-2.277181872225028398e-03,8.932955848146177935e-01
2.435999999999999943e+01,1.000000000000000000e+00,-1.955473892681842907e+00,6.008251357856928543e-01,2.227063475310810059e+00,5.554428599940159500e-02,2.288049914812642915e-01,-7.422357708056799694e-04,-3.389110503259479268e-02,4.400637120750753445e-02,-1.759892002682703982e-03,-2.292205375578690828e-03,9.052796569265957327e-01
2.438000000000000256e+01,1.000000000000000000e+00,-1.956152068906017005e+00,6.017048037703249808e-01,2.228075639010643094e+00,5.552954737707128940e-02,2.317166960855037150e-01,-7.316138471872631489e-04,-3.392662452991606487e-02,4.396037738587445232e-02,-1.792035516067456546e-03,-2.307166314718478092e-03,9.172202254466331750e-01
2.439999999999999858e+01,1.000000000000000000e+00,-1.956830961939929781e+00,6.025835488905348925e-01,2.229100770760905625e+00,5.551502195107962251e-02,2.346135677245817786e-01,-7.209160896907178999e-04,-3.396278555977010061e-02,4.391408497566497149e-02,-1.824045009344471861e-03,-2.322064141933262004e-03,9.291162584301971838e-01
2.442000000000000171e+01,1.000000000000000000e+00,-1.957510584587329738e+00,6.034613651872100526e-01,2.230138817571838850e+00,5.550071124084396401e-02,2.374953593538068064e-01,-7.101422291063366364e-04,-3.399958542695785679e-02,4.386749524459469807e-02,-1.855919002824772245e-03,-2.336898309511915243e-03,9.409667212942725012e-01
2.443999999999999773e+01,1.000000000000000000e+00,-1.958190949597765185e+00,6.043382467267015556e-01,2.231189725524248324e+00,5.548661677087869670e-02,2.403618258352885340e-01,-6.992920249909782664e-04,-3.403702140668651843e-02,4.382060947133346873e-02,-1.887656016819381100e-03,-2.351668269743308753e-03,9.527705769626254595e-01
2.446000000000000085e+01,1.000000000000000000e+00,-1.958872069665991811e+00,6.052141876010438404e-01,2.232253439768351111e+00,5.547274007021692210e-02,2.432127239780254579e-01,-6.883652659649270840e-04,-3.407509074456947784e-02,4.377342894550535074e-02,-1.919254571639326598e-03,-2.366373474916317384e-03,9.645267860157545892e-01
2.448000000000000043e+01,1.000000000000000000e+00,-1.959553957431382054e+00,6.060891819281727377e-01,2.233329904522728615e+00,5.545908267182625417e-02,2.460478125772097013e-01,-6.773617700041140947e-04,-3.411379065662633464e-02,4.372595496768861417e-02,-1.950713187595627804e-03,-2.381013377319810779e-03,9.762343068455124895e-01
2.450000000000000000e+01,1.000000000000000000e+00,-1.960236625477334016e+00,6.069632238521459611e-01,2.234419063073389555e+00,5.544564611201884680e-02,2.488668524527405390e-01,-6.662813847275877999e-04,-3.415311832928294433e-02,4.367818884941576663e-02,-1.982030384999309853e-03,-2.395587429242660750e-03,9.878920958144112863e-01
2.451999999999999957e+01,1.000000000000000000e+00,-1.960920086330676604e+00,6.078363075433605989e-01,2.235520857772948400e+00,5.543243192985567586e-02,2.516696064869275995e-01,-6.551239876801222273e-04,-3.419307091937136278e-02,4.363013191317353240e-02,-2.013204684161395280e-03,-2.410095082973739977e-03,9.994991074195723746e-01
2.453999999999999915e+01,1.000000000000000000e+00,-1.961604352461079559e+00,6.087084271987734940e-01,2.236635230039921485e+00,5.541944166654523551e-02,2.544558396613738060e-01,-6.438894866098273306e-04,-3.423364555412986704e-02,4.358178549240283861e-02,-2.044234605392915294e-03,-2.424535790801922875e-03,1.011054294461316783e+00
2.456000000000000227e+01,1.000000000000000000e+00,-1.962289436280463484e+00,6.095795770421200688e-01,2.237762120358139040e+00,5.540667686483676663e-02,2.572253190930225974e-01,-6.325778197406742645e-04,-3.427483933120295534e-02,4.353315093149887072e-02,-2.075118669004884838e-03,-2.438909005016077786e-03,1.022556608216355301e+00
2.457999999999999829e+01,1.000000000000000000e+00,-1.962975350142403652e+00,6.104497513241325946e-01,2.238901468276285556e+00,5.539413906840803814e-02,2.599778140693644879e-01,-6.211889560397709526e-04,-3.431664931864134016e-02,4.348422958581102393e-02,-2.105855395308328833e-03,-2.453214177905077391e-03,1.034004998615579707e+00
2.460000000000000142e+01,1.000000000000000000e+00,-1.963662106341541369e+00,6.113189443227601272e-01,2.240053212407564498e+00,5.538182982124785492e-02,2.627130960827860906e-01,-6.097228954793103197e-04,-3.435907255490196904e-02,4.343502282164291017e-02,-2.136443304614273498e-03,-2.467450761757794802e-03,1.045398414426393252e+00
2.462000000000000099e+01,1.000000000000000000e+00,-1.964349717112990890e+00,6.121871503433876649e-01,2.241217290429490916e+00,5.536975066703337528e-02,2.654309388640543332e-01,-5.981796692930516513e-04,-3.440210604884799683e-02,4.338553201625236500e-02,-2.166880917233742453e-03,-2.481618208863102266e-03,1.056735803439559085e+00
2.464000000000000057e+01,1.000000000000000000e+00,-1.965038194631748336e+00,6.130543637190545292e-01,2.242393639083819057e+00,5.535790314850238397e-02,2.681311184149278160e-01,-5.865593402272172279e-04,-3.444574677974882038e-02,4.333575855785144065e-02,-2.197166753477758881e-03,-2.495715971509871161e-03,1.068016112660522099e+00
2.466000000000000014e+01,1.000000000000000000e+00,-1.965727551012098173e+00,6.139205788106736339e-01,2.243582194176602318e+00,5.534628880682056912e-02,2.708134130398868744e-01,-5.748620027856898504e-04,-3.448999169728001607e-02,4.328570384560643386e-02,-2.227299333657347270e-03,-2.509743501986973300e-03,1.079238288505164123e+00
2.467999999999999972e+01,1.000000000000000000e+00,-1.966417798307024123e+00,6.147857900072514203e-01,2.244782890578395751e+00,5.533490918094395583e-02,2.734776033769743542e-01,-5.630877834693844052e-04,-3.453483772152342313e-02,4.323536928963783721e-02,-2.257277178083529501e-03,-2.523700252583280929e-03,1.090401276999934943e+00
2.470000000000000284e+01,1.000000000000000000e+00,-1.967108948507613420e+00,6.156499917261056831e-01,2.245995662224594458e+00,5.532376580697662832e-02,2.761234724277429886e-01,-5.512368410096807119e-04,-3.458028174296707419e-02,4.318475631102037388e-02,-2.287098807067331797e-03,-2.537585675587667160e-03,1.101504023986315639e+00
2.471999999999999886e+01,1.000000000000000000e+00,-1.967801013542469724e+00,6.165131784130857273e-01,2.247220442115920758e+00,5.531286021752385151e-02,2.787508055862996104e-01,-5.393093665957966569e-04,-3.462632062250523696e-02,4.313386634178301149e-02,-2.316762740919776041e-03,-2.551399223289002507e-03,1.112545475329539624e+00
2.474000000000000199e+01,1.000000000000000000e+00,-1.968494005277116488e+00,6.173753445427903053e-01,2.248457162319056124e+00,5.530219394104068237e-02,2.813593906674469736e-01,-5.273055840959811570e-04,-3.467295119143839338e-02,4.308270082490892050e-02,-2.346267499951886285e-03,-2.565140347976159214e-03,1.123524577131528535e+00
2.475999999999999801e+01,1.000000000000000000e+00,-1.969187935513407872e+00,6.182364846187882179e-01,2.249705753967421895e+00,5.529176850117620973e-02,2.839490179339150822e-01,-5.152257502724114872e-04,-3.472017025147325353e-02,4.303126121433548112e-02,-2.375611604474685713e-03,-2.578808501938009094e-03,1.134440275947960819e+00
2.478000000000000114e+01,1.000000000000000000e+00,-1.969882815988936553e+00,6.190965931738359185e-01,2.250966147262116301e+00,5.528158541611358223e-02,2.865194801226813581e-01,-5.030701549896783109e-04,-3.476797457472272090e-02,4.297954897495431803e-02,-2.404793574799199678e-03,-2.592403137463425693e-03,1.145291519009408177e+00
2.480000000000000071e+01,1.000000000000000000e+00,-1.970578658376441750e+00,6.199556647700976697e-01,2.252238271473002484e+00,5.527164619790599087e-02,2.890705724703744872e-01,-4.908391214167276591e-04,-3.481636090370597569e-02,4.292756558261124483e-02,-2.433811931236457872e-03,-2.605923706841282127e-03,1.156077254446453262e+00
2.482000000000000028e+01,1.000000000000000000e+00,-1.971275474283216145e+00,6.208136939993635917e-01,2.253522054939954611e+00,5.526195235180853677e-02,2.916020927377632743e-01,-4.785330062221877572e-04,-3.486532595134834295e-02,4.287531252410637511e-02,-2.462665194097472636e-03,-2.619369662360446736e-03,1.166796431518719146e+00
2.483999999999999986e+01,1.000000000000000000e+00,-1.971973275250515467e+00,6.216706754832700410e-01,2.254817425074270076e+00,5.525250537560640052e-02,2.941138412333302310e-01,-4.661521997628837572e-04,-3.491486640098143135e-02,4.282279129719396976e-02,-2.491351883693271492e-03,-2.632740456309793069e-03,1.177448000847725051e+00
2.485999999999999943e+01,1.000000000000000000e+00,-1.972672072752966743e+00,6.225266038735175478e-01,2.256124308360237585e+00,5.524330675893918130e-02,2.966056208359265089e-01,-4.536971262655177116e-04,-3.496497890634304301e-02,4.277000341058252719e-02,-2.519870520334878492e-03,-2.646035540978192071e-03,1.188030914653466441e+00
2.488000000000000256e+01,1.000000000000000000e+00,-1.973371878197974771e+00,6.233814738520907506e-01,2.257442630356873980e+00,5.523435798262182894e-02,2.990772370165109550e-01,-4.411682440013413504e-04,-3.501566009157720816e-02,4.271695038393479027e-02,-2.548219624333322459e-03,-2.659254368654519023e-03,1.198544126994628867e+00
2.489999999999999858e+01,1.000000000000000000e+00,-1.974072702925132372e+00,6.242352801314764443e-01,2.258772315699830724e+00,5.522566051796198167e-02,3.015284978589737319e-01,-4.285660454537309648e-04,-3.506690655123416434e-02,4.266363374786769774e-02,-2.576397715999619205e-03,-2.672396391627643569e-03,1.208986594012338101e+00
2.492000000000000171e+01,1.000000000000000000e+00,-1.974774558205626862e+00,6.250880174548838486e-01,2.260113288103465123e+00,5.521721582607419521e-02,3.039592140800495557e-01,-4.158910574785393364e-04,-3.511871485027038414e-02,4.261005504395244670e-02,-2.604403315644796685e-03,-2.685461062186437087e-03,1.219357274177344186e+00
2.493999999999999773e+01,1.000000000000000000e+00,-1.975477455241648306e+00,6.259396805964633215e-01,2.261465470363090979e+00,5.520902535719085513e-02,3.063691990483194405e-01,-4.031438414571409572e-04,-3.517108152404855442e-02,4.255621582471441622e-02,-2.632234943579879385e-03,-2.698447832619773126e-03,1.229655128540527276e+00
2.496000000000000085e+01,1.000000000000000000e+00,-1.976181405165798655e+00,6.267902643615245184e-01,2.262828784357399758e+00,5.520109054997027892e-02,3.087582688023064459e-01,-3.903249934420357733e-04,-3.522400307833759014e-02,4.250211765363323679e-02,-2.659891120115893091e-03,-2.711356155216525232e-03,1.239879120986606020e+00
2.498000000000000043e+01,1.000000000000000000e+00,-1.976886419040499554e+00,6.276397635867567715e-01,2.264203151051058516e+00,5.519341283080182042e-02,3.111262420676685903e-01,-3.774351442949234157e-04,-3.527747598931260664e-02,4.244776210514273479e-02,-2.687370365563852750e-03,-2.724185482265560013e-03,1.250028218490938370e+00
2.500000000000000000e+01,1.000000000000000000e+00,-1.977592507857399484e+00,6.284881731404475813e-01,2.265588490497488561e+00,5.518599361310846940e-02,3.134729402734970360e-01,-3.644749598171275178e-04,-3.533149670355495431e-02,4.239315076463100185e-02,-2.714671200234791085e-03,-2.736935266055754486e-03,1.260101391379295999e+00
2.501999999999999957e+01,1.000000000000000000e+00,-1.978299682536783344e+00,6.293354879227016641e-01,2.266984721841824424e+00,5.517883429664673794e-02,3.157981875677180472e-01,-3.514451408722857133e-04,-3.538606163805221860e-02,4.233828522844031161e-02,-2.741792144439727380e-03,-2.749604958875979163e-03,1.270097613590465357e+00
2.503999999999999915e+01,1.000000000000000000e+00,-1.979007953926979368e+00,6.301817028656603314e-01,2.268391763324055788e+00,5.517193626680425705e-02,3.181018108316136517e-01,-3.383464235011867044e-04,-3.544116718019818535e-02,4.228316710386716137e-02,-2.768731718489692191e-03,-2.762194013015108023e-03,1.280015862941573879e+00
2.506000000000000227e+01,1.000000000000000000e+00,-1.979717332803767382e+00,6.310268129337197607e-01,2.269809532282351938e+00,5.516530089389522218e-02,3.203836396934571229e-01,-3.251795790286788842e-04,-3.549680968779285462e-02,4.222779800916230675e-02,-2.795488442695699162e-03,-2.774701880762009843e-03,1.289855121395965254e+00
2.507999999999999829e+01,1.000000000000000000e+00,-1.980427829869788381e+00,6.318708131237514847e-01,2.271237945156576732e+00,5.515892953245361829e-02,3.226435065412825431e-01,-3.119454141625134709e-04,-3.555298548904245459e-02,4.217217957353070618e-02,-2.822060837368775381e-03,-2.787128014405556437e-03,1.299614375333537852e+00
2.510000000000000142e+01,1.000000000000000000e+00,-1.981139455753950784e+00,6.327136984653199958e-01,2.272676917491988302e+00,5.515282352052470333e-02,3.248812465347849510e-01,-2.986447710840734729e-04,-3.560969088255945547e-02,4.211631343713152092e-02,-2.848447422819947502e-03,-2.799471866234622217e-03,1.309292615823344663e+00
2.512000000000000099e+01,1.000000000000000000e+00,-1.981852221010839354e+00,6.335554640209032362e-01,2.274126363943129281e+00,5.514698417895468052e-02,3.270966976163647288e-01,-2.852785275308756196e-04,-3.566692213736252087e-02,4.206020125107816365e-02,-2.874646719360238710e-03,-2.811732888538078998e-03,1.318888838898342630e+00
2.514000000000000057e+01,1.000000000000000000e+00,-1.982566136120123446e+00,6.343961048861102014e-01,2.275586198277907091e+00,5.514141281067878181e-02,3.292897005213250572e-01,-2.718475968707444266e-04,-3.572467549287653560e-02,4.200384467743824290e-02,-2.900657247300670455e-03,-2.823910533604798156e-03,1.328402045832130396e+00
2.516000000000000014e+01,1.000000000000000000e+00,-1.983281211485964590e+00,6.352356161899012088e-01,2.277056333381869635e+00,5.513611070000807440e-02,3.314600987872292626e-01,-2.583529281675913921e-04,-3.578294715893261951e-02,4.194724538923361862e-02,-2.926477526952266789e-03,-2.836004253723650639e-03,1.337831243417509475e+00
2.517999999999999972e+01,1.000000000000000000e+00,-1.983997457436425860e+00,6.360739930948065002e-01,2.278536681262668839e+00,5.513107911191487964e-02,3.336077387624298285e-01,-2.447955062387062453e-04,-3.584173331576810673e-02,4.189040507044036743e-02,-2.952106078626054366e-03,-2.848013501183510859e-03,1.347175444246722753e+00
2.520000000000000284e+01,1.000000000000000000e+00,-1.984714884222878117e+00,6.369112307971452891e-01,2.280027153054725808e+00,5.512631929131720648e-02,3.357324696137766740e-01,-2.311763517034751646e-04,-3.590103011402655253e-02,4.183332541598875493e-02,-2.977541422633057239e-03,-2.859937728273249328e-03,1.356433666993190457e+00
2.521999999999999886e+01,1.000000000000000000e+00,-1.985433502019409824e+00,6.377473245272451408e-01,2.281527659024086496e+00,5.512183246236233153e-02,3.378341433335160793e-01,-2.174965210234648704e-04,-3.596083367475771952e-02,4.177600813176329808e-02,-3.002782079284293387e-03,-2.871776387281738292e-03,1.365604936694582161e+00
2.524000000000000199e+01,1.000000000000000000e+00,-1.986153320922234400e+00,6.385822695496605750e-01,2.283038108573476332e+00,5.511761982770963658e-02,3.399126147453923608e-01,-2.037571065337597540e-04,-3.602114008941761925e-02,4.171845493460275833e-02,-3.027826568890792068e-03,-2.883528930497849131e-03,1.374688285037060531e+00
2.525999999999999801e+01,1.000000000000000000e+00,-1.986874350949098478e+00,6.394160611633924463e-01,2.284558410247549798e+00,5.511368256781282865e-02,3.419677415099604545e-01,-1.899592364655309552e-04,-3.608194541986845666e-02,4.166066755230008606e-02,-3.052673411763574297e-03,-2.895194810210454522e-03,1.383682750640508274e+00
2.528000000000000114e+01,1.000000000000000000e+00,-1.987596602038689264e+00,6.402486947021072128e-01,2.286088471738343841e+00,5.511002184020191708e-02,3.439993841291235643e-01,-1.761040749597203223e-04,-3.614324569837867179e-02,4.160264772360244140e-02,-3.077321128213664561e-03,-2.906773478708426714e-03,1.392587379344569110e+00
2.530000000000000071e+01,1.000000000000000000e+00,-1.988320084050045233e+00,6.410801655343562055e-01,2.287628199890924030e+00,5.510663877876496863e-02,3.460074059499040899e-01,-1.621928220718052633e-04,-3.620503692762293974e-02,4.154439719821124977e-02,-3.101768238552090814e-03,-2.918264388280639686e-03,1.401401224495314235e+00
2.532000000000000028e+01,1.000000000000000000e+00,-1.989044806761959938e+00,6.419104690637932320e-01,2.289177500709230983e+00,5.510353449302980017e-02,3.479916731674628783e-01,-1.482267137675716859e-04,-3.626731508068209431e-02,4.148591773678212552e-02,-3.126013263089871905e-03,-2.929666991215961781e-03,1.410123347232351776e+00
2.533999999999999986e+01,1.000000000000000000e+00,-1.989770779872394257e+00,6.427396007293956215e-01,2.290736279362130201e+00,5.510071006744592798e-02,3.499520548273780118e-01,-1.342070219098283736e-04,-3.633007610104325991e-02,4.142721111092493441e-02,-3.150054722138028850e-03,-2.940980739803265680e-03,1.418752816776198911e+00
2.535999999999999943e+01,1.000000000000000000e+00,-1.990498012997882871e+00,6.435675560056820510e-01,2.292304440189658177e+00,5.509816656066681556e-02,3.518884228271948467e-01,-1.201350542360139420e-04,-3.639331590259975435e-02,4.136827910320373114e-02,-3.173891136007589604e-03,-2.952205086331424495e-03,1.427288710715715503e+00
2.538000000000000256e+01,1.000000000000000000e+00,-1.991226515672941622e+00,6.443943304029323693e-01,2.293881886709469686e+00,5.509590500483267650e-02,3.538006519172594011e-01,-1.060121543266556900e-04,-3.645703036965111665e-02,4.130912350713680792e-02,-3.197521025009580822e-03,-2.963339483089311773e-03,1.435730115295405618e+00
2.539999999999999858e+01,1.000000000000000000e+00,-1.991956297349476657e+00,6.452199194674058669e-01,2.295468521623482694e+00,5.509392640485404058e-02,3.556886197008475858e-01,-9.183970156461865450e-05,-3.652121535690310006e-02,4.124974612719669448e-02,-3.220942909455021350e-03,-2.974383382365796726e-03,1.444076125702394409e+00
2.542000000000000171e+01,1.000000000000000000e+00,-1.992687367396192899e+00,6.460443187815614330e-01,2.297064246824727540e+00,5.509223173769613874e-02,3.575522066336065952e-01,-7.761911108509643355e-05,-3.658586668946767900e-02,4.119014877881012338e-02,-3.244155309654936977e-03,-2.985336236449752465e-03,1.452325846352892302e+00
2.543999999999999773e+01,1.000000000000000000e+00,-1.993419735098000745e+00,6.468675239642753816e-01,2.298668963404392862e+00,5.509082195166448148e-02,3.593912960223158981e-01,-6.335183371632350092e-05,-3.665098016286306298e-02,4.113033328835806468e-02,-3.267156745920351754e-03,-2.996197497630052105e-03,1.460478391177922886e+00
2.546000000000000085e+01,1.000000000000000000e+00,-1.994153409655425868e+00,6.476895306710618305e-01,2.300282571659068243e+00,5.508969796569164468e-02,3.612057740229841496e-01,-4.903935591095205958e-05,-3.671655154301367574e-02,4.107030149317569823e-02,-3.289945738562287565e-03,-3.006966618195565724e-03,1.468532883908131303e+00
2.548000000000000043e+01,1.000000000000000000e+00,-1.994888400184015476e+00,6.485103345942905273e-01,2.301904971098191144e+00,5.508886066862550557e-02,3.629955296382962882e-01,-3.468319966808239459e-05,-3.678257656625014138e-02,4.101005524155241361e-02,-3.312520807891768896e-03,-3.017643050435165567e-03,1.476488458357466449e+00
2.550000000000000000e+01,1.000000000000000000e+00,-1.995624715713747888e+00,6.493299314634066732e-01,2.303536060451686573e+00,5.508831091851929679e-02,3.647604547144180365e-01,-2.028492244590242589e-05,-3.684905093930932601e-02,4.094959639273186569e-02,-3.334880474219821533e-03,-3.028226246637725615e-03,1.484344258705512232e+00
2.551999999999999957e+01,1.000000000000000000e+00,-1.996362365188440346e+00,6.501483170451505256e-01,2.305175737677807479e+00,5.508804954192322856e-02,3.665004439371791767e-01,-5.846117064916933373e-06,-3.691597033933431693e-02,4.088892681691189135e-02,-3.357023257857466060e-03,-3.038715659092115946e-03,1.492099439778291625e+00
2.553999999999999915e+01,1.000000000000000000e+00,-1.997101357465157934e+00,6.509654871437752233e-01,2.306823899971167879e+00,5.508807733317839378e-02,3.682153948276420952e-01,8.631588398245150102e-06,-3.698333041387444342e-02,4.082804839524457191e-02,-3.378947679115733467e-03,-3.049110740087211842e-03,1.499753167327308123e+00
2.556000000000000227e+01,1.000000000000000000e+00,-1.997841701313618712e+00,6.517814376012663891e-01,2.308480443770974055e+00,5.508839505371271317e-02,3.699052077370702518e-01,2.314653072645331941e-05,-3.705112678088517270e-02,4.076696301983620541e-02,-3.400652258305637832e-03,-3.059410941911880778e-03,1.507304618306621213e+00
2.557999999999999829e+01,1.000000000000000000e+00,-1.998583405415605307e+00,6.525961642975616206e-01,2.310145264769448925e+00,5.508900343133942001e-02,3.715697858413132826e-01,3.769701168717728295e-05,-3.711935502872827641e-02,4.070567259374731350e-02,-3.422135515738204507e-03,-3.069615716854995433e-03,1.514752981147760025e+00
2.560000000000000142e+01,1.000000000000000000e+00,-1.999326478364371829e+00,6.534096631507693154e-01,2.311818257920449149e+00,5.508990315955804296e-02,3.732090351346168955e-01,5.228129816701759558e-05,-3.718801071617171966e-02,4.064417903099262763e-02,-3.443395971724462316e-03,-3.079724517205430657e-03,1.522097456032243112e+00
2.562000000000000099e+01,1.000000000000000000e+00,-2.000070928664050562e+00,6.542219301173876067e-01,2.313499317448270975e+00,5.509109489685824756e-02,3.748228644228712714e-01,6.689762231569949444e-05,-3.725708937238969565e-02,4.058248425654111674e-02,-3.464432146575435311e-03,-3.089736795252058695e-03,1.529337255161498099e+00
2.564000000000000057e+01,1.000000000000000000e+00,-2.000816764729062669e+00,6.550329611925234108e-01,2.315188336856648821e+00,5.509257926602655064e-02,3.764111853163142896e-01,8.154418169951929891e-05,-3.732658649696257713e-02,4.052059020631597341e-02,-3.485242560602141038e-03,-3.099652003283747889e-03,1.536471603023979560e+00
2.566000000000000014e+01,1.000000000000000000e+00,-2.001563994883524433e+00,6.558427524101119177e-01,2.316885208937942586e+00,5.509435685345637213e-02,3.779739122216974057e-01,9.621913946424257165e-05,-3.739649755987702051e-02,4.045849882719460694e-02,-3.505825734115607453e-03,-3.109469593589372222e-03,1.543499736659257771e+00
2.567999999999999972e+01,1.000000000000000000e+00,-2.002312627360656183e+00,6.566512998431350834e-01,2.318589825782503944e+00,5.509642820846122335e-02,3.795109623339314453e-01,1.109206245074154551e-04,-3.746681800152585479e-02,4.039621207700865024e-02,-3.526180187426857741e-03,-3.119189018457804372e-03,1.550420905918881598e+00
2.570000000000000284e+01,1.000000000000000000e+00,-2.003062670302189208e+00,6.574585996038412317e-01,2.320302078788236688e+00,5.509879384259159379e-02,3.810222556272202521e-01,1.256467316601002186e-04,-3.753754323270815096e-02,4.033373192454395295e-02,-3.546304440846917254e-03,-3.128809730177916585e-03,1.557234373723787924e+00
2.571999999999999886e+01,1.000000000000000000e+00,-2.003814131757776007e+00,6.582646478439641013e-01,2.322021858670329841e+00,5.510145422895553619e-02,3.825077148456954568e-01,1.403955218779892285e-04,-3.760866863462919429e-02,4.027106034954059527e-02,-3.566197014686806142e-03,-3.138331181038578940e-03,1.563939416318050002e+00
2.574000000000000199e+01,1.000000000000000000e+00,-2.004567019684396545e+00,6.590694407549414491e-01,2.323749055471175939e+00,5.510440980154312357e-02,3.839672654935682994e-01,1.551650224418849348e-04,-3.768018955890049121e-02,4.020819934269288104e-02,-3.585856429257550191e-03,-3.147752823328664983e-03,1.570535323518771564e+00
2.575999999999999801e+01,1.000000000000000000e+00,-2.005321341945767610e+00,6.598729745681347625e-01,2.325483558570462073e+00,5.510766095455501418e-02,3.854008358248045552e-01,1.699532271675042127e-04,-3.775210132753976933e-02,4.014515090564933081e-02,-3.605281204870173888e-03,-3.157074109337046960e-03,1.577021398961893306e+00
2.578000000000000114e+01,1.000000000000000000e+00,-2.006077106311749958e+00,6.606752455550477521e-01,2.327225256695441669e+00,5.511120804173537391e-02,3.868083568323360533e-01,1.847580966245662129e-04,-3.782439923297098439e-02,4.008191705101268876e-02,-3.624469861835700416e-03,-3.166294491352596684e-03,1.583396960343713022e+00
2.580000000000000071e+01,1.000000000000000000e+00,-2.006834320457757226e+00,6.614762500275458423e-01,2.328974037931369701e+00,5.511505137570917728e-02,3.881897622368225553e-01,1.995775583651360999e-04,-3.789707853802430637e-02,4.001849980233990883e-02,-3.643420920465154696e-03,-3.175413421664185533e-03,1.589661339657919337e+00
2.582000000000000028e+01,1.000000000000000000e+00,-2.007592991964163076e+00,6.622759843380754408e-01,2.330729789732113755e+00,5.511919122732424764e-02,3.895449884749710989e-01,2.144095071611434172e-04,-3.797013447593609869e-02,3.995490119414221719e-02,-3.662132901069558612e-03,-3.184430352560686621e-03,1.595813883427923630e+00
2.583999999999999986e+01,1.000000000000000000e+00,-2.008353128315711444e+00,6.630744448798820967e-01,2.332492398930928967e+00,5.512362782499809211e-02,3.908739746874251852e-01,2.292518052510813956e-04,-3.804356225034898759e-02,3.989112327188500118e-02,-3.680604323959933179e-03,-3.193344736330969592e-03,1.601853952934292336e+00
2.585999999999999943e+01,1.000000000000000000e+00,-2.009114736900921017e+00,6.638716280872307696e-01,2.334261751751394165e+00,5.512836135406976729e-02,3.921766627062363564e-01,2.441022825957599456e-04,-3.811735703531180658e-02,3.982716809198789260e-02,-3.698833709447308521e-03,-3.202156025263908860e-03,1.607780924437082648e+00
2.588000000000000256e+01,1.000000000000000000e+00,-2.009877825011496810e+00,6.646675304356240988e-01,2.336037733818508322e+00,5.513339195615699073e-02,3.934529970419227696e-01,2.589587371430893494e-04,-3.819151397527960345e-02,3.976303772182476076e-02,-3.716819577842705655e-03,-3.210863671648376237e-03,1.613594189392867584e+00
2.589999999999999858e+01,1.000000000000000000e+00,-2.010642399841737760e+00,6.654621484420217836e-01,2.337820230169945557e+00,5.513871972851855374e-02,3.947029248701303117e-01,2.738189351018325006e-04,-3.826602818511364024e-02,3.969873423972368476e-02,-3.734560449457146897e-03,-3.219467127773242669e-03,1.619293154666274992e+00
2.592000000000000171e+01,1.000000000000000000e+00,-2.011408468487942525e+00,6.662554786650595195e-01,2.339609125267461565e+00,5.514434472342241017e-02,3.959263960179019159e-01,2.886806112242252392e-04,-3.834089475008141401e-02,3.963425973496697424e-02,-3.752054844601656301e-03,-3.227965845927381269e-03,1.624877242735832006e+00
2.593999999999999773e+01,1.000000000000000000e+00,-2.012176037947819296e+00,6.670475177052683780e-01,2.341404303008447485e+00,5.515026694751938574e-02,3.971233629495668493e-01,3.035414690974154255e-04,-3.841610872585664305e-02,3.956961630779114170e-02,-3.769301283587259653e-03,-3.236359278399662982e-03,1.630345891893934418e+00
2.596000000000000085e+01,1.000000000000000000e+00,-2.012945115119896045e+00,6.678382622052939643e-01,2.343205646737629877e+00,5.515648636122291726e-02,3.982937807522545781e-01,3.183991814436077229e-04,-3.849166513851925986e-02,3.950480606938693712e-02,-3.786298286724980571e-03,-3.244646877478960922e-03,1.635698556440741580e+00
2.598000000000000043e+01,1.000000000000000000e+00,-2.013715706802922778e+00,6.686277088501142440e-01,2.345013039258915022e+00,5.516300287809478009e-02,3.994376071210476442e-01,3.332513904288523458e-04,-3.856755898455539733e-02,3.943983114189934108e-02,-3.803044374325841373e-03,-3.252828095454146900e-03,1.640934706871832294e+00
2.600000000000000000e+01,1.000000000000000000e+00,-2.014487819695286230e+00,6.694158543672608097e-01,2.346826362847368674e+00,5.516981636423716473e-02,4.005548023437748850e-01,3.480957079803862105e-04,-3.864378523085745115e-02,3.937469365842754393e-02,-3.819538066700866111e-03,-3.260902384614091862e-03,1.646053830059419854e+00
2.601999999999999957e+01,1.000000000000000000e+00,-2.015261460394414339e+00,6.702026955270361519e-01,2.348645499261327263e+00,5.517692663769110939e-02,4.016453292854587076e-01,3.629297161123979580e-04,-3.872033881472400352e-02,3.930939576302495270e-02,-3.835777884161080571e-03,-3.268869197247670222e-03,1.651055429426973475e+00
2.603999999999999915e+01,1.000000000000000000e+00,-2.016036635396183829e+00,6.709882291427333723e-01,2.350470329754640986e+00,5.518433346784160087e-02,4.027091533724180272e-01,3.777509672601567291e-04,-3.879721464385987861e-02,3.924393961069921194e-02,-3.851762347017506204e-03,-3.276727985643752058e-03,1.655939025117049601e+00
2.606000000000000227e+01,1.000000000000000000e+00,-2.016813351094330908e+00,6.717724520708553415e-01,2.352300735089041694e+00,5.519203657482936454e-02,4.037462425760387497e-01,3.925569846223605467e-04,-3.887440759637608712e-02,3.917832736741218985e-02,-3.867489975581165761e-03,-3.284478202091209182e-03,1.660704154152187639e+00
2.607999999999999829e+01,1.000000000000000000e+00,-2.017591613779857962e+00,6.725553612113337465e-01,2.354136595546629795e+00,5.520003562896967642e-02,4.047565673962149058e-01,4.073452625116277619e-04,-3.895191252078990252e-02,3.911256121007997133e-02,-3.882959290163085029e-03,-3.292119298878914274e-03,1.665350370588697171e+00
2.610000000000000142e+01,1.000000000000000000e+00,-2.018371429640441139e+00,6.733369535077481371e-01,2.355977790942477057e+00,5.520833025017816281e-02,4.057401008444671553e-01,4.221132667129847619e-04,-3.902972423602479868e-02,3.904664332657284409e-02,-3.898168811074286758e-03,-3.299650728295739580e-03,1.669877245663172083e+00
2.612000000000000099e+01,1.000000000000000000e+00,-2.019152804759840159e+00,6.741172259475451956e-01,2.357824200637341772e+00,5.521692000740394124e-02,4.066968184267448772e-01,4.368584348502482957e-04,-3.910783753141047758e-02,3.898057591571534725e-02,-3.913117058625797604e-03,-3.307071942630557346e-03,1.674284367931591522e+00
2.614000000000000057e+01,1.000000000000000000e+00,-2.019935745117303671e+00,6.748961755622572278e-01,2.359675703550487391e+00,5.522580441807007495e-02,4.076266981259175637e-01,4.515781767601680314e-04,-3.918624716668284158e-02,3.891436118728623661e-02,-3.927802553128636846e-03,-3.314382394172237650e-03,1.678571343400851568e+00
2.616000000000000014e+01,1.000000000000000000e+00,-2.020720256586980401e+00,6.756737994277218773e-01,2.361532178172606411e+00,5.523498294752170884e-02,4.085297203839577396e-01,4.662698748742115460e-04,-3.926494787198403502e-02,3.884800136201849163e-02,-3.942223814893831141e-03,-3.321581535209655774e-03,1.682737795652582191e+00
2.617999999999999972e+01,1.000000000000000000e+00,-2.021506344937326727e+00,6.764500946643010604e-01,2.363393502578836625e+00,5.524445500848176177e-02,4.094058680838231212e-01,4.809308846078493385e-04,-3.934393434786241650e-02,3.878149867159928765e-02,-3.956379364232402371e-03,-3.328668818031680927e-03,1.686783365959118708e+00
2.620000000000000284e+01,1.000000000000000000e+00,-2.022294015830512048e+00,6.772250584371001247e-01,2.365259554441871526e+00,5.525421996051462642e-02,4.102551265310399042e-01,4.955585347572008699e-04,-3.942320126527256580e-02,3.871485535867006528e-02,-3.970267721455379359e-03,-3.335643694927187524e-03,1.690707713391490730e+00
2.621999999999999886e+01,1.000000000000000000e+00,-2.023083274821829924e+00,6.779986879561861191e-01,2.367130211045155086e+00,5.526427710949776556e-02,4.110774834349898432e-01,5.101501279028939099e-04,-3.950274326557526999e-02,3.864807367682646100e-02,-3.983887406873777917e-03,-3.342505618185044776e-03,1.694510514919298494e+00
2.624000000000000199e+01,1.000000000000000000e+00,-2.023874127359105657e+00,6.787709804768081723e-01,2.369005349296157359e+00,5.527462570710153095e-02,4.118729288899078966e-01,5.247029408210309364e-04,-3.958255496053755818e-02,3.858115589061832107e-02,-3.997236940798626868e-03,-3.349254040094126663e-03,1.698191465502371100e+00
2.625999999999999801e+01,1.000000000000000000e+00,-2.024666578782103876e+00,6.795419332996160966e-01,2.370884845739726021e+00,5.528526495027723253e-02,4.126414553555886600e-01,5.392142249010433092e-04,-3.966263093233266673e-02,3.851410427554975702e-02,-4.010314843540951565e-03,-3.355888412943304998e-03,1.701750278174069431e+00
2.628000000000000114e+01,1.000000000000000000e+00,-2.025460634321935238e+00,6.803115437708784352e-01,2.372768576571508081e+00,5.529619398075361764e-02,4.133830576378061950e-01,5.536812065703418731e-04,-3.974296573354005324e-02,3.844692111807906237e-02,-4.023119635411771290e-03,-3.362408189021451593e-03,1.705186684116142493e+00
2.630000000000000071e+01,1.000000000000000000e+00,-2.026256299100467562e+00,6.810798092827035077e-01,2.374656417651434204e+00,5.530741188454196128e-02,4.140977328684503633e-01,5.681010877255850437e-04,-3.982355388714540340e-02,3.837960871561876819e-02,-4.035649836722111396e-03,-3.368812820617439127e-03,1.708500432725034823e+00
2.632000000000000028e+01,1.000000000000000000e+00,-2.027053578129732969e+00,6.818467272732566808e-01,2.376548244517262543e+00,5.531891769144983012e-02,4.147854804853766120e-01,5.824710461703862946e-04,-3.990438988654061020e-02,3.831216937653564997e-02,-4.047903967782996368e-03,-3.375101760020138546e-03,1.711691291669530157e+00
2.633999999999999986e+01,1.000000000000000000e+00,-2.027852476311333252e+00,6.826122952269805255e-01,2.378443932398177196e+00,5.533071037460356861e-02,4.154463022119767590e-01,5.967882360593305090e-04,-3.998546819552380172e-02,3.824460542015066522e-02,-4.059880548905451560e-03,-3.381274459518422964e-03,1.714759046939676734e+00
2.635999999999999943e+01,1.000000000000000000e+00,-2.028652998435851895e+00,6.833765106748133089e-01,2.380343356228430185e+00,5.534278884997991671e-02,4.160802020364631759e-01,6.110497883480925461e-04,-4.006678324829930637e-02,3.817691917673901592e-02,-4.071578100400496253e-03,-3.387330371401162023e-03,1.717703502886864575e+00
2.638000000000000256e+01,1.000000000000000000e+00,-2.029455149182261220e+00,6.841393711944089295e-01,2.382246390661028279e+00,5.535515197594653020e-02,4.166871861908755248e-01,6.252528112495307376e-04,-4.014832944947770849e-02,3.810911298753013460e-02,-4.082995142579157535e-03,-3.393268947957231441e-03,1.720524482255030962e+00
2.639999999999999858e+01,1.000000000000000000e+00,-2.030258933117327302e+00,6.849008744103547430e-01,2.384152910081453136e+00,5.536779855281170892e-02,4.172672631298015578e-01,6.393943906955442194e-04,-4.023010117407577191e-02,3.804118920470764970e-02,-4.094130195752459025e-03,-3.399089641475499992e-03,1.723221826202878670e+00
2.642000000000000171e+01,1.000000000000000000e+00,-2.031064354695022889e+00,6.856610179943916084e-01,2.386062788621412079e+00,5.538072732238351337e-02,4.178204435088172519e-01,6.534715908045312521e-04,-4.031209276751650944e-02,3.797315019140944103e-02,-4.104981780231424342e-03,-3.404791904244841658e-03,1.725795394317077625e+00
2.643999999999999773e+01,1.000000000000000000e+00,-2.031871418255932316e+00,6.864197996656327128e-01,2.387975900172609300e+00,5.539393696753813073e-02,4.183467401626422832e-01,6.674814543542755994e-04,-4.039429854562913424e-02,3.790499832172759126e-02,-4.115548416327075368e-03,-3.410375188554128252e-03,1.728245064616374949e+00
2.646000000000000085e+01,1.000000000000000000e+00,-2.032680128026660871e+00,6.871772171907827298e-01,2.389892118400541055e+00,5.540742611179792082e-02,4.188461680830097289e-01,6.814210032600770840e-04,-4.047671279464911537e-02,3.783673598070842053e-02,-4.125828624350440926e-03,-3.415838946692231586e-03,1.730570733546575202e+00
2.648000000000000043e+01,1.000000000000000000e+00,-2.033490488119241935e+00,6.879332683843564222e-01,2.391811316758293060e+00,5.542119331891890571e-02,4.193187443962490546e-01,6.952872390579126248e-04,-4.055932977121808058e-02,3.776836556435245185e-02,-4.135820924612537697e-03,-3.421182630948022604e-03,1.732772315966344401e+00
2.650000000000000000e+01,1.000000000000000000e+00,-2.034302502530546786e+00,6.886879511088985772e-01,2.393733368500350345e+00,5.543523709248813353e-02,4.197644883405801663e-01,7.090771433925019884e-04,-4.064214370238394824e-02,3.769988947961445264e-02,-4.145523837424394502e-03,-3.426405693610375287e-03,1.734849745123809850e+00
2.651999999999999957e+01,1.000000000000000000e+00,-2.035116175141690853e+00,6.894412632752020542e-01,2.395658146696401758e+00,5.544955587553068721e-02,4.201834212431145854e-01,7.227876785100151172e-04,-4.072514878560079543e-02,3.763131014440339317e-02,-4.154935883097033225e-03,-3.431507586968159714e-03,1.736802972623921359e+00
2.653999999999999915e+01,1.000000000000000000e+00,-2.035931509717443522e+00,6.901932028425281640e-01,2.397585524245139155e+00,5.546414805012679639e-02,4.205755664965607488e-01,7.364157877552912580e-04,-4.080833918872897592e-02,3.756262998758248817e-02,-4.164055581941479220e-03,-3.436487763310250299e-03,1.738631968386550986e+00
2.656000000000000227e+01,1.000000000000000000e+00,-2.036748509905634386e+00,6.909437678188243837e-01,2.399515373888040592e+00,5.547901193703869832e-02,4.209409495356338793e-01,7.499583960733354837e-04,-4.089170905003500917e-02,3.749385144896916211e-02,-4.172881454268752635e-03,-3.441345674925516251e-03,1.740336720595338837e+00
2.657999999999999829e+01,1.000000000000000000e+00,-2.037567179236563941e+00,6.916929562609442916e-01,2.401447568223137541e+00,5.549414579534775460e-02,4.212795978131617103e-01,7.634124105149293297e-04,-4.097525247819168437e-02,3.742497697933506312e-02,-4.181412020389881426e-03,-3.446080774102831552e-03,1.741917235637256534e+00
2.660000000000000142e+01,1.000000000000000000e+00,-2.038387521122408064e+00,6.924407662748667258e-01,2.403381979718749228e+00,5.550954782210164307e-02,4.215915407758845102e-01,7.767747207461218970e-04,-4.105896355227797029e-02,3.735600904040604908e-02,-4.189645800615885742e-03,-3.450692513131067146e-03,1.743373538032896519e+00
2.662000000000000099e+01,1.000000000000000000e+00,-2.039209538856630921e+00,6.931871960159140533e-01,2.405318480727192121e+00,5.552521615197179156e-02,4.218768098399456878e-01,7.900421995614462754e-04,-4.114283632177909156e-02,3.728695010486221539e-02,-4.197581315257793537e-03,-3.455180344299096581e-03,1.744705670357505012e+00
2.664000000000000057e+01,1.000000000000000000e+00,-2.040033235613388118e+00,6.939322436889722168e-01,2.407256943498442769e+00,5.554114885692111592e-02,4.221354383660665954e-01,8.032117034006195071e-04,-4.122686480658646624e-02,3.721780265633789497e-02,-4.205217084626625829e-03,-3.459543719895789501e-03,1.745913693152762125e+00
2.666000000000000014e+01,1.000000000000000000e+00,-2.040858614446938279e+00,6.946759075487091151e-01,2.409197240193760248e+00,5.555734394588209002e-02,4.223674616344024191e-01,8.162800728685627033e-04,-4.131104299699774052e-02,3.714856918942160968e-02,-4.212551629033406235e-03,-3.463782092210020321e-03,1.746997684829342701e+00
2.667999999999999972e+01,1.000000000000000000e+00,-2.041685678291049744e+00,6.954181858997943166e-01,2.411139242899257074e+00,5.557379936444529350e-02,4.225729168190724416e-01,8.292441332585179670e-04,-4.139536485371679564e-02,3.707925220965611890e-02,-4.219583468789159242e-03,-3.467894913530660417e-03,1.747957741560279610e+00
2.670000000000000284e+01,1.000000000000000000e+00,-2.042514429958409927e+00,6.961590770971173292e-01,2.413082823639405738e+00,5.559051299455845807e-02,4.227518429623587926e-01,8.421006950780586184e-04,-4.147982430785371322e-02,3.700985423353841258e-02,-4.226311124204908468e-03,-3.471881636146580737e-03,1.748793977165167268e+00
2.671999999999999886e+01,1.000000000000000000e+00,-2.043344872140029800e+00,6.968985795460073129e-01,2.415027854390488837e+00,5.560748265423599151e-02,4.229042809485707988e-01,8.548465545778051542e-04,-4.156441526092478911e-02,3.694037778851969045e-02,-4.232733115591678398e-03,-3.475741712346654827e-03,1.749506522985259549e+00
2.674000000000000199e+01,1.000000000000000000e+00,-2.044177007404659019e+00,6.976366917024523495e-01,2.416974207093972815e+00,5.562470609727919457e-02,4.230302734775642226e-01,8.674784942826404026e-04,-4.164913158485258893e-02,3.687082541300538280e-02,-4.238847963260490917e-03,-3.479474594419752764e-03,1.750095527749496505e+00
2.675999999999999801e+01,1.000000000000000000e+00,-2.045010838198185521e+00,6.983734120733176010e-01,2.418921753669805330e+00,5.564218101300703184e-02,4.231298650379138326e-01,8.799932835251949963e-04,-4.173396712196583702e-02,3.680119965635515744e-02,-4.244654187522372245e-03,-3.483079734654749397e-03,1.750561157431532733e+00
2.678000000000000114e+01,1.000000000000000000e+00,-2.045846366843050212e+00,6.991087392165653558e-01,2.420870366029631349e+00,5.565990502599765799e-02,4.232031018797287603e-01,8.923876789814521367e-04,-4.181891568499951362e-02,3.673150307888286420e-02,-4.250150308688344265e-03,-3.486556585340513936e-03,1.750903595097820453e+00
2.680000000000000071e+01,1.000000000000000000e+00,-2.046683595537652334e+00,6.998426717414735210e-01,2.422819916089916426e+00,5.567787569584065760e-02,4.232500319871055350e-01,9.046584252082089453e-04,-4.190397105709479930e-02,3.666173825185659735e-02,-4.255334847069432332e-03,-3.489904598765920362e-03,1.751123040746822124e+00
2.682000000000000028e+01,1.000000000000000000e+00,-2.047522526355757932e+00,7.005752083088548909e-01,2.424770275784973173e+00,5.569609051690008888e-02,4.232707050502121371e-01,9.168022551822371932e-04,-4.198912699179913055e-02,3.659190775749870256e-02,-4.260206322976658327e-03,-3.493123227219839186e-03,1.751219711139429869e+00
2.683999999999999986e+01,1.000000000000000000e+00,-2.048363161245908337e+00,7.013063476312766387e-01,2.426721317079890916e+00,5.571454691808818555e-02,4.232651724369956292e-01,9.288158908409169202e-04,-4.207437721306611644e-02,3.652201418898569363e-02,-4.264763256721046739e-03,-3.496211922991143955e-03,1.751193839620682091e+00
2.685999999999999943e+01,1.000000000000000000e+00,-2.049205502030826409e+00,7.020360884732783635e-01,2.428672911983347227e+00,5.573324226265009840e-02,4.232334871645035967e-01,9.406960436241551581e-04,-4.215971541525562194e-02,3.645206015044834963e-02,-4.269004168613622051e-03,-3.499170138368705180e-03,1.751045675932844770e+00
2.688000000000000256e+01,1.000000000000000000e+00,-2.050049550406829457e+00,7.027644296515925815e-01,2.430624932560314644e+00,5.575217384795930903e-02,4.231757038698157336e-01,9.524394150173743278e-04,-4.224513526313372624e-02,3.638204825697164552e-02,-4.272927578965409617e-03,-3.501997325641396409e-03,1.750775486019983784e+00
2.689999999999999858e+01,1.000000000000000000e+00,-2.050895307943231050e+00,7.034913700353622179e-01,2.432577250944637282e+00,5.577133890532399996e-02,4.230918787805733605e-01,9.640426970953728776e-04,-4.233063039187270893e-02,3.631198113459480070e-02,-4.276532008087428720e-03,-3.504692937098089454e-03,1.750383551824101103e+00
2.692000000000000171e+01,1.000000000000000000e+00,-2.051742776081753927e+00,7.042169085463610978e-01,2.434529739351486199e+00,5.579073459980426336e-02,4.229820696851034345e-01,9.755025730668954228e-04,-4.241619440705109156e-02,3.624186142031123742e-02,-4.279815976290706446e-03,-3.507256425027654393e-03,1.749870171072967162e+00
2.693999999999999773e+01,1.000000000000000000e+00,-2.052591956135936258e+00,7.049410441592125487e-01,2.436482270089677993e+00,5.581035803004028711e-02,4.228463359021238932e-01,9.868157178196368916e-04,-4.250182088465362384e-02,3.617169176206862236e-02,-4.282778003886264680e-03,-3.509687241718965640e-03,1.749235657059738047e+00
2.696000000000000085e+01,1.000000000000000000e+00,-2.053442849290538774e+00,7.056637759016076705e-01,2.438434715573857048e+00,5.583020622809128225e-02,4.226847382500271699e-01,9.979787984655795214e-04,-4.258750337107123501e-02,3.610147481876881115e-02,-4.285416611185129641e-03,-3.511984839460895007e-03,1.748480338414501345e+00
2.698000000000000043e+01,1.000000000000000000e+00,-2.054295456600956360e+00,7.063851028545262700e-01,2.440386948336528139e+00,5.585027615928554734e-02,4.224973390157273911e-01,1.008988474886386884e-03,-4.267323538310112407e-02,3.603121326026791083e-02,-4.287730318498323215e-03,-3.514148670542313006e-03,1.747604558867844160e+00
2.700000000000000000e+01,1.000000000000000000e+00,-2.055149778992621634e+00,7.071050241524534652e-01,2.442338841039942476e+00,5.587056472208123958e-02,4.222842019230697019e-01,1.019841400278713233e-03,-4.275901040794666957e-02,3.596090976737625899e-02,-4.289717646136870753e-03,-3.516178187252093183e-03,1.746608677006605159e+00
2.701999999999999957e+01,1.000000000000000000e+00,-2.056005817260416535e+00,7.078235389836012859e-01,2.444290266487823438e+00,5.589106874793813018e-02,4.220453921007866760e-01,1.030534221699223050e-03,-4.284482190321750594e-02,3.589056703185838221e-02,-4.291377114411792405e-03,-3.518072841879104750e-03,1.745493066021916562e+00
2.703999999999999915e+01,1.000000000000000000e+00,-2.056863572068079904e+00,7.085406465901260553e-01,2.446241097636930206e+00,5.591178500120026068e-02,4.217809760499979799e-01,1.041063580609122904e-03,-4.293066329692946104e-02,3.582018775643305147e-02,-4.292707243634116994e-03,-3.519832086712223855e-03,1.744258113449693282e+00
2.706000000000000227e+01,1.000000000000000000e+00,-2.057723043947612851e+00,7.092563462683478814e-01,2.448191207608452213e+00,5.593271017898948649e-02,4.214910216112394137e-01,1.051426113418034132e-03,-4.301652798750459084e-02,3.574977465477326144e-02,-4.293706554114864668e-03,-3.521455374040320142e-03,1.742904220903691348e+00
2.707999999999999829e+01,1.000000000000000000e+00,-2.058584233298690780e+00,7.099706373689703698e-01,2.450140469699231272e+00,5.595384091110987279e-02,4.211755979310177755e-01,1.061618452027015495e-03,-4.310240934377118638e-02,3.567933045150621651e-02,-4.294373566165059913e-03,-3.522942156152265858e-03,1.741431803801308575e+00
2.710000000000000142e+01,1.000000000000000000e+00,-2.059447140388069641e+00,7.106835192972988935e-01,2.452088757392801632e+00,5.597517375996289429e-02,4.208347754278795594e-01,1.071637224370555839e-03,-4.318830070496372520e-02,3.560885788221335169e-02,-4.294706800095727216e-03,-3.524291885336933248e-03,1.739841291082259156e+00
2.712000000000000099e+01,1.000000000000000000e+00,-2.060311765348993074e+00,7.113949915134599733e-01,2.454035944370246636e+00,5.599670522047361237e-02,4.204686257579827724e-01,1.081479054957360051e-03,-4.327419538072295457e-02,3.553835969343032558e-02,-4.294704776217890194e-03,-3.525504013883194992e-03,1.738133124920276051e+00
2.714000000000000057e+01,1.000000000000000000e+00,-2.061178108180602653e+00,7.121050535326203246e-01,2.455981904520859960e+00,5.601843172002748256e-02,4.200772217801670982e-01,1.091140565409753297e-03,-4.336008665109579441e-02,3.546783864264702046e-02,-4.294366014842573333e-03,-3.526577994079922035e-03,1.736307760428013935e+00
2.716000000000000014e+01,1.000000000000000000e+00,-2.062046168747344144e+00,7.128137049252063484e-01,2.457926511952618132e+00,5.604034961841800055e-02,4.196606375205110262e-01,1.100618375001527266e-03,-4.344596776653540660e-02,3.539729749830754224e-02,-4.293689036280798517e-03,-3.527513278215986189e-03,1.734365665355306785e+00
2.717999999999999972e+01,1.000000000000000000e+00,-2.062915946778376419e+00,7.135209453171224014e-01,2.459869641002446539e+00,5.606245520780515912e-02,4.192189481363652881e-01,1.109909101194072939e-03,-4.353183194790118116e-02,3.532673903981019964e-02,-4.292672360843591099e-03,-3.528309318580261002e-03,1.732307319780935995e+00
2.720000000000000284e+01,1.000000000000000000e+00,-2.063787441866981265e+00,7.142267743899709531e-01,2.461811166246278049e+00,5.608474471268449363e-02,4.187522298798562193e-01,1.119009360170611020e-03,-4.361767238645872929e-02,3.525616605750754584e-02,-4.291314508841973831e-03,-3.528965567461617419e-03,1.730133215798092428e+00
2.721999999999999886e+01,1.000000000000000000e+00,-2.064660653469967855e+00,7.149311918812704114e-01,2.463750962508902909e+00,5.610721428986685522e-02,4.182605600608495511e-01,1.127915767368379944e-03,-4.370348224387985564e-02,3.518558135270635767e-02,-4.289614000586971197e-03,-3.529481477148927685e-03,1.727843857193696042e+00
2.724000000000000199e+01,1.000000000000000000e+00,-2.065535580907083002e+00,7.156341975846751691e-01,2.465688904873601484e+00,5.612986002846877959e-02,4.177440170093631444e-01,1.136624938008618619e-03,-4.378925465224259989e-02,3.511498773766762171e-02,-4.287569356389606817e-03,-3.529856499931063180e-03,1.725439759121740302e+00
2.725999999999999801e+01,1.000000000000000000e+00,-2.066412223360420075e+00,7.163357913501945395e-01,2.467624868691554507e+00,5.615267794991351397e-02,4.172026800374216693e-01,1.145133487624172813e-03,-4.387498271403122985e-02,3.504438803560655513e-02,-4.285179096560904309e-03,-3.530090088096897016e-03,1.722921447770844550e+00
2.728000000000000114e+01,1.000000000000000000e+00,-2.067290579873825696e+00,7.170359730844113599e-01,2.469558729591027291e+00,5.617566400794241077e-02,4.166366294003448489e-01,1.153438032584603538e-03,-4.396065950213623452e-02,3.497378508069259179e-02,-4.282441741411888159e-03,-3.530181693935301439e-03,1.720289460026189543e+00
2.730000000000000071e+01,1.000000000000000000e+00,-2.068170649352309542e+00,7.177347427507014821e-01,2.471490363486321229e+00,5.619881408863697247e-02,4.160459462574578882e-01,1.161535190618616809e-03,-4.404627805985431022e-02,3.490318171804940306e-02,-4.279355811253580250e-03,-3.530130769735147396e-03,1.717544343126012896e+00
2.732000000000000028e+01,1.000000000000000000e+00,-2.069052430561448830e+00,7.184321003694531527e-01,2.473419646586494380e+00,5.622212401045116603e-02,4.154307126322175359e-01,1.169421581333708734e-03,-4.413183140088838829e-02,3.483258080375485621e-02,-4.275919826397005935e-03,-3.529936767785306698e-03,1.714686654312846947e+00
2.733999999999999986e+01,1.000000000000000000e+00,-2.069935922126801220e+00,7.191280460182851719e-01,2.475346455403835133e+00,5.624558952425423586e-02,4.147910113717426239e-01,1.177093826732846828e-03,-4.421731250934760743e-02,3.476198520484106297e-02,-4.272132307153188834e-03,-3.529599140374653325e-03,1.711716960479676919e+00
2.735999999999999943e+01,1.000000000000000000e+00,-2.070821122533308856e+00,7.198225798322667179e-01,2.477270666762096507e+00,5.626920631338369616e-02,4.141269261057424766e-01,1.184548551728094312e-03,-4.430271433974733442e-02,3.469139779929435174e-02,-4.267991773833153431e-03,-3.529117339792056923e-03,1.708635837811205205e+00
2.738000000000000256e+01,1.000000000000000000e+00,-2.071708030124709943e+00,7.205157020041366156e-01,2.479192157804481322e+00,5.629296999370866916e-02,4.134385412048328656e-01,1.191782384651014553e-03,-4.438802981700916417e-02,3.462082147605526766e-02,-4.263496746747920743e-03,-3.528490818326391470e-03,1.705443871420405433e+00
2.739999999999999858e+01,1.000000000000000000e+00,-2.072596643102944114e+00,7.212074127845212734e-01,2.481110806001368907e+00,5.631687611370331942e-02,4.127259417382314610e-01,1.198791957759752849e-03,-4.447325183646089197e-02,3.455025913501859336e-02,-4.258645746208518726e-03,-3.527719028266527480e-03,1.702141654980545482e+00
2.742000000000000171e+01,1.000000000000000000e+00,-2.073486959527560902e+00,7.218977124821551739e-01,2.483026489157790895e+00,5.634092015453046054e-02,4.119892134308237863e-01,1.205573907742656580e-03,-4.455837326383654817e-02,3.447971368703331430e-02,-4.253437292525968395e-03,-3.526801421901338933e-03,1.698729790352866198e+00
2.743999999999999773e+01,1.000000000000000000e+00,-2.074378977315130879e+00,7.225866014640991430e-01,2.484939085420643679e+00,5.636509753013509844e-02,4.112284426195931264e-01,1.212124876218338091e-03,-4.464338693527637042e-02,3.440918805390264651e-02,-4.247869906011292503e-03,-3.525737451519695038e-03,1.695208887210104765e+00
2.746000000000000085e+01,1.000000000000000000e+00,-2.075272694238649240e+00,7.232740801559596200e-01,2.486848473285633965e+00,5.638940358734812613e-02,4.104437162094011216e-01,1.218441510232051933e-03,-4.472828565732686612e-02,3.433868516838402968e-02,-4.241942106975516401e-03,-3.524526569410470211e-03,1.691579562656028601e+00
2.748000000000000043e+01,1.000000000000000000e+00,-2.076168107926947837e+00,7.239601490421077035e-01,2.488754531603955655e+00,5.641383360599964286e-02,4.096351216281183816e-01,1.224520462748282176e-03,-4.481306220694067366e-02,3.426820797418914100e-02,-4.235652415729665443e-03,-3.523168227862535831e-03,1.687842440841192504e+00
2.750000000000000000e+01,1.000000000000000000e+00,-2.077065215864100090e+00,7.246448086658980881e-01,2.490657139588698499e+00,5.643838279904235533e-02,4.088027467810877447e-01,1.230358393139450871e-03,-4.489770933147672199e-02,3.419775942598386742e-02,-4.228999352584760646e-03,-3.521661879164763274e-03,1.683998152575062246e+00
2.751999999999999957e+01,1.000000000000000000e+00,-2.077964015388831243e+00,7.253280596298885552e-01,2.492556176820974301e+00,5.646304631268451307e-02,4.079466800049215136e-01,1.235951967670643374e-03,-4.498221974870013351e-02,3.412734248938829873e-02,-4.221981437851825628e-03,-3.520006975606024789e-03,1.680047334934728243e+00
2.753999999999999915e+01,1.000000000000000000e+00,-2.078864503693926835e+00,7.260099025960590202e-01,2.494451523255768688e+00,5.648781922653262760e-02,4.070670100206161823e-01,1.241297859980252305e-03,-4.506658614678227953e-02,3.405696014097676916e-02,-4.214597191841886609e-03,-3.518202969475193488e-03,1.675990630870351827e+00
2.756000000000000227e+01,1.000000000000000000e+00,-2.079766677825638954e+00,7.266903382860300242e-01,2.496343059227505101e+00,5.651269655374366319e-02,4.061638258859835982e-01,1.246392751556459674e-03,-4.515080118430071093e-02,3.398661536827785046e-02,-4.206845134865967208e-03,-3.516249313061140316e-03,1.671828688807547980e+00
2.757999999999999829e+01,1.000000000000000000e+00,-2.080670534683094708e+00,7.273693674812823362e-01,2.498230665455329014e+00,5.653767324118677551e-02,4.052372169473859032e-01,1.251233332209486732e-03,-4.523485749023921365e-02,3.391631116977428945e-02,-4.198723787235088441e-03,-3.514145458652737520e-03,1.667562162246867485e+00
2.760000000000000142e+01,1.000000000000000000e+00,-2.081576071017706919e+00,7.280469910233761111e-01,2.500114223048094164e+00,5.656274416961448032e-02,4.042872727907694252e-01,1.255816300539521965e-03,-4.531874766398780868e-02,3.384605055490310516e-02,-4.190231669260276529e-03,-3.511890858538856911e-03,1.663191709360557935e+00
2.762000000000000099e+01,1.000000000000000000e+00,-2.082483283432578602e+00,7.287232098141696035e-01,2.501993613509065462e+00,5.658790415384307160e-02,4.033140831919889147e-01,1.260138364400255903e-03,-4.540246427534273821e-02,3.377583654405551250e-02,-4.181367301252555090e-03,-3.509484965008372037e-03,1.658717992586777434e+00
2.764000000000000057e+01,1.000000000000000000e+00,-2.083392168381912768e+00,7.293980248160383262e-01,2.503868718740319466e+00,5.661314794294222685e-02,4.023177380664156866e-01,1.264196241357970485e-03,-4.548599986450644478e-02,3.370567216857695697e-02,-4.172129203522946007e-03,-3.506927230350152976e-03,1.654141678221431322e+00
2.766000000000000014e+01,1.000000000000000000e+00,-2.084302722170420896e+00,7.300714370520945407e-01,2.505739421046849547e+00,5.663847022043389662e-02,4.012983274178205106e-01,1.267986659146115103e-03,-4.556934694208758518e-02,3.363556047076710076e-02,-4.162515896382476370e-03,-3.504217106853072840e-03,1.649463436007792438e+00
2.767999999999999972e+01,1.000000000000000000e+00,-2.085214940952732299e+00,7.307434476064059714e-01,2.507605603140372175e+00,5.666386560450014515e-02,4.002559412865243638e-01,1.271506356115309272e-03,-4.565249798910106516e-02,3.356550450387983664e-02,-4.152525900142166326e-03,-3.501354046806002575e-03,1.644683938724072592e+00
2.770000000000000284e+01,1.000000000000000000e+00,-2.086128820732797262e+00,7.314140576242149638e-01,2.509467148142825454e+00,5.668932864819992146e-02,3.991906696968135493e-01,1.274752081678743720e-03,-4.573544545696801855e-02,3.349550733212326020e-02,-4.142157735113039495e-03,-3.498337502497814427e-03,1.639803861769120852e+00
2.771999999999999886e+01,1.000000000000000000e+00,-2.087044357363302183e+00,7.320832683121571982e-01,2.511323939589562126e+00,5.671485383969471217e-02,3.981026026036075804e-01,1.277720596752908140e-03,-4.581818176751574490e-02,3.342557203065973231e-02,-4.131409921606124698e-03,-3.495166926217382810e-03,1.634823882746386348e+00
2.774000000000000199e+01,1.000000000000000000e+00,-2.087961546545070934e+00,7.327510809384816248e-01,2.513175861432240144e+00,5.674043560248306223e-02,3.969918298383714461e-01,1.280408674193632586e-03,-4.590069931297781347e-02,3.335570168560579585e-02,-4.120280979932439483e-03,-3.491841770253576935e-03,1.629744681046295884e+00
2.775999999999999801e+01,1.000000000000000000e+00,-2.088880383826478226e+00,7.334174968332688449e-01,2.515022798041392171e+00,5.676606829564356804e-02,3.958584410542761445e-01,1.282813099227406075e-03,-4.598299045599400087e-02,3.328589939403222425e-02,-4.108769430403015274e-03,-3.488361486895270348e-03,1.624566937427243563e+00
2.778000000000000114e+01,1.000000000000000000e+00,-2.089800864602854524e+00,7.340825173886506017e-01,2.516864634208693108e+00,5.679174621408666912e-02,3.947025256705848917e-01,1.284930669877916475e-03,-4.606504752961031179e-02,3.321616826396402156e-02,-4.096873793328866149e-03,-3.484725528431333128e-03,1.619291333595267890e+00
2.780000000000000071e+01,1.000000000000000000e+00,-2.090722984115896299e+00,7.347461440590281612e-01,2.518701255148902085e+00,5.681746358881471087e-02,3.935241728162736097e-01,1.286758197387851766e-03,-4.614686283727893051e-02,3.314651141438040849e-02,-4.084592589021023533e-03,-3.480933347150640123e-03,1.613918551782631550e+00
2.782000000000000028e+01,1.000000000000000000e+00,-2.091646737453071836e+00,7.354083783612926917e-01,2.520532546501494942e+00,5.684321458719063941e-02,3.923234712728657092e-01,1.288292506635879209e-03,-4.622842865285832492e-02,3.307693197521484330e-02,-4.071924337790507574e-03,-3.476984395342061409e-03,1.608449274325377543e+00
2.783999999999999986e+01,1.000000000000000000e+00,-2.092572119547031484e+00,7.360692218750430893e-01,2.522358394331973841e+00,5.686899331321470380e-02,3.911005094164872742e-01,1.289530436548842968e-03,-4.630973722061314246e-02,3.300743308735499398e-02,-4.058867559948343626e-03,-3.472878125294470101e-03,1.602884183240058880e+00
2.785999999999999943e+01,1.000000000000000000e+00,-2.093499125175015241e+00,7.367286762428054692e-01,2.524178685132855371e+00,5.689479380780960993e-02,3.898553751591246064e-01,1.290468840509150688e-03,-4.639078075521425176e-02,3.293801790264273832e-02,-4.045420775805555307e-03,-3.468613989296737143e-03,1.597223959799711990e+00
2.788000000000000256e+01,1.000000000000000000e+00,-2.094427748958259450e+00,7.373867431702526565e-01,2.525993305824340229e+00,5.692061004911360550e-02,3.885881558890863507e-01,1.291104586757358145e-03,-4.647155144173877039e-02,3.286868958387419853e-02,-4.031582505673164500e-03,-3.464191439637735216e-03,1.591469284109247484e+00
2.789999999999999858e+01,1.000000000000000000e+00,-2.095357985361407493e+00,7.380434244264225674e-01,2.527802143754649844e+00,5.694643595278165576e-02,3.872989384106589328e-01,1.291434558789960642e-03,-4.655204143566998853e-02,3.279945130479970661e-02,-4.017351269862196560e-03,-3.459609928606336132e-03,1.585620834680345759e+00
2.792000000000000171e+01,1.000000000000000000e+00,-2.096289828691914714e+00,7.386987218439381442e-01,2.529605086700047689e+00,5.697226537229450188e-02,3.859878088829504783e-01,1.291455655752400894e-03,-4.663224286289746612e-02,3.273030625012383898e-02,-4.002725588683675971e-03,-3.454868908491413003e-03,1.579679288005990445e+00
2.793999999999999773e+01,1.000000000000000000e+00,-2.097223273099459995e+00,7.393526373192255141e-01,2.531402022864523982e+00,5.699809209927551162e-02,3.846548527579159438e-01,1.291164792827318364e-03,-4.671214781971695651e-02,3.266125761550535411e-02,-3.987703982448626353e-03,-3.449967831581836342e-03,1.573645318134736959e+00
2.796000000000000085e+01,1.000000000000000000e+00,-2.098158312575352014e+00,7.400051728127338135e-01,2.533192840879153973e+00,5.702390986381530164e-02,3.833001547175597379e-01,1.290558901618046525e-03,-4.679174837283045507e-02,3.259230860755726183e-02,-3.972284971468066986e-03,-3.444906150166477526e-03,1.567519596244834279e+00
2.798000000000000043e+01,1.000000000000000000e+00,-2.099094940951936383e+00,7.406563303491536798e-01,2.534977429801128501e+00,5.704971233480388149e-02,3.819237986103061200e-01,1.289634930527417062e-03,-4.687103655934612978e-02,3.252346244384680257e-02,-3.956467076053028428e-03,-3.439683316534211405e-03,1.561302790218288328e+00
2.800000000000000000e+01,1.000000000000000000e+00,-2.100033151902005013e+00,7.413061120176369645e-01,2.536755679112449702e+00,5.707549312027046517e-02,3.805258673865310470e-01,1.288389845131878353e-03,-4.695000438677841142e-02,3.245472235289541957e-02,-3.940248816514531696e-03,-3.434298782973908490e-03,1.554995564214954662e+00
2.801999999999999957e+01,1.000000000000000000e+00,-2.100972938938206358e+00,7.419545199720153361e-01,2.538527478718292762e+00,5.710124576773061011e-02,3.791064430332521384e-01,1.286820628550985066e-03,-4.702864383304795198e-02,3.238609157417877971e-02,-3.923628713163599541e-03,-3.428752001774439725e-03,1.548598578246764612e+00
2.803999999999999915e+01,1.000000000000000000e+00,-2.101914295412448563e+00,7.426015564310194383e-01,2.540292718945038164e+00,5.712696376454073216e-02,3.776656065079670999e-01,1.284924281812299630e-03,-4.710694684648161767e-02,3.231757335812677351e-02,-3.906605286311257315e-03,-3.423042425224678657e-03,1.542112487752153482e+00
2.806000000000000227e+01,1.000000000000000000e+00,-2.102857214515311490e+00,7.432472236784983810e-01,2.542051290537961528e+00,5.715264053825988566e-02,3.762034376716347772e-01,1.282697824211755447e-03,-4.718490534581246815e-02,3.224917096612353595e-02,-3.889177056268527336e-03,-3.417169505613497100e-03,1.535537943170765418e+00
2.807999999999999829e+01,1.000000000000000000e+00,-2.103801689275453857e+00,7.438915240636377879e-01,2.543803084658593061e+00,5.717826945701870445e-02,3.747200152207922907e-01,1.280138293669557965e-03,-4.726251122017982587e-02,3.218088767050738402e-02,-3.871342543346434090e-03,-3.411132695229766431e-03,1.528875589518509104e+00
2.810000000000000142e+01,1.000000000000000000e+00,-2.104747712559022155e+00,7.445344600011806202e-01,2.545547992881737720e+00,5.720384382989539968e-02,3.732154166188016986e-01,1.277242747081649629e-03,-4.733975632912920672e-02,3.211272675457089998e-02,-3.853100267856001630e-03,-3.404931446362359330e-03,1.522126065963025354e+00
2.812000000000000099e+01,1.000000000000000000e+00,-2.105695277069056015e+00,7.451760339716444470e-01,2.547285907192154752e+00,5.722935690729875902e-02,3.716897180262181410e-01,1.274008260666846049e-03,-4.741663250261235474e-02,3.204469151256085502e-02,-3.834448750108252271e-03,-3.398565211300147611e-03,1.515290005399617890e+00
2.814000000000000057e+01,1.000000000000000000e+00,-2.106644375344899345e+00,7.458162485215414916e-01,2.549016719980901069e+00,5.725480188135801535e-02,3.701429942302733034e-01,1.270431930309698452e-03,-4.749313154098722817e-02,3.197678524967826480e-02,-3.815386510414211802e-03,-3.392033442332003084e-03,1.508368034027704807e+00
2.816000000000000014e+01,1.000000000000000000e+00,-2.107594999761606580e+00,7.464551062635976786e-01,2.550740324041330886e+00,5.728017188631959883e-02,3.685753185734656490e-01,1.266510871899156378e-03,-4.756924521501801340e-02,3.190901128207836168e-02,-3.795912069084903841e-03,-3.385335591746798430e-03,1.501360770927822719e+00
2.817999999999999972e+01,1.000000000000000000e+00,-2.108547142529352048e+00,7.470926098769714585e-01,2.552456612564760530e+00,5.730545999895055032e-02,3.669867628812509830e-01,1.262242221663132952e-03,-4.764496526587511799e-02,3.184137293687058778e-02,-3.776023946431351138e-03,-3.378471111833405028e-03,1.494268827639228192e+00
2.820000000000000284e+01,1.000000000000000000e+00,-2.109500795692837549e+00,7.477287621074731883e-01,2.554165479135782846e+00,5.733065923894860305e-02,3.653773973888259641e-01,1.257623136499049074e-03,-4.772028340513518457e-02,3.177387355211860887e-02,-3.755720662764574277e-03,-3.371439454880694690e-03,1.487092807738126021e+00
2.821999999999999886e+01,1.000000000000000000e+00,-2.110455951130699948e+00,7.483635657677836228e-01,2.555866817727245888e+00,5.735576256935887018e-02,3.637472906669939610e-01,1.252650794300461893e-03,-4.779519131478102839e-02,3.170651647684034902e-02,-3.735000738395604682e-03,-3.364240073177540095e-03,1.479833306416536320e+00
2.824000000000000199e+01,1.000000000000000000e+00,-2.111412600554920527e+00,7.489970237376739615e-01,2.557560522694885652e+00,5.738076289699699933e-02,3.620965095471078143e-01,1.247322394279859773e-03,-4.786968064720173444e-02,3.163930507100792128e-02,-3.713862693635461634e-03,-3.356872419012813056e-03,1.472490910061824421e+00
2.825999999999999801e+01,1.000000000000000000e+00,-2.112370735510232134e+00,7.496291389642240066e-01,2.559246488771615091e+00,5.740565307287871788e-02,3.604251190450801778e-01,1.241635157287765542e-03,-4.794374302519258113e-02,3.157224270554766232e-02,-3.692305048795168753e-03,-3.349335944675386253e-03,1.465066195836904228e+00
2.828000000000000114e+01,1.000000000000000000e+00,-2.113330347373526763e+00,7.502599144620417659e-01,2.560924611061469403e+00,5.743042589265578285e-02,3.587331822844512796e-01,1.235586326128223491e-03,-4.801737004195508196e-02,3.150533276234013247e-02,-3.670326324185748355e-03,-3.341630102454130197e-03,1.457559731261101943e+00
2.830000000000000071e+01,1.000000000000000000e+00,-2.114291427353265806e+00,7.508893533134823883e-01,2.562594785033202704e+00,5.745507409705817581e-02,3.570207604185062777e-01,1.229173165870805443e-03,-4.809055326109695772e-02,3.143857863422012955e-02,-3.647925040118227529e-03,-3.333754344637917567e-03,1.449972073791687910e+00
2.832000000000000028e+01,1.000000000000000000e+00,-2.115253966488886306e+00,7.515174586688672109e-01,2.564256906513544543e+00,5.747959037234250113e-02,3.552879125514326608e-01,1.222392964159256220e-03,-4.816328421663215731e-02,3.137198372497665422e-02,-3.625099716903630760e-03,-3.325708123515621912e-03,1.442303770406057062e+00
2.833999999999999986e+01,1.000000000000000000e+00,-2.116217955650209870e+00,7.521442337467032502e-01,2.565910871680103345e+00,5.750396735074652516e-02,3.535346956585065370e-01,1.215243031516897781e-03,-4.823555441298085777e-02,3.130555144935295853e-02,-3.601848874852977330e-03,-3.317490891376113742e-03,1.434555357184532198e+00
2.835999999999999943e+01,1.000000000000000000e+00,-2.117183385536849816e+00,7.527696818339010276e-01,2.567556577053928368e+00,5.752819761094978002e-02,3.517611645052988734e-01,1.207720701648950764e-03,-4.830735532496943652e-02,3.123928523304646959e-02,-3.578171034277294327e-03,-3.309102100508264869e-03,1.426727358893770781e+00
2.838000000000000256e+01,1.000000000000000000e+00,-2.118150246677620974e+00,7.533938062859957263e-01,2.569193919491719047e+00,5.755227367854027359e-02,3.499673715658904172e-01,1.199823331741862531e-03,-4.837867839783052681e-02,3.117318851270888674e-02,-3.554064715487603200e-03,-3.300541203200947106e-03,1.418820288570730614e+00
2.839999999999999858e+01,1.000000000000000000e+00,-2.119118529429946385e+00,7.540166105273641284e-01,2.570822796177687941e+00,5.757618802648694495e-02,3.481533669400845854e-01,1.191548302759841025e-03,-4.844951504720292068e-02,3.110726473594610519e-02,-3.529528438794930605e-03,-3.291807651743034000e-03,1.410834647107157336e+00
2.842000000000000171e+01,1.000000000000000000e+00,-2.120088223979266218e+00,7.546380980514453274e-01,2.572443104615076859e+00,5.759993307561831616e-02,3.463191982696046667e-01,1.182893019738702391e-03,-4.851985665913170070e-02,3.104151736131824726e-02,-3.504560724510299725e-03,-3.282900898423397364e-03,1.402770922834532197e+00
2.843999999999999773e+01,1.000000000000000000e+00,-2.121059320338444909e+00,7.552582724209587761e-01,2.574054742617318148e+00,5.762350119510675078e-02,3.444649106532656768e-01,1.173854912077200007e-03,-4.858969459006813596e-02,3.097594985833965545e-02,-3.479160092944730710e-03,-3.273820395530906840e-03,1.394629591109429523e+00
2.846000000000000085e+01,1.000000000000000000e+00,-2.122031808347180970e+00,7.558771372681239997e-01,2.575657608298849155e+00,5.764688470295859651e-02,3.425905465611087108e-01,1.164431433825996454e-03,-4.865902016686969589e-02,3.091056570747889587e-02,-3.453325064409249346e-03,-3.264565595354436411e-03,1.386411113899221004e+00
2.848000000000000043e+01,1.000000000000000000e+00,-2.123005677671413682e+00,7.564946962948791986e-01,2.577251600065574078e+00,5.767007586651018425e-02,3.406961457474805277e-01,1.154620063974439977e-03,-4.872782468680011969e-02,3.084536840015877218e-02,-3.427054159214882722e-03,-3.255135950182859624e-03,1.378115939368033338e+00
2.850000000000000000e+01,1.000000000000000000e+00,-2.123980917802731572e+00,7.571109532731006286e-01,2.578836616604974541e+00,5.769306690292932971e-02,3.387817451630488197e-01,1.144418306735301783e-03,-4.879609941752930530e-02,3.078036143875629432e-02,-3.400345897672651854e-03,-3.245530912305046121e-03,1.369744501462895281e+00
2.851999999999999957e+01,1.000000000000000000e+00,-2.124957518057780881e+00,7.577259120448219809e-01,2.580412556875866681e+00,5.771584997972273312e-02,3.368473788657379564e-01,1.133823691827675175e-03,-4.886383559713343427e-02,3.071554833660268893e-02,-3.373198800093581660e-03,-3.235749934009868583e-03,1.361297219499976618e+00
2.853999999999999915e+01,1.000000000000000000e+00,-2.125935467577672711e+00,7.583395765224525409e-01,2.581979320097805175e+00,5.773841721524890919e-02,3.348930779305669403e-01,1.122833774758178783e-03,-4.893102443409488855e-02,3.065093261798342364e-02,-3.345611386788692292e-03,-3.225792467586198389e-03,1.352774497750810712e+00
2.856000000000000227e+01,1.000000000000000000e+00,-2.126914755327392381e+00,7.589519506889973455e-01,2.583536805740131559e+00,5.776076067923662655e-02,3.329188703583815800e-01,1.111446137100693737e-03,-4.899765710730222268e-02,3.058651781813817583e-02,-3.317582178069011702e-03,-3.215657965322909085e-03,1.344176725028420449e+00
2.857999999999999829e+01,1.000000000000000000e+00,-2.127895370095208349e+00,7.595630385982754529e-01,2.585084913510671267e+00,5.778287239330922448e-02,3.309247809834532372e-01,1.099658386774774853e-03,-4.906372476605028177e-02,3.052230748326084653e-02,-3.289109694245562210e-03,-3.205345879508871617e-03,1.335504274273189296e+00
2.860000000000000142e+01,1.000000000000000000e+00,-2.128877300492076241e+00,7.601728443751394337e-01,2.586623543344068299e+00,5.780474433151412683e-02,3.289108313799407046e-01,1.087468158322967438e-03,-4.912921853004008355e-02,3.045830517049956387e-02,-3.260192455629368300e-03,-3.194855662432958664e-03,1.326757502138406153e+00
2.862000000000000099e+01,1.000000000000000000e+00,-2.129860534951052209e+00,7.607813722156945291e-01,2.588152595389768162e+00,5.782636842085820544e-02,3.268770397671847405e-01,1.074873113187207498e-03,-4.919412948937890856e-02,3.039451444795668311e-02,-3.230828982531450556e-03,-3.184186766384040738e-03,1.317936748575302186e+00
2.864000000000000057e+01,1.000000000000000000e+00,-2.130845061726696965e+00,7.613886263875170313e-01,2.589671969999640222e+00,5.784773654184841712e-02,3.248234209138281536e-01,1.061870939984532617e-03,-4.925844870458021690e-02,3.033093889468876231e-02,-3.201017795262837799e-03,-3.173338643650992687e-03,1.309042336417484353e+00
2.866000000000000014e+01,1.000000000000000000e+00,-2.131830868894486919e+00,7.619946112298747742e-01,2.591181567715238110e+00,5.786884052903809583e-02,3.227499860407337384e-01,1.048459354782275022e-03,-4.932216720656368986e-02,3.026758210070661093e-02,-3.170757414134550180e-03,-3.162310746522684155e-03,1.300074570964581122e+00
2.867999999999999972e+01,1.000000000000000000e+00,-2.132817944350219985e+00,7.625993311539446262e-01,2.592681289254705757e+00,5.788967217157876821e-02,3.206567427226850175e-01,1.034636101372999424e-03,-4.938527599665527151e-02,3.020444766697523431e-02,-3.140046359457610015e-03,-3.151102527287986954e-03,1.291033739564964922e+00
2.870000000000000284e+01,1.000000000000000000e+00,-2.133806275809425390e+00,7.632027906430325359e-01,2.594171035499314826e+00,5.791022321377730514e-02,3.185436947888498072e-01,1.020398951549371467e-03,-4.944776604658708552e-02,3.014153920541386839e-02,-3.108883151543044392e-03,-3.139713438235774631e-03,1.281920111197386580e+00
2.871999999999999886e+01,1.000000000000000000e+00,-2.134795850806770368e+00,7.638049942527923575e-01,2.595650707479642882e+00,5.793048535565874929e-02,3.164108422219806815e-01,1.005745705379187949e-03,-4.950962829849748364e-02,3.007886033889598659e-02,-3.077266310701878230e-03,-3.128142931654918565e-03,1.272733936051331671e+00
2.874000000000000199e+01,1.000000000000000000e+00,-2.135786656695468633e+00,7.644059466114450085e-01,2.597120206361386074e+00,5.795045025353454116e-02,3.142581810563356282e-01,9.906741914808107896e-04,-4.957085366493105272e-02,3.001641470124927213e-02,-3.045194357245133415e-03,-3.116390459834291436e-03,1.263475445105933570e+00
2.875999999999999801e+01,1.000000000000000000e+00,-2.136778680646690187e+00,7.650056524199975172e-01,2.598579433430803665e+00,5.797010952057628924e-02,3.120857032742930803e-01,9.751822672992378673e-04,-4.963143302883858687e-02,2.995420593725562491e-02,-3.012665811483833563e-03,-3.104455475062765490e-03,1.254144849707246490e+00
2.878000000000000114e+01,1.000000000000000000e+00,-2.137771909648967572e+00,7.656041164524620690e-01,2.600028290079797522e+00,5.798945472739507750e-02,3.098933967016377911e-01,9.592678193830404517e-04,-4.969135724357710837e-02,2.989223770265117541e-02,-2.979679193728999691e-03,-3.092337429629209936e-03,1.244742341143674214e+00
2.880000000000000071e+01,1.000000000000000000e+00,-2.138766330507603897e+00,7.662013435560750541e-01,2.601466677790619464e+00,5.800847740262632390e-02,3.076812449014942330e-01,9.429287636624334151e-04,-4.975061713290986065e-02,2.983051366412627775e-02,-2.946233024291660622e-03,-3.080035775822500491e-03,1.235268090219354020e+00
2.882000000000000028e+01,1.000000000000000000e+00,-2.139761929844082644e+00,7.667973386515162249e-01,2.602894498120207345e+00,5.802716903352016925e-02,3.054492270668812126e-01,9.261630457287061162e-04,-4.980920349100630140e-02,2.976903749932550275e-02,-2.912325823482839107e-03,-3.067549965931508100e-03,1.225722246825271089e+00
2.883999999999999986e+01,1.000000000000000000e+00,-2.140758694095473036e+00,7.673921067331278545e-01,2.604311652684148548e+00,5.804552106653756288e-02,3.031973179118606643e-01,9.089686411152960669e-04,-4.986710708244210949e-02,2.970781289684765875e-02,-2.877956111613556595e-03,-3.054879452245103273e-03,1.216104939507877569e+00
2.885999999999999943e+01,1.000000000000000000e+00,-2.141756609513842058e+00,7.679856528691334505e-01,2.605718043140268225e+00,5.806352490795185783e-02,3.009254875612573099e-01,8.913435555807628806e-04,-4.992431864219917803e-02,2.964684355624574996e-02,-2.843122408994838441e-03,-3.042023687052159558e-03,1.206416275034989605e+00
2.888000000000000256e+01,1.000000000000000000e+00,-2.142755662165659380e+00,7.685779822018578011e-01,2.607113571171836064e+00,5.808117192445626242e-02,2.986337014389156552e-01,8.732858253939139274e-04,-4.998082887566564214e-02,2.958613318802701814e-02,-2.807823235937705227e-03,-3.028982122641547033e-03,1.196656337958700078e+00
2.889999999999999858e+01,1.000000000000000000e+00,-2.143755837931205388e+00,7.691690999479443569e-01,2.608498138470398686e+00,5.809845344377680826e-02,2.963219201544723402e-01,8.547935176213896117e-04,-5.003662845863583730e-02,2.952568551365294253e-02,-2.772057112753186208e-03,-3.015754211302140112e-03,1.186825190175075040e+00
2.892000000000000171e+01,1.000000000000000000e+00,-2.144757122503982316e+00,7.697590113985764981e-01,2.609871646718222582e+00,5.811536075529127876e-02,2.939900993886071512e-01,8.358647304179511305e-04,-5.009170803731033406e-02,2.946550426553919827e-02,-2.735822559752299366e-03,-3.002339405322809740e-03,1.176922870480343164e+00
2.893999999999999773e+01,1.000000000000000000e+00,-2.145759501390119617e+00,7.703477219196944725e-01,2.611233997570356902e+00,5.813188511065384839e-02,2.916381897767492126e-01,8.164975933198017222e-04,-5.014605822829588944e-02,2.940559318705570149e-02,-2.699118097246073957e-03,-2.988737156992427729e-03,1.166949394123332207e+00
2.896000000000000085e+01,1.000000000000000000e+00,-2.146762959907782875e+00,7.709352369522159965e-01,2.612585092636305895e+00,5.814801772442575178e-02,2.892661367912012782e-01,7.966902675411860002e-04,-5.019966961860554411e-02,2.934595603252657808e-02,-2.661942245545528829e-03,-2.974946918599866760e-03,1.156904752353841603e+00
2.898000000000000043e+01,1.000000000000000000e+00,-2.147767483186582282e+00,7.715215620122546358e-01,2.613924833461308772e+00,5.816374977471174684e-02,2.868738806216559190e-01,7.764409462746198459e-04,-5.025253276565849747e-02,2.928659656723019492e-02,-2.624293524961692804e-03,-2.960968142433998210e-03,1.146788911966688085e+00
2.900000000000000000e+01,1.000000000000000000e+00,-2.148773056166979778e+00,7.721067026913391862e-01,2.615253121507227885e+00,5.817907240380275347e-02,2.844613560540662500e-01,7.557478549950033715e-04,-5.030463819728020480e-02,2.922751856739912169e-02,-2.586170455805587767e-03,-2.946800280783695627e-03,1.136601814841093017e+00
2.901999999999999957e+01,1.000000000000000000e+00,-2.149779663599698853e+00,7.726906646566324977e-01,2.616569858133038551e+00,5.819397671882458462e-02,2.820284923478394989e-01,7.346092517679745238e-04,-5.035597641170231481e-02,2.916872582022015520e-02,-2.547571558388236467e-03,-2.932442785937829522e-03,1.126343377475111485e+00
2.903999999999999915e+01,1.000000000000000000e+00,-2.150787290045130362e+00,7.732734536511508550e-01,2.617874944574916096e+00,5.820845379239289463e-02,2.795752131113200534e-01,7.130234275627973621e-04,-5.040653787756272514e-02,2.911022212383431590e-02,-2.508495353020659489e-03,-2.917895110185271708e-03,1.116013490514781381e+00
2.906000000000000227e+01,1.000000000000000000e+00,-2.151795919872744101e+00,7.738550754939826914e-01,2.619168281925919661e+00,5.822249466327439338e-02,2.771014361755272937e-01,6.909887065701272955e-04,-5.045631303390554767e-02,2.905201128733686522e-02,-2.468940360013887388e-03,-2.903156705814895298e-03,1.105612018277653652e+00
2.907999999999999829e+01,1.000000000000000000e+00,-2.152805537260492841e+00,7.744355360805080801e-01,2.620449771115268334e+00,5.823609033705449273e-02,2.746070734661102408e-01,6.685034465249568543e-04,-5.050529229018109467e-02,2.899409713077725007e-02,-2.428905099678941183e-03,-2.888227025115572104e-03,1.095138798270355984e+00
2.910000000000000142e+01,1.000000000000000000e+00,-2.153816126194223024e+00,7.750148413826175586e-01,2.621719312887202946e+00,5.824923178681148950e-02,2.720920308734855464e-01,6.455660390351214677e-04,-5.055346602624592039e-02,2.893648348515917568e-02,-2.388388092326843622e-03,-2.873105520376173505e-03,1.084593640699838435e+00
2.912000000000000099e+01,1.000000000000000000e+00,-2.154827670467082790e+00,7.755929974489313983e-01,2.622976807779430874e+00,5.826190995379734727e-02,2.695562081211218541e-01,6.221749099156915911e-04,-5.060082459236279334e-02,2.887917419244054318e-02,-2.347387858268616158e-03,-2.857791643885571314e-03,1.073976327977932188e+00
2.914000000000000057e+01,1.000000000000000000e+00,-2.155840153678929116e+00,7.761700104050182070e-01,2.624222156101152059e+00,5.827411574812525752e-02,2.669994986319324526e-01,5.983285195296077783e-04,-5.064735830920070320e-02,2.882217310553349815e-02,-2.305902917815288045e-03,-2.842284847932639077e-03,1.063286614218844850e+00
2.916000000000000014e+01,1.000000000000000000e+00,-2.156853559235736295e+00,7.767458864536148644e-01,2.625455257910657370e+00,5.828584004946398694e-02,2.644217893927393037e-01,5.740253631349152928e-04,-5.069305746783484695e-02,2.876548408830439246e-02,-2.263931791277877265e-03,-2.826584584806246438e-03,1.052524224729196156e+00
2.917999999999999972e+01,1.000000000000000000e+00,-2.157867870349004402e+00,7.773206318748445698e-01,2.626676012992496201e+00,5.829707370773939273e-02,2.618229608167709221e-01,5.492639712389974600e-04,-5.073791232974665666e-02,2.870911101557380857e-02,-2.221472998967414375e-03,-2.810690306795268680e-03,1.041688855490199961e+00
2.920000000000000284e+01,1.000000000000000000e+00,-2.158883070035167329e+00,7.778942530264372213e-01,2.627884320834208420e+00,5.830780754384299464e-02,2.592028866041536372e-01,5.240429099601395281e-04,-5.078191312682379943e-02,2.865305777311655255e-02,-2.178525061194915621e-03,-2.794601466188574579e-03,1.030780172631565961e+00
2.921999999999999886e+01,1.000000000000000000e+00,-2.159899141115000365e+00,7.784667563439469085e-01,2.629080080602615777e+00,5.831803235034783289e-02,2.565614336003634866e-01,4.983607813968734136e-04,-5.082505006136012193e-02,2.859732825766164721e-02,-2.135086498271412860e-03,-2.778317515275038549e-03,1.019797811896718143e+00
2.924000000000000199e+01,1.000000000000000000e+00,-2.160916066213029119e+00,7.790381483409724028e-01,2.630263191119666555e+00,5.832773889223184793e-02,2.538984616525924998e-01,4.722162240054264245e-04,-5.086731330605571977e-02,2.854192637689233897e-02,-2.091155830507924508e-03,-2.761837906343532403e-03,1.008741378098858776e+00
2.925999999999999801e+01,1.000000000000000000e+00,-2.161933827756937543e+00,7.796084356093756496e-01,2.631433550837827706e+00,5.833691790760893447e-02,2.512138234639970102e-01,4.456079129857532873e-04,-5.090869300401690972e-02,2.848685604944609789e-02,-2.046731578215476785e-03,-2.745162091682927085e-03,9.976104445674516263e-01
2.928000000000000114e+01,1.000000000000000000e+00,-2.162952407976975078e+00,7.801776248195005925e-01,2.632591057815017344e+00,5.834556010846767699e-02,2.485073644457875264e-01,4.185345606765021619e-04,-5.094917926875622283e-02,2.843212120491462117e-02,-2.001812261705087238e-03,-2.728289523582093975e-03,9.864045525846482088e-01
2.930000000000000071e+01,1.000000000000000000e+00,-2.163971788905366012e+00,7.807457227203928873e-01,2.633735609689073165e+00,5.835365618141817590e-02,2.457789225671228595e-01,3.909949169594003140e-04,-5.098876218419240436e-02,2.837772578384382266e-02,-1.956396401287789459e-03,-2.711219654329907486e-03,9.751232108111848040e-01
2.932000000000000028e+01,1.000000000000000000e+00,-2.164991952375716178e+00,7.813127361400182824e-01,2.634867103651751030e+00,5.836119678844706171e-02,2.430283282027671521e-01,3.629877696734175015e-04,-5.102743180465042078e-02,2.832367373773384683e-02,-1.910482517274601647e-03,-2.693951936215238131e-03,9.637658947012375243e-01
2.933999999999999986e+01,1.000000000000000000e+00,-2.166012880022423204e+00,7.818786719854825540e-01,2.635985436422242145e+00,5.836817256768082884e-02,2.402554039784793871e-01,3.345119450392390940e-04,-5.106517815486148054e-02,2.826996902903904443e-02,-1.864069129976548937e-03,-2.676485821526958589e-03,9.523320459057609266e-01
2.935999999999999943e+01,1.000000000000000000e+00,-2.167034553280083209e+00,7.824435372432496649e-01,2.637090504220206189e+00,5.837457413415783614e-02,2.374599646140924392e-01,3.055663080944296967e-04,-5.110199122996299248e-02,2.821661563116800026e-02,-1.817154759704653648e-03,-2.658820762553939804e-03,9.408210716637572801e-01
2.938000000000000256e+01,1.000000000000000000e+00,-2.168056953382897944e+00,7.830073389793614780e-01,2.638182202738313276e+00,5.838039208060905733e-02,2.346418167642502772e-01,2.761497631397963662e-04,-5.113786099549858660e-02,2.816361752848352273e-02,-1.769737926769936794e-03,-2.640956211585053590e-03,9.292323441809601237e-01
2.939999999999999858e+01,1.000000000000000000e+00,-2.169080061364085488e+00,7.835700843396565807e-01,2.639260427114281438e+00,5.838561697824791452e-02,2.318007588567669308e-01,2.462612541974189793e-04,-5.117277738741811410e-02,2.811097871630264047e-02,-1.721817151483426116e-03,-2.622891620909173060e-03,9.175651999953700066e-01
2.942000000000000171e+01,1.000000000000000000e+00,-2.170103858055286494e+00,7.841317805499895544e-01,2.640325071902407839e+00,5.839023937756941673e-02,2.289365809285735243e-01,2.158997654808203872e-04,-5.120673031207765430e-02,2.805870320089660919e-02,-1.673390954156148266e-03,-2.604626442815170893e-03,9.058189393290733138e-01
2.943999999999999773e+01,1.000000000000000000e+00,-2.171128324085971784e+00,7.846924349164499102e-01,2.641376031044583073e+00,5.839424980915874225e-02,2.260490644592237364e-01,1.850643218777930845e-04,-5.123970964623948687e-02,2.800679499949089782e-02,-1.624457855099124045e-03,-2.586160129591918901e-03,8.939928254257660800e-01
2.946000000000000085e+01,1.000000000000000000e+00,-2.172153439882853476e+00,7.852520548255813582e-01,2.642413197840778771e+00,5.839763878450973666e-02,2.231379822019251835e-01,1.537539894463979052e-04,-5.127170523707215433e-02,2.795525814026519895e-02,-1.575016374623372517e-03,-2.567492133528286296e-03,8.820860838733736164e-01
2.948000000000000043e+01,1.000000000000000000e+00,-2.173179185669289470e+00,7.858106477446001881e-01,2.643436464918997864e+00,5.840039679685328500e-02,2.202030980120728565e-01,1.219678759246602573e-04,-5.130270690215037177e-02,2.790409666235344269e-02,-1.525065033039925974e-03,-2.548621906913148792e-03,8.700979019111622081e-01
2.950000000000000000e+01,1.000000000000000000e+00,-2.174205541464694136e+00,7.863682212216156486e-01,2.644445724204687043e+00,5.840251432199623088e-02,2.172441666732518595e-01,8.970513125447368910e-05,-5.133270442945510326e-02,2.785331461584375848e-02,-1.474602350659804566e-03,-2.529548902035377335e-03,8.580274277206764166e-01
2.951999999999999957e+01,1.000000000000000000e+00,-2.175232487083945010e+00,7.869247828858477734e-01,2.645440866889587017e+00,5.840398181917075965e-02,2.142609337206945463e-01,5.696494812031297861e-05,-5.136168757737352708e-02,2.780291606177852370e-02,-1.423626847794031477e-03,-2.510272571183844170e-03,8.458737696998815947e-01
2.953999999999999915e+01,1.000000000000000000e+00,-2.176260002136791716e+00,7.874803404478473157e-01,2.646421783400025873e+00,5.840478973189475176e-02,2.112531352621662972e-01,2.374656250329041269e-05,-5.138964607469904272e-02,2.775290507215430469e-02,-1.372137044753625988e-03,-2.490792366647418075e-03,8.336359957198138382e-01
2.956000000000000227e+01,1.000000000000000000e+00,-2.177288066027263547e+00,7.880349016997142408e-01,2.647388363364631125e+00,5.840492848884344668e-02,2.082204977962661963e-01,-9.950745748846952278e-06,-5.141656962063125003e-02,2.770328572992192956e-02,-1.320131461849620826e-03,-2.471107740714975631e-03,8.213131323630559200e-01
2.957999999999999829e+01,1.000000000000000000e+00,-2.178316657953078384e+00,7.885884745153171060e-01,2.648340495581461784e+00,5.840438850473256283e-02,2.051627380281267898e-01,-4.412765233520324955e-05,-5.144244788477601166e-02,2.765406212898642579e-02,-1.267608619393035272e-03,-2.451218145675387351e-03,8.089041641433147856e-01
2.960000000000000142e+01,1.000000000000000000e+00,-2.179345756905049392e+00,7.891410668505122183e-01,2.649278067984540908e+00,5.840316018121338021e-02,2.020795626825067082e-01,-7.878478789805227198e-05,-5.146727050714536289e-02,2.760523837420703758e-02,-1.214567037694893378e-03,-2.431123033817524613e-03,7.964080327053778552e-01
2.962000000000000099e+01,1.000000000000000000e+00,-2.180375341666494826e+00,7.896926867433626818e-01,2.650200967609779301e+00,5.840123390778007018e-02,1.989706683142705157e-01,-1.139227374013943522e-04,-5.149102709815759488e-02,2.755681858139725007e-02,-1.161005237066214425e-03,-2.410821857430257929e-03,7.838236360046857421e-01
2.964000000000000057e+01,1.000000000000000000e+00,-2.181405390812645617e+00,7.902433423143573332e-01,2.651109080560279274e+00,5.839860006268963316e-02,1.958357411162561790e-01,-1.495420394910697151e-04,-5.151370723863721302e-02,2.750880687732475821e-02,-1.106921737818026370e-03,-2.390314068802461278e-03,7.711498274657456742e-01
2.966000000000000014e+01,1.000000000000000000e+00,-2.182435882710052066e+00,7.907930417666297895e-01,2.652002291971005565e+00,5.839524901389480521e-02,1.926744567245361750e-01,-1.856431858358000746e-04,-5.153530047981493001e-02,2.746120739971149097e-02,-1.052315060261357384e-03,-2.369599120223007775e-03,7.583854151185813741e-01
2.967999999999999972e+01,1.000000000000000000e+00,-2.183466795515993653e+00,7.913417933861776055e-01,2.652880485972810565e+00,5.839117111999034271e-02,1.894864800210847577e-01,-2.222266204484521198e-04,-5.155579634332768668e-02,2.741402429723359402e-02,-9.971837247072273987e-04,-2.348676463980768798e-03,7.455291607123981645e-01
2.970000000000000284e+01,1.000000000000000000e+00,-2.184498107177887505e+00,7.918896055420817648e-01,2.653743545655798286e+00,5.838635673117312241e-02,1.862714649338703121e-01,-2.592927389868142840e-04,-5.157518432121864504e-02,2.736726172952142280e-02,-9.415262514666551544e-04,-2.327545552364613992e-03,7.325797788056148674e-01
2.971999999999999886e+01,1.000000000000000000e+00,-2.185529795432694655e+00,7.924364866867249502e-01,2.654591353032016432e+00,5.838079619021641076e-02,1.830290542344000793e-01,-2.968418880331667492e-04,-5.159345387593718135e-02,2.732092386715957721e-02,-8.853411608506734851e-04,-2.306205837663419071e-03,7.195359358313923037e-01
2.974000000000000199e+01,1.000000000000000000e+00,-2.186561837806329400e+00,7.929824453560115893e-01,2.655423788997461010e+00,5.837447983345875335e-02,1.797588793327477286e-01,-3.348743643519342360e-04,-5.161059444033891386e-02,2.727501489168686344e-02,-8.286269731703018891e-04,-2.284656772166053680e-03,7.063962491377450137e-01
2.975999999999999801e+01,1.000000000000000000e+00,-2.187594211613067774e+00,7.935274901695859029e-01,2.656240733293377954e+00,5.836739799180789418e-02,1.764605600701119326e-01,-3.733904141246037240e-04,-5.162659541768564037e-02,2.722953899559631824e-02,-7.713822087365637681e-04,-2.262897808161390932e-03,6.931592860013298107e-01
2.978000000000000114e+01,1.000000000000000000e+00,-2.188626893954954244e+00,7.940716298310518395e-01,2.657042064466846654e+00,5.835954099176041132e-02,1.731337045089527404e-01,-4.123902321611532581e-04,-5.164144618164542844e-02,2.718450038233519508e-02,-7.136053878604785121e-04,-2.240928397938300471e-03,6.798235626139363941e-01
2.980000000000000071e+01,1.000000000000000000e+00,-2.189659861721211076e+00,7.946148731281917899e-01,2.657827659830629852e+00,5.835089915643707631e-02,1.697779087207749726e-01,-4.518739610871641598e-04,-5.165513607629251824e-02,2.713990326630498495e-02,-6.552950308530792805e-04,-2.218747993785657579e-03,6.663875430407213418e-01
2.982000000000000028e+01,1.000000000000000000e+00,-2.190693091587646801e+00,7.951572289331855226e-01,2.658597395422275245e+00,5.834146280663499162e-02,1.663927565716239454e-01,-4.918416905058172611e-04,-5.166765441610740583e-02,2.709575187286137471e-02,-5.964496580253850298e-04,-2.196356047992332767e-03,6.528496381491420975e-01
2.983999999999999986e+01,1.000000000000000000e+00,-2.191726560016062475e+00,7.956987062028297863e-01,2.659351145962448815e+00,5.833122226189660364e-02,1.629778195053882273e-01,-5.322934561338589629e-04,-5.167899048597680151e-02,2.705205043831430262e-02,-5.370677896884194866e-04,-2.173752012847198715e-03,6.392082045075799801e-01
2.985999999999999943e+01,1.000000000000000000e+00,-2.192760243253661478e+00,7.962393139787566909e-01,2.660088784812483009e+00,5.832016784159627099e-02,1.595326563250022978e-01,-5.732292389106923057e-04,-5.168913354119362286e-02,2.700880320992790976e-02,-4.771479461532067033e-04,-2.150935340639126801e-03,6.254615432525556518e-01
2.988000000000000256e+01,1.000000000000000000e+00,-2.193794117332457105e+00,7.967790613876537531e-01,2.660810183931125561e+00,5.830828986604497111e-02,1.560568129716651542e-01,-6.146489640796793438e-04,-5.169807280745701561e-02,2.696601444592056085e-02,-4.166886477307600524e-04,-2.127905483656985369e-03,6.116078989234383645e-01
2.989999999999999858e+01,1.000000000000000000e+00,-2.194828158068680590e+00,7.973179576414815006e-01,2.661515213830464965e+00,5.829557865761366559e-02,1.525498223022050404e-01,-6.565525002406649973e-04,-5.170579748087234667e-02,2.692368841546485814e-02,-3.556884147321235897e-04,-2.104661894189654037e-03,5.976454582635174484e-01
2.992000000000000171e+01,1.000000000000000000e+00,-2.195862341062189582e+00,7.978560120376944065e-01,2.662203743531016631e+00,5.828202454187584453e-02,1.490112038647284087e-01,-6.989396583728678175e-04,-5.171229672795119719e-02,2.688182939868762056e-02,-2.941457674683110673e-04,-2.081204024526000715e-03,5.835723489862287838e-01
2.993999999999999773e+01,1.000000000000000000e+00,-2.196896641695875729e+00,7.983932339594582706e-01,2.662875640515951492e+00,5.826761784877000638e-02,1.454404636727263389e-01,-7.418101908269923109e-04,-5.171755968561138339e-02,2.684044168666986988e-02,-2.320592262503462120e-04,-2.057531326954898081e-03,5.693866385053679702e-01
2.996000000000000085e+01,1.000000000000000000e+00,-2.197931035135073152e+00,7.989296328758705990e-01,2.663530770684440885e+00,5.825234891378257285e-02,1.418370939778126616e-01,-7.851637902856465658e-04,-5.172157546117692878e-02,2.679952958144687925e-02,-1.694273113892474925e-04,-2.033643253765215347e-03,5.550863326280059962e-01
2.998000000000000043e+01,1.000000000000000000e+00,-2.198965496326966917e+00,7.994652183421789848e-01,2.664168998304103031e+00,5.823620807915186326e-02,1.382005730413020106e-01,-8.290000886909357648e-04,-5.172433313237807112e-02,2.675909739600812812e-02,-1.062485431960492470e-04,-2.009539257245829963e-03,5.406693742088449772e-01
3.000000000000000000e+01,2.000000000000000000e+00,-2.200000000000000178e+00,8.000000000000000444e-01,2.664790185962526259e+00,5.821918569509398900e-02,1.345303649048471828e-01,-8.733186561381981253e-04,-5.172582174735129712e-02,2.671914945429731958e-02,-4.252144198177000518e-05,-1.985218789685610705e-03,5.261336417646578223e-01
3.001999999999999957e+01,2.000000000000000000e+00,-2.201034525191047475e+00,8.005339846698109607e-01,2.665406207825379514e+00,5.820167616638225599e-02,1.360441881038428891e-01,-8.776182674221999838e-04,-5.172670992731012718e-02,2.667925390021888554e-02,-4.629242482395303735e-05,-2.004306763183885849e-03,5.321273136626439859e-01
3.003999999999999915e+01,2.000000000000000000e+00,-2.202069068898238946e+00,8.010671676228788840e-01,2.666028997541022516e+00,5.818408160169290244e-02,1.375477659145005194e-01,-8.818222846405645785e-04,-5.172767327936540760e-02,2.663897837635078453e-02,-5.003866084139562087e-05,-2.023215849557730671e-03,5.380828804360160422e-01
3.005999999999999872e+01,2.000000000000000000e+00,-2.203103632620073249e+00,8.015995412955542188e-01,2.666658505699043058e+00,5.816640391103207464e-02,1.390411166070593674e-01,-8.859308968427941989e-04,-5.172871130913334753e-02,2.659832645558113384e-02,-5.376020529704929216e-05,-2.041946534247280742e-03,5.440003925614527169e-01
3.007999999999999829e+01,2.000000000000000000e+00,-2.204138217845167613e+00,8.021310981955465103e-01,2.667294682977187747e+00,5.814864500053369689e-02,1.405242578474055759e-01,-8.899443021740128515e-04,-5.172982352333532763e-02,2.655730170108919902e-02,-5.745711345386556051e-05,-2.060499302692667296e-03,5.498798974745943147e-01
3.010000000000000142e+01,2.000000000000000000e+00,-2.205172826052287149e+00,8.026618309017313768e-01,2.667937480139014106e+00,5.813080677227867171e-02,1.419972067055374487e-01,-8.938627077677188237e-04,-5.173100942979792782e-02,2.651590766634544932e-02,-6.112944057479588781e-05,-2.078874640334024606e-03,5.557214396170221393e-01
3.012000000000000099e+01,2.000000000000000000e+00,-2.206207458710367497e+00,8.031917320639591074e-01,2.668586848031591519e+00,5.811289112411639063e-02,1.434599796640864400e-01,-8.976863296393848774e-04,-5.173226853745314241e-02,2.647414789511159244e-02,-6.477724192279185112e-05,-2.097073032611486507e-03,5.615250604832671133e-01
3.014000000000000057e+01,2.000000000000000000e+00,-2.207242117278527704e+00,8.037207944028554873e-01,2.669242737583236824e+00,5.809489994948791036e-02,1.449125926268950704e-01,-9.014153925809036865e-04,-5.173360035633812332e-02,2.643202592144049123e-02,-6.840057276080493943e-05,-2.115094964965186404e-03,5.672907986678620285e-01
3.016000000000000014e+01,2.000000000000000000e+00,-2.208276803206102201e+00,8.042490107096313956e-01,2.669905099801291648e+00,5.807683513725150209e-02,1.463550609276444148e-01,-9.050501300558505460e-04,-5.173500439759526337e-02,2.638954526967621228e-02,-7.199948835178664847e-05,-2.132940922835256398e-03,5.730186899124204425e-01
3.017999999999999972e+01,2.000000000000000000e+00,-2.209311517932662117e+00,8.047763738458879601e-01,2.670573885769941036e+00,5.805869857151044200e-02,1.477873993385292462e-01,-9.085907840955440538e-04,-5.173648017347229344e-02,2.634670945445402937e-02,-7.557404395868852823e-05,-2.150611391661832062e-03,5.787087671527446631e-01
3.019999999999999929e+01,2.000000000000000000e+00,-2.210346262888028601e+00,8.053028767434216029e-01,2.671249046648072056e+00,5.804049213144248792e-02,1.492096220789795313e-01,-9.120376051958845997e-04,-5.173802719732215061e-02,2.630352198070042696e-02,-7.912429484446206090e-05,-2.168106856885045498e-03,5.843610605659664836e-01
3.021999999999999886e+01,2.000000000000000000e+00,-2.211381039492303913e+00,8.058285124040294178e-01,2.671930533667171037e+00,5.802221769113164590e-02,1.506217428244238099e-01,-9.153908522149533126e-04,-5.173964498360300590e-02,2.625998634363304468e-02,-8.265029627205874223e-05,-2.185427803945030542e-03,5.899755976177132322e-01
3.023999999999999844e+01,2.000000000000000000e+00,-2.212415849155892289e+00,8.063532738993169913e-01,2.672618298129264325e+00,5.800387711940210855e-02,1.520237747150902097e-01,-9.186507922713491340e-04,-5.174133304787838228e-02,2.621610602876078139e-02,-8.615210350443014929e-05,-2.202574718281920599e-03,5.955524031092925830e-01
3.026000000000000156e+01,2.000000000000000000e+00,-2.213450693279516823e+00,8.068771543705022253e-01,2.673312291404897678e+00,5.798547227965383105e-02,1.534157303648469306e-01,-9.218177006432504627e-04,-5.174309090681698808e-02,2.617188451188366682e-02,-8.962977180452773719e-05,-2.219548085335849939e-03,6.010914992249106747e-01
3.028000000000000114e+01,2.000000000000000000e+00,-2.214485573254246553e+00,8.074001470282216042e-01,2.674012464931153410e+00,5.796700502970044550e-02,1.547976218700735651e-01,-9.248918606681776284e-04,-5.174491807819276562e-02,2.612732525909295528e-02,-9.308335643530302878e-05,-2.236348390546950664e-03,6.065929055788992219e-01
3.030000000000000071e+01,2.000000000000000000e+00,-2.215520490461519554e+00,8.079222451523377924e-01,2.674718770209712826e+00,5.794847722160916675e-02,1.561694608185652533e-01,-9.278735636434420984e-04,-5.174681408088500911e-02,2.608243172677113600e-02,-9.651291265970756046e-05,-2.252976119355357913e-03,6.120566392629670505e-01
3.032000000000000028e+01,2.000000000000000000e+00,-2.216555446273157592e+00,8.084434420917424591e-01,2.675431158804955079e+00,5.792989070154239833e-02,1.575312582984651766e-01,-9.307631087272608432e-04,-5.174877843487821205e-02,2.603720736159183605e-02,-9.991849574069284156e-05,-2.269431757201203787e-03,6.174827148934675103e-01
3.033999999999999986e+01,2.000000000000000000e+00,-2.217590442051397659e+00,8.089637312641644318e-01,2.676149582342096434e+00,5.791124730960160033e-02,1.588830249072224476e-01,-9.335608028405266434e-04,-5.175081066126211576e-02,2.599165560051990703e-02,-1.033001609412103949e-04,-2.285715789524622558e-03,6.228711446586764344e-01
3.035999999999999943e+01,2.000000000000000000e+00,-2.218625479148905288e+00,8.094831061559745189e-01,2.676873992505370836e+00,5.789254887967301699e-02,1.602247707605734817e-01,-9.362669605692045243e-04,-5.175291028223173717e-02,2.594577987081139736e-02,-1.066579635242116485e-04,-2.301828701765746329e-03,6.282219383660818668e-01
3.037999999999999901e+01,2.000000000000000000e+00,-2.219660558908805648e+00,8.100015603219915539e-01,2.677604341036250446e+00,5.787379723927536107e-02,1.615565055015448503e-01,-9.388819040673523648e-04,-5.175507682108738267e-02,2.589958359001355917e-02,-1.099919587526482337e-04,-2.317770979364710670e-03,6.335351034896836708e-01
3.039999999999999858e+01,2.000000000000000000e+00,-2.220695682664697745e+00,8.105190873852889943e-01,2.678340579731705251e+00,5.785499420940933696e-02,1.628782383094746211e-01,-9.414059629607360834e-04,-5.175730980223457178e-02,2.585307016596483445e-02,-1.133022018894716326e-04,-2.333543107761647684e-03,6.388106452172984673e-01
3.042000000000000171e+01,2.000000000000000000e+00,-2.221730851740679746e+00,8.110356810369983016e-01,2.679082660442503538e+00,5.783614160440923163e-02,1.641899779090495448e-01,-9.438394742510324616e-04,-5.175960875118409965e-02,2.580624299679483424e-02,-1.165887481976332461e-04,-2.349145572396690775e-03,6.440485664978672364e-01
3.044000000000000128e+01,2.000000000000000000e+00,-2.222766067451373839e+00,8.115513350361180933e-01,2.679830535071550113e+00,5.781724123179635827e-02,1.654917325793565930e-01,-9.461827822206043178e-04,-5.176197319455203699e-02,2.575910547092442882e-02,-1.198516529400847462e-04,-2.364578858709974214e-03,6.492488680887636976e-01
3.046000000000000085e+01,2.000000000000000000e+00,-2.223801331101943113e+00,8.120660432093177450e-01,2.680584155572268035e+00,5.779829489213433868e-02,1.667835101629463190e-01,-9.484362383378225521e-04,-5.176440266005968849e-02,2.571166096706565402e-02,-1.230909713797775744e-04,-2.379843452141631403e-03,6.544115486031010231e-01
3.048000000000000043e+01,2.000000000000000000e+00,-2.224836643988115092e+00,8.125797994507427680e-01,2.681343473947016331e+00,5.777930437888633558e-02,1.680653180749054620e-01,-9.506002011629302931e-04,-5.176689667653362054e-02,2.566391285422170779e-02,-1.263067587796631993e-04,-2.394939838131794445e-03,6.595366045570328906e-01
3.050000000000000000e+01,2.000000000000000000e+00,-2.225872007396209717e+00,8.130925977218239620e-01,2.682108442245549451e+00,5.776027147827424157e-02,1.693371633119371000e-01,-9.526750362544374358e-04,-5.176945477390569594e-02,2.561586449168705426e-02,-1.294990704026932388e-04,-2.409868502120598912e-03,6.646240304170460966e-01
3.051999999999999957e+01,2.000000000000000000e+00,-2.226907422603151332e+00,8.136044320510787964e-01,2.682879012563515353e+00,5.774119796913949193e-02,1.705990524614462711e-01,-9.546611160760138043e-04,-5.177207648321298372e-02,2.556751922904729885e-02,-1.326679615118191071e-04,-2.424629929548177340e-03,6.696738186472431797e-01
3.053999999999999915e+01,2.000000000000000000e+00,-2.227942890876497994e+00,8.141152965339195635e-01,2.683655137040994898e+00,5.772208562280597977e-02,1.718509917106285090e-01,-9.565588199038883117e-04,-5.177476133659782154e-02,2.551888040617926803e-02,-1.358134873699923543e-04,-2.439224605854661831e-03,6.746859597566093880e-01
3.055999999999999872e+01,2.000000000000000000e+00,-2.228978413474463682e+00,8.146251853324608661e-01,2.684436767861077211e+00,5.770293620294478232e-02,1.730929868555596274e-01,-9.583685337347266865e-04,-5.177750886730786428e-02,2.546995135325098164e-02,-1.389357032401645575e-04,-2.453653016480188825e-03,6.796604423462608846e-01
3.057999999999999829e+01,2.000000000000000000e+00,-2.230013991645936056e+00,8.151340926753214422e-01,2.685223857248476786e+00,5.768375146544052479e-02,1.743250433102849495e-01,-9.600906501939783337e-04,-5.178031860969593836e-02,2.542073539072166322e-02,-1.420346643852871040e-04,-2.467915646864889557e-03,6.845972531566753005e-01
3.060000000000000142e+01,2.000000000000000000e+00,-2.231049626630498661e+00,8.156420128574327633e-01,2.686016357468191895e+00,5.766453315825983278e-02,1.755471661159057617e-01,-9.617255684446802955e-04,-5.178319009922018046e-02,2.537123582934171576e-02,-1.451104260683115708e-04,-2.482012982448897429e-03,6.894963771148943099e-01
3.062000000000000099e+01,2.000000000000000000e+00,-2.232085319658462019e+00,8.161489402398450776e-01,2.686814220824195409e+00,5.764528302132147092e-02,1.767593599496609380e-01,-9.632736940967059512e-04,-5.178612287244400286e-02,2.532145597015277722e-02,-1.481630435521895080e-04,-2.495945508672347147e-03,6.943577973817001148e-01
3.064000000000000057e+01,2.000000000000000000e+00,-2.233121071950872949e+00,8.166548692495314565e-01,2.687617399658173145e+00,5.762600278636824391e-02,1.779616291340024581e-01,-9.647354391164426283e-04,-5.178911646703603100e-02,2.527139910448763377e-02,-1.511925720998723570e-04,-2.509713710975372113e-03,6.991814953987599557e-01
3.066000000000000014e+01,2.000000000000000000e+00,-2.234156884719543434e+00,8.171597943791942820e-01,2.688425846348293291e+00,5.760669417684084054e-02,1.791539776456618216e-01,-9.661112217368901002e-04,-5.179217042177017283e-02,2.522106851397028920e-02,-1.541990669743116950e-04,-2.523318074798104431e-03,7.039674509357326526e-01
3.067999999999999972e+01,2.000000000000000000e+00,-2.235192759167075938e+00,8.176637101870726232e-01,2.689239513308021134e+00,5.758735890775337762e-02,1.803364091247076362e-01,-9.674014663681691295e-04,-5.179528427652559108e-02,2.517046747051598227e-02,-1.571825834384589905e-04,-2.536759085580679238e-03,7.087156421373405069e-01
3.069999999999999929e+01,2.000000000000000000e+00,-2.236228696486878054e+00,8.181666112967458382e-01,2.690058352984967982e+00,5.756799868557073430e-02,1.815089268835900493e-01,-9.686066035084183725e-04,-5.179845757228673797e-02,2.511959923633107217e-02,-1.601431767552657665e-04,-2.550037228763229070e-03,7.134260455703932413e-01
3.071999999999999886e+01,2.000000000000000000e+00,-2.237264697863187823e+00,8.186684923969397287e-01,2.690882317859780049e+00,5.754861520808763481e-02,1.826715339161725238e-01,-9.697270696550886436e-04,-5.180168985114323027e-02,2.506846706391318083e-02,-1.630809021876835187e-04,-2.563152989785886897e-03,7.180986362707679760e-01
3.073999999999999844e+01,2.000000000000000000e+00,-2.238300764471098603e+00,8.191693482413346938e-01,2.691711360445068202e+00,5.752921016430972284e-02,1.838242329067472647e-01,-9.707633072165996286e-04,-5.180498065629009219e-02,2.501707419605110616e-02,-1.659958149986638513e-04,-2.576106854088787857e-03,7.227333877903333592e-01
3.076000000000000156e+01,2.000000000000000000e+00,-2.239336897476577271e+00,8.196691736483685542e-01,2.692545433284372347e+00,5.750978523433597500e-02,1.849670262390351594e-01,-9.717157644243671786e-04,-5.180832953202749169e-02,2.496542386582483244e-02,-1.688879704511581786e-04,-2.588899307112064053e-03,7.273302722438244050e-01
3.078000000000000114e+01,2.000000000000000000e+00,-2.240373098036485988e+00,8.201679635010430403e-01,2.693384488951165334e+00,5.749034208924323763e-02,1.860999160051662327e-01,-9.725848952451861132e-04,-5.181173602376083070e-02,2.491351929660554423e-02,-1.717574238081179966e-04,-2.601530834295849321e-03,7.318892603556524934e-01
3.080000000000000071e+01,2.000000000000000000e+00,-2.241409367298610622e+00,8.206657127467323898e-01,2.694228480047896390e+00,5.747088239097252610e-02,1.872229040146387580e-01,-9.733711592939477174e-04,-5.181519967800091164e-02,2.486136370205565063e-02,-1.746042303324948550e-04,-2.614001921080277065e-03,7.364103215066476471e-01
3.082000000000000028e+01,2.000000000000000000e+00,-2.242445706401673622e+00,8.211624163969851731e-01,2.695077359205072742e+00,5.745140779221668409e-02,1.883359918032597446e-01,-9.740750217467045082e-04,-5.181872004236368068e-02,2.480896028612872978e-02,-1.774284452872403311e-04,-2.626313052905481990e-03,7.408934237807428547e-01
3.083999999999999986e+01,2.000000000000000000e+00,-2.243482116475362886e+00,8.216580695273320023e-01,2.695931079080374992e+00,5.743191993631013847e-02,1.894391806420589186e-01,-9.746969532540479021e-04,-5.182229666557033876e-02,2.475631224306955661e-02,-1.802301239353058934e-04,-2.638464715211594896e-03,7.453385340115725732e-01
3.085999999999999943e+01,2.000000000000000000e+00,-2.244518598640353524e+00,8.221526672770927968e-01,2.696789592357815568e+00,5.741242045712040276e-02,1.905324715461792773e-01,-9.752374298548111432e-04,-5.182592909744745957e-02,2.470342275741412713e-02,-1.830093215396430919e-04,-2.650457393438751790e-03,7.497456178289978457e-01
3.087999999999999901e+01,2.000000000000000000e+00,-2.245555154008325172e+00,8.226462048491791634e-01,2.697652851746930480e+00,5.739291097894090588e-02,1.916158652837420817e-01,-9.756969328900751571e-04,-5.182961688892674668e-02,2.465029500398960641e-02,-1.857660933632033140e-04,-2.662291573027085207e-03,7.541146397055519257e-01
3.089999999999999858e+01,2.000000000000000000e+00,-2.246591783681988197e+00,8.231386775099031050e-01,2.698520809982012381e+00,5.737339311638598588e-02,1.926893623846827053e-01,-9.760759489174748380e-04,-5.183335959204519311e-02,2.459693214791436669e-02,-1.885004946689381638e-04,-2.673967739416728551e-03,7.584455630027905348e-01
3.092000000000000171e+01,2.000000000000000000e+00,-2.247628488755105014e+00,8.236300805887828425e-01,2.699393419821377371e+00,5.735386847428744495e-02,1.937529631495574778e-01,-9.763749696257950335e-04,-5.183715675994512995e-02,2.454333734459798744e-02,-1.912125807197990828e-04,-2.685486378047815224e-03,7.627383500175510811e-01
3.094000000000000128e+01,2.000000000000000000e+00,-2.248665270312513176e+00,8.241204094783459722e-01,2.700270634046670004e+00,5.733433864759263782e-02,1.948066676583210255e-01,-9.765944917498544948e-04,-5.184100794687405978e-02,2.448951373974124837e-02,-1.939024067787377566e-04,-2.696847974360479933e-03,7.669929620281171756e-01
3.096000000000000085e+01,2.000000000000000000e+00,-2.249702129430142250e+00,8.246096596339376195e-01,2.701152405462207806e+00,5.731480522126444765e-02,1.958504757790708317e-01,-9.767350169856577318e-04,-5.184491270818473996e-02,2.443546446933608784e-02,-1.965700281087054099e-04,-2.708053013794853477e-03,7.712093593402761238e-01
3.098000000000000043e+01,2.000000000000000000e+00,-2.250739067175045349e+00,8.250978265735262607e-01,2.702038686894357777e+00,5.729526977018305212e-02,1.968843871767577969e-01,-9.767970519058246422e-04,-5.184887060033530060e-02,2.438119265966570692e-02,-1.992154999726539178e-04,-2.719101981791071862e-03,7.753875013332651722e-01
3.100000000000000000e+01,2.000000000000000000e+00,-2.251776084605412009e+00,8.255849058775086569e-01,2.702929431190953746e+00,5.727573385904895925e-02,1.979084013218642968e-01,-9.767811078752746019e-04,-5.185288118088898779e-02,2.432670142730444102e-02,-2.018388776335345051e-04,-2.729995363789267625e-03,7.795273465056123952e-01
3.101999999999999957e+01,2.000000000000000000e+00,-2.252813182770594391e+00,8.260708931885150097e-01,2.703824591220748363e+00,5.725619904228822915e-02,1.989225174990435774e-01,-9.766877009671694632e-04,-5.185694400851435792e-02,2.427199387911784662e-02,-2.044402163542988302e-04,-2.740733645229574168e-03,7.836288525208460198e-01
3.103999999999999915e+01,2.000000000000000000e+00,-2.253850362711130817e+00,8.265557842112173370e-01,2.704724119872901067e+00,5.723666686395913195e-02,1.999267348157235114e-01,-9.765173518791032091e-04,-5.186105864298529849e-02,2.421707311226270476e-02,-2.070195713978982804e-04,-2.751317311552124462e-03,7.876919762530859570e-01
3.105999999999999872e+01,2.000000000000000000e+00,-2.254887625458765310e+00,8.270395747121331853e-01,2.705627970056503795e+00,5.721713885766033930e-02,2.009210522106724683e-01,-9.762705858495381549e-04,-5.186522464518085462e-02,2.416194221418695165e-02,-2.095769980272845683e-04,-2.761746848197054512e-03,7.917166738325066566e-01
3.107999999999999829e+01,2.000000000000000000e+00,-2.255924972036468912e+00,8.275222605194305636e-01,2.706536094700140005e+00,5.719761654644108656e-02,2.019054684625230522e-01,-9.759479325744711093e-04,-5.186944157708537478e-02,2.410660426262973416e-02,-2.121125515054089999e-04,-2.772022740604494252e-03,7.957029006906526369e-01
3.110000000000000142e+01,2.000000000000000000e+00,-2.256962403458466770e+00,8.280038375227373182e-01,2.707448446751481885e+00,5.717810144271281980e-02,2.028799821982575080e-01,-9.755499261243396865e-04,-5.187370900178848304e-02,2.405106232562141677e-02,-2.146262870952232336e-04,-2.782145474214579688e-03,7.996506116056242286e-01
3.112000000000000099e+01,2.000000000000000000e+00,-2.257999920730254573e+00,8.284843016729436238e-01,2.708364979176920873e+00,5.715859504816248743e-02,2.038445919016493579e-01,-9.750771048611469758e-04,-5.187802648348503048e-02,2.399531946148354689e-02,-2.171182600596786839e-04,-2.792115534467443354e-03,8.035597607471062220e-01
3.114000000000000057e+01,2.000000000000000000e+00,-2.259037524848620748e+00,8.289636489820086940e-01,2.709285644961236805e+00,5.713909885366755259e-02,2.047992959216626552e-01,-9.745300113558110757e-04,-5.188239358747510910e-02,2.393937871882883400e-02,-2.195885256617269277e-04,-2.801933406803218656e-03,8.074303017212473010e-01
3.116000000000000014e+01,2.000000000000000000e+00,-2.260075216801676667e+00,8.294418755227680462e-01,2.710210397107297720e+00,5.711961433921276116e-02,2.057440924808048854e-01,-9.739091923057312510e-04,-5.188680988016414891e-02,2.388324313656125034e-02,-2.220371391643194067e-04,-2.811599576662038996e-03,8.112621876153714995e-01
3.117999999999999972e+01,2.000000000000000000e+00,-2.261112997568869076e+00,8.299189774287373256e-01,2.711139188635798281e+00,5.710014297380824888e-02,2.066789796834379023e-01,-9.732151984525664852e-04,-5.189127492906278616e-02,2.382691574387593714e-02,-2.244641558304077251e-04,-2.821114529484038645e-03,8.150553710425368914e-01
3.119999999999999929e+01,2.000000000000000000e+00,-2.262150868121005409e+00,8.303949508939192370e-01,2.712071972585031965e+00,5.708068621540954291e-02,2.076039555240383472e-01,-9.724485845002175380e-04,-5.189578830278690491e-02,2.377039956025920470e-02,-2.268696309229434056e-04,-2.830478750709350139e-03,8.188098041859080967e-01
3.121999999999999886e+01,2.000000000000000000e+00,-2.263188829420276438e+00,8.308697921726085900e-01,2.713008702010694773e+00,5.706124551083917307e-02,2.085190178954128282e-01,-9.716099090330205298e-04,-5.190034957105763014e-02,2.371369759548859826e-02,-2.292536197048777543e-04,-2.839692725778106882e-03,8.225254388429584784e-01
3.123999999999999844e+01,2.000000000000000000e+00,-2.264226882420282916e+00,8.313434975792002302e-01,2.713949329985728465e+00,5.704182229570989998e-02,2.094241645968624999e-01,-9.706997344341329733e-04,-5.190495830470141791e-02,2.365681284963285641e-02,-2.316161774391625110e-04,-2.848756940130443577e-03,8.262022264694813822e-01
3.126000000000000156e+01,2.000000000000000000e+00,-2.265265028066047126e+00,8.318160634879915305e-01,2.714893809600194885e+00,5.702241799434951131e-02,2.103193933422993489e-01,-9.697186268041208153e-04,-5.190961407564997909e-02,2.359974831305190063e-02,-2.339573593887491712e-04,-2.857671879206493629e-03,8.298401182234154128e-01
3.128000000000000114e+01,2.000000000000000000e+00,-2.266303267294044410e+00,8.322874863329905448e-01,2.715842093961181813e+00,5.700303401972716538e-02,2.112047017683113259e-01,-9.686671558797404179e-04,-5.191431645694016828e-02,2.354250696639684226e-02,-2.362772208165891225e-04,-2.866438028446388706e-03,8.334390650084723129e-01
3.130000000000000071e+01,2.000000000000000000e+00,-2.267341601032221376e+00,8.327577626077219408e-01,2.716794136192747011e+00,5.698367177338176104e-02,2.120800874421735760e-01,-9.675458949529078907e-04,-5.191906502271423363e-02,2.348509178061001373e-02,-2.385758169856340232e-04,-2.875055873290263513e-03,8.369990175175511249e-01
3.132000000000000028e+01,2.000000000000000000e+00,-2.268380030200018105e+00,8.332268888650313787e-01,2.717749889435894239e+00,5.696433264535138291e-02,2.129455478698100979e-01,-9.663554207898601093e-04,-5.192385934821962257e-02,2.342750571692494080e-02,-2.408532031588352606e-04,-2.883525899178251885e-03,8.405199262759559531e-01
3.133999999999999986e+01,2.000000000000000000e+00,-2.269418555708389906e+00,8.336948617168918885e-01,2.718709306848578144e+00,5.694501801410473824e-02,2.138010805036986706e-01,-9.650963135504964704e-04,-5.192869900980903730e-02,2.336975172686631824e-02,-2.431094345991443304e-04,-2.891848591550486361e-03,8.440017416843847986e-01
3.135999999999999943e+01,2.000000000000000000e+00,-2.270457178459833081e+00,8.341616778342110239e-01,2.719672341605748667e+00,5.692572924647409244e-02,2.146466827507223507e-01,-9.637691567079121171e-04,-5.193358358494044869e-02,2.331183275225008969e-02,-2.453445665695129724e-04,-2.900024435847101643e-03,8.474444140616993471e-01
3.137999999999999901e+01,2.000000000000000000e+00,-2.271495899348402236e+00,8.346273339466347974e-01,2.720638946899423871e+00,5.690646769758979373e-02,2.154823519799652642e-01,-9.623745369681038775e-04,-5.193851265217711705e-02,2.325375172518335046e-02,-2.475586543328924926e-04,-2.908053917508230703e-03,8.508478936874656062e-01
3.139999999999999858e+01,2.000000000000000000e+00,-2.272534719259732050e+00,8.350918268423532798e-01,2.721609075938795197e+00,5.688723471081630345e-02,2.163080855304519434e-01,-9.609130441898643127e-04,-5.194348579118746728e-02,2.319551156806438919e-02,-2.497517531522342512e-04,-2.915937521974005207e-03,8.542121308442569561e-01
3.142000000000000171e+01,2.000000000000000000e+00,-2.273573639071065688e+00,8.355551533679100862e-01,2.722582681950366457e+00,5.686803161769021786e-02,2.171238807188272391e-01,-9.593852713048501039e-04,-5.194850258274531785e-02,2.313711519358275029e-02,-2.519239182904900692e-04,-2.923675734684561163e-03,8.575370758597060661e-01
3.144000000000000128e+01,2.000000000000000000e+00,-2.274612659651271684e+00,8.360173104280033129e-01,2.723559718178123479e+00,5.684885973785930996e-02,2.179297348469812767e-01,-9.577918142378282493e-04,-5.195356260872963788e-02,2.307856550471911253e-02,-2.540752050106114424e-04,-2.931269041080032840e-03,8.608226791483206686e-01
3.146000000000000085e+01,2.000000000000000000e+00,-2.275651781860864808e+00,8.364782949852939131e-01,2.724540137883735280e+00,5.682972037902363910e-02,2.187256452096117687e-01,-9.561332718270980097e-04,-5.195866545212472071e-02,2.301986539474538268e-02,-2.562056685755497581e-04,-2.938717926600550607e-03,8.640688912530273269e-01
3.148000000000000043e+01,2.000000000000000000e+00,-2.276691006552032270e+00,8.369381040602112964e-01,2.725523894346788101e+00,5.681061483687798591e-02,2.195116091017289273e-01,-9.544102457450938078e-04,-5.196381069702005195e-02,2.296101774722465738e-02,-2.583153642482565663e-04,-2.946022876686247866e-03,8.672756628864624062e-01
3.150000000000000000e+01,2.000000000000000000e+00,-2.277730334568656367e+00,8.373967347307600395e-01,2.726510940865048305e+00,5.679154439505605667e-02,2.202876238260976227e-01,-9.526233404191574794e-04,-5.196899792861045531e-02,2.290202543601123353e-02,-2.604043472916833628e-04,-2.953184376777261925e-03,8.704429449719850442e-01
3.151999999999999957e+01,2.000000000000000000e+00,-2.278769766746331360e+00,8.378541841323239314e-01,2.727501230754755479e+00,5.677251032507607542e-02,2.210536867006187844e-01,-9.507731629524860577e-04,-5.197422673319594677e-02,2.284289132525060134e-02,-2.624726729687816432e-04,-2.960202912313722717e-03,8.735706886844152308e-01
3.153999999999999915e+01,2.000000000000000000e+00,-2.279809303912386120e+00,8.383104494574715737e-01,2.728494717350950172e+00,5.675351388628811083e-02,2.218097950656483519e-01,-9.488603230452584501e-04,-5.197949669818183877e-02,2.278361826937944090e-02,-2.645203965425030118e-04,-2.967078968735764512e-03,8.766588454904880034e-01
3.155999999999999872e+01,2.000000000000000000e+00,-2.280848946885916106e+00,8.387655279557653110e-01,2.729491354007826942e+00,5.673455632582296432e-02,2.225559462912527486e-01,-9.468854329159351541e-04,-5.198480741207872624e-02,2.272420911312566377e-02,-2.665475732757989101e-04,-2.973813031483523318e-03,8.797073671890149882e-01
3.157999999999999829e+01,2.000000000000000000e+00,-2.281888696477793133e+00,8.392194169335631670e-01,2.730491094099119387e+00,5.671563887854243202e-02,2.232921377844007127e-01,-9.448491072227306869e-04,-5.199015846450236872e-02,2.266466669150832974e-02,-2.685542584316207796e-04,-2.980405585997129066e-03,8.827162059507493996e-01
3.160000000000000142e+01,2.000000000000000000e+00,-2.282928553490691126e+00,8.396721137538271096e-01,2.731493891018515807e+00,5.669676276699149586e-02,2.240183669960895685e-01,-9.427519629852662087e-04,-5.199554944617386376e-02,2.260499382983773356e-02,-2.705405072729202788e-04,-2.986857117716715596e-03,8.856853143579423993e-01
3.162000000000000099e+01,2.000000000000000000e+00,-2.283968518719113217e+00,8.401236158359290940e-01,2.732499698180101522e+00,5.667792920135178436e-02,2.247346314284077995e-01,-9.405946195063981125e-04,-5.200097994891959841e-02,2.254519334371535635e-02,-2.725063750626489033e-04,-2.993168112082419344e-03,8.886146454435938091e-01
3.164000000000000057e+01,2.000000000000000000e+00,-2.285008592949408168e+00,8.405739206554544429e-01,2.733508469018831377e+00,5.665913937939660860e-02,2.254409286415300639e-01,-9.383776982942211705e-04,-5.200644956567111732e-02,2.248526803903386564e-02,-2.744519170637580406e-04,-2.999339054534371114e-03,8.915041527303794178e-01
3.166000000000000014e+01,2.000000000000000000e+00,-2.286048776959793472e+00,8.410230257440099999e-01,2.734520156991032014e+00,5.664039448644778152e-02,2.261372562606457914e-01,-9.361018229842550187e-04,-5.201195789046531015e-02,2.242522071197713268e-02,-2.763771885391992948e-04,-3.005370430512705176e-03,8.943537902692529906e-01
3.167999999999999972e+01,2.000000000000000000e+00,-2.287089071520380212e+00,8.414709286890295070e-01,2.735534715574930775e+00,5.662169569533377633e-02,2.268236119828206110e-01,-9.337676192618092098e-04,-5.201750451844428663e-02,2.236505414902024286e-02,-2.782822447519242158e-04,-3.011262725457554933e-03,8.971635126777176561e-01
3.169999999999999929e+01,2.000000000000000000e+00,-2.288129477393193945e+00,8.419176271335789830e-01,2.736552098271212596e+00,5.660304416634943242e-02,2.274999935837905274e-01,-9.313757147845305208e-04,-5.202308904585538352e-02,2.230477112692946101e-02,-2.801671409648842995e-04,-3.017016424809054222e-03,8.999332751777614492e-01
3.171999999999999886e+01,2.000000000000000000e+00,-2.289169995332192453e+00,8.423631187761614347e-01,2.737572258603607089e+00,5.658444104721746526e-02,2.281663989246849877e-01,-9.289267391051292616e-04,-5.202871107005128254e-02,2.224437441276223837e-02,-2.820319324410307704e-04,-3.022632014007335145e-03,9.026630336334366955e-01
3.173999999999999844e+01,2.000000000000000000e+00,-2.290210626083298173e+00,8.428074013705266765e-01,2.738595150119498722e+00,5.656588747305116988e-02,2.288228259586837510e-01,-9.264213235943042106e-04,-5.203437018948987858e-02,2.218386676386725764e-02,-2.838766744433157750e-04,-3.028109978492534576e-03,9.053527445881002222e-01
3.176000000000000156e+01,2.000000000000000000e+00,-2.291251370384405295e+00,8.432504727254714894e-01,2.739620726390567196e+00,5.654738456631886595e-02,2.294692727376016761e-01,-9.238601013638391779e-04,-5.204006600373428659e-02,2.212325092788435671e-02,-2.857014222346902126e-04,-3.033450803704782449e-03,9.080023653012844198e-01
3.178000000000000114e+01,2.000000000000000000e+00,-2.292292228965416179e+00,8.436923307046496623e-01,2.740648941013454021e+00,5.652893343680990418e-02,2.301057374184040105e-01,-9.212437071899023163e-04,-5.204579811345293183e-02,2.206252964274460493e-02,-2.875062310781059042e-04,-3.038654975084213467e-03,9.106118537852064820e-01
3.180000000000000071e+01,2.000000000000000000e+00,-2.293333202548257788e+00,8.441329732263770369e-01,2.741679747610454854e+00,5.651053518160212980e-02,2.307322182696502078e-01,-9.185727774365329973e-04,-5.205156612041950820e-02,2.200170563667027540e-02,-2.892911562365142373e-04,-3.043722978070961468e-03,9.131811688409038341e-01
3.182000000000000028e+01,2.000000000000000000e+00,-2.294374291846901226e+00,8.445723982634361082e-01,2.742713099830237589e+00,5.649219088503081715e-02,2.313487136778673015e-01,-9.158479499793218933e-04,-5.205736962751293662e-02,2.194078162817479638e-02,-2.910562529728668701e-04,-3.048655298105159856e-03,9.157102700939939721e-01
3.183999999999999986e+01,2.000000000000000000e+00,-2.295415497567384833e+00,8.450106038428820687e-01,2.743748951348586651e+00,5.647390161865920716e-02,2.319552221538500048e-01,-9.130698641292958649e-04,-5.206320823871735809e-02,2.187976032606280680e-02,-2.928015765501151358e-04,-3.053452420626940299e-03,9.181991180300441702e-01
3.185999999999999943e+01,2.000000000000000000e+00,-2.296456820407843047e+00,8.454475880458504067e-01,2.744787255869172604e+00,5.645566844125072398e-02,2.325517423388881733e-01,-9.102391605570012579e-04,-5.206908155912227942e-02,2.181864442943019095e-02,-2.945271822312106927e-04,-3.058114831076440103e-03,9.206476740295489458e-01
3.187999999999999901e+01,2.000000000000000000e+00,-2.297498261058519731e+00,8.458833490073607297e-01,2.745827967124346625e+00,5.643749239874233659e-02,2.331382730109223811e-01,-9.073564812167849575e-04,-5.207498919492239975e-02,2.175743662766398134e-02,-2.962331252791050367e-04,-3.062643014893789636e-03,9.230559004025132852e-01
3.189999999999999858e+01,2.000000000000000000e+00,-2.298539820201790818e+00,8.463178849161226980e-01,2.746871038875959403e+00,5.641937452421967591e-02,2.337148130906258059e-01,-9.044224692712954285e-04,-5.208093075341764522e-02,2.169613960044238649e-02,-2.979194609567495009e-04,-3.067037457519122302e-03,9.254237604226300817e-01
3.192000000000000171e+01,2.000000000000000000e+00,-2.299581498512195843e+00,8.467511940143435112e-01,2.747916424916203137e+00,5.640131583789376873e-02,2.342813616474102578e-01,-9.014377690161899702e-04,-5.208690584301327309e-02,2.163475601773488799e-02,-2.995862445270957978e-04,-3.071298644392574106e-03,9.277512183610403529e-01
3.194000000000000128e+01,2.000000000000000000e+00,-2.300623296656449934e+00,8.471832745975328427e-01,2.748964079068481059e+00,5.638331734707895809e-02,2.348379179053604326e-01,-8.984030258050500293e-04,-5.209291407321976763e-02,2.157328853980210528e-02,-3.012335312530954774e-04,-3.075427060954276717e-03,9.300382395196843399e-01
3.196000000000000085e+01,2.000000000000000000e+00,-2.301665215293465572e+00,8.476141250143065520e-01,2.750013955188295167e+00,5.636538004617255848e-02,2.353844812490914762e-01,-8.953188859745272316e-04,-5.209895505465285404e-02,2.151173981719585460e-02,-3.028613763976998187e-04,-3.079423192644362671e-03,9.322847902642233953e-01
3.198000000000000043e+01,2.000000000000000000e+00,-2.302707255074388559e+00,8.480437436661971695e-01,2.751066007164161942e+00,5.634750491663599592e-02,2.359210512295317752e-01,-8.921859967697067960e-04,-5.210502839903356082e-02,2.145011249075920445e-02,-3.044698352238605341e-04,-3.083287524902966672e-03,9.344908380565335460e-01
3.200000000000000000e+01,2.000000000000000000e+00,-2.303749416642599357e+00,8.484721290074549449e-01,2.752120188918548482e+00,5.632969292697725255e-02,2.364476275696310303e-01,-8.890050062696955952e-04,-5.211113371918811576e-02,2.138840919162635079e-02,-3.060589629945291196e-04,-3.087020543170223858e-03,9.366563514867669582e-01
3.202000000000000313e+01,2.000000000000000000e+00,-2.304791700633752605e+00,8.488992795448556672e-01,2.753176454408830409e+00,5.631194503273505292e-02,2.369642101699901138e-01,-8.857765633134444044e-04,-5.211727062904804308e-02,2.132663254122273144e-02,-3.076288149726569623e-04,-3.090622732886265031e-03,9.387813003049633176e-01
3.203999999999999915e+01,2.000000000000000000e+00,-2.305834107675792222e+00,8.493251938375087073e-01,2.754234757628272856e+00,5.629426217646438246e-02,2.374707991144164865e-01,-8.825013174258067219e-04,-5.212343874365014951e-02,2.126478515126497409e-02,-3.091794464211957208e-04,-3.094094579491224462e-03,9.408656554522213389e-01
3.206000000000000227e+01,2.000000000000000000e+00,-2.306876638388971834e+00,8.497498704966586214e-01,2.755295052607034112e+00,5.627664528772344937e-02,2.379673946754025937e-01,-8.791799187438354649e-04,-5.212963767913646185e-02,2.120286962376089282e-02,-3.107109126030968365e-04,-3.097436568425236420e-03,9.429093890914164167e-01
3.207999999999999829e+01,2.000000000000000000e+00,-2.307919293385877868e+00,8.501733081854928598e-01,2.756357293413188358e+00,5.625909528306217988e-02,2.384539973195261564e-01,-8.758130179433256703e-04,-5.213586705275423394e-02,2.114088855100949849e-02,-3.122232687813118052e-04,-3.100649185128433009e-03,9.449124746374543138e-01
3.210000000000000142e+01,2.000000000000000000e+00,-2.308962073271457971e+00,8.505955056189499208e-01,2.757421434153769724e+00,5.624161306601230953e-02,2.389306077127733019e-01,-8.724012661656053687e-04,-5.214212648285609930e-02,2.107884451560101957e-02,-3.137165702187922310e-04,-3.103732915040948934e-03,9.468748867870628860e-01
3.211999999999999744e+01,2.000000000000000000e+00,-2.310004978643033002e+00,8.510164615635208429e-01,2.758487428975837652e+00,5.622419952707859853e-02,2.393972267257853670e-01,-8.689453149445858010e-04,-5.214841558889982132e-02,2.101674009041686747e-02,-3.151908721784894471e-04,-3.106688243602918030e-03,9.487966015481179571e-01
3.214000000000000057e+01,2.000000000000000000e+00,-2.311048010090322791e+00,8.514361748370579130e-01,2.759555232067563590e+00,5.620685554373184428e-02,2.398538554390255151e-01,-8.654458161340603493e-04,-5.215473399144846672e-02,2.095457783862964343e-02,-3.166462299233550578e-04,-3.109515656254471100e-03,9.506775962684858028e-01
3.215999999999999659e+01,2.000000000000000000e+00,-2.312091168195477664e+00,8.518546443085805997e-01,2.760624797659332330e+00,5.618958198040319846e-02,2.403004951478689422e-01,-8.619034218352823263e-04,-5.216108131217040561e-02,2.089236031370315938e-02,-3.180826987163407754e-04,-3.112215638435744582e-03,9.525178496643929016e-01
3.217999999999999972e+01,2.000000000000000000e+00,-2.313134453533083335e+00,8.522718688980791546e-01,2.761696080024869548e+00,5.617237968847987872e-02,2.407371473676132023e-01,-8.583187843248018872e-04,-5.216745717383920733e-02,2.083009005939241362e-02,-3.195003338203978790e-04,-3.114788675586872748e-03,9.543173418483039683e-01
3.220000000000000284e+01,2.000000000000000000e+00,-2.314177866670195982e+00,8.526878475763225440e-01,2.762769033482381342e+00,5.615524950630240014e-02,2.411638138384102625e-01,-8.546925559825800656e-04,-5.217386120033369601e-02,2.076776960974361166e-02,-3.208991904984777560e-04,-3.117235253147983796e-03,9.560760543563118219e-01
3.221999999999999886e+01,2.000000000000000000e+00,-2.315221408166361794e+00,8.531025793646644928e-01,2.763843612395719518e+00,5.613819225916335393e-02,2.415804965301194818e-01,-8.510253892203880613e-04,-5.218029301663805464e-02,2.070540148909415928e-02,-3.222793240135323357e-04,-3.119555856559217202e-03,9.577939701750313173e-01
3.224000000000000199e+01,2.000000000000000000e+00,-2.316265078573635172e+00,8.535160633348465309e-01,2.764919771175556207e+00,5.612120875930724090e-02,2.419871976470816533e-01,-8.473179364104874460e-04,-5.218675224884159608e-02,2.064298821207264864e-02,-3.236407896285128428e-04,-3.121750971260703333e-03,9.594710737679936763e-01
3.225999999999999801e+01,2.000000000000000000e+00,-2.317308878436601827e+00,8.539282986088061467e-01,2.765997464280586016e+00,5.610429980593212296e-02,2.423839196328134438e-01,-8.435708498146034283e-04,-5.219323852413893655e-02,2.058053228359885828e-02,-3.249836426063706647e-04,-3.123821082692574726e-03,9.611073511015358894e-01
3.228000000000000114e+01,2.000000000000000000e+00,-2.318352808292409417e+00,8.543392843584841634e-01,2.767076646218736169e+00,5.608746618519263455e-02,2.427706651746204813e-01,-8.397847815131982262e-04,-5.219975147083001643e-02,2.051803619888380517e-02,-3.263079382100577308e-04,-3.125766676294967818e-03,9.627027896701731979e-01
3.229999999999999716e+01,2.000000000000000000e+00,-2.319396868670774658e+00,8.547490198056257871e-01,2.768157271548399301e+00,5.607070867020405580e-02,2.431474372081343926e-01,-8.359603833350442211e-04,-5.220629071831994761e-02,2.045550244342966492e-02,-3.276137317025252117e-04,-3.127588237508014714e-03,9.642573785214725302e-01
3.232000000000000028e+01,2.000000000000000000e+00,-2.320441060094017072e+00,8.551575042215905365e-01,2.769239294879683122e+00,5.605402802104827997e-02,2.435142389217656578e-01,-8.320983067871054592e-04,-5.221285589711913838e-02,2.039293349302981687e-02,-3.289010783467246572e-04,-3.129286251771848382e-03,9.657711082803906999e-01
3.234000000000000341e+01,2.000000000000000000e+00,-2.321485383077077636e+00,8.555647369271563996e-01,2.770322670875669413e+00,5.603742498478082174e-02,2.438710737610792212e-01,-8.281992029847396429e-04,-5.221944663884323795e-02,2.033033181376884407e-02,-3.301700334056076173e-04,-3.130861204526602225e-03,9.672439711731026790e-01
3.235999999999999943e+01,2.000000000000000000e+00,-2.322529838127541435e+00,8.559707172923267660e-01,2.771407354253697886e+00,5.602090029543943528e-02,2.442179454330881128e-01,-8.242637225822159507e-04,-5.222606257621320580e-02,2.026769986202254376e-02,-3.314206521421256962e-04,-3.132313581212410516e-03,9.686759610502955198e-01
3.238000000000000256e+01,2.000000000000000000e+00,-2.323574425745656757e+00,8.563754447361344724e-01,2.772493299786658483e+00,5.600445467405391897e-02,2.445548579104684650e-01,-8.202925157035610444e-04,-5.223270334305520068e-02,2.020504008445787869e-02,-3.326529898192304440e-04,-3.133643867269407090e-03,9.700670734099393622e-01
3.239999999999999858e+01,2.000000000000000000e+00,-2.324619146424358629e+00,8.567789187264481798e-01,2.773580462304299665e+00,5.598808882865746739e-02,2.448818154356919297e-01,-8.162862318737398783e-04,-5.223936857430065001e-02,2.014235491803301886e-02,-3.338671016998731936e-04,-3.134852548137724050e-03,9.714173054195165413e-01
3.242000000000000171e+01,2.000000000000000000e+00,-2.325664000649298124e+00,8.571811387797801940e-01,2.774668796694554018e+00,5.597180345429941806e-02,2.451988225250784081e-01,-8.122455199501749969e-04,-5.224605790598629840e-02,2.007964678999735880e-02,-3.350630430470055493e-04,-3.135940109257496534e-03,9.727266559377163446e-01
3.243999999999999773e+01,2.000000000000000000e+00,-2.326708988898849473e+00,8.575821044610899557e-01,2.775758257904874515e+00,5.595559923305911537e-02,2.455058839727690401e-01,-8.081710280546097400e-04,-5.225277097525407588e-02,2.001691811789145167e-02,-3.362408691235791152e-04,-3.136907036068856645e-03,9.739951255355929760e-01
3.246000000000000085e+01,2.000000000000000000e+00,-2.327754111644146473e+00,8.579818153835898631e-01,2.776848800943587214e+00,5.593947683406139820e-02,2.458030048546172019e-01,-8.040634035053276099e-04,-5.225950742035118807e-02,1.995417130954705784e-02,-3.374006351925451703e-04,-3.137753814011937353e-03,9.752227165171736267e-01
3.247999999999999687e+01,2.000000000000000000e+00,-2.328799369349097592e+00,8.583802712085530917e-01,2.777940380881251503e+00,5.592343691349339202e-02,2.460901905319984317e-01,-7.999232927497276898e-04,-5.226626688063013698e-02,1.989140876308715528e-02,-3.385423965168553729e-04,-3.138480928526874228e-03,9.764094329395194283e-01
3.250000000000000000e+01,2.000000000000000000e+00,-2.329844762470409503e+00,8.587774716451175294e-01,2.779032952852041216e+00,5.590748011462250144e-02,2.463674466555409170e-01,-7.957513412972627275e-04,-5.227304899654865167e-02,1.982863286692590835e-02,-3.396662083594612189e-04,-3.139088865053799374e-03,9.775552806322408417e-01
3.252000000000000313e+01,2.000000000000000000e+00,-2.330890291457606622e+00,8.591734164500921533e-01,2.780126472055131970e+00,5.589160706781586690e-02,2.466347791687740210e-01,-7.915481936527504021e-04,-5.227985340966971595e-02,1.976584599976865392e-02,-3.407721259833143123e-04,-3.139578109032846193e-03,9.786602672164557148e-01
3.253999999999999915e+01,2.000000000000000000e+00,-2.331935956753061756e+00,8.595681054277637401e-01,2.781220893756100931e+00,5.587581839056120908e-02,2.468921943116956785e-01,-7.873144932500663381e-04,-5.228667976266163087e-02,1.970305053061197770e-02,-3.418602046513660405e-04,-3.139949145904149391e-03,9.797244021231916733e-01
3.256000000000000227e+01,2.000000000000000000e+00,-2.332981758792004978e+00,8.599615384297010223e-01,2.782316173288340799e+00,5.586011468748868641e-02,2.471396986242610228e-01,-7.830508823862131207e-04,-5.229352769929783429e-02,1.964024881874361014e-02,-3.429304996265678993e-04,-3.140202461107841504e-03,9.807476966112381733e-01
3.257999999999999829e+01,2.000000000000000000e+00,-2.334027698002556495e+00,8.603537153545613991e-01,2.783412266054481776e+00,5.584449655039457755e-02,2.473772989497858565e-01,-7.787580021557850450e-04,-5.230039686445715069e-02,1.957744321374250626e-02,-3.439830661718715470e-04,-3.140338540084054633e-03,9.817301637844222384e-01
3.260000000000000142e+01,2.000000000000000000e+00,-2.335073774805745739e+00,8.607446361478977570e-01,2.784509127527825978e+00,5.582896455826576176e-02,2.476050024382743797e-01,-7.744364923858338030e-04,-5.230728690412359688e-02,1.951463605547883173e-02,-3.450179595502283168e-04,-3.140357868272925217e-03,9.826718186083405193e-01
3.261999999999999744e+01,2.000000000000000000e+00,-2.336119989615531800e+00,8.611343008019621825e-01,2.785606713253791611e+00,5.581351927730580226e-02,2.478228165496620949e-01,-7.700869915711255681e-04,-5.231419746538646526e-02,1.945182967411391434e-02,-3.460352350245899755e-04,-3.140260931114584493e-03,9.835726779265129283e-01
3.264000000000000057e+01,2.000000000000000000e+00,-2.337166342838826516e+00,8.615227093555131166e-01,2.786704978851366032e+00,5.579816126096221601e-02,2.480307490569801931e-01,-7.657101368098239531e-04,-5.232112819644028912e-02,1.938902639010028905e-02,-3.470349478579075851e-04,-3.140048214049165863e-03,9.844327604759786077e-01
3.265999999999999659e+01,2.000000000000000000e+00,-2.338212834875516233e+00,8.619098618936222866e-01,2.787803880014568136e+00,5.578289104995513142e-02,2.482288080494374216e-01,-7.613065637395804129e-04,-5.232807874658493286e-02,1.932622851418172236e-02,-3.480171533131331835e-04,-3.139720202516804899e-03,9.852520869023163597e-01
3.267999999999999972e+01,2.000000000000000000e+00,-2.339259466118486674e+00,8.622957585474771980e-01,2.788903372513921841e+00,5.576770917230693125e-02,2.484170019354236258e-01,-7.568769064740491111e-04,-5.233504876622539770e-02,1.926343834739313587e-02,-3.489819066532179955e-04,-3.139277381957633704e-03,9.860306797741071883e-01
3.270000000000000284e+01,2.000000000000000000e+00,-2.340306236953638486e+00,8.626803994941895093e-01,2.790003412197934463e+00,5.575261614337358174e-02,2.485953394454301635e-01,-7.524217975398341668e-04,-5.234203790687203678e-02,1.920065818106065497e-02,-3.499292631411135166e-04,-3.138720237811784813e-03,9.867685635968136415e-01
3.271999999999999886e+01,2.000000000000000000e+00,-2.341353147759917874e+00,8.630637849566019648e-01,2.791103954994585745e+00,5.573761246587689844e-02,2.487638296348913258e-01,-7.479418678138764374e-04,-5.234904582114044413e-02,1.913789029680163650e-02,-3.508592780397713513e-04,-3.138049255519394232e-03,9.874657648260967147e-01
3.274000000000000199e+01,2.000000000000000000e+00,-2.342400198909332598e+00,8.634459152030906637e-01,2.792204956912823111e+00,5.572269862993815825e-02,2.489224818869451294e-01,-7.434377464612746322e-04,-5.235607216275146164e-02,1.907513696652459595e-02,-3.517720066121431577e-04,-3.137264920520594063e-03,9.881223118805579908e-01
3.275999999999999801e+01,2.000000000000000000e+00,-2.343447390766975502e+00,8.638267905473728803e-01,2.793306374044065343e+00,5.570787511311293266e-02,2.490713059151142272e-01,-7.389100608735676458e-04,-5.236311658653115819e-02,1.901240045242925600e-02,-3.526675041211800522e-04,-3.136367718255515975e-03,9.887382351539090175e-01
3.278000000000000114e+01,2.000000000000000000e+00,-2.344494723691048055e+00,8.642064113483143295e-01,2.794408162563711606e+00,5.569314238042730875e-02,2.492103117659048850e-01,-7.343594366074652092e-04,-5.237017874841096848e-02,1.894968300700654654e-02,-3.535458258298338017e-04,-3.135358134164295540e-03,9.893135670265633674e-01
3.279999999999999716e+01,2.000000000000000000e+00,-2.345542198032880332e+00,8.645847780097319912e-01,2.795510278732657117e+00,5.567850088441499840e-02,2.493395098213289085e-01,-7.297864973240484341e-04,-5.237725830542745709e-02,1.888698687303859425e-02,-3.544070270010560644e-04,-3.134236653687068330e-03,9.898483418766640396e-01
3.282000000000000028e+01,2.000000000000000000e+00,-2.346589814136954111e+00,8.649618909802018196e-01,2.796612678898816373e+00,5.566395106515600183e-02,2.494589108013423318e-01,-7.251918647284309261e-04,-5.238435491572253355e-02,1.882431428359871220e-02,-3.552511628977980652e-04,-3.133003762263962978e-03,9.903425960905236636e-01
3.284000000000000341e+01,2.000000000000000000e+00,-2.347637572340925072e+00,8.653377507528636770e-01,2.797715319498648601e+00,5.564949335031620786e-02,2.495685257662078604e-01,-7.205761585099078976e-04,-5.239146823854327895e-02,1.876166746205139985e-02,-3.560782887830114081e-04,-3.131659945335115054e-03,9.907963680725069278e-01
3.285999999999999943e+01,2.000000000000000000e+00,-2.348685472975647670e+00,8.657123578652294871e-01,2.798818157058691636e+00,5.563512815518849991e-02,2.496683661187746039e-01,-7.159399962825794021e-04,-5.239859793424217482e-02,1.869904862205240548e-02,-3.568884599196476973e-04,-3.130205688340659265e-03,9.912096982543220358e-01
3.288000000000000256e+01,2.000000000000000000e+00,-2.349733516365190678e+00,8.660857128989850606e-01,2.799921148197098031e+00,5.562085588273463221e-02,2.497584436066806468e-01,-7.112839935264647119e-04,-5.240574366427684649e-02,1.863645996754861867e-02,-3.576817315706583744e-04,-3.128641476720728145e-03,9.915826291037522777e-01
3.289999999999999858e+01,2.000000000000000000e+00,-2.350781702826863828e+00,8.664578164797982485e-01,2.801024249625176488e+00,5.560667692362853548e-02,2.498387703244764890e-01,-7.066087635291152125e-04,-5.241290509121016711e-02,1.857390369277814313e-02,-3.584581589989947726e-04,-3.126967795915453797e-03,9.919152051328111730e-01
3.292000000000000171e+01,2.000000000000000000e+00,-2.351830032671242243e+00,8.668286692771266511e-01,2.802127418148937732e+00,5.559259165630096172e-02,2.499093587156668850e-01,-7.019149173277263549e-04,-5.242008187871039643e-02,1.851138198227029671e-02,-3.592177974676088754e-04,-3.125185131364973529e-03,9.922074729053178554e-01
3.293999999999999773e+01,2.000000000000000000e+00,-2.352878506202182418e+00,8.671982720040188886e-01,2.803230610670642164e+00,5.557860044698476748e-02,2.499702215746777145e-01,-6.972030636517592911e-04,-5.242727369155093103e-02,1.844889701084558714e-02,-3.599607022394518533e-04,-3.123293968509416839e-03,9.924594810439135717e-01
3.296000000000000085e+01,2.000000000000000000e+00,-2.353927123716845315e+00,8.675666254169236424e-01,2.804333784190351064e+00,5.556470364976174442e-02,2.500213720487425850e-01,-6.924738088660775063e-04,-5.243448019561040840e-02,1.838645094361568422e-02,-3.606869285774751480e-04,-3.121294792788917565e-03,9.926712802365038613e-01
3.297999999999999687e+01,2.000000000000000000e+00,-2.354975885505727007e+00,8.679337303154960326e-01,2.805436895807481346e+00,5.555090160661065729e-02,2.500628236397092752e-01,-6.877277569146048432e-04,-5.244170105787286651e-02,1.832404593598352047e-02,-3.613965317446303093e-04,-3.119188089643612147e-03,9.928429232421221995e-01
3.300000000000000000e+01,2.000000000000000000e+00,-2.356024791852669775e+00,8.682995875424008858e-01,2.806539902722361646e+00,5.553719464745593415e-02,2.500945902057725712e-01,-6.829655092645083893e-04,-5.244893594642748014e-02,1.826168413364318011e-02,-3.620895670038693209e-04,-3.116974344513633987e-03,9.929744648962457454e-01
3.302000000000000313e+01,2.000000000000000000e+00,-2.357073843034886540e+00,8.686641979831190019e-01,2.807642762237790635e+00,5.552358309021791782e-02,2.501166859631248074e-01,-6.781876648509154414e-04,-5.245618453046871354e-02,1.819936767257993721e-02,-3.627660896181428654e-04,-3.114654042839110851e-03,9.930659621155261130e-01
3.303999999999999915e+01,2.000000000000000000e+00,-2.358123039322992387e+00,8.690275625657561953e-01,2.808745431760595324e+00,5.551006724086407496e-02,2.501291254875321890e-01,-6.733948200221763665e-04,-5.246344648029632740e-02,1.813709867907030426e-02,-3.634261548504031975e-04,-3.112227670060182215e-03,9.931174739019714703e-01
3.306000000000000227e+01,2.000000000000000000e+00,-2.359172380981013895e+00,8.693896822608451203e-01,2.809847868803192483e+00,5.549664739346117648e-02,2.501319237158325937e-01,-6.685875684856618659e-04,-5.247072146731529552e-02,1.807487926968196629e-02,-3.640698179636017045e-04,-3.109695711616981481e-03,9.931290613465587613e-01
3.307999999999999829e+01,2.000000000000000000e+00,-2.360221868266415335e+00,8.697505580811520920e-01,2.810950030985149173e+00,5.548332383022865771e-02,2.501250959473562130e-01,-6.637665012541184946e-04,-5.247800916403581872e-02,1.801271155127378079e-02,-3.646971342206892317e-04,-3.107058652949635982e-03,9.931007876322889283e-01
3.310000000000000142e+01,2.000000000000000000e+00,-2.361271501430129760e+00,8.701101910814856844e-01,2.812051876034743714e+00,5.547009682159324134e-02,2.501086578452700326e-01,-6.589322065925841713e-04,-5.248530924407349141e-02,1.795059762099587147e-02,-3.653081588846181964e-04,-3.104316979498286926e-03,9.930327180366840256e-01
3.311999999999999744e+01,2.000000000000000000e+00,-2.362321280716566108e+00,8.704685823584983329e-01,2.813153361790527551e+00,5.545696662624412243e-02,2.500826254378459290e-01,-6.540852699658568489e-04,-5.249262138214903090e-02,1.788853956628948944e-02,-3.659029472183396065e-04,-3.101471176703062948e-03,9.929249199337331078e-01
3.314000000000000057e+01,2.000000000000000000e+00,-2.363371206363641175e+00,8.708257330504945992e-01,2.814254446202884896e+00,5.544393349118963837e-02,2.500470151196540480e-01,-6.492262739865443163e-04,-5.249994525408843704e-02,1.782653946488709992e-02,-3.664815544848049034e-04,-3.098521730004098317e-03,9.927774627952865583e-01
3.315999999999999659e+01,2.000000000000000000e+00,-2.364421278602800935e+00,8.711816443372377705e-01,2.815355087335591922e+00,5.543099765181494498e-02,2.500018436526766918e-01,-6.443557983636804968e-04,-5.250728053682304775e-02,1.776459938481241008e-02,-3.670440359469660167e-04,-3.095469124841528606e-03,9.925904181918919766e-01
3.317999999999999972e+01,2.000000000000000000e+00,-2.365471497659040079e+00,8.715363174397537938e-01,2.816455243367375072e+00,5.541815933194036564e-02,2.499471281673522338e-01,-6.394744198519225530e-04,-5.251462690838938630e-02,1.770272138438026832e-02,-3.675904468677742253e-04,-3.092313846655485483e-03,9.923638597931010441e-01
3.320000000000000284e+01,2.000000000000000000e+00,-2.366521863750922883e+00,8.718897536201368759e-01,2.817554872593467152e+00,5.540541874388110744e-02,2.498828861635397636e-01,-6.345827122013381234e-04,-5.252198404792922382e-02,1.764090751219674416e-02,-3.681208425101808622e-04,-3.089056380886101485e-03,9.920978633672208336e-01
3.321999999999999886e+01,2.000000000000000000e+00,-2.367572377090611635e+00,8.722419541813579702e-01,2.818653933427162528e+00,5.539277608850790013e-02,2.498091355114110401e-01,-6.296812461077800878e-04,-5.252935163568967641e-02,1.757915980715911430e-02,-3.686352781371377485e-04,-3.085697212973512616e-03,9.917925067805302142e-01
3.324000000000000199e+01,2.000000000000000000e+00,-2.368623037883881288e+00,8.725929204670678230e-01,2.819752384401367440e+00,5.538023155530846092e-02,2.497258944522683100e-01,-6.247705891638571018e-04,-5.253672935302305946e-02,1.751748029845582796e-02,-3.691338090115962715e-04,-3.082236828357851413e-03,9.914478699959644592e-01
3.325999999999999801e+01,2.000000000000000000e+00,-2.369673846330145217e+00,8.729426538614036835e-01,2.820850184170148989e+00,5.536778532245002077e-02,2.496331815992877678e-01,-6.198513058105119353e-04,-5.254411688238686678e-02,1.745587100556654850e-02,-3.696164903965076559e-04,-3.078675712479249545e-03,9.910640350712646152e-01
3.328000000000000114e+01,2.000000000000000000e+00,-2.370724802622479643e+00,8.732911557887963472e-01,2.821947291510282785e+00,5.535543755684306511e-02,2.495310159381889104e-01,-6.149239572891967726e-04,-5.255151390734404127e-02,1.739433393826213953e-02,-3.700833775548240481e-04,-3.075014350777843450e-03,9.906410861565972947e-01
3.329999999999999716e+01,2.000000000000000000e+00,-2.371775906947641399e+00,8.736384277137743126e-01,2.823043665322791718e+00,5.534318841420556023e-02,2.494194168278318635e-01,-6.099891015946703023e-04,-5.255892011256266261e-02,1.733287109660465800e-02,-3.705345257494964016e-04,-3.071253228693764364e-03,9.901791094916563285e-01
3.332000000000000028e+01,2.000000000000000000e+00,-2.372827159486088799e+00,8.739844711407693811e-01,2.824139264634487390e+00,5.533103803912835933e-02,2.492984040007432123e-01,-6.050472934284052131e-04,-5.256633518381602366e-02,1.727148447094733683e-02,-3.709699902434765374e-04,-3.067392831667146123e-03,9.896781934022472749e-01
3.334000000000000341e+01,2.000000000000000000e+00,-2.373878560412012284e+00,8.743292876139248104e-01,2.825234048599500891e+00,5.531898656514172563e-02,2.491679975635655298e-01,-6.000990841526223588e-04,-5.257375880798280388e-02,1.721017604193465084e-02,-3.713898262997156804e-04,-3.063433645138122566e-03,9.891384282963447960e-01
3.335999999999999943e+01,2.000000000000000000e+00,-2.374930109893347296e+00,8.746728787168995822e-01,2.826327976500815353e+00,5.530703411478238296e-02,2.490282179974397381e-01,-5.951450217449457368e-04,-5.258119067304685423e-02,1.714894778050223348e-02,-3.717940891811658682e-04,-3.059376154546828395e-03,9.885599066596555407e-01
3.338000000000000256e+01,2.000000000000000000e+00,-2.375981808091800040e+00,8.750152460726724479e-01,2.827421007751786508e+00,5.529518079966170424e-02,2.488790861583129455e-01,-5.901856507536936769e-04,-5.258863046809729436e-02,1.708780164787692193e-02,-3.721828341507777836e-04,-3.055220845333393980e-03,9.879427230506647728e-01
3.339999999999999858e+01,2.000000000000000000e+00,-2.377033655162872350e+00,8.753563913433521915e-01,2.828513101897664139e+00,5.528342672053482287e-02,2.487206232771763670e-01,-5.852215122538049390e-04,-5.259607788332854028e-02,1.702673959557677447e-02,-3.725561164715037897e-04,-3.050968202937957060e-03,9.872869740951862871e-01
3.342000000000000171e+01,2.000000000000000000e+00,-2.378085651255876787e+00,8.756963162299787884e-01,2.829604218617105094e+00,5.527177196737043802e-02,2.485528509602329406e-01,-5.802531438034003695e-04,-5.260353261004025588e-02,1.696576356541102185e-02,-3.729139914062950568e-04,-3.046618712800648436e-03,9.865927584804180528e-01
3.343999999999999773e+01,2.000000000000000000e+00,-2.379137796513965952e+00,8.760350224723321144e-01,2.830694317723678743e+00,5.526021661942156354e-02,2.483757911889952208e-01,-5.752810794009968146e-04,-5.261099434063730429e-02,1.690487548948008817e-02,-3.732565142181029725e-04,-3.042172860361601078e-03,9.858601769485084709e-01
3.346000000000000085e+01,2.000000000000000000e+00,-2.380190091074150693e+00,8.763725118487375454e-01,2.831783359167370673e+00,5.524876074529727621e-02,2.481894663203114970e-01,-5.703058494433640730e-04,-5.261846276862990057e-02,1.684407729017563249e-02,-3.735837401698791408e-04,-3.037631131060948390e-03,9.850893322896302484e-01
3.347999999999999687e+01,2.000000000000000000e+00,-2.381242535067324972e+00,8.767087861758705580e-01,2.832871303036073929e+00,5.523740440303504667e-02,2.479938990863264914e-01,-5.653279806840355148e-04,-5.262593758863347293e-02,1.678337088018046902e-02,-3.738957245245751659e-04,-3.032994010338826377e-03,9.842803293345881999e-01
3.350000000000000000e+01,2.000000000000000000e+00,-2.382295128618280966e+00,8.770438473085621078e-01,2.833958109557077609e+00,5.522614764017397954e-02,2.477891125943702810e-01,-5.603479961924774612e-04,-5.263341849636866271e-02,1.672275816246861918e-02,-3.741925225451423810e-04,-3.028261983635367142e-03,9.834332749469418822e-01
3.352000000000000313e+01,2.000000000000000000e+00,-2.383347871845742372e+00,8.773776971396081148e-01,2.835043739098548343e+00,5.521499049382908031e-02,2.475751303267796910e-01,-5.553664153139164584e-04,-5.264090518866146318e-02,1.666224103030532200e-02,-3.744741894945324443e-04,-3.023435536390703220e-03,9.825482780146622686e-01
3.353999999999999915e+01,2.000000000000000000e+00,-2.384400764862377731e+00,8.777103375995709555e-01,2.836128152170999339e+00,5.520393299076595955e-02,2.473519761406538509e-01,-5.503837536298346366e-04,-5.264839736344306687e-02,1.660182136724700289e-02,-3.747407806356968518e-04,-3.018515154044969315e-03,9.816254494413328979e-01
3.356000000000000227e+01,2.000000000000000000e+00,-2.385453807774823520e+00,8.780417706565861735e-01,2.837211309428758543e+00,5.519297514747652927e-02,2.471196742675404456e-01,-5.454005229191278420e-04,-5.265589471974990721e-02,1.654150104714125977e-02,-3.749923512315870991e-04,-3.013501322038296664e-03,9.806649021368886165e-01
3.357999999999999829e+01,2.000000000000000000e+00,-2.386507000683711688e+00,8.783719983161724087e-01,2.838293171671420367e+00,5.518211697025558055e-02,2.468782493130563804e-01,-5.404172311199429129e-04,-5.266339695772377649e-02,1.648128193412693940e-02,-3.752289565451547362e-04,-3.008394525810823440e-03,9.796667510079059005e-01
3.360000000000000142e+01,2.000000000000000000e+00,-2.387560343683685637e+00,8.787010226210306696e-01,2.839373699845299193e+00,5.517135845527772892e-02,2.466277262564426365e-01,-5.354343822921801138e-04,-5.267090377861159689e-02,1.642116588263404023e-02,-3.754506518393512047e-04,-3.003195250802680009e-03,9.786311129474519754e-01
3.361999999999999744e+01,2.000000000000000000e+00,-2.388613836863423323e+00,8.790288456508545956e-01,2.840452855044862446e+00,5.516069958867556022e-02,2.463681304500527081e-01,-5.304524765806800267e-04,-5.267841488476562861e-02,1.636115473738376444e-02,-3.756574923771278918e-04,-2.997903982453997175e-03,9.775581068244928451e-01
3.364000000000000057e+01,2.000000000000000000e+00,-2.389667480305666558e+00,8.793554695221362794e-01,2.841530598514164563e+00,5.515014034661822051e-02,2.460994876187769520e-01,-5.254720101790948984e-04,-5.268592997964339358e-02,1.630125033338854570e-02,-3.758495334214366186e-04,-2.992521206204913110e-03,9.764478534728755488e-01
3.365999999999999659e+01,2.000000000000000000e+00,-2.390721274087232118e+00,8.796808963879697574e-01,2.842606891648265410e+00,5.513968069539074840e-02,2.458218238594019334e-01,-5.204934752944338208e-04,-5.269344876780763381e-02,1.624145449595197632e-02,-3.760268302352287725e-04,-2.987047407495560351e-03,9.753004756798822061e-01
3.367999999999999972e+01,2.000000000000000000e+00,-2.391775218279038384e+00,8.800051284378574978e-01,2.843681695994642045e+00,5.512932059147418462e-02,2.455351656399062388e-01,-5.155173601123032084e-04,-5.270097095492634609e-02,1.618176904066885580e-02,-3.761894380814557949e-04,-2.981483071766070133e-03,9.741160981743705038e-01
3.370000000000000284e+01,2.000000000000000000e+00,-2.392829312946132880e+00,8.803281678975187763e-01,2.844754973254588926e+00,5.511905998162644482e-02,2.452395397986918413e-01,-5.105441487628353120e-04,-5.270849624777285136e-02,1.612219577342519777e-02,-3.763374122230692359e-04,-2.975828684456578895e-03,9.728948476144967383e-01
3.371999999999999886e+01,2.000000000000000000e+00,-2.393883558147706925e+00,8.806500170286917228e-01,2.845826685284608804e+00,5.510889880296361565e-02,2.449349735437546249e-01,-5.055743212873058503e-04,-5.271602435422568372e-02,1.606273649039819534e-02,-3.764708079230205911e-04,-2.970084731007216570e-03,9.716368525750462837e-01
3.374000000000000199e+01,2.000000000000000000e+00,-2.394937953937118724e+00,8.809706781289411426e-01,2.846896794097792949e+00,5.509883698304207655e-02,2.446214944517917655e-01,-5.006083536054530122e-04,-5.272355498326858347e-02,1.600339297805623492e-02,-3.765896804442613564e-04,-2.964251696858118731e-03,9.703422435343608266e-01
3.375999999999999801e+01,2.000000000000000000e+00,-2.395992500361921795e+00,8.812901535314657808e-01,2.847965261865191611e+00,5.508887443994139876e-02,2.442991304672467168e-01,-4.956467174834865543e-04,-5.273108784499067059e-02,1.594416701315893442e-02,-3.766940850497430817e-04,-2.958330067449420082e-03,9.690111528608744695e-01
3.378000000000000114e+01,2.000000000000000000e+00,-2.397047197463877843e+00,8.816084456049000373e-01,2.849032050917170711e+00,5.507901108234752874e-02,2.439679099012949381e-01,-4.906898805027982676e-04,-5.273862265058622267e-02,1.588506036275705996e-02,-3.767840770024174254e-04,-2.952320328221251858e-03,9.676437147992752452e-01
3.379999999999999716e+01,2.000000000000000000e+00,-2.398102045278985628e+00,8.819255567531234519e-01,2.850097123744760541e+00,5.506924680963694307e-02,2.436278614307673396e-01,-4.857383060293780984e-04,-5.274615911235482069e-02,1.582607478419261263e-02,-3.768597115652356122e-04,-2.946222964613748330e-03,9.662400654562839364e-01
3.382000000000000028e+01,2.000000000000000000e+00,-2.399157043837502279e+00,8.822414894150663045e-01,2.851160443000992473e+00,5.505958151196121975e-02,2.432790140970154946e-01,-4.807924531839271936e-04,-5.275369694370132811e-02,1.576721202509877295e-02,-3.769210440011494089e-04,-2.940038462067043334e-03,9.648003427860708525e-01
3.384000000000000341e+01,2.000000000000000000e+00,-2.400212193163961061e+00,8.825562460645123286e-01,2.852221971502220565e+00,5.505001507033215058e-02,2.429213973047177899e-01,-4.758527768126818037e-04,-5.276123585913578690e-02,1.570847382339992521e-02,-3.769681295731102028e-04,-2.933767306021271577e-03,9.633246865753154475e-01
3.385999999999999943e+01,2.000000000000000000e+00,-2.401267493277199350e+00,8.828698292099085299e-01,2.853281672229436516e+00,5.504054735670762394e-02,2.425550408206250674e-01,-4.709197274589369832e-04,-5.276877557427357007e-02,1.564986190731164697e-02,-3.770010235440694355e-04,-2.927409981916562990e-03,9.618132384279042268e-01
3.388000000000000256e+01,2.000000000000000000e+00,-2.402322944190375509e+00,8.831822413941678995e-01,2.854339508329568620e+00,5.503117823407797232e-02,2.421799747722504226e-01,-4.659937513352870584e-04,-5.277631580583531240e-02,1.559137799534072479e-02,-3.770197811769788196e-04,-2.920966975193054881e-03,9.602661417492928120e-01
3.389999999999999858e+01,2.000000000000000000e+00,-2.403378545910993314e+00,8.834934851944771239e-01,2.855395443116769627e+00,5.502190755655266691e-02,2.417962296465020477e-01,-4.610752902965677895e-04,-5.278385627164680627e-02,1.553302379628511594e-02,-3.770244577347896340e-04,-2.914438771290877184e-03,9.586835417305326068e-01
3.392000000000000171e+01,2.000000000000000000e+00,-2.404434298440928153e+00,8.838035632221014071e-01,2.856449440073693058e+00,5.501273516944806680e-02,2.414038362882564015e-01,-4.561647818135142153e-04,-5.279139669063926538e-02,1.547480100923400922e-02,-3.770151084804535370e-04,-2.907825855650165905e-03,9.570655853319566253e-01
3.393999999999999773e+01,2.000000000000000000e+00,-2.405490201776441683e+00,8.841124781221914031e-01,2.857501462852753971e+00,5.500366090937506419e-02,2.410028258988793082e-01,-4.512626589471282709e-04,-5.279893678284906106e-02,1.541671132356777288e-02,-3.769917886769222413e-04,-2.901128713711054446e-03,9.554124212665592308e-01
3.396000000000000085e+01,2.000000000000000000e+00,-2.406546255908204923e+00,8.844202325735868175e-01,2.858551475277379517e+00,5.499468460432757611e-02,2.405932300346900199e-01,-4.463693503237601895e-04,-5.280647626941777084e-02,1.535875641895795632e-02,-3.769545535871467005e-04,-2.894347830913674043e-03,9.537241999830562422e-01
3.397999999999999687e+01,2.000000000000000000e+00,-2.407602460821327561e+00,8.847268292886251162e-01,2.859599441343246617e+00,5.498580607377168833e-02,2.401750806053693788e-01,-4.414852801109028758e-04,-5.281401487259236582e-02,1.530093796536734219e-02,-3.769034584740789525e-04,-2.887483692698161134e-03,9.520010736486342884e-01
3.400000000000000000e+01,2.000000000000000000e+00,-2.408658816495375277e+00,8.850322710129457926e-01,2.860645325219502322e+00,5.497702512873486186e-02,2.397484098723162427e-01,-4.366108679936997927e-04,-5.282155231572502330e-02,1.524325762304988736e-02,-3.768385586006703846e-04,-2.880536784504648690e-03,9.502431961314127262e-01
3.402000000000000313e+01,2.000000000000000000e+00,-2.409715322904386170e+00,8.853365605252946358e-01,2.861689091249974837e+00,5.496834157189576381e-02,2.393132504469506761e-01,-4.317465291521707530e-04,-5.282908832327307819e-02,1.518571704255074206e-02,-3.767599092298723300e-04,-2.873507591773267512e-03,9.484507229826155683e-01
3.403999999999999915e+01,2.000000000000000000e+00,-2.410771980016904958e+00,8.856397006373339931e-01,2.862730703954369460e+00,5.495975519767488243e-02,2.388696352889613794e-01,-4.268926742391486754e-04,-5.283662262079930061e-02,1.512831786470627063e-02,-3.766675656246363385e-04,-2.866396599944153172e-03,9.466238114184509778e-01
3.406000000000000227e+01,2.000000000000000000e+00,-2.411828787795995410e+00,8.859416941934437073e-01,2.863770128029450301e+00,5.495126579232496172e-02,2.384175977045060735e-01,-4.220497093589358189e-04,-5.284415493497158361e-02,1.507106172064402380e-02,-3.765615830479141770e-04,-2.859204294457439940e-03,9.447626203017361890e-01
3.407999999999999829e+01,2.000000000000000000e+00,-2.412885746199266546e+00,8.862425440705299362e-01,2.864807328350207349e+00,5.494287313402237971e-02,2.379571713443565939e-01,-4.172180360466722277e-04,-5.285168499356315830e-02,1.501395023178275778e-02,-3.764420167626570703e-04,-2.851931160753259052e-03,9.428673101232427634e-01
3.410000000000000142e+01,2.000000000000000000e+00,-2.413942855178892621e+00,8.865422531778297532e-01,2.865842269971010658e+00,5.493457699295865165e-02,2.374883902019959692e-01,-4.123980512484228412e-04,-5.285921252545246196e-02,1.495698500983241169e-02,-3.763089220318166766e-04,-2.844577684271746947e-03,9.409380429827942649e-01
3.411999999999999744e+01,2.000000000000000000e+00,-2.415000114681640220e+00,8.868408244567183019e-01,2.866874918126750327e+00,5.492637713143241202e-02,2.370112886116647610e-01,-4.075901473019768149e-04,-5.286673726062322137e-02,1.490016765679413879e-02,-3.761623541183446544e-04,-2.837144350453033557e-03,9.389749825701119157e-01
3.414000000000000057e+01,2.000000000000000000e+00,-2.416057524648878907e+00,8.871382608805115089e-01,2.867905238233959153e+00,5.491827330394177809e-02,2.365259012463586941e-01,-4.027947119183656688e-04,-5.287425893016438339e-02,1.484349976496026659e-02,-3.760023682851920115e-04,-2.829631644737254891e-03,9.369782941454238845e-01
3.415999999999999659e+01,2.000000000000000000e+00,-2.417115085016622977e+00,8.874345654542772355e-01,2.868933195891924637e+00,5.491026525727711605e-02,2.360322631157776851e-01,-3.980121281640927253e-04,-5.288177726627024677e-02,1.478698291691435754e-02,-3.758290197953107316e-04,-2.822040052564543482e-03,9.349481445198387641e-01
3.417999999999999972e+01,2.000000000000000000e+00,-2.418172795715530565e+00,8.877297412146351041e-01,2.869958756883783213e+00,5.490235273061397359e-02,2.355304095642282158e-01,-3.932427744440783381e-04,-5.288929200224026794e-02,1.473061868553113621e-02,-3.756423639116524189e-04,-2.814370059375034035e-03,9.328847020355024444e-01
3.420000000000000284e+01,2.000000000000000000e+00,-2.419230656670940949e+00,8.880237912295663172e-01,2.870981887177601166e+00,5.489453545560655373e-02,2.350203762684775766e-01,-3.884870244853194481e-04,-5.289680287247916501e-02,1.467440863397653263e-02,-3.754424558971679185e-04,-2.806622150608857353e-03,9.307881365455333844e-01
3.421999999999999886e+01,2.000000000000000000e+00,-2.420288667802894089e+00,8.883167185982180358e-01,2.872002552927438224e+00,5.488681315648152870e-02,2.345021992355627027e-01,-3.837452473212585313e-04,-5.290430961249701497e-02,1.461835431570769096e-02,-3.752293510148094311e-04,-2.798796811706149006e-03,9.286586193937556022e-01
3.424000000000000199e+01,2.000000000000000000e+00,-2.421346829026150171e+00,8.886085264507104231e-01,2.873020720474400491e+00,5.487918555013187455e-02,2.339759148005546019e-01,-3.790178072768689353e-04,-5.291181195890908018e-02,1.456245727447293310e-02,-3.750031045275282896e-04,-2.790894528107043266e-03,9.264963233942357101e-01
3.425999999999999801e+01,2.000000000000000000e+00,-2.422405140250210476e+00,8.888992179479394684e-01,2.874036356347671628e+00,5.487165234621124710e-02,2.334415596242767343e-01,-3.743050639544462464e-04,-5.291930964943583615e-02,1.450671904431177946e-02,-3.747637716982757730e-04,-2.782915785251670500e-03,9.243014228106259944e-01
3.428000000000000114e+01,2.000000000000000000e+00,-2.423463601379346244e+00,8.891887962813873614e-01,2.875049427265535140e+00,5.486421324722871168e-02,2.328991706909797343e-01,-3.696073722201127917e-04,-5.292680242290313808e-02,1.445114114955496978e-02,-3.745114077900037024e-04,-2.774861068580168014e-03,9.220740933353266389e-01
3.429999999999999716e+01,2.000000000000000000e+00,-2.424522212312613334e+00,8.894772646729245391e-01,2.876059900136376246e+00,5.485686794864336191e-02,2.323487853059748032e-01,-3.649250821910261680e-04,-5.293429001924200572e-02,1.439572510482442155e-02,-3.742460680656633566e-04,-2.766730863532666611e-03,9.198145120684805276e-01
3.432000000000000028e+01,2.000000000000000000e+00,-2.425580972943874869e+00,8.897646263746155082e-01,2.877067742059671307e+00,5.484961613895959764e-02,2.317904410932226100e-01,-3.602585392232972175e-04,-5.294177217948874137e-02,1.434047241503323862e-02,-3.739678077882062856e-04,-2.758525655549300560e-03,9.175228574967966289e-01
3.434000000000000341e+01,2.000000000000000000e+00,-2.426639883161832323e+00,8.900508846685287745e-01,2.878072920326959494e+00,5.484245749982238904e-02,2.312241759928824469e-01,-3.556080839006131155e-04,-5.294924864578491597e-02,1.428538457538575113e-02,-3.736766822205840935e-04,-2.750245930070202832e-03,9.151993094722228328e-01
3.435999999999999943e+01,2.000000000000000000e+00,-2.427698942850035735e+00,8.903360428665376691e-01,2.879075402422799357e+00,5.483539170611288760e-02,2.306500282588192785e-01,-3.509740520235611226e-04,-5.295671916137739688e-02,1.423046307137746866e-02,-3.733727466257481678e-04,-2.741892172535507696e-03,9.128440491904661336e-01
3.438000000000000256e+01,2.000000000000000000e+00,-2.428758151886910355e+00,8.906201043101285020e-01,2.880075156025710292e+00,5.482841842604402327e-02,2.300680364560728774e-01,-3.463567745996560393e-04,-5.296418347061818133e-02,1.417570937879509586e-02,-3.730560562666502210e-04,-2.733464868385347690e-03,9.104572591693808059e-01
3.439999999999999858e+01,2.000000000000000000e+00,-2.429817510145786841e+00,8.909030723702082710e-01,2.881072149009097583e+00,5.482153732125676082e-02,2.294782394582846330e-01,-3.417565778340650733e-04,-5.297164131896470868e-02,1.412112496371655326e-02,-3.727266664062416405e-04,-2.724964503059857952e-03,9.080391232272124746e-01
3.442000000000000171e+01,2.000000000000000000e+00,-2.430877017494907921e+00,8.911849504469054883e-01,2.882066349442158781e+00,5.481474804691591901e-02,2.288806764450900255e-01,-3.371737831210314747e-04,-5.297909245297952735e-02,1.406671128251094256e-02,-3.723846323074740303e-04,-2.716391561999171450e-03,9.055898264607361581e-01
3.443999999999999773e+01,2.000000000000000000e+00,-2.431936673797461257e+00,8.914657419693808871e-01,2.883057725590780329e+00,5.480805025180665591e-02,2.282753868994701618e-01,-3.326087070359907060e-04,-5.298653662033049605e-02,1.401246978183855359e-02,-3.720300092332986153e-04,-2.707746530643418987e-03,9.031095552232641932e-01
3.446000000000000085e+01,2.000000000000000000e+00,-2.432996478911600757e+00,8.917454503956310230e-01,2.884046245918411522e+00,5.480144357843088482e-02,2.276624106050688101e-01,-3.280616613283842960e-04,-5.299397356979076990e-02,1.395840189865090245e-02,-3.716628524466672164e-04,-2.699029894432738302e-03,9.005984971025585706e-01
3.448000000000000398e+01,2.000000000000000000e+00,-2.434056432690466565e+00,8.920240792122942075e-01,2.885031879086925155e+00,5.479492766310382901e-02,2.270417876434719928e-01,-3.235329529151552766e-04,-5.300140305123871715e-02,1.390450906019067775e-02,-3.712832172105313836e-04,-2.690242138807260198e-03,8.980568408986370210e-01
3.450000000000000000e+01,2.000000000000000000e+00,-2.435116534982202818e+00,8.923016319344556635e-01,2.886014593957462182e+00,5.478850213605069436e-02,2.264135583914543282e-01,-3.190228838749414137e-04,-5.300882481565792614e-02,1.385079268399177534e-02,-3.708911587878422874e-04,-2.681383749207117643e-03,8.954847766014970567e-01
3.452000000000000313e+01,2.000000000000000000e+00,-2.436176785629992736e+00,8.925781121054563449e-01,2.886994359591260384e+00,5.478216662150368899e-02,2.257777635181883180e-01,-3.145317514429440031e-04,-5.301623861513739266e-02,1.379725417787929301e-02,-3.704867324415516945e-04,-2.672455211072447077e-03,8.928824953687465316e-01
3.453999999999999915e+01,2.000000000000000000e+00,-2.437237184472064389e+00,8.928535232966947621e-01,2.887971145250463945e+00,5.477592073779862653e-02,2.251344439824236876e-01,-3.100598480064836173e-04,-5.302364420287121460e-02,1.374389493996951150e-02,-3.700699934346111551e-04,-2.663457009843379301e-03,8.902501895031742496e-01
3.456000000000000227e+01,2.000000000000000000e+00,-2.438297731341724006e+00,8.931278691074345799e-01,2.888944920398919702e+00,5.476976409747213309e-02,2.244836410296316420e-01,-3.056074611012357016e-04,-5.303104133315878627e-02,1.369071635866991356e-02,-3.696409970299720563e-04,-2.654389630960049019e-03,8.875880524302445229e-01
3.457999999999999829e+01,2.000000000000000000e+00,-2.439358426067376406e+00,8.934011531646121052e-01,2.889915654702957415e+00,5.476369630735874322e-02,2.238253961891165655e-01,-3.011748734081372910e-04,-5.303842976140484000e-02,1.363771981267920125e-02,-3.691997984905858398e-04,-2.645253559862587901e-03,8.848962786755302234e-01
3.460000000000000142e+01,2.000000000000000000e+00,-2.440419268472543646e+00,8.936733791226395551e-01,2.890883318032149152e+00,5.475771696868785010e-02,2.231597512711009923e-01,-2.967623627509719496e-04,-5.304580924411928661e-02,1.358490667098724049e-02,-3.687464530794043807e-04,-2.636049281991132819e-03,8.821750638421125279e-01
3.461999999999999744e+01,2.000000000000000000e+00,-2.441480258375887225e+00,8.939445506632107685e-01,2.891847880460058029e+00,5.475182567718094029e-02,2.224867483637754939e-01,-2.923702020946207362e-04,-5.305317953891727778e-02,1.353227829287510960e-02,-3.682810160593786328e-04,-2.626777282785813707e-03,8.794246045879191565e-01
3.464000000000000057e+01,2.000000000000000000e+00,-2.442541395591239173e+00,8.942146714951110242e-01,2.892809312264966515e+00,5.474602202314894639e-02,2.218064298303213111e-01,-2.879986595439805496e-04,-5.306054040451935877e-02,1.347983602791510624e-02,-3.678035426934606880e-04,-2.617438047686767438e-03,8.766450986030346337e-01
3.465999999999999659e+01,2.000000000000000000e+00,-2.443602679927606491e+00,8.944837453540168681e-01,2.893767583930590082e+00,5.474030559158912096e-02,2.211188383059062290e-01,-2.836479983435435666e-04,-5.306789160075115613e-02,1.342758121597066763e-02,-3.673140882446016085e-04,-2.608032062134123513e-03,8.738367445869915651e-01
3.467999999999999972e+01,2.000000000000000000e+00,-2.444664111189210676e+00,8.947517760023060429e-01,2.894722666146772649e+00,5.473467596228253490e-02,2.204240166946501156e-01,-2.793184768776413502e-04,-5.307523288854365529e-02,1.337551518719648502e-02,-3.668127079757529442e-04,-2.598559811568017068e-03,8.709997422260300493e-01
3.470000000000000284e+01,2.000000000000000000e+00,-2.445725689175504591e+00,8.950187672288638652e-01,2.895674529810169151e+00,5.472913270989118728e-02,2.197220081665650637e-01,-2.750103486713366603e-04,-5.308256402993312417e-02,1.332363926203843259e-02,-3.662994571498666787e-04,-2.589021781428584544e-03,8.681342921703529836e-01
3.471999999999999886e+01,2.000000000000000000e+00,-2.446787413681186685e+00,8.952847228488857168e-01,2.896623146024907225e+00,5.472367540405509434e-02,2.190128561544693597e-01,-2.707238623919711517e-04,-5.308988478806102307e-02,1.327195475123356741e-02,-3.657743910298938742e-04,-2.579418457155956308e-03,8.652405960113733752e-01
3.474000000000000199e+01,2.000000000000000000e+00,-2.447849284496232958e+00,8.955496467036845321e-01,2.897568486103237362e+00,5.471830360948949645e-02,2.182966043508765275e-01,-2.664592618513607217e-04,-5.309719492717410172e-02,1.322046295581014511e-02,-3.652375648787860806e-04,-2.569750324190265764e-03,8.623188562589675366e-01
3.475999999999999801e+01,2.000000000000000000e+00,-2.448911301405916063e+00,8.958135426604983964e-01,2.898510521566160847e+00,5.471301688608198877e-02,2.175732967048600586e-01,-2.622167860086355227e-04,-5.310449421262439934e-02,1.316916516708764757e-02,-3.646890339594951189e-04,-2.560017867971648483e-03,8.593692763187366079e-01
3.478000000000000114e+01,2.000000000000000000e+00,-2.449973464190823957e+00,8.960764146122928153e-01,2.899449224144046156e+00,5.470781478898936734e-02,2.168429774188948833e-01,-2.579966689737154813e-04,-5.311178241086912666e-02,1.311806266667670320e-02,-3.641288535349719970e-04,-2.550221573940234833e-03,8.563920604692868421e-01
3.479999999999999716e+01,2.000000000000000000e+00,-2.451035772626885212e+00,8.963382664775687569e-01,2.900384565777228474e+00,5.470269686873479448e-02,2.161056909456757769e-01,-2.537991400114270675e-04,-5.311905928947083244e-02,1.306715672647918054e-02,-3.635570788681685901e-04,-2.540361927536159518e-03,8.533874138395325382e-01
3.482000000000000028e+01,2.000000000000000000e+00,-2.452098226485396104e+00,8.965991022001698063e-01,2.901316518616589679e+00,5.469766267130452692e-02,2.153614819849152817e-01,-2.496244235462473306e-04,-5.312632461709732717e-02,1.301644860868813799e-02,-3.629737652220364481e-04,-2.530439414199558111e-03,8.503555423860356122e-01
3.484000000000000341e+01,2.000000000000000000e+00,-2.453160825533028611e+00,8.968589257490845457e-01,2.902245055024125886e+00,5.469271173824463705e-02,2.146103954801196201e-01,-2.454727391676764453e-04,-5.313357816352161367e-02,1.296593956578781688e-02,-3.623789678595269043e-04,-2.520454519370563147e-03,8.472966528703785860e-01
3.485999999999999943e+01,2.000000000000000000e+00,-2.454223569531866822e+00,8.971177411182543748e-01,2.903170147573495896e+00,5.468784360675775502e-02,2.138524766153448997e-01,-2.413443016362312905e-04,-5.314081969962200502e-02,1.291563084055366226e-02,-3.617727420435915085e-04,-2.510407728489305861e-03,8.442109528365855375e-01
3.488000000000000256e+01,2.000000000000000000e+00,-2.455286458239425151e+00,8.973755523263805545e-01,2.904091769050556326e+00,5.468305780979956093e-02,2.130877708119352509e-01,-2.372393208900615486e-04,-5.314804899738209687e-02,1.286552366605233158e-02,-3.611551430371819191e-04,-2.500299526995923560e-03,8.410986505885981179e-01
3.489999999999999858e+01,2.000000000000000000e+00,-2.456349491408661656e+00,8.976323634167263643e-01,2.905009892453878084e+00,5.467835387617505510e-02,2.123163237252415070e-01,-2.331580020521715221e-04,-5.315526582989067023e-02,1.281561926564164268e-02,-3.605262261032493067e-04,-2.490130400330544877e-03,8.379599551678078573e-01
3.492000000000000171e+01,2.000000000000000000e+00,-2.457412668788011789e+00,8.978881784569262559e-01,2.905924490995245968e+00,5.467373133063489071e-02,2.115381812413235918e-01,-2.291005454382608400e-04,-5.316246997134177477e-02,1.276591885297064660e-02,-3.598860465047454380e-04,-2.479900833933306251e-03,8.347950763306571931e-01
3.493999999999999773e+01,2.000000000000000000e+00,-2.458475990121409271e+00,8.981430015387916743e-01,2.906835538100148941e+00,5.466918969397151218e-02,2.107533894736343394e-01,-2.250671465651592792e-04,-5.316966119703483984e-02,1.271642363197958772e-02,-3.592346595046219172e-04,-2.469611313244342386e-03,8.316042245263062238e-01
3.496000000000000085e+01,2.000000000000000000e+00,-2.459539455148298082e+00,8.983968367781138831e-01,2.907743007408243763e+00,5.466472848311477312e-02,2.099619947596914893e-01,-2.210579961598674119e-04,-5.317683928337436916e-02,1.266713479689988639e-02,-3.585721203658301858e-04,-2.459262323703785818e-03,8.283876108743926103e-01
3.498000000000000398e+01,2.000000000000000000e+00,-2.460603063603664431e+00,8.986496883144726722e-01,2.908646872773813730e+00,5.466034721122794288e-02,2.091640436577298090e-01,-2.170732801691876274e-04,-5.318400400787028082e-02,1.261805353225417710e-02,-3.578984843513215771e-04,-2.448854350751766915e-03,8.251454471428574244e-01
3.500000000000000000e+01,2.000000000000000000e+00,-2.461666815218058524e+00,8.989015603110414032e-01,2.909547108266202109e+00,5.465604538780302613e-02,2.083595829433445290e-01,-2.131131797699503270e-04,-5.319115514913769216e-02,1.256918101285629460e-02,-3.572138067240478035e-04,-2.438387879828423851e-03,8.218779457258831300e-01
3.502000000000000313e+01,2.000000000000000000e+00,-2.462730709717607436e+00,8.991524569543914991e-01,2.910443688170238019e+00,5.465182251875605468e-02,2.075486596061180133e-01,-2.091778713798159660e-04,-5.319829248689693368e-02,1.252051840381125311e-02,-3.565181427469603067e-04,-2.427863396373886994e-03,8.185853196219146088e-01
3.503999999999999915e+01,2.000000000000000000e+00,-2.463794746824048421e+00,8.994023824543004864e-01,2.911336586986640551e+00,5.464767810652222668e-02,2.067313208462354390e-01,-2.052675266686638926e-04,-5.320541580197363229e-02,1.247206686051527402e-02,-3.558115476830105281e-04,-2.417281385828290181e-03,8.152677824117894323e-01
3.506000000000000227e+01,2.000000000000000000e+00,-2.464858926254747118e+00,8.996513410435572622e-01,2.912225779432411343e+00,5.464361165015082372e-02,2.059076140710886793e-01,-2.013823125705518837e-04,-5.321252487629875294e-02,1.242382752865579289e-02,-3.550940767951501261e-04,-2.406642333631768983e-03,8.119255482369756027e-01
3.507999999999999829e+01,2.000000000000000000e+00,-2.465923247722715761e+00,8.998993369777653628e-01,2.913111240441207617e+00,5.463962264539954511e-02,2.050775868918712497e-01,-1.975223912962439661e-04,-5.321961949290837657e-02,1.237580154421141256e-02,-3.543657853463305966e-04,-2.395946725224454635e-03,8.085588317779313083e-01
3.510000000000000142e+01,2.000000000000000000e+00,-2.466987710936638933e+00,9.001463745351521162e-01,2.913992945163705439e+00,5.463571058482908499e-02,2.042412871201614577e-01,-1.936879203463042441e-04,-5.322669943594393605e-02,1.232799003345195002e-02,-3.536267285995030557e-04,-2.385195046046480541e-03,8.051678482325778097e-01
3.511999999999999744e+01,2.000000000000000000e+00,-2.468052315600898439e+00,9.003924580163741309e-01,2.914870868967943895e+00,5.463187495789714049e-02,2.033987627644980312e-01,-1.898790525247470598e-04,-5.323376449065213289e-02,1.228039411293842600e-02,-3.528769618176198124e-04,-2.374387781537983574e-03,8.017528132949039987e-01
3.514000000000000057e+01,2.000000000000000000e+00,-2.469117061415584402e+00,9.006375917443188994e-01,2.915744987439652824e+00,5.462811525105206595e-02,2.025500620269472252e-01,-1.860959359532397427e-04,-5.324081444338483321e-02,1.223301488952302854e-02,-3.521165402636316035e-04,-2.363525417139091932e-03,7.983139431337017422e-01
3.515999999999999659e+01,2.000000000000000000e+00,-2.470181948076535683e+00,9.008817800639183915e-01,2.916615276382569455e+00,5.462443094782660352e-02,2.016952332996635178e-01,-1.823387140858561892e-04,-5.324784908159926888e-02,1.218585346034918929e-02,-3.513455192004904669e-04,-2.352608438289942924e-03,7.948514543714408909e-01
3.517999999999999972e+01,2.000000000000000000e+00,-2.471246975275343427e+00,9.011250273419468826e-01,2.917481711818737722e+00,5.462082152893091291e-02,2.008343251614429226e-01,-1.786075257243670408e-04,-5.325486819385789189e-02,1.213891091285150894e-02,-3.505639538911476815e-04,-2.341637330430669951e-03,7.913655640632840660e-01
3.520000000000000284e+01,2.000000000000000000e+00,-2.472312142699381710e+00,9.013673379668307728e-01,2.918344269988794260e+00,5.461728647234546929e-02,1.999673863742720825e-01,-1.749025050340689000e-04,-5.326187156982836735e-02,1.209218832475576939e-02,-3.497718995985546345e-04,-2.330612579001403815e-03,7.878564896762544345e-01
3.521999999999999886e+01,2.000000000000000000e+00,-2.473377450031832403e+00,9.016087163484552969e-01,2.919202927352236632e+00,5.461382525341374611e-02,1.990944658798716183e-01,-1.712237815601466489e-04,-5.326885900028369841e-02,1.204568676407898227e-02,-3.489694115856631471e-04,-2.319534669442280522e-03,7.843244490685512549e-01
3.524000000000000199e+01,2.000000000000000000e+00,-2.474442896951702497e+00,9.018491669179679038e-01,2.920057660587680015e+00,5.461043734493433582e-02,1.982156127962364789e-01,-1.675714802445564013e-04,-5.327583027710209446e-02,1.199940728912934386e-02,-3.481565451154244981e-04,-2.308404087193432607e-03,7.807696604690278486e-01
3.525999999999999801e+01,2.000000000000000000e+00,-2.475508483133844528e+00,9.020886941275845228e-01,2.920908446593099228e+00,5.460712221725283477e-02,1.973308764141736560e-01,-1.639457214434301188e-04,-5.328278519326699880e-02,1.195335094850623683e-02,-3.473333554507903459e-04,-2.297221317694993041e-03,7.771923424568337735e-01
3.528000000000000114e+01,2.000000000000000000e+00,-2.476574208248988107e+00,9.023273024503978279e-01,2.921755262486053439e+00,5.460387933835354063e-02,1.964403061938356787e-01,-1.603466209449942205e-04,-5.328972354286722057e-02,1.190751878110026842e-02,-3.464998978547120237e-04,-2.285986846387095227e-03,7.735927139412155373e-01
3.529999999999999716e+01,2.000000000000000000e+00,-2.477640071963750579e+00,9.025649963801803954e-01,2.922598085603901552e+00,5.460070817395044213e-02,1.955439517612564959e-01,-1.567742899879951649e-04,-5.329664512109675428e-02,1.186191181609322007e-02,-3.456562275901414066e-04,-2.274701158709876471e-03,7.699709941415052716e-01
3.532000000000000028e+01,2.000000000000000000e+00,-2.478706073940665444e+00,9.028017804311899708e-01,2.923436893503998046e+00,5.459760818757803530e-02,1.946418629048830840e-01,-1.532288352806261775e-04,-5.330354972425480758e-02,1.181653107295807005e-02,-3.448023999200295567e-04,-2.263364740103464105e-03,7.663274025672709433e-01
3.534000000000000341e+01,2.000000000000000000e+00,-2.479772213838202788e+00,9.030376591379781770e-01,2.924271663963879053e+00,5.459457884068189687e-02,1.937340895721099410e-01,-1.497103590199540398e-04,-5.331043714974593312e-02,1.177137756145900729e-02,-3.439384701073280783e-04,-2.251978076007996304e-03,7.626621589986574135e-01
3.535999999999999943e+01,2.000000000000000000e+00,-2.480838491310793703e+00,9.032726370551951156e-01,2.925102374981432440e+00,5.459161959270857067e-02,1.928206818658131927e-01,-1.462189589118296758e-04,-5.331730719607991054e-02,1.172645228165141058e-02,-3.430644934149888465e-04,-2.240541651863604301e-03,7.589754834669072414e-01
3.538000000000000256e+01,2.000000000000000000e+00,-2.481904906008848055e+00,9.035067187573930791e-01,2.925929004775055464e+00,5.458872990119516960e-02,1.919016900408883342e-01,-1.427547281912907228e-04,-5.332415966287173958e-02,1.168175622388185377e-02,-3.421805251059629235e-04,-2.229055953110421068e-03,7.552675962350778871e-01
3.539999999999999858e+01,2.000000000000000000e+00,-2.482971457578782015e+00,9.037399088388367030e-01,2.926751531783797766e+00,5.458590922185875549e-02,1.909771645007881935e-01,-1.393177556434358659e-04,-5.333099435084176498e-02,1.163729036878811268e-02,-3.412866204432020759e-04,-2.217521465188580874e-03,7.515387177789417672e-01
3.542000000000000171e+01,2.000000000000000000e+00,-2.484038145663036268e+00,9.039722119133046796e-01,2.927569934667491047e+00,5.458315700868494186e-02,1.900471557940673906e-01,-1.359081256247770609e-04,-5.333781106181554460e-02,1.159305568729917385e-02,-3.403828346896579623e-04,-2.205938673538219725e-03,7.477890687680960324e-01
3.543999999999999773e+01,2.000000000000000000e+00,-2.485104969900095107e+00,9.042036326138963576e-01,2.928384192306866751e+00,5.458047271401628153e-02,1.891117146109287106e-01,-1.325259180850523540e-04,-5.334460959872384944e-02,1.154905314063517721e-02,-3.394692231082816446e-04,-2.194308063599467555e-03,7.440188700472639693e-01
3.546000000000000085e+01,2.000000000000000000e+00,-2.486171929924517521e+00,9.044341755928407833e-01,2.929194283803659093e+00,5.457785578864025877e-02,1.881708917797759451e-01,-1.291712085895060740e-04,-5.335138976560276081e-02,1.150528368030751328e-02,-3.385458409620249981e-04,-2.182630120812458635e-03,7.402283426178059011e-01
3.548000000000000398e+01,2.000000000000000000e+00,-2.487239025366952738e+00,9.046638455212988594e-01,2.930000188480695655e+00,5.457530568187674708e-02,1.872247382637716173e-01,-1.258440683416176670e-04,-5.335815136759364252e-02,1.146174824811873640e-02,-3.376127435138393559e-04,-2.170905330617327669e-03,7.364177076194352578e-01
3.550000000000000000e+01,2.000000000000000000e+00,-2.488306255854162430e+00,9.048926470891690554e-01,2.930801885881975988e+00,5.457282184166489802e-02,1.862733051574027021e-01,-1.225445642062811258e-04,-5.336489421094306462e-02,1.141844777616260118e-02,-3.366699860266763223e-04,-2.159134178454207194e-03,7.325871863121513616e-01
3.552000000000000313e+01,2.000000000000000000e+00,-2.489373621009047355e+00,9.051205850048977819e-01,2.931599355772736892e+00,5.457040371464978723e-02,1.853166436830523678e-01,-1.192727587334283998e-04,-5.337161810300286580e-02,1.137538318682407984e-02,-3.357176237634873928e-04,-2.147317149763230612e-03,7.287370000583811569e-01
3.553999999999999915e+01,2.000000000000000000e+00,-2.490441120450664236e+00,9.053476639952798832e-01,2.932392578139503492e+00,5.456805074626848440e-02,1.843548051875804616e-01,-1.160287101820854021e-04,-5.337832285223019502e-02,1.133255539277933099e-02,-3.347557119872242260e-04,-2.135454729984533496e-03,7.248673703053427619e-01
3.556000000000000227e+01,2.000000000000000000e+00,-2.491508753794248854e+00,9.055738888052663471e-01,2.933181533190132306e+00,5.456576238083547109e-02,1.833878411389134322e-01,-1.128124725448595959e-04,-5.338500826818735889e-02,1.128996529699568575e-02,-3.337843059608378840e-04,-2.123547404558244912e-03,7.209785185676298447e-01
3.557999999999999829e+01,2.000000000000000000e+00,-2.492576520651240468e+00,9.057992641977717918e-01,2.933966201353837455e+00,5.456353806162796832e-02,1.824158031226426890e-01,-1.096240955728541481e-04,-5.339167416154203677e-02,1.124761379273171193e-02,-3.328034609472804587e-04,-2.111595658924503034e-03,7.170706664100180427e-01
3.560000000000000142e+01,2.000000000000000000e+00,-2.493644420629305358e+00,9.060237949534785118e-01,2.934746563281206644e+00,5.456137723097031350e-02,1.814387428386342038e-01,-1.064636248009955959e-04,-5.339832034406711420e-02,1.120550176353716024e-02,-3.318132322095030664e-04,-2.099599978523439096e-03,7.131440354305003115e-01
3.561999999999999744e+01,2.000000000000000000e+00,-2.494712453332349700e+00,9.062474858706414116e-01,2.935522599844208269e+00,5.455927933031804594e-02,1.804567120976496020e-01,-1.033311015737749348e-04,-5.340494662864067599e-02,1.116363008325295565e-02,-3.308136750104572572e-04,-2.087560848795185203e-03,7.091988472435519775e-01
3.564000000000000057e+01,2.000000000000000000e+00,-2.495780618360556868e+00,9.064703417648974915e-01,2.936294292136180317e+00,5.455724380034158300e-02,1.794697628179779958e-01,-1.002265630713965010e-04,-5.341155282924617970e-02,1.112199961601125983e-02,-3.298048446130948520e-04,-2.075478755179878225e-03,7.052353234636266066e-01
3.565999999999999659e+01,2.000000000000000000e+00,-2.496848915310394545e+00,9.066923674690675616e-01,2.937061621471813933e+00,5.455527008100916064e-02,1.784779470220803077e-01,-9.715004233632162619e-05,-5.341813876097230296e-02,1.108061121623541041e-02,-3.287867962803669671e-04,-2.063354183117648965e-03,7.012536856888831327e-01
3.567999999999999972e+01,2.000000000000000000e+00,-2.497917343774643584e+00,9.069135678329632855e-01,2.937824569387123663e+00,5.455335761166921899e-02,1.774813168332488589e-01,-9.410156830020942147e-05,-5.342470424001290186e-02,1.103946572863993142e-02,-3.277595852752253694e-04,-2.051187618048631693e-03,6.972541554851606760e-01
3.570000000000000284e+01,2.000000000000000000e+00,-2.498985903342425097e+00,9.071339477231963322e-01,2.938583117639403941e+00,5.455150583113260038e-02,1.764799244722778104e-01,-9.108116581124309024e-05,-5.343124908366723991e-02,1.099856398823057663e-02,-3.267232668606213919e-04,-2.038979545412959379e-03,6.932369543701772940e-01
3.571999999999999886e+01,2.000000000000000000e+00,-2.500054593599211117e+00,9.073535120229782036e-01,2.939337248207177566e+00,5.454971417775363735e-02,1.754738222541514792e-01,-8.808885566183672830e-05,-5.343777311033970356e-02,1.095790682030426191e-02,-3.256778962995068014e-04,-2.026730450650767595e-03,6.892023037979860822e-01
3.574000000000000199e+01,2.000000000000000000e+00,-2.501123414126854350e+00,9.075722656319307191e-01,2.940086943290133537e+00,5.454798208951119887e-02,1.744630625847446437e-01,-8.512465461671720368e-05,-5.344427613953998957e-02,1.091749504044911730e-02,-3.246235288548327143e-04,-2.014440819202186275e-03,6.851504251436584259e-01
3.575999999999999801e+01,2.000000000000000000e+00,-2.502192364503612598e+00,9.077902134658912825e-01,2.940832185309052438e+00,5.454630900408895949e-02,1.734476979575413635e-01,-8.218857544137557318e-05,-5.345075799188309801e-02,1.087732945454448000e-02,-3.235602197895511142e-04,-2.002111136507352725e-03,6.810815396882240469e-01
3.578000000000000114e+01,2.000000000000000000e+00,-2.503261444304163419e+00,9.080073604567161505e-01,2.941572956905720737e+00,5.454469435895491214e-02,1.724277809503696746e-01,-7.928062693087913168e-05,-5.345721848908920049e-02,1.083741085876087015e-02,-3.224880243666131173e-04,-1.989741888006397747e-03,6.769958686038548556e-01
3.579999999999999716e+01,2.000000000000000000e+00,-2.504330653099627213e+00,9.082237115520875870e-01,2.942309240942838411e+00,5.454313759144070045e-02,1.714033642221524101e-01,-7.640081393903993363e-05,-5.346365745398377195e-02,1.079774003955999602e-02,-3.214069978489704905e-04,-1.977333559139455611e-03,6.728936329392918303e-01
3.582000000000000028e+01,2.000000000000000000e+00,-2.505399990457599202e+00,9.084392717153225716e-01,2.943041020503912364e+00,5.454163813882008383e-02,1.703745005096775622e-01,-7.354913740793624934e-05,-5.347007471049761151e-02,1.075831777369479388e-02,-3.203171954995746211e-04,-1.964886635346660589e-03,6.687750536055293571e-01
3.584000000000000341e+01,2.000000000000000000e+00,-2.506469455942158753e+00,9.086540459251737367e-01,2.943768278893142742e+00,5.454019543838674322e-02,1.693412426243865454e-01,-7.072559439777370192e-05,-5.347647008366665511e-02,1.071914482820937077e-02,-3.192186725813770591e-04,-1.952401602068144348e-03,6.646403513617475944e-01
3.585999999999999943e+01,2.000000000000000000e+00,-2.507539049113896912e+00,9.088680391756377430e-01,2.944490999635296813e+00,5.453880892753179555e-02,1.683036434491811395e-01,-6.793017811708775163e-05,-5.348284339963216283e-02,1.068022196043903749e-02,-3.181114843573292460e-04,-1.939878944744042244e-03,6.604897468014966355e-01
3.588000000000000256e+01,2.000000000000000000e+00,-2.508608769529943938e+00,9.090812564757623226e-01,2.945209166475577511e+00,5.453747804382044068e-02,1.672617559352506666e-01,-6.516287795327552028e-05,-5.348919448564066342e-02,1.064154991801031028e-02,-3.169956860903828944e-04,-1.927319148814486812e-03,6.563234603391348010e-01
3.589999999999999858e+01,2.000000000000000000e+00,-2.509678616743979962e+00,9.092937028494489926e-01,2.945922763379476894e+00,5.453620222506807419e-02,1.662156330989193465e-01,-6.242367950345566803e-05,-5.349552317004391960e-02,1.060312943884089698e-02,-3.158713330434894458e-04,-1.914722699719612758e-03,6.521417121965235042e-01
3.592000000000000171e+01,2.000000000000000000e+00,-2.510748590306263406e+00,9.095053833352609862e-01,2.946631774532624704e+00,5.453498090941576865e-02,1.651653280185145789e-01,-5.971256460564485728e-05,-5.350182928229893498e-02,1.056496125113969183e-02,-3.147384804796001250e-04,-1.902090082899550666e-03,6.479447223899763575e-01
3.593999999999999773e+01,2.000000000000000000e+00,-2.511818689763660295e+00,9.097163029862297412e-01,2.947336184340626719e+00,5.453381353540526916e-02,1.641108938312568211e-01,-5.702951137025102034e-05,-5.350811265296806507e-02,1.052704607340681359e-02,-3.135971836616668613e-04,-1.889421783794437626e-03,6.437327107174654062e-01
3.596000000000000085e+01,2.000000000000000000e+00,-2.512888914659650030e+00,9.099264668696580571e-01,2.948035977428894228e+00,5.453269954205299669e-02,1.630523837301718348e-01,-5.437449421187144394e-05,-5.351437311371881611e-02,1.048938461443355008e-02,-3.124474978526409880e-04,-1.876718287844404654e-03,6.395058967460868216e-01
3.598000000000000398e+01,2.000000000000000000e+00,-2.513959264534360027e+00,9.101358800669280269e-01,2.948731138642463279e+00,5.453163836892378769e-02,1.619898509610248061e-01,-5.174748388139413876e-05,-5.352061049732396991e-02,1.045197757330239979e-02,-3.112894783154738381e-04,-1.863980080489585373e-03,6.352644997997819454e-01
3.600000000000000000e+01,2.000000000000000000e+00,-2.515029738924587921e+00,9.103445476733070807e-01,2.949421653045807279e+00,5.453062945620394675e-02,1.609233488192776118e-01,-4.914844749839279074e-05,-5.352682463766166021e-02,1.041482563938706321e-02,-3.101231803131172869e-04,-1.851207647170114269e-03,6.310087389473163499e-01
3.602000000000000313e+01,2.000000000000000000e+00,-2.516100337363813111e+00,9.105524747977521427e-01,2.950107505922641149e+00,5.452967224477330010e-02,1.598529306470712896e-01,-4.657734858381375572e-05,-5.353301536971517144e-02,1.037792949235243067e-02,-3.089486591085225590e-04,-1.838401473326124963e-03,6.267388329905243527e-01
3.603999999999999915e+01,2.000000000000000000e+00,-2.517171059382227405e+00,9.107596665627152310e-01,2.950788682775717930e+00,5.452876617627697153e-02,1.587786498302308502e-01,-4.403414709294300186e-05,-5.353918252957305668e-02,1.034128980215457891e-02,-3.077659699646411503e-04,-1.825562044397748256e-03,6.224550004528059954e-01
3.606000000000000227e+01,2.000000000000000000e+00,-2.518241904506761664e+00,9.109661281039540537e-01,2.951465169326613847e+00,5.452791069319648520e-02,1.577005597952956806e-01,-4.151879944865497179e-05,-5.354532595442924175e-02,1.030490722904081266e-02,-3.065751681444249359e-04,-1.812689845825122105e-03,6.181574595678868134e-01
3.607999999999999829e+01,2.000000000000000000e+00,-2.519312872261093350e+00,9.111718645703300590e-01,2.952136951515509367e+00,5.452710523891979993e-02,1.566187140065752881e-01,-3.903125857492845656e-05,-5.355144548258276155e-02,1.026878242354960398e-02,-3.053763089108251405e-04,-1.799785363048377529e-03,6.138464282688389506e-01
3.610000000000000142e+01,2.000000000000000000e+00,-2.520383962165681613e+00,9.113768811236208078e-01,2.952804015500962276e+00,5.452634925781117692e-02,1.555331659632303853e-01,-3.657147393063209717e-05,-5.355754095343798898e-02,1.023291602651063559e-02,-3.041694475267930973e-04,-1.786849081507646845e-03,6.095221241773595144e-01
3.611999999999999744e+01,2.000000000000000000e+00,-2.521455173737785938e+00,9.115811829383232423e-01,2.953466347659672309e+00,5.452564219528009681e-02,1.544439691963802597e-01,-3.413939154356662519e-05,-5.356361220750457952e-02,1.019730866904479047e-02,-3.029546392552807900e-04,-1.773881486643065410e-03,6.051847645933114972e-01
3.614000000000000057e+01,2.000000000000000000e+00,-2.522526506491481690e+00,9.117847752014586193e-01,2.954123934586236899e+00,5.452498349784945519e-02,1.533511772662370931e-01,-3.173495404476467591e-05,-5.356965908639738788e-02,1.016196097256414320e-02,-3.017319393592393347e-04,-1.760883063894765977e-03,6.008345664845232692e-01
3.615999999999999659e+01,2.000000000000000000e+00,-2.523597959937690760e+00,9.119876631123788879e-01,2.954776763092904712e+00,5.452437261322318901e-02,1.522548437592670945e-01,-2.935810070303399808e-05,-5.357568143283653744e-02,1.012687354877195474e-02,-3.005014031016204983e-04,-1.747854298702881948e-03,5.964717464768494182e-01
3.617999999999999972e+01,2.000000000000000000e+00,-2.524669533584204206e+00,9.121898518825760638e-01,2.955424820209316739e+00,5.452380899035327855e-02,1.511550222853787762e-01,-2.700876745974904763e-05,-5.358167909064746187e-02,1.009204699966271754e-02,-2.992630857453757766e-04,-1.734795676507549112e-03,5.920965208444874950e-01
3.620000000000000284e+01,2.000000000000000000e+00,-2.525741226935692474e+00,9.123913467354810569e-01,2.956068093182245615e+00,5.452329207950576406e-02,1.500517664751397362e-01,-2.468688696387239158e-05,-5.358765190476078716e-02,1.005748191752207747e-02,-2.980170425534562858e-04,-1.721707682748895886e-03,5.877091055005564391e-01
3.621999999999999886e+01,2.000000000000000000e+00,-2.526813039493742252e+00,9.125921529062758220e-01,2.956706569475323843e+00,5.452282133232638772e-02,1.489451299770219728e-01,-2.239238860721456527e-05,-5.359359972121242877e-02,1.002317888492691364e-02,-2.967633287888141180e-04,-1.708590802867060443e-03,5.833097159879355731e-01
3.624000000000000199e+01,2.000000000000000000e+00,-2.527884970756870686e+00,9.127922756416965155e-01,2.957340236768770225e+00,5.452239620190537511e-02,1.478351664546747601e-01,-2.012519855991207109e-05,-5.359952238714361245e-02,9.989138474745281118e-03,-2.955019997144003353e-04,-1.695445522302173151e-03,5.788985674703547302e-01
3.625999999999999801e+01,2.000000000000000000e+00,-2.528957020220546248e+00,9.129917201998384302e-01,2.957969082959106544e+00,5.452201614284134246e-02,1.467219295842290272e-01,-1.788523980613104369e-05,-5.360541975080070076e-02,9.955361250136445656e-03,-2.942331105931666503e-04,-1.682272326494368931e-03,5.744758747237523888e-01
3.628000000000000114e+01,2.000000000000000000e+00,-2.530029187377215383e+00,9.131904918499638146e-01,2.958593096158870672e+00,5.452168061130489851e-02,1.456054730516279927e-01,-1.567243217998033562e-05,-5.361129166153542208e-02,9.921847764550857651e-03,-2.929567166880645587e-04,-1.669071700883782271e-03,5.700418521278778350e-01
3.629999999999999716e+01,2.000000000000000000e+00,-2.531101471716324713e+00,9.133885958723078069e-01,2.959212264696322148e+00,5.452138906510116401e-02,1.444858505499903301e-01,-1.348669240163514156e-05,-5.361713796980477342e-02,9.888598561730181646e-03,-2.916728732620458816e-04,-1.655844130910546141e-03,5.655967136581576682e-01
3.632000000000000028e+01,2.000000000000000000e+00,-2.532173872724335695e+00,9.135860375578808146e-01,2.959826577115143742e+00,5.452114096373156249e-02,1.433631157770028641e-01,-1.132793411366467943e-05,-5.362295852717086087e-02,9.855614175707252955e-03,-2.903816355780614099e-04,-1.642590102014791775e-03,5.611406728778168818e-01
3.634000000000000341e+01,2.000000000000000000e+00,-2.533246389884755700e+00,9.137828222082786667e-01,2.960436022174135928e+00,5.452093576845533363e-02,1.422373224323427165e-01,-9.196067917553909902e-06,-5.362875318630125343e-02,9.822895130806136646e-03,-2.890830588990633441e-04,-1.629310099636655613e-03,5.566739429302474118e-01
3.635999999999999943e+01,2.000000000000000000e+00,-2.534319022678158007e+00,9.139789551354869923e-01,2.961040588846909127e+00,5.452077294234962401e-02,1.411085242151321473e-01,-7.091001410420269149e-06,-5.363452180096862226e-02,9.790441941642070295e-03,-2.877771984880026922e-04,-1.616004609216268456e-03,5.521967365316375886e-01
3.638000000000000256e+01,2.000000000000000000e+00,-2.535391770582197335e+00,9.141744416616842672e-01,2.961640266321565296e+00,5.452065195036947393e-02,1.399767748214230390e-01,-5.012639221915114019e-06,-5.364026422605097655e-02,9.758255113121500415e-03,-2.864641096078312751e-04,-1.602674116193766310e-03,5.477092659638476135e-01
3.639999999999999858e+01,2.000000000000000000e+00,-2.536464633071640939e+00,9.143692871190525207e-01,2.962235044000382178e+00,5.452057225940663832e-02,1.388421279417137166e-01,-2.960883051306098574e-06,-5.364598031753155249e-02,9.726335140442061641e-03,-2.851438475215005344e-04,-1.589319106009280192e-03,5.432117430675367231e-01
3.642000000000000171e+01,2.000000000000000000e+00,-2.537537609618389034e+00,9.145634968495800488e-01,2.962824911499486014e+00,5.452053333834797066e-02,1.377046372584970757e-01,-9.356317047379163713e-07,-5.365166993249889660e-02,9.694682509092611422e-03,-2.838164674919620742e-04,-1.575940064102947192e-03,5.387043792355408200e-01
3.643999999999999773e+01,2.000000000000000000e+00,-2.538610699691485895e+00,9.147570762048659043e-01,2.963409858648522910e+00,5.452053465813265498e-02,1.365643564438414059e-01,1.063218867342217173e-06,-5.365733292914669217e-02,9.663297694853158898e-03,-2.824820247821671734e-04,-1.562537475914897028e-03,5.341873854064977944e-01
3.646000000000000085e+01,2.000000000000000000e+00,-2.539683902757160272e+00,9.149500305459303817e-01,2.963989875490327996e+00,5.452057569180931290e-02,1.354213391570020519e-01,3.035775532587625701e-06,-5.366296916677404383e-02,9.632181163794956841e-03,-2.811405746550675448e-04,-1.549111826885264621e-03,5.296609720587148740e-01
3.648000000000000398e+01,2.000000000000000000e+00,-2.540757218278833385e+00,9.151423652430168421e-01,2.964564952280583476e+00,5.452065591459163973e-02,1.342756390420680179e-01,4.982147938999688777e-06,-5.366857850578521383e-02,9.601333372280425327e-03,-2.797921723736146839e-04,-1.535663602454183808e-03,5.251253492042893267e-01
3.650000000000000000e+01,2.000000000000000000e+00,-2.541830645717144233e+00,9.153340856753984234e-01,2.965135079487482006e+00,5.452077480391381847e-02,1.331273097256389093e-01,6.902448477018868253e-06,-5.367416080768971920e-02,9.570754766963195104e-03,-2.784368732007599782e-04,-1.522193288061788208e-03,5.205807263834643095e-01
3.652000000000000313e+01,2.000000000000000000e+00,-2.542904184529976241e+00,9.155251972311849729e-01,2.965700247791377198e+00,5.452093183948494154e-02,1.319764048145359026e-01,8.796792241467937755e-06,-5.367971593510235950e-02,9.540445784788091979e-03,-2.770747323994549234e-04,-1.508701369148209492e-03,5.160273126592289650e-01
3.653999999999999915e+01,2.000000000000000000e+00,-2.543977834172476804e+00,9.157157053071284247e-01,2.966260448084437229e+00,5.452112650334281496e-02,1.308229778935461607e-01,1.066529699334891889e-05,-5.368524375174327234e-02,9.510406852991143759e-03,-2.757058052326513947e-04,-1.495188331153585182e-03,5.114653166121606587e-01
3.656000000000000227e+01,2.000000000000000000e+00,-2.545051594097073266e+00,9.159056153084262908e-01,2.966815671470291349e+00,5.452135827990662459e-02,1.296670825232003332e-01,1.250808312150244619e-05,-5.369074412243766276e-02,9.480638389099555960e-03,-2.743301469633004541e-04,-1.481654659518043694e-03,5.068949463355025831e-01
3.657999999999999829e+01,2.000000000000000000e+00,-2.546125463753506679e+00,9.160949326485323674e-01,2.967365909263674606e+00,5.452162665602946351e-02,1.285087722375833352e-01,1.432527360413164104e-05,-5.369621691311619177e-02,9.451140800931758651e-03,-2.729478128543539228e-04,-1.468100839681721467e-03,5.023164094304791716e-01
3.660000000000000142e+01,2.000000000000000000e+00,-2.547199442588844231e+00,9.162836627489580055e-01,2.967911152990066803e+00,5.452193112104946476e-02,1.273481005421792656e-01,1.611699397019795410e-05,-5.370166199081467112e-02,9.421914486597357877e-03,-2.715588581687629712e-04,-1.454527357084751471e-03,4.977299130018451034e-01
3.661999999999999744e+01,2.000000000000000000e+00,-2.548273530047506785e+00,9.164718110390800421e-01,2.968451394385333231e+00,5.452227116684055241e-02,1.261851209117500761e-01,1.788337226069246756e-05,-5.370707922367418813e-02,9.392959834497172089e-03,-2.701633381694795288e-04,-1.440934697167267327e-03,4.931356636536677884e-01
3.664000000000000057e+01,2.000000000000000000e+00,-2.549347725571286638e+00,9.166593829559459561e-01,2.968986625395358736e+00,5.452264628786226974e-02,1.250198867882477416e-01,1.962453898978755914e-05,-5.371246848094110571e-02,9.364277223323200922e-03,-2.687613081194547117e-04,-1.427323345369401787e-03,4.885338674853380581e-01
3.665999999999999659e+01,2.000000000000000000e+00,-2.550422028599376834e+00,9.168463839440813556e-01,2.969516838175678686e+00,5.452305598120887192e-02,1.238524515787616381e-01,2.134062710587415561e-05,-5.371782963296706237e-02,9.335867022058666823e-03,-2.673528232816405580e-04,-1.413693787131290206e-03,4.839247300878132263e-01
3.667999999999999972e+01,2.000000000000000000e+00,-2.551496438568379155e+00,9.170328194552918033e-01,2.970042025091111704e+00,5.452349974665750970e-02,1.226828686534990609e-01,2.303177195249021204e-05,-5.372316255120886119e-02,9.307729589977952606e-03,-2.659379389189879669e-04,-1.400046507893063603e-03,4.793084565400823061e-01
3.670000000000000284e+01,2.000000000000000000e+00,-2.552570954912348977e+00,9.172186949484740781e-01,2.970562178715384860e+00,5.452397708671596899e-02,1.215111913438005342e-01,2.469811122914355756e-05,-5.372846710822871963e-02,9.279865276646676042e-03,-2.645167102944488680e-04,-1.386381993094857115e-03,4.746852514058576000e-01
3.671999999999999886e+01,2.000000000000000000e+00,-2.553645577062793048e+00,9.174040158894177788e-01,2.971077291830759304e+00,5.452448750666916838e-02,1.203374729401897603e-01,2.633978495203471675e-05,-5.373374317769400582e-02,9.252274421921629147e-03,-2.630891926709744860e-04,-1.372700728176803062e-03,4.700553187304881697e-01
3.674000000000000199e+01,2.000000000000000000e+00,-2.554720304448705015e+00,9.175887877506115897e-01,2.971587357427655895e+00,5.452503051462515710e-02,1.191617666904580680e-01,2.795693541468525630e-05,-5.373899063437732188e-02,9.224957355950798993e-03,-2.616554413115166960e-04,-1.359003198579035931e-03,4.654188620380938501e-01
3.675999999999999801e+01,2.000000000000000000e+00,-2.555795136496587627e+00,9.177730160110521007e-01,2.972092368704272847e+00,5.452560562156039820e-02,1.179841257977823493e-01,2.954970714847393723e-05,-5.374420935415663569e-02,9.197914399173393735e-03,-2.602155114790267228e-04,-1.345289889741688909e-03,4.607760843289119279e-01
3.678000000000000114e+01,2.000000000000000000e+00,-2.556870072630472279e+00,9.179567061560470753e-01,2.972592319066208688e+00,5.452621234136396933e-02,1.168046034188794241e-01,3.111824688308878386e-05,-5.374939921401510057e-02,9.171145862319797504e-03,-2.587694584364562248e-04,-1.331561287104895616e-03,4.561271880768656417e-01
3.679999999999999716e+01,2.000000000000000000e+00,-2.557945112271935439e+00,9.181398636770198296e-01,2.973087202126079021e+00,5.452685019088115287e-02,1.156232526621935597e-01,3.266270350689574377e-05,-5.375456009204108987e-02,9.144652046411592961e-03,-2.573173374467564809e-04,-1.317817876108788588e-03,4.514723752273404611e-01
3.682000000000000028e+01,2.000000000000000000e+00,-2.559020254840135511e+00,9.183224940713204942e-01,2.973577011703132822e+00,5.452751868995640849e-02,1.144401265861189759e-01,3.418322802723220907e-05,-5.375969186742839134e-02,9.118433242761573437e-03,-2.558592037728793121e-04,-1.304060142193502530e-03,4.468118471951704196e-01
3.684000000000000341e+01,2.000000000000000000e+00,-2.560095499751817716e+00,9.185046028420252862e-01,2.974061741822867866e+00,5.452821736147504122e-02,1.132552781972579886e-01,3.567997353062586001e-05,-5.376479442047589485e-02,9.092489732973716918e-03,-2.543951126777762141e-04,-1.290288570799171279e-03,4.421458048628372217e-01
3.685999999999999943e+01,2.000000000000000000e+00,-2.561170846421347846e+00,9.186861954977467715e-01,2.974541386716646141e+00,5.452894573140457807e-02,1.120687604487122235e-01,3.715309514294787014e-05,-5.376986763258777280e-02,9.066821788943198179e-03,-2.529251194243983575e-04,-1.276503647365925635e-03,4.374744485788669146e-01
3.688000000000000256e+01,2.000000000000000000e+00,-2.562246294260730917e+00,9.188672775524380221e-01,2.975015940821305271e+00,5.452970332883520788e-02,1.108806262384098296e-01,3.860274998950050384e-05,-5.377491138627355644e-02,9.041429672856402672e-03,-2.514492792756975090e-04,-1.262705857333902039e-03,4.327979781564351702e-01
3.689999999999999858e+01,2.000000000000000000e+00,-2.563321842679633811e+00,9.190478545251994369e-01,2.975485398778772161e+00,5.453048968601920815e-02,1.096909284074667063e-01,4.002909715504731199e-05,-5.377992556514793465e-02,9.016313637190900496e-03,-2.499676474946252729e-04,-1.248895686143232809e-03,4.281165928721695213e-01
3.692000000000000171e+01,2.000000000000000000e+00,-2.564397491085402603e+00,9.192279319400822324e-01,2.975949755435673083e+00,5.453130433840980285e-02,1.084997197385823009e-01,4.143229764378608188e-05,-5.378491005393086499e-02,8.991473924715460281e-03,-2.484802793441328195e-04,-1.235073619234050915e-03,4.234304914651494944e-01
3.693999999999999773e+01,2.000000000000000000e+00,-2.565473238883094975e+00,9.194075153258982613e-01,2.976409005842947764e+00,5.453214682469924302e-02,1.073070529544701696e-01,4.281251433927381789e-05,-5.378986473844764304e-02,8.966910768490061329e-03,-2.469872300871720785e-04,-1.221240142046490845e-03,4.187398721361012544e-01
3.696000000000000085e+01,2.000000000000000000e+00,-2.566549085475492209e+00,9.195866102160218380e-01,2.976863145255455478e+00,5.453301668685586051e-02,1.061129807163230243e-01,4.416991196430286527e-05,-5.379478950562875672e-02,8.942624391865858918e-03,-2.454885549866945454e-04,-1.207395740020686652e-03,4.140449325467847608e-01
3.698000000000000398e+01,2.000000000000000000e+00,-2.567625030263124497e+00,9.197652221481967816e-01,2.977312169131588693e+00,5.453391347016044860e-02,1.049175556223119893e-01,4.550465704073584114e-05,-5.379968424350992096e-02,8.918615008485219001e-03,-2.439843093056512282e-04,-1.193540898596769139e-03,4.093458698195689416e-01
3.700000000000000000e+01,2.000000000000000000e+00,-2.568701072644297589e+00,9.199433566643443472e-01,2.977756073132882708e+00,5.453483672324198339e-02,1.037208302061202875e-01,4.681691784930298416e-05,-5.380454884123218873e-02,8.894882822281707790e-03,-2.424745483069940021e-04,-1.179676103214873442e-03,4.046428805371941606e-01
3.702000000000000313e+01,2.000000000000000000e+00,-2.569777212015107892e+00,9.201210193103663837e-01,2.978194853123623531e+00,5.453578599811226280e-02,1.025228569355114833e-01,4.810686438936462018e-05,-5.380938318904184003e-02,8.871428027480077888e-03,-2.409593272536745255e-04,-1.165801839315134267e-03,3.999361607427183163e-01
3.703999999999999915e+01,2.000000000000000000e+00,-2.570853447769467781e+00,9.202982156359514887e-01,2.978628505170460627e+00,5.453676085019990710e-02,1.013236882109307957e-01,4.937466833864365633e-05,-5.381418717829037496e-02,8.848250808596285627e-03,-2.394387014086438333e-04,-1.151918592337682198e-03,3.952259059396411311e-01
3.706000000000000227e+01,2.000000000000000000e+00,-2.571929779299131802e+00,9.204749511943836060e-01,2.979057025542015236e+00,5.453776083838360322e-02,1.001233763641420360e-01,5.062050301293308431e-05,-5.381896070143464550e-02,8.825351340437487604e-03,-2.379127260348539634e-04,-1.138026847722653891e-03,3.905123110922112395e-01
3.707999999999999829e+01,2.000000000000000000e+00,-2.573006205993709550e+00,9.206512315423437398e-01,2.979480410708491789e+00,5.453878552502434973e-02,9.892197365689667232e-02,5.184454332578050537e-05,-5.382370365203668211e-02,8.802729788102032008e-03,-2.363814563952563032e-04,-1.124127090910181015e-03,3.857955706259020845e-01
3.710000000000000142e+01,2.000000000000000000e+00,-2.574082727240693647e+00,9.208270622397179972e-01,2.979898657341289780e+00,5.453983447599702883e-02,9.771953227963822708e-02,5.304696574815479985e-05,-5.382841592476377002e-02,8.780386306979463817e-03,-2.348449477528019688e-04,-1.110219807340396322e-03,3.810758784280658396e-01
3.711999999999999744e+01,2.000000000000000000e+00,-2.575159342425485054e+00,9.210024488494040762e-01,2.980311762312612522e+00,5.454090726072126361e-02,9.651610435023899592e-02,5.422794826809992176e-05,-5.383309741538852555e-02,8.758321042750528279e-03,-2.333032553704430796e-04,-1.096305482453436035e-03,3.763534278487518647e-01
3.714000000000000057e+01,2.000000000000000000e+00,-2.576236050931408172e+00,9.211773969371160886e-01,2.980719722695083451e+00,5.454200345219119977e-02,9.531174191277086427e-02,5.538767035037646229e-05,-5.383774802078875737e-02,8.736534131387172636e-03,-2.317564345111306975e-04,-1.082384601689431172e-03,3.716284117016930844e-01
3.715999999999999659e+01,2.000000000000000000e+00,-2.577312852139733490e+00,9.213519120711889387e-01,2.981122535761355774e+00,5.454312262700471842e-02,9.410649693630923629e-02,5.652631289609838852e-05,-5.384236763894753586e-02,8.715025699152528782e-03,-2.302045404378163184e-04,-1.068457650488514920e-03,3.669010222654560671e-01
3.717999999999999972e+01,2.000000000000000000e+00,-2.578389745429711333e+00,9.215259998223889193e-01,2.981520198983727887e+00,5.454426436539181605e-02,9.290042131377006240e-02,5.764405820236631958e-05,-5.384695616895326942e-02,8.693795862600946223e-03,-2.286476284134518987e-04,-1.054525114290824151e-03,3.621714512847508671e-01
3.720000000000000284e+01,2.000000000000000000e+00,-2.579466730178573641e+00,9.216996657637126500e-01,2.981912710033759240e+00,5.454542825124196470e-02,9.169356686077914653e-02,5.874108992190276780e-05,-5.385151351099951023e-02,8.672844728577943502e-03,-2.270857537009885005e-04,-1.040587478536487498e-03,3.574398899718951306e-01
3.721999999999999886e+01,2.000000000000000000e+00,-2.580543805761571718e+00,9.218729154701981177e-01,2.982300066781884418e+00,5.454661387213092377e-02,9.048598531457571759e-02,5.981759302268998201e-05,-5.385603956638511380e-02,8.652172394220258508e-03,-2.255189715633777010e-04,-1.026645228665641185e-03,3.527065290084397398e-01
3.724000000000000199e+01,2.000000000000000000e+00,-2.581620971551999322e+00,9.220457545187306092e-01,2.982682267297033007e+00,5.454782081934674010e-02,8.927772833294629617e-02,6.087375374761952739e-05,-5.386053423751427371e-02,8.631778946955825926e-03,-2.239473372635712397e-04,-1.012698850118419697e-03,3.479715585469356220e-01
3.725999999999999801e+01,2.000000000000000000e+00,-2.582698226921201101e+00,9.222181884878442037e-01,2.983059309846246343e+00,5.454904868791458222e-02,8.806884749319252026e-02,6.190975957415138580e-05,-5.386499742789633421e-02,8.611664464503766825e-03,-2.223709060645204228e-04,-9.987488283349544877e-04,3.432351682128567671e-01
3.728000000000000114e+01,2.000000000000000000e+00,-2.583775571238606350e+00,9.223902229575314804e-01,2.983431192894298700e+00,5.455029707662125554e-02,8.685939429113023746e-02,6.292579917398962428e-05,-5.386942904214593597e-02,8.591829014874399068e-03,-2.207897332291769356e-04,-9.847956487553804778e-04,3.384975471066639652e-01
3.729999999999999716e+01,2.000000000000000000e+00,-2.584853003871751653e+00,9.225618635090492292e-01,2.983797915103318932e+00,5.455156558803864186e-02,8.564942014012025262e-02,6.392206237277707080e-05,-5.387382898598302994e-02,8.572272656369259863e-03,-2.192038740204923283e-04,-9.708397968198311792e-04,3.337588838060105423e-01
3.732000000000000028e+01,2.000000000000000000e+00,-2.585930524186289770e+00,9.227331157247202764e-01,2.984159475332414768e+00,5.455285382854620918e-02,8.443897637013135504e-02,6.489874010981332077e-05,-5.387819716623271082e-02,8.552995437581050256e-03,-2.176133837014177441e-04,-9.568817579684376099e-04,3.290193663680895386e-01
3.734000000000000341e+01,2.000000000000000000e+00,-2.587008131546028267e+00,9.229039851877447465e-01,2.984515872637295342e+00,5.455416140835311206e-02,8.322811422683383531e-02,6.585602439779797835e-05,-5.388253349082540444e-02,8.533997397393688900e-03,-2.160183175349049769e-04,-9.429220176413355588e-04,3.242791823321137246e-01
3.735999999999999943e+01,2.000000000000000000e+00,-2.588085825312944621e+00,9.230744774820032195e-01,2.984867106269902148e+00,5.455548794151920261e-02,8.201688487072385236e-02,6.679410828260450613e-05,-5.388683786879686771e-02,8.515278564982298182e-03,-2.144187307839055226e-04,-9.289610612786578870e-04,3.195385187219275114e-01
3.738000000000000256e+01,2.000000000000000000e+00,-2.589163604847203981e+00,9.232445981918614430e-01,2.985213175678034236e+00,5.455683304597513245e-02,8.080533937627991381e-02,6.771318580308642468e-05,-5.389111021028797355e-02,8.496838959813179937e-03,-2.128146787113709582e-04,-9.149993743205389737e-04,3.147975620487528658e-01
3.739999999999999858e+01,2.000000000000000000e+00,-2.590241469507187588e+00,9.234143529019777086e-01,2.985554080504982721e+00,5.455819634354196201e-02,7.959352873114786120e-02,6.861345195092041565e-05,-5.389535042654491903e-02,8.478678591643841467e-03,-2.112062165802525084e-04,-9.010374422071104877e-04,3.100564983140551290e-01
3.742000000000000171e+01,2.000000000000000000e+00,-2.591319418649514095e+00,9.235837471971097834e-01,2.985889820589160415e+00,5.455957745994986785e-02,7.838150383535760768e-02,6.949510263048907957e-05,-5.389955842991922541e-02,8.460797460523000746e-03,-2.095933996535022110e-04,-8.870757503785085428e-04,3.053155130125371763e-01
3.743999999999999773e+01,2.000000000000000000e+00,-2.592397451629055549e+00,9.237527866619171801e-01,2.986220395963740781e+00,5.456097602485574655e-02,7.716931550056894962e-02,7.035833461880666869e-05,-5.390373413386753687e-02,8.443195556790539583e-03,-2.079762831940710468e-04,-8.731147842748636151e-04,3.005747911352509294e-01
3.746000000000000085e+01,2.000000000000000000e+00,-2.593475567798967596e+00,9.239214768807698652e-01,2.986545806856292451e+00,5.456239167186054118e-02,7.595701444934709057e-02,7.120334552549111528e-05,-5.390787745295183564e-02,8.425872861077567805e-03,-2.063549224649107014e-04,-8.591550293363104090e-04,2.958345171728259948e-01
3.748000000000000398e+01,2.000000000000000000e+00,-2.594553766510711235e+00,9.240898234375549691e-01,2.986866053688421285e+00,5.456382403852537422e-02,7.474465131446755839e-02,7.203033375278609582e-05,-5.391198830283939342e-02,8.408829344306383360e-03,-2.047293727289728059e-04,-8.451969710029827616e-04,2.910948751188126571e-01
3.750000000000000000e+01,2.000000000000000000e+00,-2.595632047114065699e+00,9.242578319154789446e-01,2.987181137075411552e+00,5.456527276638700741e-02,7.353227663824971061e-02,7.283949845563524538e-05,-5.391606660030270892e-02,8.392064967690480992e-03,-2.030996892492087477e-04,-8.312410947150147269e-04,2.863560484731343947e-01
3.752000000000000313e+01,2.000000000000000000e+00,-2.596710408957159544e+00,9.244255078968758310e-01,2.987491057825872431e+00,5.456673750097242037e-02,7.231994087191941090e-02,7.363103950181346872e-05,-5.392011226321950096e-02,8.375579682734547032e-03,-2.014659272885699413e-04,-8.172878859125376483e-04,2.816182202456493089e-01
3.753999999999999915e+01,2.000000000000000000e+00,-2.597788851386490183e+00,9.245928569630136318e-01,2.987795816941384075e+00,5.456821789181282717e-02,7.110769437499944723e-02,7.440515743211595812e-05,-5.392412521057279862e-02,8.359373431234475016e-03,-1.998281421100082348e-04,-8.033378300356870975e-04,2.768815729598143038e-01
3.756000000000000227e+01,2.000000000000000000e+00,-2.598867373746945209e+00,9.247598846938976935e-01,2.988095415616148554e+00,5.456971359245662428e-02,6.989558741472809422e-02,7.516205342061023039e-05,-5.392810536245086495e-02,8.343446145277348333e-03,-1.981863889764749612e-04,-7.893914125245965864e-04,2.721462886564506856e-01
3.757999999999999829e+01,2.000000000000000000e+00,-2.599945975381825924e+00,9.249265966680795259e-01,2.988389855236643911e+00,5.457122426048170022e-02,6.868367016550518123e-02,7.590192923495425964e-05,-5.393205264004724553e-02,8.327797747241452372e-03,-1.965407231509216977e-04,-7.754491188193988679e-04,2.674125488976079046e-01
3.760000000000000142e+01,2.000000000000000000e+00,-2.601024655632867777e+00,9.250929984624602920e-01,2.988679137381277329e+00,5.457274955750688467e-02,6.747199270836551355e-02,7.662498719678132906e-05,-5.393596696566070603e-02,8.312428149796265847e-03,-1.948911998962996148e-04,-7.615114343602259360e-04,2.626805347705218896e-01
3.761999999999999744e+01,2.000000000000000000e+00,-2.602103413840261670e+00,9.252590956520972965e-01,2.988963263820047178e+00,5.457428914920268992e-02,6.626060503047953576e-02,7.733143014215790377e-05,-5.393984826269532240e-02,8.297337255902467734e-03,-1.932378744755606148e-04,-7.475788445872139044e-04,2.579504268916669729e-01
3.764000000000000057e+01,2.000000000000000000e+00,-2.603182249342681054e+00,9.254248938100104738e-01,2.989242236514202400e+00,5.457584270530110859e-02,6.504955702467948853e-02,7.802146138211516163e-05,-5.394369645566036986e-02,8.282524958811933805e-03,-1.915808021516560036e-04,-7.336518349404938999e-04,2.532224054108921374e-01
3.765999999999999659e+01,2.000000000000000000e+00,-2.604261161477297915e+00,9.255903985069875439e-01,2.989516057615908107e+00,5.457740989960482153e-02,6.383889848901296016e-02,7.869528466325804452e-05,-5.394751147017044779e-02,8.267991142067738358e-03,-1.899200381875374669e-04,-7.197308908602013857e-04,2.484966500156473301e-01
3.767999999999999972e+01,2.000000000000000000e+00,-2.605340149579809417e+00,9.257556153113898345e-01,2.989784729467912960e+00,5.457899040999546203e-02,6.262867912632129330e-02,7.935310412845486582e-05,-5.395129323294536872e-02,8.253735679504149020e-03,-1.882556378461565003e-04,-7.058164977864699822e-04,2.437733399352884911e-01
3.770000000000000284e+01,2.000000000000000000e+00,-2.606419212984456557e+00,9.259205497889585468e-01,2.990048254603220546e+00,5.458058391844113066e-02,6.141894854384370023e-02,7.999512427761034728e-05,-5.395504167181020688e-02,8.239758435246635412e-03,-1.865876563904645454e-04,-6.919091411594314664e-04,2.390526539454632671e-01
3.771999999999999886e+01,2.000000000000000000e+00,-2.607498351024047700e+00,9.260852075026199115e-01,2.990306635744763408e+00,5.458219011100318152e-02,6.020975625284686467e-02,8.062154992852430782e-05,-5.395875671569531212e-02,8.226059263711862218e-03,-1.849161490834130438e-04,-6.780093064192201091e-04,2.343347703725740250e-01
3.774000000000000199e+01,2.000000000000000000e+00,-2.608577563029984336e+00,9.262495940122920102e-01,2.990559875805079759e+00,5.458380867784220353e-02,5.900115166827830243e-02,8.123258617784039537e-05,-5.396243829463628905e-02,8.212638009607687445e-03,-1.832411711879534098e-04,-6.641174790059683379e-04,2.296198670983108647e-01
3.775999999999999801e+01,2.000000000000000000e+00,-2.609656848332274848e+00,9.264137148746892647e-01,2.990807977885994173e+00,5.458543931322314136e-02,5.779318410844514614e-02,8.182843836208583742e-05,-5.396608633977398317e-02,8.199494507933174567e-03,-1.815627779670376000e-04,-6.502341443598122668e-04,2.249081215642588505e-01
3.778000000000000114e+01,2.000000000000000000e+00,-2.610736206259564263e+00,9.265775756431295918e-01,2.991050945278303175e+00,5.458708171551979182e-02,5.658590279471505807e-02,8.240931201880653367e-05,-5.396970078335454335e-02,8.186628583978578649e-03,-1.798810246836165139e-04,-6.363597879208816128e-04,2.201997107765652217e-01
3.779999999999999716e+01,2.000000000000000000e+00,-2.611815636139154240e+00,9.267411818673393364e-01,2.991288781461459934e+00,5.458873558721835662e-02,5.537935685124313612e-02,8.297541284779971326e-05,-5.397328155872933853e-02,8.174040053325355021e-03,-1.781959666006423249e-04,-6.224948951293140078e-04,2.154948113106806007e-01
3.782000000000000028e+01,2.000000000000000000e+00,-2.612895137297022163e+00,9.269045390932593165e-01,2.991521490103266956e+00,5.459040063492032885e-02,5.417359530471904661e-02,8.352694667244655550e-05,-5.397682860035499935e-02,8.161728721846157539e-03,-1.765076589810661220e-04,-6.086399514252403614e-04,2.107935993161493549e-01
3.784000000000000341e+01,2.000000000000000000e+00,-2.613974709057846901e+00,9.270676528628508661e-01,2.991749075059569662e+00,5.459207656934460251e-02,5.296866708413913716e-02,8.406411940114870418e-05,-5.398034184379342515e-02,8.149694385704831651e-03,-1.748161570878395096e-04,-5.947954422487953781e-04,2.060962505214672946e-01
3.785999999999999943e+01,2.000000000000000000e+00,-2.615054350745030121e+00,9.272305287139017693e-01,2.991971540373953964e+00,5.459376310532876309e-02,5.176462102059920661e-02,8.458713698887054594e-05,-5.398382122571177000e-02,8.137936831356419598e-03,-1.731215161839139019e-04,-5.809618530401096425e-04,2.014029402389871937e-01
3.788000000000000256e+01,2.000000000000000000e+00,-2.616134061680716716e+00,9.273931721798309713e-01,2.992188890277447832e+00,5.459545996182964267e-02,5.056150584711092272e-02,8.509620539878863478e-05,-5.398726668388245664e-02,8.126455835547170825e-03,-1.714237915322410659e-04,-5.671396692393211115e-04,1.967138433698833733e-01
3.789999999999999858e+01,2.000000000000000000e+00,-2.617213841185819678e+00,9.275555887894960660e-01,2.992401129188226427e+00,5.459716686192309099e-02,4.935937019843714829e-02,8.559153056405516117e-05,-5.399067815718315566e-02,8.115251165314526366e-03,-1.697230383957721450e-04,-5.533293762865596106e-04,1.920291344091551999e-01
3.792000000000000171e+01,2.000000000000000000e+00,-2.618293688580037859e+00,9.277177840669984521e-01,2.992608261711318995e+00,5.459888353280302475e-02,4.815826261095100536e-02,8.607331834967340569e-05,-5.399405558559680629e-02,8.104322577987122314e-03,-1.680193120374591769e-04,-5.395314596219615792e-04,1.873489874506864550e-01
3.793999999999999773e+01,2.000000000000000000e+00,-2.619373603181883947e+00,9.278797635314880443e-01,2.992810292638323766e+00,5.460060970577965134e-02,4.695823152251334121e-02,8.654177451449023223e-05,-5.399739891021160948e-02,8.093669821184795027e-03,-1.663126677202533322e-04,-5.257464046856585773e-04,1.826735761923394263e-01
3.796000000000000085e+01,2.000000000000000000e+00,-2.620453584308702233e+00,9.280415326969707612e-01,2.993007226947121069e+00,5.460234511627695686e-02,4.575932527237198955e-02,8.699710467330861602e-05,-5.400070807322099320e-02,8.083292632818574186e-03,-1.646031607071060795e-04,-5.119746969177842253e-04,1.780030739410945750e-01
3.798000000000000398e+01,2.000000000000000000e+00,-2.621533631276690812e+00,9.282030970721137919e-01,2.993199069801594447e+00,5.460408950382945881e-02,4.456159210107986379e-02,8.743951425912175127e-05,-5.400398301792365408e-02,8.073190741090691472e-03,-1.628908462609688875e-04,-4.982168217584710592e-04,1.733376536182238137e-01
3.800000000000000000e+01,2.000000000000000000e+00,-2.622613743400926456e+00,9.283644621600510849e-01,2.993385826551353102e+00,5.460584261207830636e-02,4.336508015043296499e-02,8.786920848547162533e-05,-5.400722368872362678e-02,8.063363864494577093e-03,-1.611757796447936585e-04,-4.844732646478558977e-04,1.686774877644998949e-01
3.801999999999999602e+01,2.000000000000000000e+00,-2.623693919995383705e+00,9.285256334581886151e-01,2.993567502731459662e+00,5.460760418876627054e-02,4.216983746342658351e-02,8.828639230893529824e-05,-5.401043003113007585e-02,8.053811711814852850e-03,-1.594580161215315088e-04,-4.707445110260691625e-04,1.640227485454339995e-01
3.803999999999999915e+01,2.000000000000000000e+00,-2.624774160372959297e+00,9.286866164580123151e-01,2.993744104062160183e+00,5.460937398573246365e-02,4.097591198423103376e-02,8.869127039174060892e-05,-5.401360199175751775e-02,8.044533982127340804e-03,-1.577376109541339612e-04,-4.570310463332444739e-04,1.593736077565456322e-01
3.806000000000000227e+01,2.000000000000000000e+00,-2.625854463845493481e+00,9.288474166448914549e-01,2.993915636448618578e+00,5.461115175890596252e-02,3.978335155818493035e-02,8.908404706451450645e-05,-5.401673951832570292e-02,8.035530364799061548e-03,-1.560146194055528639e-04,-4.433333560095171870e-04,1.547302368286559149e-01
3.807999999999999829e+01,2.000000000000000000e+00,-2.626934829723790443e+00,9.290080394978863509e-01,2.994082105980656383e+00,5.461293726829881401e-02,3.859220393180579078e-02,8.946492628916637797e-05,-5.401984255965962267e-02,8.026800539488232467e-03,-1.542890967387394686e-04,-4.296519254950193498e-04,1.500928068332021970e-01
3.810000000000000142e+01,2.000000000000000000e+00,-2.628015257317644071e+00,9.291684904895529673e-01,2.994243518932492965e+00,5.461473027799833985e-02,3.740251675281871385e-02,8.983411162190862314e-05,-5.402291106568955087e-02,8.018344176144266006e-03,-1.525610982166454067e-04,-4.159872402298854500e-04,1.454614884875755632e-01
3.812000000000000455e+01,2.000000000000000000e+00,-2.629095745935856154e+00,9.293287750857490703e-01,2.994399881762493720e+00,5.461653055615861563e-02,3.621433757020087185e-02,9.019180617641803926e-05,-5.402594498745100920e-02,8.010160935007771404e-03,-1.508306791022217402e-04,-4.023397856542455298e-04,1.408364521604719699e-01
3.814000000000000057e+01,2.000000000000000000e+00,-2.630176294886260813e+00,9.294888987454403839e-01,2.994551201112917838e+00,5.461833787499122822e-02,3.502771383424425206e-02,9.053821258713883036e-05,-5.402894427708478109e-02,8.002250466610563370e-03,-1.490978946584207239e-04,-3.887100472082381428e-04,1.362178678772643092e-01
3.815999999999999659e+01,2.000000000000000000e+00,-2.631256903475746700e+00,9.296488669205059674e-01,2.994697483809673599e+00,5.462015201075538784e-02,3.384269289663155433e-02,9.087353297273156340e-05,-5.403190888783690471e-02,7.994612411775644731e-03,-1.473628001481935281e-04,-3.750985103319949034e-04,1.316059053253758326e-01
3.817999999999999972e+01,2.000000000000000000e+00,-2.632337571010277433e+00,9.298086850555448146e-01,2.994838736862075024e+00,5.462197274374720746e-02,3.265932201053001888e-02,9.119796889966954895e-05,-5.403483877405867997e-02,7.987246401617218577e-03,-1.456254508344915404e-04,-3.615056604656481849e-04,1.270007338596710889e-01
3.820000000000000284e+01,2.000000000000000000e+00,-2.633418296794915126e+00,9.299683585876801217e-01,2.994974967462604276e+00,5.462379985828830914e-02,3.147764833069973539e-02,9.151172134598520758e-05,-5.403773389120667542e-02,7.980152057540684796e-03,-1.438859019802664731e-04,-3.479319830493324750e-04,1.224025225078511220e-01
3.821999999999999886e+01,2.000000000000000000e+00,-2.634499080133841709e+00,9.301278929463669964e-01,2.995106182986677190e+00,5.462563314271368098e-02,3.029771891361609029e-02,9.181499066516921395e-05,-5.404059419584270746e-02,7.973328991242643535e-03,-1.421442088484695511e-04,-3.343779635231797134e-04,1.178114399758496966e-01
3.824000000000000199e+01,2.000000000000000000e+00,-2.635579920330382908e+00,9.302872935531970588e-01,2.995232390992410121e+00,5.462747238935884708e-02,2.911958071760755926e-02,9.210797655022473604e-05,-5.404341964563386114e-02,7.966776804710890003e-03,-1.404004267020527309e-04,-3.208440873273264477e-04,1.132276546532348382e-01
3.825999999999999801e+01,2.000000000000000000e+00,-2.636660816687026454e+00,9.304465658217045965e-01,2.995353599220396124e+00,5.462931739454626040e-02,2.794328060300593428e-02,9.239087799787968323e-05,-5.404621019935244158e-02,7.960495090224414469e-03,-1.386546108039672100e-04,-3.073308399019032081e-04,1.086513346186030599e-01
3.828000000000000114e+01,2.000000000000000000e+00,-2.637741768505448281e+00,9.306057151571722752e-01,2.995469815593480689e+00,5.463116795857110575e-02,2.676886533231171567e-02,9.266389327295806110e-05,-5.404896581687608503e-02,7.954483430353410933e-03,-1.369068164171645928e-04,-2.938387066870454581e-04,1.040826476449760729e-01
3.829999999999999716e+01,2.000000000000000000e+00,-2.638822775086532957e+00,9.307647469564372944e-01,2.995581048216541920e+00,5.463302388568620077e-02,2.559638157037103998e-02,9.292721987291536600e-05,-5.405168645918762699e-02,7.948741397959261518e-03,-1.351570988045962393e-04,-2.803681731228844327e-04,9.952176120518495261e-02
3.832000000000000028e+01,2.000000000000000000e+00,-2.639903835730394999e+00,9.309236666076970979e-01,2.995687305376277365e+00,5.463488498408634181e-02,2.442587588456660019e-02,9.318105449253738244e-05,-5.405437208837518548e-02,7.943268556194555546e-03,-1.334055132292138351e-04,-2.669197246495552699e-04,9.496884247725040362e-02
3.834000000000000341e+01,2.000000000000000000e+00,-2.640984949736401965e+00,9.310824794903145296e-01,2.995788595540989530e+00,5.463675106589193503e-02,2.325739474501964388e-02,9.342559298880761458e-05,-5.405702266763212638e-02,7.938064458503073934e-03,-1.316521149539689301e-04,-2.534938467071921322e-04,9.042405834974680257e-02
3.835999999999999943e+01,2.000000000000000000e+00,-2.642066116403195775e+00,9.312411909746246552e-01,2.995884927360381145e+00,5.463862194713182963e-02,2.209098452480419417e-02,9.366103034594450377e-05,-5.405963816125709115e-02,7.933128648619792653e-03,-1.298969592418128304e-04,-2.400910247359260919e-04,8.588757542715370896e-02
3.838000000000000256e+01,2.000000000000000000e+00,-2.643147335028716682e+00,9.313998064217403616e-01,2.995976309665350001e+00,5.464049744772557504e-02,2.092669150017335486e-02,9.388756064061015336e-05,-5.406221853465398297e-02,7.928460660570894880e-03,-1.281401013556971943e-04,-2.267117441758922057e-04,8.135956003519348445e-02
3.839999999999999858e+01,2.000000000000000000e+00,-2.644228604910223712e+00,9.315583311833572910e-01,2.996062751467789553e+00,5.464237739146482475e-02,1.976456185079571853e-02,9.410537700729496523e-05,-5.406476375433191817e-02,7.924060018673750178e-03,-1.263815965585736532e-04,-2.133564904672249885e-04,7.684017822614636062e-02
3.842000000000000171e+01,2.000000000000000000e+00,-2.645309925344316415e+00,9.317167706015612172e-01,2.996144261960393074e+00,5.464426160599427512e-02,1.860464166000258199e-02,9.431467160387902848e-05,-5.406727378790533028e-02,7.919926237536928371e-03,-1.246215001133936214e-04,-2.000257490500569220e-04,7.232959578414493995e-02
3.843999999999999773e+01,2.000000000000000000e+00,-2.646391295626957074e+00,9.318751300086319800e-01,2.996220850516460921e+00,5.464614992279172301e-02,1.744697691504572962e-02,9.451563557737303835e-05,-5.406974860409388683e-02,7.916058822060201283e-03,-1.228598672831084321e-04,-1.867200053645201628e-04,6.782797823044646457e-02
3.846000000000000085e+01,2.000000000000000000e+00,-2.647472715053496017e+00,9.320334147268514169e-01,2.996292526689710911e+00,5.464804217714747114e-02,1.629161350736517411e-02,9.470845902984168646e-05,-5.407218817272250316e-02,7.912457267434535799e-03,-1.210967533306697572e-04,-1.734397448507493612e-04,6.333549082867966085e-02
3.848000000000000398e+01,2.000000000000000000e+00,-2.648554182918688493e+00,9.321916300683071865e-01,2.996359300214097132e+00,5.464993820814317838e-02,1.513859723286571299e-02,9.489333098451136535e-05,-5.407459246472138409e-02,7.909121059142092125e-03,-1.193322135190290790e-04,-1.601854529488783813e-04,5.885229859006097658e-02
3.850000000000000000e+01,2.000000000000000000e+00,-2.649635698516720428e+00,9.323497813347000340e-01,2.996421181003624756e+00,5.465183785862985644e-02,1.398797379220303658e-02,9.507043935206515542e-05,-5.407696145212595451e-02,7.906049672956234203e-03,-1.175663031111380828e-04,-1.469576150990411145e-04,5.437856627858216746e-02
3.851999999999999602e+01,2.000000000000000000e+00,-2.650717261141230185e+00,9.325078738171487247e-01,2.996478179152175958e+00,5.465374097520537405e-02,1.283978879107810188e-02,9.523997089712688316e-05,-5.407929510807694268e-02,7.903242574941517565e-03,-1.157990773699479664e-04,-1.337567167413689854e-04,4.991445841616391765e-02
3.853999999999999915e+01,2.000000000000000000e+00,-2.651798870085328108e+00,9.326659127959966433e-01,2.996530304933333611e+00,5.465564740819110062e-02,1.169408774054073001e-02,9.540211120493724583e-05,-5.408159340682028304e-02,7.900699221453696269e-03,-1.140305915584105100e-04,-1.205832433159975252e-04,4.546013928777806190e-02
3.856000000000000227e+01,2.000000000000000000e+00,-2.652880524641623161e+00,9.328239035406168389e-01,2.996577568800214753e+00,5.465755701160807806e-02,1.055091605729982333e-02,9.555704464822429287e-05,-5.408385632370722035e-02,7.898419059139728110e-03,-1.122609009394769656e-04,-1.074376802630588364e-04,4.101577294652788280e-02
3.857999999999999829e+01,2.000000000000000000e+00,-2.653962224102240253e+00,9.329818513092184018e-01,2.996619981385300502e+00,5.465946964315240159e-02,9.410319064042323850e-03,9.570495435427071721e-05,-5.408608383519424023e-02,7.896401524937757266e-03,-1.104900607760991811e-04,-9.432051302268736569e-05,3.658152321869400508e-02
3.860000000000000142e+01,2.000000000000000000e+00,-2.655043967758845547e+00,9.331397613486521747e-01,2.996657553500275739e+00,5.466138516416995524e-02,8.272341989758555392e-03,9.584602217217966388e-05,-5.408827591884305536e-02,7.894646046077135118e-03,-1.087181263312283000e-04,-8.123222703501574416e-05,3.215755370873597807e-02
3.862000000000000455e+01,2.000000000000000000e+00,-2.656125754902666447e+00,9.332976388942162416e-01,2.996690296135870124e+00,5.466330343963059224e-02,7.137029970074878528e-03,9.598042864034342001e-05,-5.409043255332070255e-02,7.893152040078406373e-03,-1.069451528678159536e-04,-6.817330774017658912e-05,2.774402780425265502e-02
3.864000000000000057e+01,2.000000000000000000e+00,-2.657207584824515578e+00,9.334554891694618606e-01,2.996718220461701332e+00,5.466522433810151044e-02,6.004428047593104827e-03,9.610835295411459319e-05,-5.409255371839939708e-02,7.891918914753307326e-03,-1.051711956488139764e-04,-5.514424057830705125e-05,2.334110868089850355e-02
3.865999999999999659e+01,2.000000000000000000e+00,-2.658289456814811658e+00,9.336133173860002854e-01,2.996741337826122731e+00,5.466714773172016290e-02,4.874581172234705023e-03,9.622997293368530745e-05,-5.409463939495669227e-02,7.890946068204784947e-03,-1.033963099371736067e-04,-4.214551098953795219e-05,1.894895930724762104e-02
3.867999999999999972e+01,2.000000000000000000e+00,-2.659371370163603032e+00,9.337711287433066998e-01,2.996759659756077721e+00,5.466907349616637046e-02,3.747534201592577548e-03,9.634546499217426800e-05,-5.409668956497535458e-02,7.890232888826972588e-03,-1.016205509958463944e-04,-2.917760441400314936e-05,1.456774244961569001e-02
3.870000000000000284e+01,2.000000000000000000e+00,-2.660453324160587663e+00,9.339289284285278159e-01,2.996773197956950074e+00,5.467100151063387925e-02,2.623331901287071898e-03,9.645500410392570615e-05,-5.409870421154342607e-02,7.889778755305202132e-03,-9.984397408778368629e-05,-1.624100629183494163e-05,1.019762067682632688e-02
3.871999999999999886e+01,2.000000000000000000e+00,-2.661535318095136216e+00,9.340867216162866971e-01,2.996781964312426272e+00,5.467293165780125197e-02,1.502018945327931532e-03,9.655876377302204756e-05,-5.410068331885418275e-02,7.889583036616009196e-03,-9.806663447593723555e-05,-3.336202063168675489e-06,5.838756364927871409e-03
3.874000000000000199e+01,2.000000000000000000e+00,-2.662617351256315601e+00,9.342445134684888020e-01,2.996785970884354722e+00,5.467486382380219723e-02,3.836399164801076425e-04,9.665691600201306859e-05,-5.410262687220618316e-02,7.889645092027119250e-03,-9.628858742325842953e-05,9.536322831863297664e-06,1.491311701852011994e-03
3.875999999999999801e+01,2.000000000000000000e+00,-2.663699422932907179e+00,9.344023091341276954e-01,2.996785229912611648e+00,5.467679789819521186e-02,-7.317606933649401435e-04,9.674963126086356003e-05,-5.410453485800326145e-02,7.889964271097458029e-03,-9.450988819269887239e-05,2.237608295312623442e-05,-2.844551307979940880e-03
3.878000000000000114e+01,2.000000000000000000e+00,-2.664781532413434739e+00,9.345601137490915367e-01,2.996779753814969194e+00,5.467873377393257101e-02,-1.844138482814670129e-03,9.683707845612261531e-05,-5.410640726375446491e-02,7.890539913677149797e-03,-9.273059204721003279e-05,3.518259286048785117e-05,-7.168670839112272972e-03
3.879999999999999716e+01,2.000000000000000000e+00,-2.665863678986180485e+00,9.347179324359677910e-01,2.996769555186967082e+00,5.468067134732880474e-02,-2.953449140596375172e-03,9.691942490031622370e-05,-5.410824407807413028e-02,7.891371349907517346e-03,-9.095075424974325741e-05,4.795536711381546616e-05,-1.148088524056725505e-02
3.882000000000000028e+01,2.000000000000000000e+00,-2.666945861939212570e+00,9.348757703038504951e-01,2.996754646801786492e+00,5.468261051802853628e-02,-4.059648445174503933e-03,9.699683628156639402e-05,-5.411004529068186297e-02,7.892457900221076794e-03,-8.917043006325046212e-05,6.069392027297284691e-05,-1.578103303141874594e-02
3.884000000000000341e+01,2.000000000000000000e+00,-2.668028080560401971e+00,9.350336324481443029e-01,2.996735041610129269e+00,5.468455118897359163e-02,-5.162692264365829550e-03,9.706947663343889587e-05,-5.411181089240249542e-02,7.893798875341541052e-03,-8.738967475068261414e-05,7.339776689782950381e-05,-2.006895289643308156e-02
3.885999999999999943e+01,2.000000000000000000e+00,-2.669110334137448692e+00,9.351915239503717503e-01,2.996710752740096684e+00,5.468649326636970676e-02,-6.262536554949880291e-03,9.713750830502247810e-05,-5.411354087516612871e-02,7.895393576283825030e-03,-8.560854357499175131e-05,8.606642154824975662e-05,-2.434448368176762509e-02
3.888000000000000256e+01,2.000000000000000000e+00,-2.670192621957902190e+00,9.353494498779786337e-01,2.996681793497076640e+00,5.468843665965253398e-02,-7.359137362278484092e-03,9.720109193124096031e-05,-5.411523523200815339e-02,7.897241294354040431e-03,-8.382709179912892217e-05,9.869939878410247201e-05,-2.860746439074247569e-02
3.889999999999999858e+01,2.000000000000000000e+00,-2.671274943309183580e+00,9.355074152841396096e-01,2.996648177363627319e+00,5.469038128145298910e-02,-8.452450819881251673e-03,9.726038640340258846e-05,-5.411689395706918010e-02,7.899341311149492284e-03,-8.204537468604611034e-05,1.112962131652511566e-04,-3.285773417967328275e-02
3.892000000000000171e+01,2.000000000000000000e+00,-2.672357297478607840e+00,9.356654252075642386e-01,2.996609917999369710e+00,5.469232704756216840e-02,-9.542433149070552248e-03,9.731554883998741348e-05,-5.411851704559510201e-02,7.901692898558684147e-03,-8.026344749869460831e-05,1.238563792515634098e-04,-3.709513235377949469e-02
3.893999999999999773e+01,2.000000000000000000e+00,-2.673439683753406015e+00,9.358234846723025857e-01,2.996567029240878366e+00,5.469427387689553000e-02,-1.062904065854349857e-02,9.736673455767647415e-05,-5.412010449393704625e-02,7.904295318761321576e-03,-7.848136550002584406e-05,1.363794116029069532e-04,-4.131949836315881169e-02
3.896000000000000085e+01,2.000000000000000000e+00,-2.674522101420746978e+00,9.359815986875519300e-01,2.996519525101579262e+00,5.469622169145666596e-02,-1.171222974398253291e-02,9.741409704262397667e-05,-5.412165629955144330e-02,7.907147824228299982e-03,-7.669918395299127269e-05,1.488648247791482613e-04,-4.553067179883420884e-02
3.898000000000000398e+01,2.000000000000000000e+00,-2.675604549767760520e+00,9.361397722474609218e-01,2.996467419771645879e+00,5.469817041630029020e-02,-1.279195688765477276e-02,9.745778792197682153e-05,-5.412317246099993678e-02,7.910249657721718508e-03,-7.491695812054267455e-05,1.613121333401522231e-04,-4.972849238887481343e-02
3.900000000000000000e+01,2.000000000000000000e+00,-2.676687028081556896e+00,9.362980103309368474e-01,2.996410727617903280e+00,5.470011997949487254e-02,-1.386817865801056107e-02,9.749795693564218221e-05,-5.412465297794945285e-02,7.913600052294869625e-03,-7.313474326563150474e-05,1.737208518457859503e-04,-5.391279999459248906e-02
3.901999999999999602e+01,2.000000000000000000e+00,-2.677769535649253019e+00,9.364563179014510075e-01,2.996349463183729522e+00,5.470207031208455112e-02,-1.494085170928063401e-02,9.753475190830691692e-05,-5.412609785117217243e-02,7.917198231292247798e-03,-7.135259465120916415e-05,1.860904948559159581e-04,-5.808343460681223563e-02
3.903999999999999915e+01,2.000000000000000000e+00,-2.678852071757991116e+00,9.366146999068443169e-01,2.996283641188964175e+00,5.470402134805057298e-02,-1.600993278107306489e-02,9.756831872171117164e-05,-5.412750708254551735e-02,7.921043408349537351e-03,-6.957056754022694525e-05,1.984205769304110657e-04,-6.224023634222133894e-02
3.906000000000000227e+01,2.000000000000000000e+00,-2.679934635694961820e+00,9.367731612791336815e-01,2.996213276529815950e+00,5.470597302427219338e-02,-1.707537869796883767e-02,9.759880128717801737e-05,-5.412888067505221279e-02,7.925134787393626340e-03,-6.778871719563688589e-05,2.107106126291340750e-04,-6.638304543979295369e-02
3.907999999999999829e+01,2.000000000000000000e+00,-2.681017226747427706e+00,9.369317069343170434e-01,2.996138384278775213e+00,5.470792528048695064e-02,-1.813714636911902336e-02,9.762634151840267262e-05,-5.413021863278020401e-02,7.929471562642596144e-03,-6.600709888039006169e-05,2.229601165119539678e-04,-7.051170225729617991e-02
3.910000000000000142e+01,2.000000000000000000e+00,-2.682099844202742389e+00,9.370903417721796469e-01,2.996058979684529167e+00,5.470987805925042746e-02,-1.919519278784001873e-02,9.765107930450384521e-05,-5.413152096092271881e-02,7.934052918605730143e-03,-6.422576785743829366e-05,2.351686031387359313e-04,-7.462604726787898379e-02
3.912000000000000455e+01,2.000000000000000000e+00,-2.683182487348375833e+00,9.372490706761000823e-01,2.995975078171876138e+00,5.471183130589554050e-02,-2.024947503121039827e-02,9.767315248333839975e-05,-5.413278766577820506e-02,7.938878030083505039e-03,-6.244477938973277942e-05,2.473355870693482697e-04,-7.872592105673803520e-02
3.914000000000000057e+01,2.000000000000000000e+00,-2.684265155471933895e+00,9.374078985128558861e-01,2.995886695341646089e+00,5.471378496849124001e-02,-2.129995025966697694e-02,9.769269681508406696e-05,-5.413401875475042091e-02,7.943946062167596064e-03,-6.066418874022532642e-05,2.594605828636550589e-04,-8.281116431786662846e-02
3.915999999999999659e+01,2.000000000000000000e+00,-2.685347847861183190e+00,9.375668301324289189e-01,2.995793846970622010e+00,5.471573899780068917e-02,-2.234657571660272207e-02,9.770984595609146883e-05,-5.413521423634835850e-02,7.949256170240873512e-03,-5.888405117186741009e-05,2.715431050815238982e-04,-8.688161785089083822e-02
3.917999999999999972e+01,2.000000000000000000e+00,-2.686430563804069305e+00,9.377258703678121865e-01,2.995696549011462650e+00,5.471769334723888129e-02,-2.338930872796450219e-02,9.772473143300803460e-05,-5.413637412018626471e-02,7.954807499977411406e-03,-5.710442194761035676e-05,2.835826682828221433e-04,-9.093712255798656885e-02
3.920000000000000284e+01,2.000000000000000000e+00,-2.687513302588743436e+00,9.378850240348143297e-01,2.995594817592628356e+00,5.471964797282987542e-02,-2.442810670185171368e-02,9.773748261717723628e-05,-5.413749841698364818e-02,7.960599187342475361e-03,-5.532535633040580451e-05,2.955787870274151981e-04,-9.497751944088173026e-02
3.921999999999999886e+01,2.000000000000000000e+00,-2.688596063503581046e+00,9.380442959318672225e-01,2.995488669018308237e+00,5.472160283316338664e-02,-2.546292712811684331e-02,9.774822669931540703e-05,-5.413858713856528615e-02,7.966630358592529521e-03,-5.354690958320521520e-05,3.075309758751709061e-04,-9.900264959794763397e-02
3.924000000000000199e+01,2.000000000000000000e+00,-2.689678845837203625e+00,9.382036908398297959e-01,2.995378119768351777e+00,5.472355788935089754e-02,-2.649372757796614880e-02,9.775708866446837866e-05,-5.413964029786119680e-02,7.972900130275236558e-03,-5.176913696896011169e-05,3.194387493859545627e-04,-1.030123542213731702e-01
3.925999999999999801e+01,2.000000000000000000e+00,-2.690761648878506218e+00,9.383632135217955250e-01,2.995263186498197783e+00,5.472551310498138116e-02,-2.752046570356258062e-02,9.776419126725148880e-05,-5.414065790890668084e-02,7.979407609229454204e-03,-4.999209375062213881e-05,3.313016221196320057e-04,-1.070064745944297319e-01
3.928000000000000114e+01,2.000000000000000000e+00,-2.691844471916672532e+00,9.385228687228970301e-01,2.995143886038811321e+00,5.472746844607632999e-02,-2.854309923763006726e-02,9.776965500737501793e-05,-5.414163998684226597e-02,7.986151892585238721e-03,-4.821583519114266357e-05,3.431191086360710243e-04,-1.109848520888239154e-01
3.929999999999999716e+01,2.000000000000000000e+00,-2.692927314241200687e+00,9.386826611701131196e-01,2.995020235396615771e+00,5.472942388104456990e-02,-2.956158599305906340e-02,9.777359810545778018e-05,-5.414258654791380410e-02,7.993132067763846632e-03,-4.644041655347302586e-05,3.548907234951396246e-04,-1.149473281621377213e-01
3.932000000000000028e+01,2.000000000000000000e+00,-2.694010175141925423e+00,9.388425955720733906e-01,2.994892251753432433e+00,5.473137938063624836e-02,-3.057588386251385709e-02,9.777613647913182247e-05,-5.414349760947231860e-02,8.000347212477729522e-03,-4.466589310056502638e-05,3.666159812567019636e-04,-1.188937443553582524e-01
3.934000000000000341e+01,2.000000000000000000e+00,-2.695093053909038971e+00,9.390026766188647178e-01,2.994759952466419684e+00,5.473333491789669769e-02,-3.158595081804240617e-02,9.777738371944087465e-05,-5.414437318997414317e-02,8.007796394730532299e-03,-4.289232009537023542e-05,3.782943964806241501e-04,-1.228239422905000044e-01
3.935999999999999943e+01,2.000000000000000000e+00,-2.696175949833113705e+00,9.391629089818369636e-01,2.994623355068011694e+00,5.473529046811959758e-02,-3.259174491068774632e-02,9.777745106753530182e-05,-5.414521330898086626e-02,8.015478672817100136e-03,-4.111975280083997254e-05,3.899254837267742985e-04,-1.267377636683163500e-01
3.938000000000000256e+01,2.000000000000000000e+00,-2.697258862205125229e+00,9.393232973134090225e-01,2.994482477265861586e+00,5.473724600879976976e-02,-3.359322427010116158e-02,9.777644739166582212e-05,-5.414601798715933112e-02,8.023393095323483673e-03,-3.934824647992567252e-05,4.015087575550185177e-04,-1.306350502661007273e-01
3.939999999999999858e+01,2.000000000000000000e+00,-2.698341790316472810e+00,9.394838462468740881e-01,2.994337336942787253e+00,5.473920151958545921e-02,-3.459034710415805070e-02,9.777447916448016416e-05,-5.414678724628163575e-02,8.031538701126916466e-03,-3.757785639557911572e-05,4.130437325252231330e-04,-1.345156439355814082e-01
3.942000000000000171e+01,2.000000000000000000e+00,-2.699424733459002468e+00,9.396445603962059190e-01,2.994187952156712296e+00,5.474115698223024767e-02,-3.558307169857571894e-02,9.777165044062293515e-05,-5.414752110922514683e-02,8.039914519395837539e-03,-3.580863781075170979e-05,4.245299231972543617e-04,-1.383793866009071782e-01
3.943999999999999773e+01,2.000000000000000000e+00,-2.700507690925027404e+00,9.398054443558648829e-01,2.994034341140616284e+00,5.474311238054441892e-02,-3.657135641653371655e-02,9.776806283464417493e-05,-5.414821959997248579e-02,8.048519569589882711e-03,-3.404064598839493693e-05,4.359668441309785293e-04,-1.422261202567257632e-01
3.946000000000000085e+01,2.000000000000000000e+00,-2.701590662007353760e+00,9.399665027006028906e-01,2.993876522302481469e+00,5.474506770034598402e-02,-3.755515969829655715e-02,9.776381549921799182e-05,-5.414888274361152193e-02,8.057352861459886328e-03,-3.227393619146017771e-05,4.473540098862642382e-04,-1.460556869663549306e-01
3.948000000000000398e+01,2.000000000000000000e+00,-2.702673645999298824e+00,9.401277399852701055e-01,2.993714514225241263e+00,5.474702292941120707e-02,-3.853444006083818485e-02,9.775900510367332671e-05,-5.414951056633539317e-02,8.066413395047877799e-03,-3.050856368289914811e-05,4.586909350229756996e-04,-1.498679288600438531e-01
3.950000000000000000e+01,2.000000000000000000e+00,-2.703756642194715898e+00,9.402891607446206557e-01,2.993548335666731841e+00,5.474897805742472839e-02,-3.950915609747019525e-02,9.775372581284176500e-05,-5.415010309544251998e-02,8.075700160687081589e-03,-2.874458372566337098e-05,4.699771341009797813e-04,-1.536626881333319483e-01
3.951999999999999602e+01,2.000000000000000000e+00,-2.704839649888014730e+00,9.404507694931177886e-01,2.993378005559641064e+00,5.475093307592925063e-02,-4.047926647747153439e-02,9.774806926622311466e-05,-5.415066035933652211e-02,8.085212139001922427e-03,-2.698205158270425400e-05,4.812121216801429715e-04,-1.574398070454971765e-01
3.953999999999999915e+01,2.000000000000000000e+00,-2.705922668374184159e+00,9.406125707247401380e-01,2.993203543011464962e+00,5.475288797827486398e-02,-4.144472994572137581e-02,9.774212455747322264e-05,-5.415118238752633650e-02,8.094948300908027042e-03,-2.522102251697316415e-05,4.923954123203343062e-04,-1.611991279180996217e-01
3.956000000000000227e+01,2.000000000000000000e+00,-2.707005696948815210e+00,9.407745689127882116e-01,2.993024967304457107e+00,5.475484275956789271e-02,-4.240550532233371139e-02,9.773597821421478875e-05,-5.415166921062612715e-02,8.104907607612212017e-03,-2.346155179142179711e-05,5.035265205814175088e-04,-1.649404931336150848e-01
3.957999999999999829e+01,2.000000000000000000e+00,-2.708088734908120188e+00,9.409367685096889922e-01,2.992842297895586867e+00,5.475679741661939465e-02,-4.336155150229573096e-02,9.772971417817695027e-05,-5.415212086035534750e-02,8.115089010612488996e-03,-2.170369466900178753e-05,5.146049610232590133e-04,-1.686637451341665983e-01
3.960000000000000142e+01,2.000000000000000000e+00,-2.709171781548958879e+00,9.410991739468019812e-01,2.992655554416489672e+00,5.475875194789322359e-02,-4.431282745510811000e-02,9.772341378566388125e-05,-5.415253736953866415e-02,8.125491451698076822e-03,-1.994750641266454307e-05,5.256302482057263921e-04,-1.723687264203464797e-01
3.962000000000000455e+01,2.000000000000000000e+00,-2.710254836168857651e+00,9.412617896342267976e-01,2.992464756673428816e+00,5.476070635345377247e-02,-4.525929222442773986e-02,9.771715574835584885e-05,-5.415291877210604010e-02,8.136113862949389403e-03,-1.819304228536146125e-05,5.366018966886856997e-04,-1.760552795501307832e-01
3.964000000000000057e+01,2.000000000000000000e+00,-2.711337898066032537e+00,9.414246199606058907e-01,2.992269924647246615e+00,5.476266063491324471e-02,-4.620090492771355278e-02,9.771101613444738881e-05,-5.415326510309269314e-02,8.146955166738027027e-03,-1.644035755004420382e-05,5.475194210320041832e-04,-1.797232471378887864e-01
3.965999999999999659e+01,2.000000000000000000e+00,-2.712420966539411005e+00,9.415876692929329161e-01,2.992071078493326208e+00,5.476461479537861332e-02,-4.713762475587440076e-02,9.770506835012247805e-05,-5.415357639863908196e-02,8.158014275726802392e-03,-1.468950746966421403e-05,5.583823357955477887e-04,-1.833724718534833209e-01
3.967999999999999972e+01,2.000000000000000000e+00,-2.713504040888656377e+00,9.417509419763580025e-01,2.991868238541546265e+00,5.476656883939821918e-02,-4.806941097291984877e-02,9.769938312137212545e-05,-5.415385269599093387e-02,8.169290092869716316e-03,-1.294054730717299780e-05,5.691901555391826791e-04,-1.870027964214650285e-01
3.970000000000000284e+01,2.000000000000000000e+00,-2.714587120414184707e+00,9.419144423339924632e-01,2.991661425296241017e+00,5.476852277290796683e-02,-4.899622291561345905e-02,9.769402847615625096e-05,-5.415409403349925183e-02,8.180781511411969881e-03,-1.119353232552201530e-05,5.799423948227764268e-04,-1.906140636203587646e-01
3.971999999999999886e+01,2.000000000000000000e+00,-2.715670204417193201e+00,9.420781746667161727e-01,2.991450659436158066e+00,5.477047660317718031e-02,-4.991801999312816401e-02,9.768906972691245526e-05,-5.415430045062025188e-02,8.192487414889960962e-03,-9.448517787662926608e-06,5.906385682061945442e-04,-1.942061162820406528e-01
3.974000000000000199e+01,2.000000000000000000e+00,-2.716753292199677539e+00,9.422421432529821672e-01,2.991235961814418864e+00,5.477243033875415362e-02,-5.083476168670444245e-02,9.768456945341501383e-05,-5.415447198791546041e-02,8.204406677131282494e-03,-7.705558956547195300e-06,6.012781902493035194e-04,-1.977787972912082304e-01
3.975999999999999801e+01,2.000000000000000000e+00,-2.717836383064455408e+00,9.424063523486229110e-01,2.991017353458476080e+00,5.477438398941130576e-02,-5.174640754931078557e-02,9.768058748598736150e-05,-5.415460868705164466e-02,8.216538162254729410e-03,-5.964711095126324748e-06,6.118607755119699490e-04,-2.013319495849411611e-01
3.978000000000000114e+01,2.000000000000000000e+00,-2.718919476315189598e+00,9.425708061866563403e-01,2.990794855570075850e+00,5.477633756609002341e-02,-5.265291720530629327e-02,9.767718088907022256e-05,-5.415471059080081973e-02,8.228880724670289970e-03,-4.226029466351765814e-06,6.223858385540614055e-04,-2.048654161523525696e-01
3.979999999999999716e+01,2.000000000000000000e+00,-2.720002571256410207e+00,9.427355089770919072e-01,2.990568489525215590e+00,5.477829108084518450e-02,-5.355425035010562274e-02,9.767440394514844901e-05,-5.415477774304026937e-02,8.241433209079154429e-03,-2.489569333174764378e-06,6.328528939354453528e-04,-2.083790400343303872e-01
3.982000000000000028e+01,2.000000000000000000e+00,-2.721085667193534618e+00,9.429004649067350696e-01,2.990338276874104473e+00,5.478024454678936256e-02,-5.445036674984547048e-02,9.767230813904042967e-05,-5.415481018875252517e-02,8.254194450473702899e-03,-7.553859585474023396e-07,6.432614562159850264e-04,-2.118726643233667106e-01
3.984000000000000341e+01,2.000000000000000000e+00,-2.722168763432890159e+00,9.430656781389947785e-01,2.990104239341123904e+00,5.478219797803676738e-02,-5.534122624105437815e-02,9.767094214255156079e-05,-5.415480797402542207e-02,8.267163274137520959e-03,9.764653945789611301e-07,6.536110399555481072e-04,-2.153461321634803916e-01
3.985999999999999943e+01,2.000000000000000000e+00,-2.723251859281740295e+00,9.432311528136883005e-01,2.989866398824787108e+00,5.478415138964672082e-02,-5.622678873032336405e-02,9.767035179949591173e-05,-5.415477114605198039e-02,8.280338495645384045e-03,2.705929463252955850e-06,6.639011597140015170e-04,-2.187992867502240868e-01
3.988000000000000256e+01,2.000000000000000000e+00,-2.724334954048299284e+00,9.433968930468474845e-01,2.989624777397699162e+00,5.478610479756707702e-02,-5.710701419397865020e-02,9.767058011108857931e-05,-5.415469975313053769e-02,8.293718920863273059e-03,4.432950984523218839e-06,6.741313300512129366e-04,-2.222319713307797373e-01
3.989999999999999858e+01,2.000000000000000000e+00,-2.725418047041761493e+00,9.435629029305240278e-01,2.989379397306516140e+00,5.478805821857713615e-02,-5.798186267775598535e-02,9.767166722171156349e-05,-5.415459384466467241e-02,8.307303345948355289e-03,6.157474695437838237e-06,6.843010655270469027e-04,-2.256440292041403672e-01
3.992000000000000171e+01,2.000000000000000000e+00,-2.726501137572318267e+00,9.437291865325962981e-01,2.989130280971904252e+00,5.479001167023041241e-02,-5.885129429647710519e-02,9.767365040505625404e-05,-5.415445347116321778e-02,8.321090557349010430e-03,7.879445333045539366e-06,6.944098807013704454e-04,-2.290353037213800069e-01
3.993999999999999773e+01,2.000000000000000000e+00,-2.727584224951184577e+00,9.438957478965738224e-01,2.988877450988500772e+00,5.479196517079706896e-02,-5.971526923372714318e-02,9.767656405064584896e-05,-5.415427868424026181e-02,8.335079331804801095e-03,9.598807634394817154e-06,7.044572901340510288e-04,-2.324056382860067160e-01
3.996000000000000085e+01,2.000000000000000000e+00,-2.728667308490616783e+00,9.440625910414045530e-01,2.988620930124871400e+00,5.479391873920611000e-02,-6.057374774153333197e-02,9.768043965073983201e-05,-5.415406953661516809e-02,8.349268436346493627e-03,1.131550633653433340e-05,7.144428083849554663e-04,-2.357548763543997616e-01
3.998000000000000398e+01,2.000000000000000000e+00,-2.729750387503937059e+00,9.442297199612793568e-01,2.988360741323468517e+00,5.479587239498731610e-02,-6.142669014004482897e-02,9.768530578762465674e-05,-5.415382608211254112e-02,8.363656628296052900e-03,1.302948617651204007e-05,7.243659500139474272e-04,-2.390828614363298410e-01
4.000000000000000000e+01,2.000000000000000000e+00,-2.730833461305554710e+00,9.443971386254386147e-01,2.988096907700590332e+00,5.479782615821291586e-02,-6.227405681721453340e-02,9.769118812129234442e-05,-5.415354837566227486e-02,8.378242655266637112e-03,1.474069189137689205e-05,7.342262295808967606e-04,-2.423894370955651800e-01
4.001999999999999602e+01,2.000000000000000000e+00,-2.731916529210990596e+00,9.445648509779782653e-01,2.987829452546336029e+00,5.479978004943897307e-02,-6.311580822848016081e-02,9.769810937751103469e-05,-5.415323647329947643e-02,8.393025255162608195e-03,1.644906821817723264e-05,7.440231616456678947e-04,-2.456744469505527384e-01
4.003999999999999915e+01,2.000000000000000000e+00,-2.732999590536894896e+00,9.447328609376548503e-01,2.987558399324565794e+00,5.480173408964667675e-02,-6.395190489644743403e-02,9.770608933629002305e-05,-5.415289043216454240e-02,8.408003156179517934e-03,1.815455989396177954e-05,7.537562607681301367e-04,-2.489377346751848463e-01
4.006000000000000227e+01,2.000000000000000000e+00,-2.734082644601072865e+00,9.449011723976915578e-01,2.987283771672853749e+00,5.480368830018325643e-02,-6.478230741057225406e-02,9.771514482074184686e-05,-5.415251031050314495e-02,8.423175076804116646e-03,1.985711165577854233e-05,7.634250415081458548e-04,-2.521791439996391437e-01
4.007999999999999829e+01,2.000000000000000000e+00,-2.735165690722507037e+00,9.450697892255850441e-01,2.987005593402445758e+00,5.480564270270272403e-02,-6.560697642684547304e-02,9.772528968634587847e-05,-5.415209616766616940e-02,8.438539725814358378e-03,2.155666824067623531e-05,7.730290184255834886e-04,-2.553985187113043120e-01
4.010000000000000142e+01,2.000000000000000000e+00,-2.736248728221374549e+00,9.452387152629093681e-01,2.986723888498212354e+00,5.480759731910642835e-02,-6.642587266747562724e-02,9.773653481061434704e-05,-5.415164806410977666e-02,8.454095802279387034e-03,2.325317438570336952e-05,7.825677060803101770e-04,-2.585957026557748617e-01
4.012000000000000455e+01,2.000000000000000000e+00,-2.737331756419076445e+00,9.454079543251237006e-01,2.986438681118603444e+00,5.480955217148347075e-02,-6.723895692057239859e-02,9.774888808316527504e-05,-5.415116606139542405e-02,8.469841995559551986e-03,2.494657482790857794e-05,7.920406190321927333e-04,-2.617705397379230248e-01
4.014000000000000057e+01,2.000000000000000000e+00,-2.738414774638253668e+00,9.455775102013771471e-01,2.986149995595601236e+00,5.481150728205070460e-02,-6.804619003983014558e-02,9.776235439620522963e-05,-5.415065022218977508e-02,8.485776985306390727e-03,2.663681430434010054e-05,8.014472718410960194e-04,-2.649228739230465313e-01
4.015999999999999659e+01,2.000000000000000000e+00,-2.739497782202812370e+00,9.457473866543142371e-01,2.985857856434672719e+00,5.481346267309281789e-02,-6.884753294421076808e-02,9.777693563542431477e-05,-5.415010061026476890e-02,8.501899441462641011e-03,2.832383755204645175e-05,8.107871790668873908e-04,-2.680525492380878005e-01
4.017999999999999972e+01,2.000000000000000000e+00,-2.740580778437945231e+00,9.459175874198820777e-01,2.985562288314719037e+00,5.481541836690211056e-02,-6.964294661762550354e-02,9.779263067130635856e-05,-5.414951729049764101e-02,8.518208024262244327e-03,3.000758930807627471e-05,8.200598552694342031e-04,-2.711594097729224107e-01
4.020000000000000284e+01,2.000000000000000000e+00,-2.741663762670153215e+00,9.460881162071346218e-01,2.985263316088027974e+00,5.481737438571797350e-02,-7.043239210861654276e-02,9.780943535085807698e-05,-5.414890032887081928e-02,8.534701384230328550e-03,3.168801430947804657e-05,8.292648150086021856e-04,-2.742432996817203983e-01
4.021999999999999886e+01,2.000000000000000000e+00,-2.742746734227268224e+00,9.462589766980399331e-01,2.984960964780219772e+00,5.481933075166654096e-02,-7.121583053003642527e-02,9.782734248975970769e-05,-5.414824979247204184e-02,8.551378162183230491e-03,3.336505729330009877e-05,8.384015728442572842e-04,-2.773040631843710080e-01
4.024000000000000199e+01,2.000000000000000000e+00,-2.743829692438474410e+00,9.464301725472848981e-01,2.984655259590197840e+00,5.482128748669981566e-02,-7.199322305872755956e-02,9.784634186493989204e-05,-5.414756574949428775e-02,8.568236989228475084e-03,3.503866299659101012e-05,8.474696433362669630e-04,-2.803415445679797169e-01
4.025999999999999801e+01,2.000000000000000000e+00,-2.744912636634332159e+00,9.466017073820811589e-01,2.984346225890093685e+00,5.482324461253491876e-02,-7.276453093519859305e-02,9.786642020757788194e-05,-5.414684826923578387e-02,8.585276486764787524e-03,3.670877615639918997e-05,8.564685410444967343e-04,-2.833555881884242122e-01
4.028000000000000114e+01,2.000000000000000000e+00,-2.745995566146797628e+00,9.467735848019720457e-01,2.984033889225213176e+00,5.482520215059310392e-02,-7.352971546329993557e-02,9.788756119653698807e-05,-5.414609742210006738e-02,8.602495266482095004e-03,3.837534150977321034e-05,8.653977805288141706e-04,-2.863460384719774821e-01
4.029999999999999716e+01,2.000000000000000000e+00,-2.747078480309247173e+00,9.469458083786370661e-01,2.983718275313978818e+00,5.482716012193858401e-02,-7.428873800989684029e-02,9.790974545223054344e-05,-5.414531327959587470e-02,8.619891930361516311e-03,4.003830379376181265e-05,8.742568763490865189e-04,-2.893127399169910241e-01
4.032000000000000028e+01,2.000000000000000000e+00,-2.748161378456495996e+00,9.471183816556982826e-01,2.983399410047875566e+00,5.482911854721736478e-02,-7.504156000453962583e-02,9.793295053092526128e-05,-5.414449591433720399e-02,8.637465070675365286e-03,4.169760774541300647e-05,8.830453430651785326e-04,-2.922555370956360088e-01
4.034000000000000341e+01,2.000000000000000000e+00,-2.749244259924826572e+00,9.472913081485262454e-01,2.983077319491388657e+00,5.483107744659590499e-02,-7.578814293913213596e-02,9.795715091948309838e-05,-5.414364540004335674e-02,8.655213269987159508e-03,4.335319810177537737e-05,8.917626952369563749e-04,-2.951742746557054486e-01
4.035999999999999943e+01,2.000000000000000000e+00,-2.750327124052002858e+00,9.474645913440457035e-01,2.982752029881946765e+00,5.483303683969964482e-02,-7.652844836759685465e-02,9.798231803054654370e-05,-5.414276181153885453e-02,8.673135101151613346e-03,4.500501959989761254e-05,9.004084474242880515e-04,-2.980687973224712684e-01
4.038000000000000256e+01,2.000000000000000000e+00,-2.751409970177299158e+00,9.476382347005412043e-01,2.982423567629858052e+00,5.483499674555151332e-02,-7.726243790553641300e-02,9.800842019816848397e-05,-5.414184522475349454e-02,8.691229127314634498e-03,4.665301697682818237e-05,9.089821141870402677e-04,-3.009389499005934443e-01
4.039999999999999858e+01,2.000000000000000000e+00,-2.752492797641517885e+00,9.478122416474632494e-01,2.982091959318248886e+00,5.483695718251031109e-02,-7.799007322989191804e-02,9.803542267389067156e-05,-5.414089571672234258e-02,8.709493901913330921e-03,4.829713496961543523e-05,9.174832100850782105e-04,-3.037845772760830454e-01
4.042000000000000171e+01,2.000000000000000000e+00,-2.753575605787013547e+00,9.479866155852343379e-01,2.981757231702998556e+00,5.483891816820898185e-02,-7.871131607859792323e-02,9.806328762327416911e-05,-5.413991336558569151e-02,8.727927968676003900e-03,4.993731831530787537e-05,9.259112496782692355e-04,-3.066055244183165107e-01
4.043999999999999773e+01,2.000000000000000000e+00,-2.754658393957715390e+00,9.481613598850536784e-01,2.981419411712672218e+00,5.484087971949293261e-02,-7.942612825023247225e-02,9.809197412288301774e-05,-5.413889825058913058e-02,8.746529861622161922e-03,5.157351175095409513e-05,9.342657475264798308e-04,-3.094016363820956128e-01
4.046000000000000085e+01,2.000000000000000000e+00,-2.755741161499146941e+00,9.483364778887044544e-01,2.981078526448456056e+00,5.484284185235815262e-02,-8.013447160366339583e-02,9.812143815772591301e-05,-5.413785045208347607e-02,8.765298105062498124e-03,5.320566001360254454e-05,9.425462181895761593e-04,-3.121727583097552716e-01
4.048000000000000398e+01,2.000000000000000000e+00,-2.756823907758451320e+00,9.485119729083590912e-01,2.980734603184084897e+00,5.484480458188943641e-02,-8.083630805768950156e-02,9.815163261915817877e-05,-5.413677005152482680e-02,8.784231213598909377e-03,5.483370784030155846e-05,9.507521762274246009e-04,-3.149187354333142230e-01
4.050000000000000000e+01,2.000000000000000000e+00,-2.757906632084411669e+00,9.486878482263839674e-01,2.980387669365772485e+00,5.484676792219841945e-02,-8.153159959067718399e-02,9.818250730324609916e-05,-5.413565713147451552e-02,8.803327692124489345e-03,5.645759996809987828e-05,9.588831361998925110e-04,-3.176394130766689305e-01
4.051999999999999602e+01,2.000000000000000000e+00,-2.758989333827471135e+00,9.488641070951471246e-01,2.980037752612140434e+00,5.484873188636173180e-02,-8.222030824019105344e-02,9.821400890959843324e-05,-5.413451177559917837e-02,8.822586035823531958e-03,5.807728113404577786e-05,9.669386126668457274e-04,-3.203346366578250226e-01
4.053999999999999915e+01,2.000000000000000000e+00,-2.760072012339761294e+00,9.490407527368234231e-01,2.979684880714139616e+00,5.485069648635900602e-02,-8.290239610261973535e-02,9.824608104066581715e-05,-5.413333406867066461e-02,8.842004730171529672e-03,5.969269607518814770e-05,9.749181201881521475e-04,-3.230042516911684203e-01
4.056000000000000227e+01,2.000000000000000000e+00,-2.761154666975116356e+00,9.492177883431990315e-01,2.979329081634978227e+00,5.485266173301091286e-02,-8.357782533279477233e-02,9.827866420151317643e-05,-5.413212409656609214e-02,8.861582250935157862e-03,6.130378952857486186e-05,9.828211733236759829e-04,-3.256481037897692166e-01
4.057999999999999829e+01,2.000000000000000000e+00,-2.762237297089102483e+00,9.493952170754793585e-01,2.978970383510042730e+00,5.485462763591733570e-02,-8.424655814360391959e-02,9.831169580006567739e-05,-5.413088194626786143e-02,8.881317064172300837e-03,6.291050623125466173e-05,9.906472866332842638e-04,-3.282660386677198061e-01
4.060000000000000142e+01,2.000000000000000000e+00,-2.763319902039033327e+00,9.495730420640936531e-01,2.978608814646815706e+00,5.485659420339526748e-02,-8.490855680559777907e-02,9.834511014783434287e-05,-5.412960770586359993e-02,8.901207626232046644e-03,6.451279092027615322e-05,9.983959746768444540e-04,-3.308579021425046562e-01
4.062000000000000455e+01,2.000000000000000000e+00,-2.764402481183997118e+00,9.497512664085006051e-01,2.978244403524797690e+00,5.485856144241704063e-02,-8.556378364658874525e-02,9.837883846111996396e-05,-5.412830146454622460e-02,8.921252383754667975e-03,6.611058833268789478e-05,1.006066752014224018e-03,-3.334235401373943364e-01
4.064000000000000057e+01,2.000000000000000000e+00,-2.765485033884877542e+00,9.499298931769951659e-01,2.977877178795421464e+00,5.486052935854832113e-02,-8.621220105124310917e-02,9.841280886270230050e-05,-5.412696331261388633e-02,8.941449773671641260e-03,6.770384320553803829e-05,1.013659133205286732e-03,-3.359627986838677471e-01
4.065999999999999659e+01,2.000000000000000000e+00,-2.766567559504373275e+00,9.501089254065138157e-01,2.977507169281967236e+00,5.486249795588636624e-02,-8.685377146066566856e-02,9.844694638401477378e-05,-5.412559334147001855e-02,8.961798223205636252e-03,6.929250027587527774e-05,1.021172632809900713e-03,-3.384755239240577751e-01
4.067999999999999972e+01,2.000000000000000000e+00,-2.767650057407025077e+00,9.502883661024398299e-01,2.977134403979476929e+00,5.486446723699812261e-02,-8.748845737197595562e-02,9.848117296780908316e-05,-5.412419164362328866e-02,8.982296149870524701e-03,7.087650428074810380e-05,1.028606765387932772e-03,-3.409615621132164875e-01
4.070000000000000284e+01,2.000000000000000000e+00,-2.768732526959230889e+00,9.504682182384102118e-01,2.976758912054662254e+00,5.486643720285856035e-02,-8.811622133787597178e-02,9.851540747131073581e-05,-5.412275831268764659e-02,9.002941961471375154e-03,7.245579995720507495e-05,1.035961045499249290e-03,-3.434207596221980352e-01
4.071999999999999886e+01,2.000000000000000000e+00,-2.769814967529276029e+00,9.506484847561209595e-01,2.976380722845816784e+00,5.486840785278895155e-02,-8.873702596620927641e-02,9.854956566987084293e-05,-5.412129344338227621e-02,9.023734056104449480e-03,7.403033204229449214e-05,1.043234987703715779e-03,-3.458529629399569871e-01
4.074000000000000199e+01,2.000000000000000000e+00,-2.770897378487348739e+00,9.508291685651327763e-01,2.975999865862720473e+00,5.487037918439532230e-02,-8.935083391951119391e-02,9.858356026111461602e-05,-5.411979713153165089e-02,9.044670822157209814e-03,7.560004527306488672e-05,1.050428106561199487e-03,-3.482580186760610430e-01
4.075999999999999801e+01,2.000000000000000000e+00,-2.771979759205566385e+00,9.510102725426767822e-01,2.975616370786546394e+00,5.487235119350685614e-02,-8.995760791454927852e-02,9.861730086959103576e-05,-5.411826947406546406e-02,9.065750638308316817e-03,7.716488438656487136e-05,1.057539916631567009e-03,-3.506357735632125716e-01
4.078000000000000114e+01,2.000000000000000000e+00,-2.773062109057994107e+00,9.511917995334610021e-01,2.975230267469763934e+00,5.487432387411460971e-02,-9.055731072185360664e-02,9.865069405192534654e-05,-5.411671056901871946e-02,9.086971873527624477e-03,7.872479411984293675e-05,1.064569932474685593e-03,-3.529860744597763111e-01
4.079999999999999716e+01,2.000000000000000000e+00,-2.774144427420670134e+00,9.513737523494756321e-01,2.974841585936039756e+00,5.487629721831008278e-02,-9.114990516523735486e-02,9.868364330247815822e-05,-5.411512051553163394e-02,9.108332887076190515e-03,8.027971920994747871e-05,1.071517668650420535e-03,-3.553087683523142304e-01
4.082000000000000028e+01,2.000000000000000000e+00,-2.775226713671627099e+00,9.515561337697987510e-01,2.974450356380136107e+00,5.487827121622409349e-02,-9.173535412130652544e-02,9.871604905951297077e-05,-5.411349941384969303e-02,9.129832028506259037e-03,8.182960439392693373e-05,1.078382639718638647e-03,-3.576037023581212226e-01
4.084000000000000341e+01,2.000000000000000000e+00,-2.776308967190912025e+00,9.517389465404028082e-01,2.974056609167810006e+00,5.488024585596576466e-02,-9.231362051895833365e-02,9.874780871187565929e-05,-5.411184736532366479e-02,9.151467637661284821e-03,8.337439440882976540e-05,1.085164360239205877e-03,-3.598707237277583570e-01
4.085999999999999943e+01,2.000000000000000000e+00,-2.777391187360610747e+00,9.519221933739597796e-01,2.973660374835707110e+00,5.488222112356152399e-02,-9.288466733886897864e-02,9.877881660618818252e-05,-5.411016447240955818e-02,9.173238044675909031e-03,8.491403399170458638e-05,1.091862344771989905e-03,-3.621096798475860190e-01
4.088000000000000256e+01,2.000000000000000000e+00,-2.778473373564869231e+00,9.521058769496473229e-01,2.973261684091257351e+00,5.488419700289436792e-02,-9.344845761296875775e-02,9.880896405455940159e-05,-5.410845083866862304e-02,9.195141569975976564e-03,8.644846787959999579e-05,1.098476107876857327e-03,-3.643204182422865589e-01
4.089999999999999858e+01,2.000000000000000000e+00,-2.779555525189916221e+00,9.522899999129543769e-01,2.972860567812563914e+00,5.488617347564331284e-02,-9.400495442390514877e-02,9.883813934281562462e-05,-5.410670656876742646e-02,9.217176524278529112e-03,8.797764080956417261e-05,1.105005164113673222e-03,-3.665027865773781701e-01
4.092000000000000171e+01,2.000000000000000000e+00,-2.780637641624083667e+00,9.524745648754873173e-01,2.972457057048293994e+00,5.488815052122282545e-02,-9.455412090449441531e-02,9.886622773925404849e-05,-5.410493176847772784e-02,9.239341208591801691e-03,8.950149751864575661e-05,1.111449028042305488e-03,-3.686566326617204958e-01
4.093999999999999773e+01,2.000000000000000000e+00,-2.781719722257831151e+00,9.526595744147754452e-01,2.972051183017566878e+00,5.489012811672266262e-02,-9.509592023715841835e-02,9.889311150392039881e-05,-5.410312654467656912e-02,9.261633914215231314e-03,9.101998274389321139e-05,1.117807214222619420e-03,-3.707818044499981425e-01
4.096000000000000085e+01,2.000000000000000000e+00,-2.782801766483767647e+00,9.528450310740774754e-01,2.971642977109839823e+00,5.489210623684783602e-02,-9.563031565334947914e-02,9.891866989841564697e-05,-5.410129100534628172e-02,9.284052922739451791e-03,9.253304122235523092e-05,1.124079237214483350e-03,-3.728781500451905373e-01
4.098000000000000398e+01,2.000000000000000000e+00,-2.783883773696668840e+00,9.530309373621859148e-01,2.971232470884790811e+00,5.489408485385862541e-02,-9.615727043296092014e-02,9.894277919623231936e-05,-5.409942525957441017e-02,9.306596506046286785e-03,9.404061769107993998e-05,1.130264611577762139e-03,-3.749455177010184159e-01
4.100000000000000000e+01,2.000000000000000000e+00,-2.784965743293508211e+00,9.532172957532344393e-01,2.970819696072202198e+00,5.489606393751100821e-02,-9.667674790372365878e-02,9.896531269362400355e-05,-5.409752941755378852e-02,9.329262926308768897e-03,9.554265688711608675e-05,1.136362851872322818e-03,-3.769837558243674391e-01
4.101999999999999602e+01,2.000000000000000000e+00,-2.786047674673471253e+00,9.534041086865032710e-01,2.970404684571839038e+00,5.489804345499721405e-02,-9.718871144058791045e-02,9.898614072101116876e-05,-5.409560359058249168e-02,9.352050435991122318e-03,9.703910354751217550e-05,1.142373472658032635e-03,-3.789927129776816117e-01
4.103999999999999915e+01,2.000000000000000000e+00,-2.787129567237981220e+00,9.535913785662240016e-01,2.969987468453329171e+00,5.490002337088655676e-02,-9.769312446509004211e-02,9.900513065492401866e-05,-5.409364789106388405e-02,9.374957277848764564e-03,9.852990240931658848e-05,1.148295988494757100e-03,-3.809722378813277244e-01
4.106000000000000227e+01,2.000000000000000000e+00,-2.788211420390719564e+00,9.537791077613874124e-01,2.969568079956037998e+00,5.490200364706634972e-02,-9.818995044470460454e-02,9.902214693048816364e-05,-5.409166243250652928e-02,9.397981684928318619e-03,1.000149982095776944e-04,1.154129913942362811e-03,-3.829221794159273773e-01
4.107999999999999829e+01,2.000000000000000000e+00,-2.789293233537651684e+00,9.539672986055471871e-01,2.969146551488945018e+00,5.490398424268340405e-02,-9.867915289217958630e-02,9.903705105445112012e-05,-5.408964732952432214e-02,9.421121880567595586e-03,1.014943356853440924e-04,1.159874763560716582e-03,-3.848423866246484248e-01
4.110000000000000142e+01,2.000000000000000000e+00,-2.790375006087042475e+00,9.541559533966268436e-01,2.968722915630515047e+00,5.490596511408543656e-02,-9.916069536485623559e-02,9.904970161875744337e-05,-5.408760269783636360e-02,9.444376078395617241e-03,1.029678595736643274e-04,1.165530051909684792e-03,-3.867327087154595611e-01
4.112000000000000455e+01,2.000000000000000000e+00,-2.791456737449485637e+00,9.543450743967258898e-01,2.968297205128570759e+00,5.490794621476301207e-02,-9.963454146397197897e-02,9.905995431467005420e-05,-5.408552865426705103e-02,9.467742482332588277e-03,1.044355146115869578e-04,1.171095293549134688e-03,-3.885929950633394414e-01
4.114000000000000057e+01,2.000000000000000000e+00,-2.792538427037920101e+00,9.545346638319245347e-01,2.967869452900161242e+00,5.490992749529157585e-02,-1.001006548339464508e-01,9.906766194744438684e-05,-5.408342531674599496e-02,9.491219286589917120e-03,1.058972455361601898e-04,1.176570003038931132e-03,-3.904230952124409515e-01
4.115999999999999659e+01,2.000000000000000000e+00,-2.793620074267655351e+00,9.547247238920903989e-01,2.967439692031430098e+00,5.491190890327401347e-02,-1.005589991616501200e-01,9.907267445155463960e-05,-5.408129280430810926e-02,9.514804675670212458e-03,1.073529970844327172e-04,1.181953694938942239e-03,-3.922228588782044612e-01
4.117999999999999972e+01,2.000000000000000000e+00,-2.794701678556393176e+00,9.549152567306842254e-01,2.967007955777482664e+00,5.491389038328327310e-02,-1.010095381756548616e-01,9.907483890647631624e-05,-5.407913123709354175e-02,9.538496824367276306e-03,1.088027139934529631e-04,1.187245883809033521e-03,-3.939921359494181763e-01
4.120000000000000284e+01,2.000000000000000000e+00,-2.795783239324249436e+00,9.551062644645653688e-01,2.966574277562247897e+00,5.491587187680551513e-02,-1.014522356454667928e-01,9.907399955302757853e-05,-5.407694073634772280e-02,9.562293897766107470e-03,1.102463410002695943e-04,1.192446084209073092e-03,-3.957307764902232572e-01
4.121999999999999886e+01,2.000000000000000000e+00,-2.796864755993772267e+00,9.552977491737975058e-01,2.966138690978345149e+00,5.491785332218342142e-02,-1.018870553807396245e-01,9.906999781027073845e-05,-5.407472142442130286e-02,9.586194051242905023e-03,1.116838228419307763e-04,1.197553810698925164e-03,-3.974386307420565978e-01
4.124000000000000199e+01,2.000000000000000000e+00,-2.797946227989973611e+00,9.554897129014554569e-01,2.965701229786942061e+00,5.491983465456005270e-02,-1.023139612304700269e-01,9.906267229297719659e-05,-5.407247342477023572e-02,9.610195430465061361e-03,1.131151042554851894e-04,1.202568577838457635e-03,-3.991155491255340415e-01
4.125999999999999801e+01,2.000000000000000000e+00,-2.799027654740342097e+00,9.556821576534296758e-01,2.965261927917617335e+00,5.492181580582278233e-02,-1.027329170821729559e-01,9.905185882965834778e-05,-5.407019686195568831e-02,9.634296171391174349e-03,1.145401299779813786e-04,1.207489900187537317e-03,-4.007613822422659844e-01
4.128000000000000114e+01,2.000000000000000000e+00,-2.800109035674868352e+00,9.558750853982328488e-01,2.964820819468217739e+00,5.492379670454793777e-02,-1.031438868610366349e-01,9.903739048116299573e-05,-5.406789186164413091e-02,9.658494400271026500e-03,1.159588447464676990e-04,1.212317292306029940e-03,-4.023759808766007029e-01
4.129999999999999716e+01,2.000000000000000000e+00,-2.801190370226069426e+00,9.560684980668059385e-01,2.964377938704716442e+00,5.492577727594548376e-02,-1.035468345290585096e-01,9.901909755984702327e-05,-5.406555855060727472e-02,9.682788233645611004e-03,1.173711932979927227e-04,1.217050268753802102e-03,-4.039591959972994584e-01
4.132000000000000028e+01,2.000000000000000000e+00,-2.802271657829007001e+00,9.562623975523230069e-01,2.963933320061068688e+00,5.492775744180434377e-02,-1.039417240841593870e-01,9.899680764931407119e-05,-5.406319705672208570e-02,9.707175778347107431e-03,1.187771203696048455e-04,1.221688344090720614e-03,-4.055108787591315544e-01
4.134000000000000341e+01,2.000000000000000000e+00,-2.803352897921312259e+00,9.564567857099983694e-01,2.963486998139065243e+00,5.492973712043796447e-02,-1.043285195592771192e-01,9.897034562473186058e-05,-5.406080750897077764e-02,9.731655131498897354e-03,1.201765706983526122e-04,1.226231032876652291e-03,-4.070308805043909572e-01
4.135999999999999943e+01,2.000000000000000000e+00,-2.804434089943206754e+00,9.566516643568909739e-01,2.963039007708189398e+00,5.493171622663041431e-02,-1.047071850214383731e-01,9.893953367372509402e-05,-5.405839003744085380e-02,9.756224380515564343e-03,1.215694890212844323e-04,1.230677849671462211e-03,-4.085190527643290381e-01
4.138000000000000256e+01,2.000000000000000000e+00,-2.805515233337525949e+00,9.568470352717115546e-01,2.962589383705464208e+00,5.493369467158280145e-02,-1.050776845708092239e-01,9.890419131784870300e-05,-5.405594477332505143e-02,9.780881603102881822e-03,1.229558200754490133e-04,1.235028309035018706e-03,-4.099752472605024400e-01
4.139999999999999858e+01,2.000000000000000000e+00,-2.806596327549737868e+00,9.570429001946276770e-01,2.962138161235309486e+00,5.493567236286019118e-02,-1.054399823397225433e-01,9.886413543464201087e-05,-5.405347184892137641e-02,9.805624867257823479e-03,1.243355085978946155e-04,1.239281925527187505e-03,-4.113993159060282956e-01
4.142000000000000171e+01,2.000000000000000000e+00,-2.807677372027969742e+00,9.572392608270696712e-01,2.961685375569387713e+00,5.493764920433895360e-02,-1.057940424916833377e-01,9.881918028026671159e-05,-5.405097139763310327e-02,9.830452231268559798e-03,1.257084993256697703e-04,1.243438213707834987e-03,-4.127911108067479073e-01
4.143999999999999773e+01,2.000000000000000000e+00,-2.808758366223027103e+00,9.574361188315367865e-01,2.961231062146455262e+00,5.493962509615454848e-02,-1.061398292203509230e-01,9.876913751273174065e-05,-5.404844355396873357e-02,9.855361743714458056e-03,1.270747369958230089e-04,1.247496688136827750e-03,-4.141504842622931171e-01
4.146000000000000085e+01,2.000000000000000000e+00,-2.809839309588416434e+00,9.576334758314025697e-01,2.960775256572212299e+00,5.494159993464984432e-02,-1.064773067484974939e-01,9.871381621570571579e-05,-5.404588845354207916e-02,9.880351443466087527e-03,1.284341663454029441e-04,1.251456863374033040e-03,-4.154772887670518666e-01
4.148000000000000398e+01,2.000000000000000000e+00,-2.810920201580368261e+00,9.578313334107206867e-01,2.960317994619146909e+00,5.494357361232377057e-02,-1.068064393269431145e-01,9.865302292292030858e-05,-5.404330623307214421e-02,9.905419359685207342e-03,1.297867321114577819e-04,1.255318253979315936e-03,-4.167713770110311744e-01
4.150000000000000000e+01,2.000000000000000000e+00,-2.812001041657858025e+00,9.580296931140315220e-01,2.959859312226385875e+00,5.494554601778072617e-02,-1.071271912334657711e-01,9.858656164316568528e-05,-5.404069703038325706e-02,9.930563511824780365e-03,1.311323790310362706e-04,1.259080374512544119e-03,-4.180326018806101440e-01
4.151999999999999602e+01,2.000000000000000000e+00,-2.813081829282628288e+00,9.582285564461670013e-01,2.959399245499539255e+00,5.494751703568018925e-02,-1.074395267716876934e-01,9.851423388588136435e-05,-5.403806098440495920e-02,9.955781909628961049e-03,1.324710518411866976e-04,1.262742739533583534e-03,-4.192608164591856146e-01
4.153999999999999915e+01,2.000000000000000000e+00,-2.814162563919211824e+00,9.584279248720568578e-01,2.958937830710547168e+00,5.494948654668710408e-02,-1.077434102699361962e-01,9.843583868734331747e-05,-5.403539823517209545e-02,9.981072553133109315e-03,1.338026952789577297e-04,1.266304863602301430e-03,-4.204558740277015705e-01
4.156000000000000227e+01,2.000000000000000000e+00,-2.815243245034954267e+00,9.586277998165346759e-01,2.958475104297523472e+00,5.495145442742255248e-02,-1.080388060800790972e-01,9.835117263745051235e-05,-5.403270892382470991e-02,1.000643343266377147e-02,1.351272540813976272e-04,1.269766261278562885e-03,-4.216176280650614228e-01
4.157999999999999829e+01,2.000000000000000000e+00,-2.816323872100032322e+00,9.588281826641431582e-01,2.958011102864603448e+00,5.495342055041525092e-02,-1.083256785763346136e-01,9.826002990711213067e-05,-5.402999319260815697e-02,1.003186252883869756e-02,1.364446729855550841e-04,1.273126447122236013e-03,-4.227459322484194981e-01
4.160000000000000142e+01,2.000000000000000000e+00,-2.817404444587481294e+00,9.590290747589407250e-01,2.957545863181785695e+00,5.495538478405335991e-02,-1.086039921540547099e-01,9.816220227623806318e-05,-5.402725118487303191e-02,1.005735781256684135e-02,1.377548967284784420e-04,1.276384935693186109e-03,-4.238406404533465732e-01
4.162000000000000455e+01,2.000000000000000000e+00,-2.818484961973213299e+00,9.592304774043065585e-01,2.957079422184779371e+00,5.495734699253694566e-02,-1.088737112284828001e-01,9.805747916233436255e-05,-5.402448304507518478e-02,1.008291724504834300e-02,1.390578700472163678e-04,1.279541241551281072e-03,-4.249016067538707309e-01
4.164000000000000057e+01,2.000000000000000000e+00,-2.819565423736040799e+00,9.594323918627465364e-01,2.956611816974847429e+00,5.495930703583103843e-02,-1.091348002334833617e-01,9.794564764970574097e-05,-5.402168891877572043e-02,1.010853877777453946e-02,1.403535376788171761e-04,1.282594879256385764e-03,-4.259286854223819918e-01
4.165999999999999659e+01,2.000000000000000000e+00,-2.820645829357698364e+00,9.596348193556998307e-01,2.956143084818650735e+00,5.496126476961930851e-02,-1.093872236202455828e-01,9.782649251926814836e-05,-5.401886895264102623e-02,1.013422035252797490e-02,1.416418443603293710e-04,1.285545363368368081e-03,-4.269217309294064955e-01
4.167999999999999972e+01,2.000000000000000000e+00,-2.821726178322865763e+00,9.598377610633437307e-01,2.955673263148093088e+00,5.496322004525824867e-02,-1.096309458559584227e-01,9.769979627897060442e-05,-5.401602329444273043e-02,1.015995990138238506e-02,1.429227348288015110e-04,1.288392208447093753e-03,-4.278805979432389051e-01
4.170000000000000284e+01,2.000000000000000000e+00,-2.822806470119187949e+00,9.600412181244003529e-01,2.955202389560166232e+00,5.496517270973200198e-02,-1.098659314224587485e-01,9.756533919483228827e-05,-5.401315209305771609e-02,1.018575534670270420e-02,1.441961538212821546e-04,1.291134929052429377e-03,-4.288051413294364789e-01
4.171999999999999886e+01,2.000000000000000000e+00,-2.823886704237299483e+00,9.602451916359413531e-01,2.954730501816794863e+00,5.496712260560793206e-02,-1.100921448148502596e-01,9.742289932259324593e-05,-5.401025549846813489e-02,1.021160460114505820e-02,1.454620460748195891e-04,1.293773039744242201e-03,-4.296952161501640388e-01
4.174000000000000199e+01,2.000000000000000000e+00,-2.824966880170845851e+00,9.604496826531954135e-01,2.954257637844681650e+00,5.496906957099264440e-02,-1.103095505400944198e-01,9.727225253998238825e-05,-5.400733366176139333e-02,1.023750556765678360e-02,1.467203563264625086e-04,1.296306055082397301e-03,-4.305506776633932775e-01
4.175999999999999801e+01,2.000000000000000000e+00,-2.826046997416503448e+00,9.606546921893519553e-01,2.953783835735153573e+00,5.497101343948881252e-02,-1.105181131155725666e-01,9.711317257960515109e-05,-5.400438673513018040e-02,1.026345613947639637e-02,1.479710293132591734e-04,1.298733489626762794e-03,-4.313713813219494653e-01
4.178000000000000114e+01,2.000000000000000000e+00,-2.827127055474006667e+00,9.608602212153688482e-01,2.953309133744008275e+00,5.497295404015258707e-02,-1.107177970676180290e-01,9.694543106245073630e-05,-5.400141487187239131e-02,1.028945420013362838e-02,1.492140097722581961e-04,1.301054857937203758e-03,-4.321571827724005055e-01
4.179999999999999716e+01,2.000000000000000000e+00,-2.828207053846163443e+00,9.610662706597772331e-01,2.952833570291363063e+00,5.497489119745167102e-02,-1.109085669300201166e-01,9.676879753202351447e-05,-5.399841822639121769e-02,1.031549762344939267e-02,1.504492424405081893e-04,1.303269674573588090e-03,-4.329079378537924461e-01
4.182000000000000028e+01,2.000000000000000000e+00,-2.829286992038883675e+00,9.612728414084874551e-01,2.952357183961501264e+00,5.497682473122422753e-02,-1.110903872424962163e-01,9.658303948909792512e-05,-5.399539695419512675e-02,1.034158427353580947e-02,1.516766720550574135e-04,1.305377454095781303e-03,-4.336235025962146827e-01
4.184000000000000341e+01,2.000000000000000000e+00,-2.830366869561196985e+00,9.614799343045952185e-01,2.951880013502721223e+00,5.497875445663821803e-02,-1.112632225491359539e-01,9.638792242710076405e-05,-5.399235121189779885e-02,1.036771200479619411e-02,1.528962433529544270e-04,1.307377711063650210e-03,-4.343037332192088984e-01
4.185999999999999943e+01,2.000000000000000000e+00,-2.831446685925276707e+00,9.616875501481871868e-01,2.951402097827188875e+00,5.498068018415176034e-02,-1.114270373968131445e-01,9.618320986812122387e-05,-5.398928115721821075e-02,1.039387866192505866e-02,1.541079010712477612e-04,1.309269960037061408e-03,-4.349484861300015326e-01
4.188000000000000256e+01,2.000000000000000000e+00,-2.832526440646462085e+00,9.618956896961468050e-01,2.950923476010787194e+00,5.498260171947396552e-02,-1.115817963335680313e-01,9.596866339955150631e-05,-5.398618694898056625e-02,1.042008207990811376e-02,1.553115899469859746e-04,1.311053715575881710e-03,-4.355576179215689958e-01
4.189999999999999858e+01,2.000000000000000000e+00,-2.833606133243278258e+00,9.621043536619598990e-01,2.950444187292971421e+00,5.498451886352669071e-02,-1.117274639069578274e-01,9.574404271135948392e-05,-5.398306874711436554e-02,1.044632008402226336e-02,1.565072547172173816e-04,1.312728492239977063e-03,-4.361309853705239159e-01
4.192000000000000171e+01,2.000000000000000000e+00,-2.834685763237462020e+00,9.623135427155211641e-01,2.949964271076620737e+00,5.498643141240690257e-02,-1.118640046623767120e-01,9.550910563399541667e-05,-5.397992671265433584e-02,1.047259048983560994e-02,1.576948401189905136e-04,1.314293804589214062e-03,-4.366684454348263023e-01
4.193999999999999773e+01,2.000000000000000000e+00,-2.835765330153981356e+00,9.625232574829393206e-01,2.949483766927896600e+00,5.498833915734992195e-02,-1.119913831413435618e-01,9.526360817693417364e-05,-5.397676100774048691e-02,1.049889110320746319e-02,1.588742908893539562e-04,1.315749167183459306e-03,-4.371698552513094693e-01
4.196000000000000085e+01,2.000000000000000000e+00,-2.836844833521056763e+00,9.627334985463429362e-01,2.949002714576099748e+00,5.499024188469334856e-02,-1.121095638797583727e-01,9.500730456785534510e-05,-5.397357179561805551e-02,1.052521972028831743e-02,1.600455517653562136e-04,1.317094094582579823e-03,-4.376350721330229954e-01
4.198000000000000398e+01,2.000000000000000000e+00,-2.837924272870186559e+00,9.629442664436873578e-01,2.948521153913529869e+00,5.499213937584190859e-02,-1.122185114061259453e-01,9.473994729246205807e-05,-5.397035924063758872e-02,1.055157412751986726e-02,1.612085674840456817e-04,1.318328101346441560e-03,-4.380639535663844453e-01
4.200000000000000000e+01,2.000000000000000000e+00,-2.839003647736165981e+00,9.631555616685585353e-01,2.948039124995347482e+00,5.499403140723287120e-02,-1.123181902397485527e-01,9.446128713494238497e-05,-5.396712350825483284e-02,1.057795210163500407e-02,1.623632827824708104e-04,1.319450702034911330e-03,-4.384563572081447425e-01
4.201999999999999602e+01,2.000000000000000000e+00,-2.840082957657111162e+00,9.633673846699808418e-01,2.947556668039438943e+00,5.499591775030259616e-02,-1.124085648888843575e-01,9.417107321907226109e-05,-5.396386476503083063e-02,1.060435140965782647e-02,1.635096423976800228e-04,1.320461411207854863e-03,-4.388121408821514802e-01
4.203999999999999915e+01,2.000000000000000000e+00,-2.841162202174479123e+00,9.635797358522217859e-01,2.947073823426280104e+00,5.499779817145363653e-02,-1.124895998488749521e-01,9.386905304996374640e-05,-5.396058317863190040e-02,1.063076980890361768e-02,1.646475910667221211e-04,1.321359743425140057e-03,-4.391311625759222181e-01
4.206000000000000227e+01,2.000000000000000000e+00,-2.842241380833093523e+00,9.637926155745980550e-01,2.946590631698808860e+00,5.499967243202278505e-02,-1.125612596002383559e-01,9.355497255646059659e-05,-5.395727891782956670e-02,1.065720504697886123e-02,1.657770735266452845e-04,1.322145213246632423e-03,-4.394132804370102785e-01
4.207999999999999829e+01,2.000000000000000000e+00,-2.843320493181161979e+00,9.640060241512813377e-01,2.946107133562292812e+00,5.500154028825003649e-02,-1.126235086067298719e-01,9.322857613418113003e-05,-5.395395215250065046e-02,1.068365486178123915e-02,1.668980345144980713e-04,1.322817335232198341e-03,-4.396583527691701465e-01
4.210000000000000142e+01,2.000000000000000000e+00,-2.844399538770302716e+00,9.642199618511042569e-01,2.945623369884206255e+00,5.500340149124831324e-02,-1.126763113133694288e-01,9.288960668921225291e-05,-5.395060305362721353e-02,1.071011698149963894e-02,1.680104187673290401e-04,1.323375623941705059e-03,-4.398662380283157036e-01
4.212000000000000455e+01,2.000000000000000000e+00,-2.845478517155564102e+00,9.644344288973660806e-01,2.945139381694104941e+00,5.500525578697416235e-02,-1.127196321444349780e-01,9.253780568245435810e-05,-5.394723179329660723e-02,1.073658912461413623e-02,1.691141710221867763e-04,1.323819593935019173e-03,-4.400367948182659084e-01
4.214000000000000057e+01,2.000000000000000000e+00,-2.846557427895445969e+00,9.646494254676387659e-01,2.944655210183508398e+00,5.500710291619924364e-02,-1.127534355014228468e-01,9.217291317462127185e-05,-5.394383854470140294e-02,1.076306899989599650e-02,1.702092360161194589e-04,1.324148759772006412e-03,-4.401698818862800344e-01
4.215999999999999659e+01,2.000000000000000000e+00,-2.847636270551925364e+00,9.648649516935722259e-01,2.944170896705781804e+00,5.500894261448281003e-02,-1.127776857609742306e-01,9.179466787189504502e-05,-5.394042348213945459e-02,1.078955430640770458e-02,1.712955584861758362e-04,1.324362636012533807e-03,-4.402653581183769704e-01
4.217999999999999972e+01,2.000000000000000000e+00,-2.848715044690474318e+00,9.650810076607010402e-01,2.943686482776023627e+00,5.501077461214507608e-02,-1.127923472727672682e-01,9.140280717223782511e-05,-5.393698678101386396e-02,1.081604273350291953e-02,1.723730831694042227e-04,1.324460737216467303e-03,-4.403230825344335297e-01
4.220000000000000284e+01,2.000000000000000000e+00,-2.849793749880085159e+00,9.652975934082494991e-01,2.943202010070955499e+00,5.501259863424157182e-02,-1.127973843573753798e-01,9.099706721236407506e-05,-5.393352861783301533e-02,1.084253196082651804e-02,1.734417548028533665e-04,1.324442577943674582e-03,-4.403429142830623810e-01
4.221999999999999886e+01,2.000000000000000000e+00,-2.850872385693290934e+00,9.655147089289374263e-01,2.942717520428816957e+00,5.501441440053825987e-02,-1.127927613040919375e-01,9.057718291537265117e-05,-5.393004917021050615e-02,1.086901965831455798e-02,1.745015181235715009e-04,1.324307672754020939e-03,-4.403247126362671016e-01
4.224000000000000199e+01,2.000000000000000000e+00,-2.851950951706188508e+00,9.657323541687867774e-01,2.942233055849262424e+00,5.501622162548790856e-02,-1.127784423687194920e-01,9.014288803904201963e-05,-5.392654861686524415e-02,1.089550348619430092e-02,1.755523178686071301e-04,1.324055536207373622e-03,-4.402683369838658600e-01
4.225999999999999801e+01,2.000000000000000000e+00,-2.853029447498459437e+00,9.659505290269267963e-01,2.941748658493263502e+00,5.501802001820713106e-02,-1.127543917713261373e-01,8.969391522479049561e-05,-5.392302713762135019e-02,1.092198109498420527e-02,1.765940987750088396e-04,1.323685682863598792e-03,-4.401736468276902792e-01
4.228000000000000114e+01,2.000000000000000000e+00,-2.854107872653393496e+00,9.661692333553997258e-01,2.941264370683016161e+00,5.501980928245470137e-02,-1.127205736939658753e-01,8.922999604730243997e-05,-5.391948491340825544e-02,1.094845012549392968e-02,1.776268055798251337e-04,1.323197627282563264e-03,-4.400405017755458226e-01
4.229999999999999716e+01,2.000000000000000000e+00,-2.855186226757909118e+00,9.663884669589675180e-01,2.940780234901850587e+00,5.502158911661054336e-02,-1.126769522783662852e-01,8.875086106482354422e-05,-5.391592212626059033e-02,1.097490820882432612e-02,1.786503830201043540e-04,1.322590884024133200e-03,-4.398687615349432534e-01
4.232000000000000028e+01,2.000000000000000000e+00,-2.856264509402578256e+00,9.666082295949163239e-01,2.940296293794146809e+00,5.502335921365607979e-02,-1.126234916235800965e-01,8.825623987012501403e-05,-5.391233895931829556e-02,1.100135296636744510e-02,1.796647758328950861e-04,1.321864967648175414e-03,-4.396582859065863436e-01
4.234000000000000341e+01,2.000000000000000000e+00,-2.857342720181644591e+00,9.668285209728635365e-01,2.939812590165253425e+00,5.502511926115532387e-02,-1.125601557836033856e-01,8.774586114214131334e-05,-5.390873559682654581e-02,1.102778200980653392e-02,1.806699287552458613e-04,1.321019392714556503e-03,-4.394089347776229393e-01
4.235999999999999943e+01,2.000000000000000000e+00,-2.858420858693049738e+00,9.670493407545630582e-01,2.939329166981414332e+00,5.502686894123716421e-02,-1.124869087649587179e-01,8.721945269828100826e-05,-5.390511222413577053e-02,1.105419294111603841e-02,1.816657865242050484e-04,1.320053673783142629e-03,-4.391205681146513329e-01
4.238000000000000256e+01,2.000000000000000000e+00,-2.859498924538451892e+00,9.672706885537113441e-01,2.938846067369698112e+00,5.502860793057871153e-02,-1.124037145242437891e-01,8.667674154741335354e-05,-5.390146902770168863e-02,1.108058335256160640e-02,1.826522938768213142e-04,1.318967325413800389e-03,-4.387930459564809982e-01
4.239999999999999858e+01,2.000000000000000000e+00,-2.860576917323249813e+00,9.674925639357525586e-01,2.938363334617933642e+00,5.503033590038953343e-02,-1.123105369656463015e-01,8.611745394353357609e-05,-5.389780619508523218e-02,1.110695082670007036e-02,1.836293955501429732e-04,1.317759862166396814e-03,-4.384262284066482440e-01
4.242000000000000171e+01,2.000000000000000000e+00,-2.861654836656604584e+00,9.677149664176851740e-01,2.937881012174648809e+00,5.503205251639726320e-02,-1.122073399384231340e-01,8.554131544010663856e-05,-5.389412391495262966e-02,1.113329293637947345e-02,1.845970362812185839e-04,1.316430798600798065e-03,-4.380199756256763499e-01
4.243999999999999773e+01,2.000000000000000000e+00,-2.862732682151462260e+00,9.679378954678675706e-01,2.937399143649020772e+00,5.503375743883399257e-02,-1.120940872343467731e-01,8.494805094509365741e-05,-5.389042237707535044e-02,1.115960724473904521e-02,1.855551608070965693e-04,1.314979649276870090e-03,-4.375741478230897874e-01
4.246000000000000085e+01,2.000000000000000000e+00,-2.863810453424575186e+00,9.681613505058241920e-01,2.936917772810824001e+00,5.503545032242402463e-02,-1.119707425851159122e-01,8.433738477666191029e-05,-5.388670177233013253e-02,1.118589130520922931e-02,1.865037138648256503e-04,1.313405928754479918e-03,-4.370886052491675944e-01
4.248000000000000398e+01,2.000000000000000000e+00,-2.864888150096522867e+00,9.683853309020504785e-01,2.936436943590393422e+00,5.503713081637257032e-02,-1.118372696597333960e-01,8.370904071958035751e-05,-5.388296229269896181e-02,1.121214266151163846e-02,1.874426401914540332e-04,1.311709151593494580e-03,-4.365632081864451730e-01
4.250000000000000000e+01,2.000000000000000000e+00,-2.865965771791737726e+00,9.686098359778192446e-01,2.935956700078584003e+00,5.503879856435570095e-02,-1.116936320618488326e-01,8.306274208230260176e-05,-5.387920413126909974e-02,1.123835884765910821e-02,1.883718845240302221e-04,1.309888832353779805e-03,-4.359978169409522430e-01
4.251999999999999602e+01,2.000000000000000000e+00,-2.867043318138522867e+00,9.688348650049865007e-01,2.935477086526744994e+00,5.504045320451134149e-02,-1.115397933270683706e-01,8.239821175474052535e-05,-5.387542748223304867e-02,1.126453738795566220e-02,1.892913915996027755e-04,1.307944485595202190e-03,-4.353922918331938341e-01
4.253999999999999915e+01,2.000000000000000000e+00,-2.868120788769077834e+00,9.690604172057978305e-01,2.934998147346697284e+00,5.504209436943155453e-02,-1.113757169202302527e-01,8.171517226672909279e-05,-5.387163254088858655e-02,1.129067579699652435e-02,1.902011061552203331e-04,1.305875625877628765e-03,-4.347464931888657125e-01
4.256000000000000227e+01,2.000000000000000000e+00,-2.869198183319519035e+00,9.692864917526928803e-01,2.934519927110716520e+00,5.504372168615586508e-02,-1.112013662326469116e-01,8.101334584718561187e-05,-5.386781950363873223e-02,1.131677157966810843e-02,1.911009729279311553e-04,1.303681767760925692e-03,-4.340602813293053530e-01
4.257999999999999829e+01,2.000000000000000000e+00,-2.870275501429900178e+00,9.695130877681120696e-01,2.934042470551525561e+00,5.504533477616585513e-02,-1.110167045793140211e-01,8.029245448396510690e-05,-5.386398856799177320e-02,1.134282223114803020e-02,1.919909366547837735e-04,1.301362425804959569e-03,-4.333335165616764573e-01
4.260000000000000142e+01,2.000000000000000000e+00,-2.871352742744239350e+00,9.697402043243027459e-01,2.933565822562292702e+00,5.504693325538100035e-02,-1.108216951960860341e-01,7.955221998441408060e-05,-5.386013993256125870e-02,1.136882523690510745e-02,1.928709420728267460e-04,1.298917114569596775e-03,-4.325660591688834100e-01
4.262000000000000455e+01,2.000000000000000000e+00,-2.872429906910535458e+00,9.699678404431240075e-01,2.933090028196637444e+00,5.504851673415559615e-02,-1.106163012368197029e-01,7.879236403662521289e-05,-5.385627379706600659e-02,1.139477807269935125e-02,1.937409339191086314e-04,1.296345348614704341e-03,-4.317577693992177834e-01
4.264000000000000057e+01,2.000000000000000000e+00,-2.873506993580793534e+00,9.701959950958534140e-01,2.932615132668645597e+00,5.505008481727701602e-02,-1.104004857704843356e-01,7.801260827139455472e-05,-5.385239036233006177e-02,1.142067820458196603e-02,1.946008569306777170e-04,1.293646642500147778e-03,-4.309085074557299500e-01
4.265999999999999659e+01,2.000000000000000000e+00,-2.874584002411046058e+00,9.704246672029922527e-01,2.932141181352888371e+00,5.505163710396521887e-02,-1.101742117782403274e-01,7.721267432488463256e-05,-5.384848983028275859e-02,1.144652308889535820e-02,1.954506558445826426e-04,1.290820510785795202e-03,-4.300181334853283577e-01
4.267999999999999972e+01,2.000000000000000000e+00,-2.875660933061376046e+00,9.706538556340718049e-01,2.931668219784453910e+00,5.505317318787347758e-02,-1.099374421504853011e-01,7.639228390199405958e-05,-5.384457240395868621e-02,1.147231017227312924e-02,1.962902753978717769e-04,1.287866468031511474e-03,-4.290865075676019158e-01
4.270000000000000284e+01,2.000000000000000000e+00,-2.876737785195937036e+00,9.708835592074587240e-01,2.931196293658984153e+00,5.505469265709032889e-02,-1.096901396838699527e-01,7.555115884043899334e-05,-5.384063828749766772e-02,1.149803689164008609e-02,1.971196603275937598e-04,1.284784028797163191e-03,-4.281134897033694875e-01
4.271999999999999886e+01,2.000000000000000000e+00,-2.877814558482976626e+00,9.711137766901609680e-01,2.930725448832720570e+00,5.505619509414300117e-02,-1.094322670782812146e-01,7.468902117554531513e-05,-5.383668768614481570e-02,1.152370067421221861e-02,1.979387553707969869e-04,1.281572707642618250e-03,-4.270989398029454986e-01
4.274000000000000199e+01,2.000000000000000000e+00,-2.878891252594859118e+00,9.713445067976340663e-01,2.930255731322559676e+00,5.505768007600191777e-02,-1.091637869337958588e-01,7.380559320575658599e-05,-5.383272080625049749e-02,1.154929893749672212e-02,1.987475052645298543e-04,1.278232019127742165e-03,-4.260427176741299338e-01
4.275999999999999801e+01,2.000000000000000000e+00,-2.879967867208085508e+00,9.715757481935863860e-01,2.929787187306115648e+00,5.505914717408662978e-02,-1.088846617476037087e-01,7.290059755885959557e-05,-5.382873785527032134e-02,1.157482908929198875e-02,1.995458547458409744e-04,1.274761477812401964e-03,-4.249446830099170569e-01
4.278000000000000114e+01,2.000000000000000000e+00,-2.881044402003319682e+00,9.718074994897852870e-01,2.929319863121793599e+00,5.506059595427315045e-02,-1.085948539109003463e-01,7.197375725893005152e-05,-5.382473904176517110e-02,1.160028852768761609e-02,2.003337485517788516e-04,1.271160598256463378e-03,-4.238046953759191937e-01
4.279999999999999716e+01,2.000000000000000000e+00,-2.882120856665403519e+00,9.720397592458625002e-01,2.928853805268870847e+00,5.506202597690243450e-02,-1.082943257057520370e-01,7.102479579400079485e-05,-5.382072457540117150e-02,1.162567464106437770e-02,2.011111314193918546e-04,1.267428895019793653e-03,-4.226226141975127915e-01
4.282000000000000028e+01,2.000000000000000000e+00,-2.883197230883387974e+00,9.722725259691209487e-01,2.928389060407589728e+00,5.506343679679047420e-02,-1.079830393019300810e-01,7.005343718445595635e-05,-5.381669466694972981e-02,1.165098480809426476e-02,2.018779480857285690e-04,1.263565882662259386e-03,-4.213982987466933228e-01
4.284000000000000341e+01,2.000000000000000000e+00,-2.884273524350546847e+00,9.725057981143392372e-01,2.927925675359255298e+00,5.506482796323951268e-02,-1.076609567537187423e-01,6.905940605215297860e-05,-5.381264952828750114e-02,1.167621639774046177e-02,2.026341432878374718e-04,1.259571075743726740e-03,-4.201316081286515791e-01
4.285999999999999943e+01,2.000000000000000000e+00,-2.885349736764404316e+00,9.727395740835785842e-01,2.927463697106350349e+00,5.506619902005087386e-02,-1.073280399966943521e-01,6.804242769027610857e-05,-5.380858937239640927e-02,1.170136676925733962e-02,2.033796617627669861e-04,1.255443988824062312e-03,-4.188224012680591413e-01
4.288000000000000256e+01,2.000000000000000000e+00,-2.886425867826754921e+00,9.729738522259878675e-01,2.927003172792652208e+00,5.506754950553898603e-02,-1.069842508444785872e-01,6.700222813392405765e-05,-5.380451441336359802e-02,1.172643327219048161e-02,2.041144482475657244e-04,1.251184136463132047e-03,-4.174705368950707984e-01
4.289999999999999858e+01,2.000000000000000000e+00,-2.887501917243685323e+00,9.732086308376100003e-01,2.926544149723367738e+00,5.506887895254704984e-02,-1.066295509854645329e-01,6.593853423143436357e-05,-5.380042486638151461e-02,1.175141324637665741e-02,2.048384474792820556e-04,1.246791033220803410e-03,-4.160758735310359779e-01
4.292000000000000171e+01,2.000000000000000000e+00,-2.888577884725598732e+00,9.734439081611876432e-01,2.926086675365271894e+00,5.507018688846394838e-02,-1.062639019795176692e-01,6.485107371644765247e-05,-5.379632094774786794e-02,1.177630402194383696e-02,2.055516041949644295e-04,1.242264193656942347e-03,-4.146382694739240149e-01
4.293999999999999773e+01,2.000000000000000000e+00,-2.889653769987233556e+00,9.736796823859685812e-01,2.925630797346861822e+00,5.507147283524267689e-02,-1.058872652546524601e-01,6.373957528071581282e-05,-5.379220287486558005e-02,1.180110291931118702e-02,2.062538631316614861e-04,1.237603132331415671e-03,-4.131575827834613190e-01
4.296000000000000085e+01,2.000000000000000000e+00,-2.890729572747688270e+00,9.739159516475123235e-01,2.925176563458519841e+00,5.507273630942028514e-02,-1.054996021036839066e-01,6.260376864765576155e-05,-5.378807086624287637e-02,1.182580724918908324e-02,2.069451690264217296e-04,1.232807363804089111e-03,-4.116336712659768304e-01
4.298000000000000398e+01,2.000000000000000000e+00,-2.891805292730442289e+00,9.741527140274952590e-01,2.924724021652688855e+00,5.507397682213920065e-02,-1.051008736808572569e-01,6.144338464665358656e-05,-5.378392514149322318e-02,1.185041431257907729e-02,2.076254666162934202e-04,1.227876402634830782e-03,-4.100663924589617038e-01
4.300000000000000000e+01,2.000000000000000000e+00,-2.892880929663378176e+00,9.743899675535163674e-01,2.924273220044056654e+00,5.507519387917015480e-02,-1.046910409984538465e-01,6.025815528811993285e-05,-5.377976592133534850e-02,1.187492140077392802e-02,2.082947006383252249e-04,1.222809763383505980e-03,-4.084556036153345060e-01
4.301999999999999602e+01,2.000000000000000000e+00,-2.893956483278805170e+00,9.746277101989041514e-01,2.923824206909754420e+00,5.507638698093649671e-02,-1.042700649233769261e-01,5.904781383930466905e-05,-5.377559342759322819e-02,1.189932579535760149e-02,2.089528158295655123e-04,1.217606960609981734e-03,-4.068011616874212533e-01
4.303999999999999915e+01,2.000000000000000000e+00,-2.895031953313477846e+00,9.748659398825212374e-01,2.923377030689565892e+00,5.507755562254015164e-02,-1.038379061737159659e-01,5.781209490086776462e-05,-5.377140788319612758e-02,1.192362476820524667e-02,2.095997569270629493e-04,1.212267508874123991e-03,-4.051029233106419603e-01
4.306000000000000227e+01,2.000000000000000000e+00,-2.896107339508621870e+00,9.751046544685708639e-01,2.922931739986148969e+00,5.507869929378901575e-02,-1.033945253152920712e-01,5.655073448421724683e-05,-5.376720951217853206e-02,1.194781558148321626e-02,2.102354686678658505e-04,1.206790922735799781e-03,-4.033607447869091422e-01
4.307999999999999829e+01,2.000000000000000000e+00,-2.897182641609954423e+00,9.753438517664019258e-01,2.922488383565268411e+00,5.507981747922597454e-02,-1.029398827581844839e-01,5.526347008961128988e-05,-5.376299853968020265e-02,1.197189548764905805e-02,2.108598957890227472e-04,1.201176716754875484e-03,-4.015744820677352722e-01
4.310000000000000142e+01,2.000000000000000000e+00,-2.898257859367706857e+00,9.755835295303163512e-01,2.922047010356041863e+00,5.508090965815948953e-02,-1.024739387532397628e-01,5.395004078503268973e-05,-5.375877519194617593e-02,1.199586172945152525e-02,2.114729830275821436e-04,1.195424405491217913e-03,-3.997439907370508583e-01
4.312000000000000455e+01,2.000000000000000000e+00,-2.899332992536646003e+00,9.758236854593733689e-01,2.921607669451199651e+00,5.508197530469569753e-02,-1.019966533885647425e-01,5.261018728583694416e-05,-5.375453969632673634e-02,1.201971153993055576e-02,2.120746751205925982e-04,1.189533503504692580e-03,-3.978691259937331970e-01
4.314000000000000057e+01,2.000000000000000000e+00,-2.900408040876096827e+00,9.760643171971958854e-01,2.921170410107355231e+00,5.508301388777218921e-02,-1.015079865860044062e-01,5.124365203518108726e-05,-5.375029228127742309e-02,1.204344214241729119e-02,2.126649168051024798e-04,1.183503525355167167e-03,-3.959497426338468018e-01
4.315999999999999659e+01,2.000000000000000000e+00,-2.901483004149964628e+00,9.763054223317764180e-01,2.920735281745289846e+00,5.508402487119335583e-02,-1.010078980976053808e-01,4.985017928523230912e-05,-5.374603317635900934e-02,1.206705075053407170e-02,2.132436528181603467e-04,1.177333985602507837e-03,-3.939856950325938967e-01
4.317999999999999972e+01,2.000000000000000000e+00,-2.902557882126756361e+00,9.765469983952830280e-01,2.920302333950249629e+00,5.508500771366744292e-02,-1.004963475020670682e-01,4.842951517916500745e-05,-5.374176261223757856e-02,1.209053456819443595e-02,2.138108278968146219e-04,1.171024398806580968e-03,-3.919768371259775286e-01
4.320000000000000284e+01,2.000000000000000000e+00,-2.903632674579604611e+00,9.767890428638646982e-01,2.919871616472259124e+00,5.508596186884514440e-02,-9.997329420118129806e-02,4.698140783394830379e-05,-5.373748082068445509e-02,1.211389078960311769e-02,2.143663867781139723e-04,1.164574279527252074e-03,-3.899230223921781313e-01
4.321999999999999886e+01,2.000000000000000000e+00,-2.904707381286286694e+00,9.770315531574575996e-01,2.919443179226444141e+00,5.508688678535989675e-02,-9.943869741626236436e-02,4.550560742393049585e-05,-5.373318803457619725e-02,1.213711659925603877e-02,2.149102741991066310e-04,1.157983142324389703e-03,-3.878241038326448176e-01
4.324000000000000199e+01,2.000000000000000000e+00,-2.905782002029249966e+00,9.772745266395905794e-01,2.919017072293371484e+00,5.508778190686994258e-02,-9.889251618456715298e-02,4.400186626521994436e-05,-5.372888448789464588e-02,1.216020917194033518e-02,2.154424348968411295e-04,1.151250501757859366e-03,-3.856799339528966253e-01
4.325999999999999801e+01,2.000000000000000000e+00,-2.906856536595632257e+00,9.775179606171914282e-01,2.918593345919401560e+00,5.508864667210196242e-02,-9.833470935570967630e-02,4.246993890087304683e-05,-5.372457041572690356e-02,1.218316567273432585e-02,2.159628136083661346e-04,1.144375872387527662e-03,-3.834903647430450424e-01
4.328000000000000114e+01,2.000000000000000000e+00,-2.907930984777283179e+00,9.777618523403919237e-01,2.918172050517057414e+00,5.508948051489644809e-02,-9.776523558806907155e-02,4.090958218689100582e-05,-5.372024605426529986e-02,1.220598325700754383e-02,2.164713550707300150e-04,1.137358768773260535e-03,-3.812552476580307603e-01
4.329999999999999716e+01,2.000000000000000000e+00,-2.909005346370789447e+00,9.780061990023347640e-01,2.917753236665404426e+00,5.509028286425490806e-02,-9.718405334519361616e-02,3.932055537902861712e-05,-5.371591164080747466e-02,1.222865907042069641e-02,2.169680040209812208e-04,1.130198705474925232e-03,-3.789744335975777645e-01
4.332000000000000028e+01,2.000000000000000000e+00,-2.910079621177491305e+00,9.782509977389781675e-01,2.917336955110448216e+00,5.509105314438869638e-02,-9.659112089220239783e-02,3.770262022042371102e-05,-5.371156741375629484e-02,1.225119024892571025e-02,2.174527051961683375e-04,1.122895197052388569e-03,-3.766477728858680929e-01
4.334000000000000341e+01,2.000000000000000000e+00,-2.911153809003511839e+00,9.784962456289029165e-01,2.916923256765546757e+00,5.509179077476960423e-02,-9.598639629218638780e-02,3.605554103004868975e-05,-5.370721361261988902e-02,1.227357391876569490e-02,2.179254033333397880e-04,1.115447758065516489e-03,-3.742751152509374846e-01
4.335999999999999943e+01,2.000000000000000000e+00,-2.912227909659772962e+00,9.787419396931167359e-01,2.916512192711836260e+00,5.509249517018229708e-02,-9.536983740261037457e-02,3.437908479199187266e-05,-5.370285047801163364e-02,1.229580719647496712e-02,2.183860431695440224e-04,1.107855903074175157e-03,-3.718563098037936943e-01
4.338000000000000256e+01,2.000000000000000000e+00,-2.913301922962020729e+00,9.789880768948620027e-01,2.916103814198673039e+00,5.509316574077858381e-02,-9.474140187171760374e-02,3.267302124557196945e-05,-5.369847825165019461e-02,1.231788718887903179e-02,2.188345694418296534e-04,1.100119146638231168e-03,-3.693912050172578065e-01
4.339999999999999858e+01,2.000000000000000000e+00,-2.914375848730845764e+00,9.792346541394194581e-01,2.915698172644093145e+00,5.509380189213332335e-02,-9.410104713493949724e-02,3.093712297629348774e-05,-5.369409717635947876e-02,1.233981099309459928e-02,2.192709268872450497e-04,1.092237003317551988e-03,-3.668796487045343224e-01
4.342000000000000171e+01,2.000000000000000000e+00,-2.915449686791707684e+00,9.794816682739160285e-01,2.915295319635283100e+00,5.509440302530230205e-02,-9.344873041131190883e-02,2.917116550764464695e-05,-5.368970749606864074e-02,1.236157569652956631e-02,2.196950602428387697e-04,1.084208987672003561e-03,-3.643214879975076315e-01
4.343999999999999773e+01,2.000000000000000000e+00,-2.916523436974955086e+00,9.797291160871290927e-01,2.914895306929072394e+00,5.509496853688195667e-02,-9.278440869989967865e-02,2.737492739374816980e-05,-5.368530945581211078e-02,1.238317837688304723e-02,2.201069142456592905e-04,1.076034614261451835e-03,-3.617165693247685887e-01
4.346000000000000085e+01,2.000000000000000000e+00,-2.917597099115848192e+00,9.799769943092928592e-01,2.914498186452435746e+00,5.509549781907089466e-02,-9.210803877623256752e-02,2.554819031286667907e-05,-5.368090330172958780e-02,1.240461610214532717e-02,2.205064336327550894e-04,1.067713397645763404e-03,-3.590647383893751377e-01
4.348000000000000398e+01,2.000000000000000000e+00,-2.918670673054580167e+00,9.802252996119049655e-01,2.914104010303018466e+00,5.509599025973327402e-02,-9.141957718875412531e-02,2.369073916177233575e-05,-5.367648928106599771e-02,1.242588593059790886e-02,2.208935631411745621e-04,1.059244852384806168e-03,-3.563658401463487002e-01
4.350000000000000000e+01,2.000000000000000000e+00,-2.919744158636301989e+00,9.804740286075307454e-01,2.913712830749671578e+00,5.509644524246420233e-02,-9.071898025528478404e-02,2.180236215098146381e-05,-5.367206764217154202e-02,1.244698491081348314e-02,2.212682475079663213e-04,1.050628493038446073e-03,-3.536197187799042241e-01
4.351999999999999602e+01,2.000000000000000000e+00,-2.920817555711141988e+00,9.807231778496104946e-01,2.913324700233010489e+00,5.509686214665693998e-02,-9.000620405950349179e-02,1.988285090086653844e-05,-5.366763863450170480e-02,1.246791008165594114e-02,2.216304314701787899e-04,1.041863834166548847e-03,-3.508262176804246013e-01
4.353999999999999915e+01,2.000000000000000000e+00,-2.921890864134227606e+00,9.809727438322644044e-01,2.912939671365983418e+00,5.509724034757203237e-02,-8.928120444744890027e-02,1.793200053864817719e-05,-5.366320250861719710e-02,1.248865847228037597e-02,2.219800597648605264e-04,1.032950390328980870e-03,-3.479851794211770710e-01
4.356000000000000227e+01,2.000000000000000000e+00,-2.922964083765709375e+00,9.812227229900987169e-01,2.912557796934463816e+00,5.509757921640846129e-02,-8.854393702404267374e-02,1.594960979627381198e-05,-5.365875951618398476e-02,1.250922710213306366e-02,2.223170771290598996e-04,1.023887676085610040e-03,-3.450964457347753256e-01
4.357999999999999829e+01,2.000000000000000000e+00,-2.924037214470782686e+00,9.814731116980116576e-01,2.912179129897854324e+00,5.509787812037673232e-02,-8.779435714963747250e-02,1.393548110918977244e-05,-5.365430990997331617e-02,1.252961298095149091e-02,2.226414282998254678e-04,1.014675205996301652e-03,-3.421598574893894851e-01
4.360000000000000142e+01,2.000000000000000000e+00,-2.925110256119708652e+00,9.817239062709988140e-01,2.911803723389713383e+00,5.509813642277391205e-02,-8.703241993659292797e-02,1.188942071601558479e-05,-5.364985394386169448e-02,1.254981310876433949e-02,2.229530580142057624e-04,1.005312494620923388e-03,-3.391752546647113231e-01
4.362000000000000455e+01,2.000000000000000000e+00,-2.926183208587837647e+00,9.819751029639598450e-01,2.911431630718393837e+00,5.509835348306073299e-02,-8.625808024588114964e-02,9.811238759123692927e-06,-5.364539187283088456e-02,1.256982447589148795e-02,2.232519110092492335e-04,9.957990565193396756e-04,-3.361424763276721350e-01
4.364000000000000057e+01,2.000000000000000000e+00,-2.927256071755628852e+00,9.822266979715028601e-01,2.911062905367704179e+00,5.509852865694059992e-02,-8.547129268372626043e-02,7.700749386136404513e-06,-5.364092395296787830e-02,1.258964406294400470e-02,2.235379320220043310e-04,9.861344062514192793e-04,-3.330613606079247391e-01
4.365999999999999659e+01,2.000000000000000000e+00,-2.928328845508678224e+00,9.824786874277517956e-01,2.910697600997586232e+00,5.509866129644083732e-02,-8.467201159827809909e-02,5.557770852341322200e-06,-5.363645044146497787e-02,1.260926884082416710e-02,2.238110657895195593e-04,9.763180583770279287e-04,-3.299317446730817838e-01
4.367999999999999972e+01,2.000000000000000000e+00,-2.929401529737731824e+00,9.827310674061514595e-01,2.910335771444808817e+00,5.509875074999576877e-02,-8.386019107632611269e-02,3.382125624038533619e-06,-5.363197159661968472e-02,1.262869577072544408e-02,2.240712570488434497e-04,9.663495274560312447e-04,-3.267534647037268480e-01
4.370000000000000284e+01,2.000000000000000000e+00,-2.930474124338716457e+00,9.829838339192731311e-01,2.909977470723683179e+00,5.509879636253205842e-02,-8.303578494005457722e-02,1.173640482823821036e-06,-5.362748767783482445e-02,1.264792180413249791e-02,2.243184505370244522e-04,9.562283280482965827e-04,-3.235263558681941154e-01
4.371999999999999886e+01,2.000000000000000000e+00,-2.931546629212755661e+00,9.832369829186208277e-01,2.909622753026794850e+00,5.509879747555600227e-02,-8.219874674384289315e-02,-1.067853369183816011e-06,-5.362299894561842889e-02,1.266694388282119457e-02,2.245525909911110169e-04,9.459539747136909730e-04,-3.202502522971242271e-01
4.374000000000000199e+01,2.000000000000000000e+00,-2.932619044266195463e+00,9.834905102944371258e-01,2.909271672725754598e+00,5.509875342724304681e-02,-8.134902977111377331e-02,-3.342520203163146478e-06,-5.361850566158382625e-02,1.268575893885859687e-02,2.247736231481516750e-04,9.355259820120804702e-04,-3.169249870577977579e-01
4.375999999999999801e+01,2.000000000000000000e+00,-2.933691369410624805e+00,9.837444118755086508e-01,2.908924284371967595e+00,5.509866355252936859e-02,-8.048658703123350022e-02,-5.650519656449521748e-06,-5.361400808844957178e-02,1.270436389460296439e-02,2.249814917451949310e-04,9.249438645033318876e-04,-3.135503921282554174e-01
4.378000000000000114e+01,2.000000000000000000e+00,-2.934763604562898198e+00,9.839986834289724538e-01,2.908580642697423002e+00,5.509852718320560477e-02,-7.961137125646700063e-02,-7.992006624427266484e-06,-5.360950649003949631e-02,1.272275566270375004e-02,2.251761415192892347e-04,9.142071367473101956e-04,-3.101262983712056998e-01
4.379999999999999716e+01,2.000000000000000000e+00,-2.935835749645157033e+00,9.842533206601209450e-01,2.908240802615500442e+00,5.509834364801288742e-02,-7.872333489899133174e-02,-1.036713115144265121e-05,-5.360500113128270627e-02,1.274093114610160699e-02,2.253575172074830904e-04,9.033153133038838338e-04,-3.066525355077265869e-01
4.382000000000000028e+01,2.000000000000000000e+00,-2.936907804584853565e+00,9.845083192122088267e-01,2.907904819221798220e+00,5.509811227274082068e-02,-7.782243012797167292e-02,-1.277603832073385011e-05,-5.360049227821353512e-02,1.275888723802838694e-02,2.255255635468249753e-04,8.922679087329188569e-04,-3.031289320907664120e-01
4.384000000000000341e+01,2.000000000000000000e+00,-2.937979769314771339e+00,9.847636746662580265e-01,2.907572747794979762e+00,5.509783238032788660e-02,-7.690860882670293164e-02,-1.521886814336504266e-05,-5.359598019797157803e-02,1.277662082200714012e-02,2.256802252743633937e-04,8.810644375942814277e-04,-2.995553154784484362e-01
4.385999999999999943e+01,2.000000000000000000e+00,-2.939051643773046063e+00,9.850193825408636306e-01,2.907244643797637806e+00,5.509750329096402277e-02,-7.598182258982145998e-02,-1.769575544615829564e-05,-5.359146515880171269e-02,1.279412877185210490e-02,2.258214471271468226e-04,8.697044144478379259e-04,-2.959315118071854656e-01
4.388000000000000256e+01,2.000000000000000000e+00,-2.940123427903192255e+00,9.852754382920007048e-01,2.906920562877180814e+00,5.509712432219544126e-02,-7.504202272059024015e-02,-2.020682975861227943e-05,-5.358694743005407851e-02,1.281140795166873375e-02,2.259491738422237392e-04,8.581873538534544061e-04,-2.922573459646091165e-01
4.389999999999999858e+01,2.000000000000000000e+00,-2.941195121654120115e+00,9.855318373128283405e-01,2.906600560866738903e+00,5.509669478903159862e-02,-7.408916022826278480e-02,-2.275221519879986920e-05,-5.358242728218402806e-02,1.282845521585365689e-02,2.260633501566427020e-04,8.465127703709988743e-04,-2.885326415623230556e-01
4.392000000000000171e+01,2.000000000000000000e+00,-2.942266724980162174e+00,9.857885749334973635e-01,2.906284693786087558e+00,5.509621400405476793e-02,-7.312318582552750079e-02,-2.533203035823594537e-05,-5.357790498675223112e-02,1.284526740909471866e-02,2.261639208074520796e-04,8.346801785603358672e-04,-2.847572209084773820e-01
4.393999999999999773e+01,2.000000000000000000e+00,-2.943338237841091054e+00,9.860456464209546024e-01,2.905973017842593542e+00,5.509568127753153993e-02,-7.214404992604063482e-02,-2.794638818570191209e-05,-5.357338081642457756e-02,1.286184136637094806e-02,2.262508305317003764e-04,8.226890929813342581e-04,-2.809309049801850811e-01
4.396000000000000085e+01,2.000000000000000000e+00,-2.944409660202144785e+00,9.863030469787497090e-01,2.905665589432180340e+00,5.509509591752698859e-02,-7.115170264204773165e-02,-3.059539587002332709e-05,-5.356885504497222589e-02,1.287817391295258303e-02,2.263240240664362050e-04,8.105390281938581500e-04,-2.770535133957692242e-01
4.398000000000000398e+01,2.000000000000000000e+00,-2.945480992034048118e+00,9.865607717468405369e-01,2.905362465140312267e+00,5.509445723002096007e-02,-7.014609378210275026e-02,-3.327915472178311263e-05,-5.356432794727160329e-02,1.289426186440104788e-02,2.263834461487079341e-04,7.982294987577766331e-04,-2.731248643868661174e-01
4.400000000000000000e+01,2.000000000000000000e+00,-2.946552233313033398e+00,9.868188158013992961e-01,2.905063701743000770e+00,5.509376451902689431e-02,-6.912717284888535152e-02,-3.599776005396815542e-05,-5.355979979930439172e-02,1.291010202656896894e-02,2.264290415155640951e-04,7.857600192329547862e-04,-2.691447747703736848e-01
4.401999999999999602e+01,2.000000000000000000e+00,-2.947623384020865878e+00,9.870771741546180422e-01,2.904769356207831166e+00,5.509301708671291570e-02,-6.809488903712444807e-02,-3.875130106153144014e-05,-5.355527087815750709e-02,1.292569119560017278e-02,2.264607549040531379e-04,7.731301041792589890e-04,-2.651130599202672355e-01
4.403999999999999915e+01,2.000000000000000000e+00,-2.948694444144859705e+00,9.873358417545141652e-01,2.904479485695007579e+00,5.509221423352547026e-02,-6.704919123163108341e-02,-4.153986069986500022e-05,-5.355074146202316171e-02,1.294102615792967932e-02,2.264785310512235940e-04,7.603392681565552961e-04,-2.610295337392798398e-01
4.406000000000000227e+01,2.000000000000000000e+00,-2.949765413677908121e+00,9.875948134847374327e-01,2.904194147558422756e+00,5.509135525831532210e-02,-6.599002800544635783e-02,-4.436351556216824280e-05,-5.354621183019882269e-02,1.295610369028370526e-02,2.264823146941239134e-04,7.473870257247117134e-04,-2.568940086304603576e-01
4.407999999999999829e+01,2.000000000000000000e+00,-2.950836292618499002e+00,9.878540841643745907e-01,2.903913399346741198e+00,5.509043945846597151e-02,-6.491734761810949439e-02,-4.722233575570514261e-05,-5.354168226308717721e-02,1.297092055967967103e-02,2.264720505698026003e-04,7.342728914435941870e-04,-2.527062954686140617e-01
4.410000000000000142e+01,2.000000000000000000e+00,-2.951907080970739283e+00,9.881136485477557407e-01,2.903637298804513378e+00,5.508946613002474457e-02,-6.383109801405131845e-02,-5.011638477693572234e-05,-5.353715304219622967e-02,1.298547352342618866e-02,2.264476834153081861e-04,7.209963798730689884e-04,-2.484662035716352635e-01
4.412000000000000455e+01,2.000000000000000000e+00,-2.952977778744378945e+00,9.883735013242601619e-01,2.903365903873300180e+00,5.508843456783613091e-02,-6.273122682111922921e-02,-5.304571938551130264e-05,-5.353262445013919069e-02,1.299975932912306349e-02,2.264091579676890667e-04,7.075570055730011961e-04,-2.441735406717413792e-01
4.414000000000000057e+01,2.000000000000000000e+00,-2.954048385954828326e+00,9.886336371181217997e-01,2.903099272692824862e+00,5.508734406567787623e-02,-6.161768134923870099e-02,-5.601038947712185987e-05,-5.352809677063456034e-02,1.301377471466130982e-02,2.263564189639938004e-04,6.939542831032602258e-04,-2.398281128866162903e-01
4.415999999999999659e+01,2.000000000000000000e+00,-2.955118902623186550e+00,9.888940504882355320e-01,2.902837463602144563e+00,5.508619391639954510e-02,-6.049040858921641423e-02,-5.901043795518678406e-05,-5.352357028850608656e-02,1.302751640822313178e-02,2.262894111412708372e-04,6.801877270237100719e-04,-2.354297246904671626e-01
4.417999999999999972e+01,2.000000000000000000e+00,-2.956189328776257064e+00,9.891547359279628804e-01,2.902580535140840912e+00,5.508498341206360949e-02,-5.934935521169341921e-02,-6.204590060137038206e-05,-5.351904528968279284e-02,1.304098112828192338e-02,2.262080792365686816e-04,6.662568518942193910e-04,-2.309781788850154838e-01
4.420000000000000284e+01,2.000000000000000000e+00,-2.957259664446575620e+00,9.894156878649374987e-01,2.902328546050232827e+00,5.508371184408920873e-02,-5.819446756625114986e-02,-6.511680594491749770e-05,-5.351452206119892974e-02,1.305416558360229969e-02,2.261123679869358376e-04,6.521611722746525029e-04,-2.264732765704176032e-01
4.421999999999999886e+01,2.000000000000000000e+00,-2.958329909672428482e+00,9.896769006608713282e-01,2.902081555274611535e+00,5.508237850339851860e-02,-5.702569168067964794e-02,-6.822317513079056669e-05,-5.351000089119402336e-02,1.306706647324004308e-02,2.260022221294207554e-04,6.379002027248782810e-04,-2.219148171161375027e-01
4.424000000000000199e+01,2.000000000000000000e+00,-2.959400064497874627e+00,9.899383686113603087e-01,2.901839621962493787e+00,5.508098268056581259e-02,-5.584297326041153670e-02,-7.136502178660091684e-05,-5.350548206891289627e-02,1.307968048654215704e-02,2.258775864010719120e-04,6.234734578047619125e-04,-2.173025981317702748e-01
4.425999999999999801e+01,2.000000000000000000e+00,-2.960470128972771953e+00,9.902000859456905335e-01,2.901602805467898172e+00,5.507952366596902821e-02,-5.464625768813099332e-02,-7.454235188831642408e-05,-5.350096588470554942e-02,1.309200430314683139e-02,2.257384055389378660e-04,6.088804520741702107e-04,-2.126364154378374005e-01
4.428000000000000114e+01,2.000000000000000000e+00,-2.961540103152792813e+00,9.904620468266431832e-01,2.901371165351642745e+00,5.507800074994428918e-02,-5.343549002356218214e-02,-7.775516362473709471e-05,-5.349645263002731493e-02,1.310403459298345452e-02,2.255846242800670131e-04,5.941207000929681461e-04,-2.079160630365552709e-01
4.429999999999999716e+01,2.000000000000000000e+00,-2.962609987099453335e+00,9.907242453503016799e-01,2.901144761382661308e+00,5.507641322294291181e-02,-5.221061500344613415e-02,-8.100344726072095558e-05,-5.349194259743873803e-02,1.311576801627261160e-02,2.254161873615079660e-04,5.791937164210250255e-04,-2.031413330825964925e-01
4.432000000000000028e+01,2.000000000000000000e+00,-2.963679780880128511e+00,9.909866755458560661e-01,2.900923653539343228e+00,5.507476037569134647e-02,-5.097157704171039611e-02,-8.428718499915241881e-05,-5.348743608060566729e-02,1.312720122352608806e-02,2.252330395203090664e-04,5.640990156182059279e-04,-1.983120158538444755e-01
4.434000000000000341e+01,2.000000000000000000e+00,-2.964749484568080629e+00,9.912493313754099367e-01,2.900707902010891903e+00,5.507304149935372817e-02,-4.971832022984199601e-02,-8.760635084163372738e-05,-5.348293337429916444e-02,1.313833085554686614e-02,2.250351254935189268e-04,5.488361122443774498e-04,-1.934278997221658414e-01
4.435999999999999943e+01,2.000000000000000000e+00,-2.965819098242476581e+00,9.915122067337858169e-01,2.900497567198707216e+00,5.507125588569736913e-02,-4.845078833746833957e-02,-9.096091044788916821e-05,-5.347843477439558069e-02,1.314915354342912138e-02,2.248223900181858619e-04,5.334045208594058625e-04,-1.884887711242016761e-01
4.438000000000000256e+01,2.000000000000000000e+00,-2.966888621988412300e+00,9.917752954483309846e-01,2.900292709717785300e+00,5.506940282726097147e-02,-4.716892481315524549e-02,-9.435082099386794439e-05,-5.347394057787652200e-02,1.315966590855823307e-02,2.245947778313585926e-04,5.178037560231568952e-04,-1.834944145321963926e-01
4.439999999999999858e+01,2.000000000000000000e+00,-2.967958055896934511e+00,9.920385912787231808e-01,2.900093390398142290e+00,5.506748161752574727e-02,-4.587267278542925264e-02,-9.777603102852879316e-05,-5.346945108282882830e-02,1.316986456261077382e-02,2.243522336700854065e-04,5.020333322954980120e-04,-1.784446124248745547e-01
4.442000000000000171e+01,2.000000000000000000e+00,-2.969027400065062938e+00,9.923020879167767649e-01,2.899899670286255837e+00,5.506549155108941829e-02,-4.456197506403213049e-02,-1.012364803292963884e-04,-5.346496658844463595e-02,1.317974610755450957e-02,2.240947022714148890e-04,4.860927642362968936e-04,-1.733391452583785131e-01
4.443999999999999773e+01,2.000000000000000000e+00,-2.970096654595811625e+00,9.925657789862484259e-01,2.899711610646531046e+00,5.506343192384304669e-02,-4.323677414141566255e-02,-1.047320997561712727e-04,-5.346048739502130137e-02,1.318930713564841345e-02,2.238221283723955445e-04,4.699815664054192150e-04,-1.681777914372801219e-01
4.446000000000000085e+01,2.000000000000000000e+00,-2.971165819598212465e+00,9.928296580426428930e-01,2.899529272962782844e+00,5.506130203315096061e-02,-4.189701219448536268e-02,-1.082628111044800907e-04,-5.345601380396148433e-02,1.319854422944264846e-02,2.235344567100757958e-04,4.536992533627296756e-04,-1.629603272856817442e-01
4.448000000000000398e+01,2.000000000000000000e+00,-2.972234895187335635e+00,9.930937185730185357e-01,2.899352718939741891e+00,5.505910117803342746e-02,-4.054263108660203369e-02,-1.118285269562487651e-04,-5.345154611777307163e-02,1.320745396177857613e-02,2.232316320215041200e-04,4.372453396680976907e-04,-1.576865270184223955e-01
4.450000000000000000e+01,2.000000000000000000e+00,-2.973303881484313127e+00,9.933579539957939630e-01,2.899182010504580020e+00,5.505682865935245668e-02,-3.917357236984785746e-02,-1.154291505301897625e-04,-5.344708464006922566e-02,1.321603289578875823e-02,2.229135990437291028e-04,4.206193398813885560e-04,-1.523561627123957984e-01
4.451999999999999602e+01,2.000000000000000000e+00,-2.974372778616359625e+00,9.936223576605529573e-01,2.899017209808455675e+00,5.505448378000057236e-02,-3.778977728756846566e-02,-1.190645755302795726e-04,-5.344262967556834276e-02,1.322427758489694988e-02,2.225803025137991671e-04,4.038207685624686512e-04,-1.469690042780054662e-01
4.453999999999999915e+01,2.000000000000000000e+00,-2.975441586716795594e+00,9.938869228478508511e-01,2.898858379228079318e+00,5.505206584509264589e-02,-3.639118677719831163e-02,-1.227346859929175213e-04,-5.343818153009410876e-02,1.323218457281810818e-02,2.222316871687627358e-04,3.868491402712031634e-04,-1.415248194307653362e-01
4.456000000000000227e+01,2.000000000000000000e+00,-2.976510305925069488e+00,9.941516427690200164e-01,2.898705581367301054e+00,5.504957416216078869e-02,-3.497774147337973788e-02,-1.264393561326457532e-04,-5.343374051057545038e-02,1.323975039355838185e-02,2.218676977456684486e-04,3.697039695674612372e-04,-1.360233736630663826e-01
4.457999999999999829e+01,2.000000000000000000e+00,-2.977578936386778619e+00,9.944165105659761306e-01,2.898558879058712900e+00,5.504700804135233272e-02,-3.354938171138361486e-02,-1.301784501864187960e-04,-5.342930692504655604e-02,1.324697157141512330e-02,2.214882789815646744e-04,3.523847710111081681e-04,-1.304644302161191427e-01
4.460000000000000142e+01,2.000000000000000000e+00,-2.978647478253691805e+00,9.946815193110234432e-01,2.898418335365278597e+00,5.504436679563093349e-02,-3.210604753084336099e-02,-1.339518222564020102e-04,-5.342488108264687591e-02,1.325384462097687482e-02,2.210933756134999444e-04,3.348910591620105526e-04,-1.248477500520975558e-01
4.462000000000000455e+01,2.000000000000000000e+00,-2.979715931683772911e+00,9.949466620066611533e-01,2.898284013581974516e+00,5.504164974098092050e-02,-3.064767867981024740e-02,-1.377593161512858896e-04,-5.342046329362112878e-02,1.326036604712338418e-02,2.206829323785226816e-04,3.172223485800331985e-04,-1.191730918264933686e-01
4.464000000000000057e+01,2.000000000000000000e+00,-2.980784296841201275e+00,9.952119315853888981e-01,2.898155977237456771e+00,5.503885619661465223e-02,-2.917421461914189787e-02,-1.416007652260971685e-04,-5.341605386931926047e-02,1.326653234502558898e-02,2.202568940136814173e-04,2.993781538250441659e-04,-1.134402118607065746e-01
4.465999999999999659e+01,2.000000000000000000e+00,-2.981852573896393466e+00,9.954773209095125752e-01,2.898034290095743426e+00,5.503598548518334743e-02,-2.768559452723224831e-02,-1.454759922204931311e-04,-5.341165312219653405e-02,1.327234000014563056e-02,2.198152052560247100e-04,2.813579894569115153e-04,-1.076488641148815040e-01
4.467999999999999972e+01,2.000000000000000000e+00,-2.982920763026027267e+00,9.957428227709500534e-01,2.897919016157916250e+00,5.503303693299087251e-02,-2.618175730509485558e-02,-1.493848090955202286e-04,-5.340726136581339795e-02,1.327778548823684360e-02,2.193578108426009826e-04,2.631613700355003253e-04,-1.017988001610135723e-01
4.470000000000000284e+01,2.000000000000000000e+00,-2.983988864413062103e+00,9.960084298910376610e-01,2.897810219663843778e+00,5.503000987021106766e-02,-2.466264158181005403e-02,-1.533270168688197134e-04,-5.340287891483561783e-02,1.328286527534376128e-02,2.188846555104586580e-04,2.447878101206755119e-04,-9.588976915634475628e-02
4.471999999999999886e+01,2.000000000000000000e+00,-2.985056878246761691e+00,9.962741349203348973e-01,2.897707965093918148e+00,5.502690363110824406e-02,-2.312818572034714901e-02,-1.573024054482628873e-04,-5.339850608503419332e-02,1.328757581780211534e-02,2.183956839966463761e-04,2.262368242723067076e-04,-8.992151781706865521e-02
4.474000000000000199e+01,2.000000000000000000e+00,-2.986124804722716686e+00,9.965399304384316981e-01,2.897612317170814578e+00,5.502371755426101879e-02,-2.157832782377092432e-02,-1.613107534640023568e-04,-5.339414319328537883e-02,1.329191356223882910e-02,2.178908410382124784e-04,2.075079270502588012e-04,-8.389379039235883573e-02
4.475999999999999801e+01,2.000000000000000000e+00,-2.987192644042866441e+00,9.968058089537527033e-01,2.897523340861266394e+00,5.502045098278963292e-02,-2.001300574184657760e-02,-1.653518280989163937e-04,-5.338979055757071129e-02,1.329587494557203306e-02,2.173700713722055504e-04,1.886006330143983353e-04,-7.780632863875164285e-02
4.478000000000000114e+01,2.000000000000000000e+00,-2.988260396415520326e+00,9.970717629033640783e-01,2.897441101377857375e+00,5.501710326458655181e-02,-1.843215707805239550e-02,-1.694253849174321141e-04,-5.338544849697696854e-02,1.329945639501104587e-02,2.168333197356740153e-04,1.695144567245903885e-04,-7.165887179489685566e-02
4.479999999999999716e+01,2.000000000000000000e+00,-2.989328062055380375e+00,9.973377846527792245e-01,2.897365664180832745e+00,5.501367375255056258e-02,-1.683571919701357805e-02,-1.735311676927078805e-04,-5.338111733169617623e-02,1.330265432805638817e-02,2.162805308656663770e-04,1.502489127407045119e-04,-6.545115655670431798e-02
4.482000000000000028e+01,2.000000000000000000e+00,-2.990395641183564823e+00,9.976038664957643798e-01,2.897297094979925713e+00,5.501016180482438955e-02,-1.522362923236692672e-02,-1.776689082321609135e-04,-5.337679738302564952e-02,1.330546515249977912e-02,2.157116494992311671e-04,1.308035156226056758e-04,-5.918291705290090049e-02
4.484000000000000341e+01,2.000000000000000000e+00,-2.991463134027628090e+00,9.978700006541446621e-01,2.897235459736202223e+00,5.500656678503568209e-02,-1.359582409507144665e-02,-1.818383262013156636e-04,-5.337248897336793751e-02,1.330788526642413122e-02,2.151266203734168085e-04,1.111777799301603140e-04,-5.285388482103204472e-02
4.485999999999999943e+01,2.000000000000000000e+00,-2.992530540821582985e+00,9.981361792776093367e-01,2.897180824663920795e+00,5.500288806254172158e-02,-1.195224048217495734e-02,-1.860391289459599061e-04,-5.336819242623086490e-02,1.330991105820355548e-02,2.145253882252718325e-04,9.137122022323510462e-05,-4.646378878392313366e-02
4.488000000000000256e+01,2.000000000000000000e+00,-2.993597861805924687e+00,9.984023944435184150e-01,2.897133256232406584e+00,5.499912501267754245e-02,-1.029281488605006400e-02,-1.902710113125890168e-04,-5.336390806622749033e-02,1.331153890650336319e-02,2.139078977918446077e-04,7.138335106169313405e-05,-4.001235522662815319e-02
4.489999999999999858e+01,2.000000000000000000e+00,-2.994665097227650730e+00,9.986686381567080328e-01,2.897092821167945864e+00,5.499527701700777232e-02,-8.617483604113740370e-03,-1.945336554671157946e-04,-5.335963621907617582e-02,1.331276518028005895e-02,2.132740938101838012e-04,5.121368700540759899e-05,-3.349930777389673042e-02
4.492000000000000171e+01,2.000000000000000000e+00,-2.995732247340285426e+00,9.989349023492966051e-01,2.897059586455690283e+00,5.499134346358203196e-02,-6.926182749039372540e-03,-1.988267307118382426e-04,-5.335537721160049651e-02,1.331358623878134591e-02,2.126239210173378358e-04,3.086174261424170113e-05,-2.692436736816918377e-02
4.493999999999999773e+01,2.000000000000000000e+00,-2.996799312403898519e+00,9.992011788804898709e-01,2.897033619341576660e+00,5.498732374719406818e-02,-5.218848259480009417e-03,-2.031498933006321307e-04,-5.335113137172931008e-02,1.331399843154612746e-02,2.119573241503551887e-04,1.032703244806195744e-05,-2.028725224814789327e-02
4.496000000000000085e+01,2.000000000000000000e+00,-2.997866292685131828e+00,9.994674595363878256e-01,2.897014987334265435e+00,5.498321726964459227e-02,-3.495415911311977250e-03,-2.075027862523609406e-04,-5.334689902849672205e-02,1.331399809840450206e-02,2.112742479462843099e-04,-1.039092893326685999e-05,-1.358767792795586606e-02
4.498000000000000398e+01,2.000000000000000000e+00,-2.998933188457217014e+00,9.997337360297897657e-01,2.897003758207086221e+00,5.497902344000787922e-02,-1.755821329414998175e-03,-2.118850391624774957e-04,-5.334268051204212047e-02,1.331358156947776324e-02,2.105746371421737307e-04,-3.129262696987476474e-05,-6.825357176920301971e-03
4.500000000000000000e+01,2.000000000000000000e+00,-3.000000000000000000e+00,1.000000000000000000e+00,2.896999999999999797e+00,5.497474167490210006e-02,-2.124619237986986801e-16,-2.162962680128055969e-04,-5.333847615361012734e-02,1.331274516517840303e-02,2.098584364750719555e-04,-5.237854710189696099e-05,-8.258966911514040955e-16
