t,segment,X,Y,psi,vx,delta,ax,Xd,Yd,Xdd,Ydd,kappa
0.000000000000000000e+00,0.000000000000000000e+00,0.000000000000000000e+00,0.000000000000000000e+00,0.000000000000000000e+00,0.000000000000000000e+00,0.000000000000000000e+00,2.846611266732672618e-01,0.000000000000000000e+00,0.000000000000000000e+00,2.500000000000000000e-01,0.000000000000000000e+00,0.000000000000000000e+00
2.000000000000000042e-02,0.000000000000000000e+00,5.464439191953012132e-05,0.000000000000000000e+00,0.000000000000000000e+00,5.693222533465345202e-03,0.000000000000000000e+00,3.179572484200826610e-01,5.693222533465345202e-03,0.000000000000000000e+00,3.186363591478740820e-01,0.000000000000000000e+00,0.000000000000000000e+00
4.000000000000000083e-02,0.000000000000000000e+00,2.366075053526515775e-04,0.000000000000000000e+00,0.000000000000000000e+00,1.271828993680330575e-02,0.000000000000000000e+00,3.825325101429464247e-01,1.271828993680330575e-02,0.000000000000000000e+00,3.831980539289996379e-01,0.000000000000000000e+00,0.000000000000000000e+00
5.999999999999999778e-02,0.000000000000000000e+00,5.717167316001622868e-04,0.000000000000000000e+00,0.000000000000000000e+00,2.099452293918319806e-02,0.000000000000000000e+00,4.431145091494910204e-01,2.099452293918319806e-02,0.000000000000000000e+00,4.437664859938059703e-01,0.000000000000000000e+00,0.000000000000000000e+00
8.000000000000000167e-02,0.000000000000000000e+00,1.084202156876332276e-03,0.000000000000000000e+00,0.000000000000000000e+00,3.044287030278294143e-02,0.000000000000000000e+00,4.997846470901461391e-01,3.044287030278294143e-02,0.000000000000000000e+00,5.004230569927228256e-01,0.000000000000000000e+00,0.000000000000000000e+00
1.000000000000000056e-01,0.000000000000000000e+00,1.796729122969076492e-03,0.000000000000000000e+00,0.000000000000000000e+00,4.098590882278905362e-02,0.000000000000000000e+00,5.526243256153408057e-01,4.098590882278905362e-02,0.000000000000000000e+00,5.532491685761793399e-01,0.000000000000000000e+00,0.000000000000000000e+00
1.199999999999999956e-01,0.000000000000000000e+00,2.730430787900123453e-03,0.000000000000000000e+00,0.000000000000000000e+00,5.254784332739657199e-02,0.000000000000000000e+00,6.017149463755044891e-01,5.254784332739657199e-02,0.000000000000000000e+00,6.023262223946053151e-01,0.000000000000000000e+00,0.000000000000000000e+00
1.400000000000000133e-01,0.000000000000000000e+00,3.904940686585193620e-03,0.000000000000000000e+00,0.000000000000000000e+00,6.505450667780925122e-02,0.000000000000000000e+00,6.471379110210686569e-01,6.505450667780925122e-02,0.000000000000000000e+00,6.477356200984298873e-01,0.000000000000000000e+00,0.000000000000000000e+00
1.600000000000000033e-01,0.000000000000000000e+00,5.338425291494164684e-03,0.000000000000000000e+00,0.000000000000000000e+00,7.843335976823931355e-02,0.000000000000000000e+00,6.889746212024592253e-01,7.843335976823931355e-02,0.000000000000000000e+00,6.895587633380827475e-01,0.000000000000000000e+00,0.000000000000000000e+00
1.799999999999999933e-01,0.000000000000000000e+00,7.047616573311240966e-03,0.000000000000000000e+00,0.000000000000000000e+00,9.261349152590760136e-02,0.000000000000000000e+00,7.273064785701075508e-01,9.261349152590760136e-02,0.000000000000000000e+00,7.278770537639931426e-01,0.000000000000000000e+00,0.000000000000000000e+00
2.000000000000000111e-01,0.000000000000000000e+00,9.047844561595142984e-03,0.000000000000000000e+00,0.000000000000000000e+00,1.075256189110436189e-01,0.000000000000000000e+00,7.622148847744432132e-01,1.075256189110436189e-01,0.000000000000000000e+00,7.627718930265904307e-01,0.000000000000000000e+00,0.000000000000000000e+00
2.200000000000000011e-01,0.000000000000000000e+00,1.135306990543924650e-02,0.000000000000000000e+00,0.000000000000000000e+00,1.231020869168853449e-01,0.000000000000000000e+00,7.937812414658949045e-01,1.231020869168853449e-01,0.000000000000000000e+00,7.943246827763044138e-01,0.000000000000000000e+00,0.000000000000000000e+00
2.399999999999999911e-01,0.000000000000000000e+00,1.397591643413178750e-02,0.000000000000000000e+00,0.000000000000000000e+00,1.392768685696793851e-01,0.000000000000000000e+00,8.220869502948930929e-01,1.392768685696793851e-01,0.000000000000000000e+00,8.226168246635641168e-01,0.000000000000000000e+00,0.000000000000000000e+00
2.600000000000000089e-01,0.000000000000000000e+00,1.692770371781602765e-02,0.000000000000000000e+00,0.000000000000000000e+00,1.559855649286810697e-01,0.000000000000000000e+00,8.472134129118682466e-01,1.559855649286810697e-01,0.000000000000000000e+00,8.477297203387995639e-01,0.000000000000000000e+00,0.000000000000000000e+00
2.800000000000000266e-01,0.000000000000000000e+00,2.021847962815039729e-02,0.000000000000000000e+00,0.000000000000000000e+00,1.731654050861541339e-01,0.000000000000000000e+00,8.692420309672441725e-01,1.731654050861541339e-01,0.000000000000000000e+00,8.697447714524397799e-01,0.000000000000000000e+00,0.000000000000000000e+00
2.999999999999999889e-01,0.000000000000000000e+00,2.385705289896869821e-02,0.000000000000000000e+00,0.000000000000000000e+00,1.907552461673708288e-01,0.000000000000000000e+00,8.882542061114566678e-01,1.907552461673708288e-01,0.000000000000000000e+00,8.887433796549139009e-01,0.000000000000000000e+00,0.000000000000000000e+00
3.200000000000000067e-01,0.000000000000000000e+00,2.785102568694028044e-02,0.000000000000000000e+00,0.000000000000000000e+00,2.086955733306123939e-01,0.000000000000000000e+00,9.043313399949362008e-01,2.086955733306123939e-01,0.000000000000000000e+00,9.048069465966522840e-01,0.000000000000000000e+00,0.000000000000000000e+00
3.400000000000000244e-01,0.000000000000000000e+00,3.220682613223017909e-02,0.000000000000000000e+00,0.000000000000000000e+00,2.269284997671683068e-01,0.000000000000000000e+00,9.175548342681061342e-01,2.269284997671683068e-01,0.000000000000000000e+00,9.180168739280838430e-01,0.000000000000000000e+00,0.000000000000000000e+00
3.599999999999999867e-01,0.000000000000000000e+00,3.692974091915932067e-02,0.000000000000000000e+00,0.000000000000000000e+00,2.453977667013365893e-01,0.000000000000000000e+00,9.280060905813973804e-01,2.453977667013365893e-01,0.000000000000000000e+00,9.284545632996381581e-01,0.000000000000000000e+00,0.000000000000000000e+00
3.800000000000000044e-01,0.000000000000000000e+00,4.202394783686466684e-02,0.000000000000000000e+00,0.000000000000000000e+00,2.640487433904241676e-01,0.000000000000000000e+00,9.357665105852426279e-01,2.640487433904241676e-01,0.000000000000000000e+00,9.362014163617443652e-01,0.000000000000000000e+00,0.000000000000000000e+00
4.000000000000000222e-01,0.000000000000000000e+00,4.749254833995941727e-02,0.000000000000000000e+00,0.000000000000000000e+00,2.828284271247463177e-01,0.000000000000000000e+00,9.409174959300665719e-01,2.828284271247463177e-01,0.000000000000000000e+00,9.413388347648322663e-01,0.000000000000000000e+00,0.000000000000000000e+00
4.199999999999999845e-01,0.000000000000000000e+00,5.333760010919312566e-02,0.000000000000000000e+00,0.000000000000000000e+00,3.016854432276268039e-01,0.000000000000000000e+00,9.435404482663019010e-01,3.016854432276268039e-01,0.000000000000000000e+00,9.439482201593309973e-01,0.000000000000000000e+00,0.000000000000000000e+00
4.400000000000000022e-01,0.000000000000000000e+00,5.956014961211196501e-02,0.000000000000000000e+00,0.000000000000000000e+00,3.205700450553983782e-01,0.000000000000000000e+00,9.437167692443804157e-01,3.205700450553983782e-01,0.000000000000000000e+00,9.441109741956700274e-01,0.000000000000000000e+00,0.000000000000000000e+00
4.600000000000000200e-01,0.000000000000000000e+00,6.616026466371882631e-02,0.000000000000000000e+00,0.000000000000000000e+00,3.394341139974020871e-01,0.000000000000000000e+00,9.415278605147268109e-01,3.394341139974020871e-01,0.000000000000000000e+00,9.419084985242791586e-01,0.000000000000000000e+00,0.000000000000000000e+00
4.799999999999999822e-01,0.000000000000000000e+00,7.313706698713347276e-02,0.000000000000000000e+00,0.000000000000000000e+00,3.582311594759874929e-01,0.000000000000000000e+00,9.370551237277755519e-01,3.582311594759874929e-01,0.000000000000000000e+00,9.374221947955878598e-01,0.000000000000000000e+00,0.000000000000000000e+00
5.000000000000000000e-01,0.000000000000000000e+00,8.048876477425280507e-02,0.000000000000000000e+00,0.000000000000000000e+00,3.769163189465131181e-01,0.000000000000000000e+00,9.303799605339513334e-01,3.769163189465131181e-01,0.000000000000000000e+00,9.307334646600250450e-01,0.000000000000000000e+00,0.000000000000000000e+00
5.200000000000000178e-01,0.000000000000000000e+00,8.821268524641093234e-02,0.000000000000000000e+00,0.000000000000000000e+00,3.954463578973455573e-01,0.000000000000000000e+00,9.215837725836824035e-01,3.954463578973455573e-01,0.000000000000000000e+00,9.219237097680205162e-01,0.000000000000000000e+00,0.000000000000000000e+00
5.400000000000000355e-01,0.000000000000000000e+00,9.630530721503939573e-02,0.000000000000000000e+00,0.000000000000000000e+00,4.137796698498604764e-01,0.000000000000000000e+00,9.107479615274076679e-01,4.137796698498604764e-01,0.000000000000000000e+00,9.110743317700037425e-01,0.000000000000000000e+00,0.000000000000000000e+00
5.600000000000000533e-01,0.000000000000000000e+00,1.047622936423273782e-01,0.000000000000000000e+00,0.000000000000000000e+00,4.318762763584418907e-01,0.000000000000000000e+00,8.979539290155482689e-01,4.318762763584418907e-01,0.000000000000000000e+00,8.982667323164041928e-01,0.000000000000000000e+00,0.000000000000000000e+00
5.799999999999999600e-01,0.000000000000000000e+00,1.135785242018816643e-01,0.000000000000000000e+00,0.000000000000000000e+00,4.496978270104822761e-01,0.000000000000000000e+00,8.832830766985289017e-01,4.496978270104822761e-01,0.000000000000000000e+00,8.835823130576513362e-01,0.000000000000000000e+00,0.000000000000000000e+00
5.999999999999999778e-01,0.000000000000000000e+00,1.227481278393872527e-01,0.000000000000000000e+00,0.000000000000000000e+00,4.672075994263830134e-01,0.000000000000000000e+00,8.668168062267884721e-01,4.672075994263830134e-01,0.000000000000000000e+00,8.671024756441740866e-01,0.000000000000000000e+00,0.000000000000000000e+00
6.199999999999999956e-01,0.000000000000000000e+00,1.322645153332670243e-01,0.000000000000000000e+00,0.000000000000000000e+00,4.843704992595538328e-01,0.000000000000000000e+00,8.486365192507552280e-01,4.843704992595538328e-01,0.000000000000000000e+00,8.489086217264028011e-01,0.000000000000000000e+00,0.000000000000000000e+00
6.400000000000000133e-01,0.000000000000000000e+00,1.421204118553422158e-01,0.000000000000000000e+00,0.000000000000000000e+00,5.011530601964132581e-01,0.000000000000000000e+00,8.288236174208627460e-01,5.011530601964132581e-01,0.000000000000000000e+00,8.290821529547663937e-01,0.000000000000000000e+00,0.000000000000000000e+00
6.600000000000000311e-01,0.000000000000000000e+00,1.523078895314925463e-01,0.000000000000000000e+00,0.000000000000000000e+00,5.175234439563883848e-01,0.000000000000000000e+00,8.074595023875286159e-01,5.175234439563883848e-01,0.000000000000000000e+00,8.077044709796943334e-01,0.000000000000000000e+00,0.000000000000000000e+00
6.800000000000000488e-01,0.000000000000000000e+00,1.628184000023163436e-01,0.000000000000000000e+00,0.000000000000000000e+00,5.334514402919143805e-01,0.000000000000000000e+00,7.846255758011864145e-01,5.334514402919143805e-01,0.000000000000000000e+00,7.848569774516160891e-01,0.000000000000000000e+00,0.000000000000000000e+00
7.000000000000000666e-01,0.000000000000000000e+00,1.736428069837906707e-01,0.000000000000000000e+00,0.000000000000000000e+00,5.489084669884358725e-01,0.000000000000000000e+00,7.604032393122768241e-01,5.489084669884358725e-01,0.000000000000000000e+00,7.606210740209612409e-01,0.000000000000000000e+00,0.000000000000000000e+00
7.199999999999999734e-01,0.000000000000000000e+00,1.847714188279316327e-01,0.000000000000000000e+00,0.000000000000000000e+00,5.638675698644053380e-01,0.000000000000000000e+00,7.348738945712085524e-01,5.638675698644053380e-01,0.000000000000000000e+00,7.350781623381594798e-01,0.000000000000000000e+00,0.000000000000000000e+00
7.399999999999999911e-01,0.000000000000000000e+00,1.961940210834545173e-01,0.000000000000000000e+00,0.000000000000000000e+00,5.783034227712842146e-01,0.000000000000000000e+00,7.081189432284240581e-01,5.783034227712842146e-01,0.000000000000000000e+00,7.083096440536394978e-01,0.000000000000000000e+00,0.000000000000000000e+00
7.600000000000000089e-01,0.000000000000000000e+00,2.078999090564337959e-01,0.000000000000000000e+00,0.000000000000000000e+00,5.921923275935423447e-01,0.000000000000000000e+00,6.802197869343515890e-01,5.921923275935423447e-01,0.000000000000000000e+00,6.803969208178310968e-01,0.000000000000000000e+00,0.000000000000000000e+00
7.800000000000000266e-01,0.000000000000000000e+00,2.198779203709634866e-01,0.000000000000000000e+00,0.000000000000000000e+00,6.055122142486583092e-01,0.000000000000000000e+00,6.512578273394282746e-01,6.055122142486583092e-01,0.000000000000000000e+00,6.514213942811636349e-01,0.000000000000000000e+00,0.000000000000000000e+00
8.000000000000000444e-01,0.000000000000000000e+00,2.321164675298173219e-01,0.000000000000000000e+00,0.000000000000000000e+00,6.182426406871195379e-01,0.000000000000000000e+00,6.213144660940663755e-01,6.182426406871195379e-01,0.000000000000000000e+00,6.214644660940672471e-01,0.000000000000000000e+00,0.000000000000000000e+00
8.200000000000000622e-01,0.000000000000000000e+00,2.446035704751087503e-01,0.000000000000000000e+00,0.000000000000000000e+00,6.303647928924209776e-01,0.000000000000000000e+00,5.904711048487101266e-01,6.303647928924209776e-01,0.000000000000000000e+00,5.906075379069704034e-01,0.000000000000000000e+00,0.000000000000000000e+00
8.399999999999999689e-01,0.000000000000000000e+00,2.573268891489513543e-01,0.000000000000000000e+00,0.000000000000000000e+00,6.418614848810677564e-01,0.000000000000000000e+00,5.588091452537842230e-01,6.418614848810677564e-01,0.000000000000000000e+00,5.589320113703039050e-01,0.000000000000000000e+00,0.000000000000000000e+00
8.599999999999999867e-01,0.000000000000000000e+00,2.702737560541187412e-01,0.000000000000000000e+00,0.000000000000000000e+00,6.527171587025724087e-01,0.000000000000000000e+00,5.264099889597062543e-01,6.527171587025724087e-01,0.000000000000000000e+00,5.265192881344953335e-01,0.000000000000000000e+00,0.000000000000000000e+00
8.800000000000000044e-01,0.000000000000000000e+00,2.834312088147050157e-01,0.000000000000000000e+00,0.000000000000000000e+00,6.629178844394560954e-01,0.000000000000000000e+00,4.933550376169257845e-01,6.629178844394560954e-01,0.000000000000000000e+00,4.934507698499752681e-01,0.000000000000000000e+00,0.000000000000000000e+00
9.000000000000000222e-01,0.000000000000000000e+00,2.967860227367846160e-01,0.000000000000000000e+00,0.000000000000000000e+00,6.724513602072494933e-01,0.000000000000000000e+00,4.597256928758639560e-01,6.724513602072494933e-01,0.000000000000000000e+00,4.598078581671732334e-01,0.000000000000000000e+00,0.000000000000000000e+00
9.200000000000000400e-01,0.000000000000000000e+00,3.103247433690727863e-01,0.000000000000000000e+00,0.000000000000000000e+00,6.813069121544906848e-01,0.000000000000000000e+00,4.256033563869472403e-01,6.813069121544906848e-01,0.000000000000000000e+00,4.256719547365183098e-01,0.000000000000000000e+00,0.000000000000000000e+00
9.400000000000000577e-01,0.000000000000000000e+00,3.240337190635858011e-01,0.000000000000000000e+00,0.000000000000000000e+00,6.894754944627273785e-01,0.000000000000000000e+00,3.910694298006092140e-01,6.894754944627273785e-01,0.000000000000000000e+00,3.911244612084399663e-01,0.000000000000000000e+00,0.000000000000000000e+00
9.599999999999999645e-01,0.000000000000000000e+00,3.378991335363004112e-01,0.000000000000000000e+00,0.000000000000000000e+00,6.969496893465150222e-01,0.000000000000000000e+00,3.562053147672621378e-01,6.969496893465150222e-01,0.000000000000000000e+00,3.562467792333681160e-01,0.000000000000000000e+00,0.000000000000000000e+00
9.799999999999999822e-01,0.000000000000000000e+00,3.519070384278152885e-01,0.000000000000000000e+00,0.000000000000000000e+00,7.037237070534180239e-01,0.000000000000000000e+00,3.210924129373751157e-01,7.037237070534180239e-01,0.000000000000000000e+00,3.211203104617315063e-01,0.000000000000000000e+00,0.000000000000000000e+00
1.000000000000000000e+00,0.000000000000000000e+00,3.660433858640100291e-01,0.000000000000000000e+00,0.000000000000000000e+00,7.097933858640099736e-01,0.000000000000000000e+00,2.858121259613461973e-01,7.097933858640099736e-01,0.000000000000000000e+00,2.858264565439601057e-01,0.000000000000000000e+00,0.000000000000000000e+00
1.020000000000000018e+00,0.000000000000000000e+00,3.802940610167058200e-01,0.000000000000000000e+00,0.000000000000000000e+00,7.151561920918718673e-01,0.000000000000000000e+00,2.504458554896054068e-01,7.151561920918718673e-01,0.000000000000000000e+00,2.504466191304831613e-01,0.000000000000000000e+00,0.000000000000000000e+00
1.040000000000000036e+00,0.000000000000000000e+00,3.946449146643254968e-01,0.000000000000000000e+00,0.000000000000000000e+00,7.198112200835942165e-01,0.000000000000000000e+00,2.150750031725934264e-01,7.198112200835942165e-01,0.000000000000000000e+00,2.150621998717301697e-01,0.000000000000000000e+00,0.000000000000000000e+00
1.060000000000000053e+00,0.000000000000000000e+00,4.090817957525541004e-01,0.000000000000000000e+00,0.000000000000000000e+00,7.237591922187756044e-01,0.000000000000000000e+00,1.797809706607260694e-01,7.237591922187756044e-01,0.000000000000000000e+00,1.797546004181305723e-01,0.000000000000000000e+00,0.000000000000000000e+00
1.080000000000000071e+00,0.000000000000000000e+00,4.235905839549985452e-01,0.000000000000000000e+00,0.000000000000000000e+00,7.270024589100232415e-01,0.000000000000000000e+00,1.446451596044440180e-01,7.270024589100232415e-01,0.000000000000000000e+00,1.446052224201136993e-01,0.000000000000000000e+00,0.000000000000000000e+00
1.100000000000000089e+00,0.000000000000000000e+00,4.381572222338478984e-01,0.000000000000000000e+00,0.000000000000000000e+00,7.295449986029534095e-01,0.000000000000000000e+00,1.097489716541772964e-01,7.295449986029534095e-01,0.000000000000000000e+00,1.096954675281094083e-01,0.000000000000000000e+00,0.000000000000000000e+00
1.120000000000000107e+00,0.000000000000000000e+00,4.527677494005336589e-01,0.000000000000000000e+00,0.000000000000000000e+00,7.313924177761904621e-01,0.000000000000000000e+00,7.517380846036658681e-02,7.313924177761904621e-01,0.000000000000000000e+00,7.510673739254672410e-02,0.000000000000000000e+00,0.000000000000000000e+00
1.140000000000000124e+00,0.000000000000000000e+00,4.674083326763900370e-01,0.000000000000000000e+00,0.000000000000000000e+00,7.325519509413679353e-01,0.000000000000000000e+00,4.100107167341349168e-02,7.325519509413679353e-01,0.000000000000000000e+00,4.092043366385504644e-02,0.000000000000000000e+00,0.000000000000000000e+00
1.159999999999999920e+00,0.000000000000000000e+00,4.820653002533136222e-01,0.000000000000000000e+00,0.000000000000000000e+00,7.330324606431268819e-01,0.000000000000000000e+00,7.312162943751587818e-03,7.330324606431268819e-01,0.000000000000000000e+00,7.217957992464448837e-03,0.000000000000000000e+00,0.000000000000000000e+00
1.179999999999999938e+00,0.000000000000000000e+00,4.967251738544247730e-01,0.000000000000000000e+00,0.000000000000000000e+00,7.328444374591179811e-01,0.000000000000000000e+00,-2.581151607816778437e-02,7.328444374591179811e-01,0.000000000000000000e+00,-2.591928797119614353e-02,0.000000000000000000e+00,0.000000000000000000e+00
1.199999999999999956e+00,0.000000000000000000e+00,5.113747012947259529e-01,0.000000000000000000e+00,0.000000000000000000e+00,7.320000000000002061e-01,0.000000000000000000e+00,-5.828856374192881162e-02,7.320000000000002061e-01,0.000000000000000000e+00,-5.840990257669753660e-02,0.000000000000000000e+00,0.000000000000000000e+00
1.219999999999999973e+00,0.000000000000000000e+00,5.260008890417633420e-01,0.000000000000000000e+00,0.000000000000000000e+00,7.305128949094407131e-01,0.000000000000000000e+00,-9.003757839711212796e-02,7.305128949094407131e-01,0.000000000000000000e+00,-9.017248417360970714e-02,0.000000000000000000e+00,0.000000000000000000e+00
1.239999999999999991e+00,0.000000000000000000e+00,5.405910347762866719e-01,0.000000000000000000e+00,0.000000000000000000e+00,7.283984968641157298e-01,0.000000000000000000e+00,-1.209771583932628403e-01,7.283984968641157298e-01,0.000000000000000000e+00,-1.211256311115036788e-01,0.000000000000000000e+00,0.000000000000000000e+00
1.260000000000000009e+00,0.000000000000000000e+00,5.551327599529091161e-01,0.000000000000000000e+00,0.000000000000000000e+00,7.256738085737102217e-01,0.000000000000000000e+00,-1.510259020799722407e-01,7.256738085737102217e-01,0.000000000000000000e+00,-1.511879417399494274e-01,0.000000000000000000e+00,0.000000000000000000e+00
1.280000000000000027e+00,0.000000000000000000e+00,5.696140423607674030e-01,0.000000000000000000e+00,0.000000000000000000e+00,7.223574607809168935e-01,0.000000000000000000e+00,-1.801024078068031997e-01,7.223574607809168935e-01,0.000000000000000000e+00,-1.802780144085180669e-01,0.000000000000000000e+00,0.000000000000000000e+00
1.300000000000000044e+00,0.000000000000000000e+00,5.840232486841827608e-01,0.000000000000000000e+00,0.000000000000000000e+00,7.184697122614380760e-01,0.000000000000000000e+00,-2.081252739233256932e-01,7.184697122614380760e-01,0.000000000000000000e+00,-2.083144474667798784e-01,0.000000000000000000e+00,0.000000000000000000e+00
1.320000000000000062e+00,0.000000000000000000e+00,5.983491670633199755e-01,0.000000000000000000e+00,0.000000000000000000e+00,7.140324498239838391e-01,0.000000000000000000e+00,-2.350130987791132497e-01,7.140324498239838391e-01,0.000000000000000000e+00,-2.352158392643054485e-01,0.000000000000000000e+00,0.000000000000000000e+00
1.340000000000000080e+00,0.000000000000000000e+00,6.125810396548485581e-01,0.000000000000000000e+00,0.000000000000000000e+00,7.090691883102735460e-01,0.000000000000000000e+00,-2.606844807237287398e-01,7.090691883102735460e-01,0.000000000000000000e+00,-2.609007881506652526e-01,0.000000000000000000e+00,0.000000000000000000e+00
1.360000000000000098e+00,0.000000000000000000e+00,6.267085951926023579e-01,0.000000000000000000e+00,0.000000000000000000e+00,7.036050705950346318e-01,0.000000000000000000e+00,-2.850580181067563501e-01,7.036050705950346318e-01,0.000000000000000000e+00,-2.852878924754299605e-01,0.000000000000000000e+00,0.000000000000000000e+00
1.380000000000000115e+00,0.000000000000000000e+00,6.407220815482397303e-01,0.000000000000000000e+00,0.000000000000000000e+00,6.976668675860032698e-01,0.000000000000000000e+00,-3.080523092777589511e-01,6.976668675860032698e-01,0.000000000000000000e+00,-3.082957505881700477e-01,0.000000000000000000e+00,0.000000000000000000e+00
1.400000000000000133e+00,0.000000000000000000e+00,6.546122982919037048e-01,0.000000000000000000e+00,0.000000000000000000e+00,6.912829782239242604e-01,0.000000000000000000e+00,-3.295859525863100714e-01,6.912829782239242604e-01,0.000000000000000000e+00,-3.298429608384562117e-01,0.000000000000000000e+00,0.000000000000000000e+00
1.419999999999999929e+00,0.000000000000000000e+00,6.683706292528828197e-01,0.000000000000000000e+00,0.000000000000000000e+00,6.844834294825509202e-01,0.000000000000000000e+00,-3.495775463819796869e-01,6.844834294825509202e-01,0.000000000000000000e+00,-3.498481215758585949e-01,0.000000000000000000e+00,0.000000000000000000e+00
1.439999999999999947e+00,0.000000000000000000e+00,6.819890750802702906e-01,0.000000000000000000e+00,0.000000000000000000e+00,6.772998763686453039e-01,0.000000000000000000e+00,-3.679456890143271153e-01,6.772998763686453039e-01,0.000000000000000000e+00,-3.682298311499482835e-01,0.000000000000000000e+00,0.000000000000000000e+00
1.459999999999999964e+00,0.000000000000000000e+00,6.954602858036249557e-01,0.000000000000000000e+00,0.000000000000000000e+00,6.697656019219778711e-01,0.000000000000000000e+00,-3.846089788329329906e-01,6.697656019219778711e-01,0.000000000000000000e+00,-3.849066879102954752e-01,0.000000000000000000e+00,0.000000000000000000e+00
1.479999999999999982e+00,0.000000000000000000e+00,7.087775933936311112e-01,0.000000000000000000e+00,0.000000000000000000e+00,6.619155172153280420e-01,0.000000000000000000e+00,-3.994860141873637360e-01,6.619155172153280420e-01,0.000000000000000000e+00,-3.997972902064709233e-01,0.000000000000000000e+00,0.000000000000000000e+00
1.500000000000000000e+00,0.000000000000000000e+00,7.219350443227584568e-01,0.000000000000000000e+00,0.000000000000000000e+00,6.537861613544831973e-01,0.000000000000000000e+00,-4.124953934272070910e-01,6.537861613544831973e-01,0.000000000000000000e+00,-4.128202363880450476e-01,0.000000000000000000e+00,0.000000000000000000e+00
1.520000000000000018e+00,0.000000000000000000e+00,7.349274321259227083e-01,0.000000000000000000e+00,0.000000000000000000e+00,6.454157014782396784e-01,0.000000000000000000e+00,-4.235557149020170442e-01,6.454157014782396784e-01,0.000000000000000000e+00,-4.238941248045884347e-01,0.000000000000000000e+00,0.000000000000000000e+00
1.540000000000000036e+00,0.000000000000000000e+00,7.477503299611456544e-01,0.000000000000000000e+00,0.000000000000000000e+00,6.368439327584025644e-01,0.000000000000000000e+00,-4.325855769613564661e-01,6.368439327584025644e-01,0.000000000000000000e+00,-4.329375538056717265e-01,0.000000000000000000e+00,0.000000000000000000e+00
1.560000000000000053e+00,0.000000000000000000e+00,7.604001231702152142e-01,0.000000000000000000e+00,0.000000000000000000e+00,6.281122783997854508e-01,0.000000000000000000e+00,-4.395035779548077670e-01,6.281122783997854508e-01,0.000000000000000000e+00,-4.398691217408653986e-01,0.000000000000000000e+00,0.000000000000000000e+00
1.580000000000000071e+00,0.000000000000000000e+00,7.728740418393456046e-01,0.000000000000000000e+00,0.000000000000000000e+00,6.192637896402102271e-01,0.000000000000000000e+00,-4.442283162319480283e-01,6.192637896402102271e-01,0.000000000000000000e+00,-4.446074269597398709e-01,0.000000000000000000e+00,0.000000000000000000e+00
1.600000000000000089e+00,0.000000000000000000e+00,7.851701933598376204e-01,0.000000000000000000e+00,0.000000000000000000e+00,6.103431457505075208e-01,0.000000000000000000e+00,-4.466783901423401204e-01,6.103431457505075208e-01,0.000000000000000000e+00,-4.470710678118658965e-01,0.000000000000000000e+00,0.000000000000000000e+00
1.620000000000000107e+00,0.000000000000000000e+00,7.972875949887388014e-01,0.000000000000000000e+00,0.000000000000000000e+00,6.013966540345165868e-01,0.000000000000000000e+00,-4.467723980355469138e-01,6.013966540345165868e-01,0.000000000000000000e+00,-4.471786426468137288e-01,0.000000000000000000e+00,0.000000000000000000e+00
1.640000000000000124e+00,0.000000000000000000e+00,8.092262064095037122e-01,0.000000000000000000e+00,0.000000000000000000e+00,5.924722498290856398e-01,0.000000000000000000e+00,-4.444289382611490424e-01,5.924722498290856398e-01,0.000000000000000000e+00,-4.448487498141542873e-01,0.000000000000000000e+00,0.000000000000000000e+00
1.660000000000000142e+00,0.000000000000000000e+00,8.209869622926533328e-01,0.000000000000000000e+00,0.000000000000000000e+00,5.836194965040706339e-01,0.000000000000000000e+00,-4.395666091687129295e-01,5.836194965040706339e-01,0.000000000000000000e+00,-4.399999876634579365e-01,0.000000000000000000e+00,0.000000000000000000e+00
1.679999999999999938e+00,0.000000000000000000e+00,8.325718048564364482e-01,0.000000000000000000e+00,0.000000000000000000e+00,5.748895854623371493e-01,0.000000000000000000e+00,-4.321040091078121037e-01,5.748895854623371493e-01,0.000000000000000000e+00,-4.325509545442951520e-01,0.000000000000000000e+00,0.000000000000000000e+00
1.699999999999999956e+00,0.000000000000000000e+00,8.439837164274892611e-01,0.000000000000000000e+00,0.000000000000000000e+00,5.663353361397582830e-01,0.000000000000000000e+00,-4.219597364280147644e-01,5.663353361397582830e-01,0.000000000000000000e+00,-4.224202488062367977e-01,0.000000000000000000e+00,0.000000000000000000e+00
1.719999999999999973e+00,0.000000000000000000e+00,8.552267520014952273e-01,0.000000000000000000e+00,0.000000000000000000e+00,5.580111960052165365e-01,0.000000000000000000e+00,-4.090523894788908876e-01,5.580111960052165365e-01,0.000000000000000000e+00,-4.095264687988531827e-01,0.000000000000000000e+00,0.000000000000000000e+00
1.739999999999999991e+00,0.000000000000000000e+00,8.663060718038456676e-01,0.000000000000000000e+00,0.000000000000000000e+00,5.499732405606025942e-01,0.000000000000000000e+00,-3.933005666100175546e-01,5.499732405606025942e-01,0.000000000000000000e+00,-3.937882128717148378e-01,0.000000000000000000e+00,0.000000000000000000e+00
1.760000000000000009e+00,0.000000000000000000e+00,8.772279738502997137e-01,0.000000000000000000e+00,0.000000000000000000e+00,5.422791733408158787e-01,0.000000000000000000e+00,-3.746228661709576357e-01,5.422791733408158787e-01,0.000000000000000000e+00,-3.751240793743921831e-01,0.000000000000000000e+00,0.000000000000000000e+00
1.780000000000000027e+00,0.000000000000000000e+00,8.879999265076448101e-01,0.000000000000000000e+00,0.000000000000000000e+00,5.349883259137643288e-01,0.000000000000000000e+00,-3.529378865112828834e-01,5.349883259137643288e-01,0.000000000000000000e+00,-3.534526666564561381e-01,0.000000000000000000e+00,0.000000000000000000e+00
1.800000000000000044e+00,0.000000000000000000e+00,8.986306010543563261e-01,0.000000000000000000e+00,0.000000000000000000e+00,5.281616578803645101e-01,0.000000000000000000e+00,-3.281642259805632733e-01,5.281616578803645101e-01,0.000000000000000000e+00,-3.286925730674770119e-01,0.000000000000000000e+00,0.000000000000000000e+00
1.820000000000000062e+00,0.000000000000000000e+00,9.091299042412581688e-01,0.000000000000000000e+00,0.000000000000000000e+00,5.218617568745417268e-01,0.000000000000000000e+00,-3.002204829283758869e-01,5.218617568745417268e-01,0.000000000000000000e+00,-3.007623969570254463e-01,0.000000000000000000e+00,0.000000000000000000e+00
1.840000000000000080e+00,0.000000000000000000e+00,9.195090108521828398e-01,0.000000000000000000e+00,0.000000000000000000e+00,5.161528385632294658e-01,0.000000000000000000e+00,-2.690252557042871473e-01,5.161528385632294658e-01,0.000000000000000000e+00,-2.695807366746718614e-01,0.000000000000000000e+00,0.000000000000000000e+00
1.860000000000000098e+00,0.000000000000000000e+00,9.297803962646320475e-01,0.000000000000000000e+00,0.000000000000000000e+00,5.111007466463702853e-01,0.000000000000000000e+00,-2.344971426578581486e-01,5.111007466463702853e-01,0.000000000000000000e+00,-2.350661905699869270e-01,0.000000000000000000e+00,0.000000000000000000e+00
1.880000000000000115e+00,0.000000000000000000e+00,9.399578690104353207e-01,0.000000000000000000e+00,0.000000000000000000e+00,5.067729528569151487e-01,0.000000000000000000e+00,-1.965547421386730775e-01,5.067729528569151487e-01,0.000000000000000000e+00,-1.971373569925412017e-01,0.000000000000000000e+00,0.000000000000000000e+00
1.900000000000000133e+00,0.000000000000000000e+00,9.500566033364126195e-01,0.000000000000000000e+00,0.000000000000000000e+00,5.032385569608233133e-01,0.000000000000000000e+00,-1.551166524963036863e-01,5.032385569608233133e-01,0.000000000000000000e+00,-1.557128342919051056e-01,0.000000000000000000e+00,0.000000000000000000e+00
1.919999999999999929e+00,0.000000000000000000e+00,9.600931717650319497e-01,0.000000000000000000e+00,0.000000000000000000e+00,5.005682867570629968e-01,0.000000000000000000e+00,-1.101014720803092928e-01,5.005682867570629968e-01,0.000000000000000000e+00,-1.107112208176498497e-01,0.000000000000000000e+00,0.000000000000000000e+00
1.939999999999999947e+00,0.000000000000000000e+00,9.700855776550718623e-01,0.000000000000000000e+00,0.000000000000000000e+00,4.988344980776109883e-01,0.000000000000000000e+00,-6.142779924026520177e-02,4.988344980776109883e-01,0.000000000000000000e+00,-6.205111491934491713e-02,0.000000000000000000e+00,0.000000000000000000e+00
1.959999999999999964e+00,0.000000000000000000e+00,9.800532877622799566e-01,0.000000000000000000e+00,0.000000000000000000e+00,4.981111747874523710e-01,0.000000000000000000e+00,-9.014232325743165575e-03,4.981111747874523710e-01,0.000000000000000000e+00,-9.651114946561347233e-03,0.000000000000000000e+00,0.000000000000000000e+00
1.979999999999999982e+00,0.000000000000000000e+00,9.900172648000333808e-01,0.000000000000000000e+00,0.000000000000000000e+00,4.984739287845812439e-01,0.000000000000000000e+00,4.722063031368683994e-02,4.984739287845812439e-01,0.000000000000000000e+00,4.657018075113028566e-02,0.000000000000000000e+00,0.000000000000000000e+00
2.000000000000000000e+00,1.000000000000000000e+00,1.000000000000000000e+00,0.000000000000000000e+00,0.000000000000000000e+00,4.999999999999998890e-01,0.000000000000000000e+00,9.152624405519205197e-02,4.999999999999998890e-01,0.000000000000000000e+00,1.066941738241589110e-01,0.000000000000000000e+00,0.000000000000000000e+00
2.020000000000000018e+00,1.000000000000000000e+00,1.010021347484493459e+00,1.016232585877547781e-06,3.018545201355608159e-04,5.021349785467889015e-01,1.525454659886719272e-02,1.067207912882235377e-01,5.021349556704857164e-01,1.515717106907492275e-04,1.067564544294114237e-01,1.498488909393887875e-02,5.930312909390508813e-02
2.040000000000000036e+00,1.000000000000000000e+00,1.020085388677267613e+00,7.992317877343983531e-06,1.175117470181014610e-03,5.042688316515288038e-01,2.914902688420759752e-02,1.065506272818126376e-01,5.042684834788846437e-01,5.925749773602219514e-04,1.065525302909078598e-01,2.894669022827776189e-02,1.133422170434551096e-01
2.060000000000000053e+00,1.000000000000000000e+00,1.030192042237201289e+00,2.651368325421593280e-05,2.572609131365201710e-03,5.063970036380613937e-01,4.174113056694324364e-02,1.061642792706987137e-01,5.063953278908486233e-01,1.302760118640743309e-03,1.060892574613874623e-01,4.190661118544918018e-02,1.623533124860158106e-01
2.080000000000000071e+00,1.000000000000000000e+00,1.040341123083698527e+00,6.176500402544308078e-05,4.448850632558472469e-03,5.085154028223567435e-01,5.309022801254687646e-02,1.055823395636412698e-01,5.085103704930848956e-01,2.262301608813289695e-03,1.053734919935894188e-01,5.388585974788566435e-02,2.065701219098138031e-01
2.100000000000000089e+00,1.000000000000000000e+00,1.050532345139106649e+00,1.185386865420810749e-04,6.760061021909614248e-03,5.106202972206070889e-01,6.325621425743631343e-02,1.048205218204305567e-01,5.106086299933553230e-01,3.451798077807487729e-03,1.044120899402530001e-01,6.490564369801972433e-02,2.462224278708525782e-01
2.120000000000000107e+00,1.000000000000000000e+00,1.060765324071140325e+00,2.012433513102645274e-04,9.464144564234880028e-03,5.127082236951739924e-01,7.229863188770706273e-02,1.038903091068501539e-01,5.126852622204762788e-01,4.852272311201612578e-03,1.032119073541174215e-01,7.498717081828389086e-02,2.815349518662722539e-01
2.140000000000000124e+00,1.000000000000000000e+00,1.071039580035299199e+00,3.139123161041804957e-04,1.252067070712339567e-02,5.147759095848810640e-01,8.027602125265860533e-02,1.027995546491293766e-01,5.147355601243195355e-01,6.445171250222593053e-03,1.017798002879219260e-01,8.415164889111068081e-02,3.127265547751204577e-01
2.160000000000000142e+00,1.000000000000000000e+00,1.081354540417293064e+00,4.602120790790405615e-04,1.589084857423797223e-02,5.168202058811391941e-01,8.724545231036935633e-02,1.015530362834233813e-01,5.167549537758111544e-01,8.212365991746010951e-03,1.001226247944057152e-01,9.242028569893269430e-02,3.400096888518603366e-01
2.180000000000000160e+00,1.000000000000000000e+00,1.091709542575458158e+00,6.434508018840543299e-04,1.953749737327145283e-02,5.188380310362180614e-01,9.326219885070927140e-02,1.001529660049378379e-01,5.187390103669321517e-01,1.013615178829608762e-02,9.824723692630801808e-02,9.981428902418236493e-02,3.635900332987630490e-01
2.200000000000000178e+00,1.000000000000000000e+00,1.102103836583183227e+00,8.665867927754037281e-04,2.342501373273764634e-02,5.208263245213367032e-01,9.837952223966346665e-02,9.859945628899779990e-02,5.206834342107179436e-01,1.219924804804570911e-02,9.616049273636809169e-02,1.063548666492922512e-01,3.836662606445733759e-01
2.220000000000000195e+00,1.000000000000000000e+00,1.112536587971327373e+00,1.132236989729212438e-03,2.751933669149847148e-02,5.227820092877779601e-01,1.026485377804646493e-01,9.689094502327932901e-02,5.225840667412593454e-01,1.438479833481639408e-02,9.386924827732510968e-02,1.120632263566948700e-01,4.004298937788164370e-01
2.240000000000000213e+00,1.000000000000000000e+00,1.123006880470641677e+00,1.442685443554523163e-03,3.178791084419900492e-02,5.247019623222678453e-01,1.061181420878617443e-01,9.502458098837429645e-02,5.244368865137016833e-01,1.667637036807833456e-02,9.138035960191834284e-02,1.169605759288227798e-01,4.140652238211569580e-01
2.259999999999999787e+00,1.000000000000000000e+00,1.133513718754191046e+00,1.799891801006268770e-03,3.619964798252844201e-02,5.265829925273128875e-01,1.088349844459560178e-01,9.299657187480470100e-02,5.262380092042452384e-01,1.905795602295036126e-02,8.870068276288702036e-02,1.210681231481085113e-01,4.247492673328835955e-01
2.280000000000000249e+00,1.000000000000000000e+00,1.144056031179775834e+00,2.205499787898244132e-03,4.072488745578690256e-02,5.284218251972599978e-01,1.108434689711626370e-01,9.080249684454777537e-02,5.279836876101446919e-01,2.151397133019994357e-02,8.583707381297037142e-02,1.244070757969845120e-01,4.326517479805376820e-01
2.299999999999999822e+00,1.000000000000000000e+00,1.154632672532349913e+00,2.660845692216079819e-03,4.533535539530487296e-02,5.302150924010948785e-01,1.121857775792635681e-01,8.843758564547421486e-02,5.296703116497095687e-01,2.402925647624322078e-02,8.279638880490761133e-02,1.269986416578833544e-01,4.379350928976112334e-01
2.319999999999999840e+00,1.000000000000000000e+00,1.165242426766446515e+00,3.166966847230218932e-03,5.000412289780441916e-02,5.319593286230790419e-01,1.129019063311932775e-01,8.589696627390175365e-02,5.312944083623049041e-01,2.658907580314498129e-02,7.958548379143795537e-02,1.288640285132376107e-01,4.407544378935476792e-01
2.339999999999999858e+00,1.000000000000000000e+00,1.175884009748593861e+00,3.724610114608881573e-03,5.470556323595544140e-02,5.336509710520509486e-01,1.130297097862084238e-01,8.317588315933122090e-02,5.328526419083494670e-01,2.917911780861865562e-02,7.621121482530067437e-02,1.300244441454798394e-01,4.412576385399681334e-01
2.359999999999999876e+00,1.000000000000000000e+00,1.186556071999742334e+00,4.334240367531047751e-03,5.941530815438505336e-02,5.352863639494522818e-01,1.126049496028522084e-01,8.026988781709576415e-02,5.343418135693176474e-01,3.178549514602631298e-02,7.268043795923498362e-02,1.305010963370424326e-01,4.395852862081289225e-01
2.379999999999999893e+00,1.000000000000000000e+00,1.197257201437678553e+00,4.996048973799422505e-03,6.411020331143789386e-02,5.368617665647348325e-01,1.116613448715813445e-01,7.717500388144493684e-02,5.357588617477377912e-01,3.439474462437870639e-02,6.900000924598007068e-02,1.303151928703579765e-01,4.358707295023721007e-01
2.399999999999999911e+00,1.000000000000000000e+00,1.207985926119453879e+00,5.709962278953414037e-03,6.876826293711313376e-02,5.383733641047100393e-01,1.102306226042316095e-01,7.388786839301708653e-02,5.371008619671937545e-01,3.699382720833521709e-02,6.517678473827522023e-02,1.294879415278590573e-01,4.302401023736287522e-01
2.419999999999999929e+00,1.000000000000000000e+00,1.218740716983799377e+00,6.475650089382100141e-03,7.336862379265561562e-02,5.398172813004554760e-01,1.083425675023502455e-01,7.040585117071174182e-02,5.383650268723239041e-01,3.957012801820384423e-02,6.121762048885961288e-02,1.280405500919780670e-01,4.228123606272453650e-01
2.439999999999999947e+00,1.000000000000000000e+00,1.229519990593550993e+00,7.292534155437214137e-03,7.789149853475539620e-02,5.411895981515385534e-01,1.060250706281276462e-01,6.672715404834050901e-02,5.395487062288215618e-01,4.211145632994132276e-02,5.712937255047251250e-02,1.259942263451476197e-01,4.136993286646477586e-01
2.459999999999999964e+00,1.000000000000000000e+00,1.240322111878068290e+00,8.159796654546103492e-03,8.231812860531372011e-02,5.424863674623890963e-01,1.033041769498776324e-01,6.285089170060054187e-02,5.406493869234345606e-01,4.460604557515297081e-02,5.291889697585310665e-02,1.233701780698002876e-01,4.030057582064887067e-01
2.479999999999999982e+00,1.000000000000000000e+00,1.251145396875656290e+00,9.076388674324708389e-03,8.663073678487188956e-02,5.437036338195625484e-01,1.002041319634985189e-01,5.877715572095354446e-02,5.416646929639657992e-01,4.704255334109277986e-02,4.859304981774066612e-02,1.201896130483685599e-01,3.908294005087412648e-01
2.500000000000000000e+00,1.000000000000000000e+00,1.261988115475987327e+00,1.004103869569054203e-02,9.081247956310861680e-02,5.448374536912272692e-01,9.674742773088457204e-02,5.450706354574741397e-02,5.425923854792725765e-01,4.941006137066335929e-02,4.415868712887439929e-02,1.164737390632848840e-01,3.772610932621245916e-01
2.520000000000000018e+00,1.000000000000000000e+00,1.272848494162520661e+00,1.105226107597564664e-02,9.484739949269604953e-02,5.458839163613924406e-01,9.295484874946788323e-02,5.004279374453979301e-02,5.434303627192672570e-01,5.169807556241603347e-02,3.962266496199352145e-02,1.122437638969818602e-01,3.623848630066836551e-01
2.540000000000000036e+00,1.000000000000000000e+00,1.283724718754924554e+00,1.210836453203958420e-02,9.872037770295899461e-02,5.468391654410088565e-01,8.884551809319826687e-02,4.538760911679240451e-02,5.441766600549170496e-01,5.389652597055073074e-02,3.499183936983731036e-02,1.075208953318920468e-01,3.462780435341805130e-01
2.560000000000000053e+00,1.000000000000000000e+00,1.294614937151497225e+00,1.320746062338240545e-02,1.024170867571430055e-01,5.476994207260641456e-01,8.443694425979783591e-02,4.054586895032485927e-02,5.448294499782437850e-01,5.599576680491602509e-02,3.027306640514495356e-02,1.023263411504479470e-01,3.290114104187924493e-01
2.580000000000000071e+00,1.000000000000000000e+00,1.305517262071587581e+00,1.434747223525759813e-02,1.059239440417792527e-01,5.484610001990218864e-01,7.974506913440936040e-02,3.552303170776838215e-02,5.453870421023241377e-01,5.798657643100917081e-02,2.547320212065569411e-02,9.668130913508202195e-02,3.106493315312830461e-01
2.600000000000000089e+00,1.000000000000000000e+00,1.316429773798017733e+00,1.552614206178511494e-02,1.092280658788965103e-01,5.491203419943748720e-01,7.478431744545130377e-02,3.032564931496395388e-02,5.458478831612896265e-01,5.986015736997603309e-02,2.059910256910872997e-02,9.060700706822683026e-02,2.912499331664274993e-01
2.620000000000000107e+00,1.000000000000000000e+00,1.327350522919501730e+00,1.674104108906428190e-02,1.123172225520229078e-01,5.496740261716204223e-01,6.956764805201769153e-02,2.496135413055355912e-02,5.462105570103263918e-01,6.160813629861118523e-02,1.565762380324334582e-02,8.412464273231494427e-02,2.708652812557716949e-01
2.640000000000000124e+00,1.000000000000000000e+00,1.338277533073068071e+00,1.798957707828682806e-02,1.151797944354534531e-01,5.501187961595970233e-01,6.410660736903299461e-02,1.943883957951086927e-02,5.464737846256754183e-01,6.322256404935780449e-02,1.065562187579870493e-02,7.725542390977885310e-02,2.495415770511094089e-01
2.660000000000000142e+00,1.000000000000000000e+00,1.349208803686481328e+00,1.926900304884980944e-02,1.178047294135833312e-01,5.504515797548008571e-01,5.841138521052521154e-02,1.376783533643965995e-02,5.466364241046326455e-01,6.469591561030772764e-02,5.599952839514111061e-03,7.002055838305115687e-02,2.273193666483435404e-01
2.680000000000000160e+00,1.000000000000000000e+00,1.360142312720661995e+00,2.057642576146861968e-02,1.201815017736692637e-01,5.506695095730546052e-01,5.249087331540124024e-02,7.959077847766948821e-03,5.466974706655487459e-01,6.602109012520145093e-02,4.974727471287222758e-04,6.244125393456422674e-02,2.042337637740029854e-01
2.700000000000000178e+00,1.000000000000000000e+00,1.371076019412107661e+00,2.190881420128994519e-02,1.223000727516282832e-01,5.507699428687115040e-01,4.635272681550426516e-02,2.024276885887132948e-03,5.466560566478287919e-01,6.719141089342811624e-02,-4.644962348618207094e-03,5.453871834675074609e-02,1.803146853732453259e-01
2.719999999999999751e+00,1.000000000000000000e+00,1.382007867015316194e+00,2.326300806100474114e-02,1.241508529068286043e-01,5.507504806484900817e-01,4.000342891305474352e-02,-4.023921266020025200e-03,5.465114515119332550e-01,6.820062537002553882e-02,-9.820496394987384553e-03,4.633415940204323180e-02,1.555870997129595035e-01
2.740000000000000213e+00,1.000000000000000000e+00,1.392935785545202920e+00,2.463572622396120737e-02,1.257246664986514384e-01,5.506089860180707340e-01,3.344835905364194895e-02,-1.017197349209375545e-02,5.462630618393768955e-01,6.904290516568011016e-02,-1.502227333923970842e-02,3.784878488287406195e-02,1.300712869402237404e-01
2.759999999999999787e+00,1.000000000000000000e+00,1.403857694519526023e+00,2.602357524727775054e-02,1.270127180352363661e-01,5.503436017088063625e-01,2.669186491087947519e-02,-1.640548196835744932e-02,5.459104313327294289e-01,6.971284604672696450e-02,-2.024343712863587580e-02,2.910380257167587831e-02,1.037831123079666212e-01
2.780000000000000249e+00,1.000000000000000000e+00,1.414771505701304166e+00,2.742305784495598087e-02,1.280065611635461675e-01,5.499527667393364627e-01,1.973733853827313103e-02,-2.270923840440275399e-02,5.454532408156153034e-01,7.020546793514984008e-02,-2.547713171043666097e-02,2.012042025088111447e-02,7.673431258921002696e-02
2.799999999999999822e+00,1.000000000000000000e+00,1.425675125841240787e+00,2.883058137099366036e-02,1.286980700699267566e-01,5.494352321726302391e-01,1.258729709087468181e-02,-2.906727015697185834e-02,5.448913082327142554e-01,7.051621490858114849e-02,-3.071650103190284864e-02,1.091984570292248331e-02,4.893279654160145875e-02
2.820000000000000284e+00,1.000000000000000000e+00,1.436566459420141273e+00,3.024246630249768225e-02,1.290794135618525407e-01,5.487900759330576195e-01,5.243468571555756977e-03,-3.546288805117647769e-02,5.442245886497596441e-01,7.064095520030186370e-02,-3.595468904029520962e-02,1.523286710232292247e-03,2.038296064785469555e-02
2.839999999999999858e+00,1.000000000000000000e+00,1.447443411391338142e+00,3.165495472279705041e-02,1.291430320046386138e-01,5.480167166505831577e-01,-2.293116888552431711e-03,-4.187873582330681188e-02,5.434531742535412269e-01,7.057598119924178570e-02,-4.118483968287443842e-02,-8.048048944756643064e-03,-8.913978262098162103e-03
2.859999999999999876e+00,1.000000000000000000e+00,1.458303889923108887e+00,3.306421880455585882e-02,1.288816172916055769e-01,5.471149265001253870e-01,-1.002202965200309909e-02,-4.829684117331467519e-02,5.425772943519018288e-01,7.031800944997916580e-02,-4.640009690690145155e-02,-1.777295347961216354e-02,-3.895963151269056512e-02
2.879999999999999893e+00,1.000000000000000000e+00,1.469145809141099379e+00,3.446636929288623974e-02,1.282880960324606912e-01,5.460848430036505663e-01,-1.794333648651151233e-02,-5.469866848693705208e-02,5.415973153737404511e-01,6.986418065274103972e-02,-5.159360465963694353e-02,-2.763021911190156887e-02,-6.975806582429597280e-02
2.899999999999999911e+00,1.000000000000000000e+00,1.479967091870743490e+00,3.585746398846136052e-02,1.273556161524058983e-01,5.449269797606479671e-01,-2.605748911246563715e-02,-6.106517335544658920e-02,5.405137408690099399e-01,6.921205966340311655e-02,-5.675850688834167823e-02,-3.759863805919225199e-02,-1.013154065305389290e-01
2.919999999999999929e+00,1.000000000000000000e+00,1.490765672379684714e+00,3.723351623062837873e-02,1.260775371035091075e-01,5.436422360694327383e-01,-3.436520470580236436e-02,-6.737685908590584916e-02,5.393272115087186513e-01,6.835963549348957058e-02,-6.188794754027644035e-02,-4.765700253905180012e-02,-1.336394136454008008e-01
2.939999999999999947e+00,1.000000000000000000e+00,1.501539499120197796e+00,3.859050338052144591e-02,1.244474238999200427e-01,5.422319053972116665e-01,-4.286733766723568873e-02,-7.361383545633159997e-02,5.380385050849288975e-01,6.730532131017347153e-02,-6.697507056270200765e-02,-5.778410476904762005e-02,-1.667390273232075282e-01
2.959999999999999964e+00,1.000000000000000000e+00,1.512286537471607684e+00,3.992437530417462105e-02,1.224590451991965367e-01,5.406976826511794565e-01,-5.156474198516614732e-02,-7.975588002788214226e-02,5.366485365107587224e-01,6.604795443627634044e-02,-7.201301990287910237e-02,-6.795873696674717412e-02,-2.006238789681332735e-01
2.979999999999999982e+00,1.000000000000000000e+00,1.523004772482714708e+00,4.123106285563494372e-02,1.201063756629013463e-01,5.390416701960963897e-01,-6.045812356703216678e-02,-8.578250238003271022e-02,5.351583578203802372e-01,6.458679635026841337e-02,-7.699493950806855780e-02,-7.815969134971802179e-02,-2.353037640242023054e-01
3.000000000000000000e+00,1.000000000000000000e+00,1.533692211614211542e+00,4.250648636007527820e-02,1.173836028401325782e-01,5.372663825559781392e-01,-6.954788199921060898e-02,-9.167301168367458786e-02,5.335691581690207297e-01,6.292153268626866913e-02,-8.191397332553113086e-02,-8.836576013552754905e-02,-2.707880723310867044e-01
3.020000000000000018e+00,1.000000000000000000e+00,1.544346887481106156e+00,4.374656409690738657e-02,1.142851388271083901e-01,5.353747497287494328e-01,-7.883394132592064230e-02,-9.740658807097801741e-02,5.318822638329621100e-01,6.105227323404459339e-02,-8.676326530252757852e-02,-9.855573554174330841e-02,-3.070851718876922432e-01
3.040000000000000036e+00,1.000000000000000000e+00,1.554966860595142997e+00,4.494722078289486306e-02,1.108056369635088273e-01,5.333701190331390229e-01,-8.831556961998876520e-02,-1.029623582981695762e-01,5.300991382095411319e-01,5.897955193901246312e-02,-9.153595938631869933e-02,-1.087084097859327414e-01,-3.442017419505114528e-01
3.060000000000000053e+00,1.000000000000000000e+00,1.565550222107223499e+00,4.610439605526611695e-02,1.069400138310407505e-01,5.312562553968226409e-01,-9.799118735947887071e-02,-1.083194762270007772e-01,5.282213818171489494e-01,5.670432690223701361e-02,-9.622519952416523636e-02,-1.188025750856632201e-01,-3.821420516367226572e-01
3.080000000000000071e+00,1.000000000000000000e+00,1.576095096549827490e+00,4.721405295482732772e-02,1.026834768205544812e-01,5.290373399840589963e-01,-1.078581649298006873e-01,-1.134572086712442029e-01,5.262507322952323374e-01,5.422798038043183388e-02,-1.008241296633279743e-01,-1.288170236585024497e-01,-4.209071806362762458e-01
3.100000000000000089e+00,1.000000000000000000e+00,1.586599644579434587e+00,4.827218640907546265e-02,9.803155752975308002e-02,5.267179670499728683e-01,-1.179126099451495158e-01,-1.183550271635436246e-01,5.241890644042921377e-01,5.155231878595907535e-02,-1.053258937510676702e-01,-1.387305477220176497e-01,-4.604941792994997618e-01
3.120000000000000107e+00,1.000000000000000000e+00,1.597062065718944712e+00,4.927483171531117645e-02,9.298015124273213694e-02,5.243031388975172291e-01,-1.281491455277121161e-01,-1.229927061933757670e-01,5.220383900258839249e-01,4.867957268682950728e-02,-1.097236357346451086e-01,-1.485219394937764559e-01,-5.008951662963806450e-01
3.140000000000000124e+00,1.000000000000000000e+00,1.607480601100099493e+00,5.021807302375184967e-02,8.752556272374502344e-02,5.217982588022378465e-01,-1.385606811963631113e-01,-1.273504284464763714e-01,5.198008581626188951e-01,4.561239680670260699e-02,-1.140104995613210742e-01,-1.581699911913463097e-01,-5.420963632815607447e-01
3.160000000000000142e+00,1.000000000000000000e+00,1.617853536205903220e+00,5.109805182064453000e-02,8.166455852907861246e-02,5.192091217596581654e-01,-1.491381785925337822e-01,-1.314088975355307554e-01,5.174787549381621998e-01,4.235387002488651131e-02,-1.181796291783562824e-01,-1.676534950322945972e-01,-5.840770675859141559e-01
3.179999999999999716e+00,1.000000000000000000e+00,1.628179203613044912e+00,5.191097541137894983e-02,7.539442600102955194e-02,5.165419029008166962e-01,-1.598704148980234496e-01,-1.351494586492520966e-01,5.150745035972339458e-01,3.890749537633787086e-02,-1.222241685330115318e-01,-1.769512432341888153e-01,-6.268085659293333167e-01
3.200000000000000178e+00,1.000000000000000000e+00,1.638455985734316833e+00,5.265312540360039817e-02,6.871303905493957032e-02,5.138031434136880460e-01,-1.707437474597994775e-01,-1.385542274578703825e-01,5.125906645056090838e-01,3.527720005166219697e-02,-1.261372615725476765e-01,-1.860420280145966554e-01,-6.702529945422039948e-01
3.219999999999999751e+00,1.000000000000000000e+00,1.648682317561038779e+00,5.332086619032280067e-02,6.161893080233964148e-02,5.109997338025018543e-01,-1.817418838051162444e-01,-1.416062274933160836e-01,5.100299351501177414e-01,3.146733539711346617e-02,-1.299120522442253622e-01,-1.949046415910852814e-01,-7.143621539170010859e-01
3.240000000000000213e+00,1.000000000000000000e+00,1.658856689405476814e+00,5.391065343304164703e-02,5.411137296886424364e-02,5.081388943139554248e-01,-1.928456618738786932e-01,-1.442895360691238693e-01,5.073951501386441132e-01,2.748267691459444287e-02,-1.335416844953054849e-01,-2.035178761812224402e-01,-7.590762896934288850e-01
3.259999999999999787e+00,1.000000000000000000e+00,1.668977649643266448e+00,5.441904254484697390e-02,4.619046196331049597e-02,5.052281523597368373e-01,-2.040328458740228446e-01,-1.465894386140824679e-01,5.046892812001277928e-01,2.332842426165643995e-02,-1.370193022730486765e-01,-2.118605240025753234e-01,-8.043228548962616520e-01
3.280000000000000249e+00,1.000000000000000000e+00,1.679043807455830706e+00,5.484269717353630613e-02,3.785721133301019753e-02,5.022753167693920773e-01,-2.152779436335023611e-01,-1.484925910617853617e-01,5.019154371845626628e-01,1.901020125149952000e-02,-1.403380495247158466e-01,-2.199113772727116778e-01,-8.500152728525897095e-01
3.299999999999999822e+00,1.000000000000000000e+00,1.689053835572804196e+00,5.517839768472767442e-02,2.911365020000696024e-02,4.992884487172654095e-01,-2.265520516285386421e-01,-1.499871896633955259e-01,4.990768640629978381e-01,1.453405585297230102e-02,-1.434910701975676550e-01,-2.276492282091987784e-01,-8.960517245372178197e-01
3.320000000000000284e+00,1.000000000000000000e+00,1.699006473014452956e+00,5.542304964497256348e-02,1.996292711256878946e-02,4.962758291828562318e-01,-2.378227339602058954e-01,-1.510631472717403057e-01,4.961769449275370558e-01,9.906460190572112523e-03,-1.464715082388649559e-01,-2.350528690296041778e-01,-9.423139887123926917e-01
3.339999999999999858e+00,1.000000000000000000e+00,1.708900527834096295e+00,5.557369230486890882e-02,1.040941856836268865e-02,4.932459228263957884e-01,-2.490539413808905145e-01,-1.517122747815946582e-01,4.932191999913385638e-01,5.134310544444888047e-03,-1.492725075958684366e-01,-2.421010919514953730e-01,-9.886663678726061999e-01
3.360000000000000320e+00,1.000000000000000000e+00,1.718734879860525311e+00,5.562750708217399642e-02,4.588412713436188861e-04,4.902073381915924011e-01,-2.602059759971232511e-01,-1.519284660065451931e-01,4.902072865886157871e-01,2.249273503852764128e-04,-1.518872122158389792e-01,-2.487726891924397221e-01,-1.034954737455407558e+00
3.379999999999999893e+00,1.000000000000000000e+00,1.728508483440427845e+00,5.558182604491758438e-02,-9.881633022483555726e-03,4.871687841861339630e-01,-2.712355064671734262e-01,-1.517078838315377709e-01,4.871449991746368280e-01,-4.813944800163510659e-03,-1.543087660460372434e-01,-2.550464529700048333e-01,-1.081005759757416307e+00
3.400000000000000355e+00,1.000000000000000000e+00,1.738220370180806107e+00,5.543414039451467074e-02,-2.060326142983440190e-02,4.841390228383308791e-01,-2.820956373605219558e-01,-1.510491450107824818e-01,4.840362693257243554e-01,-9.974137160109535979e-03,-1.565303130337240556e-01,-2.609011755017582312e-01,-1.126626307169647179e+00
3.419999999999999929e+00,1.000000000000000000e+00,1.747869651691401627e+00,5.518210894887867757e-02,-3.169561421053688349e-02,4.811268183857026481e-01,-2.927360348649424848e-01,-1.499535004941847660e-01,4.808851657392562151e-01,-1.524705682671214854e-02,-1.585449971261601865e-01,-2.663156490052671077e-01,-1.171603141339752074e+00
3.439999999999999947e+00,1.000000000000000000e+00,1.757455522327111108e+00,5.482356662553426740e-02,-4.314646116719580288e-02,4.781408828185635951e-01,-3.031031092547273875e-01,-1.484250076769253468e-01,4.776958942336645420e-01,-2.062368674158231510e-02,-1.603459622706063792e-01,-2.712686656980991540e-01,-1.215702895269970663e+00
3.459999999999999964e+00,1.000000000000000000e+00,1.766977261930412491e+00,5.435653292473036774e-02,-5.494166214933843967e-02,4.751898180786256476e-01,-3.131402525371449475e-01,-1.464706904954571343e-01,4.744727977484367587e-01,-2.609458569068208444e-02,-1.619263524143234600e-01,-2.757390177978218393e-01,-1.258672403746591950e+00
3.479999999999999982e+00,1.000000000000000000e+00,1.776434238573783242e+00,5.377922041255320945e-02,-6.706506380045587634e-02,4.722820551987453319e-01,-3.227881275653714521e-01,-1.441006828608060175e-01,4.712203563441147436e-01,-3.164988830432491351e-02,-1.632793115045721721e-01,-2.797054975220026329e-01,-1.300239423466889033e+00
3.500000000000000000e+00,1.000000000000000000e+00,1.785825911302122426e+00,5.309004320403917787e-02,-7.949840480866550430e-02,4.694257907641933847e-01,-3.319850027569885009e-01,-1.413283505524880468e-01,4.679431872022952188e-01,-3.727930505717569343e-02,-1.643979834886132863e-01,-2.831468970882090042e-01,-1.340113777436753084e+00
3.520000000000000018e+00,1.000000000000000000e+00,1.795151832875171216e+00,5.228762544628787895e-02,-9.222123198996964866e-02,4.666289211766457834e-01,-3.406671245120905800e-01,-1.381703864204268939e-01,4.646460446256298615e-01,-4.297212226825056908e-02,-1.652755123137075455e-01,-2.860420087140083112e-01,-1.377988948412070203e+00
3.540000000000000036e+00,1.000000000000000000e+00,1.804411652509935404e+00,5.137080980157506666e-02,-1.052108295340805216e-01,4.638989753073763378e-01,-3.487691176104630864e-01,-1.346468735860870680e-01,4.613338200378248599e-01,-4.871720210091710912e-02,-1.659050419271157484e-01,-2.883696246169681343e-01,-1.413544133253512358e+00
3.560000000000000053e+00,1.000000000000000000e+00,1.813605118623103918e+00,5.033866593046564669e-02,-1.184421636641902753e-01,4.612430462332023362e-01,-3.562244024000127962e-01,-1.307813113244264969e-01,4.580115419836414126e-01,-5.450298256289416721e-02,-1.662797162760986935e-01,-2.901085370146559983e-01,-1.446446754158144721e+00
3.580000000000000071e+00,1.000000000000000000e+00,1.822732081573472662e+00,4.919049897492661777e-02,-1.318878447934030418e-01,4.586677228543992735e-01,-3.629656165647305865e-01,-1.266005984683733487e-01,4.546843761288953956e-01,-6.031747750625197912e-02,-1.663926793079171240e-01,-2.912375381246392614e-01,-1.476355404158784523e+00
3.600000000000000089e+00,1.000000000000000000e+00,1.831792496404363702e+00,4.792585804144006839e-02,-1.455181089942143291e-01,4.561790222944673845e-01,-3.689250287457586097e-01,-1.221349695250673051e-01,4.513576252604574179e-01,-6.614827662741215586e-02,-1.662370749698318106e-01,-2.917354201644854483e-01,-1.502923183643573024e+00
3.620000000000000107e+00,1.000000000000000000e+00,1.840786425586047770e+00,4.654454468411613893e-02,-1.593008202298281384e-01,4.537823240733965813e-01,-3.740349313130695297e-01,-1.174178792376334712e-01,4.480367292862529882e-01,-7.198254546714760727e-02,-1.658060472091034687e-01,-2.915809753517619729e-01,-1.525801362814864781e+00
3.640000000000000124e+00,1.000000000000000000e+00,1.849714041758164118e+00,4.504662138780601843e-02,-1.732014943285974939e-01,4.514823071249620123e-01,-3.782280001390430635e-01,-1.124858320662767142e-01,4.447272652352624589e-01,-7.780702541058265309e-02,-1.650927399729930078e-01,-2.907529959040364154e-01,-1.544643283101209352e+00
3.660000000000000142e+00,1.000000000000000000e+00,1.858575630472142137e+00,4.343242005121485810e-02,-1.871833451225573819e-01,4.492828907907454594e-01,-3.814376102647562550e-01,-1.073781539844773647e-01,4.414349472575207489e-01,-8.360803368719285644e-02,-1.640902972087610601e-01,-2.892302740388761895e-01,-1.559108389884425128e+00
3.679999999999999716e+00,1.000000000000000000e+00,1.867371592933622315e+00,4.170255047001483056e-02,-2.012073525311765809e-01,4.471871809655829089e-01,-3.835980978034105315e-01,-1.021367050629731210e-01,4.381656266241178432e-01,-8.937146337080517644e-02,-1.627918628636684795e-01,-2.869916019738487645e-01,-1.568866270953622521e+00
3.700000000000000178e+00,1.000000000000000000e+00,1.876102448744878526e+00,3.985790881995798784e-02,-2.152323516715709817e-01,4.451974225882265324e-01,-3.846449602051131844e-01,-9.680553250465884219e-02,4.349252917271980712e-01,-9.508278337959807924e-02,-1.611905808849760369e-01,-2.840157719265216651e-01,-1.573600561311720103e+00
3.719999999999999751e+00,1.000000000000000000e+00,1.884768838647236766e+00,3.789968613998936225e-02,-2.292151413417135297e-01,4.433149596653965241e-01,-3.845149890233244827e-01,-9.143046504367369209e-02,4.317200680799609946e-01,-1.007270384761011772e-01,-1.592795952199444476e-01,-2.802815761144623052e-01,-1.573012566686498248e+00
3.740000000000000213e+00,1.000000000000000000e+00,1.893371527263498333e+00,3.582937681535985214e-02,-2.431106094835872033e-01,4.415402039864795847e-01,-3.831463314988229896e-01,-8.605865086741104619e-02,4.285562183166607975e-01,-1.062888492671954788e-01,-1.570520498158345379e-01,-2.757678067552382095e-01,-1.566824456437845292e+00
3.759999999999999787e+00,1.000000000000000000e+00,1.901911405840360114e+00,3.364878706073923254e-02,-2.568718725218801513e-01,4.398726136307001267e-01,-3.804784795631481753e-01,-8.073804238910575748e-02,4.254401421926063964e-01,-1.117524122041134160e-01,-1.545010886199070510e-01,-2.704532560664167362e-01,-1.554781882231351053e+00
3.780000000000000249e+00,1.000000000000000000e+00,1.910389494990835324e+00,3.136004340332911727e-02,-2.704504248251745069e-01,4.383106822909152989e-01,-3.764521872522732515e-01,-7.551683221682203850e-02,4.223783765841615523e-01,-1.171014995824386368e-01,-1.516198555794227576e-01,-2.643167162655655211e-01,-1.536655892116526756e+00
3.799999999999999822e+00,1.000000000000000000e+00,1.918806947436675348e+00,2.896560116597592452e-02,-2.837962939841874865e-01,4.368519403420272895e-01,-3.710093200565760529e-01,-7.044284546009826897e-02,4.193775954887447588e-01,-1.223194595421062819e-01,-1.484014946416424563e-01,-2.573369795702519225e-01,-1.512244030223521607e+00
3.820000000000000284e+00,1.000000000000000000e+00,1.927165050750790698e+00,2.646825295028385969e-02,-2.968581971759612914e-01,4.354929684725113437e-01,-3.640926425181278958e-01,-6.556289402468351568e-02,4.164446100248294647e-01,-1.273892160674027774e-01,-1.448391497538268902e-01,-2.494928381980434096e-01,-1.481370539357002025e+00
3.839999999999999858e+00,1.000000000000000000e+00,1.935465230099670864e+00,2.387113711972788793e-02,-3.095836936093580571e-01,4.342294245810399134e-01,-3.556455535875777119e-01,-6.092209871653686548e-02,4.135863684319435185e-01,-1.322932689869658340e-01,-1.409259648632368300e-01,-2.407630843665075071e-01,-1.443885616022637874e+00
3.860000000000000320e+00,1.000000000000000000e+00,1.943709050985807929e+00,2.117774628276670665e-02,-3.219193279444330646e-01,4.330560845238498602e-01,-3.456117831013891806e-01,-5.656318477611499418e-02,4.108099560706700570e-01,-1.370136939737846837e-01,-1.366550839171330467e-01,-2.311265102932117121e-01,-1.399663703210238364e+00
3.879999999999999893e+00,1.000000000000000000e+00,1.951898221990114646e+00,1.839193577595571102e-02,-3.338107596571991964e-01,4.319668971899952581e-01,-3.339350675277125702e-01,-5.252575587762997600e-02,4.081225954226465058e-01,-1.415321425451996906e-01,-1.320196508627763665e-01,-2.205619081957234384e-01,-1.348600843720668463e+00
3.900000000000000355e+00,1.000000000000000000e+00,1.960034597514348720e+00,1.551793214705998042e-02,-3.452028735849729246e-01,4.309550542887446989e-01,-3.205588291989140415e-01,-4.884555066392159972e-02,4.055316460905655784e-01,-1.458298420629027814e-01,-1.270128096474274493e-01,-2.090480702916101829e-01,-1.290611154102385472e+00
3.919999999999999929e+00,1.000000000000000000e+00,1.968120180523530660e+00,1.256034163816727688e-02,-3.560398673316377827e-01,4.300130751634383963e-01,-3.054258909776464415e-01,-4.555368457516983938e-02,4.030446047981743884e-01,-1.498875957329370290e-01,-1.216277042183472462e-01,-1.965637887984395538e-01,-1.225622514707054966e+00
3.939999999999999947e+00,1.000000000000000000e+00,1.976157125288367400e+00,9.524158668800878844e-03,-3.662653118266311347e-01,4.291329069057379653e-01,-2.884782680692746237e-01,-4.267587811733086767e-02,4.006691053902748934e-01,-1.536857826056970688e-01,-1.158574785227963616e-01,-1.830878559337787981e-01,-1.153571603733995365e+00
3.959999999999999964e+00,1.000000000000000000e+00,1.984147740127672588e+00,6.414774319032766174e-03,-3.758221821024442244e-01,4.283060400387451172e-01,-2.696570908207200357e-01,-4.023167087192369706e-02,3.984129188327239501e-01,-1.572043575759286826e-01,-1.096952765080355940e-01,-1.685990639151954407e-01,-1.074398431729967074e+00
3.979999999999999982e+00,1.000000000000000000e+00,1.992094490150786656e+00,3.237984812596454709e-03,-3.846528562681863495e-01,4.275236400708610218e-01,-2.489027270141832837e-01,-3.823361855271834031e-02,3.962839532124331487e-01,-1.604228513827291591e-01,-1.031342421213257698e-01,-1.530762049602570063e-01,-9.880405578482206463e-01
4.000000000000000000e+00,2.000000000000000000e+00,2.000000000000000000e+00,0.000000000000000000e+00,-3.926990816987246391e-01,4.267766952966364213e-01,-2.261551892664306618e-01,-4.035571064580345535e-02,3.942902537373682570e-01,-1.633203706095470720e-01,-9.616751930992650799e-02,-1.364980712865308810e-01,-8.944271909999155223e-01
4.019999999999999574e+00,2.000000000000000000e+00,2.007865415372324769e+00,-3.293903569745002414e-03,-4.005675436832371039e-01,4.259094116450289347e-01,-2.399117550182167380e-01,-4.975999893880356240e-02,3.921943518138475970e-01,-1.660795512190789136e-01,-1.132473700827923285e-01,-1.393676413876396569e-01,-9.509161325163941747e-01
4.040000000000000036e+00,2.000000000000000000e+00,2.015685566510828419e+00,-6.643543840252653931e-03,-4.088945252687240517e-01,4.247862953390842966e-01,-2.533760465248193761e-01,-6.202423492819164608e-02,3.897673017762975367e-01,-1.688930051065713478e-01,-1.292857945194989255e-01,-1.419265377165550290e-01,-1.006574152380719456e+00
4.059999999999999609e+00,2.000000000000000000e+00,2.023454037352973689e+00,-1.004994459778131566e-02,-4.176661872616669324e-01,4.234284422479012711e-01,-2.665758528029849583e-01,-7.324451478031868135e-02,3.870297243230437223e-01,-1.717545871146183289e-01,-1.443035754597991605e-01,-1.441815920770513904e-01,-1.061516780118199721e+00
4.080000000000000071e+00,2.000000000000000000e+00,2.031164820093623202e+00,-1.351400809180197150e-02,-4.268691996491372764e-01,4.218565147478715582e-01,-2.795294375746958382e-01,-8.344324777488587586e-02,3.840018244956166504e-01,-1.746582887218890989e-01,-1.583214957434459225e-01,-1.461396362729030785e-01,-1.115820884670987168e+00
4.099999999999999645e+00,2.000000000000000000e+00,2.038812306871903068e+00,-1.703651776771976725e-02,-4.364905180498696025e-01,4.200907123369058138e-01,-2.922464780004028206e-01,-9.264429251446237856e-02,3.807033916787518901e-01,-1.775982380431286312e-01,-1.713603382101919759e-01,-1.478075021078844864e-01,-1.169527538130663125e+00
4.120000000000000107e+00,2.000000000000000000e+00,2.046391281458065148e+00,-2.061814099959547245e-02,-4.465171787519806035e-01,4.181507430472930498e-01,-3.047288704424356287e-01,-1.008729225747551084e-01,3.771537996003899162e-01,-1.805686998291571310e-01,-1.834408856997902793e-01,-1.491920213857698685e-01,-1.222644313863372245e+00
4.139999999999999680e+00,2.000000000000000000e+00,2.053896910940351095e+00,-2.425943182286704330e-02,-4.569361101678289239e-01,4.160557954339156317e-01,-3.169714380982072699e-01,-1.081558015008177165e-01,3.733720063316762205e-01,-1.835640754668705910e-01,-1.945839210519936247e-01,-1.503000259103337288e-01,-1.275147170458760693e+00
4.160000000000000142e+00,2.000000000000000000e+00,2.061324737411861729e+00,-2.796083366707110759e-02,-4.677339591729755552e-01,4.138245109872603633e-01,-3.289625687749047067e-01,-1.145209636651483009e-01,3.693765542869612561e-01,-1.865789029792402354e-01,-2.048102271065549151e-01,-1.511383474853503772e-01,-1.326982051707767951e+00
4.179999999999999716e+00,2.000000000000000000e+00,2.068670669657409533e+00,-3.172268208856444949e-02,-4.788969313404680683e-01,4.114749568873097285e-01,-3.406848054528238690e-01,-1.199977977684056896e-01,3.651855702237999934e-01,-1.896078570253128537e-01,-2.141405867032270260e-01,-1.517138179145941790e-01,-1.378066316260449398e+00
4.200000000000000178e+00,2.000000000000000000e+00,2.075930974840396459e+00,-3.554520750324554473e-02,-4.904106445475439058e-01,4.090245990765241091e-01,-3.521154073831329612e-01,-1.246170299636908396e-01,3.608167652429530858e-01,-1.926457489002106616e-01,-2.225957826817627494e-01,-1.520332690018394717e-01,-1.428290097249510726e+00
4.219999999999999751e+00,2.000000000000000000e+00,2.083102270189669980e+00,-3.942853791927611318e-02,-5.022599958285099975e-01,4.064902756887620594e-01,-3.632268951326482198e-01,-1.284107037459367717e-01,3.562874347883853710e-01,-1.956875265351315507e-01,-2.301965978819149605e-01,-1.521035325508605651e-01,-1.477517680788630106e+00
4.240000000000000213e+00,2.000000000000000000e+00,2.090181514686390241e+00,-4.337270166980254638e-02,-5.144290416803983801e-01,4.038881709266866626e-01,-3.739875891251892570e-01,-1.314121538919668097e-01,3.516144586472673694e-01,-1.987282744973487281e-01,-2.369638151434365070e-01,-1.519314403654319356e-01,-1.525588981887900708e+00
4.259999999999999787e+00,2.000000000000000000e+00,2.097166000750888326e+00,-4.737763014567746012e-02,-5.269008922996100130e-01,4.012337895330834181e-01,-3.843621477859302527e-01,-1.336559718831242805e-01,3.468143009499737861e-01,-2.017632139902110211e-01,-2.429182173060803474e-01,-1.515238242493279208e-01,-1.572321186175865693e+00
4.280000000000000249e+00,2.000000000000000000e+00,2.104053345929539187e+00,-5.144316052818120877e-02,-5.396576204384592179e-01,3.985419320513616803e-01,-3.943121083586910713e-01,-1.351779604083596098e-01,3.419030101700848978e-01,-2.047877028531425725e-01,-2.480805872095991349e-01,-1.508875160063228305e-01,-1.617510615246229078e+00
4.299999999999999822e+00,2.000000000000000000e+00,2.110841484581620353e+00,-5.556903852174337188e-02,-5.526801857193514023e-01,3.958266711167489627e-01,-4.037964308492678622e-01,-1.360150747464246024e-01,3.368962191243854987e-01,-2.077972355616430622e-01,-2.524717076937458282e-01,-1.500293474401910854e-01,-1.660934861984680877e+00
4.320000000000000284e+00,2.000000000000000000e+00,2.117528659566177307e+00,-5.975492108666430324e-02,-5.659483753293506059e-01,3.931013290615046896e-01,-4.127720433782406384e-01,-1.362053490733181604e-01,3.318091449728658437e-01,-2.107874432272878185e-01,-2.561123615982733859e-01,-1.489561503547069954e-01,-1.702355229568496275e+00
4.339999999999999858e+00,2.000000000000000000e+00,2.124113413928886196e+00,-6.400037917183663827e-02,-5.794407620373157597e-01,3.903784571538161940e-01,-4.211943855352559551e-01,-1.357878060447799129e-01,3.266565892187204279e-01,-2.137540935977275125e-01,-2.590233317629346832e-01,-1.476747565536449813e-01,-1.741519493833718624e+00
4.360000000000000320e+00,2.000000000000000000e+00,2.130594582588920094e+00,-6.830490044746667655e-02,-5.931346804282094931e-01,3.876698168197134642e-01,-4.290179451378360875e-01,-1.348023483692717406e-01,3.214529377083493733e-01,-2.166930910566883528e-01,-2.612254010274823735e-01,-1.461919978407793808e-01,-1.778164993420299655e+00
4.379999999999999893e+00,2.000000000000000000e+00,2.136971284025811713e+00,-7.266789203779608353e-02,-6.070062221345883247e-01,3.849863632190453910e-01,-4.361967831205648127e-01,-1.332896315162397372e-01,3.162121606313569866e-01,-2.196004766239718631e-01,-2.627393522316694985e-01,-1.445147060198845590e-01,-1.812022035772876460e+00
4.400000000000000355e+00,2.000000000000000000e+00,2.143242911966317443e+00,-7.708868325382331466e-02,-6.210302506652963794e-01,3.823382315590639347e-01,-4.426850411031680310e-01,-1.312909171949598885e-01,3.109478125205532573e-01,-2.224724279554553263e-01,-2.635859682152488226e-01,-1.426497128947348536e-01,-1.842817590118452697e+00
4.419999999999999929e+00,2.000000000000000000e+00,2.149409127071282732e+00,-8.156652832602506731e-02,-6.351804361900639240e-01,3.797347265312470133e-01,-4.484374264729639736e-01,-1.288479077833954989e-01,3.056730322519526921e-01,-2.253052593430913131e-01,-2.637860318179731656e-01,-1.406038502691046022e-01,-1.870279221559733251e+00
4.440000000000000391e+00,2.000000000000000000e+00,2.155469848622506568e+00,-8.610060913707791308e-02,-6.494293103425792246e-01,3.771843152477281080e-01,-4.534096705088269119e-01,-1.260025624720455539e-01,3.004005430447749814e-01,-2.280954217149081531e-01,-2.633603258795954583e-01,-1.383839499467682255e-01,-1.894139204153475475e+00
4.459999999999999964e+00,2.000000000000000000e+00,2.161425246209601081e+00,-9.069003795457970807e-02,-6.637483407630745402e-01,3.746946240323651423e-01,-4.575589560901760500e-01,-1.227968964980874489e-01,2.951426524614445546e-01,-2.308395026350092138e-01,-2.623296332398684649e-01,-1.359968437315000889e-01,-1.914138736125468698e+00
4.480000000000000426e+00,2.000000000000000000e+00,2.167275731416861806e+00,-9.533386016377111416e-02,-6.781080247266104699e-01,3.722724393878046323e-01,-4.608443127800045391e-01,-1.192727654591099196e-01,2.899112524075908581e-01,-2.335342263035737609e-01,-2.607147367385452830e-01,-1.334493634270745577e-01,-1.930032168083897659e+00
4.500000000000000000e+00,2.000000000000000000e+00,2.173021949510128170e+00,-1.000310570002572036e-01,-6.924780008095487993e-01,3.699237134140007099e-01,-4.632269784416145342e-01,-1.154716372898008103e-01,2.847178191320483553e-01,-2.361764535568562917e-01,-2.585364192153784546e-01,-1.307483408372659417e-01,-1.941591146076013130e+00
4.519999999999999574e+00,2.000000000000000000e+00,2.178664771123647093e+00,-1.047805482827287860e-01,-7.068271771506192680e-01,3.676535738962127264e-01,-4.646707279392600087e-01,-1.114343550330989530e-01,2.795734132268563044e-01,-2.387631818671869799e-01,-2.558154635101209662e-01,-1.279006077658486062e-01,-1.948608566325907621e+00
4.540000000000000036e+00,2.000000000000000000e+00,2.184205283946941023e+00,-1.095811951456841238e-01,-7.211238744819962188e-01,3.654663392126767385e-01,-4.651421707838593322e-01,-1.072008940146709222e-01,2.744886796272590912e-01,-2.412915453429713419e-01,-2.525726524625258040e-01,-1.249129960165969722e-01,-1.950902238047714787e+00
4.560000000000000497e+00,2.000000000000000000e+00,2.189644784411666656e+00,-1.144318027721503289e-01,-7.353359817577378443e-01,3.633655381356257763e-01,-4.646110207284205873e-01,-1.028101174103870363e-01,2.694738476117057857e-01,-2.437588147286904872e-01,-2.488287689123458157e-01,-1.217923373932854048e-01,-1.948318155154063369e+00
4.580000000000000071e+00,2.000000000000000000e+00,2.194984769378481637e+00,-1.193311231264047728e-01,-7.494311219087095299e-01,3.613539345162611882e-01,-4.630503412216994685e-01,-9.829953446162598141e-02,2.645387308018507522e-01,-2.461623974049008123e-01,-2.446045956993336268e-01,-1.185454636996882000e-01,-1.940733286982823769e+00
4.599999999999999645e+00,2.000000000000000000e+00,2.200226927823911716e+00,-1.242778576866968993e-01,-7.633768250198585958e-01,3.594335567571608769e-01,-4.604367712390056155e-01,-9.370506572538062073e-02,2.596927271625529832e-01,-2.484998373882345291e-01,-2.399209156632421680e-01,-1.151792067395797370e-01,-1.928057812034938534e+00
4.620000000000000107e+00,2.000000000000000000e+00,2.205373132527209457e+00,-1.292706601779694264e-01,-7.771407060696253755e-01,3.576057318872460367e-01,-4.567507362908843627e-01,-8.906081973626633896e-02,2.549448190018765437e-01,-2.507688153313990531e-01,-2.347985116438244535e-01,-1.117003983167344366e-01,-1.910236736525599222e+00
4.639999999999999680e+00,2.000000000000000000e+00,2.210425431757220505e+00,-1.343081393045800209e-01,-7.906906443009682484e-01,3.558711239677102012e-01,-4.519766493467510804e-01,-8.439888530308969905e-02,2.503035729710904600e-01,-2.529671485231774763e-01,-2.292581664808332198e-01,-1.081158702349266088e-01,-1.887250860393688612e+00
4.660000000000000142e+00,2.000000000000000000e+00,2.215386040959250291e+00,-1.393888614830227912e-01,-8.039949613131766037e-01,3.542297764751223821e-01,-4.461031060010147709e-01,-7.974914336875471577e-02,2.457771400646686921e-01,-2.550927908884282336e-01,-2.233206630140214255e-01,-1.044324542979306325e-01,-1.859117076165877736e+00
4.679999999999999716e+00,2.000000000000000000e+00,2.220257334441923192e+00,-1.445113535746496702e-01,-8.170225950730728437e-01,3.526811582329600347e-01,-4.391230774677843951e-01,-7.513910194126616204e-02,2.413732556202900781e-01,-2.571438329880852969e-01,-2.170067840831417516e-01,-1.006569823095208316e-01,-1.825888009474307738e+00
4.700000000000000178e+00,2.000000000000000000e+00,2.225041837064049233e+00,-1.496741056183920893e-01,-8.297432672384766894e-01,3.512242123974717023e-01,-4.310341039434739119e-01,-7.059375707487447471e-02,2.370992393188384451e-01,-2.591185020191582034e-01,-2.103373125279472677e-01,-9.679628607347165459e-02,-1.787651032787059613e+00
4.719999999999999751e+00,2.000000000000000000e+00,2.229742215921491688e+00,-1.548755735634824438e-01,-8.421276414568704682e-01,3.498574079499650047e-01,-4.218384895620264086e-01,-6.613548226777155037e-02,2.329619951844026371e-01,-2.610151618147317776e-01,-2.033330311881907382e-01,-9.285719739355746682e-02,-1.744526704798855965e+00
4.740000000000000213e+00,2.000000000000000000e+00,2.234361272034023127e+00,-1.601141820021755313e-01,-8.541474706354292845e-01,3.485787931067608758e-01,-4.115434986329439826e-01,-6.178394797502306801e-02,2.289680115842762931e-01,-2.628323128439665757e-01,-1.960147229036249550e-01,-8.884654807355245321e-02,-1.696666705872364789e+00
4.759999999999999787e+00,2.000000000000000000e+00,2.238901932032196562e+00,-1.653883269024701563e-01,-8.657757315596326109e-01,3.473860500309641219e-01,-4.001615511560359661e-01,-5.755607224155312451e-02,2.251233612289580133e-01,-2.645685922120983857e-01,-1.884031705140027380e-01,-8.477116991723115946e-02,-1.644251354075841665e+00
4.780000000000000249e+00,2.000000000000000000e+00,2.243367239844206384e+00,-1.706963783408306234e-01,-8.769867456495692437e-01,3.462765502170987997e-01,-3.877104138178201209e-01,-5.346600276999602386e-02,2.214337011721514981e-01,-2.662227736604388384e-01,-1.805191568590770457e-01,-8.063789472836788152e-02,-1.587486796170008541e+00
4.799999999999999822e+00,2.000000000000000000e+00,2.247760348382753293e+00,-1.760366832349081478e-01,-8.877562850681544049e-01,3.452474099201642832e-01,-3.742133808736671230e-01,-4.952513007940240186e-02,2.179042728107652704e-01,-2.677937675663747408e-01,-1.723834647786008645e-01,-7.645355431073699859e-02,-1.526601973100671472e+00
4.820000000000000284e+00,2.000000000000000000e+00,2.252084511231908781e+00,-1.814075680762624598e-01,-8.980616638166246668e-01,3.442955450139226214e-01,-3.596994375998555649e-01,-4.574213080700673117e-02,2.145399018849127870e-01,-2.692806209433683540e-01,-1.640168771123267644e-01,-7.222498046811284822e-02,-1.461845460197286783e+00
4.839999999999999858e+00,2.000000000000000000e+00,2.256343074333977849e+00,-1.868073416630832706e-01,-9.078818138540258875e-01,3.434177246878839518e-01,-3.442033974651903527e-01,-4.212303967586805697e-02,2.113449984779125213e-01,-2.706825174409577817e-01,-1.554401767000079537e-01,-6.795900500426987900e-02,-1.393482278675610253e+00
4.860000000000000320e+00,2.000000000000000000e+00,2.260539467676363046e+00,-1.922342978329119323e-01,-9.171973466452196799e-01,3.426106234268879169e-01,-3.277660029361924021e-01,-3.867134820923290306e-02,2.083235570162877970e-01,-2.719987773447562485e-01,-1.466741463813969193e-01,-6.366245972298233136e-02,-1.321790767727920146e+00
4.879999999999999893e+00,2.000000000000000000e+00,2.264677196978431617e+00,-1.976867181953626540e-01,-9.259906008651146436e-01,3.418708707595145557e-01,-3.104339790112814468e-01,-3.538812792642609395e-02,2.054791562697669272e-01,-2.732288575764525995e-01,-1.377395689962466752e-01,-5.934217642802459836e-02,-1.247059596149310501e+00
4.900000000000000355e+00,2.000000000000000000e+00,2.268759835378375556e+00,-2.031628748648442173e-01,-9.342456772571730017e-01,3.411950983098308576e-01,-2.922600282929878612e-01,-3.227217550650607336e-02,2.028149593512832138e-01,-2.743723516938113005e-01,-1.286572273843101799e-01,-5.500498692317111471e-02,-1.169584979875867514e+00
4.919999999999999929e+00,2.000000000000000000e+00,2.272791015120078750e+00,-2.086610331932814977e-01,-9.419484618566235090e-01,3.405799837392542440e-01,-2.733027567553503179e-01,-2.932017725210833703e-02,2.003337137169747262e-01,-2.754289898906719936e-01,-1.194479043853401007e-01,-5.065772301219615553e-02,-1.089668157809932092e+00
4.940000000000000391e+00,2.000000000000000000e+00,2.276774419239980141e+00,-2.141794545028369856e-01,-9.490866389409293724e-01,3.400222912197464753e-01,-2.536265204232238668e-01,-2.652689011938846875e-02,1.980377511661847723e-01,-2.763986389969501634e-01,-1.101323828390893961e-01,-4.630721649887412777e-02,-1.007613163658120703e+00
4.959999999999999964e+00,2.000000000000000000e+00,2.280713773253933763e+00,-2.197163988186319195e-01,-9.556496951623094649e-01,3.395189081344786586e-01,-2.333011849896272083e-01,-2.388533659008373888e-02,1.959289878414613162e-01,-2.772813024786364156e-01,-1.007314455853110108e-01,-4.196029918697941757e-02,-9.237249169130515858e-01
4.980000000000000426e+00,2.000000000000000000e+00,2.284612836844083894e+00,-2.252701276014686393e-01,-9.616289163520644889e-01,3.390668777561431924e-01,-2.124017929435972896e-01,-2.138701073504734040e-02,1.940089242285574778e-01,-2.780771204377972539e-01,-9.126587546375763971e-02,-3.762380288028632780e-02,-8.383076421666063593e-01
5.000000000000000000e+00,2.000000000000000000e+00,2.288475395545716662e+00,-2.308389064805510538e-01,-9.670173784685694995e-01,3.386634277050767361e-01,-1.910081359904234610e-01,-1.902209294126855355e-02,1.922786451564311716e-01,-2.787863696125744140e-01,-8.175645531418224143e-02,-3.330455938256926540e-02,-7.516636131239718965e-01
5.019999999999999574e+00,2.000000000000000000e+00,2.292305252434128970e+00,-2.364210079862069380e-01,-9.718099340957651044e-01,3.383059940384924302e-01,-1.692042342791651721e-01,-1.677967093070265037e-02,1.907388197972453292e-01,-2.794094633771849745e-01,-7.222396797633766352e-02,-2.900940049760256795e-02,-6.640922063381425877e-01
5.040000000000000036e+00,2.000000000000000000e+00,2.296106219811496540e+00,-2.420147142826090669e-01,-9.760031957934975910e-01,3.379922408678486256e-01,-1.470777280067980530e-01,-1.464796487607422648e-02,1.893897016663677324e-01,-2.799469517419220232e-01,-6.268919628997669802e-02,-2.474515802916061810e-02,-5.758892400268650347e-01
5.060000000000000497e+00,2.000000000000000000e+00,2.299882110893731735e+00,-2.476183199004968749e-01,-9.795955174622092976e-01,3.377200754434495078e-01,-1.247191910902668843e-01,-1.261455460151239549e-02,1.882311286223713187e-01,-2.803995213531534358e-01,-5.317292309485231738e-02,-2.051866378101779853e-02,-4.873465654832682126e-01
5.080000000000000071e+00,2.000000000000000000e+00,2.303636731497350709e+00,-2.532301344698978940e-01,-9.825869747196313009e-01,3.374876586837881609e-01,-1.022213805011384369e-01,-1.066660703434507695e-02,1.872625228670337094e-01,-2.807679954933232080e-01,-4.369593123071723734e-02,-1.633674955694840170e-02,-3.987518725744810255e-01
5.099999999999999645e+00,2.000000000000000000e+00,2.307373871726338788e+00,-2.588484854528492751e-01,-9.849793451033908021e-01,3.372934111620756736e-01,-7.967843825079944098e-02,-8.791102238074444131e-03,1.864828909453376815e-01,-2.810533340809504010e-01,-3.427900353732447891e-02,-1.220624716072686924e-02,-3.103886665994499694e-01
5.120000000000000107e+00,2.000000000000000000e+00,2.311097297659011396e+00,-2.644717208761193650e-01,-9.867760887178363971e-01,3.371360145942651210e-01,-5.718506562998994236e-02,-6.975056498637499658e-03,1.858908237454708068e-01,-2.812566336706297521e-01,-2.494292285442676824e-02,-8.133988396127510984e-03,-2.225363712616970358e-01
5.140000000000000568e+00,2.000000000000000000e+00,2.314810743034880325e+00,-2.700982120639290329e-01,-9.879823297423208084e-01,3.370144089021301359e-01,-3.483569093216695722e-02,-5.205741051691248344e-03,1.854844964988256184e-01,-2.813791274530314523e-01,-1.570847202177695634e-02,-4.126805066924688764e-03,-1.354705115922060776e-01
5.160000000000000142e+00,2.000000000000000000e+00,2.318517900941517773e+00,-2.757263563706734422e-01,-9.886048390178030498e-01,3.369277849521974955e-01,-1.272365239222414575e-02,-3.470895124765505102e-03,1.852616687799997219e-01,-2.814221852549012026e-01,-6.596433879128065121e-03,-1.915289768928253404e-04,-4.946293120710153896e-02
5.179999999999999716e+00,2.000000000000000000e+00,2.322222415501419501e+00,-2.813545799136434322e-01,-9.886520177344838567e-01,3.368755730971395024e-01,9.059582587516903235e-03,-1.758932024676695960e-03,1.852196845067954900e-01,-2.813873135390601576e-01,2.372408733767144163e-03,3.665008070193765278e-03,3.521799982066207979e-02
5.200000000000000178e+00,2.000000000000000000e+00,2.325927873558868875e+00,-2.869813403057469015e-01,-9.881338820604016471e-01,3.368574276712104076e-01,3.042514261147033841e-02,-5.913702887383465168e-05,1.853554719402203399e-01,-2.812761554044049261e-01,1.117727297715594321e-02,7.435974270560745392e-03,1.183072270760033989e-01
5.219999999999999751e+00,2.000000000000000000e+00,2.329637796366801794e+00,-2.926051293882304671e-01,-9.870620483842186266e-01,3.368732076159845490e-01,5.128740525755354218e-02,1.638144156872911594e-03,1.856655436844866780e-01,-2.810904905859076264e-01,1.979737601128528021e-02,1.111453782043368699e-02,1.995429402680524433e-01
5.240000000000000213e+00,2.000000000000000000e+00,2.333355631273671627e+00,-2.982244759634009590e-01,-9.854497186990667235e-01,3.369229534374852952e-01,7.156456465238895948e-02,3.341327628119117321e-03,1.861459966870117055e-01,-2.808322354546160526e-01,2.821193499640250318e-02,1.469386691603830931e-02,2.786666191681592131e-01
5.259999999999999787e+00,2.000000000000000000e+00,2.337084743410309695e+00,-3.038379485273470793e-01,-9.833116655322268196e-01,3.370068607211093026e-01,9.117910433866760478e-02,5.057425481854949112e-03,1.867925122384176406e-01,-2.805034430176530647e-01,3.640016709275450957e-02,1.816712975360015511e-02,3.554232219877808130e-01
5.280000000000000249e+00,2.000000000000000000e+00,2.340828407376794651e+00,-3.094441580026603411e-01,-9.806642157310720975e-01,3.371252504567595065e-01,1.100581701408726853e-01,6.791893305464924424e-03,1.876003559725317460e-01,-2.801063029182174757e-01,4.434128946058862181e-02,2.152749452934494059e-02,4.295615342155075234e-01
5.299999999999999822e+00,2.000000000000000000e+00,2.344589798929310742e+00,-3.150417604711575614e-01,-9.775252323521294029e-01,3.372785364533278929e-01,1.281338416359732169e-01,8.548492306431398902e-03,1.885643778663860515e-01,-2.796431414355832201e-01,5.201451926015187438e-02,2.476812943949824666e-02,5.008346883098463431e-01
5.320000000000000284e+00,2.000000000000000000e+00,2.348371986667017630e+00,-3.206294599066011330e-01,-9.739140938698773731e-01,3.374671901490167158e-01,1.453433043756508780e-01,1.032916745796441660e-02,1.896790122402176593e-01,-2.791164214850999636e-01,5.939907365169149606e-02,2.788220268028575657e-02,5.690008564942974356e-01
5.339999999999999858e+00,2.000000000000000000e+00,2.352177923718910879e+00,-3.262060109074218506e-01,-9.698516699268787677e-01,3.376917031516464274e-01,1.616289280030644981e-01,1.213394304053849737e-02,1.909382777574685774e-01,-2.785287426181927151e-01,6.647416979545457683e-02,3.086288244793307031e-02,6.338241103989374903e-01
5.360000000000000320e+00,2.000000000000000000e+00,2.356010439430685111e+00,-3.317702214294391272e-01,-9.653602928882486500e-01,3.379525478706382757e-01,1.769382577412978441e-01,1.396083693857441688e-02,1.923357774247856367e-01,-2.778828410223621037e-01,7.321902485168828301e-02,3.370333693866584684e-02,6.950754326474529732e-01
5.379999999999999893e+00,2.000000000000000000e+00,2.359872231051602931e+00,-3.373209555185837649e-01,-9.604637245416004498e-01,3.382501366291893463e-01,1.912239283482129737e-01,1.580579499821688216e-02,1.938646985920208787e-01,-2.771815895211840464e-01,7.961285598063973235e-02,3.639673434870970697e-02,7.525338569439204983e-01
5.400000000000000355e+00,2.000000000000000000e+00,2.363765855421354090e+00,-3.428571360436182824e-01,-9.551871173978334628e-01,3.385847796705669377e-01,2.044435105375371486e-01,1.766264666180283882e-02,1.955178129522310015e-01,-2.764279975743100803e-01,8.563488034255611892e-02,3.893624287429030967e-02,8.059877050446050406e-01
5.419999999999999929e+00,2.000000000000000000e+00,2.367693720656921741e+00,-3.483777474288594078e-01,-9.495569701966467546e-01,3.389566424956614310e-01,2.165593001099258286e-01,1.952308296352711636e-02,1.972874765416778309e-01,-2.756252112774673635e-01,9.126431509768445638e-02,4.131503071163324103e-02,8.552358815042832019e-01
5.439999999999999503e+00,2.000000000000000000e+00,2.371658077839447376e+00,-3.538818383868989059e-01,-9.436010774005842983e-01,3.393657029891080090e-01,2.275380597057631016e-01,2.137665779871156246e-02,1.991656297398280984e-01,-2.747765133624581746e-01,9.648037740627204983e-02,4.352626605696421902e-02,9.000891805719434258e-01
5.459999999999999964e+00,2.000000000000000000e+00,2.375661012701092645e+00,-3.593685246513255716e-01,-9.373484726685870072e-01,3.398117088076099135e-01,2.373507222891822199e-01,2.321081316689799223e-02,2.011437972693534415e-01,-2.738853231971606350e-01,1.012622844285659268e-01,4.556311710650882280e-02,9.403715543774018304e-01
5.480000000000000426e+00,2.000000000000000000e+00,2.379704437311904730e+00,-3.648369917094462234e-01,-9.308293665291674790e-01,3.402941355157839687e-01,2.459720643141177221e-01,2.501092884154232365e-02,2.032130881961304036e-01,-2.729551967855282646e-01,1.055892533248133092e-01,4.741875205649272174e-02,9.759212878713113826e-01
5.500000000000000000e+00,2.000000000000000000e+00,2.383790081766681279e+00,-3.702864975350077525e-01,-9.240750787181521986e-01,3.408121459612715731e-01,2.533803551203701043e-01,2.676039664322615863e-02,2.053641959292406560e-01,-2.719898267675898706e-01,1.094405012552613077e-01,4.908633910314152970e-02,1.006592024078918346e+00
5.519999999999999574e+00,2.000000000000000000e+00,2.387919485871833114e+00,-3.757163753209182833e-01,-9.171179658992797412e-01,3.413645513815130039e-01,2.595569875645337699e-01,2.844071919819235461e-02,2.075873982209705537e-01,-2.709930424194499921e-01,1.127952453801570332e-01,5.055904644268090220e-02,1.032253583254440832e+00
5.540000000000000036e+00,2.000000000000000000e+00,2.392093990832249162e+00,-3.811260362119687217e-01,-9.099913457400778949e-01,3.419497747291992407e-01,2.644860932984349211e-01,3.003163276191855857e-02,2.098725571668115519e-01,-2.699688096532885107e-01,1.156327028597477075e-01,5.183004227133646002e-02,1.052792521539060777e+00
5.560000000000000497e+00,2.000000000000000000e+00,2.396314730938159610e+00,-3.865149720375544717e-01,-9.027294185624747946e-01,3.425658166919898218e-01,2.681541445434704740e-01,3.151125339181426455e-02,2.122091192054600672e-01,-2.689212310173609288e-01,1.179320908542803997e-01,5.289249478533385868e-02,1.068112378687380737e+00
5.580000000000000071e+00,2.000000000000000000e+00,2.400582625252000391e+00,-3.918827580443966507e-01,-8.953671880196735211e-01,3.432102248648717935e-01,2.705495427361684357e-01,3.285624547845777954e-02,2.145861151188173666e-01,-2.678545456959980919e-01,1.196726265240022485e-01,5.373957218089870508e-02,1.078133570178819056e+00
5.599999999999999645e+00,2.000000000000000000e+00,2.404898369295279004e+00,-3.972290556292639718e-01,-8.879403824607828843e-01,3.438800665111280686e-01,2.716621930895140036e-01,3.404201140709695039e-02,2.169921600319897337e-01,-2.667731295096063548e-01,1.208335270291604757e-01,5.436444265425666167e-02,1.082792886303887814e+00
5.620000000000000107e+00,2.000000000000000000e+00,2.409262426735435447e+00,-4.025536150716937378e-01,-8.804853788262686498e-01,3.445719053211556693e-01,2.714830629679564900e-01,3.504290093492201663e-02,2.194154534132883305e-01,-2.656814949146676375e-01,1.213940095300020811e-01,5.476027440163334231e-02,1.082042569240833529e+00
5.640000000000000568e+00,2.000000000000000000e+00,2.413675021072709370e+00,-4.078562782667138897e-01,-8.730391310655817305e-01,3.452817825485249847e-01,2.700037210473262284e-01,3.583243874980546195e-02,2.218437790742293358e-01,-2.645842910037393692e-01,1.213332911867743419e-01,5.492023561925442332e-02,1.075848948261796334e+00
5.660000000000000142e+00,2.000000000000000000e+00,2.418136127327001894e+00,-4.131369814575640564e-01,-8.656391051801016756e-01,3.460052028711479433e-01,2.672158535577168204e-01,3.638356863531022611e-02,2.242645051695338343e-01,-2.634863035054543223e-01,1.206305891597243551e-01,5.483749450334550468e-02,1.064190622517483531e+00
5.679999999999999716e+00,2.000000000000000000e+00,2.422645463724740988e+00,-4.183957579684174366e-01,-8.583232230683979225e-01,3.467371252939374093e-01,2.631107535230819972e-01,3.666891271564765020e-02,2.266645841971277886e-01,-2.623924547845208899e-01,1.192651206090992316e-01,5.450521925013224883e-02,1.047056189806408577e+00
5.700000000000000178e+00,2.000000000000000000e+00,2.427202483385745069e+00,-4.236327409371021258e-01,-8.511298173873591555e-01,3.474719593797738759e-01,2.576787788576916927e-01,3.666104440135065090e-02,2.290305529981422894e-01,-2.613078038417229187e-01,1.172161026951461932e-01,5.391657805584027657e-02,1.024441527807498309e+00
5.719999999999999751e+00,2.000000000000000000e+00,2.431806366010086595e+00,-4.288481660478227209e-01,-8.440975996445035934e-01,3.482035670699913932e-01,2.509087755103804884e-01,3.633277390785494276e-02,2.313485327569131111e-01,-2.602375463139196543e-01,1.144627525781123367e-01,5.306473911669524340e-02,9.963466409536847479e-01
5.740000000000000213e+00,2.000000000000000000e+00,2.436456009564958336e+00,-4.340423742638815918e-01,-8.372656437080561176e-01,3.489252703360881114e-01,2.427874626349572629e-01,3.565744557839245488e-02,2.336042290009812117e-01,-2.591870144740459625e-01,1.109842874182447731e-01,5.194287062892277013e-02,9.627720910328744219e-01
5.759999999999999787e+00,2.000000000000000000e+00,2.441150021971534301e+00,-4.392158145604005970e-01,-8.306733868680363786e-01,3.496298648931270847e-01,2.332987781085264500e-01,3.460924671124310237e-02,2.357829316010923437e-01,-2.581616772311121077e-01,1.067599243757906546e-01,5.054414078874848448e-02,9.237150324060350304e-01
5.780000000000000249e+00,2.000000000000000000e+00,2.445886712791836892e+00,-4.443690466570426878e-01,-8.243606505105923743e-01,3.503096402045378088e-01,2.224231847557986419e-01,3.316352817016365861e-02,2.378695147711972213e-01,-2.571671401302038640e-01,1.017688806109971617e-01,4.886171779239805585e-02,8.791648732353283258e-01
5.799999999999999822e+00,2.000000000000000000e+00,2.450664084915598284e+00,-4.495027437507331247e-01,-8.183676823867956918e-01,3.509564060199336089e-01,2.101369405551376524e-01,3.129713774435671780e-02,2.398484370684516032e-01,-2.562091453524825146e-01,9.599037328411141878e-02,4.688876983609709115e-02,8.290985822582647158e-01
5.820000000000000284e+00,2.000000000000000000e+00,2.455479826247126240e+00,-4.546176952483812483e-01,-8.127352223738374404e-01,3.515615257143120953e-01,1.964113401572850637e-01,2.898876802130168073e-02,2.417037413932160705e-01,-2.552935717151848527e-01,8.940361955538053684e-02,4.461846511607123894e-02,7.734756565086563507e-01
5.839999999999999858e+00,2.000000000000000000e+00,2.460331301392168601e+00,-4.597148094996018619e-01,-8.075045935482564330e-01,3.521159567407856072e-01,1.812119405836130348e-01,2.621932144235472606e-02,2.434190549890561939e-01,-2.544264346716230141e-01,8.198783658505169603e-02,4.204397182854614778e-02,7.122327591993143914e-01
5.860000000000000320e+00,2.000000000000000000e+00,2.465215543344775995e+00,-4.647951165294367804e-01,-8.027178203236030596e-01,3.526102985720063199e-01,1.644977914376833106e-01,2.297229623007623900e-02,2.449775894427424772e-01,-2.536138863111848107e-01,7.372224153337203489e-02,3.915845816974744542e-02,6.452780291214369468e-01
5.879999999999999893e+00,2.000000000000000000e+00,2.470129245174165433e+00,-4.698597707710762128e-01,-7.984177753529171362e-01,3.530348485899887367e-01,1.462206999367838267e-01,1.923419801322800993e-02,2.463621406842503581e-01,-2.528622153593333977e-01,6.458605156058870589e-02,3.595509233590075265e-02,5.724850539141557171e-01
5.900000000000000355e+00,2.000000000000000000e+00,2.475068751711587467e+00,-4.749100537985807002e-01,-7.946483568610699377e-01,3.533796664925354936e-01,1.263245742560515639e-01,1.499498323936521160e-02,2.475550889867603188e-01,-2.521778471776075503e-01,5.455848382694880594e-02,3.242704252323172498e-02,4.936864901209038758e-01
5.919999999999999929e+00,2.000000000000000000e+00,2.480030051237186672e+00,-4.799473770596018873e-01,-7.914546980511223406e-01,3.536346479195633941e-01,1.047449059004756933e-01,1.024854186778689780e-02,2.485383989666575810e-01,-2.515673437636214427e-01,4.361875549269964708e-02,2.856747692796604912e-02,4.086673039917772532e-01
5.939999999999999503e+00,2.000000000000000000e+00,2.485008767166868360e+00,-4.849732846081047932e-01,-7.888834102153534644e-01,3.537896081672469717e-01,8.140847395854622359e-02,4.993228393756155015e-03,2.492936195835325497e-01,-2.510374037510647582e-01,3.174608371808811114e-02,2.436956374632926609e-02,3.171575996962864852e-01
5.959999999999999964e+00,2.000000000000000000e+00,2.490000149739161284e+00,-4.899894558370888609e-01,-7.869828611621643155e-01,3.538343770553136203e-01,5.623338193745892194e-02,-7.675480133997325538e-04,2.498018841401803414e-01,-2.505948624097025790e-01,1.891968566336145116e-02,1.982647117454705565e-02,2.188249975284831672e-01
5.980000000000000426e+00,2.000000000000000000e+00,2.494999067702082129e+00,-4.949977082113095617e-01,-7.858034905230989464e-01,3.537589062467109691e-01,2.912957186065443654e-02,-7.024661550993016590e-03,2.500439102826012006e-01,-2.502466916453756629e-01,5.118778488766825667e-03,1.493136740884505771e-02,1.132665258786512835e-01
6.000000000000000000e+00,3.000000000000000000e+00,2.500000000000000000e+00,-5.000000000000000000e-01,-7.853981633974477239e-01,3.535533905932738974e-01,8.229590556801662637e-16,-1.203221656133379724e-02,2.500000000000002220e-01,-2.499999999999999445e-01,-9.677420645448631120e-03,9.677420645449186232e-03,3.199063384568187936e-15
6.019999999999999574e+00,3.000000000000000000e+00,2.504997985849700015e+00,-5.049981234599841828e-01,-7.854392482112639851e-01,3.532776175842576305e-01,-2.959383080416004043e-03,-1.387646409640197476e-02,2.497947356325531110e-01,-2.498152620162985005e-01,-1.083225670670863797e-02,8.802603977832945681e-03,-1.150395226363794092e-02
6.040000000000000036e+00,3.000000000000000000e+00,2.509991642113782451e+00,-5.099927246444330153e-01,-7.855589676662355636e-01,3.529983320294177718e-01,-5.731087270955587121e-03,-1.403001353078359159e-02,2.495673731447126675e-01,-2.496476490520165292e-01,-1.188758082083712746e-02,7.964805640727434799e-03,-2.227852290893684792e-02
6.059999999999999609e+00,3.000000000000000000e+00,2.514980546592974875e+00,-5.149841386952938027e-01,-7.857520925420041769e-01,3.527164170430262535e-01,-8.318239784043283264e-03,-1.413979230653339414e-02,2.493198818872583433e-01,-2.494964275243105878e-01,-1.284548180415408074e-02,7.163347257451183232e-03,-3.233598306830781643e-02
6.080000000000000071e+00,3.000000000000000000e+00,2.519964316057255349e+00,-5.199726862185320986e-01,-7.860134897888787497e-01,3.524327403371564360e-01,-1.072389264314634744e-02,-1.420660222862935029e-02,2.490541894346431639e-01,-2.493608774178708298e-01,-1.370804847297947722e-02,6.397550451322717158e-03,-4.168825559302528211e-02
6.099999999999999645e+00,3.000000000000000000e+00,2.524942605410330110e+00,-5.249586735554834238e-01,-7.863381209017820117e-01,3.521481529538810773e-01,-1.295103593142444935e-02,-1.423130521810733740e-02,2.487721815849936458e-01,-2.492402922849212277e-01,-1.447736964363330499e-02,5.666736845660566221e-03,-5.034697791853070398e-02
6.120000000000000107e+00,3.000000000000000000e+00,2.529915106854103701e+00,-5.299423930542022099e-01,-7.867210405950735286e-01,3.518634881284321558e-01,-1.500261077364960574e-02,-1.421481693130033364e-02,2.484757023601101289e-01,-2.491339792452191282e-01,-1.515553413243554866e-02,4.970228063783253131e-03,-5.832356253653373651e-02
6.139999999999999680e+00,3.000000000000000000e+00,2.534881549053153105e+00,-5.349241233408140728e-01,-7.871573957654033338e-01,3.515795602766290107e-01,-1.688152199012937435e-02,-1.415810070700374013e-02,2.481665540054664443e-01,-2.490412589860558357e-01,-1.574463075570619111e-02,4.307345729009307532e-03,-6.562925495648679053e-02
6.160000000000000142e+00,3.000000000000000000e+00,2.539841696299203200e+00,-5.399041295908655336e-01,-7.876424247292185266e-01,3.512971641001521039e-01,-1.859065036816789224e-02,-1.406216182866693032e-02,2.478464969902101078e-01,-2.489614657622560290e-01,-1.624674832976521349e-02,3.677411464657255602e-03,-7.227518905079925726e-02
6.179999999999999716e+00,3.000000000000000000e+00,2.544795347675594233e+00,-5.448826638006742940e-01,-7.881714567211099975e-01,3.510170738034822935e-01,-2.013286450262926144e-02,-1.392804209026188289e-02,2.475172500071619042e-01,-2.488939473961780391e-01,-1.666397567093260562e-02,3.079746894045625252e-03,-7.827243968917053929e-02
6.200000000000000178e+00,3.000000000000000000e+00,2.549742336221764827e+00,-5.498599650586816212e-01,-7.887399116388064124e-01,3.507400424165416641e-01,-2.151103216254198619e-02,-1.375681465553135752e-02,2.471804899728165528e-01,-2.488380652777138491e-01,-1.699840159552833824e-02,2.513673640492941359e-03,-8.363207257790607196e-02
6.219999999999999751e+00,3.000000000000000000e+00,2.554682528097715899e+00,-5.548362598168014026e-01,-7.893433000203222694e-01,3.504668012172609814e-01,-2.272803114550635967e-02,-1.354957920178456732e-02,2.468378520273424304e-01,-2.487931943642890664e-01,-1.725211491987239942e-02,1.978513327317732700e-03,-8.836519123024712263e-02
6.240000000000000213e+00,3.000000000000000000e+00,2.559615821748493225e+00,-5.598117621617715312e-01,-7.899772232385189330e-01,3.501980592484703059e-01,-2.378675958602542717e-02,-1.330745734001226310e-02,2.464909295345811824e-01,-2.487587231808630617e-01,-1.742720446028477727e-02,1.473587577838525670e-03,-9.248298100373714137e-02
6.259999999999999787e+00,3.000000000000000000e+00,2.564542147068651357e+00,-5.647866740865040702e-01,-7.906373738981541388e-01,3.499345029236604621e-01,-2.469014568785595637e-02,-1.303158830443429395e-02,2.461412740820484168e-01,-2.487340538199288020e-01,-1.752575903308545985e-02,9.982180153738462285e-04,-9.599675015059216943e-02
6.280000000000000249e+00,3.000000000000000000e+00,2.569461464566734854e+00,-5.697611857614370834e-01,-7.913195364203751137e-01,3.496767957162929541e-01,-2.544115685413499139e-02,-1.272312490499771798e-02,2.457903954809330660e-01,-2.487186019415126015e-01,-1.754986745459441444e-02,5.517262632422242387e-04,-9.891796783701736762e-02
6.299999999999999822e+00,3.000000000000000000e+00,2.574373764529747532e+00,-5.747354758058834667e-01,-7.920195877995370726e-01,3.494255779274604845e-01,-2.604280819243748671e-02,-1.238322973733474441e-02,2.454397617660977471e-01,-2.487117967731747037e-01,-1.750161854113163606e-02,1.334339447621859587e-04,-1.012582990974581071e-01
6.320000000000000284e+00,3.000000000000000000e+00,2.579279066187627034e+00,-5.797097115593834449e-01,-7.927334985172134196e-01,3.491814665267995998e-01,-2.649817037511338624e-02,-1.201307164505749370e-02,2.450907991960787624e-01,-2.487130811100089489e-01,-1.738310110901710587e-02,-2.573373167477436001e-04,-1.030296366999273877e-01
6.339999999999999858e+00,3.000000000000000000e+00,2.584177416877720734e+00,-5.846840493530541805e-01,-7.934573335983026166e-01,3.489450550616581825e-01,-2.681037683827854762e-02,-1.161382242986164215e-02,2.447448922530859328e-01,-2.487219113146427185e-01,-1.719640397457081193e-02,-6.212658979690380712e-04,-1.042441299087975976e-01
6.360000000000000320e+00,3.000000000000000000e+00,2.589068891209254986e+00,-5.896586347809408268e-01,-7.941872537942228361e-01,3.487169136296051630e-01,-2.698263030572950125e-02,-1.118665380515970753e-02,2.444033836430027640e-01,-2.487377573172370737e-01,-1.694361595411273541e-02,-9.590301755831663177e-04,-1.049142101417702422e-01
6.379999999999999893e+00,3.000000000000000000e+00,2.593953590227808359e+00,-5.946336029713664706e-01,-7.949195168783197429e-01,3.484975889094518164e-01,-2.701820862684647245e-02,-1.073273458941770286e-02,2.440675742953861138e-01,-2.487601026154866168e-01,-1.662682586396284704e-02,-1.271308526271604494e-03,-1.050526135281022316e-01
6.400000000000000355e+00,3.000000000000000000e+00,2.598831640579791546e+00,-5.996090788582845166e-01,-7.956504790387971537e-01,3.482876042460284483e-01,-2.692046992026652513e-02,-1.025322813542928202e-02,2.437387233634667749e-01,-2.487884442746196856e-01,-1.624812252044114530e-02,-1.558779326715825121e-03,-1.046724003855232649e-01
6.419999999999999929e+00,3.000000000000000000e+00,2.603703193676914829e+00,-6.045851774526272981e-01,-7.963765963547062565e-01,3.480874597840346585e-01,-2.669285701776714231e-02,-9.749289991900056407e-03,2.434180482241487808e-01,-2.488222929273981032e-01,-1.580959473986760094e-02,-1.822120953597300939e-03,-1.037869716435622786e-01
6.440000000000000391e+00,3.000000000000000000e+00,2.608568424860662205e+00,-6.095620041136582401e-01,-7.970944263407990782e-01,3.478976326463524837e-01,-2.633890120541640054e-02,-9.222065793847988857e-03,2.431067244780102388e-01,-2.488611727741176227e-01,-1.531333133856220899e-02,-2.062011783597504037e-03,-1.024100822511522096e-01
6.459999999999999964e+00,3.000000000000000000e+00,2.613427532566767741e+00,-6.145396548203219123e-01,-7.978006295473624165e-01,3.477185771522807722e-01,-2.586222526162855126e-02,-8.672689378160569618e-03,2.428058859493023858e-01,-2.489046215826073716e-01,-1.476142113284494711e-02,-2.279130193397908236e-03,-1.005558516163254229e-01
6.480000000000000426e+00,3.000000000000000000e+00,2.618280737489686594e+00,-6.195182164425950821e-01,-7.984919712014955095e-01,3.475507250712260299e-01,-2.526654579432045106e-02,-8.102281120624610367e-03,2.425166246859503105e-01,-2.489521906882300462e-01,-1.415595293903580860e-02,-2.474154559679987795e-03,-9.823877113547646589e-02
6.500000000000000000e+00,3.000000000000000000e+00,2.623128281747069135e+00,-6.244977670128364355e-01,-7.991653228766825157e-01,3.473944859074558078e-01,-2.455567488190060071e-02,-7.511946490641463470e-03,2.422399909595527034e-01,-2.490034449938822725e-01,-1.349901557345475900e-02,-2.647763259125213500e-03,-9.547370887898916358e-02
6.519999999999999574e+00,3.000000000000000000e+00,2.627970428044233753e+00,-6.294783759971384063e-01,-7.998176641779207729e-01,3.472502472116003602e-01,-2.373352102533814179e-02,-6.902774819566914744e-03,2.419769932653818012e-01,-2.490579629699940512e-01,-1.279269785242178985e-02,-2.800634668415059175e-03,-9.227591150892847094e-02
6.540000000000000036e+00,3.000000000000000000e+00,2.632807458838642312e+00,-6.344601045666773409e-01,-8.004460844301193312e-01,3.471183749146730668e-01,-2.280408942105267497e-02,-6.275838278329004538e-03,2.417285983223834145e-01,-2.491153366545290349e-01,-1.203908859225688924e-02,-2.933447164230998210e-03,-8.866100351292112436e-02
6.560000000000000497e+00,3.000000000000000000e+00,2.637639675504371617e+00,-6.394430058690639962e-01,-8.010477843579508761e-01,3.469992136804672112e-01,-2.177148156683562236e-02,-5.632191059810054412e-03,2.414957310731769280e-01,-2.491751716529846394e-01,-1.124027660928004005e-02,-3.046879123254504860e-03,-8.464498384624406790e-02
6.580000000000000071e+00,3.000000000000000000e+00,2.642467397496586656e+00,-6.444271252996944810e-01,-8.016200777458386550e-01,3.468930872722807424e-01,-2.063989421545237707e-02,-4.972868761102589019e-03,2.412792746840554392e-01,-2.492370871383917663e-01,-1.039835071981122516e-02,-3.141608922167049480e-03,-8.024422008145061513e-02
6.599999999999999645e+00,3.000000000000000000e+00,2.647290961516016505e+00,-6.494125007731013088e-01,-8.021603930672817073e-01,3.468002989300231209e-01,-1.941361769297543505e-02,-4.298887960340280756e-03,2.410800705449856196e-01,-2.493007158513151078e-01,-9.515399740170417051e-03,-3.218314937650105026e-03,-7.547544017155477514e-02
6.620000000000000107e+00,3.000000000000000000e+00,2.652110720673427124e+00,-6.543991629943030075e-01,-8.026662750732517226e-01,3.467211317538670401e-01,-1.809703360125296603e-02,-3.611245982495958629e-03,2.408989182696076314e-01,-2.493657040998527585e-01,-8.593512486677610737e-03,-3.277675546385146188e-03,-7.035572193883300740e-02
6.639999999999999680e+00,3.000000000000000000e+00,2.656927043654091047e+00,-6.593871357301553937e-01,-8.031353863299520723e-01,3.466558490907232781e-01,-1.669461192621505413e-02,-2.910920848156806073e-03,2.407365756952354052e-01,-2.494317117596367428e-01,-7.634777775652785634e-03,-3.320369125053645922e-03,-6.490248040667137563e-02
6.660000000000000142e+00,3.000000000000000000e+00,2.661740313882266840e+00,-6.643764360807028480e-01,-8.035655086967889993e-01,3.466046949199407812e-01,-1.521090757595043585e-02,-2.198871398876534045e-03,2.405937588828562790e-01,-2.494984122738323762e-01,-6.641284423415930692e-03,-3.347074050337078485e-03,-5.913345309657380006e-02
6.679999999999999716e+00,3.000000000000000000e+00,2.666550928685667454e+00,-6.693670747505277019e-01,-8.039545447359780495e-01,3.465678942347681923e-01,-1.365055637463616009e-02,-1.476037592256673747e-03,2.404711421171313313e-01,-2.495654926531388762e-01,-5.615121246287015783e-03,-3.358468698916911195e-03,-5.306668341644858733e-02
6.700000000000000178e+00,3.000000000000000000e+00,2.671359298459935694e+00,-6.743590563201021792e-01,-8.043005190457869213e-01,3.465456534162505431e-01,-1.201827054046240330e-02,-7.433409595787310309e-04,2.403693579063952424e-01,-2.496326534757889459e-01,-4.558377060586042001e-03,-3.355231447474625681e-03,-4.672050226962453506e-02
6.719999999999999751e+00,3.000000000000000000e+00,2.676165845833120560e+00,-6.793523795171385604e-01,-8.046015795099989987e-01,3.465381605963850364e-01,-1.031883367764757815e-02,-1.685218377289743330e-06,2.402889969826563499e-01,-2.496996088875489961e-01,-3.473140682632990927e-03,-3.338040672691689695e-03,-4.011350801671907662e-02
6.740000000000000213e+00,3.000000000000000000e+00,2.680971004830143833e+00,-6.843470374879386808e-01,-8.048559984567650316e-01,3.465455860075154493e-01,-8.557095314476594744e-03,7.480429681212541482e-04,2.402306083015962324e-01,-2.497660866017188952e-01,-2.361500928747821155e-03,-3.307574751249573591e-03,-3.326454492452871059e-02
6.759999999999999787e+00,3.000000000000000000e+00,2.685775220037281752e+00,-6.893430180687472042e-01,-8.050621737205901907e-01,3.465680823151098267e-01,-6.737965021001619988e-03,1.504973092965045112e-03,2.401946990425704864e-01,-2.498318278991324137e-01,-1.225546615250540719e-03,-3.264512059829754662e-03,-2.619268023755789640e-02
6.780000000000000249e+00,3.000000000000000000e+00,2.690578945766630703e+00,-6.943403040570996776e-01,-8.052186296017913580e-01,3.466057849312340622e-01,-4.866406141609775325e-03,2.268249777701569769e-03,2.401817346086081162e-01,-2.498965876281567522e-01,-6.736655846111965244e-05,-3.209530975113704561e-03,-1.891718000869082802e-02
6.799999999999999822e+00,3.000000000000000000e+00,2.695382645220588014e+00,-6.993388734831753606e-01,-8.053240177183256243e-01,3.466588123062178117e-01,-2.947429179074676636e-03,3.037031623845720674e-03,2.401921386264118941e-01,-2.499601342046928742e-01,1.110950425300442738e-03,-3.143309873782898847e-03,-1.145748382588762312e-02
6.820000000000000284e+00,3.000000000000000000e+00,2.700186789656318531e+00,-7.043386998811455024e-01,-8.053771177454703833e-01,3.467272661961879332e-01,-9.860848679564754912e-04,3.810489953130158369e-03,2.402262929463578334e-01,-2.500222496121752291e-01,2.307315519714181300e-03,-3.066527132518803971e-03,-3.833178571691094223e-03
6.839999999999999858e+00,3.000000000000000000e+00,2.704991857550234524e+00,-7.093397525605267262e-01,-8.053768380393890869e-01,3.468112319043429870e-01,1.012543023708844430e-03,4.587807446061020755e-03,2.402845376424960211e-01,-2.500827294015720015e-01,3.519639908460083389e-03,-2.979861128002903731e-03,3.936028648176204819e-03
6.860000000000000320e+00,3.000000000000000000e+00,2.709798333762462708e+00,-7.143419968775296391e-01,-8.053222161411834890e-01,3.469107784940303474e-01,3.043345124596681748e-03,5.368176688888226522e-03,2.403671710125497296e-01,-2.501413826913849170e-01,4.745834775218208193e-03,-2.883990236916659372e-03,1.183033827172461777e-02
6.879999999999999893e+00,3.000000000000000000e+00,2.714606708701322368e+00,-7.193453945064102184e-01,-8.052124191585663393e-01,3.470259589718985294e-01,5.101194081614877050e-03,6.150798639106724863e-03,2.404744495779159996e-01,-2.501980321676494090e-01,5.983811303668550713e-03,-2.779592835941548188e-03,1.982988660890491750e-02
6.900000000000000355e+00,3.000000000000000000e+00,2.719417477487798607e+00,-7.243499037108206418e-01,-8.050467440228373794e-01,3.471568104395946208e-01,7.180952331703212635e-03,6.934881019832417337e-03,2.406065880836656401e-01,-2.502525140839345630e-01,7.231480677491120695e-03,-2.667347301759047471e-03,2.791477459835973313e-02
6.919999999999999929e+00,3.000000000000000000e+00,2.724231139120013356e+00,-7.293554796151601183e-01,-8.048246176193708523e-01,3.473033542126918727e-01,9.277479982535585812e-03,7.719636653719774699e-03,2.407637594985426732e-01,-2.503046782613429500e-01,8.486754080365943934e-03,-2.547932011050624973e-03,3.606509686163799494e-02
6.940000000000000391e+00,3.000000000000000000e+00,2.729048195637701291e+00,-7.343620744759246088e-01,-8.045455967903375472e-01,3.474655959057433852e-01,1.138564276062769762e-02,8.504281746947839338e-03,2.409460950149651115e-01,-2.503543880885109596e-01,9.747542695973030608e-03,-2.422025340497754951e-03,4.426097092564450913e-02
6.959999999999999964e+00,3.000000000000000000e+00,2.733869151286679511e+00,-7.393696379530582119e-01,-8.042093682089029860e-01,3.476435254825697152e-01,1.350031998542805187e-02,9.288034134140588094e-03,2.411536840490243194e-01,-2.504015205216083562e-01,1.101175770799239784e-02,-2.290305666781912528e-03,5.248256648608509017e-02
6.980000000000000426e+00,3.000000000000000000e+00,2.738694511683327448e+00,-7.443781173813045493e-01,-8.038157481246397396e-01,3.478371172711089976e-01,1.561641252823828263e-02,1.007011149498104885e-02,2.413865742404853743e-01,-2.504459660843389446e-01,1.227731030010407488e-02,-2.153451366584567626e-03,6.071013458675423441e-02
7.000000000000000000e+00,3.000000000000000000e+00,2.743524782979054333e+00,-7.493874580415559317e-01,-8.033646819803864636e-01,3.480463299423690038e-01,1.772885071526805051e-02,1.084972955333363132e-02,2.416447714527869550e-01,-2.504876288679397933e-01,1.354211165598806499e-02,-2.012140816587196235e-03,6.892403659167596619e-02
7.019999999999999574e+00,3.000000000000000000e+00,2.748360471024775542e+00,-7.543976034322046331e-01,-8.028562439012771890e-01,3.482711064532423850e-01,1.983260213477267345e-02,1.162610026970511967e-02,2.419282397730412593e-01,-2.505264265311816230e-01,1.480407295932438874e-02,-1.867052393471269577e-03,7.710477282932165499e-02
7.040000000000000036e+00,3.000000000000000000e+00,2.753202080535384511e+00,-7.594084955404943882e-01,-8.022906360571381290e-01,3.485113739531571775e-01,2.192267930904076567e-02,1.239843003769713903e-02,2.422369015120341695e-01,-2.505622903003690283e-01,1.606110539379306673e-02,-1.718864473918259739e-03,8.523301079037515215e-02
7.060000000000000497e+00,3.000000000000000000e+00,2.758050114254228191e+00,-7.644200751138696681e-01,-8.016681878999253330e-01,3.487670436547503083e-01,2.399414719298577012e-02,1.316591789517218558e-02,2.425706372042250591e-01,-2.505951649693399785e-01,1.731112014307410393e-02,-1.568255434609642498e-03,9.328961276278886772e-02
7.080000000000000071e+00,3.000000000000000000e+00,2.762905072117579852e+00,-7.694322819313273998e-01,-8.009893552783470261e-01,3.490380106689640605e-01,2.604213046223818537e-02,1.392775376049826264e-02,2.429292856077470142e-01,-2.506250088994662617e-01,1.855202839084753308e-02,-1.415903652226887339e-03,1.012556627901665812e-01
7.099999999999999645e+00,3.000000000000000000e+00,2.767767450419109210e+00,-7.744450550747671302e-01,-8.002547194322732205e-01,3.493241538051702344e-01,2.806182055492256397e-02,1.468311670424249371e-02,2.433126437044068058e-01,-2.506517940196530958e-01,1.978174132079336262e-02,-1.262487503451471772e-03,1.091124928418247958e-01
7.120000000000000107e+00,3.000000000000000000e+00,2.772637740974363663e+00,-7.794583332003419684e-01,-7.994649858699997003e-01,3.496253353371337469e-01,3.004848243272268890e-02,1.543117326638210329e-02,2.437204666996844737e-01,-2.506755058263395730e-01,2.099817011659160099e-02,-1.108685364964864415e-03,1.168417080852319906e-01
7.140000000000000568e+00,3.000000000000000000e+00,2.777516430285232207e+00,-7.844720548098088608e-01,-7.986209831318802355e-01,3.499414007358255252e-01,3.199746102837396772e-02,1.617107582885246586e-02,2.441524680227339927e-01,-2.506961433834982156e-01,2.219922596192228439e-02,-9.551756134485394180e-04,1.244252111539114469e-01
7.160000000000000142e+00,3.000000000000000000e+00,2.782403998704427117e+00,-7.894861585218798661e-01,-7.977236614443075080e-01,3.502721783702878455e-01,3.390418734836182779e-02,1.690196105297481211e-02,2.446083193263827726e-01,-2.507137193226351979e-01,2.338282004046540741e-02,-8.026366255839711451e-04,1.318452253063439328e-01
7.179999999999999716e+00,3.000000000000000000e+00,2.787300919599952298e+00,-7.945005833435727638e-01,-7.967740912684569965e-01,3.506174791779445021e-01,3.576418420133212206e-02,1.762294839102906963e-02,2.450876504871318806e-01,-2.507282598427904574e-01,2.454686353590098888e-02,-6.517467780526349378e-04,1.390843163739338972e-01
7.200000000000000178e+00,3.000000000000000000e+00,2.792207658519578306e+00,-7.995152689415605529e-01,-7.957734617486668105e-01,3.509770963059290483e-01,3.757307152451774823e-02,1.833313868085184595e-02,2.455900496051559578e-01,-2.507398047105374173e-01,2.568926763190907195e-02,-5.031844475359954034e-04,1.461254133987287818e-01
7.219999999999999751e+00,3.000000000000000000e+00,2.797124672355316033e+00,-8.045301559135238367e-01,-7.947230790657655586e-01,3.513508047251785449e-01,3.932657128234274407e-02,1.903161283196475040e-02,2.461150630043032750e-01,-2.507484072599831526e-01,2.680794351216964772e-02,-3.576280107155349846e-04,1.529518278643354767e-01
7.240000000000000213e+00,3.000000000000000000e+00,2.802052408507891723e+00,-8.095451860595003213e-01,-7.936243647011042013e-01,3.517383608192076183e-01,4.102051191326241270e-02,1.971743061142205988e-02,2.466621952320956213e-01,-2.507541343927685573e-01,2.790080236036274544e-02,-2.157558442727184787e-04,1.595472714263804492e-01
7.259999999999999787e+00,3.000000000000000000e+00,2.806991304051215774e+00,-8.145603026532364233e-01,-7.924788536174828257e-01,3.521395019496354473e-01,4.265083230282095544e-02,2.038962953704270831e-02,2.472309090597285541e-01,-2.507570665780677888e-01,2.896575536016837010e-02,-7.824632488902694572e-05,1.658958720519267127e-01
7.280000000000000249e+00,3.000000000000000000e+00,2.811941784896862195e+00,-8.195754507135362132e-01,-7.912881923636067016e-01,3.525539460006892889e-01,4.421358526284480811e-02,2.104722388534518984e-02,2.478206254820710108e-01,-2.507572978525889895e-01,3.000071369526655096e-02,5.422217075407297386e-05,1.719821884805322887e-01
7.299999999999999822e+00,3.000000000000000000e+00,2.816904264958537407e+00,-8.245905772756145780e-01,-7.900541371091259757e-01,3.529813909050492637e-01,4.570494049862083158e-02,2.168920382104744249e-02,2.484307237176656691e-01,-2.507549358205737877e-01,3.100358854933728953e-02,1.809712659751052614e-04,1.777912229231010943e-01
7.320000000000000284e+00,3.000000000000000000e+00,2.821879145316555260e+00,-8.296056316624458304e-01,-7.887785516177504563e-01,3.534215141535311799e-01,4.712118704782693873e-02,2.231453465445909501e-02,2.490605412087288084e-01,-2.507501016537974081e-01,3.197229110606061853e-02,3.013225840925981536e-04,1.833084319183838629e-01
7.339999999999999858e+00,3.000000000000000000e+00,2.826866813382312493e+00,-8.346205657561152069e-01,-7.874634051663450540e-01,3.538739722912276342e-01,4.845873517686944548e-02,2.292215623277016334e-02,2.497093736211503379e-01,-2.507429300915686721e-01,3.290473254911654294e-02,4.145977484250778274e-04,1.885197352709155338e-01
7.360000000000000320e+00,3.000000000000000000e+00,2.831867642062757984e+00,-8.396353342691695865e-01,-7.861107704183286637e-01,3.543384004028420353e-01,4.971411772212844943e-02,2.351098247062743951e-02,2.503764748444936017e-01,-2.507335694407301641e-01,3.379882406218508856e-02,5.201183822910712727e-04,1.934115229983471018e-01
7.379999999999999893e+00,3.000000000000000000e+00,2.836881988924870424e+00,-8.446498950159677666e-01,-7.847228212601021768e-01,3.548144115900526696e-01,5.088399086540892902e-02,2.407990102498658302e-02,2.510610569919956570e-01,-2.507221815756580097e-01,3.465247682894626036e-02,6.172061090091055880e-04,1.979706602205415500e-01
7.400000000000000355e+00,3.000000000000000000e+00,2.841910195360128455e+00,-8.496642091840319599e-01,-7.833018306096329875e-01,3.553015964438414609e-01,5.196513433462720405e-02,2.462777311879982278e-02,2.517622904005672457e-01,-2.507089419382619866e-01,3.546360203308009107e-02,7.051825518977090099e-04,2.021844899274330698e-01
7.419999999999999929e+00,3.000000000000000000e+00,2.846952585748987907e+00,-8.546782416053974041e-01,-7.818501682067070524e-01,3.557995225148046781e-01,5.295445102242552632e-02,2.515343351754140144e-02,2.524793036307925731e-01,-2.506940395379855246e-01,3.623011085826657179e-02,7.833693342754057638e-04,2.060408335674985270e-01
7.439999999999999503e+00,3.000000000000000000e+00,2.852009466625350154e+00,-8.596919610279637469e-01,-7.803702983947331528e-01,3.563077337845430570e-01,5.384896601698892227e-02,2.565569066223005734e-02,2.532111834669294459e-01,-2.506776769518055392e-01,3.694991448818574914e-02,8.510880794607258212e-04,2.095279894037175850e-01
7.459999999999999964e+00,3.000000000000000000e+00,2.857081125841040681e+00,-8.647053403868453225e-01,-7.788647779043531560e-01,3.568257501412939181e-01,5.464582504083304731e-02,2.613332696212466999e-02,2.539569749169093837e-01,-2.506600703242328754e-01,3.762092410651761420e-02,9.076604107721940578e-04,2.126347285890859695e-01
7.480000000000000426e+00,3.000000000000000000e+00,2.862167831730279666e+00,-8.697183570757223148e-01,-7.773362536494501374e-01,3.573530668630280349e-01,5.534229229473295458e-02,2.658509924982155326e-02,2.547156812123374525e-01,-2.506414493673116972e-01,3.824105089694220666e-02,9.524079515283395778e-04,2.153502889190500313e-01
7.500000000000000000e+00,3.000000000000000000e+00,2.867269832274156105e+00,-8.747309932181910330e-01,-7.757874605464920581e-01,3.578891541112868002e-01,5.593574770526084372e-02,2.700973940125095396e-02,2.554862638084922644e-01,-2.506220573606199875e-01,3.880820604313953148e-02,9.846523250476874739e-04,2.176643662235964449e-01
7.519999999999999574e+00,3.000000000000000000e+00,2.872387354265101056e+00,-8.797432359391144097e-01,-7.742212193684523402e-01,3.584334564390780353e-01,5.642368357559597591e-02,2.740595512251253751e-02,2.562676423843260887e-01,-2.506021511512692701e-01,3.932030072878960059e-02,1.003715154648764573e-03,2.195671033671229566e-01
7.540000000000000036e+00,3.000000000000000000e+00,2.877520602471360878e+00,-8.847550776359731639e-01,-7.726404346448604299e-01,3.589853923161872573e-01,5.680370064035135391e-02,2.777243090537240278e-02,2.570586948424647411e-01,-2.505820011539046654e-01,3.977524613757243283e-02,1.008918063650100956e-03,2.210490768295513553e-01
7.560000000000000497e+00,3.000000000000000000e+00,2.882669758801474025e+00,-8.897665162502167435e-01,-7.710480926198108875e-01,3.595443536752929714e-01,5.707350352612985261e-02,2.810782915280363170e-02,2.578582573092076946e-01,-2.505618913507051682e-01,4.017095345316806787e-02,9.995826753702206306e-04,2.221012808473774025e-01
7.580000000000000071e+00,3.000000000000000000e+00,2.887834981468737183e+00,-8.947775555386123791e-01,-7.694472592800244426e-01,3.601097054822994248e-01,5.723089562037105005e-02,2.841079147582981079e-02,2.586651241345280794e-01,-2.505421192913830364e-01,4.050533385925648294e-02,9.750306131276507493e-04,2.227151090984001158e-01
7.599999999999999645e+00,3.000000000000000000e+00,2.893016404155686505e+00,-8.997882053445978023e-01,-7.678410784653050269e-01,3.606807853343261816e-01,5.727377335177578216e-02,2.867994016275154934e-02,2.594780478920724609e-01,-2.505229960931843469e-01,4.077629853951772465e-02,9.345835002409199829e-04,2.228823339186623564e-01
7.620000000000000107e+00,3.000000000000000000e+00,2.898214135178566853e+00,-9.047984818696306331e-01,-7.662327700739572922e-01,3.612569030888094779e-01,5.720011988619710247e-02,2.891387982156956582e-02,2.602957393791611174e-01,-2.505048464408888287e-01,4.098175867763177715e-02,8.775629600285537492e-04,2.225950830445907747e-01
7.640000000000000568e+00,3.000000000000000000e+00,2.903428256651807260e+00,-9.098084079445398764e-01,-7.646256283759427230e-01,3.618373405271889665e-01,5.700799824236236352e-02,2.911119919655291710e-02,2.611168676167879288e-01,-2.504880085868099182e-01,4.111962545727869400e-02,8.032906158090793091e-04,2.218458138773699295e-01
7.660000000000000142e+00,3.000000000000000000e+00,2.908658823652490621e+00,-9.148180133008751991e-01,-7.630230204467436383e-01,3.624213510566715590e-01,5.669554383213429305e-02,2.927047315973041464e-02,2.619400598496203214e-01,-2.504728343507944266e-01,4.118781006213848017e-02,7.110880909010233817e-04,2.206272852701177678e-01
7.679999999999999716e+00,3.000000000000000000e+00,2.913905863384832706e+00,-9.198273348422595364e-01,-7.614283847350795664e-01,3.630081594535781164e-01,5.626095643024068421e-02,2.939026487819695888e-02,2.627639015459993788e-01,-2.504596891202229836e-01,4.118422367589114758e-02,6.002770086229159384e-04,2.189325268414147596e-01
7.700000000000000178e+00,3.000000000000000000e+00,2.919169374344650958e+00,-9.248364169157381465e-01,-7.598452297777777975e-01,3.635969616517993885e-01,5.570249157848720933e-02,2.946912815828817145e-02,2.635869363979397861e-01,-2.504489518500098155e-01,4.110677748221670813e-02,4.701789922932800118e-04,2.167548058210387318e-01
7.719999999999999751e+00,3.000000000000000000e+00,2.924449325483841733e+00,-9.298453115831302185e-01,-7.582771330752481331e-01,3.641869245799095878e-01,5.501845142943078554e-02,2.950560996780993150e-02,2.644076663211297751e-01,-2.504410150626028564e-01,4.095338266479518763e-02,3.201156652306451399e-04,2.140875914353470577e-01
7.740000000000000213e+00,3.000000000000000000e+00,2.929745655374850877e+00,-9.348540788923791478e-01,-7.567277401411440785e-01,3.647771860505117925e-01,5.420717503432612855e-02,2.949825313788423387e-02,2.652245514549311234e-01,-2.504362848479834147e-01,4.072195040730659799e-02,1.494086507535368218e-04,2.109245168405259330e-01
7.759999999999999787e+00,3.000000000000000000e+00,2.935058271375146965e+00,-9.398627871489033669e-01,-7.552007637399175133e-01,3.653668547054249593e-01,5.326702807987231114e-02,2.944559924623035840e-02,2.660360101623794327e-01,-2.504351808636666732e-01,4.041039189343095805e-02,-4.262042781951802040e-05,2.072593386118344039e-01
7.780000000000000249e+00,3.000000000000000000e+00,2.940387048791698543e+00,-9.448715131869465100e-01,-7.536999833260871196e-01,3.659550100203609602e-01,5.219639207788567131e-02,2.934619168425811608e-02,2.668404190301836842e-01,-2.504381363347013556e-01,4.001661830684828669e-02,-2.566499471699910007e-04,2.030858937959545973e-01
7.799999999999999822e+00,3.000000000000000000e+00,2.945731830045442923e+00,-9.498803426409292427e-01,-7.522292446991521997e-01,3.665407023727952351e-01,5.099365301151573271e-02,2.919857891085975155e-02,2.676361128687265167e-01,-2.504455980536698378e-01,3.953854083123858887e-02,-4.933582839793560371e-04,1.983980545315522370e-01
7.820000000000000284e+00,3.000000000000000000e+00,2.951092423835763423e+00,-9.548893702167987607e-01,-7.507924598881936529e-01,3.671229531767953858e-01,4.965718944101613075e-02,2.900131789637327984e-02,2.684213847120642815e-01,-2.504580263806881479e-01,3.897407065028189732e-02,-7.534238149290862618e-04,1.931896802401279201e-01
7.839999999999999858e+00,3.000000000000000000e+00,2.956468604304959502e+00,-9.598986999633798423e-01,-7.493936072803102366e-01,3.677007550886501885e-01,4.818536007139381100e-02,2.875297776105689707e-02,2.691944858179267097e-01,-2.504758952434057995e-01,3.832111894765821702e-02,-1.037524916700653492e-03,1.874545673851494010e-01
7.860000000000000320e+00,3.000000000000000000e+00,2.961860110202723551e+00,-9.649084455437259011e-01,-7.480367320071517057e-01,3.682730722872376017e-01,4.657649078350479394e-02,2.845214361313530560e-02,2.699536256677173562e-01,-2.504996921370061802e-01,3.757759690704756683e-02,-1.346339965975531985e-03,1.811863967922800189e-01
7.879999999999999893e+00,3.000000000000000000e+00,2.967266644050611468e+00,-9.699187305064690401e-01,-7.467259466039297688e-01,3.688388408331755852e-01,4.482886112937022050e-02,2.809742059254283220e-02,2.706969719665132112e-01,-2.505299181242060524e-01,3.674141571212996560e-02,-1.680547339435194262e-03,1.743786785172601050e-01
7.900000000000000355e+00,3.000000000000000000e+00,2.972687871306519458e+00,-9.749296885571714366e-01,-7.454654319554193664e-01,3.693969691109392772e-01,4.294069029167153773e-02,2.768743812749185906e-02,2.714226506430650332e-01,-2.505670878352560527e-01,3.581048654658543218e-02,-2.040825413761114364e-03,1.670246942406297397e-01
7.919999999999999929e+00,3.000000000000000000e+00,2.978123419529152827e+00,-9.799414638296751745e-01,-7.442594385436018811e-01,3.699463383582752285e-01,4.091012250659310096e-02,2.722085441221189228e-02,2.721287458497970158e-01,-2.506117294679401919e-01,3.478272059409399236e-02,-2.427852565634758524e-03,1.591174371600563298e-01
7.939999999999999503e+00,3.000000000000000000e+00,2.983572877542503221e+00,-9.849542111574536296e-01,-7.431122880117663199e-01,3.704858032874277507e-01,3.873521194844689597e-02,2.669636111557416314e-02,2.728132999628070099e-01,-2.506643847875762998e-01,3.365602903833564419e-02,-2.842307171737610758e-03,1.506495493415489217e-01
7.959999999999999964e+00,3.000000000000000000e+00,2.989035794600321871e+00,-9.899680963449618565e-01,-7.420283750600576989e-01,3.710141928028982128e-01,3.641390707389370596e-02,2.611268833167734726e-02,2.734743135818664683e-01,-2.507256091270157472e-01,3.242832306299039957e-02,-3.284867608751138382e-03,1.416132564803730398e-01
7.980000000000000426e+00,3.000000000000000000e+00,2.994511679550591499e+00,-9.949832964389871970e-01,-7.410121696876669217e-01,3.715303108206948202e-01,3.394403442312731584e-02,2.546860978513088014e-02,2.741097455304205566e-01,-2.507959713866436124e-01,3.109751385173829125e-02,-3.756212253356815221e-03,1.320003000110900326e-01
8.000000000000000000e+00,4.000000000000000000e+00,3.000000000000000000e+00,-1.000000000000000000e+00,-7.400682197970759324e-01,3.720329371943034147e-01,3.132328187518598067e-02,2.516415693288287514e-02,2.747175128555878754e-01,-2.508760540343785150e-01,2.966151258825933112e-02,-4.257019482236668040e-03,1.218018664939184148e-01
8.019999999999999574e+00,4.000000000000000000e+00,3.005499348703182694e+00,-1.005019478949299661e+00,-7.397424024754809535e-01,3.725368770980100885e-01,-8.311399272876912603e-03,2.560732953525501898e-02,2.751714693303542458e-01,-2.511262377062814521e-01,1.589473200452145782e-02,-2.057642876523312417e-02,-3.230939032150390716e-02
8.039999999999999147e+00,4.000000000000000000e+00,3.011005087077713416e+00,-1.010047151852397684e+00,-7.405221264276523607e-01,3.730572303757136443e-01,-4.496744702164383323e-02,2.643192281184525427e-02,2.753596578449487020e-01,-2.516917876433616974e-01,3.081307797783627497e-03,-3.579730680431303380e-02,-1.749184866258709503e-01
8.060000000000000497e+00,4.000000000000000000e+00,3.016512089072154179e+00,-1.015089107792669809e+00,-7.423256316201063409e-01,3.735941540104839031e-01,-7.863158096968991817e-02,2.728995955098589832e-02,2.753009410005140545e-01,-2.525509528690015326e-01,-8.799212671679414177e-03,-4.994161842553698771e-02,-3.062936462895381462e-01
8.080000000000000071e+00,4.000000000000000000e+00,3.022015601796562922e+00,-1.020151005226925811e+00,-7.450729498568876563e-01,3.741488287577531269e-01,-1.093318957956366660e-01,2.822560999429590822e-02,2.750137723453985328e-01,-2.536824217031045658e-01,-1.976728204359295624e-02,-6.303132845496557668e-02,-4.267040639511880395e-01
8.099999999999999645e+00,4.000000000000000000e+00,3.027511237341435901e+00,-1.025238080771338378e+00,-7.486859017415161688e-01,3.747231784102557084e-01,-1.371271084249677530e-01,2.926978526403622993e-02,2.745161963751558409e-01,-2.550653217620952873e-01,-2.984335295768224261e-02,-7.508840171865932556e-02,-5.364164368871484623e-01
8.119999999999999218e+00,4.000000000000000000e+00,3.032994964596653187e+00,-1.030355157987373538e+00,-7.530880829003560040e-01,3.753196201683145494e-01,-1.620974579182724029e-01,3.044165006885179992e-02,2.738258485325452130e-01,-2.566792199589197354e-01,-3.904787805367257447e-02,-8.613480304267887022e-02,-6.356939758945049368e-01
8.140000000000000568e+00,4.000000000000000000e+00,3.038463101070422390e+00,-1.035506656167722195e+00,-7.582048498954113702e-01,3.759408444130097893e-01,-1.843373532232168710e-01,3.175005173582157170e-02,2.729599552075313573e-01,-2.585041225030449974e-01,-4.740130997128919749e-02,-9.619249725308474941e-02,-7.247971711108536219e-01
8.160000000000000142e+00,4.000000000000000000e+00,3.043912304708221939e+00,-1.040696599122229671e+00,-7.639633130271410444e-01,3.765896222377475011e-01,-2.039496734870822336e-01,3.319486890636014209e-02,2.719353337372847346e-01,-2.605204749004594866e-01,-5.492410135025740242e-02,-1.052834491759375712e-01,-8.039857053509507079e-01
8.179999999999999716e+00,4.000000000000000000e+00,3.049339565711743028e+00,-1.045928623963825022e+00,-7.702923405255267530e-01,3.772686391692641750e-01,-2.210415216390351489e-01,3.476828365810646915e-02,2.707683924061806691e-01,-2.627091619536726652e-01,-6.163670483030245228e-02,-1.134296236372978189e-01,-8.735210117779896866e-01
8.199999999999999289e+00,4.000000000000000000e+00,3.054742198357841776e+00,-1.051205989894453907e+00,-7.771225763957915200e-01,3.779803535840717266e-01,-2.357211903324877567e-01,3.645598050689535796e-02,2.694751304458006258e-01,-2.650515077617152659e-01,-6.755957305114961009e-02,-1.206529854632261978e-01,-9.336690657675710270e-01
8.220000000000000639e+00,4.000000000000000000e+00,3.060117832817472738e+00,-1.056531586991007909e+00,-7.843864723755461510e-01,3.787268783895399449e-01,-2.480960976950727093e-01,3.823827500896648246e-02,2.680711380349311002e-01,-2.675292757201392368e-01,-7.271315865252415966e-02,-1.269754994797831771e-01,-9.847030843090274210e-01
8.240000000000000213e+00,4.000000000000000000e+00,3.065464406974641953e+00,-1.061907944991254515e+00,-7.920183330311544312e-01,3.795098845844305235e-01,-2.582714711136405716e-01,4.009117376156368096e-02,2.665715962995646171e-01,-2.701246685210177967e-01,-7.711791427415136402e-02,-1.324191305130293650e-01,-1.026905881737909310e+00
8.259999999999999787e+00,4.000000000000000000e+00,3.070780158245346669e+00,-1.067337242079767545e+00,-7.999543719369083261e-01,3.803305253400024455e-01,-2.663495882565706796e-01,4.198736666787006300e-02,2.649912773128985100e-01,-2.728203281529453239e-01,-8.079429255575654167e-02,-1.370058433890254390e-01,-1.060571699109085220e+00
8.279999999999999361e+00,4.000000000000000000e+00,3.076063615396519069e+00,-1.072821313673858690e+00,-8.081327761090996153e-01,3.811893792511452661e-01,-2.724294180231633944e-01,4.389715151874895582e-02,2.633445440953363081e-01,-2.755993359010375232e-01,-8.376274613706485850e-02,-1.407576029338318269e-01,-1.086007386696109300e+00
8.300000000000000711e+00,4.000000000000000000e+00,3.081313590364972210e+00,-1.078361661209506162e+00,-8.164937753780876495e-01,3.820864114007523904e-01,-2.766065358055505574e-01,4.578929033286449624e-02,2.616453506144864050e-01,-2.784452123469310370e-01,-8.604372765780163301e-02,-1.436963739735091228e-01,-1.103532875054910045e+00
8.320000000000000284e+00,4.000000000000000000e+00,3.086529170076342865e+00,-1.083959460927287122e+00,-8.249797131448169951e-01,3.830209508644599192e-01,-2.789732153199078746e-01,4.763179653707894090e-02,2.599072417851632233e-01,-2.813419173687840558e-01,-8.765768975769216986e-02,-1.458441213341179488e-01,-1.113480919568432315e+00
8.339999999999999858e+00,4.000000000000000000e+00,3.091709708264036571e+00,-1.089615572658306997e+00,-8.335351149527964187e-01,3.839916832622354836e-01,-2.796186226757364501e-01,4.939265197629616466e-02,2.581433534693862164e-01,-2.842738501412757635e-01,-8.862508507646177369e-02,-1.472228098417189268e-01,-1.116196145934680972e+00
8.359999999999999432e+00,4.000000000000000000e+00,3.096854817288171358e+00,-1.095330548610129684e+00,-8.421067514793613151e-01,3.849966569435117614e-01,-2.786290574463797243e-01,5.104045290684666725e-02,2.563664124763808116e-01,-2.872258491356066146e-01,-8.896636625383563812e-02,-1.478544043223725679e-01,-1.112033459171685390e+00
8.380000000000000782e+00,4.000000000000000000e+00,3.101964359954521466e+00,-1.101104642152707314e+00,-8.506436928766418770e-01,3.860333013785093303e-01,-2.760882007939738925e-01,5.254498451973432793e-02,2.545887365625773557e-01,-2.901831921194981678e-01,-8.870198592953902617e-02,-1.477608696021394941e-01,-1.101355905997842388e+00
8.400000000000000355e+00,4.000000000000000000e+00,3.107038441333461076e+00,-1.106937816604313340e+00,-8.590973518374532825e-01,3.870984563243012322e-01,-2.720773428255199855e-01,5.387772411609326184e-02,2.528222344316121695e-01,-2.931315961571933637e-01,-8.785239674329728410e-02,-1.469641705070801607e-01,-1.084532099741864153e+00
8.419999999999999929e+00,4.000000000000000000e+00,3.112077400578910691e+00,-1.112829754017470751e+00,-8.674215132887580504e-01,3.881884103431530453e-01,-2.666755709388128337e-01,5.501227376225514831e-02,2.510784057343268816e-01,-2.960572176094561914e-01,-8.643805133483560554e-02,-1.454862718632552454e-01,-1.061933328384599085e+00
8.439999999999999503e+00,4.000000000000000000e+00,3.117081802747279085e+00,-1.118779863964882271e+00,-8.755723491909708223e-01,3.892989472747913626e-01,-2.599599085015916744e-01,5.592472403009374204e-02,2.493683410687687063e-01,-2.989466521335721882e-01,-8.447940234387928127e-02,-1.433491384967252869e-01,-1.033930470406746904e+00
8.460000000000000853e+00,4.000000000000000000e+00,3.122052430616408358e+00,-1.124787292325363008e+00,-8.835084175132398299e-01,3.904253993043568238e-01,-2.520053992321399372e-01,5.659395122226484887e-02,2.477027219801901659e-01,-3.017869346833475519e-01,-8.199690241015358816e-02,-1.405747352335509071e-01,-1.000890840595626496e+00
8.480000000000000426e+00,4.000000000000000000e+00,3.126990276504516331e+00,-1.130850930069768001e+00,-8.911906450346112063e-01,3.915627053236820365e-01,-2.428851374446208411e-01,5.700185124108081425e-02,2.460918209610495067e-01,-3.045655395091102502e-01,-7.901100417338387250e-02,-1.371850268997926448e-01,-9.631750798903381261e-01
8.500000000000000000e+00,4.000000000000000000e+00,3.131896534089144257e+00,-1.136969422046924638e+00,-8.985822941648419215e-01,3.927054733539999676e-01,-2.326702481221989971e-01,5.713351394038390652e-02,2.445455014510102831e-01,-3.072703801577091332e-01,-7.554216027329527239e-02,-1.332019783215110942e-01,-9.211341909331065558e-01
8.519999999999999574e+00,4.000000000000000000e+00,3.136772590226097446e+00,-1.143141175769562645e+00,-9.056489144679750192e-01,3.938480458812973484e-01,-2.214298237427651805e-01,5.697734236808926767e-02,2.430732178369415797e-01,-3.098898094725143215e-01,-7.161082334961310636e-02,-1.286475543247667663e-01,-8.751068055422775993e-01
8.539999999999999147e+00,4.000000000000000000e+00,3.141620016768388979e+00,-1.149364370200244290e+00,-9.123582799933870335e-01,3.949845670487234783e-01,-2.092308270065574849e-01,5.652512173967494391e-02,2.416840154529182050e-01,-3.124126195934170958e-01,-6.723744604206269293e-02,-1.235437197356203387e-01,-8.254167531159053439e-01
8.560000000000000497e+00,4.000000000000000000e+00,3.146440562385190987e+00,-1.155636964537294586e+00,-9.186803138649738409e-01,3.961090507508843728e-01,-1.961379701660056762e-01,5.577204326823803626e-02,2.403865305802200258e-01,-3.148280419568302291e-01,-6.244248099036932287e-02,-1.179124393801323500e-01,-7.723709812070884695e-01
8.580000000000000071e+00,4.000000000000000000e+00,3.151236144380763715e+00,-1.161956707000732170e+00,-9.245870018464847906e-01,3.972154487794531397e-01,-1.822135825804510334e-01,5.471668811092378348e-02,2.391889904473328277e-01,-3.171257472956872103e-01,-5.724638083425819673e-02,-1.117756780843633807e-01,-7.162578622186842603e-01
8.599999999999999645e+00,4.000000000000000000e+00,3.156008840513420566e+00,-1.168321143618199720e+00,-9.300522967910888061e-01,3.982977182753212886e-01,-1.675174784517413640e-01,5.336097668096506652e-02,2.380992132299476483e-01,-3.192958456394431876e-01,-5.166959821345454285e-02,-1.051554006743738723e-01,-6.573459041805114200e-01
8.619999999999999218e+00,4.000000000000000000e+00,3.160760880814451834e+00,-1.174727627010894393e+00,-9.350520160008312098e-01,3.993498878466916757e-01,-1.521068364860085897e-01,5.171008843122848475e-02,2.371246080509610832e-01,-3.213288863140743024e-01,-4.573258576768373523e-02,-9.807357197622464107e-02,-5.958828695103572937e-01
8.640000000000000568e+00,4.000000000000000000e+00,3.165494639407082200e+00,-1.181173325179497136e+00,-9.395637335742171858e-01,4.003661218125704191e-01,-1.360361025281610903e-01,4.977235695575821239e-02,2.362721749804752303e-01,-3.232158579420781885e-01,-3.945579613667097446e-02,-9.055215681597608701e-02,-5.320952939130493275e-01
8.660000000000000142e+00,4.000000000000000000e+00,3.170212626325410010e+00,-1.187655230290105335e+00,-9.435666698168819755e-01,4.013407821249221352e-01,-1.193569250975488327e-01,4.755914490070978218e-02,2.355485050357976617e-01,-3.249481884424731404e-01,-3.285968196014164844e-02,-8.261312001968887375e-02,-4.661883883260386496e-01
8.679999999999999716e+00,4.000000000000000000e+00,3.174917479333350556e+00,-1.194170167460161025e+00,-9.470415797413208603e-01,4.022684876085987349e-01,-1.021181322957494669e-01,4.508470274551434898e-02,2.349597801814415077e-01,-3.265177450307992224e-01,-2.596469587782084670e-02,-7.427842641342342900e-02,-3.983463000837138002e-01
8.699999999999999289e+00,4.000000000000000000e+00,3.179611955743581575e+00,-1.200714803544382425e+00,-9.499706425972521684e-01,4.031441702347426381e-01,-8.436575684719467561e-02,4.236601503101589117e-02,2.345117733291252615e-01,-3.279168342191173813e-01,-1.879129052943404043e-02,-6.557004082324056904e-02,-3.287327051107946652e-01
8.720000000000000639e+00,4.000000000000000000e+00,3.184298924236489636e+00,-1.207285655920695033e+00,-9.523373542643096545e-01,4.039631282098393728e-01,-6.614311415807103134e-02,3.942263709196858201e-02,2.342098483377731410e-01,-3.291382018160098344e-01,-1.135991855470638856e-02,-5.650992807520080485e-02,-2.574917007248145873e-01
8.740000000000000213e+00,4.000000000000000000e+00,3.188981356679108536e+00,-1.213879101276159389e+00,-9.541264242124433137e-01,4.047210757184215302e-01,-4.749093632127174280e-02,3.627652481545595720e-02,2.340589600135145332e-01,-3.301750329265801254e-01,-3.691032593363102916e-03,-4.712005299536452252e-02,-1.847489682143333700e-01
8.759999999999999787e+00,4.000000000000000000e+00,3.193662319944067463e+00,-1.220491384392905498e+00,-9.553236786004958292e-01,4.054141892024575866e-01,-2.844756302720454280e-02,3.295185940882738862e-02,2.340636541096845491e-01,-3.310209519524527355e-01,4.194914714870485832e-03,-3.742238040979239955e-02,-1.106131754070955320e-01
8.779999999999999361e+00,4.000000000000000000e+00,3.198344967728535604e+00,-1.227118626934059042e+00,-9.559159709463800336e-01,4.060391500947746479e-01,-9.049188419724147475e-03,2.947486863339676688e-02,2.342280673268237745e-01,-3.316700225917739719e-01,1.227747073026910773e-02,-2.743887514454501977e-02,-3.517759157975628576e-02
8.800000000000000711e+00,4.000000000000000000e+00,3.203032532373165431e+00,-1.233756836229675802e+00,-9.558911016679801920e-01,4.065931839477934240e-01,1.066983889519814398e-02,2.587364545334303045e-02,2.345559273126782418e-01,-3.321167478392105799e-01,2.053618281310742866e-02,-1.719150202568305724e-02,4.147811007923785098e-02
8.820000000000000284e+00,4.000000000000000000e+00,3.207728316681035086e+00,-1.240401914062668087e+00,-9.552377476657425426e-01,4.070740959129083847e-01,3.067666719769227349e-02,2.217796457097342966e-02,2.350505526621994856e-01,-3.323560699859509082e-01,2.895059832366029401e-02,-6.702225879266898896e-03,1.192858840094942474e-01
8.839999999999999858e+00,4.000000000000000000e+00,3.212435685736593882e+00,-1.247049665454739165e+00,-9.539454029976928151e-01,4.074803025306323323e-01,5.093955045935177200e-02,1.841909687484921676e-02,2.357148529175446261e-01,-3.323833706197046323e-01,3.750026462220221873e-02,4.006988468642566116e-03,1.981871960965716495e-01
8.859999999999999432e+00,4.000000000000000000e+00,3.217158058724606029e+00,-1.253695807452310129e+00,-9.520043315857527055e-01,4.078108597879023245e-01,7.142742216706662872e-02,1.462962142183243941e-02,2.365513285680760358e-01,-3.321944706247023649e-01,4.616472906900823125e-02,1.491417619198515468e-02,2.781307750106044585e-01
8.880000000000000782e+00,4.000000000000000000e+00,3.221898900749095684e+00,-1.260335977912452332e+00,-9.494055327877164441e-01,4.080654873875055322e-01,9.210944305886129002e-02,1.084323420998600795e-02,2.375620710503618949e-01,-3.317856301816961562e-01,5.492353902435294366e-02,2.599737246470011642e-02,3.590702437899651045e-01
8.900000000000000355e+00,4.000000000000000000e+00,3.226661714652291568e+00,-1.266965744288818252e+00,-9.461407205699307044e-01,4.082445891563017959e-01,1.129545328672313942e-01,7.094552680847243664e-03,2.387487627481756358e-01,-3.311535487679589940e-01,6.375624184851097498e-02,3.723461246072681807e-02,4.409616426291514402e-01
8.919999999999999929e+00,4.000000000000000000e+00,3.231450032833567132e+00,-1.273580612417569924e+00,-9.422023169182647262e-01,4.083492694947394308e-01,1.339308972277904464e-01,3.418914619107482622e-03,2.401126769924962767e-01,-3.302953651572853588e-01,7.264238490175715934e-02,4.860393135400475906e-02,5.237608530308580645e-01
8.939999999999999503e+00,4.000000000000000000e+00,3.236267409068390055e+00,-1.280176035303311144e+00,-9.375834600251085060e-01,4.083813457410661041e-01,1.550055618118825196e-01,-1.478301002908466444e-04,2.416546780615083101e-01,-3.292086574199908910e-01,8.156151554436621987e-02,6.008336431847331044e-02,6.074209338374684242e-01
8.960000000000000853e+00,4.000000000000000000e+00,3.241117410327260639e+00,-1.286747421905016120e+00,-9.322780276827791202e-01,4.083433562907277103e-01,1.761439264437693886e-01,-3.569536629047576071e-03,2.433752211806017307e-01,-3.278914429229121685e-01,9.049318113661278251e-02,7.165094652807191267e-02,6.918893813302676721e-01
8.980000000000000426e+00,4.000000000000000000e+00,3.246003608594664858e+00,-1.293290145921962786e+00,-9.262806761931005051e-01,4.082385642759042699e-01,1.973093524126169063e-01,-6.809992936304354316e-03,2.452743525223721743e-01,-3.263421783294073730e-01,9.941692903877176468e-02,8.328471315674003395e-02,7.771053287105738061e-01
9.000000000000000000e+00,4.000000000000000000e+00,3.250929572688006530e+00,-1.299799554579660343e+00,-9.195868949627893363e-01,4.080709565732755784e-01,2.184627963196291711e-01,-9.833160111716310325e-03,2.473517092066205292e-01,-3.245597595993557904e-01,1.083123066111177368e-01,9.496269937841708697e-02,8.629967049553859404e-01
9.019999999999999574e+00,4.000000000000000000e+00,3.255898860076559931e+00,-1.306270977415781021e+00,-9.121930767881991642e-01,4.078452378714356175e-01,2.395625035359038590e-01,-1.260342696831351361e-02,2.496065193003532967e-01,-3.225435219891576999e-01,1.171588612139254915e-01,1.066629403670424636e-01,9.494773793238729942e-01
9.039999999999999147e+00,4.000000000000000000e+00,3.260915008700412177e+00,-1.312699735066090279e+00,-9.040966036345045032e-01,4.075668194945429867e-01,2.605637736118684988e-01,-1.508588059319926344e-02,2.520376018177824529e-01,-3.202932400517349287e-01,1.259361402074697933e-01,1.183634712965556252e-01,1.036444325670062172e+00
9.060000000000000497e+00,4.000000000000000000e+00,3.265981528789406063e+00,-1.319081148050377239e+00,-8.952959474775797899e-01,4.072418026477075959e-01,2.814188087109570358e-01,-1.724659425384622580e-02,2.546433667203255036e-01,-3.178091276365300200e-01,1.346236909520252267e-01,1.300423273408958802e-01,1.123774850097897460e+00
9.080000000000000071e+00,4.000000000000000000e+00,3.271101894682084676e+00,-1.325410545558384889e+00,-8.857907854965367811e-01,4.068769557243891999e-01,3.020766542991532577e-01,-1.905293371616956222e-02,2.574218149166053737e-01,-3.150918378895072869e-01,1.432010608078667091e-01,1.416775436740028704e-01,1.211323936175734195e+00
9.099999999999999645e+00,4.000000000000000000e+00,3.276279536644634671e+00,-1.331683274235740511e+00,-8.755821285774241236e-01,4.064796852990608111e-01,3.224832389057159521e-01,-2.047388255607351937e-02,2.603705382624506015e-01,-3.121424632531518695e-01,1.516477971352688525e-01,1.532471554698158489e-01,1.298921773571562577e+00
9.120000000000000995e+00,4.000000000000000000e+00,3.281517832689833991e+00,-1.337894706969887215e+00,-8.646724617123355827e-01,4.060580004221461814e-01,3.425815168240697317e-01,-2.148038643968774863e-02,2.634867195608950885e-01,-3.089625354664702894e-01,1.599434472945063801e-01,1.647291979022742769e-01,1.386371548079111449e+00
9.140000000000000568e+00,4.000000000000000000e+00,3.286820100395990263e+00,-1.344040251676012598e+00,-8.530658944542177657e-01,4.056204698414733190e-01,3.623117142451013351e-01,-2.204571560346657577e-02,2.667671325621782663e-01,-3.055540255649903392e-01,1.680675586458541260e-01,1.761017061453176435e-01,1.473447582894656271e+00
9.160000000000000142e+00,4.000000000000000000e+00,3.292189588725889848e+00,-1.350115360082980276e+00,-8.407683191206450912e-01,4.051761717980075783e-01,3.816116756626437012e-01,-2.214584388203810761e-02,2.702081419637450965e-01,-3.019193438807608598e-01,1.759996785495867022e-01,1.873427153728851879e-01,1.559893931791759503e+00
9.179999999999999716e+00,4.000000000000000000e+00,3.297629469845740235e+00,-1.356115536519260312e+00,-8.277875739386288956e-01,4.047346360861918124e-01,4.004173036656788476e-01,-2.175984161578270459e-02,2.738057034102460707e-01,-2.980613400423518522e-01,1.837193543659788042e-01,1.984302607589164547e-01,1.645423533444197561e+00
9.199999999999999289e+00,4.000000000000000000e+00,3.303142830944112429e+00,-1.362036346698859202e+00,-8.141336078009534516e-01,4.043057781333762590e-01,4.186630816704023372e-01,-2.087027863682244799e-02,2.775553634935371550e-01,-2.939833029748548654e-01,1.912061334553054048e-01,2.093423774773510715e-01,1.729718041307263920e+00
9.220000000000000639e+00,4.000000000000000000e+00,3.308732666050887783e+00,-1.367873426507249857e+00,-7.998186427818454458e-01,4.038998249407188545e-01,4.362826659966185239e-01,-1.946363230756631424e-02,2.814522597526796788e-01,-2.896889608998821641e-01,1.984395631778409497e-01,2.200571007021281389e-01,1.812428443799925848e+00
9.240000000000000213e+00,4.000000000000000000e+00,3.314401867856201278e+00,-1.373622490787304029e+00,-7.848573300608551184e-01,4.035272328410736686e-01,4.532095311919412395e-01,-1.753069431018161595e-02,2.854911206739407237e-01,-2.851824813355678390e-01,2.053991908938603839e-01,2.305524656071873402e-01,1.893176583609887498e+00
9.259999999999999787e+00,4.000000000000000000e+00,3.320153219529383470e+00,-1.379279342125219854e+00,-7.692668944589231561e-01,4.031985971683115788e-01,4.693776508476902865e-01,-1.506696861116729735e-02,2.896662656907925681e-01,-2.804684710965665295e-01,2.120645639636382085e-01,2.408065073664678035e-01,1.971557671428112668e+00
9.279999999999999361e+00,4.000000000000000000e+00,3.325989386537908210e+00,-1.384839879636455162e+00,-7.530672624346608224e-01,4.029245540966270300e-01,4.847221954600490768e-01,-1.207305181996787269e-02,2.939716051839131317e-01,-2.755519762940546458e-01,2.184152297474494242e-01,2.507972611539092678e-01,2.047143867208224943e+00
9.300000000000000711e+00,4.000000000000000000e+00,3.331912908466335477e+00,-1.390300107751655467e+00,-7.362811681599231717e-01,4.027156750955128151e-01,4.991802292130857466e-01,-8.554986104668316216e-03,2.984006404811858637e-01,-2.704384823357294798e-01,2.244307356055685321e-01,2.605027621434509166e-01,2.119488970469118883e+00
9.320000000000000284e+00,4.000000000000000000e+00,3.337926190835251106e+00,-1.395656145002585502e+00,-7.189342322309427713e-01,4.025823546524403551e-01,5.126913888485800097e-01,-4.524574009055370993e-03,3.029464638576997437e-01,-2.651339139258097055e-01,2.300906288982703940e-01,2.699010455090323779e-01,2.188134220176722877e+00
9.339999999999999858e+00,4.000000000000000000e+00,3.344031496920220281e+00,-1.400904232808060534e+00,-7.010550077117703172e-01,4.025346921351506402e-01,5.235999999999999543e-01,3.559710464173804212e-07,3.076017585357491146e-01,-2.596446350650349899e-01,2.353744569858296498e-01,2.789701464245928353e-01,2.252615155134685132e+00
9.359999999999999432e+00,4.000000000000000000e+00,3.350230939570721933e+00,-1.406040744259875019e+00,-6.826749885823689690e-01,4.025823688912821829e-01,5.235999999999999543e-01,4.995744259124634823e-03,3.123587986848337938e-01,-2.539774490506664928e-01,2.402617672285210781e-01,2.876881000640719721e-01,2.312469429334195858e+00
9.380000000000000782e+00,4.000000000000000000e+00,3.356526473029099567e+00,-1.411062192908733914e+00,-6.638285762969312609e-01,4.027345219055155634e-01,5.235999999999999543e-01,1.043116628639850774e-02,3.172094494216593508e-01,-2.481395984764864227e-01,2.447321069866194021e-01,2.960329416014089721e-01,2.367245416147079506e+00
9.400000000000000355e+00,4.000000000000000000e+00,3.362919884749500099e+00,-1.415965241550182663e+00,-6.445530010581456137e-01,4.029996155427381654e-01,5.235999999999999543e-01,1.626977956859931851e-02,3.221451668101364962e-01,-2.421387652327980922e-01,2.487650236203993726e-01,3.039827062105434630e-01,2.416511374374056942e+00
9.419999999999999929e+00,4.000000000000000000e+00,3.369412787216823801e+00,-1.420746711010539620e+00,-6.248881955728127213e-01,4.033853130882594784e-01,5.235999999999999543e-01,2.246835995464735447e-02,3.271569978613816376e-01,-2.359830705064264733e-01,2.523400644901356848e-01,3.115154290654147395e-01,2.459864892568995209e+00
9.439999999999999503e+00,4.000000000000000000e+00,3.376006609765663136e+00,-1.425403588932822929e+00,-6.048766204467730390e-01,4.038983499409240507e-01,5.235999999999999543e-01,2.897743306471056712e-02,3.322355805337167678e-01,-2.296810747807170872e-01,2.554367769561031176e-01,3.186091453399622631e-01,2.496942280810602544e+00
9.460000000000000853e+00,4.000000000000000000e+00,3.382702590399250475e+00,-1.429933038562683612e+00,-5.845630419555876145e-01,4.045444104108479322e-01,5.235999999999999543e-01,3.574150424517519298e-02,3.373711437326690765e-01,-2.232417778355371973e-01,2.580347083785762274e-01,3.252418902081254948e-01,2.527427546243933509e+00
9.480000000000000426e+00,4.000000000000000000e+00,3.389501767608399607e+00,-1.434332407534335774e+00,-5.639942646253724989e-01,4.053280101107311073e-01,5.235999999999999543e-01,4.269938725742861152e-02,3.425535073109716722e-01,-2.166746187472750607e-01,2.601134061178300150e-01,3.313916988438437849e-01,2.551060574753589716e+00
9.500000000000000000e+00,4.000000000000000000e+00,3.396404972190452121e+00,-1.438599236656485481e+00,-5.432188227928055335e-01,4.062523859011450966e-01,5.235999999999999543e-01,4.978462853308407432e-02,3.477720820685626935e-01,-2.099894758888401491e-01,2.616524175341390368e-01,3.370366064210567059e-01,2.567644149374808560e+00
9.519999999999999574e+00,4.000000000000000000e+00,3.403412819068218909e+00,-1.442731268698262959e+00,-5.222866369904319850e-01,4.073193952520544614e-01,5.235999999999999543e-01,5.692602035340854627e-02,3.530158697525861422e-01,-2.031966669296632333e-01,2.626312899877780160e-01,3.421546481137034412e-01,2.577049468100629070e+00
9.539999999999999147e+00,4.000000000000000000e+00,3.410525699108927888e+00,-1.446726457175151692e+00,-5.012486425246848176e-01,4.085294267152813630e-01,5.235999999999999543e-01,6.404819295311448002e-02,3.582734630573911616e-01,-1.963069488356961323e-01,2.630295708390217868e-01,3.467238590957236744e-01,2.579219879100665747e+00
9.560000000000000497e+00,4.000000000000000000e+00,3.417743770943164616e+00,-1.450582975134920627e+00,-4.801563988851202947e-01,4.098813229701790406e-01,5.235999999999999543e-01,7.107227252182468646e-02,3.635330456245328690e-01,-1.893315178694121581e-01,2.628268074481450167e-01,3.507222745410566445e-01,2.574172627262485857e+00
9.580000000000000071e+00,4.000000000000000000e+00,3.425066952783817342e+00,-1.454299223943551489e+00,-4.590616895624763938e-01,4.113723176161544481e-01,5.235999999999999543e-01,7.791658958144864755e-02,3.687823920427713564e-01,-1.822820095898055603e-01,2.620025471754223734e-01,3.541279296236419238e-01,2.561998497494884397e+00
9.599999999999999645e+00,4.000000000000000000e+00,3.432494914245022954e+00,-1.457873842071172543e+00,-4.380161223988828234e-01,4.129979865534369465e-01,5.235999999999999543e-01,8.449742042392927033e-02,3.740088678480726347e-01,-1.751704988523918871e-01,2.605363373811286909e-01,3.569188595174188072e-01,2.542859340766141063e+00
9.620000000000000995e+00,4.000000000000000000e+00,3.440027068161108481e+00,-1.461305713877987023e+00,-4.170707407110760823e-01,4.147522144331117211e-01,5.235999999999999543e-01,9.072974332223360250e-02,3.791994295236078560e-01,-1.680094998092078740e-01,2.584077254255385814e-01,3.590730993963267004e-01,2.516983570708866580e+00
9.640000000000000568e+00,4.000000000000000000e+00,3.447662562405538367e+00,-1.464593978400204666e+00,-3.962756551121147108e-01,4.166271762863263950e-01,5.235999999999999543e-01,9.652799113843535395e-02,3.843406244997540355e-01,-1.608119659088116382e-01,2.555962586689268790e-01,3.605686844343051201e-01,2.484659813896790581e+00
9.660000000000000142e+00,4.000000000000000000e+00,3.455400271709854643e+00,-1.467738038135970813e+00,-3.756797052349860611e-01,4.186133340786490908e-01,5.235999999999999543e-01,1.018067827420665594e-01,3.894185911540932743e-01,-1.535912898962822626e-01,2.520814844715683067e-01,3.613836498052935275e-01,2.446228978317952940e+00
9.679999999999999716e+00,4.000000000000000000e+00,3.463238789482622870e+00,-1.470737567831297721e+00,-3.553301594869964219e-01,4.206994475960089686e-01,5.235999999999999543e-01,1.064816172503704195e-01,3.944190588114135365e-01,-1.463613038132202948e-01,2.478429501937375878e-01,3.614960306832311066e-01,2.402075066277634896e+00
9.699999999999999289e+00,4.000000000000000000e+00,3.471176419628378085e+00,-1.473592523265995213e+00,-3.352724596143397129e-01,4.228725987686637877e-01,5.235999999999999543e-01,1.104695173860186230e-01,3.993273477437080943e-01,-1.391362789977471648e-01,2.428602031957093899e-01,3.608838622420576514e-01,2.352615096097634417e+00
9.720000000000000639e+00,4.000000000000000000e+00,3.479211168366565854e+00,-1.476303150039600887e+00,-3.155500153248774753e-01,4.251182282914497956e-01,5.235999999999999543e-01,1.136896110523135661e-01,4.041283691701758052e-01,-1.319309260845057952e-01,2.371127908377584914e-01,3.595251796557124013e-01,2.298288509955568326e+00
9.740000000000000213e+00,4.000000000000000000e+00,3.487340736050489554e+00,-1.478869992357310093e+00,-2.962040526044434907e-01,4.274201832107564769e-01,5.226780748689114908e-01,1.160636433616168972e-01,4.088066252572207793e-01,-1.247603950046602128e-01,2.305802604801596156e-01,3.573980180981347621e-01,2.239546433725363883e+00
9.759999999999999787e+00,4.000000000000000000e+00,3.495562508986250094e+00,-1.481293901815906366e+00,-2.772735177675165197e-01,4.297607740259143938e-01,5.104825198928277796e-01,1.175164146260989639e-01,4.133462091184530451e-01,-1.176402749858956875e-01,2.232421594831874301e-01,3.544804127432640284e-01,2.176841121423149339e+00
9.779999999999999361e+00,4.000000000000000000e+00,3.503873551251694973e+00,-1.483576046189693187e+00,-2.587950377980405281e-01,4.321208397958002934e-01,4.974190159126769539e-01,1.179761430487218377e-01,4.177308048146876618e-01,-1.105865945524186766e-01,2.150780352071167689e-01,3.507503987650398836e-01,2.110615866005480346e+00
9.800000000000000711e+00,4.000000000000000000e+00,3.512270596515358445e+00,-1.485717918216421962e+00,-2.408029362376050420e-01,4.344798197478633717e-01,4.835436487158568664e-01,1.173747538819078784e-01,4.219436873539455513e-01,-1.036158215249568387e-01,2.060674350122222720e-01,3.461860113374016223e-01,2.041295594850086825e+00
9.820000000000000284e+00,4.000000000000000000e+00,3.520750039855408797e+00,-1.487721344383225119e+00,-2.233293028254304535e-01,4.368158299510767617e-01,4.689111448110654945e-01,1.156480995334927542e-01,4.259677226914529435e-01,-9.674486302075908928e-02,1.961899062587787734e-01,3.407652856342885950e-01,1.969278297537467637e+00
9.839999999999999858e+00,4.000000000000000000e+00,3.529307929578588521e+00,-1.489588493712544315e+00,-2.064041143278150803e-01,4.391057437292029686e-01,4.535735077458162290e-01,1.127361174190291138e-01,4.297853677296414876e-01,-8.999106545359550346e-02,1.854249963070608576e-01,3.344662568296403737e-01,1.894927360449558895e+00
9.859999999999999432e+00,4.000000000000000000e+00,3.537939959039163806e+00,-1.491321886548062858e+00,-1.900554035356727123e-01,4.413252746478378286e-01,4.375785780952574644e-01,1.085829342540964859e-01,4.333786703181486955e-01,-8.337221453375742719e-02,1.737522525173433863e-01,3.272669600973963089e-01,1.818564811295917405e+00
9.880000000000000782e+00,4.000000000000000000e+00,3.546641458457862495e+00,-1.492924403340634143e+00,-1.743094732633193866e-01,4.434490610993668813e-01,4.209685269342690050e-01,1.031369269597774974e-01,4.367292692538171095e-01,-7.690653526805735218e-02,1.611512222499010272e-01,3.191454306114959172e-01,1.740465409929861540e+00
9.900000000000000355e+00,4.000000000000000000e+00,3.555407386740824904e+00,-1.494399293434213627e+00,-1.591911523433142683e-01,4.454507517262291105e-01,4.037782881036544036e-01,9.635075146430693849e-02,4.398183942806950242e-01,-7.061269195982902702e-02,1.476014528650084756e-01,3.100797035458784934e-01,1.660851461410114194e+00
9.919999999999999929e+00,4.000000000000000000e+00,3.564232323298540894e+00,-1.495750183851788151e+00,-1.447240910666626190e-01,4.473030911579390922e-01,3.860339276938086206e-01,8.818135149910411030e-02,4.426268660900362639e-01,-6.450978820892745713e-02,1.330824917229407045e-01,3.000478140744835542e-01,1.579888173580823008e+00
9.939999999999999503e+00,4.000000000000000000e+00,3.573110459864799804e+00,-1.496981088081307254e+00,-1.309310942477489859e-01,4.489780057861932350e-01,3.677509399053969230e-01,7.858996010769381257e-02,4.451350963202999611e-01,-5.861736691172866887e-02,1.175738861839720761e-01,2.890277973712505055e-01,1.497679333635240972e+00
9.960000000000000853e+00,4.000000000000000000e+00,3.582035592315631067e+00,-1.498096414861612935e+00,-1.178344910833832720e-01,4.504466895622468159e-01,3.489324468940329660e-01,6.754210712759700641e-02,4.473230875571509446e-01,-5.295541026113008420e-02,1.010551836083774524e-01,2.769976886101186420e-01,1.414263034229297444e+00
9.980000000000000426e+00,4.000000000000000000e+00,3.591001112488249269e+00,-1.499100976968370968e+00,-1.054565422158803695e-01,4.516796900712972684e-01,3.295672664902787319e-01,5.500764650235545616e-02,4.491704333334594623e-01,-4.754433974655029871e-02,8.350593135643165354e-02,2.639355229650275358e-01,1.329607136748294005e+00
1.000000000000000000e+01,5.000000000000000000e+00,3.600000000000000089e+00,-1.500000000000000000e+00,-9.381988590218273694e-02,4.526469954223409919e-01,3.096277959375873245e-01,4.276104039464811990e-02,4.506563181293010700e-01,-4.240501615392910928e-02,6.490567678840930554e-02,2.498193356099165374e-01,1.243604113391564514e+00
1.001999999999999957e+01,5.000000000000000000e+00,3.609025530783474434e+00,-1.500796181377520355e+00,-8.195702566695430014e-02,4.533901316870831422e-01,3.396612566870791938e-01,3.362141286768149939e-02,4.518682834799258030e-01,-3.711692196473190958e-02,5.636252001650636501e-02,2.786798416762235608e-01,1.373589090377523636e+00
1.003999999999999915e+01,5.000000000000000000e+00,3.618073620772012777e+00,-1.501480952250645373e+00,-6.893270661289298273e-02,4.539918519370482186e-01,3.673268260204773372e-01,2.733557854636536888e-02,4.529136583411788042e-01,-3.127010894193800461e-02,4.824527492724142719e-02,3.056973794838538927e-01,1.495786274583031927e+00
1.006000000000000050e+01,5.000000000000000000e+00,3.627141022796991798e+00,-1.502043504372149840e+00,-5.481725780752975258e-02,4.544835548289377081e-01,3.927483516809307518e-01,2.261102769768186249e-02,4.538008797712722031e-01,-2.490106681986495318e-02,4.054582397650456638e-02,3.309089121184055626e-01,1.610384011373834579e+00
1.008000000000000007e+01,5.000000000000000000e+00,3.636224656807448774e+00,-1.502473751896875820e+00,-3.967999448457611156e-02,4.548962930449555464e-01,4.160242946065931258e-01,1.942276687807797941e-02,4.545382224775351143e-01,-1.804554607111832215e-02,3.325604962018582217e-02,3.543514026654766003e-01,1.717443747356518058e+00
1.009999999999999964e+01,5.000000000000000000e+00,3.645321606623054933e+00,-1.502762316596502723e+00,-2.358991117714094241e-02,4.552604655040608517e-01,4.372318818326862977e-01,1.773094247860917960e-02,4.551337988164150250e-01,-1.073855790659176621e-02,2.636783431417526538e-02,3.760618142106649797e-01,1.816922416603852009e+00
1.011999999999999922e+01,5.000000000000000000e+00,3.654429116687103907e+00,-1.502900513074308941e+00,-6.616241604561068877e-03,4.556055307440999291e-01,4.564311087020367919e-01,1.748186833100717763e-02,4.555955587934767959e-01,-3.014374275466953721e-03,1.987306051436294255e-02,3.960771098395687861e-01,1.908694463778174200e+00
1.014000000000000057e+01,5.000000000000000000e+00,3.663544588819491299e+00,-1.502880333979940808e+00,1.117111364397681272e-02,4.559597402373011255e-01,4.736684708780786734e-01,1.860901791736147004e-02,4.559312900634033827e-01,5.093472134786412864e-03,1.376361067663891061e-02,4.144342526377859381e-01,1.992573675279802448e+00
1.016000000000000014e+01,5.000000000000000000e+00,3.672665578969697808e+00,-1.502694435224176228e+00,2.970129040274505777e-02,4.563498914607945212e-01,4.889803644839172403e-01,2.103402926348074686e-02,4.561486179299956145e-01,1.355218789841056148e-02,8.031367256893236911e-03,4.311702056909147429e-01,2.068334823373725762e+00
1.017999999999999972e+01,5.000000000000000000e+00,3.681789793969767466e+00,-1.502336121193689866e+00,4.890229308860122998e-02,4.568011014078403043e-01,5.023961297097460088e-01,2.466776070571263801e-02,4.562550053461717492e-01,2.232971885135971724e-02,2.668212711015963655e-03,4.463219320845528415e-01,2.135734965324071144e+00
1.019999999999999929e+01,5.000000000000000000e+00,3.690915088287299639e+00,-1.501799329965822327e+00,6.870095206246534802e-02,4.573366018890229756e-01,5.139407366420818413e-01,2.941142551295072849e-02,4.562577529139680288e-01,3.139475009130006378e-02,-2.333970505102844414e-03,4.599263949042983746e-01,2.194534091296023615e+00
1.022000000000000064e+01,5.000000000000000000e+00,3.700039460778422384e+00,-1.501078618523342456e+00,8.902300040382385427e-02,4.579775584283583001e-01,5.235999999999999543e-01,3.515782280327250930e-02,4.561639988845385130e-01,4.071670597760969346e-02,-6.983299935573129488e-03,4.720205572357494272e-01,2.244514693063306421e+00
1.024000000000000021e+01,5.000000000000000000e+00,3.709161051440778678e+00,-1.500169147969214967e+00,1.097932617597800198e-01,4.587429148011539781e-01,5.235999999999999543e-01,4.179267148120402453e-02,4.559807191581554120e-01,5.026575013137871834e-02,-1.128789312450484764e-02,4.826413821645039737e-01,2.285499741696644715e+00
1.025999999999999979e+01,5.000000000000000000e+00,3.718278138166509539e+00,-1.499066668741365627e+00,1.309359381556203239e-01,4.596492652876064122e-01,5.235999999999999543e-01,4.919604335757021829e-02,4.557147272842078101e-01,6.001278543540920080e-02,-1.525586761600793671e-02,4.918258327761600990e-01,2.317368525687367953e+00
1.027999999999999936e+01,5.000000000000000000e+00,3.727389133495231821e+00,-1.497767505827446888e+00,1.523749838852407612e-01,4.607107565354567336e-01,5.235999999999999543e-01,5.724388164293259251e-02,4.553726744612037747e-01,6.992945403421513273e-02,-1.889534095419231896e-02,4.996108721563158328e-01,2.340069817110556283e+00
1.030000000000000071e+01,5.000000000000000000e+00,3.736492581367025334e+00,-1.496268543979603960e+00,1.740345490821745555e-01,4.619390205533237537e-01,5.235999999999999543e-01,6.580958213941556778e-02,4.549610495367681917e-01,7.998813733402246329e-02,-2.221443068316793570e-02,5.060334633905689827e-01,2.353631903355978050e+00
1.032000000000000028e+01,5.000000000000000000e+00,3.745587153875415520e+00,-1.494567212929240219e+00,1.958394745409660076e-01,4.633431398210334784e-01,5.235999999999999543e-01,7.476560720849967367e-02,4.544861790076442642e-01,9.016195600276917521e-02,-2.522125434704476643e-02,5.111305695645177449e-01,2.358169141005602931e+00
1.033999999999999986e+01,5.000000000000000000e+00,3.754671648020350805e+00,-1.492661472601783279e+00,2.177158180161231360e-01,4.649296448416637140e-01,5.235999999999999543e-01,8.398509741121884531e-02,4.539542270196930684e-01,1.004247699701051877e-01,-2.792392948993274379e-02,5.149391537637603156e-01,2.353884846485081450e+00
1.035999999999999943e+01,5.000000000000000000e+00,3.763744982461190602e+00,-1.490549798331450848e+00,2.395913917181459740e-01,4.667025437174821545e-01,5.235999999999999543e-01,9.334344292125429376e-02,4.533711953678930540e-01,1.107511784273922245e-01,-3.033057365594179003e-02,5.174961790738944467e-01,2.341070520478790495e+00
1.038000000000000078e+01,5.000000000000000000e+00,3.772806194269680891e+00,-1.488231166076014800e+00,2.613962911277181722e-01,4.686633825585139190e-01,5.235999999999999543e-01,1.027197765399261442e-01,4.527429234963405991e-01,1.211165198277042027e-01,-3.244930438918185861e-02,5.188386085805183345e-01,2.320101592233572152e+00
1.040000000000000036e+01,5.000000000000000000e+00,3.781854435682945326e+00,-1.485705037631570802e+00,2.830633965548342013e-01,4.708113347790793823e-01,5.235999999999999543e-01,1.119983523347354293e-01,4.520750884982502327e-01,1.314968718858269270e-01,-3.428823923376290300e-02,5.190034053692296201e-01,2.291430047588918661e+00
1.041999999999999993e+01,5.000000000000000000e+00,3.790888970856459927e+00,-1.482971345847299949e+00,3.045288309958978923e-01,4.731433166519032341e-01,5.235999999999999543e-01,1.210697783182546061e-01,4.513732051159536907e-01,1.418690515782579376e-01,-3.585549573379484545e-02,5.180275325256268326e-01,2.255574454338326706e+00
1.043999999999999950e+01,5.000000000000000000e+00,3.799909172617041975e+00,-1.480030479840237279e+00,3.257323606375537861e-01,4.756541259118095000e-01,5.175566688420063510e-01,1.298320777491728251e-01,4.506426257409012481e-01,1.522106151432071341e-01,-3.715919143338762554e-02,5.159479531353075021e-01,2.213108007542577749e+00
1.046000000000000085e+01,5.000000000000000000e+00,3.808914519215825578e+00,-1.476883270210035626e+00,3.466177276207528246e-01,4.783365997618702070e-01,5.080909265896519367e-01,1.381915610180559639e-01,4.498885404136603872e-01,1.624998580805961379e-01,-3.820744387665120367e-02,5.128016302838700469e-01,2.164645278012163665e+00
1.048000000000000043e+01,5.000000000000000000e+00,3.817904591081249244e+00,-1.473530974253733250e+00,3.671329081853678677e-01,4.811817883525319473e-01,4.974612325561386661e-01,1.460634980640609371e-01,4.491159768239166294e-01,1.727158151520584717e-01,-3.900837060769554721e-02,5.086255270569124409e-01,2.110828357400028388e+00
1.050000000000000000e+01,5.000000000000000000e+00,3.826879067572035442e+00,-1.469975261180517467e+00,3.872302928352332474e-01,4.841791396844324913e-01,4.857626766149188424e-01,1.533725892469544050e-01,4.483298003104732588e-01,1.828382603809398099e-01,-3.957008917063055409e-02,5.034566065400325474e-01,2.052313056676474901e+00
1.051999999999999957e+01,5.000000000000000000e+00,3.835837723730173732e+00,-1.466218197326492501e+00,4.068667884861025263e-01,4.873166919224100058e-01,4.730942253882837178e-01,1.600532400301961644e-01,4.475347138612514875e-01,1.928477070522976733e-01,-3.990071710956617779e-02,4.973318318188283405e-01,1.989755739082891495e+00
1.053999999999999915e+01,5.000000000000000000e+00,3.844780427033904768e+00,-1.462262231369443999e+00,4.260038455119920520e-01,4.905812692856402202e-01,4.595575849270517876e-01,1.660496512800477831e-01,4.467352581132898459e-01,2.027254077129014564e-01,-4.000837196861236483e-02,4.902881659788979607e-01,1.923801264777910580e+00
1.056000000000000050e+01,5.000000000000000000e+00,3.853707134150700764e+00,-1.458110179543605556e+00,4.446074150639299227e-01,4.939586779736120370e-01,4.452559608658769319e-01,1.713157421567306216e-01,4.459358113527454037e-01,2.124533541712327056e-01,-3.990117129187910339e-02,4.823625721058395488e-01,1.855072404329886071e+00
1.058000000000000007e+01,5.000000000000000000e+00,3.862617887690244167e+00,-1.453765210854422341e+00,4.626478439267935894e-01,4.974338989719097048e-01,4.302927576005752264e-01,1.758149263099149096e-01,4.451405895148923819e-01,2.220142774974847855e-01,-3.958723262347626365e-02,4.735920132852509123e-01,1.784160953674848171e+00
1.059999999999999964e+01,5.000000000000000000e+00,3.871512812957419669e+00,-1.449230832293320503e+00,4.800997154825811242e-01,5.009912750260084868e-01,4.147702621867937478e-01,1.795197643718164926e-01,4.443536461841234297e-01,2.313916480235631290e-01,-3.907467350751380603e-02,4.640134526027300255e-01,1.711620664283209692e+00
1.061999999999999922e+01,5.000000000000000000e+00,3.880392114705290219e+00,-1.444510874052470362e+00,4.969416460838024796e-01,5.046146895467822358e-01,3.987883600025062258e-01,1.824115166570035029e-01,4.435788725939481814e-01,2.405696753430850432e-01,-3.837161148810170480e-02,4.536638531438753064e-01,1.637961996832725253e+00
1.064000000000000057e+01,5.000000000000000000e+00,3.889256073888077037e+00,-1.439609474739552253e+00,5.131560463643862757e-01,5.082877356922886891e-01,3.824433274919810666e-01,1.844796197008484739e-01,4.428199976269948102e-01,2.495333083113799311e-01,-3.748616410934989263e-02,4.425801779942842296e-01,1.563648619742863621e+00
1.066000000000000014e+01,5.000000000000000000e+00,3.898105044414148068e+00,-1.434531066592523274e+00,5.287288568063055472e-01,5.119938743348164678e-01,3.658267426220024321e-01,1.857211090239001550e-01,4.420805878150090296e-01,2.582682350454889031e-01,-3.642644891536830909e-02,4.307993902395552133e-01,1.489095507928317241e+00
1.067999999999999972e+01,5.000000000000000000e+00,3.906939449898994887e+00,-1.429280360694382690e+00,5.436492663289216321e-01,5.157165800532444999e-01,3.490245464784756391e-01,1.861400085414164352e-01,4.413640473388542596e-01,2.667608829241652213e-01,-3.520058345026686603e-02,4.183584529652861761e-01,1.414668452243857732e+00
1.069999999999999929e+01,5.000000000000000000e+00,3.915759780418218483e+00,-1.423862332187936897e+00,5.579094218684292894e-01,5.194394746764730009e-01,3.321162804240974653e-01,1.857467045895742075e-01,4.406736180285117377e-01,2.749984185878740495e-01,-3.381668525815555160e-02,4.052943292570751477e-01,1.340684764741094215e+00
1.072000000000000064e+01,5.000000000000000000e+00,3.924566589260513716e+00,-1.418282205490567272e+00,5.715041359555640410e-01,5.231464482368275437e-01,3.151745132893218337e-01,1.845573198324910180e-01,4.400123793630808522e-01,2.829687479387926197e-01,-3.228287188314431233e-02,3.916439822005202687e-01,1.267414956298765105e+00
1.074000000000000021e+01,5.000000000000000000e+00,3.933360489680641336e+00,-1.412545439508992029e+00,5.844305982596255111e-01,5.268217674697729391e-01,2.982644630715332035e-01,1.825930995363300724e-01,4.393832484707780317e-01,2.906605161408098992e-01,-3.060726086934305312e-02,3.774443748812190691e-01,1.195085168070193493e+00
1.075999999999999979e+01,5.000000000000000000e+00,3.942142151652425763e+00,-1.406657712854037179e+00,5.966880960114951948e-01,5.304501722182806134e-01,2.814438083763216025e-01,1.798798199953512977e-01,4.387889801289382996e-01,2.980631076195270346e-01,-2.879796976086171356e-02,3.627324703847699672e-01,1.123880153011397764e+00
1.077999999999999936e+01,5.000000000000000000e+00,3.950912298621722663e+00,-1.400624909055397715e+00,6.082777471989784246e-01,5.340169602695867823e-01,2.647626769811989300e-01,1.764472263803664731e-01,4.382321667640140528e-01,3.051666460622570187e-01,-2.686311610181027140e-02,3.475452317967708815e-01,1.053946625200523401e+00
1.080000000000000071e+01,5.000000000000000000e+00,3.959671704259413616e+00,-1.394453101776407244e+00,6.192022494816292744e-01,5.375080612734953744e-01,2.482637928440704356e-01,1.723285050227350013e-01,4.377152384515756722e-01,3.119619944180249682e-01,-2.481081743629867317e-02,3.319196222028201193e-01,9.853968198383751265e-01
1.082000000000000028e+01,5.000000000000000000e+00,3.968421189214378586e+00,-1.388148540028798728e+00,6.294656469236250551e-01,5.409101004704964799e-01,2.319827587914366773e-01,1.675597931878325397e-01,4.372404629163110235e-01,3.184407548975675128e-01,-2.264919130843680295e-02,3.158926046885152106e-01,9.183121333664119312e-01
1.083999999999999986e+01,5.000000000000000000e+00,3.977161617866485255e+00,-1.381717633387476774e+00,6.390731159056149968e-01,5.442104530010085650e-01,2.159484499701739002e-01,1.621797277429397610e-01,4.368099455320265112e-01,3.245952689733338503e-01,-2.038635526233472176e-02,2.995011423394547401e-01,8.527467392500224230e-01
1.085999999999999943e+01,5.000000000000000000e+00,3.985893895079565041e+00,-1.375166937205277051e+00,6.480307709543360328e-01,5.473972895802139416e-01,2.001834927333949465e-01,1.562290327810309520e-01,4.364256293216453586e-01,3.304186173794847470e-01,-1.803042684210223734e-02,2.827821982412360713e-01,7.887310993810801030e-01
1.088000000000000078e+01,5.000000000000000000e+00,3.994618962954401997e+00,-1.368503137827735916e+00,6.563454907199938182e-01,5.504596143122498786e-01,1.847048046488703466e-01,1.497501452022991231e-01,4.360892949572092725e-01,3.359046201118928154e-01,-1.558952359184932399e-02,2.657727354794575669e-01,7.262753129503090044e-01
1.090000000000000036e+01,5.000000000000000000e+00,4.003337797581711932e+00,-1.361733037807856039e+00,6.640247639290358661e-01,5.533872953883061108e-01,1.695241734091255670e-01,1.427868764520479061e-01,4.358025607598774998e-01,3.410478364281433472e-01,-1.307176305568600455e-02,2.485097171397172844e-01,6.653722636041013994e-01
1.091999999999999993e+01,5.000000000000000000e+00,4.012051405795124204e+00,-1.354863541120869819e+00,6.710765548339557851e-01,5.561710893703316616e-01,1.546488552223181934e-01,1.353841080335929092e-01,4.355668826999271048e-01,3.458435648475324808e-01,-1.048526277772214056e-02,2.310301063076131700e-01,6.060005416020511904e-01
1.093999999999999950e+01,5.000000000000000000e+00,4.020760821924165285e+00,-1.347901638379007672e+00,6.775091874605223552e-01,5.588026597096497072e-01,1.400821764399630964e-01,1.275875180225423122e-01,4.353835543967531363e-01,3.502878431510693114e-01,-7.838140302067714976e-03,2.133708660687432812e-01,5.481271306108684849e-01
1.096000000000000085e+01,5.000000000000000000e+00,4.029467104547239664e+00,-1.340854392046261223e+00,6.833312478039150761e-01,5.612745900912333719e-01,1.258241254522725616e-01,1.194433355717947620e-01,4.352537071188682383e-01,3.543774483814743914e-01,-5.138513172832663914e-03,1.955689595087056754e-01,4.917098589264674580e-01
1.098000000000000043e+01,5.000000000000000000e+00,4.038171333244616967e+00,-1.333728921653153154e+00,6.885515030365643163e-01,5.635803931325217286e-01,1.118719250382084474e-01,1.109981202842966752e-01,4.351783097839028724e-01,3.581098968431803420e-01,-2.394498934126918291e-03,1.776613497130982433e-01,4.366996226078551091e-01
1.100000000000000000e+01,5.000000000000000000e+00,4.046874605351405307e+00,-1.326532389011498170e+00,6.931788367504422288e-01,5.657145149026051589e-01,9.822057824308211282e-02,1.022985633142123874e-01,4.351581689586054846e-01,3.614834441023317968e-01,3.857848699395649561e-04,1.596849997675191257e-01,3.830423935689237780e-01
1.101999999999999957e+01,5.000000000000000000e+00,4.055578032710542402e+00,-1.319271983429171513e+00,6.972221992546432379e-01,5.676723356650901220e-01,8.486338337722440506e-02,9.339130711537180218e-02,4.351939288588421717e-01,3.644970849867852358e-01,3.194220695256848840e-03,1.416768727575662690e-01,3.306810294453544907e-01
1.103999999999999915e+01,5.000000000000000000e+00,4.064282738425774255e+00,-1.311954906924874598e+00,7.006905719759309870e-01,5.694501671872199688e-01,7.179241583864809373e-02,8.432278086712585718e-02,4.352860713495967371e-01,3.671505535861093739e-01,6.022690997715003311e-03,1.236739317688377582e-01,2.795569043533374098e-01
1.106000000000000050e+01,5.000000000000000000e+00,4.072989853614634725e+00,-1.304588359442899970e+00,7.035929450573328303e-01,5.710452468997750941e-01,5.899897615161359132e-02,7.513904875836097119e-02,4.354349159449709683e-01,3.694443232515843278e-01,8.863078233204053219e-03,1.057131398869316091e-01,2.296113807726984923e-01
1.108000000000000007e+01,5.000000000000000000e+00,4.081700514161435756e+00,-1.297179524067897383e+00,7.059383073108241868e-01,5.724557291375546031e-01,4.647400489886105435e-02,6.588566848741272963e-02,4.356406198081842485e-01,3.713796065962027271e-01,1.170726485761409801e-02,8.783146019744569877e-02,1.807871429688804876e-01
1.109999999999999964e+01,5.000000000000000000e+00,4.090415857470241612e+00,-1.289735552239639649e+00,7.077356477487057873e-01,5.736806736392715544e-01,3.420846614216225406e-02,5.660755753015678238e-02,4.359031777515742778e-01,3.729583554946689361e-01,1.454713332683514430e-02,7.006585578597829267e-02,1.330294118249979451e-01
1.112000000000000099e+01,5.000000000000000000e+00,4.099137019217854672e+00,-1.282263548967789157e+00,7.089939679894929903e-01,5.747200314387608255e-01,2.219370151723485535e-02,4.734886493573675637e-02,4.362224222365957971e-01,3.741832610833992767e-01,1.737456609675728722e-02,5.245328973812721923e-02,8.628705985637789844e-02
1.114000000000000057e+01,5.000000000000000000e+00,4.107865130106797658e+00,-1.274770558046661728e+00,7.097223049038218212e-01,5.755746282367011357e-01,1.042175750194767291e-02,3.815284662387163905e-02,4.365980233738218086e-01,3.750577537605221390e-01,2.018144562327059410e-02,3.503072513949048727e-02,4.051364365879722707e-02
1.116000000000000014e+01,5.000000000000000000e+00,4.116601312618297648e+00,-1.267263547269993795e+00,7.099297629306489110e-01,5.762461453037156511e-01,-1.114311562271620313e-03,2.906174237952363626e-02,4.370294889229431323e-01,3.755860031858777037e-01,2.295965436226506812e-02,1.783512507566628602e-02,-4.331630800706652400e-03
1.117999999999999972e+01,5.000000000000000000e+00,4.125346677765265646e+00,-1.259749393645708482e+00,7.096255555509896062e-01,5.767370979318821034e-01,-1.242016222300929180e-02,2.011665296916476109e-02,4.375161642927682393e-01,3.757729182810181645e-01,2.570107476963078355e-02,9.034526322526356722e-04,-4.828299673057015462e-02
1.119999999999999929e+01,5.000000000000000000e+00,4.134102321845277928e+00,-1.252234868610679897e+00,7.088190554532872723e-01,5.770508114224822682e-01,-2.349990022594225514e-02,1.135741603894402374e-02,4.380572325412234735e-01,3.756241472292078942e-01,2.839758930125786326e-02,-1.572732910515274585e-02,-9.136725786189760223e-02
1.122000000000000064e+01,5.000000000000000000e+00,4.142869323193563602e+00,-1.244726623245500319e+00,7.075198529592759966e-01,5.771913945734397089e-01,-3.435583653096813128e-02,2.822479702050628703e-03,4.386517143753529413e-01,3.751460774754227789e-01,3.104108041303627746e-02,-3.202025705095150332e-02,-1.336029539989941062e-01
1.124000000000000021e+01,5.000000000000000000e+00,4.151648738935982408e+00,-1.237231173489245384e+00,7.057378223003205608e-01,5.771637106105643733e-01,-4.498825963506267872e-02,-5.451227017202242564e-03,4.392984681513185108e-01,3.743458357263512171e-01,3.362343056085614901e-02,-4.793836811954596544e-02,-1.749995547476901891e-01
1.125999999999999979e+01,5.000000000000000000e+00,4.160441601742008721e+00,-1.229754885354239047e+00,7.034831953403974936e-01,5.769733454927515881e-01,-5.539522330346474677e-02,-1.342842743796168747e-02,4.399961898743999233e-01,3.732312879503929537e-01,3.613652220060747933e-02,-6.344469922533771400e-02,-2.155566780795103443e-01
1.127999999999999936e+01,5.000000000000000000e+00,4.169248916577712905e+00,-1.222303960140821877e+00,7.007666423322052029e-01,5.766265735130459147e-01,-6.557234933975196467e-02,-2.107563443311732954e-02,4.407434131989950155e-01,3.718110393776603018e-01,3.857223778818037047e-02,-7.850228728272895529e-02,-2.552633331671321781e-01
1.130000000000000071e+01,5.000000000000000000e+00,4.178071657458746202e+00,-1.214884419652112912e+00,6.975993592666775989e-01,5.761303201154267528e-01,-7.551264555725753502e-02,-2.836129153013899895e-02,4.415385094286186085e-01,3.700944344999770319e-01,4.092245977946483426e-02,-9.307416920612161804e-02,-2.940971897759671050e-01
1.132000000000000028e+01,5.000000000000000000e+00,4.186910764203319424e+00,-1.207502091408779066e+00,6.939931613331898896e-01,5.754921218518403991e-01,-8.520633962609769352e-02,-3.525591748721801366e-02,4.423796875159041742e-01,3.680915570708793716e-01,4.317907063035099358e-02,-1.071233819099177420e-01,-3.320238793887739237e-01
1.133999999999999986e+01,5.000000000000000000e+00,4.195767139185189620e+00,-1.200162593863799199e+00,6.899605819480981728e-01,5.747200834159380545e-01,-9.464072993948610679e-02,-4.173225354955256705e-02,4.432649940626026130e-01,3.658132301056150615e-01,4.533395279672883249e-02,-1.206129623085192143e-01,-3.689963361339199110e-01
1.135999999999999943e+01,5.000000000000000000e+00,4.204641644086636099e+00,-1.192871321617229752e+00,6.855149767335788624e-01,5.738228317098583720e-01,-1.038000550483265949e-01,-4.776541217861485222e-02,4.441923133195825324e-01,3.632710158811439105e-01,4.737898873448844611e-02,-1.335059473163280608e-01,-4.049541884271724568e-01
1.138000000000000078e+01,5.000000000000000000e+00,4.213535096651452427e+00,-1.185633430630970597e+00,6.806706317382064109e-01,5.728094669287933094e-01,-1.126653835336185044e-01,-5.333302560474173504e-02,4.451593671868306346e-01,3.604772159361377959e-01,4.930606089951988791e-02,-1.457653738477462380e-01,-4.398232149480184039e-01
1.140000000000000036e+01,5.000000000000000000e+00,4.222448267437917124e+00,-1.178453823443532222e+00,6.754428750871805942e-01,5.716895106856687558e-01,-1.212145264030527470e-01,-5.841539207984247639e-02,4.461637152134511064e-01,3.574448710709805521e-01,5.110705174771321829e-02,-1.573542788171758133e-01,-4.735148810614401294e-01
1.141999999999999993e+01,5.000000000000000000e+00,4.231381876571785661e+00,-1.171337134384798917e+00,6.698481911361295893e-01,5.704728512455996547e-01,-1.294219741952920000e-01,-6.299561720893365191e-02,4.472027545976662299e-01,3.541877613477681375e-01,5.277384373495846992e-02,-1.682356991390184797e-01,-5.059259739523859212e-01
1.143999999999999950e+01,5.000000000000000000e+00,4.240336590499268254e+00,-1.164287714790796846e+00,6.639043360813773331e-01,5.691696859973114364e-01,-1.372588609412113969e-01,-6.705974722039798053e-02,4.482737201868157717e-01,3.507204060903078569e-01,5.429831931714573789e-02,-1.783726717276766516e-01,-5.369383564327706582e-01
1.146000000000000085e+01,5.000000000000000000e+00,4.249313018740012993e+00,-1.157309618218458347e+00,6.576304538556464463e-01,5.677904613567835712e-01,-1.446929569602777299e-01,-7.059689050658946030e-02,4.493736844773574823e-01,3.470580638841195276e-01,5.567236095016504099e-02,-1.877282334975520217e-01,-5.664188604657280912e-01
1.148000000000000043e+01,5.000000000000000000e+00,4.258311710640086289e+00,-1.150406585660389114e+00,6.510471910164328246e-01,5.663458103770477869e-01,-1.516886921646973807e-01,-7.359932323894113892e-02,4.504995576148671521e-01,3.432167325764349242e-01,5.688785108990647432e-02,-1.962654213630466438e-01,-5.942193417780876619e-01
1.150000000000000000e+01,5.000000000000000000e+00,4.267333152124963114e+00,-1.143582030759631829e+00,6.441768092205650831e-01,5.648464884272259567e-01,-1.582072111159115169e-01,-7.606257435050878257e-02,4.516480873940378893e-01,3.392131492761975009e-01,5.793667219226007747e-02,-2.039472722385625436e-01,-6.201769163507557803e-01
1.151999999999999957e+01,5.000000000000000000e+00,4.276377762452495901e+00,-1.136839025024434013e+00,6.370432937792083194e-01,5.633033074030274756e-01,-1.642064605504775510e-01,-7.798548470131905219e-02,4.528158592586808973e-01,3.350647903540629469e-01,5.881070671311590392e-02,-2.107368230385016361e-01,-6.441143979539400988e-01
1.153999999999999915e+01,5.000000000000000000e+00,4.285445890965910110e+00,-1.130180283043013212e+00,6.296724567097207181e-01,5.617270690391732435e-01,-1.696413095001894078e-01,-7.937023481726868113e-02,4.539992963017250860e-01,3.307898714423985753e-01,5.950183710836400020e-02,-2.165971106772659471e-01,-6.658409531257409864e-01
1.156000000000000050e+01,5.000000000000000000e+00,4.294537813846780239e+00,-1.123608147698321513e+00,6.220920326513802445e-01,5.601284980103365951e-01,-1.744637015213708897e-01,-8.022233524290101059e-02,4.551946592652173496e-01,3.264073474352841009e-01,6.000194583389445446e-02,-2.214911720692574471e-01,-6.851529860213334544e-01
1.158000000000000007e+01,5.000000000000000000e+00,4.303653730868008509e+00,-1.117124575382813179e+00,6.143317659978532186e-01,5.585181756294571587e-01,-1.786228379790314458e-01,-8.055057329366022145e-02,4.563980465403221221e-01,3.219369124885108069e-01,6.030291534559729938e-02,-2.253820441288780230e-01,-7.018352603938515788e-01
1.159999999999999964e+01,5.000000000000000000e+00,4.312793762146816867e+00,-1.110731121213209160e+00,6.064234876264689156e-01,5.569064750785902573e-01,-1.820653908713865399e-01,-8.036690985588279545e-02,4.576053941673216552e-01,3.173990000195821004e-01,6.039662809936258842e-02,-2.282327637705297840e-01,-7.156622596979760331e-01
1.162000000000000099e+01,5.000000000000000000e+00,4.321957944897721227e+00,-1.104428924245263177e+00,5.984011796776245173e-01,5.553034992352217092e-01,-1.847357434053412684e-01,-7.968631988121899212e-02,4.588124758356162403e-01,3.128147827077133458e-01,6.027496655108038198e-02,-2.300063679086145618e-01,-7.263997791222760458e-01
1.164000000000000057e+01,5.000000000000000000e+00,4.331146230185518142e+00,-1.098218692688527787e+00,5.903010269598530924e-01,5.537190222833414666e-01,-1.865762565249790839e-01,-7.852657037186006050e-02,4.600149028837238752e-01,3.082061724938319758e-01,5.992981315664076131e-02,-2.306658934575345210e-01,-7.338067355543870240e-01
1.166000000000000014e+01,5.000000000000000000e+00,4.340358479678264381e+00,-1.092100689121119572e+00,5.821614537275473511e-01,5.521624364203473467e-01,-1.875275599354923883e-01,-7.690792996531925496e-02,4.612081242992800423e-01,3.035958205805771026e-01,5.935305037193375211e-02,-2.301743773316915209e-01,-7.376371734746646203e-01
1.167999999999999972e+01,5.000000000000000000e+00,4.349594462400261818e+00,-1.086074715704485438e+00,5.740231447962489408e-01,5.506427050847287896e-01,-1.875288669347553450e-01,-7.485280470505273342e-02,4.623874267190386522e-01,2.990071174323000736e-01,5.853656065284942173e-02,-2.284948564454875319e-01,-7.376424370771597072e-01
1.169999999999999929e+01,5.000000000000000000e+00,4.358853851485037012e+00,-1.080140099398167575e+00,5.659290502183654814e-01,5.491683242321453440e-01,-1.865183136380897388e-01,-7.238529522318160048e-02,4.635479344288707670e-01,2.944641927750639709e-01,5.747222645527783752e-02,-2.255903677133246910e-01,-7.335734721414711723e-01
1.172000000000000064e+01,5.000000000000000000e+00,4.368136220928327873e+00,-1.074295677174570862e+00,5.579243730297356318e-01,5.477472932758014057e-01,-1.844333250225086429e-01,-6.953067135215640349e-02,4.646846093637657660e-01,2.899919155966441120e-01,5.615193023510905990e-02,-2.214239480496048296e-01,-7.251832160006687067e-01
1.174000000000000021e+01,5.000000000000000000e+00,4.377441042341060573e+00,-1.068539781233726949e+00,5.500565398800699723e-01,5.463870973780590168e-01,-1.812110126730379356e-01,-6.631476110345069230e-02,4.657922511078304573e-01,2.856158941465274936e-01,5.456755444823312151e-02,-2.159586343687299181e-01,-7.122290310725587492e-01
1.175999999999999979e+01,5.000000000000000000e+00,4.386767681702335331e+00,-1.062870224218060322e+00,5.423751546592811001e-01,5.450947028316633913e-01,-1.767886122116272551e-01,-6.276325197778476195e-02,4.668654968942896888e-01,2.813624759359132921e-01,5.271098155054008971e-02,-2.091574635851019548e-01,-6.944751375301965179e-01
1.177999999999999936e+01,5.000000000000000000e+00,4.396115396112408646e+00,-1.057284284427154608e+00,5.349319355046713298e-01,5.438765672989477329e-01,-1.711039721231842892e-01,-5.890090367123512749e-02,4.678988216054859040e-01,2.772587477377124188e-01,5.057409399792002491e-02,-2.009834726131229932e-01,-6.716950044002449882e-01
1.180000000000000071e+01,5.000000000000000000e+00,4.405483330545673759e+00,-1.051778691032518642e+00,5.277806357953250815e-01,5.427386666848138530e-01,-1.640961100127139860e-01,-5.475067238379693890e-02,4.688865377728795303e-01,2.733325355865480200e-01,4.814877424626298752e-02,-1.913996983671949481e-01,-6.436736661907012103e-01
1.182000000000000028e+01,5.000000000000000000e+00,4.414870514603647322e+00,-1.046349609292350769e+00,5.209769498820305822e-01,5.416865404035958731e-01,-1.557058571167791450e-01,-5.033274809167309627e-02,4.698227955770487574e-01,2.696124047787549771e-01,4.542690475145901019e-02,-1.803691777617198455e-01,-6.102099443879942520e-01
1.183999999999999986e+01,5.000000000000000000e+00,4.424275859267943645e+00,-1.040992625766306023e+00,5.145784043346598446e-01,5.407253567611469691e-01,-1.458766169430622539e-01,-4.566350729121637642e-02,4.707015828476895369e-01,2.661276598723801845e-01,4.240036796939818803e-02,-1.678549477110995447e-01,-5.711185699391233550e-01
1.185999999999999943e+01,5.000000000000000000e+00,4.433698153653267582e+00,-1.035702733530261321e+00,5.086442353852875797e-01,5.398600001119472358e-01,-1.345552688853170475e-01,-4.075438485315885373e-02,4.715167250636156382e-01,2.629083446871826046e-01,3.906104635597056063e-02,-1.538200451297361826e-01,-5.262322240122057071e-01
1.188000000000000078e+01,5.000000000000000000e+00,4.443136061760387889e+00,-1.030474317391081307e+00,5.032352529771102478e-01,5.390951813670205039e-01,-1.216932520430250853e-01,-3.561066975411186775e-02,4.722618853527584815e-01,2.599852423046329908e-01,3.540082236706618146e-02,-1.382275069320316740e-01,-4.754035395033646139e-01
1.190000000000000036e+01,5.000000000000000000e+00,4.452588119229124786e+00,-1.025301139101384207e+00,4.984136913721149975e-01,5.384355733217828233e-01,-1.072478675231614414e-01,-3.023023061561147529e-02,4.729305644921676932e-01,2.573898750679142200e-01,3.141157845857510400e-02,-1.210403700323879617e-01,-4.185071342381351811e-01
1.191999999999999993e+01,5.000000000000000000e+00,4.462052730091328634e+00,-1.020176322574307015e+00,4.942430456047671727e-01,5.378859721423960849e-01,-9.118383819565116510e-02,-2.460217824985910795e-02,4.735161009080102179e-01,2.551545045819210711e-01,2.708519708638744070e-02,-1.022216713452073211e-01,-3.554417776096957526e-01
1.193999999999999950e+01,5.000000000000000000e+00,4.471528163523867505e+00,-1.015092339098272234e+00,4.907878921813229045e-01,5.374514861917885078e-01,-7.347516188566109718e-02,-1.870547389039245445e-02,4.740116706755711506e-01,2.533121317132602246e-01,2.241356070639315481e-02,-8.173444778489123708e-02,-2.861328241898399294e-01
1.196000000000000085e+01,5.000000000000000000e+00,4.481012550601604083e+00,-1.010040992551752614e+00,4.881136913095746044e-01,5.371377531867802535e-01,-5.410728569034629898e-02,-1.250749361874170518e-02,4.744102875192531821e-01,2.518964965902503184e-01,1.738855177448234840e-02,-5.954173626584192969e-02,-2.105350789634040098e-01
1.198000000000000043e+01,5.000000000000000000e+00,4.490503881050379675e+00,-1.005013404618037898e+00,4.862865666071503612e-01,5.369511864470388751e-01,-3.307961367938997560e-02,-5.962561865764826052e-03,4.747048028125769314e-01,2.509420786029220585e-01,1.200205274654507839e-02,-3.560657370246138320e-02,-1.286362871590318036e-01
1.200000000000000000e+01,6.000000000000000000e+00,4.500000000000000000e+00,-1.000000000000000000e+00,4.853730566965707149e-01,5.368992507121496116e-01,-1.040833587388737512e-02,2.973089148383678548e-03,4.748879055781807246e-01,2.504840964030183303e-01,6.245946078471398266e-03,-9.891997009151554110e-03,-4.046146451767886759e-02
1.201999999999999957e+01,6.000000000000000000e+00,4.509500160684574155e+00,-9.949922908650300490e-01,4.847906551617561233e-01,5.370701100129742223e-01,-1.740414272155967751e-02,1.584758385280871096e-02,4.751848789686749508e-01,2.502871028816187060e-01,2.326116649486960689e-02,-9.806259503621572726e-03,-6.766141961923297088e-02
1.203999999999999915e+01,6.000000000000000000e+00,4.519009588184025539e+00,-9.899885040135246728e-01,4.839266659153678152e-01,5.375331540662620089e-01,-2.386657778449374420e-02,2.997316158899643312e-02,4.758108218940643730e-01,2.500918900902601161e-01,3.914683532461063487e-02,-9.713911890089936205e-03,-9.279343204073219054e-02
1.206000000000000050e+01,6.000000000000000000e+00,4.528534637553039310e+00,-9.849886025040153203e-01,4.828027223315963234e-01,5.382690364765340130e-01,-2.978150307191406929e-02,4.314354533894082522e-02,4.767433794680136505e-01,2.498985909580002107e-01,5.392656710747080473e-02,-9.614881478795191463e-03,-1.158029581273804232e-01
1.208000000000000007e+01,6.000000000000000000e+00,4.538081221471480298e+00,-9.799925467219146036e-01,4.814406052492985477e-01,5.392588958798197885e-01,-3.514233521826952422e-02,5.538231108789126722e-02,4.779606690949825820e-01,2.497073398676917799e-01,6.762397638322639737e-02,-9.509095579975878482e-03,-1.366639809743983580e-01
1.209999999999999964e+01,6.000000000000000000e+00,4.547654819690206018e+00,-9.750002943504399999e-01,4.798620529295166137e-01,5.404843289200496059e-01,-3.994928978331883235e-02,6.671175849097465971e-02,4.794412804702270492e-01,2.495182726559830588e-01,8.026267769165371102e-02,-9.396481503870533769e-03,-1.553763096555870471e-01
1.211999999999999922e+01,6.000000000000000000e+00,4.557260488476897464e+00,-9.700118003415378887e-01,4.780885908744554325e-01,5.419273662194586949e-01,-4.420857522600905171e-02,7.715306228519658305e-02,4.811642755797982396e-01,2.493315266133172559e-01,9.186628557252907168e-02,-9.276966560717704244e-03,-1.719626750020993022e-01
1.214000000000000057e+01,6.000000000000000000e+00,4.566902870061852582e+00,-9.650270168868082532e-01,4.761413820044224088e-01,5.435704514114574337e-01,-4.793156773677312993e-02,8.672642517267448170e-02,4.831091887005429797e-01,2.491472404839330246e-01,1.024584145656287498e-01,-9.150478060755928150e-03,-1.864657261702082347e-01
1.216000000000000014e+01,6.000000000000000000e+00,4.576586202083825938e+00,-9.600458933884287172e-01,4.740410972009371782e-01,5.453964232263658340e-01,-5.113399303025960990e-02,9.545122857592325261e-02,4.852560264001035684e-01,2.489655544658642417e-01,1.120626792107291131e-01,-9.016943314223750672e-03,-1.989450189420911008e-01
1.217999999999999972e+01,6.000000000000000000e+00,4.586314327035820426e+00,-9.550683764300763601e-01,4.718078058076546899e-01,5.473885005544942839e-01,-5.383513602270829229e-02,1.033461782764586445e-01,4.875852675369175548e-01,2.487866102109397293e-01,1.207026940476063903e-01,-8.876289631359703114e-03,-2.094740723402276628e-01
1.219999999999999929e+01,6.000000000000000000e+00,4.596090701710924264e+00,-9.500944097478557504e-01,4.694608853367818746e-01,5.495302703574240777e-01,-5.605709435931807011e-02,1.104294425544054548e-01,4.900778632602181828e-01,2.486105508247838103e-01,1.284020736160369214e-01,-8.728444322402332395e-03,-2.181375555160223745e-01
1.222000000000000064e+01,6.000000000000000000e+00,4.605918406648117802e+00,-9.451239342012200950e-01,4.670189493555272908e-01,5.518056782566704843e-01,-5.782408722839044862e-02,1.167187810253604852e-01,4.927152370100345569e-01,2.484375208668160029e-01,1.351844324557969768e-01,-8.573334697590178494e-03,-2.250286526573492540e-01
1.224000000000000021e+01,6.000000000000000000e+00,4.615800155578087427e+00,-9.401568877438964966e-01,4.644997923209433499e-01,5.541990215984387014e-01,-5.916182692372565222e-02,1.222316629058681769e-01,4.954792845171907545e-01,2.482676663502509373e-01,1.410733851066629518e-01,-8.410888067161781390e-03,-2.302466403546200580e-01
1.225999999999999979e+01,6.000000000000000000e+00,4.625738304869044804e+00,-9.351932053948103230e-01,4.619203499868719809e-01,5.566949447729051537e-01,-6.009695724743858991e-02,1.269853739175701435e-01,4.983523738033068251e-01,2.481011347420986612e-01,1.460925461084111032e-01,-8.241031741355684531e-03,-2.338946998301878466e-01
1.227999999999999936e+01,6.000000000000000000e+00,4.635734862972542558e+00,-9.302328192090075776e-01,4.592966739171386870e-01,5.592784365551414227e-01,-6.065656008326619081e-02,1.309971114568053707e-01,5.013173451807982905e-01,2.479380749631643344e-01,1.502655300008176598e-01,-8.063693030410427898e-03,-2.360779758975652121e-01
1.230000000000000071e+01,6.000000000000000000e+00,4.645791499869287300e+00,-9.252756582485810455e-01,4.566439185975770254e-01,5.619348292311774351e-01,-6.086772928197695803e-02,1.342840680072718840e-01,5.043575112528757565e-01,2.477786373880482285e-01,1.536159513236589891e-01,-7.878799244564551468e-03,-2.369018855856859229e-01
1.232000000000000028e+01,6.000000000000000000e+00,4.655909556514961523e+00,-9.203216485535938851e-01,4.539763396386128358e-01,5.646497992754324624e-01,-6.075720933115821148e-02,1.368635030598781555e-01,5.074566569135459115e-01,2.476229738451461437e-01,1.561674246167113755e-01,-7.686277694056594355e-03,-2.364706720549238916e-01
1.233999999999999986e+01,6.000000000000000000e+00,4.666090054286031297e+00,-9.153707131130023322e-01,4.513073015927805409e-01,5.674093693535724459e-01,-6.035109506648522748e-02,1.387528040288028564e-01,5.105990393476107503e-01,2.474712376166487982e-01,1.579435644197512700e-01,-7.486055689125101741e-03,-2.348861936870496880e-01
1.235999999999999943e+01,6.000000000000000000e+00,4.676333704425573501e+00,-9.104227718355821786e-01,4.486492939707978356e-01,5.701999114365844390e-01,-5.967458785268328625e-02,1.399695368207449775e-01,5.137693880306679617e-01,2.473235834385424381e-01,1.589679852725547626e-01,-7.278060540008613605e-03,-2.322469339376696806e-01
1.238000000000000078e+01,6.000000000000000000e+00,4.686640917489074631e+00,-9.054777415208495883e-01,4.460139541192885138e-01,5.730081508264023293e-01,-5.875180315388345981e-02,1.405314868316356325e-01,5.169529047291100410e-01,2.471801675006082277e-01,1.592643017148982487e-01,-7.062219556945667324e-03,-2.286472145475633433e-01
1.240000000000000036e+01,6.000000000000000000e+00,4.697011812790268692e+00,-9.005355358299892421e-01,4.434120957171814870e-01,5.758211709098500775e-01,-5.760562416396818736e-02,1.404566912184179728e-01,5.201352635001260660e-01,2.470411474464226653e-01,1.588561282865580404e-01,-6.838460050174808950e-03,-2.241765928485698889e-01
1.241999999999999993e+01,6.000000000000000000e+00,4.707446227846929787e+00,-8.955960652567748204e-01,4.408537417511409484e-01,5.786264184751389594e-01,-5.625759612330976517e-02,1.397634633298139306e-01,5.233026106916995879e-01,2.469066823733576388e-01,1.577670795273103665e-01,-6.606709329934571523e-03,-2.189194229924679713e-01
1.243999999999999950e+01,6.000000000000000000e+00,4.717943727826711786e+00,-8.906592370984958151e-01,4.383481609387639977e-01,5.814117094430425459e-01,-5.472785606148234533e-02,1.384704101856897296e-01,5.264415649426108512e-01,2.467769328325801481e-01,1.560207699769316225e-01,-6.366894706463502827e-03,-2.129545608019703939e-01
1.246000000000000085e+01,6.000000000000000000e+00,4.728503614992940918e+00,-8.857249554268797898e-01,4.359039066781189020e-01,5.841652348825665531e-01,-5.303509293552011172e-02,1.365964438759750266e-01,5.295392171824345739e-01,2.466520608290523608e-01,1.536408141751980649e-01,-6.118943490000141976e-03,-2.063551924257932269e-01
1.248000000000000043e+01,6.000000000000000000e+00,4.739124938150450106e+00,-8.807931210590166371e-01,4.335288577105154695e-01,5.868755671980817601e-01,-5.119653344602013295e-02,1.341607877135881921e-01,5.325831306315415015e-01,2.465322298215318064e-01,1.506508266618860614e-01,-5.862782990783032416e-03,-1.991887679236617748e-01
1.250000000000000000e+01,6.000000000000000000e+00,4.749806502091384885e+00,-8.758636315282843920e-01,4.312302597879422716e-01,5.895316663911099875e-01,-4.922794918074321208e-02,1.311829779250341943e-01,5.355613408010978516e-01,2.464176047225711264e-01,1.470744219767718131e-01,-5.598340519050708924e-03,-1.915170221789951055e-01
1.251999999999999957e+01,6.000000000000000000e+00,4.760546877041021752e+00,-8.709363810552707141e-01,4.290147677356218048e-01,5.921228863150830302e-01,-4.714368113450673886e-02,1.276828616035761144e-01,5.384623554930655365e-01,2.463083518985182407e-01,1.429352146596316597e-01,-5.325543385041715816e-03,-1.833960670228921008e-01
1.253999999999999915e+01,6.000000000000000000e+00,4.771344408103586510e+00,-8.660112605186995882e-01,4.268884873924058687e-01,5.946389808552529077e-01,-4.495667806688850854e-02,1.236805915845415882e-01,5.412751548002014967e-01,2.462046391695163483e-01,1.382568192502419691e-01,-5.044318898994593937e-03,-1.748765400582938112e-01
1.256000000000000050e+01,6.000000000000000000e+00,4.782197224708069072e+00,-8.610881574263533622e-01,4.248570169964675514e-01,5.970701099784646582e-01,-4.267854557137706201e-02,1.191966188354971479e-01,5.439891911060588114e-01,2.461066358095038153e-01,1.330628502883790532e-01,-4.754594371147887605e-03,-1.660037973216128004e-01
1.258000000000000007e+01,6.000000000000000000e+00,4.793103250054029374e+00,-8.561669558859974494e-01,4.229254876605128000e-01,5.994068456086730778e-01,-4.031960313035050369e-02,1.142516828865485223e-01,5.465943890849852549e-01,2.460145125462141480e-01,1.273769223138191131e-01,-4.456297111740131593e-03,-1.568181385514151038e-01
1.259999999999999964e+01,6.000000000000000000e+00,4.804060210557434374e+00,-8.512475365763058077e-01,4.210986026493680479e-01,6.016401772939264925e-01,-3.788894681178774093e-02,1.088668007601878429e-01,5.490811457021251840e-01,2.459284415611763530e-01,1.212226498663384472e-01,-4.149354431009869351e-03,-1.473550554056705653e-01
1.261999999999999922e+01,6.000000000000000000e+00,4.815065645296455088e+00,-8.463297767177830888e-01,4.193806752334153232e-01,6.037615176390804805e-01,-3.539451562049641259e-02,1.030632547978438396e-01,5.514403302134177620e-01,2.458485964897143272e-01,1.146236474857134924e-01,-3.833693639195643026e-03,-1.376454944494025778e-01
1.264000000000000057e+01,6.000000000000000000e+00,4.826116915457289380e+00,-8.414135500436890069e-01,4.177756649441763948e-01,6.057627074858402683e-01,-3.284315984546782446e-02,9.686257972104783676e-02,5.536632841655979576e-01,2.457751524209474403e-01,1.076035297117203943e-01,-3.509242046535991297e-03,-1.277161281028807716e-01
1.266000000000000014e+01,6.000000000000000000e+00,4.837211213779981200e+00,-8.364987267709640406e-01,4.162872121037918260e-01,6.076360208279225628e-01,-3.024071004396465881e-02,9.028654921103829167e-02,5.557418213961959896e-01,2.457082858977902018e-01,1.001859110841356593e-01,-3.175926963269457177e-03,-1.175896279853363702e-01
1.267999999999999972e+01,6.000000000000000000e+00,4.848345574004229164e+00,-8.315851735711518034e-01,4.149186705386713192e-01,6.093741694542816889e-01,-2.759204557162889954e-02,8.335716224081402004e-02,5.576682280335378827e-01,2.456481749169524553e-01,9.239440614273534969e-02,-2.833675699634579780e-03,-1.072849362060863954e-01
1.269999999999999929e+01,6.000000000000000000e+00,4.859516880315208454e+00,-8.266727535413236350e-01,4.136731384197274708e-01,6.109703073175550836e-01,-2.490116180679523977e-02,7.609662934917871269e-02,5.594352624967451337e-01,2.455949989289390734e-01,8.425262942729598581e-02,-2.482415565869900385e-03,-9.681753114490997125e-02
1.272000000000000064e+01,6.000000000000000000e+00,4.870721876789384730e+00,-8.217613261750033038e-01,4.125534871978991935e-01,6.124180346282488419e-01,-2.217123542758726862e-02,6.852735900575268602e-02,5.610361554957348229e-01,2.455489388380503457e-01,7.578419547759381036e-02,-2.122073872213963742e-03,-8.619968513146876454e-02
1.274000000000000021e+01,6.000000000000000000e+00,4.881957176840328927e+00,-8.168507473330901547e-01,4.115623886246730923e-01,6.137114016777853731e-01,-1.940468728409375926e-02,6.067194418081633955e-02,5.624646100312190589e-01,2.455101770023815633e-01,6.701271883340501057e-02,-1.752577928905304410e-03,-7.544071218730757922e-02
1.275999999999999979e+01,6.000000000000000000e+00,4.893219272664534714e+00,-8.119408692147837003e-01,4.107023398635610834e-01,6.148449123954814466e-01,-1.660324256715428951e-02,5.255314920199971596e-02,5.637148013947063108e-01,2.454788972338235453e-01,5.796181403450594016e-02,-1.373855046182465619e-03,-6.454720464308141836e-02
1.277999999999999936e+01,6.000000000000000000e+00,4.904504544687232404e+00,-8.070315403285081013e-01,4.099756867105072700e-01,6.158135276458652774e-01,-1.376798811244446877e-02,4.419389695288700182e-02,5.647813771684997430e-01,2.454552847980620844e-01,4.865509562067293209e-02,-9.858325342839890839e-04,-5.352325799882614449e-02
1.280000000000000071e+01,6.000000000000000000e+00,4.915809271008210857e+00,-8.021226054628357582e-01,4.093846449494431550e-01,6.166126682735968423e-01,-1.089942679614882247e-02,3.561725644408575420e-02,5.656594572256988807e-01,2.454395264145784461e-01,3.911617813168238866e-02,-5.884377034484160850e-04,-4.237068386742066928e-02
1.282000000000000028e+01,6.000000000000000000e+00,4.927129636847622507e+00,-7.972139056574111260e-01,4.089313198741483246e-01,6.172382179036288719e-01,-7.997529079070912761e-03,2.684643076672088569e-02,5.663446337301978328e-01,2.454318102566488136e-01,2.936867610731037914e-02,-1.815978639142856255e-04,-3.108921124202105105e-02
1.283999999999999986e+01,6.000000000000000000e+00,4.938461743991812369e+00,-7.923052781738755268e-01,4.086177240095760776e-01,6.176865255042656155e-01,-5.061781842013840169e-03,1.790474541984998780e-02,5.668329711366872914e-01,2.454323259513449818e-01,1.943620408733359381e-02,2.347596740798558101e-04,-1.967667666796191553e-02
1.285999999999999943e+01,6.000000000000000000e+00,4.949801620239121291e+00,-7.873965564667906314e-01,4.084457930652507507e-01,6.179544077204228714e-01,-2.091234729021351942e-03,8.815636987705488536e-03,5.671210061906524214e-01,2.454412645795335524e-01,9.342376611527907632e-03,6.607076002954756153e-04,-8.129204188660674874e-03
1.288000000000000078e+01,6.000000000000000000e+00,4.961145228845710520e+00,-7.824875701545629392e-01,4.084174001505222473e-01,6.180391509837737107e-01,9.154557211961446023e-04,-3.973578716198744587e-04,5.672057479283747483e-01,2.454588186758766555e-01,-8.891917803302356541e-04,1.096318604494029040e-03,3.558623817032406482e-03
1.290000000000000036e+01,6.000000000000000000e+00,4.972488477971373833e+00,-7.775781449903679254e-01,4.085343682766682805e-01,6.179385134055581652e-01,3.959983819596152484e-03,-9.710613176439508720e-03,5.670846776769308262e-01,2.454851822288316165e-01,-1.123488654846441920e-02,1.541665376436975998e-03,1.539360357311665185e-02
1.291999999999999993e+01,6.000000000000000000e+00,4.983827230125357666e+00,-7.726681028330737444e-01,4.087984811642778604e-01,6.176507264567161481e-01,7.044353961275427907e-03,-1.910042417226343048e-02,5.667557490541927923e-01,2.455205506806508453e-01,-2.167109315309844256e-02,1.996820605885773689e-03,2.738375309646549211e-02
1.293999999999999950e+01,6.000000000000000000e+00,4.995157311612172357e+00,-7.677572616181654874e-01,4.092114923662486525e-01,6.171744964386676191e-01,1.017084091942128433e-02,-2.854301775449563650e-02,5.662173879688287004e-01,2.455651209273821411e-01,-3.217419705445596911e-02,2.461856982601882786e-03,3.953815994125291916e-02
1.296000000000000085e+01,6.000000000000000000e+00,5.006474521977402503e+00,-7.628454353286694412e-01,4.097751327072409189e-01,6.165090057465362205e-01,1.334195072616614977e-02,-3.801456284363879945e-02,5.654684926203015216e-01,2.456190913188684433e-01,-4.272058371276061389e-02,2.936847196346759406e-03,5.186683163835432292e-02
1.298000000000000043e+01,6.000000000000000000e+00,5.017774643453543071e+00,-7.579324339660776788e-01,4.104911160296982886e-01,6.156539139249220804e-01,1.656038162775883352e-02,-4.749118080208347692e-02,5.645084334988703656e-01,2.456826616587479417e-01,-5.328663858823623478e-02,3.421863936881867907e-03,6.438054681429175585e-02
1.300000000000000000e+01,6.000000000000000000e+00,5.029053450405791104e+00,-7.530180635212705420e-01,4.113611432247011312e-01,6.146093585144528637e-01,1.982898456239100618e-02,-5.694895598984395235e-02,5.633370533855894813e-01,2.457560332044540774e-01,-6.384874714110644334e-02,3.916979893968663973e-03,7.709070481998221702e-02
1.301999999999999957e+01,6.000000000000000000e+00,5.040306718777879169e+00,-7.481021259454421202e-01,4.123869045130487687e-01,6.133759556853284334e-01,2.315072257013741155e-02,-6.636394656410971038e-02,5.619546673523085900e-01,2.458394086672154033e-01,-7.438329483159493438e-02,4.422267757368608491e-03,9.000917154341722681e-02
1.303999999999999915e+01,6.000000000000000000e+00,5.051530235537881275e+00,-7.431844191210243977e-01,4.135700799281931683e-01,6.119548006518885641e-01,2.652862850529461025e-02,-7.571219563564923760e-02,5.603620627616733296e-01,2.459329922120559453e-01,-8.486666711992540968e-02,4.937800216843158015e-03,1.031481189198668325e-01
1.306000000000000050e+01,6.000000000000000000e+00,5.062719808124032994e+00,-7.382647368326102910e-01,4.149123379380350585e-01,6.103474678599022374e-01,2.996576038172221040e-02,-8.496974290226333437e-02,5.585604992671244773e-01,2.460369894577947303e-01,-9.527524946632154323e-02,5.463649962153772563e-03,1.165198554866744562e-01
1.308000000000000007e+01,6.000000000000000000e+00,5.073871273890548039e+00,-7.333428687378790167e-01,4.164153321272630048e-01,6.085560109357980307e-01,3.346515364168747841e-02,-9.411263688698845442e-02,5.565517088128985046e-01,2.461516074770460638e-01,-1.055854273310070784e-01,5.999889683061913892e-03,1.301366451566741689e-01
1.309999999999999964e+01,6.000000000000000000e+00,5.084980509553432171e+00,-7.284186003385186847e-01,4.180806958459508116e-01,6.065829623844227747e-01,3.702976959860884015e-02,-1.031169479164724123e-01,5.543378956340274666e-01,2.462770547962195855e-01,-1.157735861742056754e-01,6.546592069329039421e-03,1.440105112054158309e-01
1.312000000000000099e+01,6.000000000000000000e+00,5.096043440636297106e+00,-7.234917129511523326e-01,4.199100347136662803e-01,6.044313330191389833e-01,4.066243926478790849e-02,-1.119587819815848206e-01,5.519217362563387796e-01,2.464135413955200749e-01,-1.258161114561410221e-01,7.103829810716604833e-03,1.581530222848158695e-01
1.314000000000000057e+01,6.000000000000000000e+00,5.107056050916183310e+00,-7.185619836782601855e-01,4.219049168515280335e-01,6.021046111051593375e-01,4.436580173793669424e-02,-1.206142956292595159e-01,5.493063794964554436e-01,2.465612787089474789e-01,-1.356893886370368896e-01,7.671675596986073618e-03,1.725750570932268191e-01
1.316000000000000014e+01,6.000000000000000000e+00,5.118014391869369462e+00,-7.136291853791046913e-01,4.240668606976608634e-01,5.996067611939687181e-01,4.814223628676491534e-02,-1.290597120409930909e-01,5.464954464617961527e-01,2.467204796242971065e-01,-1.453698031771168686e-01,8.250202117898898860e-03,1.872865441547980903e-01
1.317999999999999972e+01,6.000000000000000000e+00,5.128914592117190807e+00,-7.086930866406546681e-01,4.263973202445837107e-01,5.969422226235197027e-01,5.199378724835197751e-02,-1.372713384583388319e-01,5.434930305505746295e-01,2.468913584831594621e-01,-1.548337405366045916e-01,8.839482063216547517e-03,2.022961729971008704e-01
1.319999999999999929e+01,6.000000000000000000e+00,5.139752866871855730e+00,-7.037534517485088958e-01,4.288976675204985711e-01,5.941159076556352669e-01,5.592208083136830654e-02,-1.452255851200252579e-01,5.403036974518011792e-01,2.470741310809202174e-01,-1.640575861757240794e-01,9.439588122700478742e-03,2.176110728755814849e-01
1.322000000000000064e+01,6.000000000000000000e+00,5.150525527382258772e+00,-6.988100406578203749e-01,4.315691721206188491e-01,5.911331992187184303e-01,5.992823291299183286e-02,-1.528989858774849608e-01,5.369324851452801362e-01,2.472690146667603228e-01,-1.730177255546986870e-01,1.005059298611214562e-02,2.332364550897366162e-01
1.324000000000000021e+01,6.000000000000000000e+00,5.161228990379798987e+00,-6.938626089642211392e-01,4.344129775799904780e-01,5.879999482205358063e-01,6.401274692787957410e-02,-1.602682206553645017e-01,5.333849039016125282e-01,2.474762279436559798e-01,-1.816905441337523519e-01,1.067256934321301337e-02,2.491752148855814475e-01
1.325999999999999979e+01,6.000000000000000000e+00,5.171859787524198282e+00,-6.889109078747449599e-01,4.374300743663279700e-01,5.847224703925040235e-01,6.817540097988855630e-02,-1.673101399207297391e-01,5.296669362821946336e-01,2.476959910683785016e-01,-1.900524273731085123e-01,1.130558988376453508e-02,2.654274889625523604e-01
1.327999999999999936e+01,6.000000000000000000e+00,5.182414574849310007e+00,-6.839546841787530473e-01,4.406212692608120207e-01,5.813075426237067633e-01,7.241512336727135013e-02,-1.740017913166216346e-01,5.257850371392179811e-01,2.479285256514946190e-01,-1.980797607329911614e-01,1.194972729752817597e-02,2.819901647252701649e-01
1.330000000000000071e+01,6.000000000000000000e+00,5.192890142208942628e+00,-6.789936802188566434e-01,4.439871508874175809e-01,5.777623987398389227e-01,7.672985580647558035e-02,-1.803204486038918475e-01,5.217461336156699048e-01,2.481740547573661471e-01,-2.057489296736237094e-01,1.260505427426538566e-02,2.988563376712258801e-01
1.332000000000000028e+01,6.000000000000000000e+00,5.203283422722670970e+00,-6.740276338618420571e-01,4.475280511480895229e-01,5.740947246795510273e-01,8.111640377586620820e-02,-1.862436430359490913e-01,5.175576251453332111e-01,2.484328029041500963e-01,-2.130363196552300664e-01,1.327164350373763284e-02,3.160147137192079181e-01
1.333999999999999986e+01,6.000000000000000000e+00,5.213591502221654572e+00,-6.690562784695945897e-01,4.512440023230515074e-01,5.703126530184011722e-01,8.557027358665895977e-02,-1.917491972647304976e-01,5.132273834527860679e-01,2.487049960637989499e-01,-2.199183161380338369e-01,1.394956767570637406e-02,3.334489539001798120e-01
1.335999999999999943e+01,6.000000000000000000e+00,5.223811628694449816e+00,-6.640793428700223489e-01,4.551346896040073808e-01,5.664247567889619805e-01,9.008549603253251936e-02,-1.968152618400544895e-01,5.087637525534023375e-01,2.489908616620601089e-01,-2.263713045822586811e-01,1.463889947993306413e-02,3.511369596977497176e-01
1.338000000000000078e+01,6.000000000000000000e+00,5.233941221732832716e+00,-6.590965513279808397e-01,4.591993988444235675e-01,5.624400425447987351e-01,9.465443678029904218e-02,-2.014203543172889965e-01,5.041755487533514657e-01,2.492906285784763920e-01,-2.323716704481283424e-01,1.533971160617917003e-02,3.690500984896030179e-01
1.340000000000000036e+01,6.000000000000000000e+00,5.243977881977605726e+00,-6.541076235161964458e-01,4.634369593370836204e-01,5.583679426162703185e-01,9.926759404990088964e-02,-2.055434009277306018e-01,4.994720606495980375e-01,2.496045271463858128e-01,-2.378957991958666196e-01,1.605207674420614308e-02,3.871523700586725902e-01
1.341999999999999993e+01,6.000000000000000000e+00,5.253919400564423192e+00,-6.491122744861910210e-01,4.678456814664928576e-01,5.542183065076896620e-01,1.039133846003497952e-01,-2.091637806909307784e-01,4.946630491299028876e-01,2.499327891529216084e-01,-2.429200762856969786e-01,1.677606758377543639e-02,4.053995170704826623e-01
1.343999999999999950e+01,6.000000000000000000e+00,5.263763768569599932e+00,-6.441102146392055916e-01,4.724232891344317675e-01,5.500013913886332428e-01,1.085779195951310644e-01,-2.122613717545505096e-01,4.897587473728215457e-01,2.502756478390121830e-01,-2.474208871778433017e-01,1.751175681464853251e-02,4.237380848085480212e-01
1.346000000000000085e+01,6.000000000000000000e+00,5.273509186455928699e+00,-6.391011496971249484e-01,4.771668469230607723e-01,5.457278516375073663e-01,1.132447725701209995e-01,-2.148165996351192319e-01,4.847698608477055138e-01,2.506333378993813032e-01,-2.513746173325291933e-01,1.825921712658687066e-02,4.421044383777531506e-01
1.348000000000000043e+01,6.000000000000000000e+00,5.283154073518501193e+00,-6.340847806734014602e-01,4.820726820436294080e-01,5.414087274032283181e-01,1.178947424705562713e-01,-2.168104868990461398e-01,4.797075673147019326e-01,2.510060954825478197e-01,-2.547576522099784802e-01,1.901852120935191778e-02,4.604237490742613126e-01
1.350000000000000000e+01,6.000000000000000000e+00,5.292697077330517530e+00,-6.290608038439787775e-01,4.871363012221350264e-01,5.370554321615457205e-01,1.225056155589501206e-01,-2.182247036659994421e-01,4.745835168247530822e-01,2.513941581908259448e-01,-2.575463772704146281e-01,1.978974175270513045e-02,4.786089657150250365e-01
1.351999999999999957e+01,6.000000000000000000e+00,5.302137083189103706e+00,-6.240289107182166450e-01,4.923523027982399936e-01,5.326797392565885136e-01,1.270519309170237698e-01,-2.190416181352698999e-01,4.694098317195972148e-01,2.517977650803250311e-01,-2.597171779740615194e-01,2.057295144640796866e-02,4.965597914363908960e-01
1.353999999999999915e+01,6.000000000000000000e+00,5.311473223561129053e+00,-6.189887880098146056e-01,4.977142844621874063e-01,5.282937674361350977e-01,1.315047552613405057e-01,-2.192443461292352680e-01,4.641991066317677217e-01,2.522171566609496818e-01,-2.612464397811428141e-01,2.136822298022188898e-02,5.141616917977864798e-01
1.356000000000000050e+01,6.000000000000000000e+00,5.320704887529025484e+00,-6.139401176077362576e-01,5.032147472277218592e-01,5.239099654114187654e-01,1.358314738496569640e-01,-2.188167984180235948e-01,4.589644084845938554e-01,2.526525748963997509e-01,-2.621105481518822278e-01,2.217562904390835490e-02,5.312849659137607317e-01
1.358000000000000007e+01,6.000000000000000000e+00,5.329831730236591625e+00,-6.088825765471328477e-01,5.088449964379716528e-01,5.195410954994140740e-01,1.399956053543923995e-01,-2.177437243362216890e-01,4.537192764921999522e-01,2.531042632041702878e-01,-2.622858885465034207e-01,2.299524232722882644e-02,5.477839186884821965e-01
1.359999999999999964e+01,6.000000000000000000e+00,5.338853682334823603e+00,-6.038158369802684167e-01,5.145950408258785913e-01,5.152002164379700933e-01,1.439566496992785993e-01,-2.160107499321064495e-01,4.484777221595063201e-01,2.535724664555515373e-01,-2.617488464252299973e-01,2.382713551994475668e-02,5.634961788845360697e-01
1.362000000000000099e+01,6.000000000000000000e+00,5.347770959427720960e+00,-5.987395661474425035e-01,5.204534909000797516e-01,5.109006655021295362e-01,1.476699789717573763e-01,-2.136044086059349922e-01,4.432542292822284624e-01,2.540574309756290505e-01,-2.604758072482857845e-01,2.467138131181760216e-02,5.782422144961382182e-01
1.364000000000000057e+01,6.000000000000000000e+00,5.356584071518105894e+00,-5.936534263479157358e-01,5.264074581988342771e-01,5.066560400937325515e-01,1.510867826134571767e-01,-2.105121619063101690e-01,4.380637539468777986e-01,2.545594045432836849e-01,-2.584431564758944422e-01,2.552805239260882986e-02,5.918251034096223551e-01
1.366000000000000014e+01,6.000000000000000000e+00,5.365293832453438050e+00,-5.885570749108326449e-01,5.324424572448053228e-01,5.024801790258772716e-01,1.541540791322645598e-01,-2.067224078740554916e-01,4.329217245307608875e-01,2.550786363911913268e-01,-2.556272795682796306e-01,2.639722145207989978e-02,6.040306232297870670e-01
1.367999999999999972e+01,6.000000000000000000e+00,5.373901369371631986e+00,-5.834501641661464788e-01,5.385423123366029907e-01,4.983871437787704695e-01,1.568148075530366448e-01,-2.022244740646854666e-01,4.278440417019799824e-01,2.556153772058231688e-01,-2.520045619856651764e-01,2.727896117999225462e-02,6.146277289500314822e-01
1.369999999999999929e+01,6.000000000000000000e+00,5.382408132146871971e+00,-5.783323414155429054e-01,5.446890716213301786e-01,4.943912000632900150e-01,1.590080127137740162e-01,-1.970085921631650194e-01,4.228470784194328091e-01,2.561698791274456544e-01,-2.475513891882746287e-01,2.817334426610737866e-02,6.233694902856374842e-01
1.372000000000000064e+01,6.000000000000000000e+00,5.390815902835428552e+00,-5.732032489033646039e-01,5.508629311961755759e-01,4.905068000922436777e-01,1.606691393045659166e-01,-1.910658509484353118e-01,4.179476799328126768e-01,2.567423957501205334e-01,-2.422441466363317308e-01,2.908044340018671806e-02,6.299945613422225366e-01
1.374000000000000021e+01,6.000000000000000000e+00,5.399126805121473360e+00,-5.680625237875349676e-01,5.570421722744248738e-01,4.867485660253524360e-01,1.617304502176163394e-01,-1.843881242950455857e-01,4.131631637826083669e-01,2.573331821217046400e-01,-2.360592197900601708e-01,3.000033127199173283e-02,6.342292531798652266e-01
1.375999999999999979e+01,6.000000000000000000e+00,5.407343313762897452e+00,-5.629097981104824733e-01,5.632031147080773792e-01,4.831312751204420719e-01,1.621215852932709200e-01,-1.769679709423979119e-01,4.085113198001043555e-01,2.579424947438501703e-01,-2.289729941096835808e-01,3.093308057128388300e-02,6.357902740730586588e-01
1.377999999999999936e+01,6.000000000000000000e+00,5.415468264037122559e+00,-5.577446987700640513e-01,5.693200903696971071e-01,4.796698471876566505e-01,1.617702768445939410e-01,-1.687985029460978836e-01,4.040104101073802578e-01,2.585705915720043491e-01,-2.209618550554258432e-01,3.187876398782463205e-02,6.343881922115738314e-01
1.380000000000000071e+01,6.000000000000000000e+00,5.423504861186922987e+00,-5.525668474904903427e-01,5.753654400429027982e-01,4.763793350025979367e-01,1.606032383067729497e-01,-1.598732200795858205e-01,3.996791691173116057e-01,2.592177320154098186e-01,-2.120021880875104792e-01,3.283745421137541920e-02,6.297316606890690505e-01
1.382000000000000028e+01,6.000000000000000000e+00,5.431456689866237753e+00,-5.473758607932488474e-01,5.813095375359264017e-01,4.732749183844731089e-01,1.585472417969339687e-01,-1.501858080039255583e-01,3.955368035335694032e-01,2.598841769371045274e-01,-2.020703786661612600e-01,3.380922393169773221e-02,6.215324245008231330e-01
1.383999999999999986e+01,6.000000000000000000e+00,5.439327723585984486e+00,-5.421713499680282933e-01,5.871208446978296580e-01,4.703719026824410565e-01,1.555303989913176532e-01,-1.397298987912858337e-01,3.916029923506199051e-01,2.605701886539212864e-01,-1.911428122516018180e-01,3.479414583855300336e-02,6.095111037701989032e-01
1.385999999999999943e+01,6.000000000000000000e+00,5.447122334159882229e+00,-5.369529210436433386e-01,5.927660008650978973e-01,4.676857224328217488e-01,1.514836571092263440e-01,-1.284987933884682576e-01,3.878978868537252267e-01,2.612760309364886013e-01,-1.791958743040559798e-01,3.579229262170271347e-02,5.934037166993093582e-01
1.388000000000000078e+01,6.000000000000000000e+00,5.454845301150260894e+00,-5.317201747589573868e-01,5.982099499822375321e-01,4.652319509469021730e-01,1.463425173747479047e-01,-1.164851468464966899e-01,3.844421106189427340e-01,2.620019690092297848e-01,-1.662059502837473224e-01,3.680373697090830870e-02,5.729688703071372791e-01
1.390000000000000036e+01,6.000000000000000000e+00,5.462501821313879624e+00,-5.264727065338079548e-01,6.034161082115914176e-01,4.630263165589617591e-01,1.400489764143937055e-01,-1.036806186139447306e-01,3.812567595131255982e-01,2.627482695503636778e-01,-1.521494256508995335e-01,3.782855157593125600e-02,5.479955077918757800e-01
1.391999999999999993e+01,6.000000000000000000e+00,5.470097518047743357e+00,-5.212101064399299322e-01,6.083465742668502374e-01,4.610847262023444748e-01,1.325536808633437647e-01,-9.007549187261787438e-02,3.783634016939222411e-01,2.635152006919042611e-01,-1.370026858657366065e-01,3.886680912653299458e-02,5.183110596593598629e-01
1.393999999999999950e+01,6.000000000000000000e+00,5.477638450834916739e+00,-5.159319591718800613e-01,6.129623839687456943e-01,4.594232968840571418e-01,1.238182712344910313e-01,-7.565826774516537512e-02,3.757840776097767788e-01,2.643030320196606553e-01,-1.207421163884817711e-01,3.991858231247501221e-02,4.837898033151217247e-01
1.396000000000000085e+01,6.000000000000000000e+00,5.485131124690342475e+00,-5.106378440179610845e-01,6.172238096329033530e-01,4.580583954925377399e-01,1.138178722823262184e-01,-6.041524216687932380e-02,3.735412999999287442e-01,2.651120345732372319e-01,-1.033441026793589512e-01,4.098394382351876197e-02,4.443611946829032489e-01
1.398000000000000043e+01,6.000000000000000000e+00,5.492582499606655233e+00,-5.053273348311454471e-01,6.210907038676832803e-01,4.570066871973819111e-01,1.025436635360658794e-01,-4.433007521068077494e-02,3.716580538944133649e-01,2.659424808460337797e-01,-8.478503019859183476e-02,4.206296634942569002e-02,4.000178979013967462e-01
1.400000000000000000e+01,7.000000000000000000e+00,5.500000000000000000e+00,-5.000000000000000000e-01,6.245228861991273250e-01,4.562851924841105355e-01,9.000543600372357123e-02,-3.683705595499198182e-02,3.701577966140612297e-01,2.667946447852451164e-01,-6.504128440640410957e-02,4.315572257995725636e-02,3.508232077228162216e-01
1.401999999999999957e+01,7.000000000000000000e+00,5.507389507882209045e+00,-4.946569184003145048e-01,6.274689616013384708e-01,4.555332049591822585e-01,7.601012345304851425e-02,-4.729706062064664707e-02,3.687614482620577561e-01,2.674425080200490967e-01,-7.450446854487159654e-02,2.185312217657815748e-02,2.960421627035008107e-01
1.403999999999999915e+01,7.000000000000000000e+00,5.514749231612784186e+00,-4.893050514989316646e-01,6.299295794681241123e-01,4.543933100592846830e-01,6.304164267330229776e-02,-6.613598976034218424e-02,3.671811450289059753e-01,2.676775802376709645e-01,-8.343857918739391866e-02,1.872106577611601244e-03,2.453849952926606126e-01
1.406000000000000050e+01,7.000000000000000000e+00,5.522075597186135276e+00,-4.839523926049477121e-01,6.319403752194685531e-01,4.528877653687684579e-01,5.099281796915066528e-02,-8.386388114052678588e-02,3.654273599845553333e-01,2.675260222771513319e-01,-9.185445633091021689e-02,-1.681440992169491028e-02,1.983948000417413704e-01
1.408000000000000007e+01,7.000000000000000000e+00,5.529365237890070617e+00,-4.786064172278192697e-01,6.335340684612015272e-01,4.510387548136636227e-01,3.977257738786328656e-02,-1.004862387424658721e-01,3.635103493990166079e-01,2.670134532634358404e-01,-9.976293997235965993e-02,-3.423351302609387720e-02,1.546882883888320015e-01
1.409999999999999964e+01,7.000000000000000000e+00,5.536614989969798728e+00,-4.732740939116448775e-01,6.347408971360931629e-01,4.488683158190698852e-01,2.930416155204328132e-02,-1.160119534104886441e-01,3.614401527423617422e-01,2.661649506073752725e-01,-1.071748701086814304e-01,-5.041228844033775885e-02,1.139457826750186059e-01
1.411999999999999922e+01,7.000000000000000000e+00,5.543821888291933675e+00,-4.679618950694471868e-01,6.355889983717473157e-01,4.463982766772441879e-01,1.952357946378175529e-02,-1.304528330616196996e-01,3.592265926847240110e-01,2.650050500057250513e-01,-1.141010867368147108e-01,-6.537782186917906468e-02,7.590305323222540368e-02
1.414000000000000057e+01,7.000000000000000000e+00,5.550983162008494176e+00,-4.626758078174545430e-01,6.361047442585067158e-01,4.436502024966049174e-01,1.037828989586852581e-02,-1.438232067939431147e-01,3.568792750962974658e-01,2.635577454411457410e-01,-1.205524298536986422e-01,-7.915719901737028330e-02,4.034465509552133400e-02
1.416000000000000014e+01,7.000000000000000000e+00,5.558096230220896494e+00,-4.574213448093831236e-01,6.363130393636224902e-01,4.406453484054863590e-01,1.826083660047292910e-03,-1.561395891529500091e-01,3.544075890473381563e-01,2.618464891822029905e-01,-1.265397394562724764e-01,-9.177750558966396577e-02,7.098486646420282091e-03
1.417999999999999972e+01,7.000000000000000000e+00,5.565158697643965979e+00,-4.522035550707183549e-01,6.362375855992815632e-01,4.374046189304870436e-01,-6.165858621361826331e-03,-1.674203933935203281e-01,3.518207068081625755e-01,2.598941917833669235e-01,-1.320738555414752713e-01,-1.032658272908124758e-01,-2.396865601568834436e-02
1.419999999999999929e+01,7.000000000000000000e+00,5.572168350269935289e+00,-4.470270348329975496e-01,6.359011190668527602e-01,4.339485326697457013e-01,-1.362175783541020452e-02,-1.776856846177743421e-01,3.491275838491487149e-01,2.577232220850130817e-01,-1.371656181062462787e-01,-1.136492498255684130e-01,-5.295471492342666148e-02
1.422000000000000064e+01,7.000000000000000000e+00,5.579123151032446160e+00,-4.418959383680917674e-01,6.353256226615258129e-01,4.302971915457757812e-01,-2.055789991438207107e-02,-1.869569652953089189e-01,3.463369588407358979e-01,2.553554072134217590e-01,-1.418258671475245980e-01,-1.229548588986842245e-01,-7.992535087897773005e-02
1.424000000000000021e+01,7.000000000000000000e+00,5.586021235470549406e+00,-4.368139888224867873e-01,6.345325175108532667e-01,4.264702540579332624e-01,-2.698319299973437821e-02,-1.952569869734404051e-01,3.434573536534247795e-01,2.528120325807782232e-01,-1.460654426622494118e-01,-1.312097402149123848e-01,-1.049163990781693395e-01
1.425999999999999979e+01,7.000000000000000000e+00,5.592860907392705805e+00,-4.317844890515660783e-01,6.335428357137581346e-01,4.224869120668383049e-01,-3.289963795337325775e-02,-2.026095830340803872e-01,3.404970733577766806e-01,2.501138418851727718e-01,-1.498951846473600413e-01,-1.384409794790054660e-01,-1.279359111082596367e-01
1.427999999999999936e+01,7.000000000000000000e+00,5.599640634540786976e+00,-4.268103324538920496e-01,6.323773763242708235e-01,4.183658707365702778e-01,-3.830273040538058338e-02,-2.090395182050119871e-01,3.374642062244148644e-01,2.472810371106005933e-01,-1.533259330997954473e-01,-1.446756623957158872e-01,-1.489658802928628401e-01
1.430000000000000071e+01,7.000000000000000000e+00,5.606359044254078050e+00,-4.218940138054882438e-01,6.310568460713934513e-01,4.141253313386374924e-01,-4.318181123242385150e-02,-2.145723512325883320e-01,3.343666237240230932e-01,2.443332785269616836e-01,-1.563685280164948954e-01,-1.499408746697961092e-01,-1.679637364130531219e-01
1.432000000000000028e+01,7.000000000000000000e+00,5.613014919133282099e+00,-4.170376400941210315e-01,6.296019859110466577e-01,4.097829766872665425e-01,-4.752038133250726520e-02,-2.192343077039637933e-01,3.312119805273469608e-01,2.412896846900612347e-01,-1.590338093943975406e-01,-1.542637020059986763e-01,-1.848636876020104125e-01
1.433999999999999986e+01,7.000000000000000000e+00,5.619607192704514809e+00,-4.122429413535818599e-01,6.280336841587795815e-01,4.053559590304791627e-01,-5.129639580747565736e-02,-2.230521604993782603e-01,3.280077145051929488e-01,2.381688324416092462e-01,-1.613326172304426209e-01,-1.576712301090761326e-01,-1.995779810623721229e-01
1.435999999999999943e+01,7.000000000000000000e+00,5.626134945083307137e+00,-4.075112814979688913e-01,6.263730766457328292e-01,4.008608902672916030e-01,-5.448255218095533065e-02,-2.260531157796794588e-01,3.247610467284288704e-01,2.349887569092207473e-01,-1.632757915215692912e-01,-1.601905446837808833e-01,-2.119981496544151023e-01
1.438000000000000078e+01,7.000000000000000000e+00,5.632597398638606201e+00,-4.028436691559684202e-01,6.246416340701493874e-01,3.963138343992917423e-01,-5.704658705657367213e-02,-2.282647027910194026e-01,3.214789814679834823e-01,2.317669515064155472e-01,-1.648741722647166230e-01,-1.618487314348654726e-01,-2.219963078791237776e-01
1.440000000000000036e+01,7.000000000000000000e+00,5.638993913656787704e+00,-3.982407685051379542e-01,6.228612364790162559e-01,3.917303021556506892e-01,-5.895159564622388243e-02,-2.297146661114943811e-01,3.181683061948470947e-01,2.285203679326186232e-01,-1.661385994568238544e-01,-1.626728760670823337e-01,-2.294265579091123997e-01
1.441999999999999993e+01,7.000000000000000000e+00,5.645323984005633733e+00,-3.937029101061871872e-01,6.210542346071091790e-01,3.871252477548321469e-01,-6.015638885340388042e-02,-2.304308592856436633e-01,3.148355915800711280e-01,2.252654161731596494e-01,-1.670799130948301126e-01,-1.626900642851839551e-01,-2.341265637097840746e-01
1.443999999999999950e+01,7.000000000000000000e+00,5.651587232798362059e+00,-3.892301017372600813e-01,6.192434976228963217e-01,3.825130677842251137e-01,-6.061590305676791551e-02,-2.304411391011864652e-01,3.114871914947682785e-01,2.220179644992736345e-01,-1.677089531756745799e-01,-1.619273817939229088e-01,-2.359193485719643657e-01
1.446000000000000085e+01,7.000000000000000000e+00,5.657783408057605712e+00,-3.848220392282171165e-01,6.174524466825590530e-01,3.779076021907843974e-01,-6.028167836380534522e-02,-2.297732600659028179e-01,3.081292430101122970e-01,2.187933394681001731e-01,-1.680365596962964947e-01,-1.604119142980516000e-01,-2.346153681901966825e-01
1.448000000000000043e+01,7.000000000000000000e+00,5.663912378379423629e+00,-3.804781172949168178e-01,6.157050735757887416e-01,3.733221373815888144e-01,-5.910242182927677446e-02,-2.284547689458751307e-01,3.047676663973382660e-01,2.156063259226839168e-01,-1.680735726536350116e-01,-1.581707475023226284e-01,-2.300149074256952197e-01
1.450000000000000000e+01,7.000000000000000000e+00,5.669974128597297991e+00,-3.761974403734975048e-01,6.140259436616911648e-01,3.687694114329496120e-01,-5.702467285557210469e-02,-2.265128995330289996e-01,3.014081651277424889e-01,2.124711669919746304e-01,-1.678308320446292301e-01,-1.552309671114883161e-01,-2.219108437618458052e-01
1.451999999999999957e+01,7.000000000000000000e+00,5.675968755446139546e+00,-3.719788334546597075e-01,6.124401822423009012e-01,3.642616214002679098e-01,-5.399358855716611394e-02,-2.239744681200708243e-01,2.980562258726824343e-01,2.094015640908267195e-01,-1.673191778662183604e-01,-1.516196588303012904e-01,-2.100918138836562199e-01
1.453999999999999915e+01,7.000000000000000000e+00,5.681896463226288496e+00,-3.678208529179479713e-01,6.109734435075303560e-01,3.598104327081469433e-01,-4.995386705263224481e-02,-2.208657704747842843e-01,2.947171185035769025e-01,2.064106769199998692e-01,-1.665494501153416129e-01,-1.473639083635140401e-01,-1.943458115064885527e-01
1.456000000000000050e+01,7.000000000000000000e+00,5.687757559467510937e+00,-3.637217973660323289e-01,6.096518612117008962e-01,3.554269905812763031e-01,-4.485082613072876451e-02,-2.172124814195353082e-01,2.913958960919056373e-01,2.035111234661585167e-01,-1.655324887889381147e-01,-1.424908014158790814e-01,-1.744642342945565416e-01
1.458000000000000007e+01,7.000000000000000000e+00,5.693552450593002412e+00,-3.596797184589903273e-01,6.085019803111426651e-01,3.511219334513654422e-01,-3.863165310532516022e-02,-2.130395584302640088e-01,2.880973949092098807e-01,2.007149800018719898e-01,-1.642791338839470761e-01,-1.370274236921487365e-01,-1.502463852435214076e-01
1.459999999999999964e+01,7.000000000000000000e+00,5.699281637583392346e+00,-3.556924317485895548e-01,6.075506689075864664e-01,3.469054082440659048e-01,-3.124683840479895378e-02,-2.083711509660286509e-01,2.848262344270920954e-01,1.980337810856147851e-01,-1.628002253973075408e-01,-1.310008608970756327e-01,-1.215044191131628981e-01
1.461999999999999922e+01,7.000000000000000000e+00,5.704945711640744932e+00,-3.517575275125687795e-01,6.068250100058987240e-01,3.427870874127244560e-01,-2.265179992009175650e-02,-2.032305175143918063e-01,2.815868173172156319e-01,1.954785195617662619e-01,-1.611066033259589136e-01,-1.244381987354122171e-01,-8.806870732268526347e-02
1.464000000000000057e+01,7.000000000000000000e+00,5.710545349852551134e+00,-3.478723815889200321e-01,6.063521728094026786e-01,3.387761875434900372e-01,-1.280869669710045858e-02,-1.976399525799301671e-01,2.783833294513054502e-01,1.930596465606105316e-01,-1.592091076668401550e-01,-1.173665229119110198e-01,-4.979357519756726080e-02
1.466000000000000014e+01,7.000000000000000000e+00,5.716081310855745556e+00,-3.440341662101708553e-01,6.061592635432424547e-01,3.348814893095270473e-01,-1.688418571876397923e-03,-1.916207260389040101e-01,2.752197399011475643e-01,1.907870714983369853e-01,-1.571185784168905031e-01,-1.098129191313245989e-01,-6.563343736839919937e-03
1.467999999999999972e+01,7.000000000000000000e+00,5.721554430500693122e+00,-3.402398608376658307e-01,6.062731561168229755e-01,3.311113585019340166e-01,1.072727765244780272e-02,-1.851930374190331463e-01,2.720998009385890981e-01,1.886701620770397658e-01,-1.548458555730491404e-01,-1.018044730984052487e-01,4.170141554924150507e-02
1.469999999999999929e+01,7.000000000000000000e+00,5.726965617515197060e+00,-3.364862629958484952e-01,6.067203033101031817e-01,3.274737678127659368e-01,2.444353500468268714e-02,-1.783759877241202219e-01,2.690270480355385629e-01,1.867177442847179902e-01,-1.524017791322552773e-01,-9.336827051790563825e-02,9.503752923245978312e-02
1.472000000000000064e+01,7.000000000000000000e+00,5.732315849168504229e+00,-3.327699991065437013e-01,6.075265295938342414e-01,3.239763189929689702e-01,3.945013937821720967e-02,-1.711875713937462962e-01,2.660047998639657463e-01,1.849381023952757774e-01,-1.497971890914480686e-01,-8.453139709457827000e-02,1.534329163125009998e-01
1.474000000000000021e+01,7.000000000000000000e+00,5.737606166935292684e+00,-3.290875353232388112e-01,6.087168071674953218e-01,3.206262649570160161e-01,5.571933806964936287e-02,-1.636446908539923584e-01,2.630361582959012678e-01,1.833389789685221372e-01,-1.470429254475665581e-01,-7.532093853317542442e-02,2.168204963403679020e-01
1.475999999999999979e+01,7.000000000000000000e+00,5.742837672159688545e+00,-3.254351883653659461e-01,6.103150173153482072e-01,3.174305313588093869e-01,7.320385896800991887e-02,-1.557631958637335501e-01,2.601240084034373012e-01,1.819275748501709145e-01,-1.441498281975500395e-01,-6.576398053844975666e-02,2.850725037990834432e-01
1.477999999999999936e+01,7.000000000000000000e+00,5.748011521719258887e+00,-3.218091363525841797e-01,6.123436997329326781e-01,3.143957371224667674e-01,9.183527770462722450e-02,-1.475579494808991754e-01,2.572710184587272408e-01,1.807105491718412338e-01,-1.411287373383376398e-01,-5.588760881515365819e-02,3.579954230369815638e-01
1.480000000000000071e+01,7.000000000000000000e+00,5.753128923689015295e+00,-3.182054296390610659e-01,6.148237930526586625e-01,3.115282133795732600e-01,1.115228939905773681e-01,-1.390429219594357946e-01,2.544796399339855353e-01,1.796940193510568884e-01,-1.379904928668686526e-01,-4.571890906803984661e-02,4.353257755764452508e-01
1.482000000000000028e+01,7.000000000000000000e+00,5.758191133005411189e+00,-3.146200016477545547e-01,6.177743703837970113e-01,3.088340202440892357e-01,1.321532790367511978e-01,-1.302313132385650718e-01,2.517521075014879095e-01,1.788835610912467289e-01,-1.347459347800820384e-01,-3.528496700186046359e-02,5.167270029786656949e-01
1.483999999999999986e+01,7.000000000000000000e+00,5.763199447130351594e+00,-3.110486797046949636e-01,6.212123742611413979e-01,3.063189608500307970e-01,1.535906388210279416e-01,-1.211357039072433750e-01,2.490904390335714480e-01,1.782842083817446077e-01,-1.314059030749172019e-01,-2.461286832136848346e-02,6.017876915751709799e-01
1.485999999999999943e+01,7.000000000000000000e+00,5.768155201715180702e+00,-3.074871958732669497e-01,6.251523559459108981e-01,3.039885920877996028e-01,1.756781001569907574e-01,-1.117682336312357805e-01,2.464964356026342340e-01,1.779004534977891017e-01,-1.279812377483130759e-01,-1.372969873131585881e-02,6.900213781464432650e-01
1.488000000000000078e+01,7.000000000000000000e+00,5.773059766264696968e+00,-3.039311977884912030e-01,6.296062245159937953e-01,3.018482315047812392e-01,1.982399681020367843e-01,-1.021408050406824586e-01,2.439716814811356271e-01,1.777362470005240669e-01,-1.244827787972089400e-01,-2.662543936455329802e-03,7.808681559780293879e-01
1.490000000000000036e+01,7.000000000000000000e+00,5.777914539801149552e+00,-3.003762594913068074e-01,6.345830115905373159e-01,2.999029598861722157e-01,2.210849282072444022e-01,-9.226531002359994460e-02,2.415175441415962632e-01,1.777949977369979728e-01,-1.209213662185440324e-01,8.561510358460521289e-03,8.736982668746315905e-01
1.491999999999999993e+01,7.000000000000000000e+00,5.782720946528235650e+00,-2.968178922628524341e-01,6.400886578233864199e-01,2.981576191038373125e-01,2.440100835519899980e-01,-8.215387429687126541e-02,2.391351742565980265e-01,1.780795728401644573e-01,-1.173078400092573970e-01,1.991537844867935503e-02,9.678178154124017496e-01
1.493999999999999950e+01,7.000000000000000000e+00,5.787480431495106714e+00,-2.932515554587489803e-01,6.461258274364775067e-01,2.966168049142974272e-01,2.668056357288046132e-01,-7.181911508088667517e-02,2.368255056987838558e-01,1.785922977288820768e-01,-1.136530401662882994e-01,3.137197462944861515e-02,1.062476676527844832e+00
1.496000000000000085e+01,7.000000000000000000e+00,5.792194456260362223e+00,-2.896726673433807631e-01,6.526937570139670353e-01,2.952848545006017678e-01,2.892599534647384840e-01,-6.127440574486797686e-02,2.345892555408580216e-01,1.793349561079143617e-01,-1.099678066865758669e-01,4.290421319601573497e-02,1.156878587161693339e+00
1.498000000000000043e+01,7.000000000000000000e+00,5.796864494556067449e+00,-2.860766159241782125e-01,6.597881445094432307e-01,2.941658286845026948e-01,3.111647334108689766e-01,-5.053414047966064970e-02,2.324269240555860983e-01,1.803087899679297057e-01,-1.062629795670592958e-01,5.448500844362839934e-02,1.250193319161448047e+00
1.500000000000000000e+01,7.000000000000000000e+00,5.801492027951733021e+00,-2.824587697858989555e-01,6.674010839069595136e-01,2.932634888814154017e-01,3.323199516850271484e-01,-3.961399145666000265e-02,2.303387947157947702e-01,1.815144995855014487e-01,-1.025493988046777272e-01,6.608727466753397395e-02,1.341570727624586512e+00
1.501999999999999957e+01,7.000000000000000000e+00,5.806078541518333580e+00,-2.788144889249103420e-01,6.755210502062574118e-01,2.925812690262363236e-01,3.525383329952992972e-01,-2.853115060576971729e-02,2.283249341943718591e-01,1.829522435231080157e-01,-9.883790439637037128e-02,7.768392616298004649e-02,1.430156361574430157e+00
1.503999999999999915e+01,7.000000000000000000e+00,5.810625519492294444e+00,-2.751391355834709174e-01,6.841329383707612788e-01,2.921222428571846330e-01,3.716491214153000988e-01,-1.730454814302362365e-02,2.263851923642665187e-01,1.846216386291325562e-01,-9.513933633907636911e-02,8.924787722521408673e-02,1.515108219011401136e+00
1.506000000000000050e+01,7.000000000000000000e+00,5.815134440939510263e+00,-2.714280850840127268e-01,6.932181585970550453e-01,2.918890871005153098e-01,3.895010130903343026e-01,-5.955040336066197426e-03,2.245192022984891511e-01,1.865217600378634710e-01,-9.146453462973488935e-02,1.007520421494835644e-01,1.595614133788013200e+00
1.508000000000000007e+01,7.000000000000000000e+00,5.819606775419328137e+00,-2.676767366634227874e-01,7.027547887679554961e-01,2.918840412437419540e-01,4.059641938966578323e-01,5.494440270846112639e-03,2.227263802701111572e-01,1.886511411694938023e-01,-8.782433926528510071e-02,1.121693352310361297e-01,1.670909205738924319e+00
1.509999999999999964e+01,7.000000000000000000e+00,5.824043978648562714e+00,-2.638805243073253926e-01,7.127177832882526376e-01,2.921088647113491699e-01,4.209315023181740556e-01,1.701877784895255985e-02,2.210059257522655196e-01,1.910077737301217882e-01,-8.422959024266621353e-02,1.234726707651191413e-01,1.740292636090069234e+00
1.512000000000000099e+01,7.000000000000000000e+00,5.828447488165488188e+00,-2.600349275843636954e-01,7.230792357406923276e-01,2.925647923577000542e-01,4.343188002080625720e-01,2.859061373661742067e-02,2.193568214181460529e-01,1.935891077117504466e-01,-8.069112755881735488e-02,1.346349630469801106e-01,1.803143314191319124e+00
1.514000000000000057e+01,7.000000000000000000e+00,5.832818718993845408e+00,-2.561354824804817354e-01,7.338086910226728765e-01,2.932524892608139311e-01,4.460646763141433713e-01,4.018033688838951178e-02,2.177778331410080981e-01,1.963920513922878253e-01,-7.721979121067769347e-02,1.456291263718667017e-01,1.858933523730792681e+00
1.516000000000000014e+01,7.000000000000000000e+00,5.837159059306840980e+00,-2.521777922332064659e-01,7.448735009240202709e-01,2.941720058332356058e-01,4.561296282496160592e-01,5.175612497133030843e-02,2.162675099941679946e-01,1.994129713355468903e-01,-7.382642119518646739e-02,1.564280750350262039e-01,1.907240198501628292e+00
1.517999999999999972e+01,7.000000000000000000e+00,5.841469866091148155e+00,-2.481575381659294199e-01,7.562392155787581727e-01,2.953227342596670968e-01,4.644948701576657735e-01,6.328403479344135718e-02,2.148241842510033583e-01,2.026476923912456374e-01,-7.052185750928278984e-02,1.670047233317062396e-01,1.947753257714372577e+00
1.519999999999999929e+01,7.000000000000000000e+00,5.845752460810907714e+00,-2.440704905221886545e-01,7.678700019600471771e-01,2.967033672249732024e-01,4.711608999888650673e-01,7.472813882317197454e-02,2.134459713849531648e-01,2.060914976950069255e-01,-6.731694014990580177e-02,1.773319855571544867e-01,1.980280683354920024e+00
1.522000000000000064e+01,7.000000000000000000e+00,5.850008125071727960e+00,-2.399125192999509160e-01,7.797290796657220247e-01,2.983118598125940046e-01,4.761459373150879193e-01,8.605070279099003017e-02,2.121307700695173881e-01,2.097391286683586153e-01,-6.422250911399474127e-02,1.873827760066180959e-01,2.004750158438950436e+00
1.524000000000000021e+01,7.000000000000000000e+00,5.854238096284693604e+00,-2.356796050858932512e-01,7.917791637204187882e-01,3.001453953366129412e-01,4.794843150286604572e-01,9.721239786160840168e-02,2.108762621782573343e-01,2.135847850187334029e-01,-6.124940439848871460e-02,1.971300089753449669e-01,2.021207253928719805e+00
1.525999999999999979e+01,7.000000000000000000e+00,5.858443563330354209e+00,-2.313678498896849511e-01,8.039829040317884035e-01,3.022003557270582230e-01,4.812248803951591491e-01,1.081725397180868242e-01,2.096799127847955302e-01,2.176221247394691527e-01,-5.840846600032698066e-02,2.065465987585822227e-01,2.029810320882458274e+00
1.527999999999999936e+01,7.000000000000000000e+00,5.862625662222739287e+00,-2.269734879782695502e-01,8.163033114863539330e-01,3.044722969253363387e-01,4.814294358999652856e-01,1.188893461684434882e-01,2.085389701628156955e-01,2.218442641098084533e-01,-5.571053391644861796e-02,2.156054596515777078e-01,2.030822400391975258e+00
1.530000000000000071e+01,7.000000000000000000e+00,5.866785471773346750e+00,-2.224928967101466870e-01,8.287041614294815561e-01,3.069559295737960825e-01,4.801712301603898170e-01,1.293202045998089744e-01,2.074504657860627710e-01,2.262437776948989510e-01,-5.316644814379287154e-02,2.242795059495786558e-01,2.024600595665076330e+00
1.532000000000000028e+01,7.000000000000000000e+00,5.870924009255152676e+00,-2.179226073696539645e-01,8.411503663910575579e-01,3.096451051093288553e-01,4.775334948568888960e-01,1.394219407607852901e-01,2.064112143283429179e-01,2.308126983457933212e-01,-5.078704867929884070e-02,2.325416519478328281e-01,2.011583449397442713e+00
1.533999999999999986e+01,7.000000000000000000e+00,5.875042226066611306e+00,-2.132593160012489497e-01,8.536083113194016248e-01,3.125328072042273808e-01,4.736080153393295022e-01,1.491510809116398661e-01,2.054178136635234631e-01,2.355425171994489641e-01,-4.858317551990573580e-02,2.403648119415874862e-01,1.992276929897190740e+00
1.535999999999999943e+01,7.000000000000000000e+00,5.879141003395650600e+00,-2.084998942437909231e-01,8.660461461815406325e-01,3.156111483457943456e-01,4.684937198438015038e-01,1.584641002807432031e-01,2.044666448655330648e-01,2.404241836787284758e-01,-4.656566866255276022e-02,2.477219002260903635e-01,1.967239649568692572e+00
1.538000000000000078e+01,7.000000000000000000e+00,5.883221147883682889e+00,-2.036414001648229610e-01,8.784340324823050050e-01,3.188713712154572222e-01,4.622952742338609644e-01,1.673176519214703006e-01,2.035538722083615193e-01,2.454481054923992600e-01,-4.474536810417904104e-02,2.545858310965887772e-01,1.937067921266125481e+00
1.540000000000000036e+01,7.000000000000000000e+00,5.887283387289594216e+00,-1.986810890948536301e-01,8.907443419532620199e-01,3.223038544226533020e-01,4.551216746953498093e-01,1.756687713836733167e-01,2.026754431660597877e-01,2.506041486351336389e-01,-4.313311384172373308e-02,2.609295188483303773e-01,1.902381206733192442e+00
1.541999999999999993e+01,7.000000000000000000e+00,5.891328366153762985e+00,-1.936164244616391528e-01,9.029518072792549477e-01,3.258981220708040416e-01,4.470848385495908017e-01,1.834750540032477062e-01,2.018270884127401910e-01,2.558816373875090200e-01,-4.173974587212607446e-02,2.667258777765625366e-01,1.863808434153078730e+00
1.543999999999999950e+01,7.000000000000000000e+00,5.895356641462036862e+00,-1.884450886244649348e-01,9.150336261935517745e-01,3.296428565827830837e-01,4.382982019535818230e-01,1.906948029850887849e-01,2.010043218225761041e-01,2.612693543160076737e-01,-4.057610419232516447e-02,2.719478221765329051e-01,1.821975567293840026e+00
1.546000000000000085e+01,7.000000000000000000e+00,5.899368678309758529e+00,-1.831649937084278146e-01,9.269695215284733392e-01,3.335259141902077729e-01,4.288753414541897624e-01,1.972871477340572000e-01,2.002024404698022342e-01,2.667555402730169001e-01,-3.965302879926021346e-02,2.765682663434889110e-01,1.777494705645081385e+00
1.548000000000000043e+01,7.000000000000000000e+00,5.903364845565751473e+00,-1.777742924387179513e-01,9.387417608226261700e-01,3.375343424921455893e-01,4.189286430693999197e-01,2.032121330186598129e-01,1.994165246287145365e-01,2.723278943968288068e-01,-3.898135968987037625e-02,2.805601245726780935e-01,1.730954891462948897e+00
1.550000000000000000e+01,7.000000000000000000e+00,5.907345411536325308e+00,-1.722713889749004357e-01,9.503351398434425334e-01,3.416543995109539988e-01,4.085680469763908196e-01,2.084307804944067755e-01,1.986414377736700210e-01,2.779735741116405867e-01,-3.857193686109483544e-02,2.838963111593479915e-01,1.682914702638991677e+00
1.551999999999999957e+01,7.000000000000000000e+00,5.911310539629279326e+00,-1.666549497451974005e-01,9.617369348869072576e-01,3.458715737119217315e-01,3.978998975312982300e-01,2.129051248486604209e-01,1.978718265790870290e-01,2.836791951275542401e-01,-3.843560030987276666e-02,2.865497403987460334e-01,1.633896624958565580e+00
1.553999999999999915e+01,7.000000000000000000e+00,5.915260284017898940e+00,-1.609239142807699363e-01,9.729368289817226234e-01,3.501706045049001736e-01,3.870259271366822129e-01,2.165982273531170677e-01,1.971021209194451507e-01,2.894308314405769078e-01,-3.858319003314331086e-02,2.884933265861198137e-01,1.584383126957099375e+00
1.556000000000000050e+01,7.000000000000000000e+00,5.919194585304964562e+00,-1.550775060499999525e-01,9.839268171799748774e-01,3.545355028060466207e-01,3.760423986668004481e-01,2.194741699358946363e-01,1.963265338692851136e-01,2.952140153326205940e-01,-3.902554602784566451e-02,2.896999840167168161e-01,1.534814306804107131e+00
1.558000000000000007e+01,7.000000000000000000e+00,5.923113266186742720e+00,-1.491152432927719540e-01,9.947010959948491271e-01,3.589495713023361789e-01,3.650394252996144728e-01,2.214980330320344137e-01,1.955390617032088385e-01,3.010137373715020548e-01,-3.977350829091899631e-02,2.901426269857844131e-01,1.485586943515729619e+00
1.559999999999999964e+01,7.000000000000000000e+00,5.927016027116995822e+00,-1.430369498547552076e-01,1.005255941785705209e+00,3.633954241273278374e-01,3.541004794181282223e-01,2.226358604686762277e-01,1.947334838958796055e-01,3.068144464109434089e-01,-4.083791681930247497e-02,2.897941697885703660e-01,1.437054763205874552e+00
1.562000000000000099e+01,7.000000000000000000e+00,5.930902441970978600e+00,-1.368427660216853803e-01,1.015589582529914603e+00,3.678550057210833724e-01,3.433020945384896994e-01,2.228546145189191918e-01,1.939033631220217491e-01,3.126000495905713050e-01,-4.222961160993526919e-02,2.886275267203219363e-01,1.389529723109499848e+00
1.564000000000000057e+01,7.000000000000000000e+00,5.934771953709442549e+00,-1.305331593536466495e-01,1.025702066995369144e+00,3.723096087080848826e-01,3.327137567723577050e-01,2.221221240481519033e-01,1.930420452564209355e-01,3.183539123359177547e-01,-4.395943265975654768e-02,2.866156120762867188e-01,1.343284119365641072e+00
1.566000000000000014e+01,7.000000000000000000e+00,5.938623870042634145e+00,-1.241089355193533972e-01,1.035595134870004319e+00,3.767398906830092820e-01,3.223979757900887755e-01,2.204070284090562382e-01,1.921426593739239685e-01,3.240588583584192439e-01,-4.603821996570549996e-02,2.837313401517123079e-01,1.298553336496077737e+00
1.567999999999999972e+01,7.000000000000000000e+00,5.942457359094298397e+00,-1.175712491304323898e-01,1.045272090942994225e+00,3.811258898444469523e-01,3.124105200954588879e-01,2.176787194419844695e-01,1.911981177494389561e-01,3.296971696554175102e-01,-4.847681352472124616e-02,2.799476252418461319e-01,1.255539074708756697e+00
1.569999999999999929e+01,7.000000000000000000e+00,5.946271445065676176e+00,-1.109216145757042082e-01,1.054737685989474816e+00,3.854470394606884232e-01,3.028007979279325745e-01,2.139072836288598012e-01,1.902011158579350603e-01,3.352505865101593763e-01,-5.128605333374301745e-02,2.752373816419357855e-01,1.214412913401282212e+00
1.572000000000000064e+01,7.000000000000000000e+00,5.950065003899513094e+00,-1.041619168554657748e-01,1.063998006604881530e+00,3.896821811896014620e-01,2.936123633597320093e-01,2.090634461506795105e-01,1.891441323744429137e-01,3.407003074917963614e-01,-5.447677938970995476e-02,2.695735236472286966e-01,1.175320093707510782e+00
1.574000000000000021e+01,7.000000000000000000e+00,5.953836758944052399e+00,-9.729442241577175576e-02,1.073060375880039441e+00,3.938095773067158412e-01,2.848835270785468055e-01,2.031185183235972858e-01,1.880194291740541201e-01,3.460269894553849035e-01,-5.805983168956123375e-02,2.629289655529724046e-01,1.138383428197853542e+00
1.575999999999999979e+01,7.000000000000000000e+00,5.957585276617041181e+00,-9.032178998271669923e-02,1.081933266514006009e+00,3.978069219225451869e-01,2.766480527570830961e-01,1.960443496489165938e-01,1.868190513319216428e-01,3.512107475418865810e-01,-6.204605023023604393e-02,2.552766216544142819e-01,1.103707270905997184e+00
1.577999999999999936e+01,7.000000000000000000e+00,5.961308962069730377e+00,-8.324708139671685436e-02,1.090626227735578935e+00,4.016513512926723206e-01,2.689359225611738236e-01,1.878132855148422209e-01,1.855348271232595825e-01,3.562311551781677799e-01,-6.644627500867353320e-02,2.465894062468020898e-01,1.071381505103039311e+00
1.580000000000000071e+01,7.000000000000000000e+00,5.965006054850874762e+00,-7.607377244679205952e-02,1.099149827251503009e+00,4.053194533431389579e-01,2.617741589784878808e-01,1.783981314382536709e-01,1.841583680233433440e-01,3.610672440769999159e-01,-7.127134602181287026e-02,2.368402336253830898e-01,1.041485529428258117e+00
1.582000000000000028e+01,7.000000000000000000e+00,5.968674624570735610e+00,-6.880576370484774162e-02,1.107515609364020381e+00,4.087872765502026384e-01,2.551876945253382378e-01,1.677721246378389708e-01,1.826810687075094974e-01,3.656975042370593787e-01,-7.653210326659323770e-02,2.260020180854049321e-01,1.014092245193362718e+00
1.583999999999999986e+01,7.000000000000000000e+00,5.972312566565082470e+00,-6.144739135995670731e-02,1.115736070406668778e+00,4.120303383286523791e-01,2.492002858298479062e-01,1.559089136888900384e-01,1.810941070511557505e-01,3.700998839429273657e-01,-8.223938673995379034e-02,2.140476739221151004e-01,9.892720692777856595e-01
1.585999999999999943e+01,7.000000000000000000e+00,5.975917597559193162e+00,-5.400343805264110064e-02,1.123824652740344598e+00,4.150236330977581378e-01,2.438354739905489177e-01,1.427825470291992360e-01,1.793884441297411980e-01,3.742517897650902148e-01,-8.840403643883372464e-02,2.009501154307611337e-01,9.670970186784313416e-01
1.588000000000000078e+01,7.000000000000000000e+00,5.979487251331852882e+00,-4.647914370915427057e-02,1.131795758738815438e+00,4.177416402098204085e-01,2.391175989516494127e-01,1.283674711702307292e-01,1.775548242187860171e-01,3.781300865599390715e-01,-9.503689236017216768e-02,1.866822569065905157e-01,9.476449354027839389e-01
1.590000000000000036e+01,7.000000000000000000e+00,5.983018874379362195e+00,-3.888021637576272865e-02,1.139664786484475334e+00,4.201583319445675313e-01,2.350728819948660342e-01,1.126385396264328875e-01,1.755837747938716609e-01,3.817110974697701109e-01,-1.021487945009083714e-01,1.712170126448506746e-01,9.310039452496609025e-01
1.591999999999999993e+01,7.000000000000000000e+00,5.986509621579529927e+00,-3.121284305302807552e-02,1.147448189306188748e+00,4.222471817948775796e-01,2.317305974973833671e-01,9.557103381905918127e-02,1.734656065306408035e-01,3.849706039227843157e-01,-1.097505828579813242e-01,1.545272969407894548e-01,9.172772727437346063e-01
1.593999999999999950e+01,7.000000000000000000e+00,5.989956451855681152e+00,-2.348370053008858732e-02,1.155163561842755149e+00,4.239811732973298164e-01,2.291243631264487102e-01,7.714069755684960228e-02,1.711904133047972565e-01,3.878838456330878648e-01,-1.178530974283304583e-01,1.365860240896538957e-01,9.065885692212634073e-01
1.596000000000000085e+01,7.000000000000000000e+00,5.993356123840653638e+00,-1.569996621894163488e-02,1.162829756037543127e+00,4.253328096971515371e-01,2.272935870287809135e-01,5.732378716754737979e-02,1.687480721921061355e-01,3.904255206006915779e-01,-1.264671782088947760e-01,1.173661083866917032e-01,8.990879546437797742e-01
1.598000000000000043e+01,7.000000000000000000e+00,5.996705191540803170e+00,-7.869328988725225044e-03,1.170467031403176428e+00,4.262741247840318159e-01,2.262851218512357265e-01,3.609713998713992567e-02,1.661282434683937492e-01,3.925697851115116377e-01,-1.356036651966135154e-01,9.684046412715041630e-02,8.949590299630459933e-01
1.600000000000000000e+01,8.000000000000000000e+00,6.000000000000000000e+00,0.000000000000000000e+00,1.178097245096171308e+00,4.267766952966370875e-01,2.261551892664330210e-01,2.498678538678511529e-02,1.633203706095476271e-01,3.942902537373687566e-01,-1.452733983884257896e-01,7.498200560627749089e-02,8.944271909999251813e-01
1.601999999999999957e+01,8.000000000000000000e+00,6.003238173898139074e+00,7.901993548054465910e-03,1.185617449305618853e+00,4.272735961995031695e-01,2.193453806187793398e-01,3.552644069898924784e-02,1.605373352356262440e-01,3.959677890999471761e-01,-1.331782765940980329e-01,9.258876320636014179e-02,8.665973487987899126e-01
1.603999999999999915e+01,8.000000000000000000e+00,6.006423047170535767e+00,1.584098639594170785e-02,1.192907673835610582e+00,4.281977529245966640e-01,2.122784556699844616e-01,5.617784149423776796e-02,1.579873765251271767e-01,3.979865631756700495e-01,-1.219626078982471440e-01,1.091093573134825634e-01,8.378059128042585346e-01
1.605999999999999872e+01,8.000000000000000000e+00,6.009559106709501108e+00,2.382358747738313673e-02,1.199967694108750260e+00,4.295207098592726536e-01,2.050677947791247901e-01,7.542416069180823968e-02,1.556530928649578205e-01,4.003250615182445404e-01,-1.116076474131767471e-01,1.245646702843008352e-01,8.085191204268225018e-01
1.607999999999999829e+01,8.000000000000000000e+00,6.012650495124057137e+00,3.185597961364562691e-02,1.206799918925482107e+00,4.312147193522689048e-01,1.978184832772142965e-01,9.330092076696772097e-02,1.535174575397795227e-01,4.029621873285110234e-01,-1.020946502511902720e-01,1.389755844754707592e-01,7.791637613121914496e-01
1.610000000000000142e+01,8.000000000000000000e+00,6.015701018237897379e+00,3.994392786648421484e-02,1.213409133853847743e+00,4.332527466899516733e-01,1.906257330385978666e-01,1.098438166980724162e-01,1.515638187320076102e-01,4.058772614544433610e-01,-9.340487152459134301e-02,1.523629822436484427e-01,7.501216431966920561e-01
1.612000000000000099e+01,8.000000000000000000e+00,6.018714152587341992e+00,4.809278789108470398e-02,1.219802229263350801e+00,4.356084720201920391e-01,1.835738407723571941e-01,1.250885733469697669e-01,1.497758995218112787e-01,4.090500223911480715e-01,-8.551956634568341764e-02,1.647477459454897430e-01,7.217264471040449880e-01
1.614000000000000057e+01,8.000000000000000000e+00,6.021693052919297351e+00,5.630751428900641203e-02,1.225987922697763688e+00,4.382562896238303973e-01,1.767356506161137653e-01,1.390708236266053888e-01,1.481377978871136480e-01,4.124606262808649948e-01,-7.841998982677005070e-02,1.761507579376506150e-01,6.942626925859261000e-01
1.616000000000000014e+01,8.000000000000000000e+00,6.024640559689194319e+00,6.459266896112474121e-02,1.231976483899561492e+00,4.411713049652561391e-01,1.701724663937440318e-01,1.518260084129963161e-01,1.466339867035918731e-01,4.160896469129674036e-01,-7.208739708015478309e-02,1.865929005767871518e-01,6.679664751332365924e-01
1.617999999999999972e+01,8.000000000000000000e+00,6.027559206558962046e+00,7.295242946057392541e-02,1.237779469300787971e+00,4.443293299603501278e-01,1.639343440048210698e-01,1.633892980341080658e-01,1.452493137446768390e-01,4.199180757239608930e-01,-6.650304321814110020e-02,1.960950562195551417e-01,6.430276140074099311e-01
1.619999999999999929e+01,8.000000000000000000e+00,6.030451227894976896e+00,8.139059734568958315e-02,1.243409471287858725e+00,4.477068768866203086e-01,1.580606868177427127e-01,1.737955342847250506e-01,1.439690016815534934e-01,4.239273217974848240e-01,-6.164818335303258456e-02,2.046781072226106224e-01,6.195928530057810413e-01
1.621999999999999886e+01,8.000000000000000000e+00,6.033318566266012262e+00,8.991060653295150640e-02,1.248879886113332560e+00,4.512811513317389611e-01,1.525810658580168400e-01,1.830791912755476147e-01,1.427786480831607918e-01,4.280992118643116573e-01,-5.750407259713271463e-02,2.123629359426095764e-01,5.977697817737235297e-01
1.623999999999999844e+01,8.000000000000000000e+00,6.036162879941199932e+00,9.851553164992628286e-02,1.254204703024133893e+00,4.550300445376421199e-01,1.475161907402654238e-01,1.912743530091791655e-01,1.416642254161914471e-01,4.324159903023465645e-01,-5.405196606274504517e-02,2.191704247362079028e-01,5.776311840965037137e-01
1.626000000000000156e+01,8.000000000000000000e+00,6.038985550387987011e+00,1.072080963882098698e-01,1.259398316038896404e+00,4.589321254521067095e-01,1.428789651860459808e-01,1.984147053556561957e-01,1.406120810450922076e-01,4.368603191366282057e-01,-5.127311886217306852e-02,2.251214559600616116e-01,5.592195658648086987e-01
1.628000000000000114e+01,8.000000000000000000e+00,6.041787689770081293e+00,1.159906818563704034e-01,1.264475358853993869e+00,4.629666327518688895e-01,1.386755711090394694e-01,2.045335400408525572e-01,1.396089372320637456e-01,4.414152780393283404e-01,-4.914878610772038803e-02,2.302369119708266576e-01,5.425516640054394157e-01
1.630000000000000071e+01,8.000000000000000000e+00,6.044570148445411739e+00,1.248653349328906759e-01,1.269450562590451970e+00,4.671134670537406275e-01,1.349065363219877356e-01,2.096637683261430851e-01,1.386418911370605467e-01,4.460643643297517169e-01,-4.766022291169048214e-02,2.345376751251588843e-01,5.276227847845365027e-01
1.632000000000000028e+01,8.000000000000000000e+00,6.047333522464089839e+00,1.338337766191110556e-01,1.274338635503312167e+00,4.713531834849144508e-01,1.315677518856044892e-01,2.138379422107785643e-01,1.376984148177912426e-01,4.507914929743361276e-01,-4.678868438638687788e-02,2.380446277797144128e-01,5.144108629343545624e-01
1.633999999999999986e+01,8.000000000000000000e+00,6.050078161066354099e+00,1.428974103921719085e-01,1.279154163344896622e+00,4.756669847421715613e-01,1.286514152401716515e-01,2.170882811992367323e-01,1.367663552297182228e-01,4.555809965866528533e-01,-4.651542564411310920e-02,2.407786522911492533e-01,5.028801705008597578e-01
1.635999999999999943e+01,8.000000000000000000e+00,6.052804174180534069e+00,1.520573305579563106e-01,1.283911528783284073e+00,4.800367147328837292e-01,1.261468840823020132e-01,2.194467029191695673e-01,1.358339342260578564e-01,4.604176254274058300e-01,-4.682170179717269620e-02,2.427606310161191661e-01,4.929846354879667825e-01
1.637999999999999901e+01,8.000000000000000000e+00,6.055511439920991279e+00,1.613143306040328295e-01,1.288624848104943599e+00,4.844448528589381797e-01,1.240414332586062540e-01,2.209448561287885582e-01,1.348897485577804367e-01,4.652865474044323157e-01,-4.768876795786917283e-02,2.440114463112801890e-01,4.846707552494058935e-01
1.639999999999999858e+01,8.000000000000000000e+00,6.058199612086095698e+00,1.706689115525981404e-01,1.293307923353681055e+00,4.888745089780350273e-01,1.223209127134466390e-01,2.216141549018875168e-01,1.339227698736101813e-01,4.701733480727027792e-01,-4.909787923850610081e-02,2.445519805332883045e-01,4.778801085478917021e-01
1.642000000000000171e+01,8.000000000000000000e+00,6.060868127656162230e+00,1.801212903134194465e-01,1.297974208056057899e+00,4.933094190550143532e-01,1.209703088433954216e-01,2.214858130130679115e-01,1.329223447200252317e-01,4.750640306343204555e-01,-5.103029075138691695e-02,2.444031160387994117e-01,4.725514839214469132e-01
1.644000000000000128e+01,8.000000000000000000e+00,6.063516214291417405e+00,1.896714080367776500e-01,1.302636784737513986e+00,4.977339414985583743e-01,1.199742146453423586e-01,2.205908777568232892e-01,1.318781945412577095e-01,4.799450159385224013e-01,-5.346725760881526623e-02,2.435857351844695207e-01,4.686226512536343924e-01
1.646000000000000085e+01,8.000000000000000000e+00,6.066142897829945646e+00,1.993189384664095232e-01,1.307308352527391637e+00,5.021330541652870849e-01,1.193172160027015788e-01,2.189602626210689351e-01,1.307804156792936046e-01,4.848031424816781065e-01,-5.639003492309460630e-02,2.421207203269545860e-01,4.660318090523051238e-01
1.648000000000000043e+01,8.000000000000000000e+00,6.068747009785654178e+00,2.090632962924506566e-01,1.312001223271369144e+00,5.064923520034009252e-01,1.189842025458747177e-01,2.166247783939478921e-01,1.296194793738728590e-01,4.896256664072903275e-01,-5.977987780652846417e-02,2.400289538229105901e-01,4.647187426773493613e-01
1.650000000000000000e+01,8.000000000000000000e+00,6.071327194846216635e+00,2.189036455043779361e-01,1.316727324705456503e+00,5.107980453010447786e-01,1.189606119480527274e-01,2.136151624142357264e-01,1.283862317624893945e-01,4.944002615059952532e-01,-6.361804137142039461e-02,2.373313180289934599e-01,4.646257293217729289e-01
1.651999999999999957e+01,8.000000000000000000e+00,6.073881918371037969e+00,2.288389077439524077e-01,1.321498209388048073e+00,5.150369584999702210e-01,1.192326164517846093e-01,2.099621057830969306e-01,1.270718938803909737e-01,4.991150192155618948e-01,-6.788578073007392466e-02,2.340486953018591498e-01,4.656982245446280033e-01
1.653999999999999915e+01,8.000000000000000000e+00,6.076409473889202495e+00,2.388677706581616711e-01,1.326325068228943138e+00,5.191965295323685003e-01,1.197872600141074440e-01,2.056962784376672460e-01,1.256680616605793388e-01,5.037584486208925849e-01,-7.256435099479255357e-02,2.302019679981635869e-01,4.678853630779810091e-01
1.655999999999999872e+01,8.000000000000000000e+00,6.078907990597437916e+00,2.489886962521629665e-01,1.331218747591967455e+00,5.232648096374766800e-01,1.206125538286813570e-01,2.008483520502277742e-01,1.241667059338101564e-01,5.083194764540224231e-01,-7.763500727787983613e-02,2.258120184745628922e-01,4.711403038824518719e-01
1.657999999999999829e+01,8.000000000000000000e+00,6.081375440858054482e+00,2.591999292422251799e-01,1.336189769077436251e+00,5.272304636143774204e-01,1.216975372259620075e-01,1.954490207618650999e-01,1.225601724285929756e-01,5.127874470941200524e-01,-8.307900469163924384e-02,2.208997290877127984e-01,4.754204463153500204e-01
1.660000000000000142e+01,8.000000000000000000e+00,6.083809647696920564e+00,2.694995054086723463e-01,1.341248351210074574e+00,5.310827704679518257e-01,1.230323101372674116e-01,1.895290197894841100e-01,1.208411817711914082e-01,5.171521225674869937e-01,-8.887759834837444251e-02,2.154859821942693709e-01,4.806875410320384234e-01
1.662000000000000099e+01,8.000000000000000000e+00,6.086208292301403588e+00,2.798852599488255155e-01,1.346404432365846171e+00,5.348116244059573088e-01,1.246080424862051200e-01,1.831191419621802652e-01,1.190028294856228103e-01,5.214036825475578674e-01,-9.501204336038882037e-02,2.095916601508886201e-01,4.869077160290105066e-01
1.664000000000000057e+01,8.000000000000000000e+00,6.088568921518325183e+00,2.903548358299459786e-01,1.351667694366917694e+00,5.384075361464388809e-01,1.264169650759668639e-01,1.762502522499644897e-01,1.170385859936586004e-01,5.255327243549005045e-01,-1.014635948399859877e-01,2.032376453142263617e-01,4.940514351675124316e-01
1.666000000000000014e+01,8.000000000000000000e+00,6.090888955351926981e+00,3.009056921421776054e-01,1.357047586257663641e+00,5.418616344959557019e-01,1.284523457955902837e-01,1.689533003455476745e-01,1.149422966148241215e-01,5.295302629572160580e-01,-1.082135078994693744e-01,1.964448200409388001e-01,5.020934036588834415e-01
1.667999999999999972e+01,8.000000000000000000e+00,6.093165694461810666e+00,3.115351124514895709e-01,1.362553347846499729e+00,5.451656681602606858e-01,1.307084542851266462e-01,1.612593313507222348e-01,1.127081815663985714e-01,5.333877309693383362e-01,-1.152430376511426463e-01,1.892340666876816124e-01,5.110124323851780170e-01
1.669999999999999929e+01,8.000000000000000000e+00,6.095396327660907332e+00,3.222402131526191371e-01,1.368194032659046711e+00,5.483120077499844536e-01,1.331805175844856248e-01,1.531994946040349248e-01,1.103308359634151137e-01,5.370969786532344692e-01,-1.225334392073092193e-01,1.816262676111110030e-01,5.207912705857848934e-01
1.671999999999999886e+01,8.000000000000000000e+00,6.097577939413427295e+00,3.330179518220143797e-01,1.373978529998355125e+00,5.512936479444219273e-01,1.358646687444659273e-01,1.448050506665179427e-01,1.078052298186609192e-01,5.406502739180051309e-01,-1.300659676802726483e-01,1.736423051678828433e-01,5.314164143611503910e-01
1.673999999999999844e+01,8.000000000000000000e+00,6.099707517332803697e+00,3.438651355707763035e-01,1.379915585848493498e+00,5.541042097766450958e-01,1.387578898987630871e-01,1.361073764585896129e-01,1.051267080426769307e-01,5.440403023198833177e-01,-1.378218781823365158e-01,1.653030617146529491e-01,5.428778966156728725e-01
1.676000000000000156e+01,8.000000000000000000e+00,6.101781959679670742e+00,3.547784293976023462e-01,1.386013822389567496e+00,5.567379430027658005e-01,1.418579508782421006e-01,1.271379685138835924e-01,1.022909904437580841e-01,5.472601670622355696e-01,-1.457824258258042793e-01,1.566294196080774137e-01,5.551690624640530647e-01
1.678000000000000114e+01,8.000000000000000000e+00,6.103798082859797525e+00,3.657543645417284384e-01,1.392281755915997454e+00,5.591897285172008347e-01,1.451633440880798764e-01,1.179284442854520165e-01,9.929417172795335089e-02,5.503033889955617486e-01,-1.539288657229795632e-01,1.476422612048121641e-01,5.682863327358186334e-01
1.680000000000000071e+01,8.000000000000000000e+00,6.105752628922056502e+00,3.767893468358718412e-01,1.398727812966471085e+00,5.614550807741838234e-01,1.486732160587398155e-01,1.085105414071598773e-01,9.613272149906551545e-02,5.531639066174947050e-01,-1.622424529861657416e-01,1.383624688615132103e-01,5.822289570070511289e-01
1.682000000000000028e+01,8.000000000000000000e+00,6.107642273056373305e+00,3.878796650591735951e-01,1.405360344484140711e+00,5.635301501734871765e-01,1.523872958175072068e-01,9.891611477771000693e-02,9.280348425865128648e-02,5.558360760727997230e-01,-1.707044427276664944e-01,1.288109249348364238e-01,5.969987565425758369e-01
1.683999999999999986e+01,8.000000000000000000e+00,6.109463631091679225e+00,3.990214992901418012e-01,1.412187637830076392e+00,5.654117253652921615e-01,1.563058200033137779e-01,8.917713129623905388e-02,8.930367940602144949e-02,5.583146711533766293e-01,-1.792960900597851959e-01,1.190085117814380089e-01,6.125998566236290355e-01
1.685999999999999943e+01,8.000000000000000000e+00,6.111213266993870796e+00,4.102109292595935708e-01,1.419217926472380986e+00,5.670972354253366321e-01,1.604294544593732885e-01,7.932566203906432634e-02,8.563090123824043665e-02,5.605948832982570185e-01,-1.879986500948254979e-01,1.089761117579735039e-01,6.290384069453179849e-01
1.687999999999999901e+01,8.000000000000000000e+00,6.112887700363762278e+00,4.214439427035980845e-01,1.426459397168327259e+00,5.685847518468546413e-01,1.647592118821304963e-01,6.939387162418242383e-02,8.178311895012689570e-02,5.626723215936062505e-01,-1.967933779450909970e-01,9.873460722109912713e-02,6.463222880778958235e-01
1.689999999999999858e+01,8.000000000000000000e+00,6.114483413935047018e+00,4.327164437164192079e-01,1.433920194448019103e+00,5.698729902903039157e-01,1.692963649786380642e-01,5.941400446528533053e-02,7.775867663425330145e-02,5.645430127727226743e-01,-2.056615287228850120e-01,8.830488052747084704e-02,6.644608013824506720e-01
1.692000000000000171e+01,8.000000000000000000e+00,6.115996861072240165e+00,4.440242611034577735e-01,1.441608422195934658e+00,5.709613120254661833e-01,1.740423544861331717e-01,4.941836757032724847e-02,7.355629328094594188e-02,5.662034012160376273e-01,-2.145843575405112502e-01,7.770781403374453500e-02,6.834643392449326615e-01
1.694000000000000128e+01,8.000000000000000000e+00,6.117424473268645357e+00,4.553631567341953623e-01,1.449532142111904065e+00,5.718497249931171478e-01,1.789986913368435406e-01,3.943930949036911215e-02,6.917506277828526506e-02,5.676503489511162126e-01,-2.235431195102731416e-01,6.696429009657621501e-02,7.033440320365315079e-01
1.696000000000000085e+01,8.000000000000000000e+00,6.118762667644301878e+00,4.667288338951349203e-01,1.457699368816156360e+00,5.725388844050809389e-01,1.841668522085286863e-01,2.950919497405379843e-02,6.461445391210544897e-02,5.688811356526555230e-01,-2.325190697444741716e-01,5.609519107262186943e-02,7.241113678213533245e-01
1.698000000000000043e+01,8.000000000000000000e+00,6.120007854443949569e+00,4.781169456427461495e-01,1.466118061344690027e+00,5.730300927920792819e-01,1.895481676886263955e-01,1.966037483068738823e-02,5.987431036599464435e-02,5.698934586424865278e-01,-2.414934633554180199e-01,4.512139931853736963e-02,7.457777805165810570e-01
1.700000000000000000e+01,8.000000000000000000e+00,6.121156444534974206e+00,4.895231031564056812e-01,1.474796110762044865e+00,5.733252993983084522e-01,1.951437022998729620e-01,9.925150452117392774e-03,5.495485072129505100e-02,5.706854328895737405e-01,-2.504475554554080885e-01,3.406379719097872572e-02,7.683542019731109951e-01
1.701999999999999957e+01,8.000000000000000000e+00,6.122204856905361758e+00,5.009428840913410230e-01,1.483741323599351736e+00,5.734270988101639599e-01,2.009541256914796348e-01,3.357323914006116183e-04,4.985666845710264028e-02,5.712555910100137746e-01,-2.593626011567479739e-01,2.294326704660185762e-02,7.918505732979331802e-01
1.703999999999999915e+01,8.000000000000000000e+00,6.123149526161662415e+00,5.123718409315730637e-01,1.492961400807172767e+00,5.733387286939644056e-01,2.069795743968237678e-01,-9.075807655529288809e-03,4.458073195026745345e-02,5.716028832670367876e-01,-2.682198555717412169e-01,1.178069124206278413e-02,8.162753107005918940e-01
1.705999999999999872e+01,8.000000000000000000e+00,6.123986910026941288e+00,5.238055093428582998e-01,1.502463911896088966e+00,5.730640665039428150e-01,2.132195037011042349e-01,-1.827759216724089697e-02,3.912838447539329634e-02,5.717266775710061477e-01,-2.770005738126912198e-01,5.969521340174535878e-04,8.416347212374020170e-01
1.707999999999999829e+01,8.000000000000000000e+00,6.124713496838730897e+00,5.352394165256324499e-01,1.512256263924409705e+00,5.726076250072748008e-01,2.196725293557371672e-01,-2.723800115911600983e-02,3.350134420483803777e-02,5.716267594794184337e-01,-2.856860109919016621e-01,-1.058706792087825421e-02,8.679323640766222203e-01
1.710000000000000142e+01,8.000000000000000000e+00,6.125325813046987200e+00,5.466690895679517936e-01,1.522345664983041802e+00,5.719745464575780591e-01,2.263362591255310696e-01,-3.592574437321083280e-02,2.770170420871344991e-02,5.713033321969031020e-01,-2.942574222216760016e-01,-2.175048656596824045e-02,8.951683533489137590e-01
1.712000000000000099e+01,8.000000000000000000e+00,6.125820430712050069e+00,5.580900637984369528e-01,1.532739081823965011e+00,5.711705952323462565e-01,2.332071144642723914e-01,-4.430994310486191523e-02,2.173193245488519443e-02,5.707570165752227087e-01,-3.026960626143177513e-01,-3.287242144459663618e-02,9.233385993184072271e-01
1.714000000000000057e+01,8.000000000000000000e+00,6.126193975002591330e+00,5.694978911392151177e-01,1.543443191282590110e+00,5.702021487333835958e-01,2.402801429873841488e-01,-5.236022248890215280e-02,1.559487180897292831e-02,5.699888511132734648e-01,-3.109831872821304799e-01,-4.393199020010753880e-02,9.524339855533789923e-01
1.716000000000000014e+01,8.000000000000000000e+00,6.126443131693573463e+00,5.808881484588622746e-01,1.554464325157401516e+00,5.690761863327902237e-01,2.475488228478021080e-01,-6.004681506365905364e-02,9.293740034350239654e-03,5.690002919570836815e-01,-3.191000513374176450e-01,-5.490831047584479596e-02,9.824394810378831444e-01
1.717999999999999972e+01,8.000000000000000000e+00,6.126564654664204745e+00,5.922564459253474300e-01,1.565808408234764304e+00,5.678002761308372781e-01,2.550048606211629543e-01,-6.734067640461383064e-02,2.832129792144424778e-03,5.677932128998157690e-01,-3.270279098924828154e-01,-6.578049991515259876e-02,1.013333187793997059e+00
1.719999999999999929e+01,8.000000000000000000e+00,6.126555373395891735e+00,6.035984353589727291e-01,1.577480889184830426e+00,5.663825592766057460e-01,2.626379848629777358e-01,-7.421361356556133160e-02,-3.785991358762978362e-03,5.663699053817647933e-01,-3.347480180596296706e-01,-7.652767616137504114e-02,1.045085326625079469e+00
1.721999999999999886e+01,8.000000000000000000e+00,6.126412200470196190e+00,6.149098185853184573e-01,1.589486664108455960e+00,5.648317315882148693e-01,2.704357381028826279e-01,-8.063842697722201081e-02,-1.055628096173666548e-02,5.647330784903590306e-01,-3.422416309511613908e-01,-8.712895685785601585e-02,1.077657166085078222e+00
1.723999999999999844e+01,8.000000000000000000e+00,6.126132139066793769e+00,6.261863557881846010e-01,1.601829992587322948e+00,5.631570221975169543e-01,2.783832706728678330e-01,-8.658906632585328111e-02,-1.747402166238736995e-02,5.628858589601598572e-01,-3.494900036793819331e-01,-9.756345964793974868e-02,1.110999902760065661e+00
1.726000000000000156e+01,8.000000000000000000e+00,6.125712290461419407e+00,6.374238738625338518e-01,1.614514406182384620e+00,5.613681689351804893e-01,2.864631404046582008e-01,-9.204080076027132407e-02,-2.453412120857192610e-02,5.608317911728617489e-01,-3.564743913565944222e-01,-1.078103021749700491e-01,1.145053504433201308e+00
1.728000000000000114e+01,8.000000000000000000e+00,6.125149861523835781e+00,6.486182747674333893e-01,1.627542609441510857e+00,5.594753901671059015e-01,2.946551228466131045e-01,-9.697040354796548911e-02,-3.173111245039314521e-02,5.585748371572925031e-01,-3.631760490951027598e-01,-1.178486020822911706e-01,1.179745531689004867e+00
1.730000000000000071e+01,8.000000000000000000e+00,6.124442172215774249e+00,6.597655438789995497e-01,1.640916373617586688e+00,5.574893527932619497e-01,3.029360372065280083e-01,-1.013563510139157131e-01,-3.905915334020002710e-02,5.561193765894125729e-01,-3.695762320072101259e-01,-1.276574770132469783e-01,1.214989957962807621e+00
1.732000000000000028e+01,8.000000000000000000e+00,6.123586663088899762e+00,6.708617583433380549e-01,1.654636423464627137e+00,5.554211361265493085e-01,3.112795936819833242e-01,-1.051790352430863607e-01,-4.651202693258756765e-02,5.534702067923160662e-01,-3.756561952052203113e-01,-1.372160446111816423e-01,1.250686012883807763e+00
1.733999999999999986e+01,8.000000000000000000e+00,6.122580902782764234e+00,6.819030954294884594e-01,1.668702317672175806e+00,5.532821913835386241e-01,3.196562681489824587e-01,-1.084209896049870281e-01,-5.408314138439689056e-02,5.506325427362298575e-01,-3.813971938014366070e-01,-1.465034225194391249e-01,1.286717078874644260e+00
1.735999999999999943e+01,8.000000000000000000e+00,6.121422595522756360e+00,6.928858408823659332e-01,1.683112323716791758e+00,5.510842965423499162e-01,3.280332102959843676e-01,-1.110671256647108862e-01,-6.176552995471511209e-02,5.476120170385140318e-01,-3.867804829081627482e-01,-1.554987283813634991e-01,1.322949676179776102e+00
1.737999999999999901e+01,8.000000000000000000e+00,6.120109588618065644e+00,7.038063972757044873e-01,1.697863288151873373e+00,5.488395063569502241e-01,3.363741911699569820e-01,-1.131049794791874064e-01,-6.955185100487550065e-02,5.444146799636618850e-01,-3.917873176377022482e-01,-1.641810798402987825e-01,1.359232576558862204e+00
1.739999999999999858e+01,8.000000000000000000e+00,6.118639879959626882e+00,7.146612923649985349e-01,1.712950503619822262e+00,5.465600973631825621e-01,3.446395957062854953e-01,-1.145249646447759062e-01,-7.743438799845733800e-02,5.410469994232995905e-01,-3.963989531023584534e-01,-1.725295945395891040e-01,1.395396090491522356e+00
1.742000000000000171e+01,8.000000000000000000e+00,6.117011625518088636e+00,7.254471874404474496e-01,1.728367574148073738e+00,5.442585077711589170e-01,3.527864651192353929e-01,-1.153206287718351319e-01,-8.540504950128589845e-02,5.375158609761869766e-01,-4.005966444144349881e-01,-1.805233901225783144e-01,1.431251576520962132e+00
1.744000000000000128e+01,8.000000000000000000e+00,6.115223146841750612e+00,7.361608856798964595e-01,1.744106280575107748e+00,5.419472722123088726e-01,3.607685930242416350e-01,-1.154889093269293454e-01,-9.345536918143282357e-02,5.338285678282163049e-01,-4.043616466862355319e-01,-1.881415842326106258e-01,1.466591223880007400e+00
1.746000000000000085e+01,8.000000000000000000e+00,6.113272938554535685e+00,7.467993405017800956e-01,1.760156448234108106e+00,5.396389513980818231e-01,3.685366778577632840e-01,-1.150303840257986820e-01,-1.015765058092155254e-01,5.299928408324132700e-01,-4.076752150300633759e-01,-1.953632945130300280e-01,1.501188160312843412e+00
1.748000000000000043e+01,8.000000000000000000e+00,6.111159675853936157e+00,7.573596639180646406e-01,1.776505819288033416e+00,5.373460568512770097e-01,3.760385325878936591e-01,-1.139495102053409425e-01,-1.097592432571975612e-01,5.260168184889368881e-01,-4.105186045582223109e-01,-2.021676386071806220e-01,1.534796935527382722e+00
1.750000000000000000e+01,8.000000000000000000e+00,6.108882222008970686e+00,7.678391348871912436e-01,1.793139932345817256e+00,5.350809709898682875e-01,3.832193509260662379e-01,-1.122548468846247260e-01,-1.179939905001886613e-01,5.219090569450789419e-01,-4.128730703830155724e-01,-2.085337341584063697e-01,1.567154426499883790e+00
1.751999999999999957e+01,8.000000000000000000e+00,6.106439635858138537e+00,7.782352076670175922e-01,1.810042012178651127e+00,5.328558629758921583e-01,3.900220273358507295e-01,-1.099592525833017476e-01,-1.262707816152444651e-01,5.176785299952645358e-01,-4.147198676167468401e-01,-2.144406988100512890e-01,1.597981203479885925e+00
1.753999999999999915e+01,8.000000000000000000e+00,6.103831179307373844e+00,7.885455201677620263e-01,1.827192872480041252e+00,5.306826008865362931e-01,3.963875261854037380e-01,-1.070800514434964157e-01,-1.345792757816668406e-01,5.133346290810516521e-01,-4.160402513717196271e-01,-2.198676502054595083e-01,1.626983384700783519e+00
1.755999999999999872e+01,8.000000000000000000e+00,6.101056324828007860e+00,7.987679023049446547e-01,1.844570834655312241e+00,5.285726609181523594e-01,4.022552935128206331e-01,-1.036391598460415508e-01,-1.429087572810035789e-01,5.088871632911320386e-01,-4.168154767602376687e-01,-2.247937059879750732e-01,1.653854993357650960e+00
1.757999999999999829e+01,8.000000000000000000e+00,6.098114762954711665e+00,8.089003843523310255e-01,1.862151665568053449e+00,5.265370344926947332e-01,4.075637031774947960e-01,-9.966316557012433464e-02,-1.512481354970486580e-01,5.043463593613297657e-01,-4.170267988946040894e-01,-2.291979838009419179e-01,1.678280812475431816e+00
1.760000000000000142e+01,8.000000000000000000e+00,6.095006409783463752e+00,8.189412052948745746e-01,1.879908536997355162e+00,5.245861342953471729e-01,4.122505277564750825e-01,-9.518335166080049703e-02,-1.595859449158421040e-01,4.997228616746023921e-01,-4.166554728871226798e-01,-2.330596012877041434e-01,1.699939712253847324e+00
1.762000000000000099e+01,8.000000000000000000e+00,6.091731414469493622e+00,8.288888211816589635e-01,1.897812009258938781e+00,5.227297004262624336e-01,4.162534234957690482e-01,-9.023565757673956966e-02,-1.679103451256699631e-01,4.950277322610405761e-01,-4.156827538500967867e-01,-2.363576760916057395e-01,1.718508401064647195e+00
1.764000000000000057e+01,8.000000000000000000e+00,6.088290166725249364e+00,8.387419134788416386e-01,1.915830041009137341e+00,5.209767079922776878e-01,4.195104179993087712e-01,-8.486057091531762353e-02,-1.762091208170643852e-01,4.902724507978682977e-01,-4.140898968958301452e-01,-2.390713258559908905e-01,1.733665526553461955e+00
1.766000000000000014e+01,8.000000000000000000e+00,6.084683304318339481e+00,8.484993974225949476e-01,1.933928026683498613e+00,5.193352775896498130e-01,4.219603891581057420e-01,-7.910294406127071909e-02,-1.844696817828035962e-01,4.854689146094420815e-01,-4.118581571366262128e-01,-2.411796682242034751e-01,1.745096028637858288e+00
1.767999999999999972e+01,8.000000000000000000e+00,6.080911720569497803e+00,8.581604303720503646e-01,1.952068862329960908e+00,5.178125902298269523e-01,4.235435240808425039e-01,-7.301173146623440857e-02,-1.926790629179117864e-01,4.806294386672523844e-01,-4.089687896847884474e-01,-2.426618208395875664e-01,1.752495623219539223e+00
1.769999999999999929e+01,8.000000000000000000e+00,6.076976571850534192e+00,8.677244201622402731e-01,1.970213039797131360e+00,5.164148083310005077e-01,4.242017474458568138e-01,-6.663964490555329689e-02,-2.008239242196594998e-01,4.757667555899218748e-01,-4.054030496526205285e-01,-2.434969013454873488e-01,1.755575275909532884e+00
1.771999999999999886e+01,8.000000000000000000e+00,6.072879285082292355e+00,8.771910334570407475e-01,1.988318768357045130e+00,5.151470044336048382e-01,4.238791096898702482e-01,-6.004272591662385139e-02,-2.088905507875631062e-01,4.708940156432070978e-01,-4.011421921524258027e-01,-2.436640273852467009e-01,1.754065510768031855e+00
1.773999999999999844e+01,8.000000000000000000e+00,6.068621565232601434e+00,8.865602041021147794e-01,2.006342121912934928e+00,5.140130992943355848e-01,4.225221267030540573e-01,-5.327983662011881449e-02,-2.168648528233850514e-01,4.660247867399973654e-01,-3.961674722965079498e-01,-2.431423166022097793e-01,1.747720391583860389e+00
1.776000000000000156e+01,8.000000000000000000e+00,6.064205402814233814e+00,8.958321414778538383e-01,2.024237209006745974e+00,5.130158109688000012e-01,4.200800641324859419e-01,-4.641207216156395532e-02,-2.247323656311339679e-01,4.611730544403150889e-01,-3.904601451971703163e-01,-2.419108866397204627e-01,1.736321013814680070e+00
1.778000000000000114e+01,8.000000000000000000e+00,6.059633081382857611e+00,9.050073388523214302e-01,2.041956361943613185e+00,5.121566164078729111e-01,4.165051609358148554e-01,-3.950209997289633179e-02,-2.324782496170644253e-01,4.563532219513158905e-01,-3.840014659667165819e-01,-2.399488551411229909e-01,1.719678354721410285e+00
1.780000000000000071e+01,8.000000000000000000e+00,6.054907185034996253e+00,9.140865817341957689e-01,2.059450340538188318e+00,5.114357269698841524e-01,4.117527884242241365e-01,-3.261343282303919011e-02,-2.400872902896772354e-01,4.515801101272886031e-01,-3.767726897174503153e-01,-2.372353397497612426e-01,1.697635347567859831e+00
1.782000000000000028e+01,8.000000000000000000e+00,6.050030605905977410e+00,9.230709562257118916e-01,2.076668545305816682e+00,5.108520790949513390e-01,4.057815426693286431e-01,-2.580964408658381615e-02,-2.475438982597191195e-01,4.468689574696549371e-01,-3.687550715616748631e-01,-2.337494581089793466e-01,1.670068072429105932e+00
1.783999999999999986e+01,8.000000000000000000e+00,6.045006551667893469e+00,9.319618573756045521e-01,2.093559234410462100e+00,5.104033412064208353e-01,3.985532698395459761e-01,-1.915353470679370673e-02,-2.548321092401828469e-01,4.422354201269698692e-01,-3.599298666116939049e-01,-2.294703278621212927e-01,1.636885989879188097e+00
1.785999999999999943e+01,8.000000000000000000e+00,6.039838553027555790e+00,9.407609975320512241e-01,2.110069738373292036e+00,5.100859377066796485e-01,3.900330258335990563e-01,-1.270626188038370685e-02,-2.619355840463075680e-01,4.376955718949215868e-01,-3.502783299798108985e-01,-2.243770666525311819e-01,1.598031182731426858e+00
1.787999999999999901e+01,8.000000000000000000e+00,6.034530471224442749e+00,9.494704146956138846e-01,2.126146666462900292e+00,5.098950907312055358e-01,3.801889735846030183e-01,-6.526439492038349499e-03,-2.688376085955779815e-01,4.332659042163312102e-01,-3.397817167783293568e-01,-2.184487921235530039e-01,1.553476612770381404e+00
1.789999999999999858e+01,8.000000000000000000e+00,6.029086505528669093e+00,9.580924808721833497e-01,2.141736098840192337e+00,5.098248801269981145e-01,3.689922237412646688e-01,-6.692197560926871347e-04,-2.755210939077253895e-01,4.289633261811531262e-01,-3.284212821195529042e-01,-2.116646219185308597e-01,1.503223441521260195e+00
1.792000000000000171e+01,8.000000000000000000e+00,6.023511200738925098e+00,9.666299104259195030e-01,2.156783758915718163e+00,5.098683219409618772e-01,3.564166272384313161e-01,4.814635604631689603e-03,-2.819685761047268091e-01,4.248051645264747100e-01,-3.161782811157851092e-01,-2.040036736808087670e-01,1.447297504073124630e+00
1.794000000000000128e+01,8.000000000000000000e+00,6.017809454680442371e+00,9.750857684321965202e-01,2.171235160980840906e+00,5.100174655511833244e-01,3.424385317025001041e-01,9.879687947053739094e-03,-2.881622164108054718e-01,4.208091636365165478e-01,-3.030339688793293185e-01,-1.954450650537307155e-01,1.385745060628255088e+00
1.796000000000000085e+01,8.000000000000000000e+00,6.011986525702944562e+00,9.834634790305435414e-01,2.185035728973235614e+00,5.102635094588440223e-01,3.270365178472978140e-01,1.448675342773420027e-02,-2.940838011524307127e-01,4.169934855426322140e-01,-2.889696005224891007e-01,-1.859679136806407784e-01,1.318627980134155830e+00
1.798000000000000043e+01,8.000000000000000000e+00,6.006048040178605163e+00,9.917668337775884524e-01,2.198130883201840913e+00,5.105969356882926746e-01,3.101911371283310181e-01,1.860383159801060060e-02,-2.997147417583178597e-01,4.133767099233086606e-01,-2.739664311575680244e-01,-1.755513372048830290e-01,1.246018533094177094e+00
1.800000000000000000e+01,9.000000000000000000e+00,6.000000000000000000e+00,1.000000000000000000e+00,2.210466092953412343e+00,5.110076627227644330e-01,2.918846780169307431e-01,1.819136432106027712e-02,-3.050360747594282884e-01,4.099778341041659946e-01,-2.580057158968696029e-01,-1.641744532698008463e-01,1.167993986248044624e+00
1.801999999999999957e+01,9.000000000000000000e+00,5.993846932559947049e+00,1.008164760791403491e+00,2.222911909303265876e+00,5.113245902611350813e-01,3.148312868765736350e-01,1.000393575111502287e-02,-3.103071609478293968e-01,4.064016516578341509e-01,-2.689535381176554329e-01,-1.931530354550457518e-01,1.265939076099571903e+00
1.803999999999999915e+01,9.000000000000000000e+00,5.987586313265951254e+00,1.016252317951130246e+00,2.236341718662286482e+00,5.114078201528090561e-01,3.364384562687436353e-01,-7.787152425606791439e-04,-3.157883040227015825e-01,4.022632291869512322e-01,-2.790145211235156575e-01,-2.204041424922190129e-01,1.359512942049605932e+00
1.805999999999999872e+01,9.000000000000000000e+00,5.981214117101499639e+00,1.024251769899011455e+00,2.250706294763843207e+00,5.112934416514326452e-01,3.567678669623634558e-01,-9.771893964515498965e-03,-3.214619541945184511e-01,3.975967749884401492e-01,-2.882073643916421846e-01,-2.459618949851794523e-01,1.448852337711116878e+00
1.807999999999999829e+01,9.000000000000000000e+00,5.974726666305966383e+00,1.032152892396696275e+00,2.265957170641240026e+00,5.110169443942284007e-01,3.758596249994803351e-01,-1.701111455551007623e-02,-3.273109356632969980e-01,3.924358149471464108e-01,-2.965507673992267557e-01,-2.698604135377858926e-01,1.533993116185985661e+00
1.810000000000000142e+01,9.000000000000000000e+00,5.968120622894832472e+00,1.039946124899410629e+00,2.282046002533969720e+00,5.106129970692121489e-01,3.937359930940557695e-01,-2.254269099194772252e-02,-3.333184466185984962e-01,3.868131925358386791e-01,-3.040634296234613343e-01,-2.921338187538971010e-01,1.614883973042700482e+00
1.812000000000000099e+01,9.000000000000000000e+00,5.961392981179892914e+00,1.047622556907714442e+00,2.298924029489069820e+00,5.101152367545505051e-01,4.104047891994473396e-01,-2.642322854502943130e-02,-3.394680592395277197e-01,3.807610688152081035e-01,-3.107640505415378285e-01,-3.128162312373717890e-01,1.691399591539984426e+00
1.814000000000000057e+01,9.000000000000000000e+00,5.954541060289463950e+00,1.055173914319261330e+00,2.316541626429515333e+00,5.095560679274110383e-01,4.258624842422232826e-01,-2.871914526137864243e-02,-3.457437196947334979e-01,3.743109224338689311e-01,-3.166713296306480907e-01,-3.319417715920687240e-01,1.763353573030951083e+00
1.816000000000000014e+01,9.000000000000000000e+00,5.947562496688599154e+00,1.062592545780556064e+00,2.334847949814451873e+00,5.089664709440954171e-01,4.400970244746055249e-01,-2.950618590661058249e-02,-3.521297481424085496e-01,3.674935496283582848e-01,-3.218039663679839735e-01,-3.495445604218468949e-01,1.830511413484474659e+00
1.817999999999999972e+01,9.000000000000000000e+00,5.940455236699278885e+00,1.069871409038711807e+00,2.353790675744360517e+00,5.083758204911466017e-01,4.530903970826580252e-01,-2.886889615371401874e-02,-3.586108387302891498e-01,3.603390642231356633e-01,-3.261806602307373293e-01,-3.656587183305648470e-01,1.892603667149249880e+00
1.819999999999999929e+01,9.000000000000000000e+00,5.933217529020645920e+00,1.077004057293212691e+00,2.373315830478976540e+00,5.078117150979468697e-01,4.648209519870385442e-01,-2.690003030381582505e-02,-3.651720595956554627e-01,3.528768976305836080e-01,-3.298201106960999551e-01,-3.803183659220814583e-01,1.949339321167586681e+00
1.821999999999999886e+01,9.000000000000000000e+00,5.925847917249198460e+00,1.083984625547668612e+00,2.393367712863867514e+00,5.072998192789940353e-01,4.752654887616354351e-01,-2.369987171647380819e-02,-3.717988528653318192e-01,3.451357988510079244e-01,-3.327410172412639255e-01,-3.935576238002553850e-01,2.000419293055183623e+00
1.823999999999999844e+01,9.000000000000000000e+00,5.918345232399002676e+00,1.090807816961574694e+00,2.413888907152798691e+00,5.068637202292879396e-01,4.844011153203538478e-01,-1.937545149919905896e-02,-3.784770346556859399e-01,3.371438344726366276e-01,-3.349620793434209265e-01,-4.054106125689455609e-01,2.045549860775444984e+00
1.826000000000000156e+01,9.000000000000000000e+00,5.910708585421902583e+00,1.097468889202070086e+00,2.434820383244642894e+00,5.065248012190260996e-01,4.922068842069460270e-01,-1.403965783939398193e-02,-3.851927950726298233e-01,3.289283886716208860e-01,-3.365019964797628660e-01,-4.159114528320108084e-01,2.084455748245371165e+00
1.828000000000000114e+01,9.000000000000000000e+00,5.902937359727725486e+00,1.103963640795696088e+00,2.456101679532455950e+00,5.063021339157121048e-01,4.986652125194734331e-01,-7.810235515483654467e-03,-3.919326982116190239e-01,3.205161632120346327e-01,-3.373794681274817076e-01,-4.250942651933097838e-01,2.116892523581714869e+00
1.830000000000000071e+01,9.000000000000000000e+00,5.895031203704498068e+00,1.110288397480154732e+00,2.477671161522676968e+00,5.062123917984068244e-01,5.037630922121706378e-01,-8.086823514830143722e-04,-3.986836821576528189e-01,3.119331774458745099e-01,-3.376131937637691371e-01,-4.329931702567011431e-01,2.142657928867938377e+00
1.832000000000000028e+01,9.000000000000000000e+00,5.886990023238650060e+00,1.116439998556067126e+00,2.499466347280017153e+00,5.062697866216527842e-01,5.074930982892952303e-01,6.840943647127062377e-03,-4.054330589852747635e-01,3.032047683130602023e-01,-3.372218728658172848e-01,-4.396422886260440421e-01,2.161601752943200339e+00
1.833999999999999986e+01,9.000000000000000000e+00,5.878813974235225004e+00,1.122415783238732701e+00,2.521424288755750975e+00,5.064860295442918936e-01,5.098542028946921878e-01,1.501328639759158534e-02,-4.121685147585719133e-01,2.943555903414340480e-01,-3.362242049108178366e-01,-4.450757409051969704e-01,2.173633884673717986e+00
1.835999999999999943e+01,9.000000000000000000e+00,5.870503455138091020e+00,1.128213577009885116e+00,2.543481996329644890e+00,5.068703180775564476e-01,5.108524033139761888e-01,2.358299768163618637e-02,-4.188781095311752689e-01,2.854096156467613166e-01,-3.346388893759628114e-01,-4.493276476980189171e-01,2.178730242465153566e+00
1.837999999999999901e+01,9.000000000000000000e+00,5.862059099450139144e+00,1.133831677969454610e+00,2.565576892588616875e+00,5.074293494515572656e-01,5.105011714126395095e-01,3.242605756552130458e-02,-4.255502773462594424e-01,2.763901339327298201e-01,-3.324846257384440062e-01,-4.524321296083683719e-01,2.176936362368224298e+00
1.839999999999999858e+01,9.000000000000000000e+00,5.853481768253513629e+00,1.139268843187323244e+00,2.587647280598179389e+00,5.081673603801772909e-01,5.088217311526331832e-01,4.142107761879287864e-02,-4.321738262365432126e-01,2.673197524909506351e-01,-3.297801134754531072e-01,-4.544233072401043794e-01,2.168368535026882427e+00
1.842000000000000171e+01,9.000000000000000000e+00,5.844772542729802289e+00,1.144524275055085027e+00,2.609632811773700212e+00,5.090861925563091583e-01,5.058431697997276544e-01,5.045055472340820302e-02,-4.387379382242889703e-01,2.582203962009573806e-01,-3.265440520641821887e-01,-4.553353011970854292e-01,2.153212501632572717e+00
1.844000000000000128e+01,9.000000000000000000e+00,5.835932716680256149e+00,1.149597607637803609e+00,2.631474938955726817e+00,5.101853825691137212e-01,5.016023875630641893e-01,5.940204454768860387e-02,-4.452321693213032172e-01,2.491133075302065514e-01,-3.227951409818230477e-01,-4.552022320831705660e-01,2.131719840421061551e+00
1.846000000000000085e+01,9.000000000000000000e+00,5.826963789045988662e+00,1.154488893025771068e+00,2.653117341413082197e+00,5.114622743382166714e-01,4.961438900214259484e-01,6.816922673196224025e-02,-4.516464495289358450e-01,2.400190465340774071e-01,-3.185520797055676478e-01,-4.540582205022185569e-01,2.104202287486055756e+00
1.848000000000000043e+01,9.000000000000000000e+00,5.817867456428195361e+00,1.159198587686266491e+00,2.674506310166325562e+00,5.129121516383920998e-01,4.895194280719209479e-01,7.665283824271185154e-02,-4.579710828380811338e-01,2.309574908558722772e-01,-3.138335677126078416e-01,-4.519373870580880581e-01,2.071024329403401865e+00
1.850000000000000000e+01,9.000000000000000000e+00,5.808645605608360185e+00,1.163727538815313878e+00,2.695591084129147941e+00,5.145283878679250966e-01,4.817874914781529738e-01,8.476145684563185512e-02,-4.641967472291768648e-01,2.219478357268159785e-01,-3.086583044801353148e-01,-4.488738523546379477e-01,2.032594473244224265e+00
1.851999999999999957e+01,9.000000000000000000e+00,5.799300306068457367e+00,1.168076970689441163e+00,2.716324129964977629e+00,5.163026099122173251e-01,4.730126644575241013e-01,9.241212280523747324e-02,-4.703144946722043751e-01,2.130085939660564531e-01,-3.030449894853421422e-01,-4.449017369957268819e-01,1.989355637854177239e+00
1.853999999999999915e+01,9.000000000000000000e+00,5.789833802511171079e+00,1.172248471017439009e+00,2.736661361095903633e+00,5.182248727801345156e-01,4.632648550390911502e-01,9.953079329883429693e-02,-4.763157511266896127e-01,2.041575959806642970e-01,-2.970123222054201206e-01,-4.400551615852137388e-01,1.941775117861432642e+00
1.855999999999999872e+01,9.000000000000000000e+00,5.780248507380096434e+00,1.176243977292117604e+00,2.756562293827686805e+00,5.202838416441706304e-01,4.526184138988042505e-01,1.060526302157054346e-01,-4.821923165417016932e-01,1.954119897656328708e-01,-2.905790021175612692e-01,-4.343682467269573966e-01,1.890334550850622408e+00
1.857999999999999829e+01,9.000000000000000000e+00,5.770546993379949363e+00,1.180065763142066348e+00,2.775990140929957661e+00,5.224669779887626264e-01,4.411511626614762482e-01,1.119221276346689109e-01,-4.879363648558537325e-01,1.867882409038784941e-01,-2.837637286989571628e-01,-4.278751130248165113e-01,1.835520273071278075e+00
1.860000000000000142e+01,9.000000000000000000e+00,5.760731985996787152e+00,1.183716424683413537e+00,2.794911845121217819e+00,5.247607267495577599e-01,4.289433557845062084e-01,1.170930900551336862e-01,-4.935404439973028468e-01,1.783021325662403622e-01,-2.765852014267998760e-01,-4.206098810826496837e-01,1.777814386159628723e+00
1.862000000000000099e+01,9.000000000000000000e+00,5.750806356018199672e+00,1.187198866871582270e+00,2.813298056672293157e+00,5.271507015909683291e-01,4.160766036152461211e-01,1.215284762147152975e-01,-4.989974758837498747e-01,1.699687655114802687e-01,-2.690621197782812613e-01,-4.126066715043160693e-01,1.717686783616850787e+00
1.864000000000000057e+01,9.000000000000000000e+00,5.740773112053530802e+00,1.190516289853050136e+00,2.831123060711315809e+00,5.296218657981462963e-01,4.026327865887344704e-01,1.252001259768515951e-01,-5.043007564224395445e-01,1.618025580862831048e-01,-2.612131832305931711e-01,-4.038996048936741579e-01,1.655588308082863724e+00
1.866000000000000014e+01,9.000000000000000000e+00,5.730635393054083870e+00,1.193672175317108453e+00,2.848364660772849888e+00,5.321587066300422775e-01,3.886929914542613940e-01,1.280883893195721157e-01,-5.094439555101604178e-01,1.538172462252563044e-01,-2.530570912609275136e-01,-3.945228018545831050e-01,1.591945134863701261e+00
1.867999999999999972e+01,9.000000000000000000e+00,5.720396460833330643e+00,1.196670272847619287e+00,2.865004025696357814e+00,5.347454013709290743e-01,3.743364996885268914e-01,1.301816769830299592e-01,-5.144211170332447791e-01,1.460258834509303993e-01,-2.446125433464760579e-01,-3.845103829909010118e-01,1.527154408551050002e+00
1.869999999999999929e+01,9.000000000000000000e+00,5.710059692587121205e+00,1.199514586274773809e+00,2.881025507180512424e+00,5.373659737093633426e-01,3.596398558499188658e-01,1.314759519734227666e-01,-5.192266588675689132e-01,1.384408408737584917e-01,-2.358982389644307121e-01,-3.738964689064874225e-01,1.461581101274738170e+00
1.871999999999999886e+01,9.000000000000000000e+00,5.699628573413893839e+00,1.202209360026853746e+00,2.896416435190996896e+00,5.400044394498658695e-01,3.446760397123899700e-01,1.319741800422740141e-01,-5.238553728785528829e-01,1.310738071921167813e-01,-2.269328775919836061e-01,-3.627151802052007712e-01,1.395556015021530261e+00
1.873999999999999844e+01,9.000000000000000000e+00,5.689106688834877801e+00,1.204759065481984637e+00,2.911166898060561614e+00,5.426449409110541966e-01,3.295137609030230341e-01,1.316857556446908717e-01,-5.283024249211601964e-01,1.239357886923039831e-01,-2.177351587063260929e-01,-3.510006374908996030e-01,1.329374817068511128e+00
1.876000000000000156e+01,9.000000000000000000e+00,5.678497717314315629e+00,1.207168387319899949e+00,2.925269513574065172e+00,5.452718696756538863e-01,3.142168888776902813e-01,1.306259179065634157e-01,-5.325633548398990280e-01,1.170371092485418263e-01,-2.083237817846504691e-01,-3.387869613674429625e-01,1.263297976370192588e+00
1.878000000000000114e+01,9.000000000000000000e+00,5.667805422779656155e+00,1.209442209873694996e+00,2.938719196658763799e+00,5.478699776273170396e-01,2.988440248782892050e-01,1.288151689615499862e-01,-5.366340764688206644e-01,1.103874103229748604e-01,-1.987174463041483097e-01,-3.261082724386895615e-01,1.197551458386761025e+00
1.880000000000000071e+01,9.000000000000000000e+00,5.657033647141778587e+00,1.211585603481587947e+00,2.951512928556253357e+00,5.504244764341157392e-01,2.834482164884777888e-01,1.262787047939575302e-01,-5.405108776315208363e-01,1.039956509656704553e-01,-1.889348517420118001e-01,-3.129986913084983891e-01,1.132328034560065255e+00
1.882000000000000028e+01,9.000000000000000000e+00,5.646186302815191738e+00,1.213603810838677299e+00,2.963649531584152452e+00,5.529211258190752654e-01,2.680768099482770395e-01,1.230458665541735996e-01,-5.441904201411382758e-01,9.787010781461880082e-02,-1.789946975754325431e-01,-2.994923385807278793e-01,1.067789068447577261e+00
1.883999999999999986e+01,9.000000000000000000e+00,5.635267365238246562e+00,1.215502233348700889e+00,2.975129452840761246e+00,5.553463110962826299e-01,2.527714308101109975e-01,1.191496182825844130e-01,-5.476697398003564921e-01,9.201837509573287943e-02,-1.689156832816027798e-01,-2.856233348592372989e-01,1.004066651439796232e+00
1.885999999999999943e+01,9.000000000000000000e+00,5.624280865393342488e+00,1.217286417475794025e+00,2.985954559493113170e+00,5.576871105503785619e-01,2.375680800125438141e-01,1.146260551428248675e-01,-5.509462464014021066e-01,8.644736462284842438e-02,-1.587165083377138353e-01,-2.714258007478848600e-01,9.412659752053009754e-01
1.887999999999999901e+01,9.000000000000000000e+00,5.613230882327141735e+00,1.218962041096247173e+00,2.996127947638011157e+00,5.599313533019955047e-01,2.224973300882808203e-01,1.095139446572286346e-01,-5.540177237260458520e-01,8.116330579772415565e-02,-1.484158722209578951e-01,-2.569338568505294962e-01,8.794678439792058544e-01
1.889999999999999858e+01,9.000000000000000000e+00,5.602121535670776531e+00,1.220534899850266530e+00,3.005653766149036787e+00,5.620676683366675475e-01,2.075846049802827498e-01,1.038543020703226460e-01,-5.568823295456026834e-01,7.617174561004153022e-02,-1.380324744085268673e-01,-2.421816237710302799e-01,8.187312462845809380e-01
1.892000000000000171e+01,9.000000000000000000e+00,5.590956978160054547e+00,1.222010893493729711e+00,3.014537056426002337e+00,5.640855253848087170e-01,1.928505267021294878e-01,9.768999983890935823e-02,-5.595385956209304457e-01,7.147754863740483910e-02,-1.275850143776125212e-01,-2.272032221132457008e-01,7.590959217061679087e-01
1.894000000000000128e+01,9.000000000000000000e+00,5.579741388155674997e+00,1.223396012249946763e+00,3.022783608547621181e+00,5.659752683302241572e-01,1.783113126787390645e-01,9.106541034512360966e-02,-5.619854277024318723e-01,6.708489704534117970e-02,-1.170921916054067369e-01,-2.120327724810346370e-01,7.005848732572167448e-01
1.896000000000000085e+01,9.000000000000000000e+00,5.568478962163423418e+00,1.224696323161416966e+00,3.030399833990296443e+00,5.677281417986136391e-01,1.639792088454317120e-01,8.402608023439661622e-02,-5.642221055300526977e-01,6.299729058730053899e-02,-1.065727055691015057e-01,-1.967043954782558834e-01,6.432067892733819292e-01
1.898000000000000043e+01,9.000000000000000000e+00,5.557173907354407305e+00,1.225917956441588297e+00,3.037392654810129766e+00,5.693363115395999596e-01,1.498629452663139405e-01,7.661843426739345375e-02,-5.662482828332831009e-01,5.921754660465571030e-02,-9.604525574588851367e-02,-1.812522117087681517e-01,5.869583504109063821e-01
1.900000000000000000e+01,9.000000000000000000e+00,5.545830434085237570e+00,1.227067091826614886e+00,3.043769408984218661e+00,5.707928791693093196e-01,1.359682029693408956e-01,6.888950621932998786e-02,-5.680639873311567056e-01,5.574780002670216145e-02,-8.552854161295975199e-02,-1.657103417764303754e-01,5.318264071513554292e-01
1.901999999999999957e+01,9.000000000000000000e+00,5.534452748418249080e+00,1.228149944927116488e+00,3.049537771462722535e+00,5.720918917883730526e-01,1.222980827225249034e-01,6.088669413658287510e-02,-5.696696207322513583e-01,5.258950337065841640e-02,-7.504126264750705932e-02,-1.501129062851011831e-01,4.777900212633808263e-01
1.903999999999999915e+01,9.000000000000000000e+00,5.523045044641713197e+00,1.229172753579935273e+00,3.054705690386517514e+00,5.732283469347725369e-01,1.088535684623982008e-01,5.265753714508747407e-02,-5.710659587346881283e-01,4.974342674166562506e-02,-6.460211832672231591e-02,-1.344940258386393972e-01,4.248223710582018642e-01
1.905999999999999872e+01,9.000000000000000000e+00,5.511611497790043224e+00,1.230141764199897514e+00,3.059281337868083206e+00,5.741981932741765382e-01,9.563397993383317142e-02,4.424951097670515310e-02,-5.722541510261325293e-01,4.720965783278797262e-02,-5.422980812779739507e-02,-1.188878210409038821e-01,3.728925251572373090e-01
1.907999999999999829e+01,9.000000000000000000e+00,5.500156256164003388e+00,1.231063218131568160e+00,3.063273074707602461e+00,5.749983273738407119e-01,8.263741074281048815e-02,3.570983942040939496e-02,-5.732357212837936311e-01,4.498760192501228411e-02,-4.394303152792412154e-02,-1.033284124957532246e-01,3.219670930449192170e-01
1.910000000000000142e+01,9.000000000000000000e+00,5.488683433850914284e+00,1.231943338001011856e+00,3.066689428414734575e+00,5.756265868509929939e-01,6.986114942109948600e-02,2.708531899966715173e-02,-5.740125671744246150e-01,4.307598188724821864e-02,-3.376048800429445190e-02,-8.784992080704648321e-02,2.720117630866921155e-01
1.912000000000000099e+01,9.000000000000000000e+00,5.477197103244873411e+00,1.232788314067550628e+00,3.069539083922470546e+00,5.760817401338275134e-01,5.730208223677320245e-02,1.842215431314109253e-02,-5.745869603543216630e-01,4.147283817632839431e-02,-2.370087703410019356e-02,-7.248646657864217524e-02,2.229927401218559091e-01
1.914000000000000057e+01,9.000000000000000000e+00,5.465701287566949063e+00,1.233604290575522899e+00,3.071830886406964112e+00,5.763634730235186465e-01,4.495707735679038003e-02,9.765801644078919708e-03,-5.749615464693260680e-01,4.017552883700811067e-02,-1.378289809453319727e-02,-5.727217041439913725e-02,1.748780953469377120e-01
1.916000000000000014e+01,9.000000000000000000e+00,5.454199953385405308e+00,1.234397352106039847e+00,3.073573855660995946e+00,5.764723721995906880e-01,3.282335058952434714e-02,1.160818637684357668e-03,-5.751393451548217906e-01,3.918072950196562626e-02,-4.025250662785482061e-03,-4.224115291817636536e-02,1.276390411208501441e-01
1.917999999999999972e+01,9.000000000000000000e+00,5.442697003135895883e+00,1.235173509928747748e+00,3.074777211504232444e+00,5.764099057690260652e-01,2.089881332628495264e-02,-7.349281939255547513e-03,-5.751237500357374577e-01,3.848443339180188105e-02,5.553365783951204511e-03,-2.742753469383250875e-02,8.125114265997067375e-02
1.919999999999999929e+01,9.000000000000000000e+00,5.431196267641685616e+00,1.235938688353582116e+00,3.075450409746641522e+00,5.761784009220204394e-01,9.182403486706574788e-03,-1.572217610784498731e-02,-5.749185287265452526e-01,3.808195131504073933e-02,1.493425176848510449e-02,-1.286543634522607261e-02,3.569547744044911097e-02
1.921999999999999886e+01,9.000000000000000000e+00,5.419701498633849646e+00,1.236698711082528934e+00,3.075603188248974718e+00,5.757810187247122125e-01,-2.325599718816097165e-03,-2.391687175411938426e-02,-5.745278228312608038e-01,3.796791166812885782e-02,2.409870781362411993e-02,1.411021523783694952e-03,-9.040248440922191847e-03
1.923999999999999844e+01,9.000000000000000000e+00,5.408216361271493966e+00,1.237459287561382348e+00,3.075245622643065335e+00,5.752217260518557307e-01,-1.362327653663699539e-02,-3.189385210017370298e-02,-5.739561479434441837e-01,3.813626043543572736e-02,3.302803444217658480e-02,1.536771830933847220e-02,-5.296061961960378539e-02
1.926000000000000156e+01,9.000000000000000000e+00,5.396744426661951088e+00,1.238225999331503457e+00,3.074388191282401372e+00,5.745052646407051711e-01,-2.470678251355911542e-02,-3.961522050214405510e-02,-5.732083936461989104e-01,3.858026118925364512e-02,4.170353217695043496e-02,2.897053340757908130e-02,-9.606146143739856258e-02
1.928000000000000114e+01,9.000000000000000000e+00,5.385289164380999694e+00,1.239004286381577780e+00,3.073041848987843494e+00,5.736371172317699108e-01,-3.557007937190355407e-02,-4.704484719038148910e-02,-5.722898235121725019e-01,3.929249508979774236e-02,5.010650154075393936e-02,4.218534621464701401e-02,-1.383288179523112782e-01
1.930000000000000071e+01,9.000000000000000000e+00,5.373853934993070069e+00,1.239799433499374937e+00,3.071218109132875629e+00,5.726234707530899470e-01,-4.620468126028240419e-02,-5.414851822290600580e-02,-5.712060751035564765e-01,4.026486088520597750e-02,5.821824305639514141e-02,5.497803612668328288e-02,-1.797379581403572013e-01
1.932000000000000028e+01,9.000000000000000000e+00,5.362441982571451327e+00,1.240616556623506117e+00,3.068929133576058454e+00,5.714711765028537283e-01,-5.659941716435794301e-02,-6.089408654843708746e-02,-5.699631599720856867e-01,4.148857491153913613e-02,6.602005724668222331e-02,6.731448253982930119e-02,-2.202524133813948126e-01
1.933999999999999986e+01,9.000000000000000000e+00,5.351056427218505718e+00,1.241460589195183095e+00,3.066187829894762018e+00,5.701877072911525346e-01,-6.674021070300371894e-02,-6.725162466834078145e-02,-5.685674636590394293e-01,4.295417109278083095e-02,7.349324463442329092e-02,7.916056485022616995e-02,-2.598230524031003297e-01
1.935999999999999943e+01,9.000000000000000000e+00,5.339700257585870524e+00,1.242336268509976582e+00,3.063007955303446828e+00,5.687811115161200970e-01,-7.660987894814182131e-02,-7.319357794461822664e-02,-5.670257456952404462e-01,4.465150094083745330e-02,8.061910574242646399e-02,9.048216245401509428e-02,-2.983872030251596974e-01
1.937999999999999901e+01,9.000000000000000000e+00,5.328376323394674152e+00,1.243248122069574579e+00,3.059404226552211004e+00,5.672599641733678810e-01,-8.618795226217541849e-02,-7.869491712341769585e-02,-5.653451396010553687e-01,4.656973355553832572e-02,8.737894109349986227e-02,1.012451547473373348e-01,-3.358678332227292285e-01
1.939999999999999858e+01,9.000000000000000000e+00,5.317087327955740683e+00,1.244200453933541173e+00,3.055392434998085438e+00,5.656333148311835091e-01,-9.545051741795868017e-02,-8.373328813118696701e-02,-5.635331528863944950e-01,4.869735562463547995e-02,9.375405121045170265e-02,1.114154211263341937e-01,-3.721728071177373143e-01
1.942000000000000171e+01,9.000000000000000000e+00,5.305835820689801530e+00,1.245197331071074220e+00,3.050989565924542291e+00,5.639106326481201359e-01,-1.043700864280698443e-01,-8.828915665594649909e-02,-5.615976670507126789e-01,5.102217142380376103e-02,9.972573661608995221e-02,1.209588409871465986e-01,-4.071942343903029449e-01
1.944000000000000128e+01,9.000000000000000000e+00,5.294624189647700874e+00,1.246242569712764814e+00,3.046213921056651674e+00,5.621017485649454359e-01,-1.129154935429228790e-01,-9.234594445450383660e-02,-5.595469375830076642e-01,5.353130281664102152e-02,1.052752978332229111e-01,1.298412937259161293e-01,-4.408079341401491824e-01
1.946000000000000085e+01,9.000000000000000000e+00,5.283454654030611763e+00,1.247339721702354964e+00,3.041085243084021617e+00,5.602167948699400268e-01,-1.210518227680056624e-01,-9.589015373632392425e-02,-5.573895939618216389e-01,5.621118925466775385e-02,1.103840353846585742e-01,1.380286587387838382e-01,-4.728730362590647385e-01
1.948000000000000043e+01,9.000000000000000000e+00,5.272329256710239775e+00,1.248492060848496177e+00,3.035624840865755125e+00,5.582661424154925500e-01,-1.287403679957469516e-01,-9.891147537632249964e-02,-5.551346396552405693e-01,5.904758777732729141e-02,1.150332497932052001e-01,1.454868154218909582e-01,-5.032317447250629350e-01
1.950000000000000000e+01,9.000000000000000000e+00,5.261249856749030229e+00,1.249702569276508468e+00,3.029855713856858923e+00,5.562603358548872112e-01,-1.359386274555524909e-01,-1.014028761168059845e-01,-5.527914521208940890e-01,6.202557301198591971e-02,1.192042415816708251e-01,1.521816431713787499e-01,-5.317092877148776875e-01
1.951999999999999957e+01,9.000000000000000000e+00,5.250218121920383396e+00,1.250973923780138053e+00,3.023802674170307903e+00,5.542100273708203684e-01,-1.426003336791174525e-01,-1.033606593508125115e-01,-5.503697828059556096e-01,6.512953717393260566e-02,1.228783112728635829e-01,1.580790213833883628e-01,-5.581140788773529815e-01
1.953999999999999915e+01,9.000000000000000000e+00,5.239235521228859049e+00,1.252308482173316140e+00,3.017492464580585843e+00,5.521259094808548262e-01,-1.486755195960755838e-01,-1.047844935545612088e-01,-5.478797571471425432e-01,6.834319006637921967e-02,1.260367593895916349e-01,1.631448294540610577e-01,-5.822381123606441555e-01
1.955999999999999872e+01,9.000000000000000000e+00,5.228303317430390784e+00,1.253708269641917949e+00,3.010953870690533662e+00,5.500186476286380577e-01,-1.541106207736042122e-01,-1.056774019790420738e-01,-5.453318745707163018e-01,7.164955908046043154e-02,1.286608864546631148e-01,1.673449467795380952e-01,-6.038576111257591972e-01
1.957999999999999829e+01,9.000000000000000000e+00,5.217422559552485239e+00,1.255174965095519735e+00,3.004217825431422906e+00,5.478988134016932188e-01,-1.588486132666166173e-01,-1.060457068430853411e-01,-5.427370084924817428e-01,7.503098919523371046e-02,1.307319929908861145e-01,1.706452527559605969e-01,-6.227339436548093854e-01
1.960000000000000142e+01,9.000000000000000000e+00,5.206594075414442635e+00,1.256709887519158908e+00,2.997317504053447657e+00,5.457768193549143998e-01,-1.628291861431897525e-01,-1.058989210176886075e-01,-5.401064063177878349e-01,7.846914297767942914e-02,1.322313795210687815e-01,1.730116267794698515e-01,-6.386148184061672950e-01
1.962000000000000099e+01,9.000000000000000000e+00,5.195818464147558657e+00,1.258313982325091063e+00,2.990288407796329651e+00,5.436628565609854524e-01,-1.659889475983107043e-01,-1.052495800761494849e-01,-5.374516894415272139e-01,8.194500058270069720e-02,1.331403465680192078e-01,1.744099482462069806e-01,-6.512357584196978300e-01
1.964000000000000057e+01,9.000000000000000000e+00,5.185096088715337892e+00,1.259987807704550100e+00,2.983168434511693778e+00,5.415668361518685137e-01,-1.682616637849601027e-01,-1.041130076278875549e-01,-5.347848532481365158e-01,8.543885975312351388e-02,1.334401946545455686e-01,1.748060965523133281e-01,-6.603218505981346409e-01
1.966000000000000014e+01,9.000000000000000000e+00,5.174427068433696597e+00,1.261731520979504362e+00,2.975997934641985587e+00,5.394983362558700701e-01,-1.695785301998786743e-01,-1.025070070712512660e-01,-5.321182671115960439e-01,8.893033581969664314e-02,1.331122243034560115e-01,1.741659510939300437e-01,-6.655897557891918837e-01
1.967999999999999972e+01,9.000000000000000000e+00,5.163811271491180577e+00,1.263544864954417202e+00,2.968819751143342511e+00,5.374665558690185918e-01,-1.698684767896470882e-01,-1.004514733019377104e-01,-5.294646743954303236e-01,9.239836170109166913e-02,1.321377360375585730e-01,1.724553912671983602e-01,-6.667499574126505291e-01
1.969999999999999929e+01,9.000000000000000000e+00,5.153248307469166178e+00,1.265427154268004450e+00,2.961679242166381343e+00,5.354802773237926639e-01,-1.690585100153202680e-01,-9.796791850217267950e-02,-5.268371924527071037e-01,9.582118790390316276e-02,1.304980303796615115e-01,1.696402964682595937e-01,-6.635092186970800165e-01
1.971999999999999886e+01,9.000000000000000000e+00,5.142737519862073725e+00,1.267377261744993211e+00,2.954624285569126929e+00,5.335478391289317779e-01,-1.670740980442950441e-01,-9.507890690546183521e-02,-5.242493126260384662e-01,9.917638252264829313e-02,1.281744078525728914e-01,1.656865460932548384e-01,-6.555732124036418584e-01
1.973999999999999844e+01,9.000000000000000000e+00,5.132277978597578283e+00,1.269393604747879989e+00,2.947705264615119169e+00,5.316771210475742526e-01,-1.638396091190497950e-01,-9.180739436938267772e-02,-5.217149002475800490e-01,1.024408312397671883e-01,1.251481689791008323e-01,1.605600195383253825e-01,-6.426492830873593576e-01
1.976000000000000156e+01,9.000000000000000000e+00,5.121868472556813323e+00,1.271474131528689266e+00,2.940975034486803974e+00,5.298755433541562088e-01,-1.592788180413405863e-01,-8.817596967378804607e-02,-5.192481946390316017e-01,1.055907373256227688e-01,1.214006142820534123e-01,1.542265961996123202e-01,-6.244493013730378905e-01
1.978000000000000114e+01,9.000000000000000000e+00,5.111507502094585043e+00,1.273616307580732299e+00,2.934488869494479513e+00,5.281500822606224332e-01,-1.533155016087110467e-01,-8.420599566920294876e-02,-5.168638091116364297e-01,1.086016216385007616e-01,1.169130442842388762e-01,1.466521554732570232e-01,-6.006925732628072279e-01
1.980000000000000071e+01,9.000000000000000000e+00,5.101193271559576914e+00,1.275817101990364799e+00,2.928304391054667111e+00,5.265073035273881707e-01,-1.458741506616538230e-01,-7.991664970317913230e-02,-5.145767309661817279e-01,1.114483226246097136e-01,1.116667595084652603e-01,1.378025767554006409e-01,-5.711087759000097464e-01
1.982000000000000028e+01,9.000000000000000000e+00,5.090923681814564894e+00,1.278072973788746181e+00,2.922481476615718332e+00,5.249534162724953656e-01,-1.368808339257314433e-01,-7.532386412861136193e-02,-5.124023214929988024e-01,1.141049963180810478e-01,1.056430604775407261e-01,1.276437394421844063e-01,-5.354409050687289895e-01
1.983999999999999986e+01,9.000000000000000000e+00,5.080696322756618422e+00,1.280379858303597906e+00,2.917082149687247217e+00,5.234943489622437829e-01,-1.262642566490905782e-01,-7.043916913393211132e-02,-5.103563159719624043e-01,1.165451163409689517e-01,9.882324771427339338e-02,1.161415229297495244e-01,-4.934482393406162681e-01
1.985999999999999943e+01,9.000000000000000000e+00,5.070508465837318290e+00,1.282733153510961399e+00,2.912170450947404454e+00,5.221358495071380945e-01,-1.139570644493800716e-01,-6.526844163560063805e-02,-5.084548236724915071e-01,1.187414739032505162e-01,9.118862174147145117e-02,1.032618066142372559e-01,-4.449093512060055544e-01
1.987999999999999901e+01,9.000000000000000000e+00,5.060357056582956758e+00,1.285127706386957058e+00,2.907812290022994794e+00,5.208836112968198151e-01,-9.989744872398456654e-02,-5.981056556536223923e-02,-5.067143278535484185e-01,1.206661778028255555e-01,8.272048308194294985e-02,8.897046989178880594e-02,-3.896252263806549987e-01
1.989999999999999858e+01,9.000000000000000000e+00,5.050238707114758085e+00,1.287557799259542390e+00,2.904075276930132787e+00,5.197434268845236849e-01,-8.403111288743833618e-02,-5.405601062946274737e-02,-5.051516857636397795e-01,1.222906544255167594e-01,7.340013225849602307e-02,7.323339215854532402e-02,-3.274225879569729325e-01
1.992000000000000171e+01,9.000000000000000000e+00,5.040149688669073313e+00,1.290017136160270583e+00,2.901028531301418134e+00,5.187213708716411631e-01,-6.631365645052562929e-02,-4.798533861297116232e-02,-5.037841286408160091e-01,1.235856477450696655e-01,6.320886979393895710e-02,5.601645281064832060e-02,-2.581575608535084942e-01
1.994000000000000128e+01,9.000000000000000000e+00,5.030085924117602580e+00,1.292498829176049080e+00,2.898742466392103534e+00,5.178240133400047185e-01,-4.671342382113264496e-02,-4.156764869240703320e-02,-5.026292617126709716e-01,1.245212193231526182e-01,5.212799621107964271e-02,3.728553124423858445e-02,-1.817198521970013469e-01
1.996000000000000085e+01,9.000000000000000000e+00,5.020042980487597006e+00,1.294995384800897931e+00,2.897288543446910669e+00,5.170586649239449217e-01,-2.521484347982680743e-02,-3.475897619514434211e-02,-5.017050641963427537e-01,1.250667483093567400e-01,4.013881203272630371e-02,1.700650685545752536e-02,-9.803766222326729118e-02
1.998000000000000043e+01,9.000000000000000000e+00,5.010016061482067684e+00,1.297498690287707923e+00,2.896738990332024422e+00,5.164336542921990070e-01,-1.822247525394249303e-03,-2.750066303856613104e-02,-5.010298892985131092e-01,1.251909314411960294e-01,2.722261778168708415e-02,-4.854740959553615134e-03,-7.083574508740507654e-03
2.000000000000000000e+01,1.000000000000000000e+01,5.000000000000000000e+00,1.300000000000000044e+00,2.897166476425919068e+00,5.159586384024023031e-01,2.343589127203382638e-02,-1.935124903419449538e-02,-5.006224642154077920e-01,1.248617830441073329e-01,1.336071398077010031e-02,-2.833233280465363713e-02,9.111830074117699407e-02
2.001999999999999957e+01,1.000000000000000000e+01,4.989989366723992070e+00,1.302490823132953501e+00,2.898376598154714490e+00,5.156596043308312449e-01,3.674589832156630043e-02,-1.027720538153964469e-02,-5.004829625341900012e-01,1.241838626860589934e-01,7.306783829955986820e-04,-3.933286013762220951e-02,1.429055242403421688e-01
2.003999999999999915e+01,1.000000000000000000e+01,4.979979053673224243e+00,1.304965938232647726e+00,2.900101711260012927e+00,5.155475501871407129e-01,4.911535393953770506e-02,-1.208701345472462663e-03,-5.005876463026861511e-01,1.232934907977673855e-01,-1.106074060452495039e-02,-4.958006359584926637e-02,1.910782741933724771e-01
2.005999999999999872e+01,1.000000000000000000e+01,4.969964343698177522e+00,1.307421245902146145e+00,2.902304547099363141e+00,5.156112562770123198e-01,6.052627434925081373e-02,7.310606548163178786e-03,-5.009199177655253576e-01,1.222055791907152716e-01,-2.203100066519914774e-02,-5.908940978053830312e-02,2.355696562553698248e-01
2.007999999999999829e+01,1.000000000000000000e+01,4.959940848112906586e+00,1.309852941887421407e+00,2.904947773413999457e+00,5.158399744490672623e-01,7.097058723440519135e-02,1.530221112497542890e-02,-5.014635283210046035e-01,1.209347303443613908e-01,-3.219755948243459287e-02,-6.787636529289275966e-02,2.763459018433544467e-01
2.010000000000000142e+01,1.000000000000000000e+01,4.949904499711962558e+00,1.312257510890715073e+00,2.907994209448774292e+00,5.162233447220113680e-01,8.044906284284430997e-02,2.278366001812948127e-02,-5.022025785210891824e-01,1.194952374061404310e-01,-4.157787473963883706e-02,-7.595639673411609671e-02,3.134035769178639130e-01
2.012000000000000099e+01,1.000000000000000000e+01,4.939851545787318443e+00,1.314631720383897306e+00,2.911407021001307882e+00,5.167513208497924726e-01,8.897024881511567118e-02,2.976900333108645214e-02,-5.031215180714125879e-01,1.179010841914629182e-01,-5.018940412021950098e-02,-8.334497070541181662e-02,3.467667583605077986e-01
2.014000000000000057e+01,1.000000000000000000e+01,4.929778541145299897e+00,1.316972614421827004e+00,2.915149895836123495e+00,5.174141048552548527e-01,9.654943448089213509e-02,3.626923920640479082e-02,-5.042051458312764023e-01,1.161659451837154244e-01,-5.804960530758417059e-02,-9.005755380798335930e-02,3.764842059235283256e-01
2.016000000000000014e+01,1.000000000000000000e+01,4.919682341123509772e+00,1.319277507455709264e+00,2.919187199948752198e+00,5.182020904180486554e-01,1.032076631595362504e-01,4.229275059326376152e-02,-5.054386098136507410e-01,1.143031855342604430e-01,-6.517593598514043185e-02,-9.610961264303424789e-02,4.026265544817436703e-01
2.017999999999999972e+01,1.000000000000000000e+01,4.909560094607750891e+00,1.321543978146455744e+00,2.923484115209436851e+00,5.191058148789853277e-01,1.089708048153107955e-01,4.784572754384619486e-02,-5.068074071851729201e-01,1.123258610624362497e-01,-7.158585383629589849e-02,-1.015166138117678529e-01,4.252835491581900551e-01
2.019999999999999929e+01,1.000000000000000000e+01,4.899409237048962140e+00,1.323769863178046569e+00,2.928006758961824829e+00,5.201159195198024054e-01,1.138686963657805917e-01,5.293257035951093314e-02,-5.082973842661492325e-01,1.102467182555571523e-01,-7.729681654445813566e-02,-1.062940239153877114e-01,4.445613443887692084e-01
2.021999999999999886e+01,1.000000000000000000e+01,4.889227483480137693e+00,1.325953251070886685e+00,2.932722286201795647e+00,5.212231176933657117e-01,1.179343530098171389e-01,5.755626984468165119e-02,-5.098947365305540602e-01,1.080781942689134495e-01,-8.232628179303472238e-02,-1.104573095550972495e-01,4.605798867742599279e-01
2.023999999999999844e+01,1.000000000000000000e+01,4.879012821533255995e+00,1.328092475995166666e+00,2.937598975016060265e+00,5.224181703135896138e-01,1.212032510315425166e-01,6.171876180289714853e-02,-5.115860086060294298e-01,1.058324169257713054e-01,-8.669170726543327932e-02,-1.140219373321000040e-01,4.734704003586865939e-01
2.026000000000000156e+01,1.000000000000000000e+01,4.868763504456203428e+00,1.330186111584223063e+00,2.942606296018547063e+00,5.236918681654817442e-01,1.237126805037315064e-01,6.542125371932883127e-02,-5.133580942738861230e-01,1.035212047173728056e-01,-9.041055064506139938e-02,-1.170033738475994012e-01,4.833729915757286055e-01
2.028000000000000114e+01,1.000000000000000000e+01,4.858478044129706852e+00,1.332232964747895210e+00,2.947714966582801743e+00,5.250350204623628336e-01,1.255011649951891239e-01,6.866452231367325965e-02,-5.151982364691028993e-01,1.011560668029359844e-01,-9.350026961532663383e-02,-1.194170857027988947e-01,4.904343894058398323e-01
2.030000000000000071e+01,1.000000000000000000e+01,4.848155204084254599e+00,1.334232069485888461e+00,2.952896990728044457e+00,5.264384490580286124e-01,1.266079446194676161e-01,7.144918131312039122e-02,-5.170940272803260518e-01,9.874820300965479747e-02,-9.597832185963658946e-02,-1.212785394989019522e-01,4.948058342442667179e-01
2.032000000000000028e+01,1.000000000000000000e+01,4.837793992517028130e+00,1.336182680701130332e+00,2.958125685572277064e+00,5.278929877148875738e-01,1.270725183993794971e-01,7.377591938321081955e-02,-5.190334079498711839e-01,9.630850383269917714e-02,-9.786216506139885918e-02,-1.226032018371120969e-01,4.966411266115797751e-01
2.033999999999999986e+01,1.000000000000000000e+01,4.827393655308821252e+00,1.338084268013133293e+00,2.963375695315106917e+00,5.293894858333569875e-01,1.269342418368775149e-01,7.564570866571251884e-02,-5.210046688737212106e-01,9.384755043521492146e-02,-9.916925690402111915e-02,-1.234065393186327408e-01,4.960948442052358631e-01
2.035999999999999943e+01,1.000000000000000000e+01,4.816953669040977104e+00,1.339936509571350909e+00,2.968622993753333716e+00,5.309188160615160301e-01,1.262319756688519701e-01,7.705998480569142828e-02,-5.229964496015273578e-01,9.137561464832381908e-02,-9.991705507091082350e-02,-1.237040185446673934e-01,4.933207329837066002e-01
2.037999999999999901e+01,1.000000000000000000e+01,4.806473734012302934e+00,1.341739285868538412e+00,2.973844876361891210e+00,5.324718852255845292e-01,1.250037819780343562e-01,7.802079970631226047e-02,-5.249977388366089404e-01,8.890265897112348270e-02,-1.001230172454756345e-01,-1.235111061164194945e-01,4.884702750998993204e-01
2.039999999999999858e+01,1.000000000000000000e+01,4.795953767256007971e+00,1.343492673554114836e+00,2.979019942990148273e+00,5.340396480497684450e-01,1.232866640580397577e-01,7.853094853323661084e-02,-5.269978744359535838e-01,8.643833657068755727e-02,-9.980460111112315902e-02,-1.228432686350925396e-01,4.816914336667820207e-01
2.042000000000000171e+01,1.000000000000000000e+01,4.785393895556621757e+00,1.345196939247518264e+00,2.984128072228165784e+00,5.356131231669142290e-01,1.211163466649507608e-01,7.859407270372109622e-02,-5.289865434102171138e-01,8.399199128206559506e-02,-9.897926435126089273e-02,-1.217159727018898990e-01,4.731275716475243920e-01
2.044000000000000128e+01,1.000000000000000000e+01,4.774794448466925800e+00,1.346852533351569958e+00,2.989150388489218546e+00,5.371834109579175509e-01,1.185270935022700867e-01,7.821474074424372702e-02,-5.309537819237233336e-01,8.157265760828311119e-02,-9.766446464929651183e-02,-1.201446849180151655e-01,4.629165397031883011e-01
2.046000000000000085e+01,1.000000000000000000e+01,4.764155951324879901e+00,1.348460083865828718e+00,2.994069222834228494e+00,5.387417127966839248e-01,1.155515589708307478e-01,7.739850899069011803e-02,-5.328899752944642465e-01,7.918906072034144483e-02,-9.587765968863759536e-02,-1.181448718846717233e-01,4.511899256727135432e-01
2.048000000000000043e+01,1.000000000000000000e+01,4.753479118270544035e+00,1.350020390199956122e+00,2.998868068531693076e+00,5.402793513175451201e-01,1.122206713681078022e-01,7.615196414299951755e-02,-5.347858579941001667e-01,7.684961645721798129e-02,-9.363630715269173621e-02,-1.157320002030631095e-01,4.380724565514175772e-01
2.050000000000000000e+01,1.000000000000000000e+01,4.742764845263010898e+00,1.351534416987069998e+00,3.003531532304537066e+00,5.417877913624038477e-01,1.085635448457472341e-01,7.448274967861934215e-02,-5.366325136479592750e-01,7.456243132586599931e-02,-9.095786472486648566e-02,-1.129215364743927641e-01,4.236815424033266719e-01
2.051999999999999957e+01,1.000000000000000000e+01,4.732014203097326899e+00,1.353003287897108775e+00,3.008045282164684586e+00,5.432586613046898050e-01,1.046074175367311121e-01,7.239957808375230286e-02,-5.384213750350383965e-01,7.233530250121467109e-02,-8.785979008856945049e-02,-1.097289472998641408e-01,4.081269505975461676e-01
2.053999999999999915e+01,1.000000000000000000e+01,4.721228430421425593e+00,1.354428279450189621e+00,3.012395992678780665e+00,5.446837744857538910e-01,1.003776133525966091e-01,6.991223078428099313e-02,-5.401442240880017787e-01,7.017571782616913167e-02,-8.435954092720826525e-02,-1.061696992806807210e-01,3.915105980906102845e-01
2.055999999999999872e+01,1.000000000000000000e+01,4.710408926753048675e+00,1.355810814829966127e+00,3.016571288446173948e+00,5.460551505360610181e-01,9.589752503474656409e-02,6.703154755649975982e-02,-5.417931918931823132e-01,6.809085581161045120e-02,-8.047457492419050895e-02,-1.022592590180460004e-01,3.739264491623621178e-01
2.057999999999999829e+01,1.000000000000000000e+01,4.699557245496673197e+00,1.357152457696989778e+00,3.020559686504800112e+00,5.473650363880138148e-01,9.118861612948753192e-02,6.376940707758471660e-02,-5.433607586905809805e-01,6.608758563639559325e-02,-7.622234976292373287e-02,-9.801309311316343253e-02,3.554605060189440224e-01
2.060000000000000142e+01,1.000000000000000000e+01,4.688675086960440552e+00,1.358454906002069862e+00,3.024350538313660408e+00,5.486059268191645355e-01,8.627043964990337155e-02,6.013870014262678865e-02,-5.448397538738668500e-01,6.417246714735752589e-02,-7.162032312681554380e-02,-9.344666816723641578e-02,3.361908799623308797e-01
2.062000000000000099e+01,1.000000000000000000e+01,4.677764291373085470e+00,1.359719985799630937e+00,3.027933971893696619e+00,5.497705843937190640e-01,8.116067129322133977e-02,5.615329693366888364e-02,-5.462233559903773017e-01,6.235175085930507594e-02,-6.668595269927352076e-02,-8.857545078146847328e-02,3.161879313471016584e-01
2.064000000000000057e+01,1.000000000000000000e+01,4.666826831900853456e+00,1.360949645061074076e+00,3.031300834643424036e+00,5.508520586965112154e-01,7.587515520238781452e-02,5.182800958155020510e-02,-5.475050927411175827e-01,6.063137795502303307e-02,-6.143669616370527053e-02,-8.341490755706310045e-02,2.955144672562168284e-01
2.066000000000000014e+01,1.000000000000000000e+01,4.655864807664438665e+00,1.362145947488135889e+00,3.034442637282833033e+00,5.518437047769810810e-01,7.042796039599380498e-02,4.717855111616664487e-02,-5.486788409807613620e-01,5.901698028527209428e-02,-5.589001120351843460e-02,-7.798050509522376494e-02,2.742259866841116889e-01
2.067999999999999972e+01,1.000000000000000000e+01,4.644880436755898678e+00,1.363311066326247323e+00,3.037351499319776771e+00,5.527392007411578989e-01,6.483144614094271674e-02,4.222149175848599612e-02,-5.497388267176502863e-01,5.751388036878895410e-02,-5.006335550212046015e-02,-7.228770999715386503e-02,2.523709639759345036e-01
2.069999999999999929e+01,1.000000000000000000e+01,4.633876049255593266e+00,1.364447278177894241e+00,3.040020096378103887e+00,5.535325644473204632e-01,5.909633470574455344e-02,3.697421337059836333e-02,-5.506796251137942022e-01,5.612709139228612421e-02,-4.397418674291913437e-02,-6.635198886405696550e-02,2.299911622989531390e-01
2.071999999999999886e+01,1.000000000000000000e+01,4.622854080249105380e+00,1.365556956815977552e+00,3.042441609676717729e+00,5.542181692759817757e-01,5.323179010671209160e-02,3.145486274937070448e-02,-5.514961604848712673e-01,5.486131721045218318e-02,-3.763996260932195997e-02,-6.018880829713652014e-02,2.071219699836422401e-01
2.073999999999999844e+01,1.000000000000000000e+01,4.611817062844162152e+00,1.366642566997168906e+00,3.044609677903938660e+00,5.547907589572952380e-01,4.724550164182421408e-02,2.568230432675910890e-02,-5.521837063002272838e-01,5.372095234595149205e-02,-3.107814078473641883e-02,-5.381363489759587865e-02,1.837927536405833950e-01
2.076000000000000156e+01,1.000000000000000000e+01,4.600767621187570100e+00,1.367706658275275933e+00,3.046518351692243609e+00,5.552454614490521800e-01,4.114377119461729015e-02,1.967607272553806297e-02,-5.527378851828768092e-01,5.271008198942445794e-02,-2.430617895257022529e-02,-4.724193526663859888e-02,1.600272230132144813e-01
2.078000000000000114e+01,1.000000000000000000e+01,4.589708463482142342e+00,1.368751858814596822e+00,3.048162050864752004e+00,5.555778018663167783e-01,3.493160348018319039e-02,1.345632551402786703e-02,-5.531546689095022673e-01,5.183248199948736756e-02,-1.734153479623090979e-02,-4.048917600546812073e-02,1.358438035487839757e-01
2.080000000000000071e+01,1.000000000000000000e+01,4.578642375003617815e+00,1.369780869203283569e+00,3.049535524596699965e+00,5.557837144696132770e-01,2.861279859438275661e-02,7.043796407202762566e-03,-5.534303784104542823e-01,5.109161890273244966e-02,-1.020166599912612423e-02,-3.357082371528800901e-02,1.112560136483754097e-01
2.082000000000000028e+01,1.000000000000000000e+01,4.567572211117592040e+00,1.370796456266698327e+00,3.050633814612438321e+00,5.558595537226048711e-01,2.219004641316501408e-02,4.597490734408182789e-04,-5.535616837697515669e-01,5.049064989372788193e-02,-2.904030244663387359e-03,-2.650234499730159607e-02,8.627284448330115041e-02
2.083999999999999986e+01,1.000000000000000000e+01,4.556500890296444339e+00,1.371801446880775543e+00,3.051452221521085750e+00,5.558021044325509585e-01,1.566502256918339553e-02,-6.274068373086194583e-03,-5.535456042250812558e-01,5.003242283501774940e-02,4.533914783749547900e-03,-1.929920645271253343e-02,6.089914113473511581e-02
2.085999999999999943e+01,1.000000000000000000e+01,4.545431387136263268e+00,1.372798721785378762e+00,3.051986274381515596e+00,5.556085909876814499e-01,9.038485905767352363e-03,-1.313546818630051405e-02,-5.533795081677981287e-01,4.971947625712205832e-02,1.209471140270529897e-02,-1.197687468272404764e-02,3.513598462397844041e-02
2.087999999999999901e+01,1.000000000000000000e+01,4.534366725373772944e+00,1.373791209397662749e+00,3.052231703579631361e+00,5.552766857050989158e-01,2.310377472093765299e-03,-2.010186716532302853e-02,-5.530611131429254979e-01,4.955403935853677083e-02,1.976090192879624910e-02,-4.550816288539726896e-03,8.981075152241401599e-03
2.089999999999999858e+01,1.000000000000000000e+01,4.523309970903262922e+00,1.374781879625432524e+00,3.052184417097509428e+00,5.548045163010685288e-01,-4.520078723383409020e-03,-2.715033031020475107e-02,-5.525884858491547647e-01,4.953803200573375642e-02,2.751502867861466833e-02,2.963502128636922531e-03,-1.757088243749672235e-02
2.092000000000000171e+01,1.000000000000000000e+01,4.512264224793507417e+00,1.375773737680500819e+00,3.051840480254625732e+00,5.541906724926906058e-01,-1.145427284288298014e-02,-3.425761412457006827e-02,-5.519600421388453082e-01,4.967306473316082660e-02,3.533963396875308693e-02,1.055061396760251582e-02,-4.452778932596555134e-02
2.094000000000000128e+01,1.000000000000000000e+01,4.501232616304701395e+00,1.376769817892050440e+00,3.051196099005604179e+00,5.534342117360856461e-01,-1.849410374624077882e-02,-4.140020978141834007e-02,-5.511745470180251516e-01,4.996043874324174183e-02,4.321726011580387383e-02,1.819505262715349209e-02,-7.189975727529891725e-02
2.096000000000000085e+01,1.000000000000000000e+01,4.490218295905379797e+00,1.377773177519991066e+00,3.050247606886403062e+00,5.525346641014339255e-01,-2.564187031518274512e-02,-4.855438641176235137e-02,-5.502311146463898517e-01,5.040114590637616993e-02,5.113044943635938061e-02,2.588135150608641619e-02,-9.969870431093209862e-02
2.098000000000000043e+01,1.000000000000000000e+01,4.479224428289350968e+00,1.378786890568321599e+00,3.048991455711063114e+00,5.514920362796151831e-01,-3.290015887841203635e-02,-5.569623481529717424e-02,-5.491292083373032762e-01,5.099586876093972765e-02,5.906174424701214620e-02,3.359404400319785516e-02,-1.279379382775381324e-01
2.100000000000000000e+01,1.000000000000000000e+01,4.468254185392614097e+00,1.379814041598487639e+00,3.047424210133728995e+00,5.503068147088220341e-01,-4.027172596260990278e-02,-6.280171192839389960e-02,-5.478686405577980478e-01,5.174498051328392523e-02,6.699368686435447362e-02,4.131766351728433095e-02,-1.566317245880306519e-01
2.101999999999999957e+01,1.000000000000000000e+01,4.457310739410293543e+00,1.380857719542740947e+00,3.045542546205051604e+00,5.489799678024794849e-01,-4.775937553697960636e-02,-6.984668641710101156e-02,-5.464495729285738790e-01,5.264854503773624961e-02,7.490881960497881853e-02,4.903674344714233774e-02,-1.857948341076624543e-01
2.103999999999999915e+01,1.000000000000000000e+01,4.446397255813562488e+00,1.381921011517500020e+00,3.043343254067838899e+00,5.475129472521380603e-01,-5.536582988537190608e-02,-7.680698579255285097e-02,-5.448725162239996811e-01,5.370631687660006037e-02,8.278968478547757415e-02,5.673581719156846337e-02,-2.154420667969622616e-01
2.105999999999999872e+01,1.000000000000000000e+01,4.435516886366571931e+00,1.383006996636710006e+00,3.040823244953310134e+00,5.459076883707774108e-01,-6.309359323383538498e-02,-8.365844547217804461e-02,-5.431383303721117883e-01,5.491774124015474934e-02,9.061882472244311981e-02,6.439941814935916387e-02,-2.455877464854144543e-01
2.107999999999999829e+01,1.000000000000000000e+01,4.424672762143372573e+00,1.384118739825199951e+00,3.037979562655954258e+00,5.441666094332510140e-01,-7.094480728670961300e-02,-9.037696023235497478e-02,-5.412482244546148458e-01,5.628195400665551851e-02,9.837878173246797364e-02,7.201207971931106178e-02,-2.762451819733941494e-01
2.110000000000000142e+01,1.000000000000000000e+01,4.413867986544844690e+00,1.385259285632044479e+00,3.034809399681026587e+00,5.422926099614828743e-01,-7.892109788570092488e-02,-9.693853851681311085e-02,-5.392037567068820314e-01,5.779778172233357436e-02,1.060520981321444317e-01,7.955833530022062006e-02,-3.074260895775334790e-01
2.112000000000000099e+01,1.000000000000000000e+01,4.403105628315628017e+00,1.386431652043922824e+00,3.031310118273422116e+00,5.402890678925782453e-01,-8.702341210873959509e-02,-1.033193600778066212e-01,-5.370068345179541680e-01,5.946374160139605847e-02,1.136213162380648872e-01,8.702271829088435717e-02,-3.391399722630492053e-01
2.114000000000000057e+01,1.000000000000000000e+01,4.392388714561040075e+00,1.387638824298477624e+00,3.027479276549088105e+00,5.381598355583706583e-01,-9.525184527397026479e-02,-1.094958374348440344e-01,-5.346597144305405003e-01,6.127804152602595034e-02,1.210689783668218861e-01,9.438976209009888874e-02,-3.713934506683017056e-01
2.116000000000000014e+01,1.000000000000000000e+01,4.381720223764009603e+00,1.388883748697675724e+00,3.023314659959312589e+00,5.359092343951845638e-01,-1.036054575140677864e-01,-1.154446816352354688e-01,-5.321650021410184728e-01,6.323858004638227559e-02,1.283776268350076966e-01,1.016440000966606499e-01,-4.041895416490975390e-01
2.117999999999999972e+01,1.000000000000000000e+01,4.371103078802002884e+00,1.390169326421166085e+00,3.018814318323030044e+00,5.335420482929613684e-01,-1.120820798417471592e-01,-1.211429727912687326e-01,-5.295256524994333969e-01,6.534294638059998106e-02,1.355298039592147397e-01,1.087699657093661731e-01,-4.375268804841069836e-01
2.119999999999999929e+01,1.000000000000000000e+01,4.360540139963945627e+00,1.391498407339640364e+00,3.013976608661460777e+00,5.310635154835339211e-01,-1.206781099423850645e-01,-1.265682358486248660e-01,-5.267449695094992279e-01,6.758842041478987928e-02,1.425080520560356168e-01,1.157521923270121711e-01,-4.713988836232701485e-01
2.121999999999999886e+01,1.000000000000000000e+01,4.350034197967151961e+00,1.392873783828191936e+00,3.008800244061592188e+00,5.284793188590164448e-01,-1.293882983059232161e-01,-1.316985220062409923e-01,-5.238266063285972329e-01,6.997197270303871786e-02,1.492949134420624435e-01,1.225752133483949124e-01,-5.057928498662038752e-01
2.123999999999999844e+01,1.000000000000000000e+01,4.339587966974256972e+00,1.394298184579676247e+00,3.003284348778711088e+00,5.257955746032844102e-01,-1.382055257470707899e-01,-1.365124961578469964e-01,-5.207745652677779891e-01,7.249026446740923502e-02,1.558729304338879185e-01,1.292235621723111516e-01,-5.406889991673252682e-01
2.126000000000000156e+01,1.000000000000000000e+01,4.329204077610132373e+00,1.395774268418069619e+00,2.997428519761821786e+00,5.230188190127021963e-01,-1.471205738563368115e-01,-1.409895306557196193e-01,-5.175931977917591631e-01,7.513964759794004855e-02,1.622246453481042128e-01,1.356817721975572821e-01,-5.760594499186421080e-01
2.128000000000000114e+01,1.000000000000000000e+01,4.318885069978821711e+00,1.397304618111828933e+00,2.991232894747673843e+00,5.201559933770552036e-01,-1.561218904665346574e-01,-1.451098056049886509e-01,-5.142872045189271768e-01,7.791616465264571134e-02,1.683326005013038862e-01,1.419343768229299196e-01,-6.118671375976996174e-01
2.130000000000000071e+01,1.000000000000000000e+01,4.308633386680463140e+00,1.398891734187250435e+00,2.984698227017573036e+00,5.172144267885028235e-01,-1.651953527970016489e-01,-1.488544157793487699e-01,-5.108616352213365408e-01,8.081554885751672523e-02,1.741793382100792487e-01,1.479659094472254577e-01,-6.480646801191959350e-01
2.132000000000000028e+01,1.000000000000000000e+01,4.298451365828217519e+00,1.400538028741830754e+00,2.977825966844498851e+00,5.142018167458813904e-01,-1.743240315321102074e-01,-1.522054841014135462e-01,-5.073218888247096325e-01,8.383322410651952716e-02,1.797474007910228044e-01,1.537609034692406507e-01,-6.845931981169864899e-01
2.133999999999999986e+01,1.000000000000000000e+01,4.288341234065195628e+00,1.402245819257625481e+00,2.970618349574767336e+00,5.111262074244463660e-01,-1.834879596768679011e-01,-1.551462814505679688e-01,-5.036737134084372514e-01,8.696430496159646140e-02,1.850193305607268912e-01,1.593038922877718089e-01,-7.213811017167852668e-01
2.135999999999999943e+01,1.000000000000000000e+01,4.278305099581380944e+00,1.404017322414608415e+00,2.963078490187197378e+00,5.079959654878588582e-01,-1.926639105796691953e-01,-1.576613523455492327e-01,-4.999232062055781745e-01,9.020359665266582117e-02,1.899776698357839022e-01,1.645794093016156034e-01,-7.583428591268107644e-01
2.137999999999999901e+01,1.000000000000000000e+01,4.268344945130561285e+00,1.405854647904031918e+00,2.955210484052552822e+00,5.048197533306245655e-01,-2.018251899843544750e-01,-1.597366457943696361e-01,-4.960768136028594899e-01,9.354559507762183479e-02,1.946049609327863139e-01,1.695719879095684834e-01,-7.953777665351134951e-01
2.139999999999999858e+01,1.000000000000000000e+01,4.258462621047252483e+00,1.407759792241785268e+00,2.947019513476337060e+00,5.016064996560841704e-01,-2.109414473305359916e-01,-1.613596503095759971e-01,-4.921413311406764302e-01,9.698448680233462404e-02,1.988837461683265473e-01,1.742661615104270645e-01,-8.323687432860692459e-01
2.142000000000000171e+01,1.000000000000000000e+01,4.248659838263627364e+00,1.409734632581756575e+00,2.938511959449144673e+00,4.983653673182410482e-01,-2.199785117208408469e-01,-1.625195317521903604e-01,-4.881239035130923720e-01,1.005141490606502180e-01,2.027965678589969123e-01,1.786464635029877401e-01,-8.691811810016164541e-01
2.144000000000000128e+01,1.000000000000000000e+01,4.238938161326436749e+00,1.411780920529188021e+00,2.929695517851595987e+00,4.951057183859961519e-01,-2.288982579760752700e-01,-1.632072722931976472e-01,-4.840320245678383926e-01,1.041281497543907475e-01,2.063259683213899409e-01,1.826974272860472093e-01,-9.056618800560147786e-01
2.146000000000000085e+01,1.000000000000000000e+01,4.229299001413943770e+00,1.413900275954040442e+00,2.920579319167600385e+00,4.918370764265133088e-01,-2.376585079695773539e-01,-1.634158083720347321e-01,-4.798735373063145460e-01,1.078197474533540701e-01,2.094544898720978876e-01,1.864035862584018377e-01,-9.416381113955862858e-01
2.148000000000000043e+01,1.000000000000000000e+01,4.219743609352848424e+00,1.416094180804349234e+00,2.911174050553488879e+00,4.885690860511148759e-01,-2.462129719457014920e-01,-1.631401650912547296e-01,-4.756566338835883645e-01,1.115818913953141034e-01,2.121646748277133399e-01,1.897494738188483798e-01,-9.769168458537871302e-01
2.150000000000000000e+01,1.000000000000000000e+01,4.210273068635206783e+00,1.418363972919585159e+00,2.901492078896169335e+00,4.853114698228632728e-01,-2.545112337749300679e-01,-1.623775840252470459e-01,-4.713898556083960800e-01,1.154072214860206169e-01,2.144390655048286076e-01,1.927196233661831737e-01,-1.011284196532460378e+00
2.151999999999999957e+01,1.000000000000000000e+01,4.200888288435368878e+00,1.420710839844013806e+00,2.891547573276962879e+00,4.820739826901051517e-01,-2.624987830898278807e-01,-1.611276409508626273e-01,-4.670820929431413471e-01,1.192880682991993291e-01,2.162602042200360564e-01,1.952985682992027794e-01,-1.044505122144517406e+00
2.153999999999999915e+01,1.000000000000000000e+01,4.191589996626897019e+00,1.423135812640054620e+00,2.881356625046926911e+00,4.788663641848289187e-01,-2.701170960156000778e-01,-1.593923495429994119e-01,-4.627425855038966307e-01,1.232164530765519350e-01,2.176106332899281903e-01,1.974708420167037848e-01,-1.076323440053561953e+00
2.155999999999999872e+01,1.000000000000000000e+01,4.182378732799498344e+00,1.425639759701641918e+00,2.870937363523287544e+00,4.756982887083852640e-01,-2.773037648160000535e-01,-1.571762466387855994e-01,-4.583809220604024293e-01,1.271840877277560233e-01,2.184728950310974027e-01,1.992209779174827500e-01,-1.106462196706121004e+00
2.157999999999999829e+01,1.000000000000000000e+01,4.173254841275943150e+00,1.428223380567582135e+00,2.860310065145613478e+00,4.725793143192776324e-01,-2.839926753053658159e-01,-1.544864542805584051e-01,-4.540070405360669969e-01,1.311823748304650761e-01,2.188295317601360868e-01,2.005335094003360963e-01,-1.134624439856537936e+00
2.160000000000000142e+01,1.000000000000000000e+01,4.164218464129003650e+00,1.430887199734915294e+00,2.849497253795836293e+00,4.695188305371625348e-01,-2.901142294403142308e-01,-1.513327134259370155e-01,-4.496312280079672319e-01,1.352024076303086075e-01,2.186630857936366357e-01,2.013929698640604393e-01,-1.160494431115542735e+00
2.162000000000000099e+01,1.000000000000000000e+01,4.155269534198367865e+00,1.433631560472273136e+00,2.838523789900003980e+00,4.665260057822397388e-01,-2.955956092290489834e-01,-1.477273839869308603e-01,-4.452641207068477880e-01,1.392349700408919699e-01,2.179560994481914427e-01,2.017838927074522282e-01,-1.183739328693772075e+00
2.164000000000000057e+01,1.000000000000000000e+01,4.146407768107576608e+00,1.436456618633240145e+00,2.827416945903293843e+00,4.636097351776854447e-01,-3.003610771237316124e-01,-1.436854057572212184e-01,-4.409167040171218521e-01,1.432705366437964645e-01,2.166911150403929009e-01,2.016908113293081062e-01,-1.204011358690763256e+00
2.166000000000000014e+01,1.000000000000000000e+01,4.137632659280942704e+00,1.439362336469711456e+00,2.816206465753839705e+00,4.607785895519510566e-01,-3.043323075371973663e-01,-1.392242148302855753e-01,-4.366003124768704780e-01,1.472992726885793691e-01,2.148506748868335425e-01,2.010982591284245224e-01,-1.220950479020357360e+00
2.167999999999999972e+01,1.000000000000000000e+01,4.128943470960483531e+00,1.442348476445253214e+00,2.804924606153860633e+00,4.580407665844741238e-01,-3.074287441892091799e-01,-1.343636103224579159e-01,-4.323266297778430300e-01,1.513110340927737996e-01,2.124173213041056774e-01,1.999907695035980093e-01,-1.234187523418651233e+00
2.169999999999999929e+01,1.000000000000000000e+01,4.120339229222841126e+00,1.445414595048462258e+00,2.793606157543817581e+00,4.554040451390528599e-01,-3.095679787645794767e-01,-1.291255666106394528e-01,-4.281076887654567398e-01,1.552953674418889318e-01,2.093735966088017264e-01,1.983528758536251824e-01,-1.243347794562587039e+00
2.171999999999999886e+01,1.000000000000000000e+01,4.111818715996216511e+00,1.448560036606325152e+00,2.782288443078330786e+00,4.528757439200486457e-01,-3.106661479582464302e-01,-1.235339868807390218e-01,-4.239558714387974825e-01,1.592415099894098074e-01,2.057020431175141384e-01,1.961691115773024907e-01,-1.248055056013152919e+00
2.173999999999999844e+01,1.000000000000000000e+01,4.103380462077289792e+00,1.451783927097578086e+00,2.771011294227661459e+00,4.504626856638233590e-01,-3.106383484640376502e-01,-1.176143945592311724e-01,-4.198839089506187783e-01,1.631383896567973335e-01,2.013852031468352510e-01,1.934240100734265222e-01,-1.247935853611772394e+00
2.176000000000000156e+01,1.000000000000000000e+01,4.095022740148149154e+00,1.455085167966066129e+00,2.759817002086391469e+00,4.481711681376790990e-01,-3.093990728734612450e-01,-1.113935601541928833e-01,-4.159048816073427357e-01,1.669746250334884774e-01,1.964056190133575130e-01,1.901021047407937259e-01,-1.242624079426676742e+00
2.178000000000000114e+01,1.000000000000000000e+01,4.086743557793218962e+00,1.458462429934102911e+00,2.748750243976015639e+00,4.460069432576553305e-01,-3.068626737889279532e-01,-1.048990621396548306e-01,-4.120322188690592746e-01,1.707385253768960442e-01,1.907458330336733732e-01,1.861879289782006897e-01,-1.231765676815517851e+00
2.180000000000000071e+01,1.000000000000000000e+01,4.078540650516184307e+00,1.461914146815829874e+00,2.737857985468844291e+00,4.439752056520929746e-01,-3.029438686784246548e-01,-9.815878174426906355e-02,-4.082796993495265703e-01,1.744180906124087604e-01,1.843883875243751413e-01,1.816660161844439736e-01,-1.215023375105893200e+00
2.182000000000000028e+01,1.000000000000000000e+01,4.070411474756920001e+00,1.465438509330576178e+00,2.727189358509704675e+00,4.420805919878846302e-01,-2.975583040077509067e-01,-9.120033280806971732e-02,-4.046614508161710533e-01,1.780010113333913568e-01,1.773158248020553218e-01,1.765208997583200268e-01,-1.192081338153080594e+00
2.183999999999999986e+01,1.000000000000000000e+01,4.062353200908411566e+00,1.469033458916217949e+00,2.716795516837461122e+00,4.403271923397702459e-01,-2.906232038123992556e-01,-8.405042919905092447e-02,-4.011919501900872431e-01,1.814746688011844578e-01,1.695106871833062800e-01,1.707371130986254371e-01,-1.162649613726257858e+00
2.185999999999999943e+01,1.000000000000000000e+01,4.054362706333692223e+00,1.472696681542538411e+00,2.706729470375445423e+00,4.387185748199227131e-01,-2.820581348443840786e-01,-7.673419358292221659e-02,-3.978860235460377481e-01,1.848261349451045532e-01,1.609555169847204370e-01,1.642991896041567645e-01,-1.126468281038500274e+00
2.187999999999999901e+01,1.000000000000000000e+01,4.046436568382756782e+00,1.476425601524585574e+00,2.697045900632240034e+00,4.372578245964534038e-01,-2.717859273374262363e-01,-6.927441256364552657e-02,-3.947588461124533765e-01,1.880421723624441932e-01,1.516328565228901859e-01,1.571916626737104583e-01,-1.083311212025073411e+00
2.189999999999999858e+01,1.000000000000000000e+01,4.038571057409500398e+00,1.480217375336034369e+00,2.687800959396834610e+00,4.359475983173768943e-01,-2.597337966631387274e-01,-6.169074431749876908e-02,-3.918259422714331364e-01,1.911092343184717657e-01,1.415252481144079477e-01,1.493990657060830785e-01,-1.032989387881622978e+00
2.192000000000000171e+01,1.000000000000000000e+01,4.030762129788634240e+00,1.484068885422544337e+00,2.679052053093175179e+00,4.347901948237532510e-01,-2.458347158144307543e-01,-5.399888580090106416e-02,-3.891031855587441246e-01,1.940134647464316076e-01,1.306152340758662544e-01,1.409059321000712961e-01,-9.753537450007595533e-01
2.194000000000000128e+01,1.000000000000000000e+01,4.023005420932621590e+00,1.487976734015119762e+00,2.670857615052605549e+00,4.337876428853407185e-01,-2.300290905142222397e-01,-4.620970741165564277e-02,-3.866067986638216381e-01,1.967406982475440325e-01,1.188853567238573050e-01,1.316967952544714493e-01,-9.102975623218180212e-01
2.196000000000000085e+01,1.000000000000000000e+01,4.015296238308598831e+00,1.491937236943468914e+00,2.663276867650394841e+00,4.329418065272870875e-01,-2.122667861617530682e-01,-3.832836363778291400e-02,-3.843533534297689513e-01,1.992764600910051920e-01,1.063181583749735759e-01,1.217561885680801120e-01,-8.377584432570576167e-01
2.198000000000000043e+01,1.000000000000000000e+01,4.007629554455302667e+00,1.495946417449363741e+00,2.656369575725803678e+00,4.322545083398294241e-01,-1.925095467279341888e-01,-3.035338877527493651e-02,-3.823597708533578166e-01,2.016059662139872422e-01,9.289618134580750197e-02,1.110686454396938444e-01,-7.577199873941667940e-01
2.200000000000000000e+01,1.100000000000000000e+01,4.000000000000000000e+00,1.500000000000000000e+00,2.650195791966127867e+00,4.317276709762760678e-01,-1.707338276973703051e-01,-2.824416949532171373e-02,-3.806433210850268534e-01,2.037141232216382880e-01,7.860196795295371075e-02,9.961869926810917875e-02,-6.702132874284913999e-01
2.201999999999999957e+01,1.100000000000000000e+01,3.992403541378537479e+00,1.504093165588428649e+00,2.644605962061475690e+00,4.311247415600165667e-01,-1.596981269860568986e-01,-3.772156567456086407e-02,-3.789686639398556212e-01,2.055511968752112284e-01,8.876530496172199691e-02,8.424675186919944325e-02,-6.261214422607297436e-01
2.203999999999999915e+01,1.100000000000000000e+01,3.984842569391348732e+00,1.508220061171170467e+00,2.639386680700336996e+00,4.302188083492936577e-01,-1.497176053008421603e-01,-5.245682595965917017e-02,-3.770966064288364117e-01,2.070902520094597410e-01,9.834401062871661603e-02,6.981361142831586653e-02,-5.863805063566709386e-01
2.205999999999999872e+01,1.100000000000000000e+01,3.977320915921918054e+00,1.512374912844866914e+00,2.634504284491356429e+00,4.290264685216302887e-01,-1.407094401757669755e-01,-6.636201487649806552e-02,-3.750387208133464378e-01,2.083498706091036490e-01,1.073501214997832909e-01,5.629986250138960258e-02,-5.506141745264226950e-01
2.207999999999999829e+01,1.100000000000000000e+01,3.969842183815811776e+00,1.516552314462766837e+00,2.629927499459459472e+00,4.275643277542338083e-01,-1.326022798924676727e-01,-7.943808037362920516e-02,-3.728063386238456012e-01,2.093482463499812540e-01,1.157956741207676332e-01,4.368608964435163888e-02,-5.185033370578608913e-01
2.210000000000000142e+01,1.100000000000000000e+01,3.962409751695297633e+00,1.520747219868544775e+00,2.625627128358437368e+00,4.258489453066848784e-01,-1.253350845898168198e-01,-9.168852268389748872e-02,-3.704105506598772690e-01,2.101031845990497526e-01,1.236927050375153936e-01,3.195287741313317109e-02,-4.897785276264578491e-01
2.212000000000000099e+01,1.100000000000000000e+01,3.955026778773959695e+00,1.524954935130127698e+00,2.621575776334464702e+00,4.238967868468776490e-01,-1.188560732574375917e-01,-1.031190354132487386e-01,-3.678622069900675529e-01,2.106321024143849030e-01,1.310532507958722392e-01,2.108081036366518668e-02,-4.642135589478542657e-01
2.214000000000000057e+01,1.100000000000000000e+01,3.947696209671319956e+00,1.529171110773514197e+00,2.617747609864265801e+00,4.217241838901550355e-01,-1.131217748316364624e-01,-1.137371983366470829e-01,-3.651719169521260300e-01,2.109520285451809696e-01,1.378893479416838375e-01,1.105047305187884139e-02,-4.416201353636546312e-01
2.216000000000000014e+01,1.100000000000000000e+01,3.940420779227456372e+00,1.533391734016598562e+00,2.614118144704562940e+00,4.193472989134118811e-01,-1.080961765415624914e-01,-1.235522131771045196e-01,-3.623500491528450218e-01,2.110796034317508618e-01,1.442130330207958833e-01,1.842450033705179957e-03,-4.218432673979617409e-01
2.217999999999999972e+01,1.100000000000000000e+01,3.933203017317615124e+00,1.537613121002990635e+00,2.610664059280600746e+00,4.167820953630709258e-01,-1.037499597807631235e-01,-1.325746752146681473e-01,-3.594067314680999270e-01,2.110310792055261619e-01,1.500363425790540994e-01,-6.562674134924705201e-03,-4.047573423507014878e-01
2.219999999999999929e+01,1.100000000000000000e+01,3.926045253666839763e+00,1.541831909035842108e+00,2.607363030530077008e+00,4.140443119048252685e-01,-1.000598123206812712e-01,-1.408163748483470812e-01,-3.563518510428495545e-01,2.108223196890570694e-01,1.553713131623040977e-01,-1.418431489807972339e-02,-3.902627284827102083e-01
2.221999999999999886e+01,1.100000000000000000e+01,3.918949622664582133e+00,1.546045048811666378e+00,2.604193589720931179e+00,4.111494403691371424e-01,-9.700780510967234316e-02,-1.482901242746184067e-01,-3.531950542911355129e-01,2.104688003960123177e-01,1.602299813163915732e-01,-2.104188769982879431e-02,-3.782828093540194225e-01
2.223999999999999844e+01,1.100000000000000000e+01,3.911918068179320418e+00,1.550249796654161072e+00,2.601134996190751281e+00,4.081127069338406077e-01,-9.458082186461319596e-02,-1.550096053000373786e-01,-3.499457468960826545e-01,2.099856085311794240e-01,1.646243835871621930e-01,-2.715480798424083422e-02,-3.687613602725306472e-01
2.226000000000000156e+01,1.100000000000000000e+01,3.904952348373183391e+00,1.554443706748031673e+00,2.598167127323270709e+00,4.049490561571352232e-01,-9.277002993740304793e-02,-1.609892350099269009e-01,-3.466130938098987424e-01,2.093874429904644952e-01,1.685665565204617633e-01,-3.254249119538478452e-02,-3.616601913149883885e-01
2.228000000000000114e+01,1.100000000000000000e+01,3.898054040516560459e+00,1.558624623372811824e+00,2.595270383392806579e+00,4.016731375334431364e-01,-9.157038138709477915e-02,-1.662440465997914174e-01,-3.432060192538749499e-01,2.086886143608920607e-01,1.720685366621358126e-01,-3.722435277732947384e-02,-3.569569915927661152e-01
2.230000000000000071e+01,1.100000000000000000e+01,3.891224545802728141e+00,1.562790673136686737e+00,2.592425606178013986e+00,3.982992942931437019e-01,-9.098013373140696747e-02,-1.707895831657531005e-01,-3.397332067183851390e-01,2.079030449206054620e-01,1.751423605580301468e-01,-4.121980817414386267e-02,-3.546433178507344408e-01
2.232000000000000028e+01,1.100000000000000000e+01,3.884465094162462329e+00,1.566940257210316823e+00,2.589614010478033190e+00,3.948415542068131612e-01,-9.100038045228273087e-02,-1.746418026628688835e-01,-3.362030989628866928e-01,2.070442686388666853e-01,1.778000647539904056e-01,-4.454827282989692883e-02,-3.547226775306082103e-01
2.233999999999999986e+01,1.100000000000000000e+01,3.877776749078660767e+00,1.571072043560658438e+00,2.586817127861613663e+00,3.913136221866291287e-01,-9.163458198236591745e-02,-1.778169925907864268e-01,-3.326238980159195724e-01,2.061254311760561952e-01,1.800536857958622838e-01,-4.722916218865751831e-02,-3.572086624629703389e-01
2.235999999999999943e+01,1.100000000000000000e+01,3.871160412400957540e+00,1.575184959184786848e+00,2.584016762146782664e+00,3.877288745031818307e-01,-9.288808861810041173e-02,-1.803316932676750639e-01,-3.290035651751072598e-01,2.051592898836732681e-01,1.819152602294914212e-01,-4.928189169449456730e-02,-3.621230946900996783e-01
2.237999999999999901e+01,1.100000000000000000e+01,3.864616829160342881e+00,1.579278182343716974e+00,2.581194956247636618e+00,3.841003544559222771e-01,-9.476764762261195851e-02,-1.822026288134264149e-01,-3.253498210071559260e-01,2.041582138043354921e-01,1.833968246007235403e-01,-5.072587679147698425e-02,-3.694941508441251798e-01
2.239999999999999858e+01,1.100000000000000000e+01,3.858146592383784323e+00,1.583351134796229465e+00,2.578333970137668185e+00,3.804407693506449140e-01,-9.728088774212113876e-02,-1.834466451901821671e-01,-3.216701453478553185e-01,2.031341836717794336e-01,1.845104154554043363e-01,-5.158053292367367759e-02,-3.793544362619587496e-01
2.242000000000000171e+01,1.100000000000000000e+01,3.851750147908841626e+00,1.587403474032689887e+00,2.575416269766812150e+00,3.767624886483144642e-01,-1.004357755171378791e-01,-1.840806548469533510e-01,-3.179717773020778182e-01,2.020987919108599984e-01,1.852680693393793931e-01,-5.186527553515357658e-02,-3.917389848359700832e-01
2.244000000000000128e+01,1.100000000000000000e+01,3.845427799198288810e+00,1.591435085508872138e+00,2.572424526832493896e+00,3.730775431567662781e-01,-1.042400391834331502e-01,-1.841215876892086101e-01,-3.142617152437791050e-01,2.010632426375509318e-01,1.856818227984945169e-01,-5.159952006998555496e-02,-4.066831656811170648e-01
2.246000000000000085e+01,1.100000000000000000e+01,3.839179712154724200e+00,1.595446074879780962e+00,2.569341629343460554e+00,3.693976251407462552e-01,-1.087005576883177671e-01,-1.835863482475090791e-01,-3.105467168159981584e-01,2.000383516589444577e-01,1.857637123785953193e-01,-5.080268197223855586e-02,-4.242204832265130676e-01
2.248000000000000043e+01,1.100000000000000000e+01,3.833005919935201344e+00,1.599436760233473143e+00,2.566150702928567728e+00,3.657340892268660659e-01,-1.138227144509012939e-01,-1.824917790509328341e-01,-3.068332989308564795e-01,1.990345464732513892e-01,1.855257746255276063e-01,-4.949417668598155018e-02,-4.443802634679198116e-01
2.250000000000000000e+01,1.100000000000000000e+01,3.826906327765835503e+00,1.603407664324883131e+00,2.562835142830392154e+00,3.620979539787090862e-01,-1.196097180141141025e-01,-1.808546303232851926e-01,-3.031277377695591468e-01,1.980618662698014343e-01,1.849800460851369066e-01,-4.769341965528337696e-02,-4.671852259722831247e-01
2.251999999999999957e+01,1.100000000000000000e+01,3.820880717756428790e+00,1.607359506809640681e+00,2.559378656484665004e+00,3.584999040139347781e-01,-1.260618946924206007e-01,-1.786915362120886641e-01,-2.994360687823941491e-01,1.971299619290425575e-01,1.841385633032689428e-01,-4.541982632421294463e-02,-4.926489488926737992e-01
2.253999999999999915e+01,1.100000000000000000e+01,3.814928753715086440e+00,1.611293196477897371e+00,2.555765316520315356e+00,3.549502925302256973e-01,-1.331759616991386175e-01,-1.760189978300115143e-01,-2.957640866887325526e-01,1.962480960225415905e-01,1.830133628257694656e-01,-4.269281213683924492e-02,-5.207732427696244448e-01
2.255999999999999872e+01,1.100000000000000000e+01,3.809049985962837503e+00,1.615209823488146457e+00,2.551979623920702878e+00,3.514591441007344774e-01,-1.409442929805339861e-01,-1.728533734352222240e-01,-2.921173454770286670e-01,1.954251428129838708e-01,1.816164811984841143e-01,-3.953179253723113767e-02,-5.515454582406280615e-01
2.257999999999999829e+01,1.100000000000000000e+01,3.803243856148246227e+00,1.619110651601045614e+00,2.548006580964136347e+00,3.480361575928169748e-01,-1.493541939691037379e-01,-1.692108760978552340e-01,-2.885011584048194355e-01,1.946695882541734091e-01,1.799599549672585563e-01,-3.595618296945757297e-02,-5.849357628579407997e-01
2.260000000000000142e+01,1.100000000000000000e+01,3.797509702062040748e+00,1.622997110413241684e+00,2.543831773411278085e+00,3.446907090568198107e-01,-1.583872055026451509e-01,-1.651075791928580117e-01,-2.849205979987255444e-01,1.939895299910328608e-01,1.780558206779385144e-01,-3.198539887758738987e-02,-6.208944328437979721e-01
2.262000000000000099e+01,1.100000000000000000e+01,3.791846762451722253e+00,1.626870787591189416e+00,2.539441461229505315e+00,3.414318544251021548e-01,-1.680184609680687169e-01,-1.605594300213937231e-01,-2.813804960544502021e-01,1.933926773596034432e-01,1.759161148763696558e-01,-2.763885570568955577e-02,-6.593492165109986480e-01
2.264000000000000057e+01,1.100000000000000000e+01,3.786254181836189225e+00,1.630733421104975545e+00,2.534822676941809849e+00,3.382683318559641661e-01,-1.782161239737543590e-01,-1.555822717930510635e-01,-2.778854436367800829e-01,1.928863513870450186e-01,1.735528741083976478e-01,-2.293596889783299647e-02,-7.002028368562542848e-01
2.266000000000000014e+01,1.100000000000000000e+01,3.780731015320352384e+00,1.634586891462142866e+00,2.529963330463500970e+00,3.352085635533802455e-01,-1.889409361262314457e-01,-1.501918740963272825e-01,-2.744397910795846607e-01,1.924774847916360665e-01,1.709781349198682410e-01,-1.789615389808665510e-02,-7.433307109911390098e-01
2.267999999999999972e+01,1.100000000000000000e+01,3.775276233409754045e+00,1.638433213941508759e+00,2.524852319048493943e+00,3.322606568921112058e-01,-2.001459053517460895e-01,-1.444039718450582654e-01,-2.710476479858167087e-01,1.921726219827736559e-01,1.682039338566269915e-01,-1.253882615051933602e-02,-7.885789729968332162e-01
2.269999999999999929e+01,1.100000000000000000e+01,3.769888726825187497e+00,1.642274530826991485e+00,2.519479640714527235e+00,3.294324046795780170e-01,-2.117761642446319703e-01,-1.382343125150047314e-01,-2.677128832275120773e-01,1.919779190609736119e-01,1.652423074645197332e-01,-6.883401099200067361e-03,-8.357628937605914299e-01
2.271999999999999886e+01,1.100000000000000000e+01,3.764567311317315035e+00,1.646113103641430708e+00,2.513836509261098584e+00,3.267312843915111120e-01,-2.237690248054408637e-01,-1.316987112783927216e-01,-2.644391249457894721e-01,1.918991438178702658e-01,1.621052922893921333e-01,-9.492941881977670984e-04,-8.846657955844573484e-01
2.273999999999999844e+01,1.100000000000000000e+01,3.759310732481282447e+00,1.649951305380407574e+00,2.507915468744946086e+00,3.241644562284424214e-01,-2.360542504642760553e-01,-1.248131134102283823e-01,-2.612297605508508980e-01,1.919416757362165105e-01,1.588049248770897481e-01,5.244079138418769083e-03,-9.350385600231256866e-01
2.276000000000000156e+01,1.100000000000000000e+01,3.754117670571345045e+00,1.653791612746072115e+00,2.501710505046691679e+00,3.217387598551016414e-01,-2.485545584954371723e-01,-1.175936630842722153e-01,-2.580879367219814369e-01,1.921105059898839951e-01,1.553532417734582727e-01,1.167730343658057723e-02,-9.865998236962446599e-01
2.278000000000000114e+01,1.100000000000000000e+01,3.748986745315477265e+00,1.657636598380962001e+00,2.495217151961576008e+00,3.194607097050711775e-01,-2.611863561097008679e-01,-1.100567774070615457e-01,-2.550165594075491371e-01,1.924102374438629304e-01,1.517622795243434852e-01,1.833096326221869687e-02,-1.039036948003057015e+00
2.280000000000000071e+01,1.100000000000000000e+01,3.743916520730000919e+00,1.661488923101827053e+00,2.488432589090694425e+00,3.173364887588192573e-01,-2.738607022341627006e-01,-1.022192242672002038e-01,-2.520182938250052906e-01,1.928450846542621444e-01,1.480440746755911086e-01,2.518564317126421523e-02,-1.092007834181011106e+00
2.282000000000000028e+01,1.100000000000000000e+01,3.738905509934192128e+00,1.665351328133448217e+00,2.481355728711013509e+00,3.153719407343832382e-01,-2.864844750870330636e-01,-9.409820231599574925e-02,-2.490955644608841280e-01,1.934188738683090547e-01,1.442106637730466434e-01,3.222192771964829672e-02,-1.145143634685836131e+00
2.283999999999999986e+01,1.100000000000000000e+01,3.733952179964910023e+00,1.669226627342463853e+00,2.473987288776586357e+00,3.135725606661795006e-01,-2.989617141384283694e-01,-8.571142115968211073e-02,-2.462505550708031232e-01,1.941350430243498904e-01,1.402740833625560346e-01,3.942040146330181433e-02,-1.198052385462991642e+00
2.285999999999999943e+01,1.100000000000000000e+01,3.729054956591206782e+00,1.673117699471189601e+00,2.466329849262567375e+00,3.119434838879960314e-01,-3.111950949939665256e-01,-7.707717964926086296e-02,-2.434852086794625781e-01,1.949966417518491923e-01,1.362463699899646996e-01,4.676164895815611983e-02,-1.250323551788107057e+00
2.287999999999999901e+01,1.100000000000000000e+01,3.724212229128952334e+00,1.677027480371442225e+00,2.458387889218328404e+00,3.104894734802091105e-01,-3.230874881397952092e-01,-6.821444001623699904e-02,-2.408012275806462321e-01,1.960063313713903965e-01,1.321395602011184722e-01,5.422625476014225621e-02,-1.301533443918866606e+00
2.289999999999999858e+01,1.100000000000000000e+01,3.719422355255449730e+00,1.680958955238361030e+00,2.450167802153512042e+00,3.092149062873466026e-01,-3.345435481103231634e-01,-5.914289553692597678e-02,-2.382000733372205969e-01,1.971663848946753339e-01,1.279656905418629920e-01,6.179480342519114849e-02,-1.351251419273281185e+00
2.292000000000000171e+01,1.100000000000000000e+01,3.714683665824052294e+00,1.684915150844230602e+00,2.441677887744086117e+00,3.081237576587319560e-01,-3.454712788989316441e-01,-4.988302942736400070e-02,-2.356829667811354279e-01,1.984786870245245916e-01,1.237367975580439677e-01,6.944787950923397846e-02,-1.399046747167463911e+00
2.294000000000000128e+01,1.100000000000000000e+01,3.709994469678786100e+00,1.688899127772303332e+00,2.432928318312004734e+00,3.072195851102518804e-01,-3.557835243267339909e-01,-4.045616278435204549e-02,-2.332508880134235851e-01,1.999447341548774570e-01,1.194649177955070807e-01,7.716606756820186541e-02,-1.444495972660551075e+00
2.296000000000000085e+01,1.100000000000000000e+01,3.705353058468962679e+00,1.692913972650619936e+00,2.423931079093628149e+00,3.065055111473579119e-01,-3.653993381988394629e-01,-3.088448960066703108e-02,-2.309045764042009230e-01,2.015656343707916964e-01,1.151620878000979981e-01,8.492995215802578990e-02,-1.487190580393888073e+00
2.298000000000000043e+01,1.100000000000000000e+01,3.700757711463803279e+00,1.696962790385836639e+00,2.414699881953956240e+00,3.059842055262252392e-01,-3.742451976487882193e-01,-2.119109719328005070e-02,-2.286445305926665117e-01,2.033421074484437485e-01,1.108403441176624427e-01,9.272011783463693368e-02,-1.526744730194235400e+00
2.300000000000000000e+01,1.100000000000000000e+01,3.696206700367053344e+00,1.701048696397041926e+00,2.405250052905211433e+00,3.056578672596267365e-01,-3.822560331128357913e-01,-1.139997078485599502e-02,-2.264710084871023044e-01,2.052744848551286139e-01,1.065117232940460124e-01,1.005171491539663675e-01,-1.562802816212750523e+00
2.301999999999999957e+01,1.100000000000000000e+01,3.691698294131601443e+00,1.705174808849582169e+00,2.395598394523112518e+00,3.055282066948309949e-01,-3.893760588259003175e-01,-1.535981457826629537e-03,-2.243840272648735257e-01,2.073627097492600491e-01,1.021882618750944716e-01,1.083016306719451483e-01,-1.595046592673432295e+00
2.303999999999999915e+01,1.100000000000000000e+01,3.687230763774097309e+00,1.709344240888883037e+00,2.385763025091685474e+00,3.055964280013136469e-01,-3.955593976053752292e-01,8.375142763450860173e-03,-2.223833633724284220e-01,2.096063369803702892e-01,9.788199640665348755e-02,1.160541469445043744e-01,-1.623201613444122060e+00
2.305999999999999872e+01,1.100000000000000000e+01,3.682802387189572979e+00,1.713560092874272245e+00,2.375763197014491457e+00,3.058632124053690116e-01,-4.007705022007215234e-01,1.830686237814127537e-02,-2.204685525252983447e-01,2.120045330891102975e-01,9.360496343456872759e-02,1.237552825275750890e-01,-1.647042750304157588e+00
2.307999999999999829e+01,1.100000000000000000e+01,3.678411453966056843e+00,1.717825444612801178e+00,2.365619097672897908e+00,3.063287024964392868e-01,-4.049843821242219422e-01,2.823188752490146669e-02,-2.186388897080976668e-01,2.145560763072495991e-01,8.936919950468588669e-02,1.313856219770884737e-01,-1.666398585654288889e+00
2.310000000000000142e+01,1.100000000000000000e+01,3.674056270199195673e+00,1.722143347593068530e+00,2.355351636458530074e+00,3.069924879063651857e-01,-4.081866494318409644e-01,3.812225330484064756e-02,-2.168934291745239218e-01,2.172593565576763641e-01,8.518674116285068765e-02,1.389257498489755438e-01,-1.681154518142176979e+00
2.312000000000000099e+01,1.100000000000000000e+01,3.669735163306870440e+00,1.726516817219041044e+00,2.344982222129247340e+00,3.078535926286329882e-01,-4.103733994646880379e-01,4.794940737715780443e-02,-2.152309844473576927e-01,2.201123754543973243e-01,8.106962495490876996e-02,1.463562506991673562e-01,-1.691254471923491431e+00
2.314000000000000057e+01,1.100000000000000000e+01,3.665446486843817020e+00,1.730948825043877815e+00,2.334532534914221635e+00,3.089104642014514623e-01,-4.115509433888973612e-01,5.768430748506947481e-02,-2.136501283184626399e-01,2.231127463025379676e-01,7.702988742670574540e-02,1.536577090835951065e-01,-1.696701158893560546e+00
2.316000000000000014e+01,1.100000000000000000e+01,3.661188625316241563e+00,1.735442291003751025e+00,2.324024297909899062e+00,3.101609649280357428e-01,-4.117354089320536259e-01,6.729752626548712868e-02,-2.121491928487856116e-01,2.262576940983421769e-01,7.307956512408747551e-02,1.608107095581897683e-01,-1.697554904507011742e+00
2.317999999999999972e+01,1.100000000000000000e+01,3.656959998996442085e+00,1.740000075651669142e+00,2.313479052259872049e+00,3.116023652520709120e-01,-4.109522245218832914e-01,7.675936051086207357e-02,-2.107262693683562560e-01,2.295440555291728135e-01,6.923069459289953043e-02,1.677958366788823708e-01,-1.693931107831209593e+00
2.319999999999999929e+01,1.100000000000000000e+01,3.652759068737422510e+00,1.744624972391298989e+00,2.302917940402243957e+00,3.132313393484701392e-01,-4.092355005921796685e-01,8.603994199280329269e-02,-2.093792084762877703e-01,2.329682789735110504e-01,6.549531237898754965e-02,1.745936750016042760e-01,-1.685996461465789187e+00
2.321999999999999886e+01,1.100000000000000000e+01,3.648584340787517366e+00,1.749319699710788045e+00,2.292361501311068750e+00,3.150439629317829393e-01,-4.066273205634197141e-01,9.510934702334150614e-02,-2.081056200407760126e-01,2.365264245009567334e-01,6.188545502819732536e-02,1.811848090822862634e-01,-1.673964103589791863e+00
2.323999999999999844e+01,1.100000000000000000e+01,3.644434371605003165e+00,1.754086893416586967e+00,2.281829481174919572e+00,3.170357132294037150e-01,-4.031769532453786664e-01,1.039377021120904132e-01,-2.069028731991000569e-01,2.402141638722284367e-01,5.841315908637443460e-02,1.875498234768596673e-01,-1.658087910107458152e+00
2.326000000000000156e+01,1.100000000000000000e+01,3.640307772672723097e+00,1.758929098867272334e+00,2.271340662372540287e+00,3.192014710162668911e-01,-3.989399983182981280e-01,1.124952833606807090e-01,-2.057680963576222488e-01,2.440267805391632683e-01,5.509046109936469732e-02,1.936693027412553225e-01,-1.638656158035947774e+00
2.328000000000000114e+01,1.100000000000000000e+01,3.636203215312698855e+00,1.763848763207368719e+00,2.260912712953863313e+00,3.215355245638312209e-01,-3.939774771527574382e-01,1.207526075983560432e-01,-2.046981771917877613e-01,2.479591696447170368e-01,5.192939761301366280e-02,1.995238314314045081e-01,-1.615984801324575892e+00
2.330000000000000071e+01,1.100000000000000000e+01,3.632119435500754445e+00,1.768848227601169887e+00,2.250562058147131062e+00,3.240315753202010485e-01,-3.883548824168636671e-01,1.286805136810418304e-01,-2.036897626461249833e-01,2.520058380229640571e-01,4.894200517316708854e-02,2.050939941032382530e-01,-1.590410597630615985e+00
2.332000000000000028e+01,1.100000000000000000e+01,3.628055238681132888e+00,1.773929719466563748e+00,2.240303774721426944e+00,3.266827451110727587e-01,-3.821412014762240461e-01,1.362502328241994576e-01,-2.027392589342454365e-01,2.561609041990973168e-01,4.614032032567064873e-02,2.103603753126876141e-01,-1.562284310496244943e+00
2.333999999999999986e+01,1.100000000000000000e+01,3.624009504581112928e+00,1.779095344708852888e+00,2.230151508368167335e+00,3.294815846331689002e-01,-3.754079302321408074e-01,1.434334472932814464e-01,-2.018428315388435257e-01,2.604180983894285317e-01,4.353637961637001064e-02,2.153035596156837039e-01,-1.531964187852089099e+00
2.335999999999999943e+01,1.100000000000000000e+01,3.619981192025627958e+00,1.784347079954576198e+00,2.220117413650206206e+00,3.324200830028039011e-01,-3.682280954567061504e-01,1.502023372121801259e-01,-2.009964052116969824e-01,2.647707625013878685e-01,4.114221959111087623e-02,2.199041315681575792e-01,-1.499809887233015893e+00
2.337999999999999901e+01,1.100000000000000000e+01,3.615969343751888498e+00,1.789686764785333839e+00,2.210212115523136234e+00,3.354896781216559210e-01,-3.606753045802678082e-01,1.565296156505215919e-01,-2.001956639736665322e-01,2.692118501335242220e-01,3.896987679573894747e-02,2.241426757260403524e-01,-1.466176983137520651e+00
2.339999999999999858e+01,1.100000000000000000e+01,3.611973091223991794e+00,1.795116093971606652e+00,2.200444690974060258e+00,3.386812676288246671e-01,-3.528228420371221641e-01,1.623885525012944697e-01,-1.994360511146958670e-01,2.737339265755050488e-01,3.703138777609983612e-02,2.279997766452631081e-01,-1.431412155152329557e+00
2.342000000000000171e+01,1.100000000000000000e+01,3.607991659447550514e+00,1.800636609706582236e+00,2.190822668956568187e+00,3.419852202217081860e-01,-3.447428305387166825e-01,1.677529879512675848e-01,-1.987127691938120055e-01,2.783291688081165338e-01,3.533878907803932740e-02,2.314560188817569031e-01,-1.395849119115976755e+00
2.344000000000000128e+01,1.100000000000000000e+01,3.604024371784302350e+00,1.806249693839972581e+00,2.181352046529103195e+00,3.453913871468757835e-01,-3.365054739848736265e-01,1.725973365733803888e-01,-1.980207800391248218e-01,2.829893655032633681e-01,3.390411724740302613e-02,2.344919869914528499e-01,-1.359805329643346994e+00
2.346000000000000085e+01,1.100000000000000000e+01,3.600070654766733824e+00,1.811956560111840586e+00,2.172037318924709748e+00,3.488891136846432595e-01,-3.281783962135945698e-01,1.768965832327307197e-01,-1.973548047478274059e-01,2.877059170239688601e-01,3.273940883003663427e-02,2.370882655302820052e-01,-1.323579452246815391e+00
2.348000000000000043e+01,1.100000000000000000e+01,3.596130042912696112e+00,1.817758246386420140e+00,2.162881521186480693e+00,3.524672504761848790e-01,-3.198260865926104146e-01,1.806262720983937697e-01,-1.967093236861959249e-01,2.924698354243750464e-01,3.185670037178586073e-02,2.392254390541755371e-01,-1.287449578046522936e+00
2.350000000000000000e+01,1.100000000000000000e+01,3.592202183540023519e+00,1.823655606885939529e+00,2.153886278985102543e+00,3.561141645685788615e-01,-3.115094598028067541e-01,1.837624900986938314e-01,-1.960785764895895955e-01,2.972717444497425254e-01,3.126802841849636583e-02,2.408840921190644746e-01,-1.251672134170249029e+00
2.351999999999999957e+01,1.100000000000000000e+01,3.588286841581153297e+00,1.829649304424442846e+00,2.145051866280898611e+00,3.598177500801324480e-01,-3.032855333234614759e-01,1.862818461558948258e-01,-1.954565620624506839e-01,3.021018795364504572e-01,3.098542951601385501e-02,2.420448092808798191e-01,-1.216481428496545947e+00
2.353999999999999915e+01,1.100000000000000000e+01,3.584383904397742793e+00,1.835739802641613849e+00,2.136377267589812945e+00,3.635654384148144791e-01,-2.952072223741377122e-01,1.881614474959150130e-01,-1.948370385783046443e-01,3.069500878119967302e-01,3.102094021018397818e-02,2.426881750955527939e-01,-1.182089758152691239e+00
2.355999999999999872e+01,1.100000000000000000e+01,3.580493386595288374e+00,1.841927358236596923e+00,2.127860242747833919e+00,3.673442079799688620e-01,-2.873232486446437584e-01,1.893788742598694341e-01,-1.942135234797600085e-01,3.118058280949978500e-01,3.138659704685243385e-02,2.427947741190144559e-01,-1.148688006655120164e+00
2.357999999999999829e+01,1.100000000000000000e+01,3.576615434837741248e+00,1.848212013201819381e+00,2.119497392228770316e+00,3.711405933852090500e-01,-2.796781562511239660e-01,1.899121535559444851e-01,-1.935792934785082742e-01,3.166581708951888285e-01,3.209443657186493437e-02,2.423451909071958343e-01,-1.116446654130266669e+00
2.360000000000000142e+01,1.100000000000000000e+01,3.572750332662131711e+00,1.854593587056815540e+00,2.111284221244469350e+00,3.749406941222071521e-01,-2.723124261300196580e-01,1.897397339912743064e-01,-1.929273845553241551e-01,3.214957984134234059e-01,3.315649533106712621e-02,2.413200100160280415e-01,-1.085517127956815431e+00
2.362000000000000099e+01,1.100000000000000000e+01,3.568898505293179646e+00,1.861071669082047020e+00,2.103215201034068560e+00,3.787301827448605884e-01,-2.652626785938002052e-01,1.888404616213055220e-01,-1.922505919600653590e-01,3.263070045416738285e-01,3.458480987030472520e-02,2.396998160014421064e-01,-1.056033426695116129e+00
2.364000000000000057e+01,1.100000000000000000e+01,3.565060524457920543e+00,1.867645610552727486e+00,2.095283825920774667e+00,3.824943125870591820e-01,-2.585619530333594374e-01,1.871935581568031637e-01,-1.915414702116727541e-01,3.310796948630311820e-01,3.639141673542339167e-02,2.374651934193691694e-01,-1.028113957627491803e+00
2.366000000000000014e+01,1.100000000000000000e+01,3.561237113200317772e+00,1.874314516972641620e+00,2.087482664873475446e+00,3.862179250711325618e-01,-2.522400537213294602e-01,1.847786021803052847e-01,-1.907923330981702303e-01,3.358013866517048918e-01,3.858835247226883453e-02,2.345967268257403704e-01,-1.001863537015592831e+00
2.367999999999999972e+01,1.100000000000000000e+01,3.557429150695885056e+00,1.881077240307970744e+00,2.079803406450015046e+00,3.898854566742712691e-01,-2.463239512711390966e-01,1.815755140497365971e-01,-1.899952536766648381e-01,3.404592088730232224e-01,4.118765362668668634e-02,2.310750007764867109e-01,-9.773755117825977390e-01
2.369999999999999929e+01,1.100000000000000000e+01,3.553637677066300959e+00,1.887932371221114014e+00,2.072236896114320270e+00,3.934809456331218591e-01,-2.408382304396129159e-01,1.775645451121601326e-01,-1.891420642733466217e-01,3.450399021834330004e-01,4.420135674452266988e-02,2.268805998275393865e-01,-9.547339713588087751e-01
2.371999999999999886e+01,1.100000000000000000e+01,3.549863898194032252e+00,1.894878231304509830e+00,2.064773165006717370e+00,3.969880384787575212e-01,-2.358055765202148324e-01,1.727262718167281719e-01,-1.882243564834888694e-01,3.495298189304997249e-01,4.764149837162248019e-02,2.219941085348293708e-01,-9.340160286178543769e-01
2.373999999999999844e+01,1.100000000000000000e+01,3.546109190536947064e+00,1.901912865314460355e+00,2.057401449302497465e+00,4.003899965057908239e-01,-2.312472944584638701e-01,1.670415953071540116e-01,-1.872334811714476688e-01,3.539149231529073458e-01,5.152011505383177759e-02,2.163961114542877207e-01,-9.152941590226320034e-01
2.376000000000000156e+01,1.100000000000000000e+01,3.542375105942936919e+00,1.909034033404951369e+00,2.050110199315138715e+00,4.036697022910440968e-01,-2.271838569434559141e-01,1.604917470928803880e-01,-1.861605484706625457e-01,3.581807905804585412e-01,5.584924333699627791e-02,2.100671931418455762e-01,-8.986385972519856935e-01
2.378000000000000114e+01,1.100000000000000000e+01,3.538663376464532995e+00,1.916239203361476573e+00,2.042887077484862868e+00,4.068096663895064968e-01,-2.236354800230060391e-01,1.530583014474800052e-01,-1.849964277836558257e-01,3.623126086340747176e-01,6.064091976696164843e-02,2.029879381534340776e-01,-8.841198007534558645e-01
2.380000000000000071e+01,1.100000000000000000e+01,3.534975919173525494e+00,1.923525542834859214e+00,2.035718944337318259e+00,4.097920343489431794e-01,-2.206227272116088045e-01,1.447231952675007705e-01,-1.837317477820331058e-01,3.662951764257956766e-01,6.590718088957353560e-02,1.951389310449841985e-01,-8.718110000286071193e-01
2.382000000000000028e+01,1.100000000000000000e+01,3.531314840975582126e+00,1.930889911575074613e+00,2.028591831397564160e+00,4.125985942002063922e-01,-2.181671455920573821e-01,1.354687562481604601e-01,-1.823568964064829490e-01,3.701129047587800591e-01,7.166006325067768301e-02,1.865007563724271344e-01,-8.617908662716528001e-01
2.383999999999999986e+01,1.100000000000000000e+01,3.527682443424864811e+00,1.938328853665071572e+00,2.021490899896649207e+00,4.152107845988694534e-01,-2.162919400593781294e-01,1.252777404011542473e-01,-1.808620208667770513e-01,3.737498161273049568e-01,7.791160339611974406e-02,1.770539986916938591e-01,-8.541463386228692611e-01
2.385999999999999943e+01,1.100000000000000000e+01,3.524081227538650829e+00,1.945838589754597336e+00,2.014400383905914804e+00,4.176097038162524533e-01,-2.150226946483270452e-01,1.141333801629276223e-01,-1.792370276417702690e-01,3.771895447167661897e-01,8.467383787174539989e-02,1.667792425587155680e-01,-8.489756662593852532e-01
2.387999999999999901e+01,1.100000000000000000e+01,3.520513898611947301e+00,1.953415009294016125e+00,2.007303516269968391e+00,4.197761198053864828e-01,-2.143881528711837903e-01,1.020194446287199241e-01,-1.774715824794003971e-01,3.804153364036780838e-01,9.195880322340033164e-02,1.556570725294232904e-01,-8.463917354646888214e-01
2.389999999999999858e+01,1.100000000000000000e+01,3.516983371032114558e+00,1.961053662768135641e+00,2.000182435372699352e+00,4.216904816014011570e-01,-2.144210722342502484e-01,8.892031381395071321e-02,-1.755551103966884186e-01,3.834100487556738601e-01,9.977853599693027598e-02,1.436680731597480831e-01,-8.465257695110750547e-01
2.392000000000000171e+01,1.100000000000000000e+01,3.513492773093479293e+00,1.968749753930026269e+00,1.993018070348305359e+00,4.233329323579447245e-01,-2.151591716717668745e-01,7.482106930893905883e-02,-1.734767956797383937e-01,3.861561510315050239e-01,1.081450727381807336e-01,1.307928290056212528e-01,-8.495315107051424341e-01
2.394000000000000128e+01,1.100000000000000000e+01,3.510045451811956152e+00,1.976498132034844701e+00,1.985790001823395157e+00,4.246833243737589414e-01,-2.166461946069485334e-01,5.970760428069077363e-02,-1.712255818837374322e-01,3.886357241810418639e-01,1.170704499929976633e-01,1.170119246229735510e-01,-8.555900206418382004e-01
2.396000000000000085e+01,1.100000000000000000e+01,3.506644977739665769e+00,1.984293284073656682e+00,1.978476294623896514e+00,4.257212365291722644e-01,-2.189331147778762754e-01,4.356675652088881634e-02,-1.687901718329557210e-01,3.908304608452733420e-01,1.265667043072265796e-01,1.023059445677362012e-01,-8.649152683583135603e-01
2.398000000000000043e+01,1.100000000000000000e+01,3.503295149779551476e+00,1.992129327007258421e+00,1.971053298071875126e+00,4.264259946345944630e-01,-2.220795168659368268e-01,2.638646918659759422e-02,-1.661590276207466355e-01,3.927216653563069815e-01,1.366458722267132331e-01,8.665547339584030173e-02,-8.777607190087203248e-01
2.400000000000000000e+01,1.200000000000000000e+01,3.500000000000000000e+00,2.000000000000000000e+00,1.963495408493620031e+00,4.267766952966361993e-01,-2.261551892664315777e-01,1.717034794856964197e-02,-1.633203706095465169e-01,3.942902537373682570e-01,1.473199902973032493e-01,7.004109566321803371e-02,-8.944271909999192971e-01
2.401999999999999957e+01,1.200000000000000000e+01,3.496763271894173020e+00,2.007901036082420543e+00,1.955633907580996977e+00,4.271128085525372486e-01,-2.387103271129486781e-01,2.502127135621989851e-02,-1.603418223215415106e-01,3.958735293553277690e-01,1.505053415186144994e-01,8.809393775050446129e-02,-9.459678392383310541e-01
2.403999999999999915e+01,1.200000000000000000e+01,3.493586740081298103e+00,2.015837271621169435e+00,1.947349776997372439e+00,4.277775461508849797e-01,-2.496501280164489522e-01,4.106852899444923821e-02,-1.573013256798897197e-01,3.978063874929885779e-01,1.535153830767571614e-01,1.050032166778197273e-01,-9.911341925616137249e-01
2.405999999999999872e+01,1.200000000000000000e+01,3.490471608689481364e+00,2.023815471101626962e+00,1.938690143991002479e+00,4.287555497123151649e-01,-2.589998266893782097e-01,5.634970647133563659e-02,-1.542023534329680645e-01,4.000661890298198853e-01,1.563534594603757377e-01,1.207921467120291192e-01,-1.029935367166060045e+00
2.407999999999999829e+01,1.200000000000000000e+01,3.487419013060758743e+00,2.031841950869614166e+00,1.929701506708323411e+00,4.300315344097382919e-01,-2.668032827037939980e-01,7.086735855525105876e-02,-1.510483114393805504e-01,4.026307591306280687e-01,1.590229151581147582e-01,1.354839421199980076e-01,-1.062466846377873475e+00
2.410000000000000142e+01,1.200000000000000000e+01,3.484430021088892993e+00,2.039922588417104166e+00,1.920429304277476490e+00,4.315902440545255070e-01,-2.731197732654592203e-01,8.462207963078327566e-02,-1.478425386679583231e-01,4.054783872455572924e-01,1.615270946586185863e-01,1.491018171685917493e-01,-1.088900998275713627e+00
2.412000000000000099e+01,1.200000000000000000e+01,3.481505634557167550e+00,2.048062831667925909e+00,1.910917537811490652e+00,4.334164175949697939e-01,-2.780209666823291736e-01,9.761305999117020349e-02,-1.445883071977597245e-01,4.085878271100883974e-01,1.638693424505319185e-01,1.616689861246756454e-01,-1.109476645251251892e+00
2.414000000000000057e+01,1.200000000000000000e+01,3.478646790476182193e+00,2.056267708263469274e+00,1.901208444954211485e+00,4.354947664541722330e-01,-2.815881334235644795e-01,1.098386080175597357e-01,-1.412888222180700426e-01,4.119382967450399557e-01,1.660530030224991183e-01,1.732086632551150251e-01,-1.124488104833388125e+00
2.416000000000000014e+01,1.200000000000000000e+01,3.475854362421648691e+00,2.064541834848397706e+00,1.891342229050722024e+00,4.378099619156721189e-01,-2.839096228234263553e-01,1.212966286765126966e-01,-1.379472220284018169e-01,4.155094784565679378e-01,1.680814208631647988e-01,1.837440628267752729e-01,-1.134274095955009054e+00
2.417999999999999972e+01,1.200000000000000000e+01,3.473129161872184234e+00,2.072889426356345766e+00,1.881356842588180145e+00,4.403466316012326631e-01,-2.850786132046274068e-01,1.319850514834346455e-01,-1.345665780384945331e-01,4.192815188361651013e-01,1.699579404611733791e-01,1.932983991065216900e-01,-1.139206864299945776e+00
2.419999999999999929e+01,1.200000000000000000e+01,3.470471939547112861e+00,2.081314305295635769e+00,1.871287823269332851e+00,4.430893639750093649e-01,-2.851911301891755790e-01,1.419022036779331586e-01,-1.311498947683149563e-01,4.232350287606618244e-01,1.716859063051693890e-01,2.018948863612196054e-01,-1.139681828361447602e+00
2.421999999999999886e+01,1.200000000000000000e+01,3.467883386744254448e+00,2.089819911034978439e+00,1.861168179984675541e+00,4.460227197483498385e-01,-2.843443205677279595e-01,1.510471267345643298e-01,-1.277001098480568808e-01,4.273510833922258834e-01,1.732686628837972753e-01,2.095567388577343759e-01,-1.136107988667627966e+00
2.423999999999999844e+01,1.200000000000000000e+01,3.465364136677723028e+00,2.098409309089180663e+00,1.851028325062920032e+00,4.491312490443917782e-01,-2.826349656410161448e-01,1.594198364134733481e-01,-1.242200940181412278e-01,4.316112221783623415e-01,1.747095546857015957e-01,2.163071708629312750e-01,-1.128899280538038452e+00
2.426000000000000156e+01,1.200000000000000000e+01,3.462914765815723772e+00,2.107085200404854142e+00,1.840896048512823846e+00,4.523995132048891921e-01,-2.801582169709918579e-01,1.670215282923823708e-01,-1.207126511292160032e-01,4.359974488519134939e-01,1.760119261995268525e-01,2.221693966436757706e-01,-1.118466989591598848e+00
2.428000000000000114e+01,1.200000000000000000e+01,3.460535795218344646e+00,2.115849930646120036e+00,1.830796529520282379e+00,4.558121101760874705e-01,-2.770065378398964828e-01,1.738547320933143681e-01,-1.171805181421563535e-01,4.404922314310588116e-01,1.771791219139175477e-01,2.271666304668331082e-01,-1.105213292242100076e+00
2.430000000000000071e+01,1.200000000000000000e+01,3.458227691875353393e+00,2.124705499480315840e+00,1.820752380220355793e+00,4.593537024886216735e-01,-2.732688346006084124e-01,1.799234191278973327e-01,-1.136263651280645381e-01,4.450785022193151086e-01,1.782144863175181282e-01,2.313220865992685615e-01,-1.089525933002971403e+00
2.432000000000000028e+01,1.200000000000000000e+01,3.455990870043994523e+00,2.133653569863703581e+00,1.810783716704080337e+00,4.630090469412032061e-01,-2.690297630032449927e-01,1.852330678539590991e-01,-1.100527952682699290e-01,4.497396578055370409e-01,1.791213638989731793e-01,2.346589793078476260e-01,-1.071774008136187506e+00
2.433999999999999986e+01,1.200000000000000000e+01,3.453825692586786289e+00,2.142695477327177134e+00,1.800908252318420333e+00,4.667630252027798465e-01,-2.643691952411306723e-01,1.897906929000079401e-01,-1.064623448543289552e-01,4.544595590639158855e-01,1.799030991469272034e-01,2.372005228594355475e-01,-1.052304791767674219e+00
2.435999999999999943e+01,1.200000000000000000e+01,3.451732472309308353e+00,2.151832239261965096e+00,1.791141408545394942e+00,4.706006746572033439e-01,-2.593618337972973809e-01,1.936048430166721346e-01,-1.028574832880252699e-01,4.592225311539804844e-01,1.805630365500246748e-01,2.389699315208976826e-01,-1.031441516094303568e+00
2.437999999999999901e+01,1.200000000000000000e+01,3.449711473298003650e+00,2.161064564205339433e+00,1.781496439073260607e+00,4.745072189234465498e-01,-2.540769582340807187e-01,1.966855733033625597e-01,-9.924061308136943038e-02,4.640133635205968554e-01,1.811045205969100402e-01,2.399904195590993605e-01,-1.009482001206232216e+00
2.439999999999999858e+01,1.200000000000000000e+01,3.447762912257976708e+00,2.170392861126326345e+00,1.771984563069593621e+00,4.784680975893377264e-01,-2.485782909615243674e-01,1.990443967837247641e-01,-9.561406985659928748e-02,4.688173098939685257e-01,1.815308957762279130e-01,2.402852012409059379e-01,-9.866980214243297187e-01
2.442000000000000171e+01,1.200000000000000000e+01,3.445886959850779085e+00,2.179817248711405586e+00,1.762615104106509900e+00,4.824689947947961022e-01,-2.429239678751404508e-01,2.006942200106660579e-01,-9.198012234617977678e-02,4.736200882896361986e-01,1.818455065766225731e-01,2.398774908331826605e-01,-9.633352927447522696e-01
2.444000000000000128e+01,1.200000000000000000e+01,3.444083742032217454e+00,2.189337564650224444e+00,1.753395631648764885e+00,4.864958663897648861e-01,-2.371665996908346730e-01,2.016492669123159942e-01,-8.834097239280291891e-02,4.784078810084779754e-01,1.820516974867388005e-01,2.387905026027948852e-01,-9.396139687260823825e-01
2.446000000000000085e+01,1.200000000000000000e+01,3.442353341390136379e+00,2.198953374921298831e+00,1.744332102476551682e+00,4.905349654712885532e-01,-2.313534099173109870e-01,2.019249945808248015e-01,-8.469875494938779170e-02,4.831673346367093003e-01,1.821528129952209030e-01,2.370474508166080241e-01,-9.157295386910083712e-01
2.448000000000000043e+01,1.200000000000000000e+01,3.440695798482222845e+00,2.208663983077724602e+00,1.735428999860963328e+00,4.945728661729977271e-01,-2.255264357505432915e-01,2.015380041843872760e-01,-8.105553807908068287e-02,4.878855600458826824e-01,1.821521975907135493e-01,2.346715497414874618e-01,-8.918540312757246014e-01
2.450000000000000000e+01,1.200000000000000000e+01,3.439111113173798362e+00,2.218468439532878644e+00,1.726689468729695420e+00,4.985964856386638777e-01,-2.197227787706819147e-01,2.005059496723529122e-01,-7.741332295525488183e-02,4.925501323928882513e-01,1.820531957618610752e-01,2.316860136442983609e-01,-8.681374371199552797e-01
2.451999999999999957e+01,1.200000000000000000e+01,3.437599245975614171e+00,2.228365550846132415e+00,1.718115445445564715e+00,5.025931041598916682e-01,-2.139748931569087353e-01,1.988474464616487580e-01,-7.377404386151090177e-02,4.971490911199532570e-01,1.818591519973080661e-01,2.281140567919062168e-01,-8.447092759930739936e-01
2.453999999999999915e+01,1.200000000000000000e+01,3.436160119381647338e+00,2.238353889008552589e+00,1.709707781165897833e+00,5.065503834971296637e-01,-2.083109001740795774e-01,1.965819818493699245e-01,-7.013956819167625756e-02,5.016709399546422921e-01,1.815734107856989965e-01,2.239788934511761920e-01,-8.216802452194127415e-01
2.455999999999999872e+01,1.200000000000000000e+01,3.434793619206896853e+00,2.248431800728613261e+00,1.701466358054453565e+00,5.104563834338662343e-01,-2.027549188751964493e-01,1.937298284995758735e-01,-6.651169644980566009e-02,5.061046469098571254e-01,1.811993166156783963e-01,2.193037378889739208e-01,-7.991438973918579824e-01
2.457999999999999829e+01,1.200000000000000000e+01,3.433499595925175729e+00,2.258597416717897488e+00,1.693390197879063974e+00,5.142995766371125654e-01,-1.973274042477253798e-01,1.903119620045412574e-01,-6.289216225018089135e-02,5.104396442838370351e-01,1.807402139758907955e-01,2.141118043721644548e-01,-7.771783056942048740e-01
2.460000000000000142e+01,1.200000000000000000e+01,3.432277866006912426e+00,2.268848660976807263e+00,1.685477562748961544e+00,5.180688619140484397e-01,-1.920454853517130356e-01,1.863499832223656227e-01,-5.928263231731085298e-02,5.146658286601587529e-01,1.801994473549805853e-01,2.084263071676131784e-01,-7.558476844681657481e-01
2.462000000000000099e+01,1.200000000000000000e+01,3.431128213256942061e+00,2.279183260080271278e+00,1.677726047928272290e+00,5.217535759660076877e-01,-1.869232973011382137e-01,1.818660458419945058e-01,-5.568470648593151773e-02,5.187735609077357424e-01,1.795803612415923789e-01,2.022704605421854762e-01,-7.352039408458694858e-01
2.464000000000000057e+01,1.200000000000000000e+01,3.430050390152301176e+00,2.289598752463445575e+00,1.670132666809668764e+00,5.253435037477280911e-01,-1.819723021833015986e-01,1.768827894205262652e-01,-5.209991770100604047e-02,5.227536661808194207e-01,1.788863001243706508e-01,1.956674787627467327e-01,-7.152881402916777542e-01
2.466000000000000014e+01,1.200000000000000000e+01,3.429044119180026495e+00,2.300092497707430184e+00,1.662693928248313968e+00,5.288288875428286406e-01,-1.772015951609592910e-01,1.714232779714421895e-01,-4.852973201772460554e-02,5.265974339189980480e-01,1.781206084919598198e-01,1.886405760961622491e-01,-6.961318747875652191e-01
2.467999999999999972e+01,1.200000000000000000e+01,3.428109094174947469e+00,2.310661685824964895e+00,1.655405906544862527e+00,5.322004348665856366e-01,-1.726181930355015770e-01,1.655109440516575603e-01,-4.497554860150460021e-02,5.302966178471973935e-01,1.772866308330045271e-01,1.812129668092973545e-01,-6.777585272253023874e-01
2.469999999999999929e+01,1.200000000000000000e+01,3.427244981657483258e+00,2.321303346546145008e+00,1.648264304431204641e+00,5.354493253048947521e-01,-1.682273034537692946e-01,1.591695381960676059e-01,-4.143869972799043427e-02,5.338434359756805136e-01,1.763877116361491915e-01,1.734078651690173778e-01,-6.601844294336430830e-01
2.471999999999999886e+01,1.200000000000000000e+01,3.426451422171440164e+00,2.332014358604124205e+00,1.641264509457509124e+00,5.385672163944281721e-01,-1.640325737114451121e-01,1.524230834747370977e-01,-3.792045078305369271e-02,5.372305706000477521e-01,1.754271953900383707e-01,1.652484854421877869e-01,-6.434199142805502314e-01
2.473999999999999844e+01,1.200000000000000000e+01,3.425728031621799730e+00,2.342791459020818312e+00,1.634401644207340354e+00,5.415462486438841205e-01,-1.600363187445100477e-01,1.452958348966379987e-01,-3.442200026279300384e-02,5.404511683012368506e-01,1.744084265833164837e-01,1.567580418956736332e-01,-6.274702645644754107e-01
2.476000000000000156e+01,1.200000000000000000e+01,3.425074402612524604e+00,2.353631252392619722e+00,1.627670610782274485e+00,5.443790497902940562e-01,-1.562397284141718301e-01,1.378122433507638078e-01,-3.094447977353415036e-02,5.434988399455226160e-01,1.733347497046280605e-01,1.479597487963403846e-01,-6.123365630576574903e-01
2.478000000000000114e+01,1.200000000000000000e+01,3.424490105784343541e+00,2.364530220176096265e+00,1.621066130001272310e+00,5.470587383779150770e-01,-1.526430545905383129e-01,1.299969237562930147e-01,-2.748895403183001726e-02,5.463676606845174755e-01,1.722095092426176033e-01,1.388768204110533699e-01,-5.980164491941930560e-01
2.480000000000000071e+01,1.200000000000000000e+01,3.423974691152557703e+00,2.375484729973703413e+00,1.614582775755482924e+00,5.495789267405456480e-01,-1.492457788387250017e-01,1.218746270866066794e-01,-2.405642086446060229e-02,5.490521699551710322e-01,1.710360496859296697e-01,1.295324710066781404e-01,-5.845047886024784534e-01
2.482000000000000028e+01,1.200000000000000000e+01,3.423527689444825661e+00,2.386491044819488039e+00,1.608215004948227334e+00,5.519337234613792553e-01,-1.460467617214979974e-01,1.134702159333276228e-01,-2.064781120843305062e-02,5.515473714797697324e-01,1.698177155232086510e-01,1.199499148500796364e-01,-5.717942620505567231e-01
2.483999999999999986e+01,1.200000000000000000e+01,3.423148613438965704e+00,2.397545332464797951e+00,1.601957183434375320e+00,5.541177353778786729e-01,-1.430443748684414040e-01,1.048086432840857896e-01,-1.726398911098155076e-02,5.538487332659384199e-01,1.685578512430992160e-01,1.101523662081236865e-01,-5.598758804775986198e-01
2.485999999999999943e+01,1.200000000000000000e+01,3.422836959300749271e+00,2.408643674663982548e+00,1.595803608354687819e+00,5.561260691927425448e-01,-1.402366170357881303e-01,9.591493420112762180e-02,-1.390575172956738659e-02,5.559521876066382262e-01,1.672598013342456724e-01,1.001630393476751618e-01,-5.487394326874627248e-01
2.487999999999999901e+01,1.200000000000000000e+01,3.422592207921693941e+00,2.419782076460107234e+00,1.589748527240110398e+00,5.579543327459236535e-01,-1.376212154052373071e-01,8.681417010328118522e-02,-1.057382933187904842e-02,5.578541310801679032e-01,1.659269102852926614e-01,9.000514853559954398e-02,-5.383738720329074301e-01
2.489999999999999858e+01,1.200000000000000000e+01,3.422413826256865299e+00,2.430956475470657185e+00,1.583786154239492427e+00,5.595986359968737611e-01,-1.351957133547431744e-01,7.753147537163229686e-02,-7.268885295832045595e-03,5.595514245501638229e-01,1.645625225848846018e-01,7.970190803876230079e-02,-5.287676480637942822e-01
2.492000000000000171e+01,1.200000000000000000e+01,3.422301268662664597e+00,2.442162751173242441e+00,1.577910683802534075e+00,5.610555917607891185e-01,-1.329575458884645622e-01,6.809200601831655320e-02,-3.991516109569054858e-03,5.610413931655990893e-01,1.631699827216660792e-01,6.927653212402859473e-02,-5.199089886834096230e-01
2.494000000000000128e+01,1.200000000000000000e+01,3.422253978234630623e+00,2.453396734191305661e+00,1.572116302128559129e+00,5.623223162376066453e-01,-1.309041038444459237e-01,5.852094017654430047e-02,-7.422513714598381277e-04,5.623218263607846490e-01,1.617526351842815402e-01,5.875223505826390746e-02,-5.117861378803212347e-01
2.496000000000000085e+01,1.200000000000000000e+01,3.422271388145229576e+00,2.464654215579828112e+00,1.566397196671449166e+00,5.633964293678508373e-01,-1.290327879134992584e-01,4.884347018879253710e-02,2.478446209898726906e-03,5.633909778553685133e-01,1.603138244613754870e-01,4.815223110833352638e-02,-5.043875535993790349e-01
2.498000000000000043e+01,1.200000000000000000e+01,3.422352922981657386e+00,2.475930956111040526e+00,1.560747563972131546e+00,5.642760550451583201e-01,-1.273410534062392463e-01,3.908479608805492944e-02,5.670180815682655459e-03,5.642475656543358697e-01,1.588568950415923942e-01,3.749973454110272497e-02,-4.977020697996401011e-01
2.500000000000000000e+01,1.200000000000000000e+01,3.422498000083628256e+00,2.487222695560125096e+00,1.555161616072639363e+00,5.649598212113730034e-01,-1.258264466013225003e-01,2.927012028337117044e-02,8.832623516840873434e-03,5.648907720480096373e-01,1.573851914135768193e-01,2.681795962343691553e-02,-4.917190262301175396e-01
2.501999999999999957e+01,1.200000000000000000e+01,3.422706030881173866e+00,2.498525161990922783e+00,1.549633585750175291e+00,5.654468598564931225e-01,-1.244866333997172309e-01,1.942464327675885727e-02,1.196551227409515389e-02,5.653202436120495777e-01,1.559020580659732369e-01,1.613012062220138890e-02,-4.864283689437724489e-01
2.503999999999999915e+01,1.200000000000000000e+01,3.422976422232438143e+00,2.509834081041641518e+00,1.544157730795920891e+00,5.657368069424433266e-01,-1.233194208995673780e-01,9.573560252299273543e-03,1.506865193794018967e-02,5.655360912074530733e-01,1.544108394874262047e-01,5.459431804261520929e-03,-4.818207240708502481e-01
2.505999999999999872e+01,1.200000000000000000e+01,3.423308577761472460e+00,2.521145185210563522e+00,1.538728337551646952e+00,5.658298022665850802e-01,-1.223227723955693652e-01,-2.579416095667141917e-04,1.814191424864354529e-02,5.655388899805544600e-01,1.529148801665801416e-01,-5.170892563517328136e-03,-4.778874468872513770e-01
2.507999999999999829e+01,1.200000000000000000e+01,3.423701899196031739e+00,2.532454223141751726e+00,1.533339723907516605e+00,5.657264892780606846e-01,-1.214948161968782414e-01,-1.004468522861934332e-02,2.118523783624569334e-02,5.653296793630256944e-01,1.514175245920795776e-01,-1.573763821426996112e-02,-4.746206477432456938e-01
2.510000000000000142e+01,1.200000000000000000e+01,3.424155787705369658e+00,2.543756968910753091e+00,1.527986241956885261e+00,5.654280148574402087e-01,-1.208338485491636666e-01,-1.976150525957365289e-02,2.419862822056000062e-02,5.649099630718763532e-01,1.499221172525690704e-01,-2.621759088113087555e-02,-4.720131959625903928e-01
2.512000000000000099e+01,1.200000000000000000e+01,3.424669645238031634e+00,2.555049231310310809e+00,1.522662280498327192e+00,5.649360290676777030e-01,-1.203383308400393370e-01,-2.938324938443948042e-02,2.718215781117269692e-02,5.642817091094523008e-01,1.484320026366930112e-01,-3.658753629723476841e-02,-4.700587023814394305e-01
2.514000000000000057e+01,1.200000000000000000e+01,3.425242875859656255e+00,2.566326863136065839e+00,1.517362267571587653e+00,5.642526848820627050e-01,-1.200068811630208010e-01,-3.888477937677059515e-02,3.013596590744292703e-02,5.634473497634377992e-01,1.469505252330960132e-01,-4.682426019571644948e-02,-4.687514807694425079e-01
2.516000000000000014e+01,1.200000000000000000e+01,3.425874887090763821e+00,2.577585770472269111e+00,1.512080673212566673e+00,5.633806378926069502e-01,-1.198382602137189890e-01,-4.824097204745925183e-02,3.306025869850266752e-02,5.624097816068536204e-01,1.454810295304225232e-01,-5.690454830971038158e-02,-4.680864879613664820e-01
2.517999999999999972e+01,1.200000000000000000e+01,3.426565091244556882e+00,2.588821921977484397e+00,1.506812012612744223e+00,5.623230460001643616e-01,-1.198313513934520652e-01,-5.742672017914962623e-02,3.595530926325692100e-02,5.611723654980583786e-01,1.440268600173170155e-01,-6.680518637235124957e-02,-4.680592421259121561e-01
2.519999999999999929e+01,1.200000000000000000e+01,3.427312906764712785e+00,2.600031358170294293e+00,1.501550849870567417e+00,5.610835690854409918e-01,-1.199851349003405454e-01,-6.641693355536126830e-02,3.882145757038343858e-02,5.597389265807477532e-01,1.425913611824240756e-01,-7.650296011677397423e-02,-4.686657182095046448e-01
2.521999999999999886e+01,1.200000000000000000e+01,3.428117759563179767e+00,2.611210200715009755e+00,1.496291802526097392e+00,5.596663686579499419e-01,-1.202986554969117661e-01,-7.518654019035153624e-02,4.165911047833292802e-02,5.581137542839544885e-01,1.411778775143880948e-01,-8.597465527611289349e-02,-4.699022192179216351e-01
2.523999999999999844e+01,1.200000000000000000e+01,3.428979084357974827e+00,2.622354661707376966e+00,1.491029547075529482e+00,5.580761074778269881e-01,-1.207709835573306661e-01,-8.371048786751522641e-02,4.446874173532898433e-02,5.563016023220495043e-01,1.397897535018536863e-01,-9.519705758350291425e-02,-4.717652216404856769e-01
2.526000000000000156e+01,1.200000000000000000e+01,3.429896326010975383e+00,2.633461052960281101e+00,1.485758825668866079e+00,5.563179491432490575e-01,-1.214011689180398423e-01,-9.196374609658519717e-02,4.725089197936806207e-02,5.543076886947398974e-01,1.384303336334652690e-01,-1.041469527720784993e-01,-4.742511929846172647e-01
2.528000000000000114e+01,1.200000000000000000e+01,3.430868940865717587e+00,2.644525795289456305e+00,1.480474454201798240e+00,5.543975576339633671e-01,-1.221881869848674002e-01,-9.992130860363346301e-02,5.000616873821953079e-02,5.521376956870708286e-01,1.371029623978674006e-01,-1.128011265749744724e-01,-4.773563790796443995e-01
2.530000000000000071e+01,1.200000000000000000e+01,3.431896398085189315e+00,2.655545427799189451e+00,1.475171332021451898e+00,5.523210967991037945e-01,-1.231308764902020181e-01,-1.075581964727536644e-01,5.273524642942565427e-02,5.497977698694245241e-01,1.358109842837045556e-01,-1.211363647253253933e-01,-4.810765585373076858e-01
2.532000000000000028e+01,1.200000000000000000e+01,3.432978180989628036e+00,2.666516617168030123e+00,1.469844453474726587e+00,5.500952297750533182e-01,-1.242278682490963182e-01,-1.148494620631002050e-01,5.543886636030157661e-02,5.472945220975204972e-01,1.345577437796212361e-01,-1.291294529562660165e-01,-4.854067615351111420e-01
2.533999999999999986e+01,1.200000000000000000e+01,3.434113788394315581e+00,2.677436166934494821e+00,1.464488921537049348e+00,5.477271183165799417e-01,-1.254775042374612626e-01,-1.217701938307147458e-01,5.811783672793534306e-02,5.446350275124157703e-01,1.333465853742619167e-01,-1.367571770009309295e-01,-4.903409499340102284e-01
2.535999999999999943e+01,1.200000000000000000e+01,3.435302735947371566e+00,2.688301026782773828e+00,1.459099963767934272e+00,5.452244220218248616e-01,-1.268777463141818607e-01,-1.282955221901413978e-01,6.077303261918785143e-02,5.418268255405043199e-01,1.321808535562711828e-01,-1.439963225924547896e-01,-4.958716556747789217e-01
2.537999999999999901e+01,1.200000000000000000e+01,3.436544557467553496e+00,2.699108301828440304e+00,1.453672950847136880e+00,5.425952974289743880e-01,-1.284260739383829286e-01,-1.344006265557062818e-01,6.340539601069294928e-02,5.388779198935176318e-01,1.310638928142934534e-01,-1.508236754639723232e-01,-5.019895744434472729e-01
2.539999999999999858e+01,1.200000000000000000e+01,3.437838806282045745e+00,2.709855261904152712e+00,1.448203417950598482e+00,5.398483969595967435e-01,-1.301193703007212654e-01,-1.400607437065897187e-01,6.601593576885730896e-02,5.357967785685244788e-01,1.299990476369732861e-01,-1.572160213486181735e-01,-5.086831117866791319e-01
2.542000000000000171e+01,1.200000000000000000e+01,3.439185056564261878e+00,2.720539350845369242e+00,1.442687089227867814e+00,5.369928676807104173e-01,-1.319537964020714715e-01,-1.452511776221268036e-01,6.860572764986053174e-02,5.325923338479311431e-01,1.289896625129551555e-01,-1.631501459795269005e-01,-5.159378792297486527e-01
2.544000000000000128e+01,1.200000000000000000e+01,3.440582904671634967e+00,2.731158195776043573e+00,1.437119905641115247e+00,5.340383498547113250e-01,-1.339246527839688394e-01,-1.499473109333564480e-01,7.117591429965514083e-02,5.292739822994808607e-01,1.280390819308835360e-01,-1.686028350898333417e-01,-5.237361385457973695e-01
2.546000000000000085e+01,1.200000000000000000e+01,3.442031970483413694e+00,2.741709616394341520e+00,1.431498056418925913e+00,5.309949752433762438e-01,-1.360262288531843555e-01,-1.541246181337054821e-01,7.372770525396647734e-02,5.258515847762541551e-01,1.271506503794029852e-01,-1.735508744126720293e-01,-5.320561931939927769e-01
2.548000000000000043e+01,1.200000000000000000e+01,3.443531898738462438e+00,2.752191634258343456e+00,1.425818014364255815e+00,5.278733651293632256e-01,-1.382516400589022532e-01,-1.577586806833632949e-01,7.626237693829282516e-02,5.223354664166695027e-01,1.263277123471579499e-01,-1.779710496811777454e-01,-5.408717271399012816e-01
2.550000000000000000e+01,1.200000000000000000e+01,3.445082360373049823e+00,2.762602482071749854e+00,1.420076575233556682e+00,5.246846280160418763e-01,-1.405926535863230298e-01,-1.608252041274838007e-01,7.878127266790534156e-02,5.187364166444817792e-01,1.255736123227929879e-01,-1.818401466284850221e-01,-5.501510928516093468e-01
2.551999999999999957e+01,1.200000000000000000e+01,3.446683053858649703e+00,2.772940612969591712e+00,1.414270901371200484e+00,5.214403569642640512e-01,-1.430395037357002630e-01,-1.633000373275432793e-01,8.128580264784804332e-02,5.150656891687838135e-01,1.248916947949525735e-01,-1.851349509877285859e-01,-5.598565522892816615e-01
2.553999999999999915e+01,1.200000000000000000e+01,3.448333706539733257e+00,2.783204709803932975e+00,1.408398569737888018e+00,5.181526265229402517e-01,-1.455806987700374588e-01,-1.651591938745404775e-01,8.377744397293789003e-02,5.113350019840054994e-01,1.242853042522811813e-01,-1.878322484920431634e-01,-5.699434772320899345e-01
2.555999999999999872e+01,1.200000000000000000e+01,3.450034075971568193e+00,2.793393694429581853e+00,1.402457624411487469e+00,5.148339892092825831e-01,-1.482028217444873452e-01,-1.663788757115582939e-01,8.625774062776472850e-02,5.075565373699141292e-01,1.237577851834233827e-01,-1.899088248745633700e-01,-5.803595183665150037e-01
2.557999999999999829e+01,1.200000000000000000e+01,3.451783951258006855e+00,2.803506736989793691e+00,1.396446633561389428e+00,5.114974714944781065e-01,-1.508903286786992815e-01,-1.669354989399778333e-01,8.872830348669122347e-02,5.037429418916140600e-01,1.233124820770236385e-01,-1.913414658684237657e-01,-5.910437562338025641e-01
2.560000000000000142e+01,1.200000000000000000e+01,3.453583154389292531e+00,2.813543265201980059e+00,1.390364750800714422e+00,5.081565692516830657e-01,-1.536253483972361278e-01,-1.668057217155869409e-01,9.119081031385303793e-02,4.999073263995472693e-01,1.229527394217264230e-01,-1.921069572067591880e-01,-6.019258514211510702e-01
2.562000000000000099e+01,1.200000000000000000e+01,3.455431541579844446e+00,2.823502973643414293e+00,1.384211780702391925e+00,5.048252426258541536e-01,-1.563874894329656540e-01,-1.659664740569706254e-01,9.364700576315859726e-02,4.960632660294928553e-01,1.226819017061762662e-01,-1.921820846227041413e-01,-6.129252162704847962e-01
2.564000000000000057e+01,1.200000000000000000e+01,3.457329004606060074e+00,2.833385833036939250e+00,1.377988248123357407e+00,5.015179102894044005e-01,-1.591536605454008657e-01,-1.643949892876772623e-01,9.609870137828936676e-02,4.922248002025674807e-01,1.225033134190176703e-01,-1.915436338493933521e-01,-6.239502358179568331e-01
2.566000000000000014e+01,1.200000000000000000e+01,3.459275472144106800e+00,2.843192099536673290e+00,1.371695470814549234e+00,4.982494430543472075e-01,-1.618979126211692043e-01,-1.620688367143099384e-01,9.854777559269956022e-02,4.884064326252246513e-01,1.224203190488951654e-01,-1.901683906199615193e-01,-6.348975715590213786e-01
2.567999999999999972e+01,1.200000000000000000e+01,3.461270911107720227e+00,2.852922324013716260e+00,1.365335634602368842e+00,4.950351568208321562e-01,-1.645913109560963039e-01,-1.589659550047368697e-01,1.009961737296163620e-01,4.846231312892556042e-01,1.224362630844531841e-01,-1.880331406675432582e-01,-6.456515877812061266e-01
2.569999999999999929e+01,1.200000000000000000e+01,3.463315327985997172e+00,2.862577361341858584e+00,1.358911870210232076e+00,4.918908048541578704e-01,-1.672018481137703683e-01,-1.550646855759580944e-01,1.034459080020398158e-01,4.808903284717885862e-01,1.225544900143362981e-01,-1.851146697252733508e-01,-6.560839463591091603e-01
2.571999999999999886e+01,1.200000000000000000e+01,3.465408770181192644e+00,2.872158379683286356e+00,1.352428330548567370e+00,4.888325693977939590e-01,-1.696944086466129487e-01,-1.503438051305057144e-01,1.058990575127429223e-01,4.772239207352894086e-01,1.227783443271889680e-01,-1.813897635262862740e-01,-6.660534217074720598e-01
2.573999999999999844e+01,1.200000000000000000e+01,3.467551327346514611e+00,2.881666869774287765e+00,1.345890267041594646e+00,4.858770526489378239e-01,-1.720307978721125064e-01,-1.447825562986420067e-01,1.083577682542714860e-01,4.736402689275610034e-01,1.231111705116557098e-01,-1.768352078037168651e-01,-6.754059925776493278e-01
2.576000000000000156e+01,1.200000000000000000e+01,3.469743132723920098e+00,2.891104654210960412e+00,1.339304103285047454e+00,4.830412671458479412e-01,-1.741698475269543300e-01,-1.383606751566723858e-01,1.108242531089442262e-01,4.701561981817437563e-01,1.235563130563810258e-01,-1.714277882906996286e-01,-6.839752709933721864e-01
2.578000000000000114e+01,1.200000000000000000e+01,3.471984364481909502e+00,2.900473896734919066e+00,1.332677504048625616e+00,4.803426256426704954e-01,-1.760676113735592796e-01,-1.310584142070148062e-01,1.133007918488527499e-01,4.667889979163151182e-01,1.241171164500094182e-01,-1.651442907203693189e-01,-6.915833301879050765e-01
2.580000000000000071e+01,1.200000000000000000e+01,3.474275247053324023e+00,2.909777111518999870e+00,1.326019437361030784e+00,4.777989305775675044e-01,-1.776776635983804420e-01,-1.228565592353607627e-01,1.157897311358615927e-01,4.635564218350901600e-01,1.247969251811853753e-01,-1.579615008258606068e-01,-6.980419921839939867e-01
2.582000000000000028e+01,1.200000000000000000e+01,3.476616052473138208e+00,2.919017172452970321e+00,1.319340227157339340e+00,4.754283632732561604e-01,-1.789515120070167553e-01,-1.137364383161880710e-01,1.182934845216081221e-01,4.604766879272210178e-01,1.255990837385534131e-01,-1.498562043403081079e-01,-7.031546308690270752e-01
2.583999999999999986e+01,1.200000000000000000e+01,3.479007101716258266e+00,2.928197322429233029e+00,1.312651593744402101e+00,4.732494730449200993e-01,-1.798391364757329081e-01,-1.036799211359777928e-01,1.208145324475026483e-01,4.575684784671971705e-01,1.265269366107580340e-01,-1.408051869968465208e-01,-7.067185372975589575e-01
2.585999999999999943e+01,1.200000000000000000e+01,3.481448766035316389e+00,2.937321182628535254e+00,1.305966679168557132e+00,4.712811664278171997e-01,-1.802896607544367813e-01,-9.266940676254264986e-02,1.233554222447283272e-01,4.548509400148456616e-01,1.275838282864437401e-01,-1.307852345286105167e-01,-7.085278798351828389e-01
2.587999999999999901e+01,1.200000000000000000e+01,3.483941468298464628e+00,2.946392761805671334e+00,1.299300054471809851e+00,4.695426967744184554e-01,-1.802521624332627248e-01,-8.068779802535530621e-02,1.259187681342412435e-01,4.523436834153304331e-01,1.287731032542550058e-01,-1.197731326687347247e-01,-7.083772721679220119e-01
2.589999999999999858e+01,1.200000000000000000e+01,3.486485684327174983e+00,2.955416465575195772e+00,1.292667705819363633e+00,4.680536545068030296e-01,-1.796766215985171611e-01,-6.771846080594556838e-02,1.285072512267703138e-01,4.500667837991529363e-01,1.300981060028364167e-01,-1.077456671503538299e-01,-7.060659369698419896e-01
2.592000000000000171e+01,1.200000000000000000e+01,3.489081944234027954e+00,2.964397105697124335e+00,1.286086996594363097e+00,4.668339583421804995e-01,-1.785150033509140810e-01,-5.374516678526930491e-02,1.311236195228174251e-01,4.480407805821520761e-01,1.315621810208323361e-01,-9.467962370660264193e-02,-7.014024223980903638e-01
2.594000000000000128e+01,1.200000000000000000e+01,3.491730833760515296e+00,2.973339909362643141e+00,1.279576602804494589e+00,4.659038478353920709e-01,-1.767224629110968614e-01,-3.875201856931020927e-02,1.337706879126573378e-01,4.462866774655038227e-01,1.331686727968874051e-01,-8.055178807061554036e-02,-6.942097933458554193e-01
2.596000000000000085e+01,1.200000000000000000e+01,3.494432995614829007e+00,2.982250528479815532e+00,1.273156419545463436e+00,4.652838775994081466e-01,-1.742586545185913494e-01,-2.272335662293301084e-02,1.364513381763376165e-01,4.448259424357214331e-01,1.349209258196460148e-01,-6.533894597552730721e-02,-6.843311809159839942e-01
2.598000000000000043e+01,1.200000000000000000e+01,3.497189130809661428e+00,2.991135048959288500e+00,1.266847436828352214e+00,4.649949135704747882e-01,-1.710891168442328636e-01,-5.643648083555774519e-03,1.391685189836788239e-01,4.436805077646557849e-01,1.368222845777527785e-01,-4.901788315447263428e-02,-6.716355339132894509e-01
2.600000000000000000e+01,1.300000000000000000e+01,3.500000000000000000e+00,3.000000000000000000e+00,1.260671583803485873e+00,4.650581316760659112e-01,-1.671866984011703694e-01,5.434075930594417514e-03,1.419252458942743544e-01,4.428727700094947650e-01,1.388760935598520874e-01,-3.156538534058617174e-02,-6.560233779408183308e-01
2.601999999999999957e+01,1.300000000000000000e+01,3.502865850449704777e+00,3.008850571618458147e+00,1.254647173413021122e+00,4.652122766076985383e-01,-1.630451724782500944e-01,3.250466578322175337e-03,1.446386266248075592e-01,4.421562280400529454e-01,1.325242308816909076e-01,-4.001467081646978979e-02,-6.394771060288759745e-01
2.603999999999999915e+01,1.300000000000000000e+01,3.505784722914774498e+00,3.017685152050151753e+00,1.248766435483618986e+00,4.651881503391988026e-01,-1.594009709635773597e-01,-5.426609530726267394e-03,1.472286797321118723e-01,4.412751194893547169e-01,1.265420585890161542e-01,-4.802350941453191469e-02,-6.249364055406058105e-01
2.605999999999999872e+01,1.300000000000000000e+01,3.508754224271763533e+00,3.026500537466453089e+00,1.243013542254703951e+00,4.649952122264695009e-01,-1.562217039277150610e-01,-1.363221944774295480e-02,1.497027226650201603e-01,4.402381653380582072e-01,1.209219407941352076e-01,-5.560069682461298013e-02,-6.122647586346257054e-01
2.607999999999999829e+01,1.300000000000000000e+01,3.511772106219023470e+00,3.035293696699207455e+00,1.237373620973692967e+00,4.646428615612890889e-01,-1.534782904834437467e-01,-2.136972332755959769e-02,1.520679201546113191e-01,4.390539106530245150e-01,1.156562416093555173e-01,-6.275502873655337821e-02,-6.013405044469254390e-01
2.610000000000000142e+01,1.300000000000000000e+01,3.514836262222351682e+00,3.044061767722461287e+00,1.231832669064066188e+00,4.641404232933670215e-01,-1.511445638797879187e-01,-2.864315317678745032e-02,1.543312842142104402e-01,4.377307245873180430e-01,1.107373251469844777e-01,-6.949530084019353571e-02,-5.920549230683462838e-01
2.612000000000000099e+01,1.300000000000000000e+01,3.517944724460632333e+00,3.052802054134182264e+00,1.226377479449263452e+00,4.634971354342175553e-01,-1.491969161976753055e-01,-3.545713415071816144e-02,1.564996741393887558e-01,4.362768003802064976e-01,1.061575555193294829e-01,-7.583030882537385164e-02,-5.843105533310775090e-01
2.614000000000000057e+01,1.300000000000000000e+01,3.521095660771485836e+00,3.061512021637988301e+00,1.220995574933458228e+00,4.627221379273382951e-01,-1.476139782293242608e-01,-4.181681590773145274e-02,1.585797965079637217e-01,4.347001553571605559e-01,1.019092968386979409e-01,-8.176884838193475280e-02,-5.780197094760757270e-01
2.616000000000000014e+01,1.300000000000000000e+01,3.524287371596912966e+00,3.070189294524867218e+00,1.215675150682695937e+00,4.618244627979083416e-01,-1.463763304912449326e-01,-4.772781269587689223e-02,1.605782051799989341e-01,4.330086309298543101e-01,9.798491321739725979e-02,-8.731971519971667983e-02,-5.731031672972268787e-01
2.617999999999999972e+01,1.300000000000000000e+01,3.527518286928930547e+00,3.078831652154899956e+00,1.210405023971727889e+00,4.608130254195032527e-01,-1.454662417200864311e-01,-5.319615105060115923e-02,1.625013012978039906e-01,4.312098925961649343e-01,9.437676876773487544e-02,-9.249170496856000401e-02,-5.694889950095771702e-01
2.619999999999999929e+01,1.300000000000000000e+01,3.530786963255230670e+00,3.087437025438990457e+00,1.205174590465961648e+00,4.596966167558843575e-01,-1.448674316066490553e-01,-5.822822415361628146e-02,1.643553332859346294e-01,4.293114299401726286e-01,9.107722760201814038e-02,-9.729361337830512435e-02,-5.671115080206352577e-01
2.621999999999999886e+01,1.300000000000000000e+01,3.534092080504819489e+00,3.096003493320585775e+00,1.199973786396695274e+00,4.584838964533586858e-01,-1.445648549209085920e-01,-6.283075204629184896e-02,1.661463968511930345e-01,4.273205566321611193e-01,8.807865383255444880e-02,-1.017342361187924954e-01,-5.659103301212425885e-01
2.623999999999999844e+01,1.300000000000000000e+01,3.537432438993656891e+00,3.104529279257397967e+00,1.194793056063257142e+00,4.571833866740327434e-01,-1.445445045609422552e-01,-6.701074701105014242e-02,1.678804349826271691e-01,4.252444104286169368e-01,8.537341157165123651e-02,-1.058223688798625162e-01,-5.658295464592085766e-01
2.626000000000000156e+01,1.300000000000000000e+01,3.540806956370310399e+00,3.113012747703135741e+00,1.189623324159570394e+00,4.558034665729164825e-01,-1.447932314164463441e-01,-7.077548353530893621e-02,1.695632379515314980e-01,4.230899531722303597e-01,8.295386493161589769e-02,-1.095668073513556134e-01,-5.668169360997192818e-01
2.628000000000000114e+01,1.300000000000000000e+01,3.544214664561595285e+00,3.121452400589219245e+00,1.184455972476514907e+00,4.543523673326201884e-01,-1.452985792709482471e-01,-7.413247235694164772e-02,1.712004433114463486e-01,4.208639707918943040e-01,8.081237802475589593e-02,-1.129763472231122001e-01,-5.688232740809249233e-01
2.630000000000000071e+01,1.300000000000000000e+01,3.547654706718217810e+00,3.129846873806510832e+00,1.179282820576511570e+00,4.528381676786388810e-01,-1.460486332752732042e-01,-7.708943816131430538e-02,1.727975358981582721e-01,4.185730733027051564e-01,7.894131496337852827e-02,-1.160597841849726614e-01,-5.718016946977348969e-01
2.632000000000000028e+01,1.300000000000000000e+01,3.551126334160424225e+00,3.138194933687035615e+00,1.174096110074135391e+00,4.512687898061676917e-01,-1.470318808085951112e-01,-7.965430055916478125e-02,1.743598478297000709e-01,4.162236948059624408e-01,7.733303985979131379e-02,-1.188259139267774239e-01,-5.757071093376013859e-01
2.633999999999999986e+01,1.300000000000000000e+01,3.554628903323644007e+00,3.146495473485707794e+00,1.168888492187196704e+00,4.496519956562723963e-01,-1.482370838030875326e-01,-8.183515802360119551e-02,1.758925585063505770e-01,4.138220934891689295e-01,7.597991682630159116e-02,-1.212835321383669424e-01,-5.804956735857021988e-01
2.635999999999999943e+01,1.300000000000000000e+01,3.558161872704134865e+00,3.154747509862053434e+00,1.163653018247458926e+00,4.479953834852237193e-01,-1.496531618444361111e-01,-8.364027450557998122e-02,1.774006946106349014e-01,4.113743516260304212e-01,7.487430997521678233e-02,-1.234414345095815602e-01,-5.861242995425924862e-01
2.637999999999999901e+01,1.300000000000000000e+01,3.561724799804623309e+00,3.162950179361932790e+00,1.158383132879729827e+00,4.463063846760492726e-01,-1.512690855737316709e-01,-8.507806848031584934e-02,1.788891301073240458e-01,4.088863755764559071e-01,7.400858341884428149e-02,-1.253084167302617735e-01,-5.925502103776202345e-01
2.639999999999999858e+01,1.300000000000000000e+01,3.565317338079961207e+00,3.171102734899268416e+00,1.153072669573106834e+00,4.445922607460111586e-01,-1.530737801066845427e-01,-8.615710420422573179e-02,1.803625862434354854e-01,4.063638957865579049e-01,7.337510126949151057e-02,-1.268932744902479259e-01,-5.997305350931126933e-01
2.642000000000000171e+01,1.300000000000000000e+01,3.568939233882756135e+00,3.179204542237766606e+00,1.147715848379303294e+00,4.428601005078799946e-01,-1.550560383535069531e-01,-8.688608498344585485e-02,1.818256315482325580e-01,4.038124667886517360e-01,7.296622763946584989e-02,-1.282048034793804303e-01,-6.076219423097297678e-01
2.644000000000000128e+01,1.300000000000000000e+01,3.572590323409028823e+00,3.187255076472642834e+00,1.142307275480782591e+00,4.411168173466730735e-01,-1.572044442666563624e-01,-8.727384827145634461e-02,1.832826818332249919e-01,4.012374672012559707e-01,7.277432664107472138e-02,-1.292517993874997273e-01,-6.161803126104009598e-01
2.646000000000000085e+01,1.300000000000000000e+01,3.576270529643848839e+00,3.195253918512343638e+00,1.136841944376397961e+00,4.393691465770218074e-01,-1.595073061630942757e-01,-8.732936242619615541e-02,1.847380001921684611e-01,3.986440997290927601e-01,7.279176238662553311e-02,-1.300430579044462298e-01,-6.253604496035132243e-01
2.648000000000000043e+01,1.300000000000000000e+01,3.579979859306984480e+00,3.203200751560272064e+00,1.131315238434903225e+00,4.376236428496252939e-01,-1.619526003617283438e-01,-8.706172496565578456e-02,1.861956970010649748e-01,3.960373911630870603e-01,7.301089898842567927e-02,-1.305873747200603785e-01,-6.351158303870915178e-01
2.650000000000000000e+01,1.300000000000000000e+01,3.583718399798549115e+00,3.211095357596513544e+00,1.125722934567567224e+00,4.358866775783956649e-01,-1.645279254440961403e-01,-8.648016216671550183e-02,1.876597299181625433e-01,3.934221923803670196e-01,7.342410055878256792e-02,-1.308935455241825307e-01,-6.453983965139071799e-01
2.651999999999999957e+01,1.300000000000000000e+01,3.587486316144639531e+00,3.218937613859556457e+00,1.120061207770644440e+00,4.341644363629567627e-01,-1.672204674859620599e-01,-8.559402985541098019e-02,1.891339038839554010e-01,3.908031783442640350e-01,7.402373121000363487e-02,-1.309703660066531272e-01,-6.561583868703326772e-01
2.653999999999999915e+01,1.300000000000000000e+01,3.591283847942987606e+00,3.226727489328017118e+00,1.114326636287176431e+00,4.324629163841793300e-01,-1.700169766183226849e-01,-8.441281523767507622e-02,1.906218711211838113e-01,3.881848481043129184e-01,7.480215505439623269e-02,-1.308266318573126086e-01,-6.673442140856349347e-01
2.655999999999999872e+01,1.300000000000000000e+01,3.595111306308600874e+00,3.234465041202366997e+00,1.108516207135951337e+00,4.307879237534498196e-01,-1.729037552576772885e-01,-8.294613961900054733e-02,1.921271311348344002e-01,3.855715247962513414e-01,7.575173620426779719e-02,-1.304711387660013600e-01,-6.789023861791388947e-01
2.657999999999999829e+01,1.300000000000000000e+01,3.598969070819408422e+00,3.242150411386650610e+00,1.102627321753980816e+00,4.291450707994193814e-01,-1.758666582970865033e-01,-8.120376185949673697e-02,1.936530307121397398e-01,3.829673556420203906e-01,7.686483877192570868e-02,-1.299126824225597943e-01,-6.907774751260912227e-01
2.660000000000000142e+01,1.300000000000000000e+01,3.602857586461910344e+00,3.249783822970218505e+00,1.096657801497987306e+00,4.275397732790697236e-01,-1.788911054719399540e-01,-7.919558240825885775e-02,1.952027639225787092e-01,3.803763119497641787e-01,7.813382686967741686e-02,-1.291600585168283244e-01,-7.029121338758400617e-01
2.662000000000000099e+01,1.300000000000000000e+01,3.606777360576814306e+00,3.257365576709442045e+00,1.090605892750671213e+00,4.259772475030888517e-01,-1.819621060086233921e-01,-7.693164775758454255e-02,1.967793721178761612e-01,3.778021891138301225e-01,7.955106460983030203e-02,-1.282220627386473633e-01,-7.152471630860928187e-01
2.664000000000000057e+01,1.300000000000000000e+01,3.610728959804688110e+00,3.264896047509442845e+00,1.084470271379359918e+00,4.244625073687663952e-01,-1.850642955324346695e-01,-7.442215515496997114e-02,1.983857439320033111e-01,3.752486066147689980e-01,8.110891610469178614e-02,-1.271074907778573515e-01,-7.277216284447383110e-01
2.666000000000000014e+01,1.300000000000000000e+01,3.614713007031598924e+00,3.272375680905815987e+00,1.078250046298501408e+00,4.230003612968901150e-01,-1.881819850560665086e-01,-7.167745740790998354e-02,2.000246152811772649e-01,3.727190080193343302e-01,8.279974546656922174e-02,-1.258251383242987020e-01,-7.402730289388862461e-01
2.667999999999999972e+01,1.300000000000000000e+01,3.618730178334762293e+00,3.279804989546352356e+00,1.071944761893733000e+00,4.215954090724500780e-01,-1.912992216955823888e-01,-6.870806761519965278e-02,2.016985693638615462e-01,3.702166609804832254e-01,8.461591680777008628e-02,-1.243838010678117723e-01,-7.528375158055583549e-01
2.669999999999999929e+01,1.300000000000000000e+01,3.622781199928185369e+00,3.287184549672764522e+00,1.065554399074318814e+00,4.202520385922822177e-01,-1.943998605718144645e-01,-6.552466365827491757e-02,2.034100366607656529e-01,3.677446572373758160e-01,8.654979424060170456e-02,-1.227922746982370028e-01,-7.653501611699592422e-01
2.671999999999999886e+01,1.300000000000000000e+01,3.626866845108312809e+00,3.294514997602413953e+00,1.059079374732875944e+00,4.189744225261191057e-01,-1.974676471569755953e-01,-6.213809228747813052e-02,2.051612949348452508e-01,3.653059126153755942e-01,8.859374187737155404e-02,-1.210593549054149176e-01,-7.777452745594274353e-01
2.673999999999999844e+01,1.300000000000000000e+01,3.630987931199666896e+00,3.301797026210024022e+00,1.052520539406760713e+00,4.177665149007830925e-01,-2.004863091251709029e-01,-5.855937264190025360e-02,2.069544692313021461e-01,3.629031670260487452e-01,9.074012383038701501e-02,-1.191938373791857353e-01,-7.899567645925847925e-01
2.676000000000000156e+01,1.300000000000000000e+01,3.635145316500500545e+00,3.309031381409417438e+00,1.045879172954381708e+00,4.166320476204429801e-01,-2.034396565679437163e-01,-5.479969904739689923e-02,2.087915318775843687e-01,3.605389844671651467e-01,9.298130421195546780e-02,-1.172045178093899798e-01,-8.019185422064326607e-01
2.678000000000000114e+01,1.300000000000000000e+01,3.639339897228436982e+00,3.316218858635231470e+00,1.039156978082107718e+00,4.155745269388870788e-01,-2.063116892487273923e-01,-5.087044294592324434e-02,2.106743024833861444e-01,3.582157530226978692e-01,9.530964713438436209e-02,-1.151001918858680362e-01,-8.135649608258489485e-01
2.680000000000000071e+01,1.300000000000000000e+01,3.643572604466116971e+00,3.323360299324648270e+00,1.032356071583289348e+00,4.145972299026060570e-01,-2.090867093997232917e-01,-4.678315382055053817e-02,2.126044479406475896e-01,3.559356848628230652e-01,9.771751670998106432e-02,-1.128896552984603868e-01,-8.248312879301663569e-01
2.682000000000000028e+01,1.300000000000000000e+01,3.647844401106838497e+00,3.330456587399110102e+00,1.025478973180037556e+00,4.137032007860650951e-01,-2.117494384175200306e-01,-4.254955899476087211e-02,2.145834824235551830e-01,3.537008162439197467e-01,1.001972770510530103e-01,-1.105817037370073197e-01,-8.356542015628777298e-01
2.683999999999999986e+01,1.300000000000000000e+01,3.652156278800210210e+00,3.337508645746054547e+00,1.018528591890520252e+00,4.128952475428156466e-01,-2.142851356953200115e-01,-3.818156220136437184e-02,2.166127673885415716e-01,3.515130075085708405e-01,1.027412922699075526e-01,-1.081851328913494142e-01,-8.459723044972876638e-01
2.685999999999999943e+01,1.300000000000000000e+01,3.656509254897789329e+00,3.344517432700627957e+00,1.011508209879232956e+00,4.121759382980105801e-01,-2.166797177446243838e-01,-3.369124083571684025e-02,2.186935115742854596e-01,3.493739430855616890e-01,1.053419264788521686e-01,-1.057087384513269307e-01,-8.557266480474831072e-01
2.687999999999999901e+01,1.300000000000000000e+01,3.660904369398730207e+00,3.351483938527417994e+00,1.004421463784470614e+00,4.115475979093870529e-01,-2.189198757112779947e-01,-2.909084182988053158e-02,2.208267710017116914e-01,3.472851314898812713e-01,1.079915437901942526e-01,-1.031613161067803375e-01,-8.648612569336783240e-01
2.689999999999999858e+01,1.300000000000000000e+01,3.665342681895428001e+00,3.358409181902172413e+00,9.972723235554304955e-01,4.110123046248153611e-01,-2.209931893822713878e-01,-2.439277610809043040e-02,2.230134489739913073e-01,3.452479053227217043e-01,1.106825083162411572e-01,-1.005516615475500614e-01,-8.733236462043163506e-01
2.692000000000000171e+01,1.300000000000000000e+01,3.669825268519163242e+00,3.365294206393524501e+00,9.900650688703189761e-01,4.105718868650634068e-01,-2.228882358117113272e-01,-1.960961160908780698e-02,2.252542960765414048e-01,3.432634212714781308e-01,1.134071841693003180e-01,-9.788857046347648749e-02,-8.810653210104228972e-01
2.694000000000000128e+01,1.300000000000000000e+01,3.674353218885746841e+00,3.372140076944720288e+00,9.828042632457082428e-01,4.102279201604517866e-01,-2.245946907666870607e-01,-1.475406488751929146e-02,2.275499101770254162e-01,3.413326601097493307e-01,1.161579354616791432e-01,-9.518083854440008429e-02,-8.880422500410168896e-01
2.696000000000000085e+01,1.300000000000000000e+01,3.678927633041165546e+00,3.378947876355334667e+00,9.754947259853760100e-01,4.099817242695626418e-01,-2.261034213049008812e-01,-9.838991333056767985e-03,2.299007364253527197e-01,3.394564266973364997e-01,1.189271263056849992e-01,-9.243726148016122302e-02,-8.942153036750506434e-01
2.698000000000000043e+01,1.300000000000000000e+01,3.683549618407230497e+00,3.385718701763006599e+00,9.681415021530880294e-01,4.098343605071295137e-01,-2.274065679432521192e-01,-4.877374072705720209e-03,2.323070672536789727e-01,3.376353499802449143e-01,1.217071208136253357e-01,-8.966663496060031657e-02,-8.995506483902315775e-01
2.700000000000000000e+01,1.300000000000000000e+01,3.688220286727212915e+00,3.392453661125153008e+00,9.607498307873924004e-01,4.097866293066544374e-01,-2.284976150564945740e-01,1.176883528177796734e-04,2.347690423764060008e-01,3.358698829906824335e-01,1.244902830978075747e-01,-8.687775467555780562e-02,-9.040200896882771842e-01
2.701999999999999957e+01,1.300000000000000000e+01,3.692940751011497102e+00,3.399153869700698216e+00,9.533251116066832065e-01,4.098390680412422604e-01,-2.293714483531550663e-01,5.132995423764441512e-03,2.372866487901816035e-01,3.341603028470602199e-01,1.272689772705390687e-01,-8.407941631487407530e-02,-9.076013567362249956e-01
2.703999999999999915e+01,1.300000000000000000e+01,3.697712122483223673e+00,3.405820446531798051e+00,9.458728704787652264e-01,4.099919491236049818e-01,-2.300243985071224462e-01,1.015525905031289255e-02,2.398597207738999981e-01,3.325067107539927957e-01,1.300355674441272813e-01,-8.128041556838958015e-02,-9.102783230622283339e-01
2.705999999999999872e+01,1.300000000000000000e+01,3.702535507523931013e+00,3.412454510925559514e+00,9.383987239502924460e-01,4.102452784032547539e-01,-2.304542702721843750e-01,1.517111880045440842e-02,2.424879398887011539e-01,3.309090320022977094e-01,1.327824177308795650e-01,-7.848954812594467756e-02,-9.120411589509899164e-01
2.707999999999999829e+01,1.300000000000000000e+01,3.707412004619205614e+00,3.419057178935771546e+00,9.309083431471599779e-01,4.105987938756231470e-01,-2.306603566676143913e-01,2.016715777578603763e-02,2.451708349779715967e-01,3.293670159689957577e-01,1.355018922431033557e-01,-7.571560967737978043e-02,-9.128864126207859586e-01
2.710000000000000142e+01,1.300000000000000000e+01,3.712342701304321757e+00,3.425629559844622030e+00,9.234074173668559427e-01,4.110519647142862887e-01,-2.306434380898817471e-01,2.512991895273231080e-02,2.479077821673438820e-01,3.278802361173110413e-01,1.381863550931060336e-01,-7.296739591253539881e-02,-9.128170187873391184e-01
2.712000000000000099e+01,1.300000000000000000e+01,3.717328671109889626e+00,3.432172752644429004e+00,9.159016176876080273e-01,4.116039906337324861e-01,-2.304057664729022570e-01,3.004592179926035556e-02,2.506980048646964554e-01,3.264480899966706318e-01,1.408281703931950068e-01,-7.025370252125184845e-02,-9.118422347822308094e-01
2.714000000000000057e+01,1.300000000000000000e+01,3.722370970507500765e+00,3.438687842519358551e+00,9.083965609168596078e-01,4.122538015862567407e-01,-2.299510348813598448e-01,3.490167897403040342e-02,2.535405737601542642e-01,3.250697992427049599e-01,1.434197022556777112e-01,-6.758332519336955613e-02,-9.099775059461376880e-01
2.716000000000000014e+01,1.300000000000000000e+01,3.727470635855369530e+00,3.445175897327152459e+00,9.008977741932316929e-01,4.130000577926937200e-01,-2.292843331731503898e-01,3.968371291620798047e-02,2.564344068260882015e-01,3.237444095772475938e-01,1.459533147928615271e-01,-6.496505961872899026e-02,-9.072442635115193221e-01
2.717999999999999972e+01,1.300000000000000000e+01,3.732628680343982097e+00,3.451637964080850995e+00,8.934106605419152025e-01,4.138411501029050088e-01,-2.284120906028671572e-01,4.437857213984841565e-02,2.593782693171154397e-01,3.224707908083352392e-01,1.484213721170538347e-01,-6.240770148717052213e-02,-9.036696595796694931e-01
2.719999999999999929e+01,1.300000000000000000e+01,3.737846090941737920e+00,3.458075065430516570e+00,8.859404656638175668e-01,4.147752006782876033e-01,-2.273420064538614338e-01,4.897284705634419311e-02,2.623707737700991527e-01,3.212476368302079610e-01,1.508162383405621254e-01,-5.992004648853455073e-02,-8.992862450424518039e-01
2.721999999999999886e+01,1.300000000000000000e+01,3.743123825340597399e+00,3.464488196144959176e+00,8.784922462142609190e-01,4.158000639851587299e-01,-2.260829699775845358e-01,5.345318516194019764e-02,2.654103800041487382e-01,3.200734656233088504e-01,1.531302775756936962e-01,-5.751089031266153062e-02,-8.941315973649471838e-01
2.723999999999999844e+01,1.300000000000000000e+01,3.748462808901723786e+00,3.470878319593459604e+00,8.710708397982844797e-01,4.169133280847651668e-01,-2.246449710820678236e-01,5.780630544397880044e-02,2.684953951206197620e-01,3.189466192542841361e-01,1.553558539347560663e-01,-5.518902864939181918e-02,-8.882479060050529895e-01
2.726000000000000156e+01,1.300000000000000000e+01,3.753863931601132631e+00,3.477246364227494446e+00,8.636808368773570832e-01,4.181123162029180551e-01,-2.230390033435691866e-01,6.201901187909975022e-02,2.716239735031139024e-01,3.178652638759835170e-01,1.574853315300565049e-01,-5.296325718856591258e-02,-8.816815238818100919e-01
2.728000000000000114e+01,1.300000000000000000e+01,3.759328044975331906e+00,3.483593220062456641e+00,8.563265547473749573e-01,4.193940885599293789e-01,-2.212769610143591192e-01,6.607820591821678136e-02,2.747941168174790061e-01,3.168273897274596074e-01,1.595110744739025588e-01,-5.084237162002414046e-02,-8.744824937070362347e-01
2.730000000000000071e+01,1.300000000000000000e+01,3.764855959066968794e+00,3.489919735159384917e+00,8.490120137110477305e-01,4.207554444396466309e-01,-2.193715317639327034e-01,6.997089787642885028e-02,2.780036740118090322e-01,3.158308111339683255e-01,1.614254468786015251e-01,-4.883516763360697122e-02,-8.667040581650170550e-01
2.732000000000000028e+01,1.300000000000000000e+01,3.770448439370476468e+00,3.496226712106683898e+00,8.417409155299857559e-01,4.221929244749864640e-01,-2.173360869200466616e-01,7.368421717022677342e-02,2.812503413164441080e-01,3.148731665069688379e-01,1.632208128564608396e-01,-4.695044091915480389e-02,-8.584021628713047747e-01
2.733999999999999986e+01,1.300000000000000000e+01,3.776106203777716885e+00,3.502514904501849990e+00,8.345166242038211113e-01,4.237028131264556352e-01,-2.151845709702840947e-01,7.720542136858732363e-02,2.845316622439705845e-01,3.139519183441235040e-01,1.648895365197879381e-01,-4.519698716650805137e-02,-8.496349607806246151e-01
2.735999999999999943e+01,1.300000000000000000e+01,3.781829919523624461e+00,3.508785013433194599e+00,8.273421490862862271e-01,4.252811413297298837e-01,-2.129313920456559484e-01,8.052190404920089861e-02,2.878450275892208143e-01,3.130643532292975983e-01,1.664239819808902010e-01,-4.358360206550713351e-02,-8.404623262683766916e-01
2.737999999999999901e+01,1.300000000000000000e+01,3.787620200131854631e+00,3.515037683961567794e+00,8.202201303120211229e-01,4.269236892884236134e-01,-2.105913150373193432e-01,8.362120147411999938e-02,2.911876754292734293e-01,3.122075818325599217e-01,1.678165133520750640e-01,-4.211908130599246319e-02,-8.309453865082151447e-01
2.739999999999999858e+01,1.300000000000000000e+01,3.793477602360426193e+00,3.521273501602083744e+00,8.131528264735872202e-01,4.286259893886946171e-01,-2.081793588989751809e-01,8.649099812150318201e-02,2.945566911234531182e-01,3.113785389101823564e-01,1.690594947456498520e-01,-4.081222057780442558e-02,-8.211460770411712629e-01
2.742000000000000171e+01,1.300000000000000000e+01,3.799402623147368097e+00,3.527492988805845719e+00,8.061421044562332439e-01,4.303833292132839272e-01,-2.057106995648110004e-01,8.911913113084857230e-02,2.979490073133306827e-01,3.105739833046399778e-01,1.701452902739220285e-01,-3.967181557078348908e-02,-8.111267276130523785e-01
2.744000000000000128e+01,1.300000000000000000e+01,3.805395696556360452e+00,3.533696601441665308e+00,7.991894313087627433e-01,4.321907546339287531e-01,-2.032005797705782324e-01,9.149359373741638990e-02,3.013614039227232588e-01,3.097904979446109985e-01,1.710662640491990294e-01,-3.870666197477001802e-02,-8.009496834802892762e-01
2.746000000000000085e+01,1.300000000000000000e+01,3.811457190722384425e+00,3.539884725277791411e+00,7.922958680026725986e-01,4.340430729627804962e-01,-2.006642269086188479e-01,9.360253778863736329e-02,3.047905081576940955e-01,3.090244898449768240e-01,1.718147801837882072e-01,-3.792555547960445306e-02,-7.906769664829162991e-01
2.748000000000000043e+01,1.300000000000000000e+01,3.817587404797364581e+00,3.546057672463632571e+00,7.854620649087086237e-01,4.359348561454741700e-01,-1.981167798817507764e-01,9.543427544960181308e-02,3.082327945065522767e-01,3.082721901068222192e-01,1.723832027899969976e-01,-3.733729177512719322e-02,-7.803699792877585306e-01
2.750000000000000000e+01,1.300000000000000000e+01,3.823786565895813894e+00,3.552215678011481526e+00,7.786882588001737826e-01,4.378604439807644577e-01,-1.955732257514257721e-01,9.697728021685847466e-02,3.116845847398534985e-01,3.075296539174348642e-01,1.727638959801327811e-01,-3.695066655117866528e-02,-7.700892553432102661e-01
2.751999999999999957e+01,1.300000000000000000e+01,3.830054826040477423e+00,3.558358896278237093e+00,7.719742711756653053e-01,4.398139473541484712e-01,-1.930483468078882658e-01,9.822018737035520530e-02,3.151420479103991812e-01,3.067927605503059096e-01,1.729492238665029658e-01,-3.677447549759928214e-02,-7.598942562834595238e-01
2.753999999999999915e+01,1.300000000000000000e+01,3.836392259107982206e+00,3.564487397447131833e+00,7.653195076802299379e-01,4.417892514755785704e-01,-1.905566785293752730e-01,9.915179400139706445e-02,3.186012003532371351e-01,3.060572133651295323e-01,1.729315505614149595e-01,-3.681751430422942895e-02,-7.498432177951068756e-01
2.755999999999999872e+01,1.300000000000000000e+01,3.842798857774475607e+00,3.570601164009453488e+00,7.587229583930168442e-01,4.437800191142042272e-01,-1.881124787484609040e-01,9.976105876129359729e-02,3.220579056856614497e-01,3.053185398078031021e-01,1.727032401771761982e-01,-3.708857866090956024e-02,-7.399930443290980708e-01
2.757999999999999829e+01,1.300000000000000000e+01,3.849274530461273436e+00,3.576700087246269089e+00,7.521831987410217968e-01,4.457796938260302211e-01,-1.857297082106902641e-01,1.000371014804635195e-01,3.255078748072119943e-01,3.045720914104272370e-01,1.722566568260940900e-01,-3.759646425748007503e-02,-7.303992525180804662e-01
2.760000000000000142e+01,1.300000000000000000e+01,3.855819098280507173e+00,3.582783963710150399e+00,7.456983907921015398e-01,4.477815031734230233e-01,-1.834220225972679752e-01,9.996920281199805913e-02,3.289466658996750281e-01,3.038130437913056925e-01,1.715841646204759319e-01,-3.834996678378137930e-02,-7.211159627522770732e-01
2.762000000000000099e+01,1.300000000000000000e+01,3.862432291980764099e+00,3.588852491706898018e+00,7.392662846756932193e-01,4.497784619385103988e-01,-1.812027759927188342e-01,9.954680405691007650e-02,3.323696844270828121e-01,3.030363966549454724e-01,1.706781276726292429e-01,-3.935788192965389287e-02,-7.121959380811238027e-01
2.764000000000000057e+01,1.300000000000000000e+01,3.869113748892735849e+00,3.594905267777263713e+00,7.328842198761009730e-01,4.517633753356993243e-01,-1.790850357123986991e-01,9.875950733156102501e-02,3.357721831357140529e-01,3.022369737920567734e-01,1.695309100948614034e-01,-4.062900538493803559e-02,-7.036906694458449074e-01
2.766000000000000014e+01,1.300000000000000000e+01,3.875863009874861653e+00,3.600941783178674971e+00,7.265491261403679291e-01,4.537288422317727332e-01,-1.770816083651765571e-01,9.759707624090907530e-02,3.391492620540931813e-01,3.014094230795529850e-01,1.681348759994798214e-01,-4.217213283947422037e-02,-6.956505062104976211e-01
2.767999999999999972e+01,1.300000000000000000e+01,3.882679516258973784e+00,3.606961420366961324e+00,7.202575237400924424e-01,4.556672583853355607e-01,-1.752050770146427461e-01,9.604943722468917144e-02,3.424958684929911845e-01,3.005482164805505230e-01,1.664823894987918496e-01,-4.399605998310282540e-02,-6.881248310449841199e-01
2.769999999999999929e+01,1.300000000000000000e+01,3.889562606795942123e+00,3.612963449478074462e+00,7.140055228235735463e-01,4.575708197207601913e-01,-1.734678493185094206e-01,9.410668174871261726e-02,3.458067970454248297e-01,2.996476500443692736e-01,1.645658147051049514e-01,-4.610958250566431216e-02,-6.811622784218308579e-01
2.771999999999999886e+01,1.300000000000000000e+01,3.896511514601319615e+00,3.618947024809816781e+00,7.077888215908041403e-01,4.594315256552840010e-01,-1.718822165707861727e-01,9.175906951955958846e-02,3.490766895866573849e-01,2.987018439065321496e-01,1.623775157307265626e-01,-4.852149609699907967e-02,-6.748109963178029469e-01
2.773999999999999844e+01,1.300000000000000000e+01,3.903525364100987716e+00,3.624911181303561492e+00,7.016027030185522095e-01,4.612411825015425015e-01,-1.704604236450342203e-01,8.899703290927440946e-02,3.523000352741979535e-01,2.977047422887652006e-01,1.599098566879639804e-01,-5.124059644694754778e-02,-6.691189511614302754e-01
2.776000000000000156e+01,1.300000000000000000e+01,3.910603167976798744e+00,3.630854831025979390e+00,6.954420298554574442e-01,4.629914069716552505e-01,-1.692147499396233490e-01,8.581118278769750418e-02,3.554711705478020844e-01,2.966501134989978916e-01,1.571552016891247239e-01,-5.427567924535011551e-02,-6.641342766393635300e-01
2.778000000000000114e+01,1.300000000000000000e+01,3.917743824112224438e+00,3.636776759650761193e+00,6.893012375971470096e-01,4.646736298130506038e-01,-1.681576015576886352e-01,8.219231597404075274e-02,3.585842791294712173e-01,2.955315499313626026e-01,1.541059148465160900e-01,-5.763554018204720270e-02,-6.599056676718676462e-01
2.780000000000000071e+01,1.300000000000000000e+01,3.924946112537996967e+00,3.642675622940342528e+00,6.831743251381889870e-01,4.662790996106168095e-01,-1.673016151158845111e-01,7.813142453782973007e-02,3.616333920234530153e-01,2.943424680661950732e-01,1.507543602724455423e-01,-6.132897494687923612e-02,-6.564828216973908059e-01
2.782000000000000028e+01,1.300000000000000000e+01,3.932208692377758386e+00,3.648549943227627601e+00,6.770548427805638259e-01,4.677988867945637730e-01,-1.666597737679101909e-01,7.361970720181254535e-02,3.646123875162413652e-01,2.930761084700342911e-01,1.470929020792204889e-01,-6.536477922968660093e-02,-6.539169303787512044e-01
2.783999999999999986e+01,1.300000000000000000e+01,3.939530098793700752e+00,3.654398105897713744e+00,6.709358772565050533e-01,4.692238878986892403e-01,-1.662455362525091518e-01,6.864858312807342600e-02,3.675149911765762112e-01,2.917255357956221595e-01,1.431139043791483378e-01,-6.975174872030973083e-02,-6.522612259747319063e-01
2.785999999999999943e+01,1.300000000000000000e+01,3.946908739932215582e+00,3.660218355869615969e+00,6.648100333962074782e-01,4.705448301196866190e-01,-1.660729800331400274e-01,6.320970840377881927e-02,3.703347758554437208e-01,2.902836387819041630e-01,1.388097312845364972e-01,-7.449867910858903874e-02,-6.515715879322013793e-01
2.787999999999999901e+01,1.300000000000000000e+01,3.954342893869534414e+00,3.666008794077987520e+00,6.586694120370867322e-01,4.717522762348403398e-01,-1.661569598904213962e-01,5.729499558593609265e-02,3.730651616860761188e-01,2.887431302540286460e-01,1.341727469076923196e-01,-7.961436608436495144e-02,-6.519072167740979085e-01
2.789999999999999858e+01,1.300000000000000000e+01,3.961830705557377819e+00,3.671767373954850200e+00,6.525055837299517103e-01,4.728366299431240316e-01,-1.665132836620373258e-01,5.089663671707356229e-02,3.756994160839519092e-01,2.870965471233473121e-01,1.291953153609232685e-01,-8.510760533747786794e-02,-6.533313841248937770e-01
2.792000000000000171e+01,1.300000000000000000e+01,3.969370183768596405e+00,3.677491897911311813e+00,6.463095577473714215e-01,4.737881417035234022e-01,-1.671589072020502609e-01,4.400713028726244147e-02,3.782306537467955421e-01,2.853362503874150580e-01,1.238698007565367798e-01,-9.098719255776809012e-02,-6.559122697752962639e-01
2.794000000000000128e+01,1.300000000000000000e+01,3.976959198042819388e+00,3.683180013819295606e+00,6.400717458392621850e-01,4.745969151546146625e-01,-1.681121510570377231e-01,3.661931269487261886e-02,3.806518366545779686e-01,2.834544251299898066e-01,1.181885672068401644e-01,-9.726192343507626681e-02,-6.597238991022504884e-01
2.796000000000000085e+01,1.300000000000000000e+01,3.984595475632097816e+00,3.688829211493259930e+00,6.337819201086012377e-01,4.752529142113182670e-01,-1.693929418350313687e-01,2.872639485140560112e-02,3.829557740695158086e-01,2.814430805210328956e-01,1.121439788241408581e-01,-1.039405936592426583e-01,-6.648471970045871648e-01
2.798000000000000043e+01,1.300000000000000000e+01,3.992276598446547808e+00,3.694436819171925901e+00,6.274291642941677294e-01,4.757459709486708821e-01,-1.710230817797457614e-01,2.032200468775613444e-02,3.851351225360722386e-01,2.792940498167088004e-01,1.057283997207462967e-01,-1.110319989201077190e-01,-6.713711778837571087e-01
2.800000000000000000e+01,1.400000000000000000e+01,4.000000000000000000e+00,3.700000000000000178e+00,6.210018176449721983e-01,4.760657943988285123e-01,-1.730265506611465276e-01,1.569356923758746802e-02,3.871823858809553265e-01,2.769989903593850222e-01,9.893419400896164007e-02,-1.185449349075118342e-01,-6.793942952112547173e-01
2.801999999999999957e+01,1.400000000000000000e+01,4.007764232079417788e+00,3.705515933734742084e+00,6.143060330942583525e-01,4.763737137181743853e-01,-1.846290050715477249e-01,1.922418399279202106e-02,3.892800417890541209e-01,2.745777925950266263e-01,1.107003828362370101e-01,-1.235221939283104586e-01,-7.259703784224277312e-01
2.803999999999999915e+01,1.400000000000000000e+01,4.015572718379536887e+00,3.710982469018354823e+00,6.071807995954441317e-01,4.768347617585401710e-01,-1.951467026424141271e-01,2.676037308997791797e-02,3.916052147077134782e-01,2.720601878905647419e-01,1.216885986598271741e-01,-1.281866597022871535e-01,-7.683663207880930823e-01
2.805999999999999872e+01,1.400000000000000000e+01,4.023429854727404553e+00,3.716397739858370741e+00,5.996628662139908972e-01,4.774441286417734909e-01,-2.045948157666048206e-01,3.405536171850620519e-02,3.941425073925478584e-01,2.694523702638700891e-01,1.319150630485252662e-01,-1.325445169360125464e-01,-8.066011736366914819e-01
2.807999999999999829e+01,1.400000000000000000e+01,4.031339732249495711e+00,3.721760002905740272e+00,5.917885268806767352e-01,4.781969762272804125e-01,-2.129945286917932223e-01,4.110652175949702780e-02,3.968768470305472640e-01,2.667604100386821164e-01,1.413959975711243100e-01,-1.366019503360571818e-01,-8.407192318200585879e-01
2.810000000000000142e+01,1.400000000000000000e+01,4.039306143860340370e+00,3.727067634980945954e+00,5.835934732305858574e-01,4.790883895121534897e-01,-2.203722380574319184e-01,4.790899424648742411e-02,3.997934852400774619e-01,2.639902538446085578e-01,1.501476237964174676e-01,-1.403651446089917432e-01,-8.707883620434626604e-01
2.812000000000000099e+01,1.400000000000000000e+01,4.047332590751144821e+00,3.732319130600121770e+00,5.751126578611709395e-01,4.801133359971400116e-01,-2.267588089245601291e-01,5.445608084546549321e-02,4.028779980708804831e-01,2.611477246171259869e-01,1.581861632931977624e-01,-1.438402844613867748e-01,-8.968981915187912435e-01
2.814000000000000057e+01,1.400000000000000000e+01,4.055422288878428816e+00,3.737513099501170721e+00,5.663801685612009917e-01,4.812666327459720339e-01,-2.321888868692133789e-01,6.073961991942411487e-02,4.061162860040739009e-01,2.582385215975795401e-01,1.655278376302583010e-01,-1.470335545998129045e-01,-9.191581669562587376e-01
2.816000000000000014e+01,1.400000000000000000e+01,4.063578175452646768e+00,3.742648264169882388e+00,5.574291140468505823e-01,4.825429207939169185e-01,-2.367002645487298884e-01,6.675034384726963310e-02,4.094945739521513861e-01,2.552682203331828603e-01,1.721888683763922179e-01,-1.499511397308407878e-01,-9.376955008287429782e-01
2.817999999999999972e+01,1.400000000000000000e+01,4.071802915426812497e+00,3.747723457366041622e+00,5.482915216857942031e-01,4.839366464998627326e-01,-2.403332997954156225e-01,7.247821478117089100e-02,4.129994112589822075e-01,2.522422726770181534e-01,1.781854771003925364e-01,-1.525992245610409692e-01,-9.526530278652957096e-01
2.819999999999999929e+01,1.400000000000000000e+01,4.080098907985136414e+00,3.752737619649564760e+00,5.389982475999215428e-01,4.854420493851636653e-01,-2.431303815913532229e-01,7.791273655397290554e-02,4.166176716998115093e-01,2.491660067880362428e-01,1.835338853710523355e-01,-1.549839937969840209e-01,-9.641869995284656492e-01
2.821999999999999886e+01,1.400000000000000000e+01,4.088468293031645828e+00,3.757689796906598545e+00,5.295788994186390042e-01,4.870531559620215889e-01,-2.451354400794733823e-01,8.304324098086368622e-02,4.203365534812605331e-01,2.460446271310566813e-01,1.882503147571647217e-01,-1.571116321452406261e-01,-9.724648475901589428e-01
2.823999999999999844e+01,1.400000000000000000e+01,4.096912957678814138e+00,3.762579137875645685e+00,5.200617718150317703e-01,4.887637790243981595e-01,-2.463934969277040143e-01,8.785914732836097585e-02,4.241435792413263961e-01,2.428832144767674450e-01,1.923509868275228019e-01,-1.589883243123813295e-01,-9.776629497429866200e-01
2.826000000000000156e+01,1.400000000000000000e+01,4.105434542736190018e+00,3.767404891673684642e+00,5.104737948042109563e-01,4.905675218551562300e-01,-2.469502527599493624e-01,9.235019423823409568e-02,4.280265960493816468e-01,2.396867259017250174e-01,1.958521231509196825e-01,-1.606202550049768418e-01,-9.799644304750125823e-01
2.828000000000000114e+01,1.400000000000000000e+01,4.114034449199019505e+00,3.772166405322279648e+00,5.008404946246857170e-01,4.924577867939277653e-01,-2.468517088941676041e-01,9.650664388336949173e-02,4.319737754061753199e-01,2.364599947883548325e-01,1.987699452961484425e-01,-1.620136089295976245e-01,-9.795570292949529190e-01
2.830000000000000071e+01,1.400000000000000000e+01,4.122713844736878741e+00,3.776863121273705381e+00,4.911859668668353551e-01,4.944277876104909430e-01,-2.461438211986293201e-01,1.003194585878794953e-01,4.359736132438317702e-01,2.332077308249504433e-01,2.011206748320020776e-01,-1.631745707928143607e-01,-9.766310659965153906e-01
2.832000000000000028e+01,1.400000000000000000e+01,4.131473670182304936e+00,3.781494574937059205e+00,4.815328613639662247e-01,4.964705651374428652e-01,-2.448721844270870807e-01,1.037804505551935819e-01,4.400149299258514501e-01,2.299345200056744642e-01,2.029205333272737777e-01,-1.641093253011977060e-01,-9.713775292227767588e-01
2.833999999999999986e+01,1.400000000000000000e+01,4.140314646019412237e+00,3.786060392204380953e+00,4.719023782264250566e-01,4.985790056326985797e-01,-2.430817458752498883e-01,1.068824057089976520e-01,4.440868702471107987e-01,2.266448246305577119e-01,2.041857423507566494e-01,-1.648240571613182048e-01,-9.639863103949330991e-01
2.835999999999999943e+01,1.400000000000000000e+01,4.149237278872531576e+00,3.790560286976771387e+00,4.623142742820495754e-01,5.007458613658026803e-01,-2.408165475844256109e-01,1.096191829583368360e-01,4.481789034338619082e-01,2.233429833054997871e-01,2.049325234712437438e-01,-1.653249510797464850e-01,-9.546446003760953314e-01
2.837999999999999901e+01,1.400000000000000000e+01,4.158241867994826535e+00,3.794994058690502214e+00,4.527868790898084139e-01,5.029637729510320066e-01,-2.381194965879146475e-01,1.119857904460968001e-01,4.522808231437326354e-01,2.200332109422687143e-01,2.051770982575281121e-01,-1.656181917630531464e-01,-9.435354613149931069e-01
2.839999999999999858e+01,1.400000000000000000e+01,4.167328511756932308e+00,3.799361589843146092e+00,4.433371196195855513e-01,5.052252929836464901e-01,-2.350321628482871239e-01,1.139784405298236436e-01,4.563827474657270455e-01,2.167195987585013306e-01,2.049356882784028611e-01,-1.657099639178087613e-01,-9.308365811988482674e-01
2.842000000000000171e+01,1.400000000000000000e+01,4.176497114135576894e+00,3.803662843519682646e+00,4.339805526402644720e-01,5.075229105722253165e-01,-2.315946045754540827e-01,1.155945853766056075e-01,4.604751189202246353e-01,2.134061142777028408e-01,2.042245151026610417e-01,-1.656064522505839576e-01,-9.167192139483567592e-01
2.844000000000000128e+01,1.400000000000000000e+01,4.185747391202207623e+00,3.807897860918623589e+00,4.247314038301491235e-01,5.098490763987110208e-01,-2.278452205601350644e-01,1.168329351319847831e-01,4.645487044589812764e-01,2.100966013292473455e-01,2.030598002990958162e-01,-1.653138414679493351e-01,-9.013473035789173471e-01
2.846000000000000085e+01,1.400000000000000000e+01,4.195078877611622126e+00,3.812066758878123185e+00,4.156026126170459523e-01,5.121962279775046367e-01,-2.238206290236176843e-01,1.176934606525055216e-01,4.685945954651282719e-01,2.067947800483771192e-01,2.014577654365002080e-01,-1.648383162764755216e-01,-8.848767871556448839e-01
2.848000000000000043e+01,1.400000000000000000e+01,4.204490933090593963e+00,3.816169727402102918e+00,4.066058817680889281e-01,5.145568148248111928e-01,-2.195555722939697141e-01,1.181773827766079421e-01,4.726042077531730223e-01,2.035042468762033874e-01,1.994346320836673792e-01,-1.641860613827331172e-01,-8.674550680661212709e-01
2.850000000000000000e+01,1.400000000000000000e+01,4.213982748926504485e+00,3.820207027186363735e+00,3.977517307791997858e-01,5.169233232885688256e-01,-2.150828463933140422e-01,1.182871500560853661e-01,4.765692815689986372e-01,2.002284745597057436e-01,1.970066218093903532e-01,-1.633632614932927773e-01,-8.492206485648015057e-01
2.851999999999999957e+01,1.400000000000000000e+01,4.223553354455958697e+00,3.824178987144702724e+00,3.890495521582563732e-01,5.192883008270544609e-01,-2.104332543816799517e-01,1.180264067873846301e-01,4.804818815898642126e-01,1.969708121517325106e-01,1.941899561824622089e-01,-1.623761013147249910e-01,-8.303029086111954893e-01
2.853999999999999915e+01,1.400000000000000000e+01,4.233201623553427773e+00,3.828086001935035121e+00,3.805076697517345008e-01,5.216443795600641531e-01,-2.056355820694181213e-01,1.173999530737770414e-01,4.843343969244046643e-01,1.937344850110004346e-01,1.910008567716760530e-01,-1.612307655536004691e-01,-8.108220167058408645e-01
2.855999999999999872e+01,1.400000000000000000e+01,4.242926281119864917e+00,3.831928529485509660e+00,3.721333983290012748e-01,5.239842989500054227e-01,-2.007165944982033934e-01,1.164136985234378585e-01,4.881195411126307837e-01,1.905225948020951021e-01,1.874555451458251032e-01,-1.599334389164898118e-01,-7.908889576764496221e-01
2.857999999999999829e+01,1.400000000000000000e+01,4.252725909571337226e+00,3.835707088520621255e+00,3.639331037088491261e-01,5.263009275010015475e-01,-1.957010514125983036e-01,1.150746110503231279e-01,4.918303521259290711e-01,1.873381194954703011e-01,1.835702428737022718e-01,-1.584903061099635357e-01,-7.706056621183574595e-01
2.860000000000000142e+01,1.400000000000000000e+01,4.262598955327656647e+00,3.839422256087338781e+00,3.559122627868127053e-01,5.285872833920186586e-01,-1.906117398084909709e-01,1.133906620990501324e-01,4.954601923670622909e-01,1.841839133674488260e-01,1.793611715241006099e-01,-1.569075518405922964e-01,-7.500652223757207082e-01
2.862000000000000099e+01,1.400000000000000000e+01,4.272543735301003842e+00,3.843074665081211982e+00,3.480755228970612847e-01,5.308365539849638770e-01,-1.854695215562408017e-01,1.113707694673031767e-01,4.990027486701684722e-01,1.810627070002217565e-01,1.748445526658133908e-01,-1.551913608149467494e-01,-7.293521804859655067e-01
2.864000000000000057e+01,1.400000000000000000e+01,4.282558443384551161e+00,3.846665001772493930e+00,3.404267600173341846e-01,5.330421141707106791e-01,-1.802933940563741511e-01,1.090247387531633194e-01,5.024520323007621858e-01,1.779771072818489563e-01,1.700366078676335546e-01,-1.533479177395974391e-01,-7.085428743230332005e-01
2.866000000000000014e+01,1.400000000000000000e+01,4.292641156941100711e+00,3.850194003332258141e+00,3.329691353978749269e-01,5.351975435350903032e-01,-1.751005618926798624e-01,1.063632043128759364e-01,5.058023789557332117e-01,1.749295974062587411e-01,1.649535586983542912e-01,-1.513834073211150488e-01,-6.877058291924144084e-01
2.867999999999999972e+01,1.400000000000000000e+01,4.302789843291701999e+00,3.853662455358516148e+00,3.257051502643740215e-01,5.372966423432256056e-01,-1.699065174976707171e-01,1.033975704798422157e-01,5.090484487633477606e-01,1.719225368732480996e-01,1.596116267267685684e-01,-1.493040142660700675e-01,-6.669021832861550259e-01
2.869999999999999929e+01,1.400000000000000000e+01,4.313002366204286453e+00,3.857071189402331068e+00,3.186366983095867411e-01,5.393334463542839297e-01,-1.647251289331604363e-01,1.001399536702223259e-01,5.121852262832472524e-01,1.689581614884825278e-01,1.540270335216696318e-01,-1.471159232810332063e-01,-6.461861366406935758e-01
2.871999999999999886e+01,1.400000000000000000e+01,4.323276492382293057e+00,3.860421080493942281e+00,3.117651157478698587e-01,5.413022404900343920e-01,-1.595687330075549748e-01,9.660312588448149995e-02,5.152080205064497598e-01,1.660385833634963060e-01,1.482160006518505324e-01,-1.448253190725750650e-01,-6.256054145045605308e-01
2.873999999999999844e+01,1.400000000000000000e+01,4.333609897953286882e+00,3.863713044668874108e+00,3.050912287609609530e-01,5.431975713896630698e-01,-1.544482320944075560e-01,9.280046000958996899e-02,5.181124648553485645e-01,1.631657909156919439e-01,1.421947496861042104e-01,-1.424383863472661604e-01,-6.052017372761426817e-01
2.876000000000000156e+01,1.400000000000000000e+01,4.344000174957606930e+00,3.866948036494060936e+00,2.986153982116847017e-01,5.450142588904182128e-01,-1.493731931767138532e-01,8.874587723284932395e-02,5.208945171837130461e-01,1.603416488683408470e-01,1.359795021932238002e-01,-1.399613098116771204e-01,-5.850112903814855825e-01
2.878000000000000114e+01,1.400000000000000000e+01,4.354444837836971338e+00,3.870127046593958564e+00,2.923375615448813303e-01,5.467474064789773491e-01,-1.443519478116991328e-01,8.445379679514886107e-02,5.235504597766885704e-01,1.575678982505829273e-01,1.295864797420024639e-01,-1.374002741723786003e-01,-5.650651886046618166e-01
2.880000000000000071e+01,1.400000000000000000e+01,4.364941329923119007e+00,3.873251099176668877e+00,2.862572718318412424e-01,5.483924107622241140e-01,-1.393916918853485010e-01,7.993908824004236635e-02,5.260768993507961566e-01,1.548461563974266320e-01,1.230319039012333637e-01,-1.347614641359412557e-01,-5.453899304414625560e-01
2.882000000000000028e+01,1.400000000000000000e+01,4.375487029926434346e+00,3.876321249560047200e+00,2.803737339461044309e-01,5.499449700085790038e-01,-1.344985841994130460e-01,7.521702625279225174e-02,5.284707670539328106e-01,1.521779169497490258e-01,1.163319962397093288e-01,-1.320510644089355479e-01,-5.260078390104475643e-01
2.883999999999999986e+01,1.400000000000000000e+01,4.386079258424570249e+00,3.879338581697828747e+00,2.746858378849813542e-01,5.514010918123357641e-01,-1.296778431017061306e-01,7.030324813114496862e-02,5.307293184653715246e-01,1.495645498542959029e-01,1.095029783262238265e-01,-1.292752596979322710e-01,-5.069374869181351162e-01
2.885999999999999943e+01,1.400000000000000000e+01,4.396715284351080832e+00,3.882304205705739086e+00,2.691921892729296495e-01,5.527570999338247137e-01,-1.249338405297021892e-01,6.521371388637753341e-02,5.328501335957607221e-01,1.470073013636813142e-01,1.025610717295695334e-01,-1.264402347095018309e-01,-4.881941032358604327e-01
2.887999999999999901e+01,1.400000000000000000e+01,4.407392331484045300e+00,3.885219255387618809e+00,2.638911371004073469e-01,5.540096403677907677e-01,-1.202701929852185575e-01,5.996466893711627222e-02,5.348311168871251464e-01,1.445072940363881786e-01,9.552249801853977818e-02,-1.235521741502149246e-01,-4.697899614065454421e-01
2.889999999999999858e+01,1.400000000000000000e+01,4.418107584934698906e+00,3.888084885761533993e+00,2.587807987654335284e-01,5.551556866913093247e-01,-1.156898490924767320e-01,5.457260933017593629e-02,5.366704972128651940e-01,1.420655267367679497e-01,8.840347876192758414e-02,-1.206172627266422076e-01,-4.517347474643766958e-01
2.892000000000000171e+01,1.400000000000000000e+01,4.428858197636058591e+00,3.890902270585896883e+00,2.538590824952789982e-01,5.561925447409978851e-01,-1.111951735120705054e-01,4.905424940036695602e-02,5.383668278777570260e-01,1.396828746350405881e-01,8.122023552852605799e-02,-1.176416851453541967e-01,-4.340359084251956823e-01
2.894000000000000128e+01,1.400000000000000000e+01,4.439641296831549511e+00,3.893672599885583452e+00,2.491237072328969515e-01,5.571178566673241628e-01,-1.067880270888253713e-01,4.342649176451196524e-02,5.399189866179529007e-01,1.373600892072947555e-01,7.398898988712826474e-02,-1.146316261129215613e-01,-4.166989810971580832e-01
2.896000000000000085e+01,1.400000000000000000e+01,4.450453990563630668e+00,3.896397077478048310e+00,2.445722200773171318e-01,5.579296044115783504e-01,-1.024698432022210642e-01,3.770639953305376935e-02,5.413261756009807302e-01,1.350977982354875373e-01,6.672596340652736657e-02,-1.115932703359148737e-01,-3.997279018773539638e-01
2.898000000000000043e+01,1.400000000000000000e+01,4.461293374162435654e+00,3.899076918499447597e+00,2.402020113696578807e-01,5.586261126486462558e-01,-9.824170036435894704e-02,3.191117061494885832e-02,5.425879214257444128e-01,1.328965058074448313e-01,5.944737765551631054e-02,-1.085328025209047476e-01,-3.831252983482738017e-01
2.900000000000000000e+01,1.400000000000000000e+01,4.472156536734378740e+00,3.901713346930749893e+00,2.360103275170336579e-01,5.592060512361762825e-01,-9.410439117300864464e-02,2.605811398716184613e-02,5.437040751225239443e-01,1.307565923168609034e-01,5.216945420288832125e-02,-1.054564073744618247e-01,-3.668927636755839883e-01
2.901999999999999957e+01,1.400000000000000000e+01,4.483040567650798280e+00,3.904307593123856002e+00,2.319942816458057389e-01,5.596684372081327519e-01,-9.005848777688596485e-02,2.016462779907257641e-02,5.446748121529745301e-01,1.286783144632987486e-01,4.490841461743641516e-02,-1.023702696031566772e-01,-3.510311149426722510e-01
2.903999999999999915e+01,1.400000000000000000e+01,4.493942563036579685e+00,3.906860891327718743e+00,2.281508621736478837e-01,5.600126363481391367e-01,-8.610440404788839708e-02,1.424817918306331421e-02,5.455006324101278059e-01,1.266618052521898963e-01,3.768048046795367811e-02,-9.928057391355990524e-02,-3.355406366442012511e-01
2.905999999999999872e+01,1.400000000000000000e+01,4.504859632258781943e+00,3.909374477214456522e+00,2.244769393870958418e-01,5.602383643754552667e-01,-8.224245468147585447e-02,8.326285646219844239e-03,5.461823602183910609e-01,1.247070739948345081e-01,3.050187332323326186e-02,-9.619350501224213645e-02,-3.204213106061707395e-01
2.907999999999999829e+01,1.400000000000000000e+01,4.515788904415265925e+00,3.911849585405472673e+00,2.209692701078699584e-01,5.603456877739879660e-01,-7.847291146260812478e-02,2.416497923034555129e-03,5.467211443335474597e-01,1.228140063084012246e-01,2.338881475206812041e-02,-9.311524760577394311e-02,-3.056730336085833333e-01
2.910000000000000142e+01,1.400000000000000000e+01,4.526727534823321797e+00,3.914287446997573472e+00,2.176245005275715405e-01,5.603350242923765823e-01,-7.479605694148218353e-02,-3.463615824514931774e-03,5.471184579427561534e-01,1.209823641159273877e-01,1.635752632325151307e-02,-9.005198640072599459e-02,-2.912958239629193646e-01
2.912000000000000099e+01,1.400000000000000000e+01,4.537672711508298207e+00,3.916689287089083038e+00,2.144391672865791909e-01,5.602071431410073910e-01,-7.121223576144482259e-02,-9.296484565016527313e-03,5.473760986645518356e-01,1.192117856463189296e-01,9.424229605576400770e-03,-8.700990610366882150e-02,-2.772900182434412941e-01
2.914000000000000057e+01,1.400000000000000000e+01,4.548621661692225260e+00,3.919056322305964457e+00,2.114096968693285339e-01,5.599631649097759345e-01,-6.772190387150305024e-02,-1.506454781089416883e-02,5.474961885488454083e-01,1.175017854343502199e-01,2.605146167835899716e-03,-8.399519142117309323e-02,-2.636564592914348859e-01
2.916000000000000014e+01,1.400000000000000000e+01,4.559571658282447260e+00,3.921389758327932906e+00,2.085324033848544867e-01,5.596045612285716064e-01,-6.432567583826594160e-02,-2.075026797400703060e-02,5.474811740769234270e-01,1.158517543206644407e-01,-4.083502421176832264e-03,-8.101402705980939589e-02,-2.503966765065291922e-01
2.917999999999999972e+01,1.400000000000000000e+01,4.570520026360248345e+00,3.923690787414577663e+00,2.058034847986860150e-01,5.591331541908156622e-01,-6.102437044725451953e-02,-2.633614174023790611e-02,5.473338261614484335e-01,1.142609594517731697e-01,-1.062549459266875357e-02,-7.807259772614831561e-02,-2.375130593102783017e-01
2.919999999999999929e+01,1.400000000000000000e+01,4.581464149669479902e+00,3.925960585931473013e+00,2.032190176801153547e-01,5.585511155589620857e-01,-5.781905475148010204e-02,-3.180471052863076409e-02,5.470572401464588452e-01,1.127285442800567000e-01,-1.700460877784689892e-02,-7.517708812676048014e-02,-2.250090245145516532e-01
2.921999999999999886e+01,1.400000000000000000e+01,4.592401477105183538e+00,3.928200311876303363e+00,2.007749505276665569e-01,5.578609657696704804e-01,-5.471108668607643083e-02,-3.713857008877496924e-02,5.466548358073687330e-01,1.112535285637638038e-01,-2.320462340791797085e-02,-7.233368296821647558e-02,-2.128891781507983860e-01
2.923999999999999844e+01,1.400000000000000000e+01,4.603329529202230042e+00,3.930411102404974599e+00,1.984670957354611465e-01,5.570655727554111314e-01,-5.170215632148807833e-02,-4.232037927764942253e-02,5.461303573509680431e-01,1.098348083670119546e-01,-2.920931691408908126e-02,-6.954856695708690195e-02,-2.011594721151451770e-01
2.926000000000000156e+01,1.400000000000000000e+01,4.614245904623932582e+00,3.932594071357735199e+00,1.962911202642735886e-01,5.561681505985643925e-01,-4.879432577409644617e-02,-4.733286804426484196e-02,5.454878734154231523e-01,1.084711560597870911e-01,-3.500246772756694658e-02,-6.682792479994244250e-02,-1.898273557574642334e-01
2.928000000000000114e+01,1.400000000000000000e+01,4.625148286650686558e+00,3.934750306785289808e+00,1.942425350835715325e-01,5.551722580336404533e-01,-4.599006773193540371e-02,-5.215884463653885916e-02,5.447317770702753137e-01,1.071612203179438810e-01,-4.056785427955864748e-02,-6.417794120335360009e-02,-1.789019222885420146e-01
2.930000000000000071e+01,1.400000000000000000e+01,4.636034449668589907e+00,3.936880868474921247e+00,1.923166834549017434e-01,5.540817968131028781e-01,-4.329230248399305175e-02,-5.678120203095105012e-02,5.438667858164425439e-01,1.059035261232054437e-01,-4.588925500127098711e-02,-6.160480087389105103e-02,-1.683940495966989304e-01
2.932000000000000028e+01,1.400000000000000000e+01,4.646902265658072295e+00,3.938986785476603192e+00,1.905087281328024795e-01,5.529010099524024335e-01,-4.070443326416808144e-02,-6.118292357064625264e-02,5.428979415862182911e-01,1.046964747631635856e-01,-5.095044832391094208e-02,-5.911468851812534675e-02,-1.583165347520066601e-01
2.933999999999999986e+01,1.400000000000000000e+01,4.657749710682525190e+00,3.941069053629123076e+00,1.888136375671396749e-01,5.516344798702770280e-01,-3.823037963492526004e-02,-6.534708778210429614e-02,5.418306107432718788e-01,1.035383438312786342e-01,-5.573521267868538492e-02,-5.671378884262716358e-02,-1.486842211311637796e-01
2.935999999999999943e+01,1.400000000000000000e+01,4.668574871376923063e+00,3.943128633086192103e+00,1.872261712005704459e-01,5.502871264411183239e-01,-3.587460854080522926e-02,-6.925687232499910806e-02,5.406704840826486169e-01,1.024272872268795764e-01,-6.022732649680124367e-02,-5.440828655396704600e-02,-1.395141167179787534e-01
2.937999999999999901e+01,1.400000000000000000e+01,4.679375951436459680e+00,3.945166445842570369e+00,1.857408639668707839e-01,5.488642049772771703e-01,-3.364216255805813766e-02,-7.289555701329675230e-02,5.394235768307694689e-01,1.013613351551639064e-01,-6.441056820946541861e-02,-5.220436635871564257e-02,-1.308255017228020789e-01
2.939999999999999858e+01,1.400000000000000000e+01,4.690151278105168409e+00,3.947183373260177763e+00,1.843520101102869291e-01,5.473713041605865470e-01,-3.153868475382735209e-02,-7.624652582910051990e-02,5.380962286454314958e-01,1.003383941271977498e-01,-6.826871624788484472e-02,-5.010821296344351861e-02,-1.226400232194979484e-01
2.942000000000000171e+01,1.400000000000000000e+01,4.700899308664552301e+00,3.949180253594216872e+00,1.830536464630076188e-01,5.458143439441128786e-01,-2.957043944683784495e-02,-7.929326783393442213e-02,5.366951036158077448e-01,9.935624695991585043e-02,-7.178554904326638064e-02,-4.812601107472134349e-02,-1.149817740223125079e-01
2.944000000000000128e+01,1.400000000000000000e+01,4.711618636922213277e+00,3.951157879519285654e+00,1.818395353374189505e-01,5.441995734472290236e-01,-2.774432803211435150e-02,-8.201937686495774926e-02,5.352271902624464728e-01,9.841255277612143137e-02,-7.494484502681701688e-02,-4.626394539911964782e-02,-1.078773525204670125e-01
2.946000000000000085e+01,1.400000000000000000e+01,4.722307999700475989e+00,3.953116995655496790e+00,1.807031472120697868e-01,5.425335688695146485e-01,-2.606789889602545082e-02,-8.440854988753621058e-02,5.336998015372724780e-01,9.750484700448644459e-02,-7.773038262974363288e-02,-4.452820064320907323e-02,-1.013558996607803325e-01
2.948000000000000043e+01,1.400000000000000000e+01,4.732966283325017898e+00,3.955058296094597026e+00,1.796376434152793800e-01,5.408232314517276151e-01,-2.454935030665190976e-02,-8.644458385919584487e-02,5.321205748235862121e-01,9.663054137955132128e-02,-8.012594028325313589e-02,-4.292496151356024747e-02,-9.544910872583435568e-02
2.950000000000000000e+01,1.400000000000000000e+01,4.743592530113497574e+00,3.956982421926080740e+00,1.786358590380360267e-01,5.390757855151468991e-01,-2.319752502058418722e-02,-8.811137094511245493e-02,5.304974719360637803e-01,9.578692394172513835e-02,-8.211529641855244699e-02,-4.146041271674373585e-02,-9.019120300792890510e-02
2.951999999999999957e+01,1.400000000000000000e+01,4.754185944864179447e+00,3.958889958763309735e+00,1.776902863381751851e-01,5.372987766139232235e-01,-2.202189520410526014e-02,-8.939289191210164631e-02,5.288387791207573851e-01,9.497115903728556296e-02,-8.368222946684844565e-02,-4.014073895933016611e-02,-8.561887594161475545e-02
2.953999999999999915e+01,1.400000000000000000e+01,4.764745901344562995e+00,3.960781434269629919e+00,1.767930589306108136e-01,5.355000698386629399e-01,-2.103253612869725869e-02,-9.027320751692613499e-02,5.271531070550951048e-01,9.418028731837876921e-02,-8.481051785934809462e-02,-3.897212494789014520e-02,-8.177118774829426895e-02
2.955999999999999872e+01,1.400000000000000000e+01,4.775271948780010156e+00,3.962657315684489312e+00,1.759359370933416822e-01,5.336878483132462270e-01,-2.024008697352891115e-02,-9.073644769673983035e-02,5.254493908478808928e-01,9.341122574301966019e-02,-8.548394002725831498e-02,-3.796075538899428004e-02,-7.868941218816880023e-02
2.957999999999999829e+01,1.400000000000000000e+01,4.785763818342372744e+00,3.964518007349554729e+00,1.751102945556569923e-01,5.318706119307934355e-01,-1.965569695801989980e-02,-9.076679836515033628e-02,5.237368900392940230e-01,9.266076757509157658e-02,-8.568627440178595844e-02,-3.711281498921317756e-02,-7.641682663557422539e-02
2.960000000000000142e+01,1.400000000000000000e+01,4.796221429638620748e+00,3.966363848234828460e+00,1.743071071728789223e-01,5.300571763786400270e-01,-1.929095494428834795e-02,-9.034848561874575523e-02,5.220251886008906439e-01,9.192558238434656026e-02,-8.540129941413796000e-02,-3.643448845511743084e-02,-7.499843842671458094e-02
2.962000000000000099e+01,1.400000000000000000e+01,4.806644897199466193e+00,3.968195109464767611e+00,1.735169439303819727e-01,5.282566725060433566e-01,-1.915780060251330227e-02,-8.946575716520399624e-02,5.203241949356016693e-01,9.120221604640516011e-02,-8.461279349552122686e-02,-3.593196049327765373e-02,-7.448064031265548557e-02
2.964000000000000057e+01,1.400000000000000000e+01,4.817034536967998548e+00,3.970011991844400789e+00,1.727299607576202045e-01,5.264785460920319293e-01,-1.926841523402772482e-02,-8.810286079878260068e-02,5.186441418777347767e-01,9.048709074275659847e-02,-8.330453507714272177e-02,-3.561141581026446706e-02,-7.491078792918495766e-02
2.966000000000000014e+01,1.400000000000000000e+01,4.827390872788301479e+00,3.971814623385443888e+00,1.719358976693746432e-01,5.247325580740921369e-01,-1.963509041117689549e-02,-8.624401977185769397e-02,5.169955866929729638e-01,8.977650496075861852e-02,-8.146030259020926867e-02,-3.547903911264847082e-02,-7.633669251774378994e-02
2.967999999999999972e+01,1.400000000000000000e+01,4.837714642894089145e+00,3.973603056832418101e+00,1.711240797850641648e-01,5.230287853011577059e-01,-2.027007273524513223e-02,-8.387340494366668509e-02,5.153894110783753257e-01,8.906663349363755366e-02,-7.906387446592785806e-02,-3.554101510700025807e-02,-7.880602275100781484e-02
2.969999999999999929e+01,1.400000000000000000e+01,4.848006806397330948e+00,3.975377267188769714e+00,1.702834228061973487e-01,5.213776218763455095e-01,-2.118538325119946955e-02,-8.097510363207582884e-02,5.138368211623768333e-01,8.835352744048834139e-02,-7.609902913550539716e-02,-3.580352849989043573e-02,-8.236561048846209598e-02
2.971999999999999886e+01,1.400000000000000000e+01,4.858268549776877165e+00,3.977137149242984560e+00,1.694024435550719465e-01,5.197897811558747083e-01,-2.239261040879782921e-02,-7.753308515057177885e-02,5.123493475047881107e-01,8.763311420627453718e-02,-7.254954503014876543e-02,-3.627276399788961769e-02,-8.706065666756708510e-02
2.973999999999999844e+01,1.400000000000000000e+01,4.868501293367090810e+00,3.978882515094706918e+00,1.684692761926254723e-01,5.182762984703227493e-01,-2.390267594226265849e-02,-7.353116308323848216e-02,5.109388450967956574e-01,8.690119750182823122e-02,-6.839920058106487011e-02,-3.695490630756841088e-02,-9.293383537880135770e-02
2.976000000000000156e+01,1.400000000000000000e+01,4.878706697846467932e+00,3.980613091680854865e+00,1.674716947376551912e-01,5.168485346325449870e-01,-2.572557367296425881e-02,-6.895295443556115345e-02,5.096174933609622926e-01,8.615345734385013166e-02,-6.363177421946061840e-02,-3.785614013549742918e-02,-1.000242965260565997e-01
2.978000000000000114e+01,1.400000000000000000e+01,4.888886670726273920e+00,3.982328518301741838e+00,1.663971425010133121e-01,5.155181802929000856e-01,-2.787008203686597643e-02,-6.378183589831643019e-02,5.083977961512260446e-01,8.538545005490952300e-02,-5.823104437654297999e-02,-3.898265018824727257e-02,-1.083665703753711185e-01
2.980000000000000071e+01,1.400000000000000000e+01,4.899043372839163801e+00,3.984028344147189316e+00,1.652327690242680613e-01,5.142972611966123431e-01,-3.034345211209246024e-02,-5.800089757686244241e-02,5.072925817529012615e-01,8.459260826344430773e-02,-5.218078948351880658e-02,-4.034062117238854106e-02,-1.179893807670228945e-01
2.982000000000000028e+01,1.400000000000000000e+01,4.909179224827814991e+00,3.985712025822646165e+00,1.639654750700444141e-01,5.131981443898255835e-01,-3.315107407643663739e-02,-5.159289466680938574e-02,5.063150028826779447e-01,8.377024090376090915e-02,-4.546478797159504009e-02,-4.193623779449184852e-02,-1.289143778091147718e-01
2.983999999999999986e+01,1.400000000000000000e+01,4.919296913633549373e+00,3.987378924875306652e+00,1.625819661481812395e-01,5.122335454099400387e-01,-3.629612635484361083e-02,-4.454019769791628391e-02,5.054785366886220821e-01,8.291353321603439630e-02,-3.806681827197859469e-02,-4.377568476112778800e-02,-1.411548054571374333e-01
2.985999999999999943e+01,1.400000000000000000e+01,4.929399398984967817e+00,3.989028305320228451e+00,1.610688149754528342e-01,5.114165364819089898e-01,-3.977921320494837848e-02,-3.682474211954023247e-02,5.047969847501754259e-01,8.201754674630844233e-02,-2.997065881587637759e-02,-4.586514677886698033e-02,-1.547141244504051383e-01
2.987999999999999901e+01,1.400000000000000000e+01,4.939489919886570490e+00,3.990659331166446222e+00,1.594125331546707991e-01,5.107605557251584383e-01,-4.359799810039820256e-02,-2.842797815793574046e-02,5.042844730781554929e-01,8.107721934649522733e-02,-2.116008803449529602e-02,-4.821080855428003242e-02,-1.695846165172776310e-01
2.989999999999999858e+01,1.400000000000000000e+01,4.949572001107389596e+00,3.992271063943093612e+00,1.575996522197075367e-01,5.102794173555915691e-01,-4.774684195337862425e-02,-1.933082203440861235e-02,5.039554521147560084e-01,8.008736517437560487e-02,-1.161888435904225372e-02,-5.081885479393755123e-02,-1.857460014227934053e-01
2.992000000000000171e+01,1.400000000000000000e+01,4.959649459669613236e+00,3.993862460225517719e+00,1.556168140252006948e-01,5.099873228437821204e-01,-5.221645689416532649e-02,-9.513609786857557538e-03,5.038246967335462401e-01,7.904267469359897713e-02,-1.330826220724305384e-03,-5.369547020441008817e-02,-2.031641041076089338e-01
2.994000000000000128e+01,1.400000000000000000e+01,4.969726411337216376e+00,3.995432369161397546e+00,1.534508702630926480e-01,5.098988729641171780e-01,-5.699358789860996949e-02,1.043944921418571425e-03,5.039073062394714420e-01,7.793771467368330874e-02,9.720307949251881172e-03,-5.684683949226834732e-02,-2.217896145931505525e-01
2.996000000000000085e+01,1.400000000000000000e+01,4.979807277104585594e+00,3.996979529996861125e+00,1.510889906634764190e-01,5.100290806406388988e-01,-6.206073590466771456e-02,1.236278750148578354e-02,5.042187043688526327e-01,7.676692819001519619e-02,2.155073971967928076e-02,-6.027914736408287316e-02,-2.415569881870449909e-01
2.998000000000000043e+01,1.400000000000000000e+01,4.989896789685148271e+00,3.998502569602602197e+00,1.485187791865044959e-01,5.103933844641765916e-01,-6.739593704931806650e-02,2.446455205312503267e-02,5.047746392893869283e-01,7.552463462384981230e-02,3.417669065935097228e-02,-6.399857852642430733e-02,-2.623835374481806593e-01
3.000000000000000000e+01,1.500000000000000000e+01,5.000000000000000000e+00,4.000000000000000000e+00,1.457283972389328830e-01,5.110076627227638779e-01,-7.297261314040801028e-02,2.929075637136513421e-02,5.055911836001469872e-01,7.420502966231090625e-02,4.761438233706005718e-02,-6.801131768586543558e-02,-2.841687699564067193e-01
3.001999999999999957e+01,1.500000000000000000e+01,5.010120132049741493e+00,4.001470023698464828e+00,1.427418076461782204e-01,5.115650147190311525e-01,-7.698737590231800876e-02,1.890409659740655002e-02,5.063622319213966216e-01,7.277399513606711001e-02,2.967716687809351939e-02,-7.501498670052199336e-02,-2.998633244275268339e-01
3.003999999999999915e+01,1.500000000000000000e+01,5.020252171930014384e+00,4.002910056677292161e+00,1.395942288744382587e-01,5.117638265866600866e-01,-8.091137084674013269e-02,1.571561889450734384e-03,5.067856630309086619e-01,7.120748520305542062e-02,1.284886476480637252e-02,-8.156040440036753381e-02,-3.152124415239524469e-01
3.005999999999999872e+01,1.500000000000000000e+01,5.030389387560690651e+00,4.004317480460195533e+00,1.362909462758976620e-01,5.116278771946092263e-01,-8.475682265869652343e-02,-1.458438913098270007e-02,5.068834274116872374e-01,6.951457212730929869e-02,-2.893302393730465705e-03,-8.765684701168011128e-02,-3.302638054454071215e-01
3.007999999999999829e+01,1.500000000000000000e+01,5.040525481315628831e+00,4.005689856160922879e+00,1.328369801096203895e-01,5.111804510214208452e-01,-8.853276230426317117e-02,-2.958858771644479191e-02,5.066770199789181195e-01,6.770414264833658768e-02,-1.757211298844610706e-02,-9.331359076073784953e-02,-3.450526642821619694e-01
3.010000000000000142e+01,1.500000000000000000e+01,5.050654580911309033e+00,4.007024920772767729e+00,1.292371704864468396e-01,5.104443336859513236e-01,-9.224536186251178216e-02,-4.346608574105736977e-02,5.061874800799684992e-01,6.578489798111961107e-02,-3.121034541026960346e-02,-9.853991187381877515e-02,-3.596031115638679276e-01
3.012000000000000099e+01,1.500000000000000000e+01,5.060771230295486589e+00,4.008320583458075070e+00,1.254962542040926887e-01,5.094418075917784838e-01,-9.589819998459189754e-02,-5.624215097996199120e-02,5.054353914943869874e-01,6.376535381611515840e-02,-4.383077805013009531e-02,-1.033450865772009286e-01,-3.739290971515117912e-01
3.014000000000000057e+01,1.500000000000000000e+01,5.070870380535824395e+00,4.009574921837760542e+00,1.216189347581258934e-01,5.081946476467529283e-01,-9.949247330172469872e-02,-6.794226404425351973e-02,5.044408824339035036e-01,6.165384031925438130e-02,-5.545618929895662630e-02,-1.077383910971624059e-01,-3.880352270232143019e-01
3.016000000000000014e+01,1.500000000000000000e+01,5.080947380708542127e+00,4.010786178280807412e+00,1.176099465282542667e-01,5.067241170300084141e-01,-1.030271661824995050e-01,-7.859211645862984597e-02,5.032236255424296090e-01,5.945850213194296685e-02,-6.610935754767831296e-02,-1.117291016599812753e-01,-4.019174002507867050e-01
3.017999999999999972e+01,1.500000000000000000e+01,5.090997968787059236e+00,4.011952756193777780e+00,1.134741139017400591e-01,5.050509629884077922e-01,-1.064991890341343977e-01,-8.821760941973977310e-02,5.018028378960578406e-01,5.718729837106092256e-02,-7.581306118722426490e-02,-1.153264944919356050e-01,-4.155633230264827449e-01
3.019999999999999929e+01,1.500000000000000000e+01,5.101018262530644165e+00,4.013073216310336200e+00,1.092164058961489215e-01,5.031954126532188765e-01,-1.099034936680822055e-01,-9.684485280972054966e-02,5.001972810030623773e-01,5.484800262896278450e-02,-8.459007860852355010e-02,-1.185398458193034077e-01,-4.289529332544814721e-01
3.021999999999999886e+01,1.500000000000000000e+01,5.111004750373045802e+00,4.014146272980741337e+00,1.048419866740654266e-01,5.011771688760190413e-01,-1.132331729697026584e-01,-1.045001640650315977e-01,4.984252608038989285e-01,5.244820297347749238e-02,-9.246318820250525039e-02,-1.213784318683627794e-01,-4.420587644274879269e-01
3.023999999999999844e+01,1.500000000000000000e+01,5.120954282311147132e+00,4.015170790461367822e+00,1.003562621969476959e-01,4.990154060906176747e-01,-1.164795511201626860e-01,-1.112100665188222592e-01,4.965046276712046236e-01,4.999530194790846593e-02,-9.945516836009846151e-02,-1.238515288653917745e-01,-4.548462738527383475e-01
3.026000000000000156e+01,1.500000000000000000e+01,5.130864060793604686e+00,4.016145779204209454e+00,9.576492313960602298e-02,4.967287662152657934e-01,-1.196322698359831571e-01,-1.170012868489322955e-01,4.944527764097980116e-01,4.749651657103350078e-02,-1.055887974722323486e-01,-1.259684130366685029e-01,-4.672741574533734732e-01
3.028000000000000114e+01,1.500000000000000000e+01,5.140731631609497754e+00,4.017070392146389501e+00,9.107398407779726535e-02,4.943353546166600609e-01,-1.226793754551975951e-01,-1.219007512750227562e-01,4.922866462566788393e-01,4.495887833710489334e-02,-1.108868539298358824e-01,-1.277383606084709911e-01,-4.792946710967667112e-01
3.030000000000000071e+01,1.500000000000000000e+01,5.150554874776958059e+00,4.017943920999670127e+00,8.628981886703822324e-02,4.918527361642649476e-01,-1.256074111596922338e-01,-1.259355801602897174e-01,4.900227208810284951e-01,4.238923321584930209e-02,-1.153721161238381865e-01,-1.291706478070772657e-01,-4.908539764856877374e-01
3.032000000000000028e+01,1.500000000000000000e+01,5.160331995431832297e+00,4.018765792539969794e+00,8.141919204967713874e-02,4.892979314102486321e-01,-1.284015181418633744e-01,-1.291330806866266556e-01,4.876770283842097875e-01,3.979424165246790712e-02,-1.190673624451683982e-01,-1.302745508587654644e-01,-5.018925279220700642e-01
3.033999999999999986e+01,1.500000000000000000e+01,5.170061514716314477e+00,4.019535564896855817e+00,7.646928605886933739e-02,4.866874129368000124e-01,-1.310455490691638525e-01,-1.315207372895006444e-01,4.852651412997667224e-01,3.718037856763627830e-02,-1.219953712847556687e-01,-1.310593459898136415e-01,-5.123455145757712659e-01
3.035999999999999943e+01,1.500000000000000000e+01,5.179742260667586251e+00,4.020252923843069759e+00,7.144772393225326534e-02,4.840371019186687218e-01,-1.335221967478624483e-01,-1.331261995620263150e-01,4.828021765934251142e-01,3.455393335750446548e-02,-1.241789210335289551e-01,-1.315343094264998236e-01,-5.221433711445410131e-01
3.037999999999999901e+01,1.500000000000000000e+01,5.189373359106463468e+00,4.020917679084026197e+00,6.636258720505691655e-02,4.813623649543190552e-01,-1.358131404184032553e-01,-1.339772673673351733e-01,4.803027956630916417e-01,3.192100989369685976e-02,-1.256407900824174084e-01,-1.317087173951020929e-01,-5.312123678797827653e-01
3.039999999999999858e+01,1.500000000000000000e+01,5.198954224526054269e+00,4.021529760547334575e+00,6.122242862262154001e-02,4.786780112239754081e-01,-1.378992116150287994e-01,-1.341018729364495954e-01,4.777812043388548480e-01,2.928752652331241199e-02,-1.264037568223500829e-01,-1.315918461218985036e-01,-5.394752887992129153e-01
3.042000000000000171e+01,1.500000000000000000e+01,5.208484550980378103e+00,4.022089214672292634e+00,5.603627929660755930e-02,4.759982900368607828e-01,-1.397605809821806933e-01,-1.335280597760988286e-01,4.752511528829844178e-01,2.665921606892444548e-02,-1.264905996442561575e-01,-1.311929718331671380e-01,-5.468522044568577822e-01
3.044000000000000128e+01,1.500000000000000000e+01,5.217964302973028268e+00,4.022596200699411817e+00,5.081364992822912791e-02,4.733368888329311241e-01,-1.413769668540659219e-01,-1.322839582676387238e-01,4.727259359899318447e-01,2.404162582858072883e-02,-1.259240969390645615e-01,-1.305213707551859947e-01,-5.532613428601368399e-01
3.046000000000000085e+01,1.500000000000000000e+01,5.227393706345807800e+00,4.023050986959914255e+00,4.556452573648351462e-02,4.707069317061553515e-01,-1.427278657699836972e-01,-1.303977579054844682e-01,4.702183927863295976e-01,2.144011757580348287e-02,-1.247270270977045570e-01,-1.295863191142332116e-01,-5.586200590050451886e-01
3.048000000000000043e+01,1.500000000000000000e+01,5.236773239167372473e+00,4.023453947165248401e+00,4.029935476010233775e-02,4.681209785167118609e-01,-1.437928044183843235e-01,-1.278976762001686751e-01,4.677409068309917872e-01,1.885986755958935640e-02,-1.229221685111052259e-01,-1.283970931365868429e-01,-5.628459000622013653e-01
3.050000000000000000e+01,1.500000000000000000e+01,5.246103622621880014e+00,4.023805556696598451e+00,3.502902924921324351e-02,4.655910246581486667e-01,-1.445516117823445745e-01,-1.248119243569334458e-01,4.653054061149141107e-01,1.630586650440944002e-02,-1.205322995701955252e-01,-1.269629690485249429e-01,-5.658577595358263990e-01
3.051999999999999957e+01,1.500000000000000000e+01,5.255385811897622439e+00,4.024106388894391984e+00,2.976485992647617818e-02,4.631285015424346230e-01,-1.449847095063862834e-01,-1.211686699346063989e-01,4.629233630612732409e-01,1.378291961020926965e-02,-1.175801986659046061e-01,-1.252932230763255383e-01,-5.675771098105378831e-01
3.053999999999999915e+01,1.500000000000000000e+01,5.264620987075685932e+00,4.024357111347810267e+00,2.451854297733886343e-02,4.607442778607645506e-01,-1.450734177303673877e-01,-1.169959967891394115e-01,4.606057945254276031e-01,1.129564655240880566e-02,-1.140886441891616337e-01,-1.233971314462667668e-01,-5.679292985017341255e-01
3.055999999999999872e+01,1.500000000000000000e+01,5.273810544018579627e+00,4.024558482184298569e+00,1.930211972412596011e-02,4.584486616708691731e-01,-1.448002728542735762e-01,-1.123218627090931676e-01,4.583632617949168764e-01,8.848481481902469373e-03,-1.100804145308956761e-01,-1.212839703846266826e-01,-5.668448900651374966e-01
3.057999999999999829e+01,1.500000000000000000e+01,5.282956085258885714e+00,4.024711346359071129e+00,1.412792904746078618e-02,4.562514033524008861e-01,-1.441493529244528560e-01,-1.071740552538482660e-01,4.562058705894623256e-01,6.445673025059096145e-03,-1.055782880820357872e-01,-1.189630161176832845e-01,-5.642610303526413018e-01
3.060000000000000142e+01,1.500000000000000000e+01,5.292059410887905990e+00,4.024816631944630352e+00,9.008552738962484485e-03,4.541616994607149405e-01,-1.431066055862138253e-01,-1.015801464056789172e-01,4.541432710609665246e-01,4.091284283721974453e-03,-1.006050432335110073e-01,-1.164435448717146687e-01,-5.601228083940318347e-01
3.062000000000000099e+01,1.500000000000000000e+01,5.301122509444302189e+00,4.024875346420266453e+00,3.956754098616369238e-03,4.521881974961734496e-01,-1.416601728515425873e-01,-9.556744673978023741e-02,4.521846577935134115e-01,1.789192835208827008e-03,-9.518345837625048766e-02,-1.137348328729989311e-01,-5.543845868142830424e-01
3.064000000000000057e+01,1.500000000000000000e+01,5.310147548802733652e+00,4.024888572961570432e+00,-1.014589774511386218e-03,4.503390015911238331e-01,-1.398007063087919888e-01,-8.916295989886080520e-02,4.503387698033685105e-01,-4.569092676881896745e-04,-8.933631190118335175e-02,-1.108461563478140843e-01,-5.470112701392673138e-01
3.066000000000000014e+01,1.500000000000000000e+01,5.319136867062512763e+00,4.024857466729945266e+00,-5.892561412132377857e-03,4.486216791002191062e-01,-1.375216658813868675e-01,-8.239333822537808771e-02,4.486138905389785991e-01,-2.643515496702472049e-03,-8.308638219923866752e-02,-1.077867915224382522e-01,-5.379794789614700257e-01
3.067999999999999972e+01,1.500000000000000000e+01,5.328092963436239948e+00,4.024783251162114439e+00,-1.066428140559357723e-02,4.470432680621088117e-01,-1.348195948556168700e-01,-7.528484045193373220e-02,4.470178478809719858e-01,-4.767304848092967368e-03,-7.645644766134550296e-02,-1.045660146231494336e-01,-5.272785976702587529e-01
3.069999999999999929e+01,1.500000000000000000e+01,5.337018489138449340e+00,4.024667214259628700e+00,-1.531699098288862373e-02,4.456102854821418213e-01,-1.316943636766328973e-01,-6.786329237521648849e-02,4.455580141421582874e-01,-6.825141842644219005e-03,-6.946928667843302319e-02,-1.011931018762257523e-01,-5.149116643020869022e-01
3.071999999999999886e+01,1.500000000000000000e+01,5.345916238274258880e+00,4.024510704878381695e+00,-1.983813776431237255e-02,4.443287363671001855e-01,-1.281493749912542279e-01,-6.015405143738306037e-02,4.442413060675287073e-01,-8.814076525666285356e-03,-6.214767764143026840e-02,-9.767732950794527635e-02,-5.008960730932282557e-01
3.073999999999999844e+01,1.500000000000000000e+01,5.354789138727998221e+00,4.024315129018108728e+00,-2.421546362347993392e-02,4.432041234246466010e-01,-1.241917226301087890e-01,-5.218197610966868183e-02,4.430741848342555911e-01,-1.073134446699482679e-02,-5.451439894126625801e-02,-9.402797374458596313e-02,-4.852640635272609249e-01
3.076000000000000156e+01,1.500000000000000000e+01,5.363640243051871259e+00,4.024081946111911279e+00,-2.843709349556023183e-02,4.422414573227133050e-01,-1.198322977007665741e-01,-4.397140091484885716e-02,4.420626560516929260e-01,-1.257436676099105144e-02,-4.659222896887010856e-02,-9.025431081242596409e-02,-4.680629740097755342e-01
3.078000000000000114e+01,1.500000000000000000e+01,5.372472719354584925e+00,4.023812665315752213e+00,-3.249162391213988171e-02,4.414452673880524536e-01,-1.150858357322332853e-01,-3.554611783792260837e-02,4.412122697613761746e-01,-1.434075002654171781e-02,-3.840394611517099210e-02,-8.636561693774331971e-02,-4.493552436631840230e-01
3.080000000000000071e+01,1.500000000000000000e+01,5.381289842190003725e+00,4.023508841797976743e+00,-3.636821000502376416e-02,4.408196126091964429e-01,-1.099708998833174578e-01,-2.692936475973795041e-02,4.405281204370219417e-01,-1.602828640705916685e-02,-2.997232877109797661e-02,-8.237116834681615374e-02,-4.292181519480715024e-01
3.082000000000000028e+01,1.500000000000000000e+01,5.390094983445782084e+00,4.023172073028812967e+00,-4.005664971159948046e-02,4.403680927976629800e-01,-1.045097966022745517e-01,-1.814382140871906302e-02,4.400148469845285293e-01,-1.763495357048125434e-02,-2.132015532758008147e-02,-7.828024126592240950e-02,-4.077432926675031433e-01
3.083999999999999986e+01,1.500000000000000000e+01,5.398891603232022440e+00,4.022803995069883953e+00,-4.354746393334663068e-02,4.400938597528477048e-01,-9.872842178366576793e-02,-9.211613164875842585e-03,4.396766327419755482e-01,-1.915891470927146359e-02,-1.247020417554663141e-02,-7.410211192134033564e-02,-3.850357861405762638e-01
3.085999999999999943e+01,1.500000000000000000e+01,5.407683240769901367e+00,4.022406278863720708e+00,-4.683197144688373142e-02,4.399996282710679218e-01,-9.265603737015465358e-02,-1.543228735005897079e-04,4.395172054796239736e-01,-2.059851854041879621e-02,-3.445253705926379969e-03,-6.984605653934780611e-02,-3.612132406580561561e-01
3.087999999999999901e+01,1.500000000000000000e+01,5.416473505280328560e+00,4.021980626523268931e+00,-4.990235744285503178e-02,4.400876868379076656e-01,-8.632498042914195369e-02,9.006989361491690715e-03,4.395398373999162001e-01,-2.195229930543781544e-02,5.731917690351451787e-03,-6.552135134622294466e-02,-3.364044814616110046e-01
3.089999999999999858e+01,1.500000000000000000e+01,5.425266066872583615e+00,4.021528767621398437e+00,-5.275173467022221258e-02,4.403599078455275873e-01,-7.977030891225246612e-02,1.825175862600403320e-02,4.397473451374762088e-01,-2.321897677036869126e-02,1.503853162235767663e-02,-6.113727256824384032e-02,-3.107480721288692904e-01
3.092000000000000171e+01,1.500000000000000000e+01,5.434064647432959028e+00,4.021052455480411680e+00,-5.537419628950696754e-02,4.408177571829479113e-01,-7.302939047733851552e-02,2.755988029615075163e-02,4.401420897591091785e-01,-2.439745622577707551e-02,2.445180969916331548e-02,-5.670309643168856134e-02,-2.843906591300164877e-01
3.094000000000000128e+01,1.500000000000000000e+01,5.442873011513406745e+00,4.020553463461557619e+00,-5.776485968480365996e-02,4.414623030573736617e-01,-6.614144280354164462e-02,3.691166837998416383e-02,4.407259767638018744e-01,-2.548682848675425106e-02,3.394897352983920064e-02,-5.222809916283513432e-02,-2.574851752136344540e-01
3.096000000000000085e+01,1.500000000000000000e+01,5.451694957220175830e+00,4.020033581254534027e+00,-5.991990064687519046e-02,4.422942239181472668e-01,-5.914703564232104416e-02,4.628780785361819028e-02,4.415004560827222591e-01,-2.648636989291701729e-02,4.350724472345623983e-02,-4.772155698796169687e-02,-2.301889409931761055e-01
3.098000000000000043e+01,1.500000000000000000e+01,5.460534307102467899e+00,4.019494611167005793e+00,-6.183657751383079410e-02,4.433138153715183716e-01,-5.208756630984364561e-02,5.566930188683549829e-02,4.424665220792200482e-01,-2.739554230840775262e-02,5.310384488908539286e-02,-4.319274613334622703e-02,-2.026617065103155924e-01
3.100000000000000000e+01,1.500000000000000000e+01,5.469394899041068570e+00,4.018938364414105457e+00,-6.351324503693803192e-02,4.445209959936206046e-01,-4.500472134401801994e-02,6.503741496905313113e-02,4.436247135488262661e-01,-2.821399312189443176e-02,6.271599563579755010e-02,-3.865094282526682079e-02,-1.750636755786206256e-01
3.101999999999999957e+01,1.500000000000000000e+01,5.478280577136997564e+00,4.018366657407949738e+00,-6.494935792213862857e-02,4.459153119702803925e-01,-3.793993755394859529e-02,7.437361303252565392e-02,4.449751137192530237e-01,-2.894155524657052170e-02,7.232091857266363666e-02,-3.410542329000156719e-02,-1.475535553548165679e-01
3.103999999999999915e+01,1.500000000000000000e+01,5.487195182600148158e+00,4.017781308047144506e+00,-6.614546417800595823e-02,4.474959405149215863e-01,-3.093387564498520023e-02,8.365950172300884446e-02,4.465173502503942959e-01,-2.957824712015512045e-02,8.189583530875453599e-02,-2.956546375382848590e-02,-1.202866719005155904e-01
3.105999999999999872e+01,1.500000000000000000e+01,5.496142544637934613e+00,4.017184132006296871e+00,-6.710318857365044076e-02,4.492616920392006885e-01,-2.402591901016008780e-02,9.287676398823840884e-02,4.482505952343251998e-01,-3.012427270489280440e-02,9.141796745314111072e-02,-2.504034044302570414e-02,-9.341318959501168639e-02
3.107999999999999829e+01,1.500000000000000000e+01,5.505126471343938732e+00,4.016576939025523707e+00,-6.782520667132149739e-02,4.512110110744510516e-01,-1.725370917712653468e-02,1.020070981416729694e-01,4.501735651953023276e-01,-3.058002148755378444e-02,1.008645366148944039e-01,-2.053932958387119298e-02,-6.707646829677131606e-02
3.110000000000000142e+01,1.500000000000000000e+01,5.514150740586541311e+00,4.015961529199960189e+00,-6.831521004456793389e-02,4.533419759648679159e-01,-1.065272786074898149e-02,1.110321575142716455e-01,4.522845210897639134e-01,-3.094606847943383310e-02,1.102127644030851950e-01,-1.607170740264312128e-02,-4.141158732126760944e-02
3.112000000000000099e+01,1.500000000000000000e+01,5.523219090897580230e+00,4.015339689269273649e+00,-6.857786342084729037e-02,4.556522973750221639e-01,-4.255933693753173770e-03,1.199334927336650480e-01,4.545812683063291670e-01,-3.122317421635421170e-02,1.194398724267843881e-01,-1.164675012561948442e-02,-1.654405982432678029e-02
3.114000000000000057e+01,1.500000000000000000e+01,5.532335212360984578e+00,4.014713188907164998e+00,-6.861875459513616660e-02,4.581393156742143979e-01,1.906540392979404848e-03,1.286924975719436759e-01,4.570611566657991620e-01,-3.141228475866182646e-02,1.285230822950630403e-01,-7.273733979078345416e-03,7.411244715289737155e-03
3.116000000000000014e+01,1.500000000000000000e+01,5.541502737501422082e+00,4.014083777010886145e+00,-6.844433804683797140e-02,4.607999972778997755e-01,7.807625370428864127e-03,1.372903591841190263e-01,4.597210804211560031e-01,-3.151453169122909320e-02,1.374396156169918892e-01,-2.961935189297830624e-03,3.035095830001401443e-02
3.117999999999999972e+01,1.500000000000000000e+01,5.550725232172942114e+00,4.013453177990745857e+00,-6.806187325528344212e-02,4.636309300415790147e-01,1.342348830517703026e-02,1.457080134246382386e-01,4.625574782575635480e-01,-3.153123212345399634e-02,1.461666940016418392e-01,1.279370017444028153e-03,5.218384693067872060e-02
3.119999999999999929e+01,1.500000000000000000e+01,5.560006186447618681e+00,4.012823088059619181e+00,-6.747935874923406685e-02,4.666283178148851740e-01,1.873363901938020909e-02,1.539261057846985636e-01,4.655663332923669628e-01,-3.146388868926010968e-02,1.546815390580840721e-01,5.440905414869242479e-03,7.283121805949063776e-02
3.121999999999999886e+01,1.500000000000000000e+01,5.569349005504193428e+00,4.012195171522455972e+00,-6.670546294354874617e-02,4.697879742729668684e-01,2.372097353719529109e-02,1.619249583430146799e-01,4.687431730750926673e-01,-3.131418954709652702e-02,1.629613723953891036e-01,9.513394776699624425e-03,9.222710857478497171e-02
3.123999999999999844e+01,1.500000000000000000e+01,5.578757000516723963e+00,4.011571057065795642e+00,-6.574945281266067476e-02,4.731053161486056813e-01,2.837175821048463012e-02,1.696845429726963062e-01,4.720830695874488336e-01,-3.108400837993793853e-02,1.709834156226282265e-01,1.348756187665723499e-02,1.103182637164131369e-01
3.126000000000000156e+01,1.500000000000000000e+01,5.588233379543217971e+00,4.010952334047269474e+00,-6.462112142733630882e-02,4.765753559918751714e-01,3.267555967507514147e-02,1.771844609020316597e-01,4.755806392433245544e-01,-3.077540439528457170e-02,1.787248903488719842e-01,1.735413048846388626e-02,1.270639214402133621e-01
3.128000000000000114e+01,1.500000000000000000e+01,5.597781238414291316e+00,4.010340548785115367e+00,-6.333071534037247596e-02,4.801926945846873851e-01,3.662512671774974249e-02,1.844039285902283609e-01,4.792300428887907859e-01,-3.039062232516223996e-02,1.861630181831916142e-01,2.110382438584160886e-02,1.424354201098398665e-01
3.130000000000000071e+01,1.500000000000000000e+01,5.607403551621793270e+00,4.009737200847683702e+00,-6.188886275076971311e-02,4.839515131354841793e-01,4.021623073881158000e-02,1.913217697555520402e-01,4.830249858020999043e-01,-2.993209242612228718e-02,1.932750207346577986e-01,2.472736734251227558e-02,1.564156499533261302e-01
3.132000000000000028e+01,1.500000000000000000e+01,5.617103163207467276e+00,4.009143739342949431e+00,-6.030650330705869533e-02,4.878455653749093068e-01,4.344747179744608279e-02,1.979164132844069002e-01,4.869587176936852613e-01,-2.940243047924164660e-02,2.000381196123415806e-01,2.821548313219787371e-02,1.689983704729584313e-01
3.133999999999999986e+01,1.500000000000000000e+01,5.626882777651584178e+00,4.008561559208023262e+00,-5.859482033154012753e-02,4.918681696668602554e-01,4.632005726110613453e-02,2.041658966575123912e-01,4.910240327061621279e-01,-2.880443779012279576e-02,2.064295364253136977e-01,3.155889552862029684e-02,1.801874169632995681e-01
3.135999999999999943e+01,1.500000000000000000e+01,5.636744950761588768e+00,4.007991997498653980e+00,-5.676517616095333452e-02,4.960122012412096493e-01,4.883755988703321338e-02,2.100478744560270172e-01,4.952132694143268621e-01,-2.814110118889378426e-02,2.124264927826452209e-01,3.474832830550150797e-02,1.899958195225557311e-01
3.137999999999999901e+01,1.500000000000000000e+01,5.646692080560746341e+00,4.007436329678744968e+00,-5.482905120819044076e-02,5.002700846451011429e-01,5.100566178822826813e-02,2.155396314550195314e-01,4.995183108251574633e-01,-2.741559303020819557e-02,2.180062102934069990e-01,3.777450523656342846e-02,1.984448575067161991e-01
3.139999999999999858e+01,1.500000000000000000e+01,5.656726398176777693e+00,4.006895765909861851e+00,-5.279798725668781445e-02,5.046337864994102640e-01,5.283189022192636558e-02,2.206180997748941053e-01,5.039305843778131289e-01,-2.663127119324521647e-02,2.231459105666699916e-01,4.062815009552800394e-02,2.055630713594682191e-01
3.142000000000000171e+01,1.500000000000000000e+01,5.666849958730516335e+00,4.006371447340740133e+00,-5.068353540643313199e-02,5.090948086360975733e-01,5.432535052732447023e-02,2.252598795421167921e-01,5.084410619436346979e-01,-2.579167908170959186e-02,2.278228152115049920e-01,4.329998665611713149e-02,2.113852522492996322e-01
3.144000000000000128e+01,1.500000000000000000e+01,5.677064632224538165e+00,4.005864442396796399e+00,-4.849720900028612475e-02,5.136441816810954908e-01,5.549646086790845784e-02,2.294412625072386192e-01,5.130402598261443181e-01,-2.490054562383156242e-02,2.320141458369829879e-01,4.578073869205281921e-02,2.159514280589778235e-01
3.146000000000000085e+01,1.500000000000000000e+01,5.687372094431815128e+00,4.005375743069637728e+00,-4.625044177341536278e-02,5.182724591363869759e-01,5.635669273372889004e-02,2.331382580805669846e-01,5.177182387610455017e-01,-2.396178527236701022e-02,2.356971240521748834e-01,4.806112997705694334e-02,2.193058621024300270e-01
3.148000000000000043e+01,1.500000000000000000e+01,5.697773817784352879e+00,4.004906261206571116e+00,-4.395455138871353501e-02,5.229697120043179659e-01,5.691832045615859842e-02,2.363266212696313318e-01,5.224646039162231803e-01,-2.297949800459735126e-02,2.388489714661516383e-01,5.013188428485148423e-02,2.214960785867817195e-01
3.150000000000000000e+01,1.500000000000000000e+01,5.708271062261836448e+00,4.004456824800112003e+00,-4.162070844839178829e-02,5.277255239871719850e-01,5.719418230218805549e-02,2.389818820379829845e-01,5.272685048917438166e-01,-2.195796932232953885e-02,2.414469096879840460e-01,5.198372538915835284e-02,2.225719263824202099e-01
3.151999999999999957e+01,1.500000000000000000e+01,5.718864866280277681e+00,4.004028174277493690e+00,-3.925991100759183838e-02,5.325289872858370854e-01,5.719745506216147857e-02,2.410793756492211060e-01,5.321186357198554040e-01,-2.090167025189611921e-02,2.434681603267430661e-01,5.360737706369947397e-02,2.225846901909643016e-01
3.153999999999999915e+01,1.500000000000000000e+01,5.729556037580648464e+00,4.003620958790178541e+00,-3.688296456054564881e-02,5.373686990131406604e-01,5.694144343446103096e-02,2.425942736107007391e-01,5.370032348649869114e-01,-1.981525734415517936e-02,2.448899449914996862e-01,5.499356308219681411e-02,2.215862557777006359e-01
3.155999999999999872e+01,1.500000000000000000e+01,5.740345144117538823e+00,4.003235732503368283e+00,-3.450046742405029482e-02,5.422327582302649551e-01,5.643938494950901524e-02,2.435016148872790609e-01,5.419100852237491717e-01,-1.870357267449038879e-02,2.456894852913247274e-01,5.613300721837229806e-02,2.196283336161702071e-01
3.157999999999999829e+01,1.500000000000000000e+01,5.751232504947784818e+00,4.002872950885507208e+00,-3.212280140707486631e-02,5.471087636086315875e-01,5.570427066685126882e-02,2.437763371145642566e-01,5.468265141249342154e-01,-1.757164384281095781e-02,2.458440028352891216e-01,5.701643324594783679e-02,2.167617431196870170e-01
3.160000000000000142e+01,1.500000000000000000e+01,5.762218181119128424e+00,4.002532966997800479e+00,-2.976012762925293875e-02,5.519838117148481160e-01,5.474868142356894424e-02,2.433933076025489584e-01,5.517393933295154929e-01,-1.642468397355166185e-02,2.453307192324637176e-01,5.763456493864539676e-02,2.130357576358567206e-01
3.162000000000000099e+01,1.500000000000000000e+01,5.773301966558846310e+00,4.002216027783716434e+00,-2.742238733475795345e-02,5.568444959127342164e-01,5.358463900825589238e-02,2.423273539816044320e-01,5.566351390306479852e-01,-1.526809171567284490e-02,2.441268560919195030e-01,5.797812607018688197e-02,2.084975085713516030e-01
3.164000000000000057e+01,1.500000000000000000e+01,5.784483378962404387e+00,4.001922270358502232e+00,-2.511930754141906280e-02,5.616769058741121201e-01,5.222347127891135282e-02,2.405532944054371569e-01,5.614997118536679821e-01,-1.410745124266040915e-02,2.422096350227273265e-01,5.803784041429427276e-02,2.031914453992385849e-01
3.166000000000000014e+01,1.500000000000000000e+01,5.795761650682093702e+00,4.001651718298686156e+00,-2.286041136765111156e-02,5.664666276889515073e-01,5.067568993048775922e-02,2.380459672864319032e-01,5.663186168560931932e-01,-1.294853225252581667e-02,2.395562776339582034e-01,5.780443174468945927e-02,1.971588468734277733e-01
3.167999999999999972e+01,1.500000000000000000e+01,5.807135719615679648e+00,4.001404277931593256e+00,-2.065503289155731781e-02,5.711987445655691831e-01,4.895087934242548650e-02,2.347802605987308056e-01,5.710769035276228589e-01,-1.179728996780611029e-02,2.361440055346829270e-01,5.726862383509441490e-02,1.904373775183496875e-01
3.169999999999999929e+01,1.500000000000000000e+01,5.818604220095042301e+00,4.001179734624851214e+00,-1.851233641714801828e-02,5.758578381129004775e-01,4.705759469111438220e-02,2.307311408445773537e-01,5.757591657901375282e-01,-1.065986513556384241e-02,2.319500403339724570e-01,5.642114045923105753e-02,1.830606823525038618e-01
3.171999999999999886e+01,1.500000000000000000e+01,5.830165473774822082e+00,4.000977749075904200e+00,-1.644134005179545902e-02,5.804279901993520951e-01,4.500326728865701453e-02,2.258736818380828737e-01,5.803495419976993919e-01,-9.542584027387172180e-03,2.269516036408976700e-01,5.525270539082134669e-02,1.750580118105861949e-01
3.173999999999999844e+01,1.500000000000000000e+01,5.841817480521062755e+00,4.000797853601515186e+00,-1.445094353670479947e-02,5.848927853864236415e-01,4.279411489836575100e-02,2.201830935200881356e-01,5.848317149365515055e-01,-8.451958439389818667e-03,2.211259170645295258e-01,5.375404240358717944e-02,1.664538679124974996e-01
3.176000000000000156e+01,1.500000000000000000e+01,5.853557909299853534e+00,4.000639448427284250e+00,-1.254996031836950326e-02,5.892353139401562689e-01,4.043505456883549759e-02,2.136347510784766257e-01,5.891889118251191215e-01,-7.394685692211038289e-03,2.144502022139388731e-01,5.191587527125049450e-02,1.572676618446041674e-01
3.178000000000000114e+01,1.500000000000000000e+01,5.865384089065973860e+00,4.000501797977148222e+00,-1.074715390392527378e-02,5.934381754295633415e-01,3.792961531072580605e-02,2.062042247111754989e-01,5.934039043140081349e-01,-6.377648631015665585e-03,2.069016806981966994e-01,4.972892776753326527e-02,1.475133722190305197e-01
3.180000000000000071e+01,1.500000000000000000e+01,5.877292999651538175e+00,4.000384027162899869e+00,-9.051278607492845366e-03,5.974834829286030935e-01,3.527984770066682624e-02,1.978673104371448943e-01,5.974590084860064154e-01,-5.407915625494095005e-03,1.984575741263738535e-01,4.718392366615739575e-02,1.371991923038097527e-01
3.182000000000000028e+01,1.500000000000000000e+01,5.889281262654638915e+00,4.000285117673691104e+00,-7.471124868773641563e-03,6.013528678470489996e-01,3.248622722033726873e-02,1.886000624342525356e-01,6.013360848560830307e-01,-4.492740569862279168e-03,1.890951041075411843e-01,4.427158674084483159e-02,1.263271534060519952e-01
3.183999999999999986e+01,1.500000000000000000e+01,5.901345132327987741e+00,4.000203904265542398e+00,-6.015569410450784596e-03,6.050274854259730661e-01,2.954754780891910917e-02,1.783788274656323836e-01,6.050165383713884681e-01,-3.639562882861732337e-03,1.787914922507697069e-01,4.098264076531750455e-02,1.148927102680627477e-01
3.185999999999999943e+01,1.500000000000000000e+01,5.913480486467562969e+00,4.000139071050858419e+00,-4.693630598898997953e-03,6.084880209456741129e-01,2.646080170419057298e-02,1.671802820517029886e-01,6.084813184112547457e-01,-2.856007507759529551e-03,1.675239601651303256e-01,3.730780951329736722e-02,1.028842727165807797e-01
3.187999999999999901e+01,1.500000000000000000e+01,5.925682817301248129e+00,4.000089147787927679e+00,-3.514529485381372425e-03,6.117146967080410169e-01,2.322104114826093954e-02,1.549814731558072367e-01,6.117109187871949683e-01,-2.149884912348309224e-03,1.552697294596938893e-01,3.323781675850633749e-02,9.028266578608282189e-02
3.189999999999999858e+01,1.500000000000000000e+01,5.937947222377485623e+00,4.000052506170444389e+00,-2.487757134994331848e-03,6.146872798719063002e-01,1.982121691053563908e-02,1.417598632833474426e-01,6.146853777429042154e-01,-1.529191088946268377e-03,1.420060217435313299e-01,2.876338627466634712e-02,7.706049799544725798e-02
3.192000000000000171e+01,1.500000000000000000e+01,5.950268395453906400e+00,4.000027356117005439e+00,-1.623149001562642539e-03,6.173850912393752388e-01,1.625198779912340880e-02,1.274933810529468303e-01,6.173842779542585424e-01,-1.002107554397172612e-03,1.277100586257137460e-01,2.387524183549940768e-02,6.318141424225692804e-02
3.194000000000000128e+01,1.500000000000000000e+01,5.962640617385984498e+00,4.000011742060628706e+00,-9.309672828690023026e-04,6.197870151140245643e-01,1.250149435107774341e-02,1.121604784906526930e-01,6.197867465293156464e-01,-5.770013500703313931e-04,1.123590617153116811e-01,1.856410721472733644e-02,4.859920570255272382e-02
3.196000000000000085e+01,1.500000000000000000e+01,5.975057747015675602e+00,4.000003539238256245e+00,-4.219923975764172577e-04,6.218715103790012355e-01,8.555088660275171966e-03,9.574019653420151599e-02,6.218714550083142001e-01,-2.624250418606329026e-04,9.593025262139621978e-02,1.282070618607211721e-02,3.325674394839987086e-02
3.198000000000000043e+01,1.500000000000000000e+01,5.987513212060063594e+00,4.000000449980270822e+00,-1.076249699661061985e-04,6.236166229753925538e-01,4.395010755449795144e-03,7.821224052497122159e-02,6.236166193636750732e-01,-6.711672018852086574e-05,7.840085295303830804e-02,6.635762523255695627e-03,1.708469991779522010e-02
3.200000000000000000e+01,1.600000000000000000e+01,6.000000000000000000e+00,4.000000000000000000e+00,0.000000000000000000e+00,6.250000000000000000e-01,0.000000000000000000e+00,6.852379895447846536e-02,6.250000000000000000e-01,0.000000000000000000e+00,5.974808431930878072e-02,0.000000000000000000e+00,0.000000000000000000e+00
3.202000000000000313e+01,1.600000000000000000e+01,6.012513038893213313e+00,3.999999999999999556e+00,0.000000000000000000e+00,6.263575749335719145e-01,0.000000000000000000e+00,7.570020559133538995e-02,6.263575749335719145e-01,0.000000000000000000e+00,7.585406494937665944e-02,0.000000000000000000e+00,0.000000000000000000e+00
3.203999999999999915e+01,1.600000000000000000e+01,6.025056388640532390e+00,4.000000000000000000e+00,0.000000000000000000e+00,6.280280082236532335e-01,0.000000000000000000e+00,9.088599953403608822e-02,6.280280082236532335e-01,0.000000000000000000e+00,9.103688943118636023e-02,0.000000000000000000e+00,0.000000000000000000e+00
3.206000000000000227e+01,1.600000000000000000e+01,6.037636122965647445e+00,3.999999999999999556e+00,0.000000000000000000e+00,6.299930149149334246e-01,0.000000000000000000e+00,1.051664540938563874e-01,6.299930149149334246e-01,0.000000000000000000e+00,1.053143745301081680e-01,0.000000000000000000e+00,0.000000000000000000e+00
3.207999999999999829e+01,1.600000000000000000e+01,6.050257953456485538e+00,3.999999999999999112e+00,0.000000000000000000e+00,6.322346663874073291e-01,0.000000000000000000e+00,1.185593860361464635e-01,6.322346663874073291e-01,0.000000000000000000e+00,1.187043370115123675e-01,0.000000000000000000e+00,0.000000000000000000e+00
3.210000000000000142e+01,1.600000000000000000e+01,6.062927236691934674e+00,3.999999999999999112e+00,0.000000000000000000e+00,6.347353903563792699e-01,0.000000000000000000e+00,1.310826121263168886e-01,6.347353903563792699e-01,0.000000000000000000e+00,1.312245936407692437e-01,0.000000000000000000e+00,0.000000000000000000e+00
3.211999999999999744e+01,1.600000000000000000e+01,6.075648981368535040e+00,3.999999999999998668e+00,0.000000000000000000e+00,6.374779708724598315e-01,0.000000000000000000e+00,1.427539491296858642e-01,6.374779708724598315e-01,0.000000000000000000e+00,1.428929611832491509e-01,0.000000000000000000e+00,0.000000000000000000e+00
3.214000000000000057e+01,1.600000000000000000e+01,6.088427855427199553e+00,3.999999999999998224e+00,0.000000000000000000e+00,6.404455483215666378e-01,0.000000000000000000e+00,1.535912138116550807e-01,6.404455483215666378e-01,0.000000000000000000e+00,1.537272564043222489e-01,0.000000000000000000e+00,0.000000000000000000e+00
3.215999999999999659e+01,1.600000000000000000e+01,6.101268193179911314e+00,4.000000000000000000e+00,0.000000000000000000e+00,6.436216194249257949e-01,0.000000000000000000e+00,1.636122229375907011e-01,6.436216194249257949e-01,0.000000000000000000e+00,1.637452960693589477e-01,0.000000000000000000e+00,0.000000000000000000e+00
3.217999999999999972e+01,1.600000000000000000e+01,6.114174002436419286e+00,4.000000000000000888e+00,0.000000000000000000e+00,6.469900372390701149e-01,0.000000000000000000e+00,1.728347932728198089e-01,6.469900372390701149e-01,0.000000000000000000e+00,1.729648969437295181e-01,0.000000000000000000e+00,0.000000000000000000e+00
3.220000000000000284e+01,1.600000000000000000e+01,6.127148971630972163e+00,4.000000000000000000e+00,0.000000000000000000e+00,6.505350111558396708e-01,0.000000000000000000e+00,1.812767415828133721e-01,6.505350111558396708e-01,0.000000000000000000e+00,1.814038757928042589e-01,0.000000000000000000e+00,0.000000000000000000e+00
3.221999999999999886e+01,1.600000000000000000e+01,6.140196476948998949e+00,4.000000000000000000e+00,0.000000000000000000e+00,6.542411069023825743e-01,0.000000000000000000e+00,1.889558846328576180e-01,6.542411069023825743e-01,0.000000000000000000e+00,1.890800493819533301e-01,0.000000000000000000e+00,0.000000000000000000e+00
3.224000000000000199e+01,1.600000000000000000e+01,6.153319589453828620e+00,4.000000000000000000e+00,0.000000000000000000e+00,6.580932465411539756e-01,0.000000000000000000e+00,1.958900391883595660e-01,6.580932465411539756e-01,0.000000000000000000e+00,1.960112344765471692e-01,0.000000000000000000e+00,0.000000000000000000e+00
3.225999999999999801e+01,1.600000000000000000e+01,6.166521082213392013e+00,4.000000000000000888e+00,0.000000000000000000e+00,6.620767084699166194e-01,0.000000000000000000e+00,2.020970220146622864e-01,6.620767084699166194e-01,0.000000000000000000e+00,2.022152478419561306e-01,0.000000000000000000e+00,0.000000000000000000e+00
3.228000000000000114e+01,1.600000000000000000e+01,6.179803437426925505e+00,4.000000000000000000e+00,0.000000000000000000e+00,6.661771274217404004e-01,0.000000000000000000e+00,2.075946498771479298e-01,6.661771274217404004e-01,0.000000000000000000e+00,2.077099062435502630e-01,0.000000000000000000e+00,0.000000000000000000e+00
3.229999999999999716e+01,1.600000000000000000e+01,6.193168853551685338e+00,3.999999999999999556e+00,0.000000000000000000e+00,6.703804944650022524e-01,0.000000000000000000e+00,2.124007395411844357e-01,6.703804944650022524e-01,0.000000000000000000e+00,2.125130264466999763e-01,0.000000000000000000e+00,0.000000000000000000e+00
3.232000000000000028e+01,1.600000000000000000e+01,6.206619252429640632e+00,3.999999999999999112e+00,0.000000000000000000e+00,6.746731570033875913e-01,0.000000000000000000e+00,2.165331077721219799e-01,6.746731570033875913e-01,0.000000000000000000e+00,2.166424252167756248e-01,0.000000000000000000e+00,0.000000000000000000e+00
3.234000000000000341e+01,1.600000000000000000e+01,6.220156286414194824e+00,3.999999999999999556e+00,0.000000000000000000e+00,6.790418187758885393e-01,0.000000000000000000e+00,2.200095713354350835e-01,6.790418187758885393e-01,0.000000000000000000e+00,2.201159193191475905e-01,0.000000000000000000e+00,0.000000000000000000e+00
3.235999999999999943e+01,1.600000000000000000e+01,6.233781345496884008e+00,4.000000000000000888e+00,0.000000000000000000e+00,6.834735398568048126e-01,0.000000000000000000e+00,2.228479469963708937e-01,6.834735398568048126e-01,0.000000000000000000e+00,2.229513255191858945e-01,0.000000000000000000e+00,0.000000000000000000e+00
3.238000000000000256e+01,1.600000000000000000e+01,6.247495564434070836e+00,4.000000000000001776e+00,0.000000000000000000e+00,6.879557366557431664e-01,0.000000000000000000e+00,2.250660515203364298e-01,6.879557366557431664e-01,0.000000000000000000e+00,2.251664605822609744e-01,0.000000000000000000e+00,0.000000000000000000e+00
3.239999999999999858e+01,1.600000000000000000e+01,6.261299829873680167e+00,4.000000000000000888e+00,0.000000000000000000e+00,6.924761819176181721e-01,0.000000000000000000e+00,2.266817016727067369e-01,6.924761819176181721e-01,0.000000000000000000e+00,2.267791412737432122e-01,0.000000000000000000e+00,0.000000000000000000e+00
3.242000000000000171e+01,1.600000000000000000e+01,6.275194787481877867e+00,4.000000000000000888e+00,0.000000000000000000e+00,6.970230047226513292e-01,0.000000000000000000e+00,2.277127142188639652e-01,6.970230047226513292e-01,0.000000000000000000e+00,2.278071843590026291e-01,0.000000000000000000e+00,0.000000000000000000e+00
3.243999999999999773e+01,1.600000000000000000e+01,6.289180849069790469e+00,4.000000000000000888e+00,0.000000000000000000e+00,7.015846904863725086e-01,0.000000000000000000e+00,2.281769059241689490e-01,7.015846904863725086e-01,0.000000000000000000e+00,2.282684066034097736e-01,0.000000000000000000e+00,0.000000000000000000e+00
3.246000000000000085e+01,1.600000000000000000e+01,6.303258199720209731e+00,4.000000000000000000e+00,0.000000000000000000e+00,7.061500809596178430e-01,0.000000000000000000e+00,2.280920935539825223e-01,7.061500809596178430e-01,0.000000000000000000e+00,2.281806247723347780e-01,0.000000000000000000e+00,0.000000000000000000e+00
3.247999999999999687e+01,1.600000000000000000e+01,6.317426804914292759e+00,4.000000000000000000e+00,0.000000000000000000e+00,7.107083742285316141e-01,0.000000000000000000e+00,2.274760938736939408e-01,7.107083742285316141e-01,0.000000000000000000e+00,2.275616556311480521e-01,0.000000000000000000e+00,0.000000000000000000e+00
3.250000000000000000e+01,1.600000000000000000e+01,6.331686417658278998e+00,4.000000000000000000e+00,0.000000000000000000e+00,7.152491247145652542e-01,0.000000000000000000e+00,2.263467236486214063e-01,7.152491247145652542e-01,0.000000000000000000e+00,2.264293159452198667e-01,0.000000000000000000e+00,0.000000000000000000e+00
3.252000000000000313e+01,1.600000000000000000e+01,6.346036585610183245e+00,3.999999999999999556e+00,0.000000000000000000e+00,7.197622431744779004e-01,0.000000000000000000e+00,2.247217996442607557e-01,7.197622431744779004e-01,0.000000000000000000e+00,2.248014224799204097e-01,0.000000000000000000e+00,0.000000000000000000e+00
3.253999999999999915e+01,1.600000000000000000e+01,6.360476658206511757e+00,4.000000000000000000e+00,0.000000000000000000e+00,7.242379967003355068e-01,0.000000000000000000e+00,2.226191386258520311e-01,7.242379967003355068e-01,0.000000000000000000e+00,2.226957920006200908e-01,0.000000000000000000e+00,0.000000000000000000e+00
3.256000000000000227e+01,1.600000000000000000e+01,6.375005793788965924e+00,4.000000000000000000e+00,0.000000000000000000e+00,7.286670087195118439e-01,0.000000000000000000e+00,2.200565573588200152e-01,7.286670087195118439e-01,0.000000000000000000e+00,2.201302412726891533e-01,0.000000000000000000e+00,0.000000000000000000e+00
3.257999999999999829e+01,1.600000000000000000e+01,6.389622966731145048e+00,3.999999999999998668e+00,0.000000000000000000e+00,7.330402589946880543e-01,0.000000000000000000e+00,2.170518726085219896e-01,7.330402589946880543e-01,0.000000000000000000e+00,2.171225870614979236e-01,0.000000000000000000e+00,0.000000000000000000e+00
3.260000000000000142e+01,1.600000000000000000e+01,6.404326974565259789e+00,3.999999999999999556e+00,0.000000000000000000e+00,7.373490836238525414e-01,0.000000000000000000e+00,2.136229011403294464e-01,7.373490836238525414e-01,0.000000000000000000e+00,2.136906461324166173e-01,0.000000000000000000e+00,0.000000000000000000e+00
3.261999999999999744e+01,1.600000000000000000e+01,6.419116445108829616e+00,3.999999999999999556e+00,0.000000000000000000e+00,7.415851750403011922e-01,0.000000000000000000e+00,2.097874597196245361e-01,7.415851750403011922e-01,0.000000000000000000e+00,2.098522352508155608e-01,0.000000000000000000e+00,0.000000000000000000e+00
3.264000000000000057e+01,1.600000000000000000e+01,6.433989843591392699e+00,3.999999999999998668e+00,0.000000000000000000e+00,7.457405820126373763e-01,0.000000000000000000e+00,2.055633651117680927e-01,7.457405820126373763e-01,0.000000000000000000e+00,2.056251711820650807e-01,0.000000000000000000e+00,0.000000000000000000e+00
3.265999999999999659e+01,1.600000000000000000e+01,6.448945479781213130e+00,3.999999999999999556e+00,0.000000000000000000e+00,7.498077096447718359e-01,0.000000000000000000e+00,2.009684340821351611e-01,7.498077096447718359e-01,0.000000000000000000e+00,2.010272706915354757e-01,0.000000000000000000e+00,0.000000000000000000e+00
3.267999999999999972e+01,1.600000000000000000e+01,6.463981515111990817e+00,3.999999999999999556e+00,0.000000000000000000e+00,7.537793193759225741e-01,0.000000000000000000e+00,1.960204833960617066e-01,7.537793193759225741e-01,0.000000000000000000e+00,1.960763505445969335e-01,0.000000000000000000e+00,0.000000000000000000e+00
3.270000000000000284e+01,1.600000000000000000e+01,6.479095969809555378e+00,3.999999999999998668e+00,0.000000000000000000e+00,7.576485289806155210e-01,0.000000000000000000e+00,1.907373298190222499e-01,7.576485289806155210e-01,0.000000000000000000e+00,1.907902275066198361e-01,0.000000000000000000e+00,0.000000000000000000e+00
3.271999999999999886e+01,1.600000000000000000e+01,6.494286730018586695e+00,4.000000000000000000e+00,0.000000000000000000e+00,7.614088125686833131e-01,0.000000000000000000e+00,1.851367901162674912e-01,7.614088125686833131e-01,0.000000000000000000e+00,1.851867183429745378e-01,0.000000000000000000e+00,0.000000000000000000e+00
3.274000000000000199e+01,1.600000000000000000e+01,6.509551554929308814e+00,4.000000000000000000e+00,0.000000000000000000e+00,7.650540005852659586e-01,0.000000000000000000e+00,1.792366810532115551e-01,7.650540005852659586e-01,0.000000000000000000e+00,1.792836398190311709e-01,0.000000000000000000e+00,0.000000000000000000e+00
3.275999999999999801e+01,1.600000000000000000e+01,6.524888083904206049e+00,4.000000000000000000e+00,0.000000000000000000e+00,7.685782798108116154e-01,0.000000000000000000e+00,1.730548193952365921e-01,7.685782798108116154e-01,0.000000000000000000e+00,1.730988087001600617e-01,0.000000000000000000e+00,0.000000000000000000e+00
3.278000000000000114e+01,1.600000000000000000e+01,6.540293843604720436e+00,3.999999999999999556e+00,0.000000000000000000e+00,7.719761933610752580e-01,0.000000000000000000e+00,1.666090219077069889e-01,7.719761933610752580e-01,0.000000000000000000e+00,1.666500417517315924e-01,0.000000000000000000e+00,0.000000000000000000e+00
3.279999999999999716e+01,1.600000000000000000e+01,6.555766255117968733e+00,4.000000000000000000e+00,0.000000000000000000e+00,7.752426406871197884e-01,0.000000000000000000e+00,1.599171053559835798e-01,7.752426406871197884e-01,0.000000000000000000e+00,1.599551557391160062e-01,0.000000000000000000e+00,0.000000000000000000e+00
3.282000000000000028e+01,1.600000000000000000e+01,6.571302641083433649e+00,4.000000000000000000e+00,0.000000000000000000e+00,7.783728775753144813e-01,0.000000000000000000e+00,1.529968865054200933e-01,7.783728775753144813e-01,0.000000000000000000e+00,1.530319674276835462e-01,0.000000000000000000e+00,0.000000000000000000e+00
3.284000000000000341e+01,1.600000000000000000e+01,6.586900232819688839e+00,4.000000000000000888e+00,0.000000000000000000e+00,7.813625161473375380e-01,0.000000000000000000e+00,1.458661821214661813e-01,7.813625161473375380e-01,0.000000000000000000e+00,1.458982935828047056e-01,0.000000000000000000e+00,0.000000000000000000e+00
3.285999999999999943e+01,1.600000000000000000e+01,6.602556177451081254e+00,4.000000000000000888e+00,0.000000000000000000e+00,7.842075248601729776e-01,0.000000000000000000e+00,1.385428089694009657e-01,7.842075248601729776e-01,0.000000000000000000e+00,1.385719509698494500e-01,0.000000000000000000e+00,0.000000000000000000e+00
3.288000000000000256e+01,1.600000000000000000e+01,6.618267545034464128e+00,4.000000000000000888e+00,0.000000000000000000e+00,7.869042285061134123e-01,0.000000000000000000e+00,1.310445838146385711e-01,7.869042285061134123e-01,0.000000000000000000e+00,1.310707563541882170e-01,0.000000000000000000e+00,0.000000000000000000e+00
3.289999999999999858e+01,1.600000000000000000e+01,6.634031335685879327e+00,4.000000000000001776e+00,0.000000000000000000e+00,7.894493082127584938e-01,0.000000000000000000e+00,1.233893234225327262e-01,7.894493082127584938e-01,0.000000000000000000e+00,1.234125265011914163e-01,0.000000000000000000e+00,0.000000000000000000e+00
3.292000000000000171e+01,1.600000000000000000e+01,6.649844486707278790e+00,4.000000000000000888e+00,0.000000000000000000e+00,7.918398014430145793e-01,0.000000000000000000e+00,1.155948445584620288e-01,7.918398014430145793e-01,0.000000000000000000e+00,1.156150781762291524e-01,0.000000000000000000e+00,0.000000000000000000e+00
3.293999999999999773e+01,1.600000000000000000e+01,6.665703879713227309e+00,4.000000000000000888e+00,0.000000000000000000e+00,7.940731019950968417e-01,0.000000000000000000e+00,1.076789639878050764e-01,7.940731019950968417e-01,0.000000000000000000e+00,1.076962281446718350e-01,0.000000000000000000e+00,0.000000000000000000e+00
3.296000000000000085e+01,1.600000000000000000e+01,6.681606347757598208e+00,4.000000000000000000e+00,0.000000000000000000e+00,7.961469600025266047e-01,0.000000000000000000e+00,9.965949847591204502e-02,7.961469600025266047e-01,0.000000000000000000e+00,9.967379317188979071e-02,0.000000000000000000e+00,0.000000000000000000e+00
3.297999999999999687e+01,1.600000000000000000e+01,6.697548682460300995e+00,4.000000000000000000e+00,0.000000000000000000e+00,7.980594819341333412e-01,0.000000000000000000e+00,9.155426478817219049e-02,7.980594819341333412e-01,0.000000000000000000e+00,9.156559002325315166e-02,0.000000000000000000e+00,0.000000000000000000e+00
3.300000000000000000e+01,1.600000000000000000e+01,6.713527641133967272e+00,4.000000000000000000e+00,0.000000000000000000e+00,7.998091305940534523e-01,0.000000000000000000e+00,8.338107968993213603e-02,7.998091305940534523e-01,0.000000000000000000e+00,8.338943546413235541e-02,0.000000000000000000e+00,0.000000000000000000e+00
3.302000000000000313e+01,1.600000000000000000e+01,6.729539953910663286e+00,3.999999999999999556e+00,0.000000000000000000e+00,8.013947251217311551e-01,0.000000000000000000e+00,7.515775994660600645e-02,8.013947251217311551e-01,0.000000000000000000e+00,7.516314625989764520e-02,0.000000000000000000e+00,0.000000000000000000e+00
3.303999999999999915e+01,1.600000000000000000e+01,6.745582330868599819e+00,4.000000000000000000e+00,0.000000000000000000e+00,8.028154409919177059e-01,0.000000000000000000e+00,6.690212232352621413e-02,8.028154409919177059e-01,0.000000000000000000e+00,6.690453917591929200e-02,0.000000000000000000e+00,0.000000000000000000e+00
3.306000000000000227e+01,1.600000000000000000e+01,6.761651469158837635e+00,3.999999999999999556e+00,0.000000000000000000e+00,8.040708100146721771e-01,0.000000000000000000e+00,5.863198358606780403e-02,8.040708100146721771e-01,0.000000000000000000e+00,5.863143097756760846e-02,0.000000000000000000e+00,0.000000000000000000e+00
3.307999999999999829e+01,1.600000000000000000e+01,6.777744060131988491e+00,3.999999999999999556e+00,0.000000000000000000e+00,8.051607203353603470e-01,0.000000000000000000e+00,5.036516049960937380e-02,8.051607203353603470e-01,0.000000000000000000e+00,5.036163843021283781e-02,0.000000000000000000e+00,0.000000000000000000e+00
3.310000000000000142e+01,1.600000000000000000e+01,6.793856796464924130e+00,4.000000000000000000e+00,0.000000000000000000e+00,8.060854164346564765e-01,0.000000000000000000e+00,4.211946982951531027e-02,8.060854164346564765e-01,0.000000000000000000e+00,4.211297829922536901e-02,0.000000000000000000e+00,0.000000000000000000e+00
3.311999999999999744e+01,1.600000000000000000e+01,6.809986379287486180e+00,4.000000000000000000e+00,0.000000000000000000e+00,8.068454991285409772e-01,0.000000000000000000e+00,3.391272834116065837e-02,8.068454991285409772e-01,0.000000000000000000e+00,3.390326734997546609e-02,0.000000000000000000e+00,0.000000000000000000e+00
3.314000000000000057e+01,1.600000000000000000e+01,6.826129525309185375e+00,4.000000000000000000e+00,0.000000000000000000e+00,8.074419255683028540e-01,0.000000000000000000e+00,2.576275279991335765e-02,8.074419255683028540e-01,0.000000000000000000e+00,2.575032234783330987e-02,0.000000000000000000e+00,0.000000000000000000e+00
3.315999999999999659e+01,1.600000000000000000e+01,6.842282973945915003e+00,3.999999999999999556e+00,0.000000000000000000e+00,8.078760092405374849e-01,0.000000000000000000e+00,1.768735997114134761e-02,8.078760092405374849e-01,0.000000000000000000e+00,1.767196005816934479e-02,0.000000000000000000e+00,0.000000000000000000e+00
3.317999999999999972e+01,1.600000000000000000e+01,6.858443494446651023e+00,4.000000000000000000e+00,0.000000000000000000e+00,8.081494199671485079e-01,0.000000000000000000e+00,9.704366620226778650e-03,8.081494199671485079e-01,0.000000000000000000e+00,9.685997246353814094e-03,0.000000000000000000e+00,0.000000000000000000e+00
3.320000000000000284e+01,1.600000000000000000e+01,6.874607893020161065e+00,4.000000000000000000e+00,0.000000000000000000e+00,8.082641839053466004e-01,0.000000000000000000e+00,1.831589512519826712e-03,8.082641839053466004e-01,0.000000000000000000e+00,1.810250677756876673e-03,0.000000000000000000e+00,0.000000000000000000e+00
3.321999999999999886e+01,1.600000000000000000e+01,6.890773019961707213e+00,4.000000000000000000e+00,0.000000000000000000e+00,8.082226835476493676e-01,0.000000000000000000e+00,-5.913154586593805107e-03,8.082226835476493676e-01,0.000000000000000000e+00,-5.937462882250961645e-03,0.000000000000000000e+00,0.000000000000000000e+00
3.324000000000000199e+01,1.600000000000000000e+01,6.906935776779759451e+00,4.000000000000000000e+00,0.000000000000000000e+00,8.080276577218827860e-01,0.000000000000000000e+00,-1.351204891174617728e-02,8.080276577218827860e-01,0.000000000000000000e+00,-1.353932666829963175e-02,0.000000000000000000e+00,0.000000000000000000e+00
3.325999999999999801e+01,1.600000000000000000e+01,6.923093123322696663e+00,4.000000000000000000e+00,0.000000000000000000e+00,8.076822015911795383e-01,0.000000000000000000e+00,-2.094727669756935029e-02,8.076822015911795383e-01,0.000000000000000000e+00,-2.097752391501863170e-02,0.000000000000000000e+00,0.000000000000000000e+00
3.328000000000000114e+01,1.600000000000000000e+01,6.939242084905511199e+00,4.000000000000000000e+00,0.000000000000000000e+00,8.071897666539800120e-01,0.000000000000000000e+00,-2.820102117869538461e-02,8.071897666539800120e-01,0.000000000000000000e+00,-2.823423785703780067e-02,0.000000000000000000e+00,0.000000000000000000e+00
3.329999999999999716e+01,1.600000000000000000e+01,6.955379759436518761e+00,4.000000000000000000e+00,0.000000000000000000e+00,8.065541607440318561e-01,0.000000000000000000e+00,-3.525546558974568256e-02,8.065541607440318561e-01,0.000000000000000000e+00,-3.529165172898678787e-02,0.000000000000000000e+00,0.000000000000000000e+00
3.332000000000000028e+01,1.600000000000000000e+01,6.971503324544062075e+00,3.999999999999999556e+00,0.000000000000000000e+00,8.057795480303902025e-01,0.000000000000000000e+00,-4.209279316534875193e-02,8.057795480303902025e-01,0.000000000000000000e+00,-4.213194876549535006e-02,0.000000000000000000e+00,0.000000000000000000e+00
3.334000000000000341e+01,1.600000000000000000e+01,6.987610044703219891e+00,4.000000000000000000e+00,0.000000000000000000e+00,8.048704490174175552e-01,0.000000000000000000e+00,-4.869518714016152217e-02,8.048704490174175552e-01,0.000000000000000000e+00,-4.873731220119317115e-02,0.000000000000000000e+00,0.000000000000000000e+00
3.335999999999999943e+01,1.600000000000000000e+01,7.003697278362507994e+00,4.000000000000000000e+00,0.000000000000000000e+00,8.038317405447836794e-01,0.000000000000000000e+00,-5.504483074878407933e-02,8.038317405447836794e-01,0.000000000000000000e+00,-5.508992527070994544e-02,0.000000000000000000e+00,0.000000000000000000e+00
3.338000000000000256e+01,1.600000000000000000e+01,7.019762485070594416e+00,4.000000000000000000e+00,0.000000000000000000e+00,8.026686557874661565e-01,0.000000000000000000e+00,-6.112390722585914205e-02,8.026686557874661565e-01,0.000000000000000000e+00,-6.117197120867540194e-02,0.000000000000000000e+00,0.000000000000000000e+00
3.339999999999999858e+01,1.600000000000000000e+01,7.035803232602992452e+00,3.999999999999999556e+00,0.000000000000000000e+00,8.013867842557493848e-01,0.000000000000000000e+00,-6.691459980600811264e-02,8.013867842557493848e-01,0.000000000000000000e+00,-6.696563324971926967e-02,0.000000000000000000e+00,0.000000000000000000e+00
3.342000000000000171e+01,1.600000000000000000e+01,7.051817204088780322e+00,4.000000000000000000e+00,0.000000000000000000e+00,7.999920717952259119e-01,0.000000000000000000e+00,-7.239909172385949887e-02,7.999920717952259119e-01,0.000000000000000000e+00,-7.245309462847113191e-02,0.000000000000000000e+00,0.000000000000000000e+00
3.343999999999999773e+01,1.600000000000000000e+01,7.067802205137296845e+00,4.000000000000000000e+00,0.000000000000000000e+00,7.984908205867951025e-01,0.000000000000000000e+00,-7.755956621405601936e-02,7.984908205867951025e-01,0.000000000000000000e+00,-7.761653857956089808e-02,0.000000000000000000e+00,0.000000000000000000e+00
3.346000000000000085e+01,1.600000000000000000e+01,7.083756170964853993e+00,4.000000000000000000e+00,0.000000000000000000e+00,7.968896891466636934e-01,0.000000000000000000e+00,-8.237820651121907645e-02,7.968896891466636934e-01,0.000000000000000000e+00,-8.243814833761813066e-02,0.000000000000000000e+00,0.000000000000000000e+00
3.347999999999999687e+01,1.600000000000000000e+01,7.099677173521443230e+00,4.000000000000000000e+00,0.000000000000000000e+00,7.951956923263463484e-01,0.000000000000000000e+00,-8.683719584997717789e-02,7.951956923263463484e-01,0.000000000000000000e+00,-8.690010713727261416e-02,0.000000000000000000e+00,0.000000000000000000e+00
3.350000000000000000e+01,1.600000000000000000e+01,7.115563428617433850e+00,4.000000000000000000e+00,0.000000000000000000e+00,7.934162013126645485e-01,0.000000000000000000e+00,-9.091871746495172601e-02,7.934162013126645485e-01,0.000000000000000000e+00,-9.098459821315400819e-02,0.000000000000000000e+00,0.000000000000000000e+00
3.352000000000000313e+01,1.600000000000000000e+01,7.131413303050289088e+00,4.000000000000000000e+00,0.000000000000000000e+00,7.915589436277477020e-01,0.000000000000000000e+00,-9.460495459081030845e-02,7.915589436277477020e-01,0.000000000000000000e+00,-9.467380479989204178e-02,0.000000000000000000e+00,0.000000000000000000e+00
3.353999999999999915e+01,1.600000000000000000e+01,7.147225321731266234e+00,4.000000000000000000e+00,0.000000000000000000e+00,7.896320031290322561e-01,0.000000000000000000e+00,-9.787809046213524766e-02,7.896320031290322561e-01,0.000000000000000000e+00,-9.794991013211644393e-02,0.000000000000000000e+00,0.000000000000000000e+00
3.356000000000000227e+01,1.600000000000000000e+01,7.162998174812124752e+00,4.000000000000000000e+00,0.000000000000000000e+00,7.876438200092623632e-01,0.000000000000000000e+00,-1.007203083135799204e-01,7.876438200092623632e-01,0.000000000000000000e+00,-1.007950974444569159e-01,0.000000000000000000e+00,0.000000000000000000e+00
3.357999999999999829e+01,1.600000000000000000e+01,7.178730724811830832e+00,4.000000000000000000e+00,0.000000000000000000e+00,7.856031907964891037e-01,0.000000000000000000e+00,-1.031137913797763872e-01,7.856031907964891037e-01,0.000000000000000000e+00,-1.031915499715431173e-01,0.000000000000000000e+00,0.000000000000000000e+00
3.360000000000000142e+01,1.600000000000000000e+01,7.194422013743267286e+00,4.000000000000000000e+00,0.000000000000000000e+00,7.835192683540714853e-01,0.000000000000000000e+00,-1.050407228953424976e-01,7.835192683540714853e-01,0.000000000000000000e+00,-1.051214509480047909e-01,0.000000000000000000e+00,0.000000000000000000e+00
3.361999999999999744e+01,1.600000000000000000e+01,7.210071270239934549e+00,3.999999999999999112e+00,0.000000000000000000e+00,7.814015618806755548e-01,0.000000000000000000e+00,-1.064832860949174176e-01,7.814015618806755548e-01,0.000000000000000000e+00,-1.065669836084716382e-01,0.000000000000000000e+00,0.000000000000000000e+00
3.364000000000000057e+01,1.600000000000000000e+01,7.225677916682662350e+00,4.000000000000000000e+00,0.000000000000000000e+00,7.792599369102749529e-01,0.000000000000000000e+00,-1.074236642131189967e-01,7.792599369102749529e-01,0.000000000000000000e+00,-1.075103311875734158e-01,0.000000000000000000e+00,0.000000000000000000e+00
3.365999999999999659e+01,1.600000000000000000e+01,7.241241576326308937e+00,4.000000000000000000e+00,0.000000000000000000e+00,7.771046153121508038e-01,0.000000000000000000e+00,-1.078440404845864009e-01,7.771046153121508038e-01,0.000000000000000000e+00,-1.079336769199397555e-01,0.000000000000000000e+00,0.000000000000000000e+00
3.367999999999999972e+01,1.600000000000000000e+01,7.256762080426475414e+00,4.000000000000000000e+00,0.000000000000000000e+00,7.749461752908914924e-01,0.000000000000000000e+00,-1.077265981439374798e-01,7.749461752908914924e-01,0.000000000000000000e+00,-1.078192040402004004e-01,0.000000000000000000e+00,0.000000000000000000e+00
3.370000000000000284e+01,1.600000000000000000e+01,7.272239475366204076e+00,4.000000000000000000e+00,0.000000000000000000e+00,7.727955513863926651e-01,0.000000000000000000e+00,-1.070535204258469264e-01,7.727955513863926651e-01,0.000000000000000000e+00,-1.071490957829850793e-01,0.000000000000000000e+00,0.000000000000000000e+00
3.371999999999999886e+01,1.600000000000000000e+01,7.287674029782690965e+00,4.000000000000000000e+00,0.000000000000000000e+00,7.706640344738577841e-01,0.000000000000000000e+00,-1.058069905648935105e-01,7.706640344738577841e-01,0.000000000000000000e+00,-1.059055353829235213e-01,0.000000000000000000e+00,0.000000000000000000e+00
3.374000000000000199e+01,1.600000000000000000e+01,7.303066241693989546e+00,4.000000000000000000e+00,0.000000000000000000e+00,7.685632717637971290e-01,0.000000000000000000e+00,-1.039691917957199507e-01,7.685632717637971290e-01,0.000000000000000000e+00,-1.040707060746453583e-01,0.000000000000000000e+00,0.000000000000000000e+00
3.375999999999999801e+01,1.600000000000000000e+01,7.318416845625712597e+00,4.000000000000000000e+00,0.000000000000000000e+00,7.665052668020291282e-01,0.000000000000000000e+00,-1.015223073529547548e-01,7.665052668020291282e-01,0.000000000000000000e+00,-1.016267910927803331e-01,0.000000000000000000e+00,0.000000000000000000e+00
3.378000000000000114e+01,1.600000000000000000e+01,7.333726819737747427e+00,4.000000000000000000e+00,0.000000000000000000e+00,7.645023794696790276e-01,0.000000000000000000e+00,-9.844852047124419414e-02,7.645023794696790276e-01,0.000000000000000000e+00,-9.855597367195820246e-02,0.000000000000000000e+00,0.000000000000000000e+00
3.379999999999999716e+01,1.600000000000000000e+01,7.348997392950953333e+00,4.000000000000000000e+00,0.000000000000000000e+00,7.625673259831795558e-01,0.000000000000000000e+00,-9.473001438519546014e-02,7.625673259831795558e-01,0.000000000000000000e+00,-9.484043704680859832e-02,0.000000000000000000e+00,0.000000000000000000e+00
3.382000000000000028e+01,1.600000000000000000e+01,7.364230052073873267e+00,4.000000000000000000e+00,0.000000000000000000e+00,7.607131788942713690e-01,0.000000000000000000e+00,-9.034897232943350787e-02,7.607131788942713690e-01,0.000000000000000000e+00,-9.046236445196127740e-02,0.000000000000000000e+00,0.000000000000000000e+00
3.384000000000000341e+01,1.600000000000000000e+01,7.379426548929436613e+00,4.000000000000000000e+00,0.000000000000000000e+00,7.589533670900016071e-01,0.000000000000000000e+00,-8.528757753864013580e-02,7.589533670900016071e-01,0.000000000000000000e+00,-8.540393912204591320e-02,0.000000000000000000e+00,0.000000000000000000e+00
3.385999999999999943e+01,1.600000000000000000e+01,7.394588907481668194e+00,4.000000000000000000e+00,0.000000000000000000e+00,7.573016757927257814e-01,0.000000000000000000e+00,-7.952801324739056099e-02,7.573016757927257814e-01,0.000000000000000000e+00,-7.964734429169226249e-02,0.000000000000000000e+00,0.000000000000000000e+00
3.388000000000000256e+01,1.600000000000000000e+01,7.409719430962390163e+00,4.000000000000000000e+00,0.000000000000000000e+00,7.557722465601059980e-01,0.000000000000000000e+00,-7.305246269033816020e-02,7.557722465601059980e-01,0.000000000000000000e+00,-7.317476319552999875e-02,0.000000000000000000e+00,0.000000000000000000e+00
3.389999999999999858e+01,1.600000000000000000e+01,7.424820708997937224e+00,4.000000000000000000e+00,0.000000000000000000e+00,7.543795772851124015e-01,0.000000000000000000e+00,-6.584310910210078305e-02,7.543795772851124015e-01,0.000000000000000000e+00,-6.596837906818882324e-02,0.000000000000000000e+00,0.000000000000000000e+00
3.392000000000000171e+01,1.600000000000000000e+01,7.439895624735849644e+00,4.000000000000000000e+00,0.000000000000000000e+00,7.531385221960220644e-01,0.000000000000000000e+00,-5.788213571731049001e-02,7.531385221960220644e-01,0.000000000000000000e+00,-5.801037514429857600e-02,0.000000000000000000e+00,0.000000000000000000e+00
3.393999999999999773e+01,1.600000000000000000e+01,7.454947361971589359e+00,4.000000000000000000e+00,0.000000000000000000e+00,7.520642918564199864e-01,0.000000000000000000e+00,-4.915172577061355241e-02,7.520642918564199864e-01,0.000000000000000000e+00,-4.928293465848876398e-02,0.000000000000000000e+00,0.000000000000000000e+00
3.396000000000000085e+01,1.600000000000000000e+01,7.469979412275242758e+00,4.000000000000000000e+00,0.000000000000000000e+00,7.511724531651977621e-01,0.000000000000000000e+00,-3.963406249661360903e-02,7.511724531651977621e-01,0.000000000000000000e+00,-3.976824084538917170e-02,0.000000000000000000e+00,0.000000000000000000e+00
3.397999999999999687e+01,1.600000000000000000e+01,7.484995582118227908e+00,4.000000000000000000e+00,0.000000000000000000e+00,7.504789293565554686e-01,0.000000000000000000e+00,-2.931132912996048390e-02,7.504789293565554686e-01,0.000000000000000000e+00,-2.944847693962953164e-02,0.000000000000000000e+00,0.000000000000000000e+00
3.400000000000000000e+01,1.700000000000000000e+01,7.500000000000000000e+00,4.000000000000000000e+00,0.000000000000000000e+00,7.499999999999995559e-01,0.000000000000000000e+00,-1.493167877604406613e-02,7.499999999999995559e-01,0.000000000000000000e+00,-1.830582617584397553e-02,0.000000000000000000e+00,0.000000000000000000e+00
3.402000000000000313e+01,1.700000000000000000e+01,7.514997999725534505e+00,4.000001355922408131e+00,2.696824194181088969e-04,7.498816622055136660e-01,9.144771952429679718e-03,5.930842132201519235e-03,7.498816349365893252e-01,2.022298984895395013e-04,6.193456252808672395e-03,1.999177572785981391e-02,3.554918125219411890e-02
3.403999999999999915e+01,1.700000000000000000e+01,7.529998422228340260e+00,4.000010662790721483e+00,1.053691102804280542e-03,7.502372336852872747e-01,1.763092889179431952e-02,2.883680580703895657e-02,7.502368172042771510e-01,7.905181518458993892e-04,2.905458180626341314e-02,3.861061986544565838e-02,6.854326909628796760e-02
3.406000000000000227e+01,1.700000000000000000e+01,7.545010413093614865e+00,4.000035369099470550e+00,2.313732955659173092e-03,7.510351344377953486e-01,2.542913733771384743e-02,5.019077979579833482e-02,7.510331241578971362e-01,1.737693190989417647e-03,5.031159971831892369e-02,5.588523868533927519e-02,9.887121450071857665e-02
3.407999999999999829e+01,1.700000000000000000e+01,7.560042476263495459e+00,4.000082385653058736e+00,4.010882363938234919e-03,7.522448648771189461e-01,3.252163276508888284e-02,7.004361634231770495e-02,7.522388141369593662e-01,3.017157572292067380e-03,6.999855922277388454e-02,7.184433846012240610e-02,1.264649297997125221e-01
3.410000000000000142e+01,1.700000000000000000e+01,7.575102487656759642e+00,4.000158097048272410e+00,6.105984871511310232e-03,7.538368790914881101e-01,3.890116709132882683e-02,8.844014992856941149e-02,7.538228264656494648e-01,4.602887977577456435e-03,8.814950955342695793e-02,8.651662546237677553e-02,1.512956347234882815e-01
3.411999999999999744e+01,1.700000000000000000e+01,7.590197708788513964e+00,4.000268373156785628e+00,8.560021528652230621e-03,7.557824708742615361e-01,4.456984991723785677e-02,1.054198528584215921e-01,7.557547814528295937e-01,6.469435214120824312e-03,1.047984999440768339e-01,9.993080596468410792e-02,1.733698178117160649e-01
3.414000000000000057e+01,1.700000000000000000e+01,7.605334800389890404e+00,4.000418580607679075e+00,1.133443249152911621e-02,7.580536732058249516e-01,4.953793714839659079e-02,1.210175141175326985e-01,7.580049803920376750e-01,8.591924214649051053e-03,1.199795796285221816e-01,1.121155862396261693e-01,1.927249722696388057e-01
3.415999999999999659e+01,1.700000000000000000e+01,7.620519836027738414e+00,4.000613594269937678e+00,1.439139944901029686e-02,7.606231714389626308e-01,5.382261197949327752e-02,1.352639216950493051e-01,7.605444055614879462e-01,1.094605403734065160e-02,1.337267978405617397e-01,1.230996725597847119e-01,2.094252466747575370e-01
3.417999999999999972e+01,1.700000000000000000e+01,7.635758315724310741e+00,4.000857808734963328e+00,1.769408731100606189e-02,7.634642300736269593e-01,5.744679438031274205e-02,1.481865315800661165e-01,7.633447202240697393e-01,1.350809786582576194e-02,1.460742038139940802e-01,1.329117711977414462e-01,2.235571310193575911e-01
3.420000000000000284e+01,1.700000000000000000e+01,7.651055179576974119e+00,4.001155149799086708e+00,2.120684631485142066e-02,7.665506327021661681e-01,6.043800679053375202e-02,1.598101097219633004e-01,7.663782686273490352e-01,1.625490300918617376e-02,1.570558467826179694e-01,1.415805884260780967e-01,2.352252782632726913e-01
3.421999999999999886e+01,1.700000000000000000e+01,7.666414821377892430e+00,4.001509085946076461e+00,2.489537629791383280e-02,7.698566344625051849e-01,6.282731610023087332e-02,1.701573362429975589e-01,7.696180760035676860e-01,1.916389090195529804e-02,1.667057759802320072e-01,1.491348305173763877e-01,2.445485415933640883e-01
3.424000000000000199e+01,1.700000000000000000e+01,7.681841102233718743e+00,4.001922639829643913e+00,2.872685535241123814e-02,7.733569261518860039e-01,6.464836536813900469e-02,1.792493640151420209e-01,7.730378485696434154e-01,2.221305710411818068e-02,1.750580406406348766e-01,1.556032037442181271e-01,2.516562885210149592e-01
3.425999999999999801e+01,1.700000000000000000e+01,7.697337364185290021e+00,4.002398399755956682e+00,3.267003543048212916e-02,7.770266090231107148e-01,6.593650317514314352e-02,1.871063262844714359e-01,7.766119735271702629e-01,2.538097130111152330e-02,1.821466899976253995e-01,1.610144143791849836e-01,2.566850352494944310e-01
3.428000000000000114e+01,1.700000000000000000e+01,7.712906443827327152e+00,4.002938531166142511e+00,3.669530771316750067e-02,7.808411792032647902e-01,6.672801399608559170e-02,1.937477903056787909e-01,7.803155190624176951e-01,2.864677730382363466e-02,1.880057732850020646e-01,1.653971686948587094e-01,2.597754287455064093e-01
3.429999999999999716e+01,1.700000000000000000e+01,7.728550685928114561e+00,4.003544788118804654e+00,4.077474070640771386e-02,7.847765206353376488e-01,6.705944941186089969e-02,1.991931559027868559e-01,7.841242343463312725e-01,3.199019304859444801e-02,1.926693397365636384e-01,1.687801729638210291e-01,2.610695898812021021e-01
3.432000000000000028e+01,1.700000000000000000e+01,7.744271957049210897e+00,4.004218524772528376e+00,4.488209409141225015e-02,7.888089054393760957e-01,6.696705726093106492e-02,2.034619994981099467e-01,7.880145495345335371e-01,3.539151059721559744e-02,1.961714385861087762e-01,1.711921334586537224e-01,2.607088190014487661e-01
3.434000000000000341e+01,1.700000000000000000e+01,7.760071659165130420e+00,4.004960706868384790e+00,4.899281134727093839e-02,7.929150006152633212e-01,6.648630382195373778e-02,2.065743654549123676e-01,7.919635757673211263e-01,3.883159613693029644e-02,1.985461190674362164e-01,1.726617564519385417e-01,2.588316553520528807e-01
3.435999999999999943e+01,1.700000000000000000e+01,7.775950743283041255e+00,4.005771923212448904e+00,5.308399409205486613e-02,7.970718800575724572e-01,6.565148270884692272e-02,2.085510075770109495e-01,7.959491051696685471e-01,4.229188998043337949e-02,1.998274304143446423e-01,1.732177482162572113e-01,2.555722739341497740e-01
3.438000000000000256e+01,1.700000000000000000e+01,7.791909723062450333e+00,4.006652397158299017e+00,5.713436096638580680e-02,8.012570409183437103e-01,6.449540323910073203e-02,2.094135843332161073e-01,7.999496108512242909e-01,4.575440656587134725e-02,2.000494218606326258e-01,1.728888150241914001e-01,2.510591974178701391e-01
3.439999999999999858e+01,1.700000000000000000e+01,7.807948688434917628e+00,4.007601998089537432e+00,6.112419372159812875e-02,8.054484234309008395e-01,6.304915051193393793e-02,2.091848118486403507e-01,8.039442469063150520e-01,4.920173445684238034e-02,1.992461426400989055e-01,1.717036631483229159e-01,2.454142965927827158e-01
3.442000000000000171e+01,1.700000000000000000e+01,7.824067319223722450e+00,4.008620252902286296e+00,6.503527298357374142e-02,8.096244333922891778e-01,6.134190922515628253e-02,2.078885789735025469e-01,8.079128484139413979e-01,5.261703634239612432e-02,1.974516419865421091e-01,1.696909988612334275e-01,2.387520502551378765e-01
3.443999999999999773e+01,1.700000000000000000e+01,7.840264898763585677e+00,4.009706357487709205e+00,6.885080595260045788e-02,8.137639665898407371e-01,5.940084330093783893e-02,2.055500288295135647e-01,8.118359314377815439e-01,5.598404903703408514e-02,1.946999691337608918e-01,1.668795284355046871e-01,2.311790342123453967e-01
3.446000000000000085e+01,1.700000000000000000e+01,7.856540327520334266e+00,4.010859188214511484e+00,7.255534807765694205e-02,8.178464345454694584e-01,5.725102362445826099e-02,2.021956111836580305e-01,8.156946930261887996e-01,5.928708348070926837e-02,1.910251733155541032e-01,1.632979581437184469e-01,2.227936089948891474e-01
3.447999999999999687e+01,1.700000000000000000e+01,7.872892136710619049e+00,4.012077313411450241e+00,7.613472051769457072e-02,8.218517910371868629e-01,5.491539657790247414e-02,1.978531098387250609e-01,8.194710112121927903e-01,6.251102473882633181e-02,1.864613037657203154e-01,1.589749942584565701e-01,2.136857766794648672e-01
3.450000000000000000e+01,1.700000000000000000e+01,7.889318501921593452e+00,4.013359004849848866e+00,7.957592497891258221e-02,8.257605589390183409e-01,5.241478653530011467e-02,1.925516489881751170e-01,8.231474450134990128e-01,6.564133200224156472e-02,1.810424097180581837e-01,1.539393430523006145e-01,2.039371787313812301e-01
3.452000000000000313e+01,1.700000000000000000e+01,7.905817256730612641e+00,4.014702249226100861e+00,8.286705730069637843e-02,8.295538569967150222e-01,4.976792603737095061e-02,1.863216821862501149e-01,8.267072344324882804e-01,6.866403858726292941e-02,1.748025404063663635e-01,1.482197107978323325e-01,1.936212087749670518e-01
3.453999999999999915e+01,1.700000000000000000e+01,7.922385906324928229e+00,4.016104759644178124e+00,8.599722095767681207e-02,8.332134262264682123e-01,4.699150796140449948e-02,1.791949672508614810e-01,8.301343004562184991e-01,7.156575193564998494e-02,1.677757450644435377e-01,1.418448037676335594e-01,1.828032165271027409e-01
3.456000000000000227e+01,1.700000000000000000e+01,7.939021641121375872e+00,4.017563987098147216e+00,8.895644145411592263e-02,8.367216556867492772e-01,4.410025461565232618e-02,1.712045300699891470e-01,8.334132450564231132e-01,7.433365361461395648e-02,1.599960729260885839e-01,1.348433282342860196e-01,1.715407816359143800e-01
3.457999999999999829e+01,1.700000000000000000e+01,7.955721350386071755e+00,4.019077131954666982e+00,9.173558241145667036e-02,8.400616074292677204e-01,4.110699930146405334e-02,1.623846199284528780e-01,8.365293511895111056e-01,7.695549931681763822e-02,1.514975732250999629e-01,1.272439904703714375e-01,1.598840387350710934e-01
3.460000000000000142e+01,1.700000000000000000e+01,7.972481635854116178e+00,4.020641155435511038e+00,9.432626399153010155e-02,8.432170404838872368e-01,3.802277648413923683e-02,1.527706586291479596e-01,8.394685827965679970e-01,7.941961886037554597e-02,1.423142951952763025e-01,1.190754967484714266e-01,1.478760375601903265e-01
3.461999999999999744e+01,1.700000000000000000e+01,7.989298825349270494e+00,4.022252791100065394e+00,9.672078415705996635e-02,8.461724337744335189e-01,3.485691728347584811e-02,1.423991853543640218e-01,8.422175848033551793e-01,8.171491618885379227e-02,1.324802880704164798e-01,1.103665533411678501e-01,1.355531244069864971e-01
3.464000000000000057e+01,1.700000000000000000e+01,8.006168986403654486e+00,4.023908556327841168e+00,9.891204314767969297e-02,8.489130078980614558e-01,3.161714752878834467e-02,1.313077989059081574e-01,8.447636831203098051e-01,8.383086937127012805e-02,1.220296010843190254e-01,1.011458665210424046e-01,1.229453334910605572e-01
3.465999999999999659e+01,1.700000000000000000e+01,8.023087939877454389e+00,4.025604763800988195e+00,1.008934714431931612e-01,8.514247457306698408e-01,2.830968611514987285e-02,1.195350986806325011e-01,8.470948846425450096e-01,8.575753060209391487e-02,1.109962834707828028e-01,9.144214256067693947e-02,1.100767788644993611e-01
3.467999999999999972e+01,1.700000000000000000e+01,8.040051273578594504e+00,4.027337532986797974e+00,1.026589613954808494e-01,8.536944118452866048e-01,2.493934184466801290e-02,1.071206254815493253e-01,8.491998772498503545e-01,8.748552620124612489e-02,9.941438446360618963e-02,8.128408773265299869e-02,9.696603943732749753e-02
3.470000000000000284e+01,1.700000000000000000e+01,8.057054355882447894e+00,4.029102801620211949e+00,1.042028026352697506e-01,8.557095707499324799e-01,2.150960733773677955e-02,9.410480303645485378e-02,8.510680298066902738e-01,8.900605661409952130e-02,8.731795329658816052e-02,7.070040830955250100e-02,8.362653133683202455e-02
3.471999999999999886e+01,1.700000000000000000e+01,8.074092349351523978e+00,4.030896337186343104e+00,1.055196212988157023e-01,8.574586039667447812e-01,1.802274895513964609e-02,8.052888089134313532e-02,8.526893921622069605e-01,9.031089641147829750e-02,7.474103920352735686e-02,5.971981056395714998e-02,7.006686331853113903e-02
3.474000000000000199e+01,1.700000000000000000e+01,8.091160224355158803e+00,4.032713748402961151e+00,1.066043230712032802e-01,8.589307259855861743e-01,1.447989198471185540e-02,6.643487916922552472e-02,8.540546951502168138e-01,9.139239428965839629e-02,6.171769141822214255e-02,4.837100076844853130e-02,5.629117222963835043e-02
3.475999999999999801e+01,1.700000000000000000e+01,8.108252772689210630e+00,4.034550496703029232e+00,1.074520400062347197e-01,8.601159991335138866e-01,1.088110061912443347e-02,5.186553552761452579e-02,8.551553505892127705e-01,9.224347307036735721e-02,4.828195917447147822e-02,3.668268519560843877e-02,4.229943663460498243e-02
3.478000000000000114e+01,1.700000000000000000e+01,8.125364621195757309e+00,4.036401907717189985e+00,1.080580810566134503e-01,8.610053474066905466e-01,7.225452488107099273e-03,3.686425451346053705e-02,8.559834512823644159e-01,9.285762970078439982e-02,3.446789170607392205e-02,2.468357011801865231e-02,2.808776766126266228e-02
3.479999999999999716e+01,1.700000000000000000e+01,8.142490245382788316e+00,4.038263182756292480e+00,1.084178862312164537e-01,8.615905693140524235e-01,3.511107713437548912e-03,2.147505939765181893e-02,8.565317710175169852e-01,9.322893525354034039e-02,2.030953824682833753e-02,1.240236180826102472e-02,1.364867693557684884e-02
3.482000000000000028e+01,1.700000000000000000e+01,8.159623983043893247e+00,4.040129410293885392e+00,1.085269842877038260e-01,8.618643497825964062e-01,-2.646273670662887406e-04,5.742546468987086428e-03,8.567937645671906965e-01,9.335203492671759196e-02,5.840948030533074653e-03,-1.322334610829845026e-04,-1.028677835737088018e-03
3.484000000000000341e+01,1.700000000000000000e+01,8.176760047877957405e+00,4.041995577448737720e+00,1.083809538676318296e-01,8.618202711728120136e-01,-4.105241504751507876e-03,-1.028815832015439469e-02,8.567635676885833051e-01,9.322214804385033082e-02,-8.903829709012588481e-03,-1.289150941743120136e-02,-1.595826848122847141e-02
3.485999999999999943e+01,1.700000000000000000e+01,8.193892543108866278e+00,4.043856581467342615e+00,1.079753879868417810e-01,8.614528234497904613e-01,-8.014964434784605310e-03,-2.657144054224502838e-02,8.564359971235674385e-01,9.283506805392421901e-02,-2.389074573801068524e-02,-2.584675978820237530e-02,-3.115699150778576329e-02
3.488000000000000256e+01,1.700000000000000000e+01,8.211015475105174488e+00,4.045707241206427440e+00,1.073058618055274110e-01,8.607574135511221192e-01,-1.199871679554278918e-02,-4.306123657159233176e-02,8.558065505986917065e-01,9.218716253137662631e-02,-3.908575082266228795e-02,-3.896927830081459848e-02,-4.664448063729019489e-02
3.489999999999999858e+01,1.700000000000000000e+01,8.228122766999826254e+00,4.047542308615463824e+00,1.063679036194953992e-01,8.597303739869268657e-01,-1.606206339163096172e-02,-5.971107126787700281e-02,8.548714068251818121e-01,9.127537317609658862e-02,-5.445479572916855221e-02,-5.223035868268597476e-02,-6.244293417865812157e-02
3.492000000000000171e+01,1.700000000000000000e+01,8.245208272309831443e+00,4.049356480219171495e+00,1.051569690362979537e-01,8.583689707004069636e-01,-2.021116900737961880e-02,-7.647409444286168423e-02,8.536274254989382193e-01,9.009721581342465535e-02,-6.996383122373088514e-02,-6.560129466123496011e-02,-7.857695427164818058e-02
3.493999999999999773e+01,1.700000000000000000e+01,8.262265788555971824e+00,4.051144408600038993e+00,1.036684183268033604e-01,8.566714102092126693e-01,-2.445275586612113972e-02,-9.330311654323253379e-02,8.520721473005374857e-01,8.865078039415323630e-02,-8.557880807255070776e-02,-7.905337996387973298e-02,-9.507339463597096196e-02
3.496000000000000085e+01,1.700000000000000000e+01,8.279289070882477120e+00,4.052900713880817740e+00,1.018974969741521935e-01,8.546368460386776222e-01,-2.879406171589509594e-02,-1.101506440396278208e-01,8.502037938952329288e-01,8.693473099452606045e-02,-1.012656770418291774e-01,-9.255790831803846486e-02,-1.119612130434646108e-01
3.497999999999999687e+01,1.700000000000000000e+01,8.296271845676736589e+00,4.054619995207044525e+00,9.983931947778106053e-02,8.522653844476276719e-01,-3.324279740131508287e-02,-1.269689150679447209e-01,8.480212679329530712e-01,8.494830581623874499e-02,-1.169903888977677636e-01,-1.060861734511296117e-01,-1.292713242880637603e-01
3.500000000000000000e+01,1.700000000000000000e+01,8.313207824188982187e+00,4.056296842229540900e+00,9.748885651019094378e-02,8.495580894359598956e-01,-3.780710265141574988e-02,-1.437099359300866297e-01,8.455241530483030843e-01,8.269131718643851769e-02,-1.327188944065677001e-01,-1.196094690905713520e-01,-1.470364489449571266e-01
3.502000000000000313e+01,1.700000000000000000e+01,8.330090716151984154e+00,4.057925846586925900e+00,9.484092556838719101e-02,8.465169870104234384e-01,-4.249549867220482613e-02,-1.603255191244592481e-01,8.427127138605633450e-01,8.016415155772409207e-02,-1.484171443344303454e-01,-1.330990889637819197e-01,-1.652909526750571956e-01
3.503999999999999915e+01,1.700000000000000000e+01,8.346914243400748390e+00,4.059501613388126984e+00,9.189018531041359683e-02,8.431450686709818232e-01,-4.731683597884884379e-02,-1.767673236449986973e-01,8.395878959736907676e-01,7.736776950814601428e-02,-1.640510894475570580e-01,-1.465263267981796458e-01,-1.840706702336478151e-01
3.506000000000000227e+01,1.700000000000000000e+01,8.363672153492197836e+00,4.061018772694885648e+00,8.863113382016732378e-02,8.394462940646234550e-01,-5.228023573524782225e-02,-1.929868983633298285e-01,8.361513259763178052e-01,7.430370574120621907e-02,-1.795866805121490439e-01,-1.598624763211826116e-01,-2.034127076748083185e-01
3.507999999999999829e+01,1.700000000000000000e+01,8.380358233324889383e+00,4.062471991004269256e+00,8.505811110071649639e-02,8.354255927364488965e-01,-5.739502268857404887e-02,-2.089357293878535415e-01,8.324053114417535593e-01,7.097406908585851548e-02,-1.949898682944077588e-01,-1.730788312602093981e-01,-2.233552155003762640e-01
3.510000000000000142e+01,1.700000000000000000e+01,8.396966322758677492e+00,4.063855982731177541e+00,8.116530615758442424e-02,8.310888648891093800e-01,-6.267064759488057135e-02,-2.245652923833389991e-01,8.283528409279825588e-01,6.738154249650823990e-02,-2.102266035605344918e-01,-1.861466853426779477e-01,-2.439371246815222327e-01
3.511999999999999744e+01,1.700000000000000000e+01,8.413490328234434656e+00,4.065165521690851769e+00,7.694676909878406246e-02,8.264429810411155763e-01,-6.811659683252561936e-02,-2.398271109277381186e-01,8.239975839776652045e-01,6.352938305301232547e-02,-2.252628370767303934e-01,-1.990373322960066749e-01,-2.651978365844043228e-01
3.514000000000000057e+01,1.700000000000000000e+01,8.429924236393725678e+00,4.066395452581388348e+00,7.239642874749499524e-02,8.214957804520000018e-01,-7.374228669841223494e-02,-2.546728220850766888e-01,8.193438911181382123e-01,5.942142196067944082e-02,-2.400645196091971134e-01,-2.117220658476139106e-01,-2.871768568662961263e-01
3.515999999999999659e+01,1.700000000000000000e+01,8.446262127698513922e+00,4.067540702466241775e+00,6.750811633570623360e-02,8.162560681577127886e-01,-7.955693968600255350e-02,-2.690542504784012579e-01,8.143967938614140589e-01,5.506206455026985136e-02,-2.545976019241357191e-01,-2.241721797249177361e-01,-3.099133623896592193e-01
3.517999999999999972e+01,1.700000000000000000e+01,8.462498190050849800e+00,4.068596292256736469e+00,6.227559592217849632e-02,8.107336104328641824e-01,-8.556943986493519005e-02,-2.829234922565930788e-01,8.091620047041815367e-01,5.045629027799533595e-02,-2.688280347877474163e-01,-2.363589676553363994e-01,-3.334456891525600097e-01
3.520000000000000284e+01,1.700000000000000000e+01,8.478626732412559264e+00,4.069557348194576818e+00,5.669260225465063557e-02,8.049391284674473068e-01,-9.178816433474025482e-02,-2.962330104586357038e-01,8.036459171278051983e-01,4.560965272551949223e-02,-2.827217689662340216e-01,-2.482537233662885368e-01,-3.578107281898624814e-01
3.521999999999999886e+01,1.700000000000000000e+01,8.494642198424944723e+00,4.070419113334352801e+00,5.075288687285490347e-02,7.988842900145191050e-01,-9.822078762870552204e-02,-3.089357433835964173e-01,7.978556055983250239e-01,4.052827959995745216e-02,-2.962447552257963523e-01,-2.598277405851919242e-01,-3.830432154102959563e-01
3.524000000000000199e+01,1.700000000000000000e+01,8.510539180028478867e+00,4.071176959026054476e+00,4.445027332363919031e-02,7.925816987321037121e-01,-1.048740559221403162e-01,-3.209852276746758548e-01,7.917988255664580866e-01,3.521887273387599993e-02,-3.093629443326361139e-01,-2.710523130394653091e-01,-4.091749004666891953e-01
3.525999999999999801e+01,1.700000000000000000e+01,8.526312431082493148e+00,4.071826396397574932e+00,3.777872242971503508e-02,7.860448809075325505e-01,-1.117535279807508192e-01,-3.323357379026390390e-01,7.854840134675964425e-01,2.968870808529355809e-02,-3.220422870529542902e-01,-2.818987344565265230e-01,-4.362335790980650385e-01
3.528000000000000114e+01,1.700000000000000000e+01,8.541956880984873379e+00,4.072363087837223006e+00,3.073240861594039516e-02,7.792882692159983637e-01,-1.188632800030060138e-01,-3.429424444926496562e-01,7.789202867218086856e-01,2.394563573768021883e-02,-3.342487341529524203e-01,-2.923382985637940634e-01,-4.642419730446975534e-01
3.529999999999999716e+01,1.700000000000000000e+01,8.557467648291755324e+00,4.072782858476231560e+00,2.330580834744406041e-02,7.723271831278267774e-01,-1.262055719028434553e-01,-3.527615918556747943e-01,7.721174437338391705e-01,1.799807989995761900e-02,-3.459482363988317100e-01,-3.023422990886860395e-01,-4.932164417597669215e-01
3.532000000000000028e+01,1.700000000000000000e+01,8.572840054337211413e+00,4.073081707671265761e+00,1.549380176720282533e-02,7.651778055417715052e-01,-1.337804731862703989e-01,-3.617506985540437370e-01,7.650859638931082340e-01,1.185503890649914141e-02,-3.571067445567936982e-01,-3.118820297586210044e-01,-5.231655108927932840e-01
3.534000000000000341e+01,1.700000000000000000e+01,8.588069636852956990e+00,4.073255820486935797e+00,7.291788630763723807e-03,7.578571551856627675e-01,-1.415854474382898798e-01,-3.698687812311192147e-01,7.578370075737121958e-01,5.526085217129709203e-03,-3.676902093930394244e-01,-3.209287843010167895e-01,-5.540882041003281078e-01
3.535999999999999943e+01,1.700000000000000000e+01,8.603152163588029921e+00,4.073301579178297160e+00,-1.304180384538625821e-03,7.503830542925270519e-01,-1.496148955930692581e-01,-3.770766038455661828e-01,7.503824161344232468e-01,-9.786345828740536379e-04,-3.776645816737702610e-01,-3.294538564432920036e-01,-5.859721673781136397e-01
3.538000000000000256e+01,1.700000000000000000e+01,8.618083645928495073e+00,4.073215574673370476e+00,-1.029725597757367474e-02,7.427740910318403333e-01,-1.578596596403635810e-01,-3.833369534554016411e-01,7.427347119186900049e-01,-7.648399782783974095e-03,-3.869958121651877470e-01,-3.374285399128648111e-01,-6.187915790611759892e-01
3.539999999999999858e+01,1.700000000000000000e+01,8.632860352517125690e+00,4.072994618055643556e+00,-1.968962521735396001e-02,7.350495761543114348e-01,-1.663064902407037082e-01,-3.886149433571013390e-01,7.349070982546366260e-01,-1.447191554642013496e-02,-3.956498516334929771e-01,-3.448241284371534321e-01,-6.525048441761268636e-01
3.542000000000000171e+01,1.700000000000000000e+01,8.647478822873113202e+00,4.072635752046583235e+00,-2.948232848676072063e-02,7.272294932975567061e-01,-1.749374838745903493e-01,-3.928783437879594942e-01,7.269134594550631379e-01,-2.143731291215091386e-02,-4.035926508448872685e-01,-3.516119157435760867e-01,-6.870520792270290444e-01
3.543999999999999773e+01,1.700000000000000000e+01,8.661935881011745053e+00,4.072136262488141867e+00,-3.967505786360700504e-02,7.193344424027934281e-01,-1.837294976003868707e-01,-3.960979396032229261e-01,7.187683608174457728e-01,-2.853214879289344558e-02,-4.107901605655721600e-01,-3.577631955595512170e-01,-7.223524030059410572e-01
3.546000000000000085e+01,1.700000000000000000e+01,8.676228649064107401e+00,4.071493689825267381e+00,-5.026593673941932849e-02,7.113855757134280866e-01,-1.926535521663843564e-01,-3.982479133214233968e-01,7.104870486239368566e-01,-3.574340597611280756e-02,-4.172083315617487465e-01,-3.632492616124968765e-01,-7.583010608433267130e-01
3.547999999999999687e+01,1.700000000000000000e+01,8.690354560896778935e+00,4.070705840588416891e+00,-6.125128087801873233e-02,7.034045258699368475e-01,-2.016742369933058887e-01,-3.993062506622315766e-01,7.020854501413646975e-01,-4.305749312382257943e-02,-4.228131145996185669e-01,-3.680414076298315629e-01,-7.947664239606923031e-01
3.550000000000000000e+01,1.700000000000000000e+01,8.704311375731517586e+00,4.069770798876056972e+00,-7.262534161454127501e-02,6.954133256869391433e-01,-2.107491332433204523e-01,-3.992551641605466273e-01,6.935801736212330315e-01,-5.046024477258478913e-02,-4.275704604453827717e-01,-3.721109273389733296e-01,-8.315869222233757130e-01
3.552000000000000313e+01,1.700000000000000000e+01,8.718097191764956122e+00,4.068686937837181716e+00,-8.438003249604603129e-02,6.874343193035125088e-01,-2.198282736014403882e-01,-3.980815286163554845e-01,6.849885082997220209e-01,-5.793692133350969442e-02,-4.314463198652426779e-01,-3.754291144673405078e-01,-8.685679873777896187e-01
3.553999999999999915e+01,1.700000000000000000e+01,8.731710459788304846e+00,4.067452931153814788e+00,-9.650464136798370118e-02,6.794900645422853325e-01,-2.288536592576628781e-01,-3.957773200311081041e-01,6.763284243976879218e-01,-6.547220909225605345e-02,-4.344066436253997132e-01,-3.779672627423513731e-01,-9.054791042907097687e-01
3.556000000000000227e+01,1.700000000000000000e+01,8.745149996807034753e+00,4.066067764523522143e+00,-1.089855307112036903e-01,6.716032265022686687e-01,-2.377588556172464396e-01,-3.923400473156597457e-01,6.676185731206627505e-01,-7.305022020903086111e-02,-4.364173824920553058e-01,-3.796966658914242565e-01,-9.420510889560920198e-01
3.557999999999999829e+01,1.700000000000000000e+01,8.758414999660569578e+00,4.064530747141918532e+00,-1.218058299188133908e-01,6.637964626496593024e-01,-2.464686882176112814e-01,-3.877731634628354129e-01,6.588782866588543952e-01,-8.065449271858954328e-02,-4.374444872314104393e-01,-3.805886176419772671e-01,-9.779737328866967561e-01
3.560000000000000142e+01,1.700000000000000000e+01,8.771505058641992036e+00,4.062841523185181103e+00,-1.349451241486585296e-01,6.560922999637556208e-01,-2.548990589812474283e-01,-3.820864401498731411e-01,6.501275781871469484e-01,-8.826799053023595687e-02,-4.374539086096667639e-01,-3.806144117214288469e-01,-1.012893972348875682e+00
3.561999999999999744e+01,1.700000000000000000e+01,8.784420171117723442e+00,4.061000083292552354e+00,-1.483791453624218604e-01,6.485130050436646032e-01,-2.629569001723058852e-01,-3.752962869651561562e-01,6.413871418651002632e-01,-9.587310342782218164e-02,-4.364115973930252634e-01,-3.797453418571969941e-01,-1.046414755726551071e+00
3.564000000000000057e+01,1.700000000000000000e+01,8.797160755147224620e+00,4.059006776048855514e+00,-1.620794721219256385e-01,6.410804484851497786e-01,-2.705402792865687633e-01,-3.674259937903965323e-01,6.326783528369505083e-01,-1.034516470697487422e-01,-4.342835043476875323e-01,-3.779527017767002617e-01,-1.078094790797684555e+00
3.565999999999999659e+01,1.700000000000000000e+01,8.809727663102689732e+00,4.056862319466997491e+00,-1.760132456016448299e-01,6.338159652920489773e-01,-2.775386628175029458e-01,-3.585058724891005966e-01,6.240232672316093909e-01,-1.109848629889645527e-01,-4.310355802398547764e-01,-3.752077852073567588e-01,-1.107449353390591806e+00
3.567999999999999972e+01,1.700000000000000000e+01,8.822122195288736535e+00,4.054567812470481591e+00,-1.901429100285966789e-01,6.267402135855861811e-01,-2.838333408494819743e-01,-3.485732721620955488e-01,6.154446221626650448e-01,-1.184534185929667638e-01,-4.266337758357284793e-01,-3.714818858765847609e-01,-1.133952327342526489e+00
3.570000000000000284e+01,1.700000000000000000e+01,8.834346113562098424e+00,4.052124746375915798e+00,-2.044259863051398896e-01,6.198730344055629615e-01,-2.892980083961060322e-01,-3.376724410610005833e-01,6.069658357283809202e-01,-1.258374071638011238e-01,-4.210440419015098468e-01,-3.667462975118025437e-01,-1.157039620877535091e+00
3.571999999999999886e+01,1.700000000000000000e+01,8.846401654951325355e+00,4.049535016375522822e+00,-2.188148878337837222e-01,6.132333159431463399e-01,-2.937994941800944892e-01,-3.258542080295647736e-01,5.986110070116972270e-01,-1.331163478580616177e-01,-4.142323292034001403e-01,-3.609723138404284937e-01,-1.176114065192560121e+00
3.574000000000000199e+01,1.700000000000000000e+01,8.858291545276470558e+00,4.046800933019646607e+00,-2.332567874781736050e-01,6.068388660843807569e-01,-2.971986241251075578e-01,-3.131754572968183936e-01,5.904049160802294915e-01,-1.402691857068904535e-01,-4.061645885076008433e-01,-3.541312285898806089e-01,-1.190551847114161621e+00
3.575999999999999801e+01,1.700000000000000000e+01,8.870019012768787903e+00,4.043925233699262378e+00,-2.476935441068113808e-01,6.007062976512737018e-01,-2.993512062267945639e-01,-2.996983727373478956e-01,5.823730239862697777e-01,-1.472742916159784643e-01,-3.968067705803129952e-01,-3.461943354875773315e-01,-1.199710460661831402e+00
3.578000000000000114e+01,1.700000000000000000e+01,8.881587801690422168e+00,4.040911094128487591e+00,-2.620616962444062836e-01,5.948509311748871875e-01,-3.001091266591781603e-01,-2.854894314677309808e-01,5.745414727667855770e-01,-1.541094623655646645e-01,-3.861248261877381904e-01,-3.371329282609369371e-01,-1.202938085587281103e+00
3.579999999999999716e+01,1.700000000000000000e+01,8.893002185954102856e+00,4.037762139827087537e+00,-2.762925290004874523e-01,5.892867203925645780e-01,-2.993215547538036758e-01,-2.706181318692433280e-01,5.669370854434206963e-01,-1.607519206104364717e-01,-3.740847060960776904e-01,-3.269183006373776457e-01,-1.199584219767804161e+00
3.582000000000000028e+01,1.700000000000000000e+01,8.904266982742845116e+00,4.034482457602988958e+00,-2.903122186961129558e-01,5.840262059001177786e-01,-2.968362673884814562e-01,-2.551554477265778331e-01,5.595873660224950363e-01,-1.671783148799297902e-01,-3.606523610715326456e-01,-3.155217463443176218e-01,-1.189011313815045989e+00
3.584000000000000341e+01,1.700000000000000000e+01,8.915387566129629349e+00,4.031076607034783876e+00,-3.040420575518289481e-01,5.790805024834998482e-01,-2.925011214849232988e-01,-2.391720079376717933e-01,5.525204994950040360e-01,-1.733647195779286498e-01,-3.457937418803045393e-01,-3.029145591091752521e-01,-1.170607088808244267e+00
3.585999999999999943e+01,1.700000000000000000e+01,8.926369880697109238e+00,4.027549631954242315e+00,-3.173987585634288067e-01,5.744593255826110356e-01,-2.861657263876307145e-01,-2.227360098519923781e-01,5.457653518366194501e-01,-1.792866349828656780e-01,-3.294747992885948551e-01,-2.890680326593688121e-01,-1.143797170537396601e+00
3.588000000000000256e+01,1.700000000000000000e+01,8.937220455157293131e+00,4.023907071928819690e+00,-3.302948384473156640e-01,5.701710620894204773e-01,-2.776833948741391223e-01,-2.059108833291656282e-01,5.393514700076886825e-01,-1.849189872477217667e-01,-3.116614840626045768e-01,-2.739534607223164664e-01,-1.108057654301928041e+00
3.589999999999999858e+01,1.700000000000000000e+01,8.947946415971250289e+00,4.020154973744166860e+00,-3.426390744856863124e-01,5.662228902494444993e-01,-2.669134805382498699e-01,-1.887527316097923347e-01,5.333090819532357862e-01,-1.902361284000261832e-01,-2.923197469685351879e-01,-2.575421370254366016e-01,-1.062927229573966015e+00
3.592000000000000171e+01,1.700000000000000000e+01,8.958555500968788721e+00,4.016299902886638407e+00,-3.543370294593699565e-01,5.626209528250291081e-01,-2.537242371748712477e-01,-1.713075836249338124e-01,5.276690966029599084e-01,-1.952118363418564595e-01,-2.714155387725882829e-01,-2.398053552961476043e-01,-1.008018547090923533e+00
3.593999999999999773e+01,1.700000000000000000e+01,8.969056072968161430e+00,4.012348955025801800e+00,-3.652916378335862579e-01,5.593705869044471868e-01,-2.379963577695868304e-01,-1.536085000710709636e-01,5.224631038712367337e-01,-1.998193148498387806e-01,-2.489148102409646512e-01,-2.207144092618673337e-01,-9.430286015768201136e-01
3.596000000000000085e+01,1.700000000000000000e+01,8.979457133395758461e+00,4.008309767496945675e+00,-3.754038461416813743e-01,5.564766128221865227e-01,-2.196273597333871508e-01,-1.356725822328375131e-01,5.177233746571178186e-01,-2.040311935751473460e-01,-2.247835121398658598e-01,-2.002405926500142319e-01,-8.677480261179646437e-01
3.597999999999999687e+01,1.700000000000000000e+01,8.989768335905791830e+00,4.004190530783591662e+00,-3.845733012255636019e-01,5.539436836151336863e-01,-1.985369694639042004e-01,-1.174979381387757371e-01,5.134828608443305908e-01,-2.078195280435049808e-01,-1.989875952354933086e-01,-1.783551991880066578e-01,-7.820693394049116343e-01
3.600000000000000000e+01,1.800000000000000000e+01,9.000000000000000000e+00,4.000000000000000000e+00,-3.926990816987239175e-01,5.517766952966357552e-01,-1.746736109148150640e-01,-1.112862457054930587e-01,5.097751953012785719e-01,-2.111557996551827188e-01,-1.714930102940481760e-01,-1.550295226032627482e-01,-6.859943405700337227e-01
3.602000000000000313e+01,1.800000000000000000e+01,9.010159104797857310e+00,3.995746382384816719e+00,-4.003924135964324060e-01,5.494922337869132534e-01,-1.809999824367450605e-01,-1.286739428036902666e-01,5.060318544973845256e-01,-2.141809450583071206e-01,-2.025226364025900228e-01,-1.475244205669141717e-01,-7.113811940603707029e-01
3.603999999999999915e+01,1.800000000000000000e+01,9.020237263597966404e+00,3.991433747181429403e+00,-4.083382624651654691e-01,5.466297375844885176e-01,-1.877788463060232338e-01,-1.565984934403541473e-01,5.016869012069526956e-01,-2.170583404733668620e-01,-2.316605582444605238e-01,-1.402539178567072664e-01,-7.386492125603961734e-01
3.606000000000000227e+01,1.800000000000000000e+01,9.030222819971724491e+00,3.987065002712109951e+00,-4.165463674075082778e-01,5.432282940492990653e-01,-1.950217121026698031e-01,-1.825869462232230234e-01,4.967777915575189440e-01,-2.197926415304796433e-01,-2.589445715994109776e-01,-1.332143788321331623e-01,-7.678614781946099255e-01
3.607999999999999829e+01,1.800000000000000000e+01,9.040104859053935016e+00,3.982642964913655881e+00,-4.250264704841298369e-01,5.393262597355599208e-01,-2.027402290492424930e-01,-2.066759474440260647e-01,4.913412257610240141e-01,-2.223884311469530306e-01,-2.844124722471926825e-01,-1.264021678526829895e-01,-7.990843809042684764e-01
3.610000000000000142e+01,1.800000000000000000e+01,9.049873192424474411e+00,3.978170358791647043e+00,-4.337882830153788616e-01,5.349612561515380005e-01,-2.109457649427232684e-01,-2.289023794941460466e-01,4.854131481138139748e-01,-2.248502195272844284e-01,-3.081020559675570203e-01,-1.198136492778478918e-01,-8.323862965619768239e-01
3.611999999999999744e+01,1.800000000000000000e+01,9.059518342989997919e+00,3.973649819874701894e+00,-4.428414424119817561e-01,5.301701645557944653e-01,-2.196489496252220508e-01,-2.493034123612858366e-01,4.790287469966394984e-01,-2.271824441631609404e-01,-3.300511185402550396e-01,-1.134451874671190130e-01,-8.678361343515679227e-01
3.614000000000000057e+01,1.800000000000000000e+01,9.069031529865624108e+00,3.969083895668732875e+00,-4.521954589164823846e-01,5.249891196570866114e-01,-2.288591753365332437e-01,-2.679165620339638565e-01,4.722224548746565276e-01,-2.293894698334597582e-01,-3.502974557450383997e-01,-1.072931467799875249e-01,-9.055017102398007500e-01
3.615999999999999659e+01,1.800000000000000000e+01,9.078404653256603396e+00,3.964475047111204020e+00,-4.618596515477437769e-01,5.194535020744363019e-01,-2.385840481452702333e-01,-2.847797563319431902e-01,4.650279482974259415e-01,-2.314755886042477728e-01,-3.688788633616584267e-01,-1.013538915759445852e-01,-9.454479052660442751e-01
3.617999999999999972e+01,1.800000000000000000e+01,9.087630279340030981e+00,3.959825650025381005e+00,-4.718430724778320262e-01,5.135979294038089948e-01,-2.488287868062528940e-01,-2.999314086371356325e-01,4.574781478989130568e-01,-2.334450198287815470e-01,-3.858331371698661139e-01,-9.562378621448126836e-02,-9.877345692307459846e-01
3.620000000000000284e+01,1.800000000000000000e+01,9.096701625146520698e+00,3.955137996574598969e+00,-4.821544190367329508e-01,5.074562457289489847e-01,-2.595955679721010934e-01,-3.134104999232878441e-01,4.496052183974889038e-01,-2.353019101475075092e-01,-4.011980729494128983e-01,-9.009919505508877380e-02,-1.032414132685066210e+00
3.621999999999999886e+01,1.800000000000000000e+01,9.105612543441909068e+00,3.950414296716509899e+00,-4.928019325400604944e-01,5.010615094068778808e-01,-2.708828197972910634e-01,-3.252566693676168796e-01,4.414405685959292835e-01,-2.370503334880620927e-01,-4.150114664800501618e-01,-8.477648245725824538e-02,-1.079528893430895753e+00
3.624000000000000199e+01,1.800000000000000000e+01,9.114357507608918496e+00,3.945656679657340238e+00,-5.037932831740576933e-01,4.944459789542445249e-01,-2.826844696710357763e-01,-3.355103136691734989e-01,4.330148513814147115e-01,-2.386942910652715133e-01,-4.273111135415290640e-01,-7.965201278048081313e-02,-1.129107948573465636e+00
3.625999999999999801e+01,1.800000000000000000e+01,9.122931596528868425e+00,3.940867195306149373e+00,-5.151354402579310099e-01,4.876410968601112561e-01,-2.949891560996812379e-01,-3.442126949788804069e-01,4.243579637255308068e-01,-2.402377113811516030e-01,-4.381348099136011531e-01,-7.472215038424762090e-02,-1.181163750097071974e+00
3.628000000000000114e+01,1.800000000000000000e+01,9.131330479463349192e+00,3.936047815729082799e+00,-5.268345273440321330e-01,4.806774711550895751e-01,-3.077794195492190021e-01,-3.514060570691892593e-01,4.154990466842683472e-01,-2.416844502249082816e-01,-4.475203513760175889e-01,-6.998325962804984035e-02,-1.235688271548759154e+00
3.629999999999999716e+01,1.800000000000000000e+01,9.139550400935918972e+00,3.931200436603631942e+00,-5.388956618204421289e-01,4.735848545773440055e-01,-3.210308921742059396e-01,-3.571337490167021400e-01,4.064664853980227144e-01,-2.430382906729370851e-01,-4.555055337085296419e-01,-6.543170487137861535e-02,-1.292648786307670550e+00
3.632000000000000028e+01,1.800000000000000000e+01,9.147588165613784739e+00,3.926326878672887322e+00,-5.513227789571601978e-01,4.663921211944218048e-01,-3.347115115054426493e-01,-3.614403552392602137e-01,3.972879090915947820e-01,-2.443029430888235543e-01,-4.621281526908887494e-01,-6.106385047372506897e-02,-1.351983274646936906e+00
3.634000000000000341e+01,1.800000000000000000e+01,9.155441123189493879e+00,3.921428889199796597e+00,-5.641184406949231178e-01,4.591272403677713609e-01,-3.487807879273112643e-01,-3.643718302117946450e-01,3.879901910741898607e-01,-2.454820451233428735e-01,-4.674260041028462931e-01,-5.687606079458037978e-02,-1.413595497829577496e+00
3.635999999999999943e+01,1.800000000000000000e+01,9.163107153262622262e+00,3.916508143421419952e+00,-5.772836299219503697e-01,4.518172479859502988e-01,-3.631891596152700963e-01,-3.659756355795469318e-01,3.785994487394187535e-01,-2.465791617144602044e-01,-4.714368837241533772e-01,-5.286470019343568472e-02,-1.477349803125143746e+00
3.638000000000000256e+01,1.800000000000000000e+01,9.170584650221458745e+00,3.911566246003182812e+00,-5.908175315235418834e-01,4.444882149445898434e-01,-3.778774709113352781e-01,-3.663008767034394708e-01,3.691410435652964783e-01,-2.475977850873302688e-01,-4.741985873345613833e-01,-4.902613302978209298e-02,-1.543065753936989415e+00
3.639999999999999858e+01,1.800000000000000000e+01,9.177872508124702122e+00,3.906604732493140997e+00,-6.047173021236570412e-01,4.371652129178130730e-01,-3.927766102536646708e-01,-3.653984349077550320e-01,3.596395811142438781e-01,-2.485413347542980156e-01,-4.757489107138216378e-01,-4.535672366311079701e-02,-1.610512713866923962e+00
3.642000000000000171e+01,1.800000000000000000e+01,9.184970105583140310e+00,3.901625070776227666e+00,-6.189778311624932750e-01,4.298722775482799463e-01,-4.078073411714761010e-01,-3.633210908889985546e-01,3.501189110330862886e-01,-2.494131575148978153e-01,-4.761256496416854112e-01,-4.185283645291291293e-02,-1.679404551696148218e+00
3.643999999999999773e+01,1.800000000000000000e+01,9.191877290641347287e+00,3.896628662528517140e+00,-6.335914967590198232e-01,4.226323692822534506e-01,-4.228803541037892688e-01,-3.601236339032674039e-01,3.406021270530540934e-01,-2.502165274558542651e-01,-4.753665998979040297e-01,-3.851083575867961240e-02,-1.749394674491348445e+00
3.646000000000000085e+01,1.800000000000000000e+01,9.198594365659355176e+00,3.891616844671472730e+00,-6.485479206734953150e-01,4.154673321921495965e-01,-4.378965577790313590e-01,-3.558629505264203630e-01,3.311115669897827241e-01,-2.509546459510814120e-01,-4.735095572622287641e-01,-3.532708593990202539e-02,-1.820071636192669873e+00
3.647999999999999687e+01,1.800000000000000000e+01,9.205122072194363625e+00,3.886590890826212341e+00,-6.638337275836476703e-01,4.083978512611969314e-01,-4.527476168643896348e-01,-3.505980860272597255e-01,3.216688127433125488e-01,-2.516306416616833075e-01,-4.705923175144111625e-01,-3.229795135607129580e-02,-1.890955606159854474e+00
3.650000000000000000e+01,1.800000000000000000e+01,9.211461575882410102e+00,3.881552012767755855e+00,-6.794323147802135976e-01,4.014434087510594940e-01,-4.673167282627124219e-01,-3.443902707768078386e-01,3.122946902980888173e-01,-2.522475705359538689e-01,-4.666526764342022737e-01,-2.941979636667858139e-02,-1.961496012523155308e+00
3.652000000000000313e+01,1.800000000000000000e+01,9.217614451320066848e+00,3.876501361879288066e+00,-6.953236392229685814e-01,3.946222404301224507e-01,-4.814796129397909130e-01,-3.373029037141463959e-01,3.030092697229619381e-01,-2.528084158093766298e-01,-4.617284298013534793e-01,-2.668898533121502950e-02,-2.031070694426503565e+00
3.653999999999999915e+01,1.800000000000000000e+01,9.223582666946130715e+00,3.871440030606410065e+00,-7.114840296172275647e-01,3.879512926024938912e-01,-4.951056849935451254e-01,-3.294014847838422355e-01,2.938318651711873120e-01,-2.533160880046252394e-01,-4.558573733956161611e-01,-2.410188260917177014e-02,-2.098986900572699543e+00
3.656000000000000227e+01,1.800000000000000000e+01,9.229368569923302346e+00,3.866369053911400400e+00,-7.278860317052092688e-01,3.814461810387690943e-01,-5.080593464996616682e-01,-3.207534885462095531e-01,2.847810348804248881e-01,-2.537734249315629631e-01,-4.490773029967415897e-01,-2.165485256003996800e-02,-2.164484454092827193e+00
3.657999999999999829e+01,1.800000000000000000e+01,9.234974871019879572e+00,3.861289410727463789e+00,-7.444982952446571600e-01,3.751211530606456956e-01,-5.202013471168530634e-01,-3.114281719084761590e-01,2.758745811727401076e-01,-2.541831916872427932e-01,-4.414260143844810913e-01,-1.934425954331075309e-02,-2.226741361432430732e+00
3.660000000000000142e+01,1.800000000000000000e+01,9.240404629491454358e+00,3.856202025412997614e+00,-7.612855110978457018e-01,3.689890541624303855e-01,-5.235999999999999543e-01,-3.014963102133112471e-01,2.671295504546031818e-01,-2.545480806559079490e-01,-4.329413033385857146e-01,-1.716646791847529704e-02,-2.284882072691740262e+00
3.661999999999999744e+01,1.800000000000000000e+01,9.245661237962584877e+00,3.851107769205838860e+00,-7.782084064146259639e-01,3.630613006521135055e-01,-5.235999999999999543e-01,-2.910298577784562468e-01,2.585622332168892590e-01,-2.548707115089910435e-01,-4.236609656388073408e-01,-1.511784204502472292e-02,-2.337988501693751164e+00
3.664000000000000057e+01,1.800000000000000000e+01,9.250748407308483579e+00,3.846007461677525718e+00,-7.952238050164335270e-01,3.573478598512924709e-01,-5.235999999999999543e-01,-2.801015314158092906e-01,2.501881640348784797e-01,-2.551536312051147504e-01,-4.136227970648967966e-01,-1.319474628245018849e-02,-2.385113787713107669e+00
3.665999999999999659e+01,1.800000000000000000e+01,9.255670151536728341e+00,3.840901872187550303e+00,-8.122847587509590683e-01,3.518572393954812472e-01,-5.235999999999999543e-01,-2.687843184226359483e-01,2.420221215682558658e-01,-2.553993139900915255e-01,-4.028645933966056303e-01,-1.139354499024282028e-02,-2.425298632262797849e+00
3.667999999999999972e+01,1.800000000000000000e+01,9.260430772668925670e+00,3.835791721337618476e+00,-8.293407537978232380e-01,3.465964871143873416e-01,-5.235999999999999543e-01,-2.571509139306300540e-01,2.340781285611117646e-01,-2.556101613969235520e-01,-3.914241504136849459e-01,-9.710602527893803793e-03,-2.457589882051859576e+00
3.670000000000000284e+01,1.800000000000000000e+01,9.265034845622405868e+00,3.830677682425901232e+00,-8.463379937093944427e-01,3.415712028382544285e-01,-5.235999999999999543e-01,-2.452730961661764297e-01,2.263694518419409885e-01,-2.557885022458029067e-01,-3.793392638958863472e-01,-8.142283254894246494e-03,-2.481060864864128579e+00
3.671999999999999886e+01,1.800000000000000000e+01,9.269487203091927086e+00,3.825560382901299405e+00,-8.632197584526553058e-01,3.367855632677404509e-01,-5.235999999999999543e-01,-2.332210519061614917e-01,2.189086023236438971e-01,-2.559365926441116157e-01,-3.666477296229611049e-01,-6.684951530735320883e-03,-2.494832832765050412e+00
3.674000000000000199e+01,1.800000000000000000e+01,9.273792920431324305e+00,3.820440405817686180e+00,-8.799268360003622558e-01,3.322423607620082486e-01,-5.235999999999999543e-01,-2.210626679689191576e-01,2.117073350035252044e-01,-2.560566159864212654e-01,-3.533873433746601567e-01,-5.334971714908159565e-03,-2.498096741918598429e+00
3.675999999999999801e+01,1.800000000000000000e+01,9.277957300535245366e+00,3.815318291288179342e+00,-8.963980202564384436e-01,3.279430565489837579e-01,-5.235999999999999543e-01,-2.088628076835110647e-01,2.047766489632949494e-01,-2.561506829544934472e-01,-3.395959009307349952e-01,-4.088708166903912491e-03,-2.490134514914388753e+00
3.678000000000000114e+01,1.800000000000000000e+01,9.281985858720810612e+00,3.810194537939382897e+00,-9.125706664655072187e-01,3.238878484546681147e-01,-5.235999999999999543e-01,-1.966825936842493405e-01,1.981267873690681913e-01,-2.562208315172794793e-01,-3.253111980709370021e-01,-2.942525246213733084e-03,-2.470338901736093273e+00
3.679999999999999716e+01,1.800000000000000000e+01,9.285884307609302724e+00,3.805069604365656666e+00,-9.283812929284338544e-01,3.200757528016138775e-01,-5.235999999999999543e-01,-1.845787198465647094e-01,1.917672374713649541e-01,-2.562690269309206847e-01,-3.105710305750177258e-01,-1.892787312328742455e-03,-2.438231086672828507e+00
3.682000000000000028e+01,1.800000000000000000e+01,9.289658542007856568e+00,3.799943910583360562e+00,-9.437662159909915305e-01,3.165046996608057439e-01,-5.235999999999999543e-01,-1.726028155533869679e-01,1.857067306051100042e-01,-2.562971617387479473e-01,-2.954131942227279373e-01,-9.358587247401303462e-04,-2.393475281925848464e+00
3.684000000000000341e+01,1.800000000000000000e+01,9.293314623791159690e+00,3.794817839485117972e+00,-9.586622040275250001e-01,3.131716401794772953e-01,-5.235999999999999543e-01,-1.608008846755808463e-01,1.799532421896333223e-01,-2.563070557712822106e-01,-2.798754847938197954e-01,-6.810384293899887013e-05,-2.335889699052317692e+00
3.685999999999999943e+01,1.800000000000000000e+01,9.296858766783120842e+00,3.789691738294068912e+00,-9.730071355967393476e-01,3.100726642737825500e-01,-5.235999999999999543e-01,-1.492128396751972730e-01,1.745139917286697429e-01,-2.563004561462340902e-01,-2.639956980680435161e-01,7.141129735834760277e-04,-2.265453484945390894e+00
3.688000000000000256e+01,1.800000000000000000e+01,9.300297321638572257e+00,3.784565920018128082e+00,-9.867406471376082289e-01,3.072031265924696219e-01,-5.115527761355453951e-01,-1.378721482116436192e-01,1.693954428103590648e-01,-2.562790372685040396e-01,-2.478116298251510918e-01,1.414427365336153259e-03,-2.182309432795986659e+00
3.689999999999999858e+01,1.800000000000000000e+01,9.303636760724950605e+00,3.779440664904241132e+00,-9.998047564746481708e-01,3.045577783453168319e-01,-4.926676609738624979e-01,-1.268056057386077740e-01,1.646033031072461350e-01,-2.562444008301824061e-01,-2.313610758448937932e-01,2.036474972827901925e-03,-2.086762510259787096e+00
3.692000000000000171e+01,1.800000000000000000e+01,9.306883663003992169e+00,3.774316221892637824e+00,-1.012144449930426626e+00,3.021309023629255019e-01,-4.709553635080404033e-01,-1.160332430944803761e-01,1.601425243762807371e-01,-2.561980758105492639e-01,-2.146818319070227521e-01,2.583891436567557331e-03,-1.979274466045662706e+00
3.693999999999999773e+01,1.800000000000000000e+01,9.310044698913406691e+00,3.769192810071093191e+00,-1.023708222867359519e+00,2.999164486215376568e-01,-4.463831717851445280e-01,-1.055683733069994190e-01,1.560173024588175639e-01,-2.561415184760746366e-01,-1.978116937912894335e-01,3.060312397063984051e-03,-1.860454963451579680e+00
3.696000000000000085e+01,1.800000000000000000e+01,9.313126615248584983e+00,3.764070620129176703e+00,-1.034448565834395373e+00,2.979081674306456873e-01,-4.189490245749868946e-01,-9.541777706199905396e-02,1.522310772806164947e-01,-2.560761123804182748e-01,-1.807884572774451359e-01,3.469373494826029532e-03,-1.731049830251729205e+00
3.697999999999999687e+01,1.800000000000000000e+01,9.316136220044274552e+00,3.758949815812518747e+00,-1.044322390993837057e+00,2.960997375390577169e-01,-3.886890182611713040e-01,-8.558202180747365162e-02,1.487865328518422070e-01,-2.560031683644297118e-01,-1.636499181452409635e-01,3.814710370362538183e-03,-1.591927099714901539e+00
3.700000000000000000e+01,1.800000000000000000e+01,9.319080367456267666e+00,3.753830535377056687e+00,-1.053291395967250077e+00,2.944848865583468700e-01,-3.556853236002739393e-01,-7.605590550490948232e-02,1.456855972670642596e-01,-2.559239245561484855e-01,-1.464338721744284921e-01,4.099958664182390411e-03,-1.444061544671187081e+00
3.702000000000000313e+01,1.800000000000000000e+01,9.321965942643091196e+00,3.748712893043295136e+00,-1.061322364502873317e+00,2.930575013188608802e-01,-3.200738370127561572e-01,-6.682901276196950846e-02,1.429294427052574534e-01,-2.558395463708038053e-01,-1.291781151447588816e-01,4.328754016794419783e-03,-1.288518378793471753e+00
3.703999999999999915e+01,1.800000000000000000e+01,9.324799846647700008e+00,3.743596980450563105e+00,-1.068387405296980619e+00,2.918117260478680919e-01,-2.820506459327756232e-01,-5.788636856600870573e-02,1.405184854298012209e-01,-2.557511265108147192e-01,-1.119204428359835135e-01,4.504732068707485021e-03,-1.126436725067865074e+00
3.706000000000000227e+01,1.800000000000000000e+01,9.327588981279159697e+00,3.738482868111271173e+00,-1.074464131804693245e+00,2.907420465762206585e-01,-2.418762050379001660e-01,-4.920917310023220637e-02,1.384523857884804310e-01,-2.556596849657901127e-01,-9.469865102785374189e-02,4.631528460430434438e-03,-9.590133428387291881e-01
3.707999999999999829e+01,1.800000000000000000e+01,9.330340233994329324e+00,3.733370606865161534e+00,-1.079535786902096728e+00,2.898433591238587792e-01,-1.998760778954383477e-01,-4.077560010790559630e-02,1.367300482134844730e-01,-2.555661690125287100e-01,-7.755053550012064312e-02,4.712778832472120684e-03,-7.874869757691556060e-01
3.710000000000000142e+01,1.800000000000000000e+01,9.333060462779565469e+00,3.728260229333573150e+00,-1.083591316804329852e+00,2.891110225719045190e-01,-1.564372721353664286e-01,-3.256164088008350888e-02,1.353496212214079231e-01,-2.554714532150190731e-01,-6.051389203253591115e-02,4.752118825341416358e-03,-6.131235477421035363e-01
3.711999999999999744e+01,1.800000000000000000e+01,9.335756481032394305e+00,3.723151751373689589e+00,-1.086625398735715731e+00,2.885408934886554144e-01,-1.119996266178407557e-01,-2.454197605173824570e-02,1.343084974132503773e-01,-2.553763394244394913e-01,-4.362651640485052523e-02,4.753184079547152427e-03,-4.372023051839216690e-01
3.714000000000000057e+01,1.800000000000000000e+01,9.338435042443204992e+00,3.718045173532801506e+00,-1.088638426551936433e+00,2.881293435298350469e-01,-6.704236876505162424e-02,-1.669085786778357061e-02,1.336033134744162298e-01,-2.552815567791582030e-01,-2.692620439681583239e-02,4.719610235598186744e-03,-2.610028934024954395e-01
3.715999999999999659e+01,1.800000000000000000e+01,9.341102825876946625e+00,3.712940482502559369e+00,-1.089636457918419898e+00,2.878732591739440183e-01,-2.206673612249922950e-02,-8.982986302400242096e-03,1.332299501747150339e-01,-2.551877617047331737e-01,-1.045075178818344851e-02,4.655032934003382368e-03,-8.579326939541558061e-02
3.717999999999999972e+01,1.800000000000000000e+01,9.343766420254798533e+00,3.707837652573230169e+00,-1.089631125856061367e+00,2.877700240777391061e-01,2.242373336620726021e-02,-1.394363281406185706e-03,1.331835323683612238e-01,-2.550955379139122625e-01,5.762045641295525725e-03,4.563087815271593684e-03,8.718170075035085176e-02
3.720000000000000284e+01,1.800000000000000000e+01,9.346432309435876107e+00,3.702736647087954580e+00,-1.088639516583989941e+00,2.878174846426877487e-01,6.594318774001534100e-02,6.096889798303806174e-03,1.334584289939741708e-01,-2.550053964066332224e-01,2.167439211187000697e-02,4.447410519911654259e-03,2.567111332640391597e-01
3.721999999999999886e+01,1.800000000000000000e+01,9.349106857098904655e+00,3.697637419897001898e+00,-1.086684014726678082e+00,2.880138996696711695e-01,1.080416135451427867e-01,1.350976507057133347e-02,1.340482530745783218e-01,-2.549177754700233112e-01,3.724849184378834638e-02,4.311636688432444499e-03,4.216286698238020381e-01
3.724000000000000199e+01,1.800000000000000000e+01,9.351796291623921675e+00,3.692539916812027645e+00,-1.083792116208132983e+00,2.883578752455106531e-01,1.483193994090934997e-01,2.085966450769927150e-02,1.349458617176030051e-01,-2.548330406783999580e-01,5.244654905729950051e-02,4.159401961342791033e-03,5.808227962097504138e-01
3.725999999999999801e+01,1.800000000000000000e+01,9.354506690973952487e+00,3.687444077060330727e+00,-1.079996208613607678e+00,2.888482862499790471e-01,1.864372149655794397e-01,2.815777121142204464e-02,1.361433561148825966e-01,-2.547514848932702636e-01,6.723076797265176152e-02,3.994341979151576003e-03,7.332469979561504481e-01
3.728000000000000114e+01,1.800000000000000000e+01,9.357243967576701849e+00,3.682349834739104821e+00,-1.075333318524355430e+00,2.894841860939675882e-01,2.221208867717087421e-01,3.541050613511398382e-02,1.376320815426563537e-01,-2.546733282633311668e-01,8.156335281009426119e-02,3.820092382367629939e-03,8.779297361390875354e-01
3.729999999999999716e+01,1.800000000000000000e+01,9.360013853206247347e+00,3.677257120269698643e+00,-1.069844825365330543e+00,2.902647064953835510e-01,2.551616564281371513e-01,4.261907927685903985e-02,1.394026273615686096e-01,-2.545987182244694447e-01,9.540650778987538883e-02,3.640288811499816334e-03,1.013984140415641111e+00
3.732000000000000028e+01,1.800000000000000000e+01,9.362821883864718586e+00,3.672165861851873103e+00,-1.063576141665554697e+00,2.911889492650419631e-01,2.854127015939191270e-01,4.977914274526451521e-02,1.414448270166686061e-01,-2.545277294997617124e-01,1.087224371322440125e-01,3.458566907056984368e-03,1.140617231711356760e+00
3.734000000000000341e+01,1.800000000000000000e+01,9.365673384663999457e+00,3.667075986918054031e+00,-1.056576360305204076e+00,2.922558722051944446e-01,3.127830387466769557e-01,5.688055119506341128e-02,1.437477580374106056e-01,-2.544603640994742566e-01,1.214733450574486950e-01,3.278562309547993631e-03,1.257138412495914848e+00
3.735999999999999943e+01,1.800000000000000000e+01,9.368573454707394887e+00,3.661987423587589774e+00,-1.048897870274782651e+00,2.934641713128444129e-01,3.372299334865187515e-01,6.390723294866251791e-02,1.462997420376537794e-01,-2.543965513210634244e-01,1.336214357857381241e-01,3.103910659481695471e-03,1.362966906626460029e+00
3.738000000000000256e+01,1.800000000000000000e+01,9.371526951971340225e+00,3.656900102121009244e+00,-1.040595943638057408e+00,2.948121615231409365e-01,3.587507898467364731e-01,7.083717268584610594e-02,1.490883447156623742e-01,-2.543361477491753453e-01,1.451289135373610983e-01,2.938247597366939936e-03,1.457637800041252207e+00
3.739999999999999858e+01,1.800000000000000000e+01,9.374538478187071533e+00,3.651813956374274639e+00,-1.031728297689629814e+00,2.962976582202781484e-01,3.773752543615591093e-01,7.764250395506877567e-02,1.521003758541054629e-01,-2.542789372556457095e-01,1.559579825325662916e-01,2.785208763712578809e-03,1.540806332758593911e+00
3.742000000000000171e+01,1.800000000000000000e+01,9.377612363722334976e+00,3.646728925253042597e+00,-1.022354637633859475e+00,2.979178616813436542e-01,3.931580199812590437e-01,8.428970703221683181e-02,1.553218893200571937e-01,-2.542246309995003783e-01,1.660708469916021834e-01,2.648429799027479051e-03,1.612250123559179960e+00
3.743999999999999773e+01,1.800000000000000000e+01,9.380752652463048236e+00,3.641644954166912918e+00,-1.012536186381774339e+00,2.996692465015666773e-01,4.061725924441310087e-01,9.073990494756500880e-02,1.587381830649967074e-01,-2.541728674269547739e-01,1.754297111347176696e-01,2.531546343820476400e-03,1.671869070232244736e+00
3.746000000000000085e+01,1.800000000000000000e+01,9.383963086695013445e+00,3.636561996483692383e+00,-1.002335209166276053e+00,3.015474578792462501e-01,4.165061078695494468e-01,9.694924796207171624e-02,1.623337991248080814e-01,-2.541232122714142672e-01,1.839967791821614518e-01,2.438194038600438249e-03,1.719682756102485444e+00
3.747999999999999687e+01,1.800000000000000000e+01,9.387247091985591041e+00,3.631480014983647475e+00,-9.918145415242017870e-01,3.035472164200493927e-01,4.242551688384125219e-01,1.028693745452740060e-01,1.660925236197803578e-01,-2.540751585534741230e-01,1.917342553541821482e-01,2.372008523876209876e-03,1.755825300744982220e+00
3.750000000000000000e+01,1.800000000000000000e+01,9.390607762065386055e+00,3.626398983313759317e+00,-9.810371297167164162e-01,3.056622328610571482e-01,4.295225910246014411e-01,1.084479351280824844e-01,1.699973867546075712e-01,-2.540281265809192224e-01,1.986043438710284603e-01,2.336625440156649136e-03,1.780537710300863941e+00
3.752000000000000313e+01,1.800000000000000000e+01,9.394047843709948609e+00,3.621318887441983048e+00,-9.700655928127744909e-01,3.078851338251733516e-01,4.324149134153671969e-01,1.136291636865127685e-01,1.740306628183886650e-01,-2.539814639487244508e-01,2.045692489529490343e-01,2.335680427950609546e-03,1.794157900483852375e+00
3.753999999999999915e+01,1.800000000000000000e+01,9.397569721621453098e+00,3.616239727111501434e+00,-9.589618154293062524e-01,3.102073994085175479e-01,4.330405118182775182e-01,1.183544816359294316e-01,1.781738701846276585e-01,-2.539344455390543653e-01,2.095911748201926827e-01,2.372809127766936817e-03,1.797108673070991092e+00
3.756000000000000227e+01,1.800000000000000000e+01,9.401175403310384482e+00,3.611161517294983359e+00,-9.477865795222956136e-01,3.126193130906104733e-01,4.315081587245399031e-01,1.225631186153703922e-01,1.824077713112335353e-01,-2.538862735212635835e-01,2.136323256930079684e-01,2.451647180114495308e-03,1.789884015348987223e+00
3.757999999999999829e+01,1.800000000000000000e+01,9.404866503977233450e+00,3.606084289648836094e+00,-9.365992426995479736e-01,3.151099241531322148e-01,4.279258858625508144e-01,1.261927355031096099e-01,1.867123727405201328e-01,-2.538360773518961722e-01,2.166549057916435927e-01,2.575830225502135067e-03,1.773034154623886582e+00
3.760000000000000142e+01,1.800000000000000000e+01,9.408644231394180935e+00,3.601008093967467794e+00,-9.254574693472259472e-01,3.176670225107348089e-01,4.224000241759628960e-01,1.291800363769475268e-01,1.910669250992064194e-01,-2.537829137746864805e-01,2.186211193363483130e-01,2.748993904438704842e-03,1.747149832158799487e+00
3.761999999999999744e+01,1.800000000000000000e+01,9.412509370786786178e+00,3.595932999637536653e+00,-9.144170195138162649e-01,3.202771256082099782e-01,4.150343163989225759e-01,1.314613580191492659e-01,1.954499230984161895e-01,-2.537257668205582517e-01,2.194931705473707473e-01,2.974773857433064220e-03,1.712846261400070791e+00
3.764000000000000057e+01,1.800000000000000000e+01,9.416462269715673017e+00,3.590859097092212515e+00,-9.035315990721196622e-01,3.229254768315006352e-01,4.059290179521136133e-01,1.329732278510480370e-01,1.998391055336783406e-01,-2.536635478076253447e-01,2.192332636449595973e-01,3.256805724994064986e-03,1.670747205546871506e+00
3.765999999999999659e+01,1.800000000000000000e+01,9.420502822958221500e+00,3.585786499265430027e+00,-8.928527732784370397e-01,3.255960547222517265e-01,3.951799213644021647e-01,1.336528837327772834e-01,2.042114552849266795e-01,-2.535950953411913456e-01,2.178036028493635645e-01,3.598725147630561956e-03,1.621469553261487562e+00
3.767999999999999972e+01,1.800000000000000000e+01,9.424630457390254179e+00,3.580715343046146693e+00,-8.824299445588201785e-01,3.282715921808116444e-01,3.828772570712398182e-01,1.334387517494448616e-01,2.085431993164999220e-01,-2.535191753137495674e-01,2.151663923808313506e-01,4.004167765851400843e-03,1.565608694142976764e+00
3.770000000000000284e+01,1.800000000000000000e+01,9.428844116867724168e+00,3.575645790732596918e+00,-8.723103942539135458e-01,3.309336047922303847e-01,3.691044386945951383e-01,1.322708808067272201e-01,2.128098086771419706e-01,-2.534344809049833280e-01,2.112838364596116847e-01,4.476769220165444270e-03,1.503724903888692399e+00
3.771999999999999886e+01,1.800000000000000000e+01,9.433142247108403211e+00,3.570578031486551840e+00,-8.625393872102270487e-01,3.335624274130806199e-01,3.539366333116037433e-01,1.300913354803707733e-01,2.169859985000014979e-01,-2.533396325817656169e-01,2.061181393059531852e-01,5.020165151081541419e-03,1.436330849264363829e+00
3.774000000000000199e+01,1.800000000000000000e+01,9.437522780573569747e+00,3.565512282787570708e+00,-8.531603375636442887e-01,3.361372582114450780e-01,3.374391463857305817e-01,1.268445510419091704e-01,2.210457280026321691e-01,-2.532331780981593172e-01,1.996315051401045537e-01,5.637991199108548408e-03,1.363880220800262055e+00
3.775999999999999801e+01,1.800000000000000000e+01,9.441983121349700525e+00,3.560448791887261155e+00,-8.442150338516077879e-01,3.386362094547569201e-01,3.196656166870459614e-01,1.224776568809904376e-01,2.249622004869927527e-01,-2.531135924954171501e-01,1.917861381823144085e-01,6.333883004755319623e-03,1.286757400952998065e+00
3.778000000000000114e+01,1.800000000000000000e+01,9.446520130030151563e+00,3.555387837263533690e+00,-8.357439217311856128e-01,3.410363644866846178e-01,3.006560185650455908e-01,1.169407766744345878e-01,2.287078633394468152e-01,-2.529792781019815640e-01,1.825442426528315898e-01,7.111476208530706847e-03,1.205267980085901636e+00
3.779999999999999716e+01,1.800000000000000000e+01,9.451130108596851542e+00,3.550329730074857082e+00,-8.277864430788572925e-01,3.433138405217341926e-01,2.804344675212435689e-01,1.101873156498633932e-01,2.322544080307630265e-01,-2.528285645334850118e-01,1.718680227719046882e-01,7.974406450943560126e-03,1.119629842941324727e+00
3.782000000000000028e+01,1.800000000000000000e+01,9.455808785301989872e+00,3.545274815614517294e+00,-8.203814311071860876e-01,3.454438571126790536e-01,2.590068206908491821e-01,1.021742472375457567e-01,2.355727701161150489e-01,-2.526597086927495073e-01,1.597196827597823776e-01,8.926309372502739051e-03,1.029964463325466095e+00
3.784000000000000341e+01,1.800000000000000000e+01,9.460551299549701199e+00,3.540223474764870648e+00,-8.135675623567637516e-01,3.474008104112366602e-01,2.363580576068277928e-01,9.286241340979373149e-02,2.386331292350813427e-01,-2.524708947697871797e-01,1.460614268367134150e-01,9.970820613717092801e-03,9.362879616654770087e-01
3.785999999999999943e+01,1.800000000000000000e+01,9.465352186777758803e+00,3.535176125451601425e+00,-8.073838680180374094e-01,3.491583536490707740e-01,2.124494201733562182e-01,8.221685522043920002e-02,2.414049091116456103e-01,-2.522602342417997745e-01,1.308554592229464464e-01,1.111157581509547576e-02,8.385013943053641894e-01
3.788000000000000256e+01,1.800000000000000000e+01,9.470205363339255555e+00,3.530133224097977696e+00,-8.018703090275829393e-01,3.506894846200540594e-01,1.872152867384496711e-01,7.020719266833985728e-02,2.438567775541962412e-01,-2.520257658731788752e-01,1.140639841387301734e-01,1.235221061714674232e-02,7.363796484866512726e-01
3.789999999999999858e+01,1.800000000000000000e+01,9.475104111384300865e+00,3.525095267079109362e+00,-7.970684218049456371e-01,3.519666413558044105e-01,1.605597575171651969e-01,5.680807625059536292e-02,2.459566464555268117e-01,-2.517654557155060147e-01,9.564920580431325592e-02,1.369636066037974859e-02,6.295582046594723202e-01
3.792000000000000171e+01,1.800000000000000000e+01,9.480041063741698082e+00,3.520062792176200883e+00,-7.930220444103128763e-01,3.529618076700776763e-01,1.323529434513089909e-01,4.199973674356272113e-02,2.476716717928357236e-01,-2.514771971075523971e-01,7.557332843994464533e-02,1.514766158530332640e-02,5.175168877303265580e-01
3.793999999999999773e+01,1.800000000000000000e+01,9.485008188800645001e+00,3.515036380030811092e+00,-7.897781364000812099e-01,3.536466308255470370e-01,1.024269871738723303e-01,2.576866522727172537e-02,2.489682536277265656e-01,-2.511588106752792315e-01,5.379855626587257134e-02,1.670974903242636311e-02,3.995595481453153019e-01
3.796000000000000085e+01,1.800000000000000000e+01,9.489996775392413042e+00,3.510016655599105917e+00,-7.873877098626900217e-01,3.539925542791684809e-01,7.057191720000187407e-02,8.108462639562219465e-03,2.498120361062075856e-01,-2.508080443318372876e-01,3.028709350234593672e-02,1.838625864225770096e-02,2.747883761178317452e-01
3.797999999999999687e+01,1.800000000000000000e+01,9.494997417672033535e+00,3.505004289606117762e+00,-7.859068941997815472e-01,3.539709693311295924e-01,3.653156599204279015e-02,-1.097909214737669004e-02,2.501679074586923290e-01,-2.504225732775674507e-01,5.001144369613446522e-03,2.018082605530618912e-02,1.420712373324948818e-01
3.800000000000000000e+01,1.900000000000000000e+01,9.500000000000000000e+00,3.500000000000000000e+00,-7.853981633974504994e-01,3.535533905932732868e-01,6.316084531631247449e-15,-2.677191107790477531e-02,2.499999999999991118e-01,-2.500000000000002220e-01,-2.209708691207623588e-02,2.209708691208067677e-02,2.455232082266762980e-14
3.802000000000000313e+01,1.900000000000000000e+01,9.504996125634106008e+00,3.495005233856663729e+00,-7.849918498725996230e-01,3.529000928880132726e-01,2.930578620746708898e-02,-3.397393923438229990e-02,2.496394188456606267e-01,-2.494366374828870803e-01,-1.404031083703035851e-02,3.409045673464645987e-02,1.139521035747154132e-01
3.803999999999999915e+01,1.900000000000000000e+01,9.509986619433057342e+00,3.490024074469014970e+00,-7.838060867034045698e-01,3.521944330238980236e-01,5.687947968392723791e-02,-3.642557222826781071e-02,2.494352454014882314e-01,-2.486422671319667987e-01,-6.454859516432301728e-03,4.520101635434506382e-02,2.213446041823218247e-01
3.806000000000000227e+01,1.900000000000000000e+01,9.514974515868649618e+00,3.485060966690112672e+00,-7.818896459595532367e-01,3.514430699988825846e-01,8.273781729954800268e-02,-3.853658016243777240e-02,2.493781405551351860e-01,-2.476343563876037268e-01,6.680053239457536297e-04,5.544764214047591400e-02,3.223600811967732849e-01
3.807999999999999829e+01,1.900000000000000000e+01,9.519962664378097017e+00,3.480120009799485103e+00,-7.792901280808964826e-01,3.506529698174005172e-01,1.069008592673243857e-01,-4.029462812016681994e-02,2.494589399597393897e-01,-2.464299951627762497e-01,7.337021958331627590e-03,6.484921046233839415e-02,4.171426355479080361e-01
3.810000000000000142e+01,1.900000000000000000e+01,9.524953732859330557e+00,3.475204965053671824e+00,-7.760541413702241043e-01,3.498312848740759429e-01,1.293903510587943451e-01,-4.169311009274068169e-02,2.496686540339233540e-01,-2.450458958430766221e-01,1.356092866095311156e-02,7.342459768923188801e-02,5.058009645657924880e-01
3.811999999999999744e+01,1.900000000000000000e+01,9.529950211166307028e+00,3.470319263236777196e+00,-7.722274639848767386e-01,3.489852454136909143e-01,1.502285249572073156e-01,-4.273056836564137484e-02,2.499984679617939520e-01,-2.434983932867113288e-01,1.934846370603804377e-02,8.119268019045586260e-02,5.884119379075235523e-01
3.814000000000000057e+01,1.900000000000000000e+01,9.534954414604321471e+00,3.465466012211014135e+00,-7.678551864111217151e-01,3.481220621394503500e-01,1.694372702437139389e-01,-4.341015563279526646e-02,2.504397416929428077e-01,-2.418034448245008350e-01,2.470836536781422302e-02,8.817233433530968778e-02,6.650245553949110100e-01
3.815999999999999659e+01,1.900000000000000000e+01,9.539968487425314336e+00,3.460648004467253180e+00,-7.629818330170606844e-01,3.472488391883791214e-01,1.870376038145903363e-01,-4.373913291611053467e-02,2.509840099424460735e-01,-2.399766302598795309e-01,2.964937192050948883e-02,9.438243649309277505e-02,7.356641853084757710e-01
3.817999999999999972e+01,1.900000000000000000e+01,9.544994406323180414e+00,3.455867724675568020e+00,-7.576514618092280440e-01,3.463724968228059642e-01,2.030493792854719814e-01,-4.372839723209231977e-02,2.516229821908642639e-01,-2.380331518688956760e-01,3.418022163835163219e-02,9.984186303310452204e-02,8.003369927899421921e-01
3.820000000000000284e+01,1.900000000000000000e+01,9.550033983929079540e+00,3.451127357235787674e+00,-7.519077419888023917e-01,3.454997032990951289e-01,2.174911806056353258e-01,-4.339203385840839644e-02,2.523485426842426160e-01,-2.359878344002117601e-01,3.830965279556847181e-02,1.045694903246443402e-01,8.590344743398299343e-01
3.821999999999999886e+01,1.900000000000000000e+01,9.555088872306754411e+00,3.446428793828040682e+00,-7.457940093321370201e-01,3.446368154684696372e-01,2.303803546923712808e-01,-4.274688898107470436e-02,2.531527504341110069e-01,-2.338551250751043642e-01,4.204640366638782989e-02,1.085841947370116273e-01,9.117380175921355745e-01
3.824000000000000199e+01,1.900000000000000000e+01,9.560160566447830632e+00,3.441773640963304182e+00,-7.393532998175770254e-01,3.437898277398522273e-01,2.417331458444332282e-01,-4.181215942482729986e-02,2.540278392174836197e-01,-2.316490935874638002e-01,4.539921252503750088e-02,1.119048526395058085e-01,9.584234070387462889e-01
3.825999999999999801e+01,1.900000000000000000e+01,9.565250407767122098e+00,3.437163227533953869e+00,-7.326283622914635529e-01,3.429643290914765608e-01,2.515649022597480911e-01,-4.060899706317577795e-02,2.549662175768594996e-01,-2.293834321037946100e-01,4.837681764574535553e-02,1.145503404014262955e-01,9.990651973968830424e-01
3.828000000000000114e+01,1.900000000000000000e+01,9.570359587597959461e+00,3.432598612364303747e+00,-7.256616513117245537e-01,3.421654678573252117e-01,2.598903316373890604e-01,-3.916012635315624379e-02,2.559604688202220535e-01,-2.270714552632152605e-01,5.098795730273913973e-02,1.165395343920724580e-01,1.033640877890949827e+00
3.829999999999999716e+01,1.900000000000000000e+01,9.575489150687475970e+00,3.428080591761164087e+00,-7.184953016250217317e-01,3.413979240373503088e-01,2.667237885003443387e-01,-3.748947422465143120e-02,2.570033510210391059e-01,-2.247261001774581990e-01,5.324136977024668954e-02,1.178913109807436799e-01,1.062134753663562581e+00
3.832000000000000028e+01,1.900000000000000000e+01,9.580639998691939496e+00,3.423609707064381613e+00,-7.111710860182142158e-01,3.406658888883392078e-01,2.720795805354738750e-01,-3.562181225990812550e-02,2.580877970182634540e-01,-2.223599264308699919e-01,5.514579332249584104e-02,1.186245465367394281e-01,1.084541475414941614e+00
3.834000000000000341e+01,1.900000000000000000e+01,9.585812893672043700e+00,3.419186252197393472e+00,-7.037303585305706433e-01,3.399730515469537862e-01,2.759722849636228603e-01,-3.358241171095777133e-02,2.592069144163321459e-01,-2.199851160804111583e-01,5.670996623371441642e-02,1.187581174293591418e-01,1.100869155528996890e+00
3.835999999999999943e+01,1.900000000000000000e+01,9.591008461588231171e+00,3.414810281217768750e+00,-6.962139852128870210e-01,3.393225924199009258e-01,2.784170688074074085e-01,-3.139671240925068219e-02,2.603539855851667584e-01,-2.176134736556561977e-01,5.794262677813019624e-02,1.183109000279021494e-01,1.111142018468694426e+00
3.838000000000000256e+01,1.900000000000000000e+01,9.596227195795991705e+00,3.410481615867754002e+00,-6.886622647669742303e-01,3.387171830505837922e-01,2.794300090106960344e-01,-2.909000701466979422e-02,2.615224676601735632e-01,-2.152564261587936179e-01,5.885251322997102352e-02,1.173017707016679179e-01,1.115402544969140486e+00
3.839999999999999858e+01,1.900000000000000000e+01,9.601469460541183665e+00,3.406199853124836530e+00,-6.811148414885032087e-01,3.381589921393141629e-01,2.790284097799596297e-01,-2.668714232353330829e-02,2.627059925422433051e-01,-2.129250230646260178e-01,5.944836386346469270e-02,1.157496058199557754e-01,1.113713083168969664e+00
3.842000000000000171e+01,1.900000000000000000e+01,9.606735494455330482e+00,3.401964372752273480e+00,-6.736106129643304463e-01,3.376496973576424421e-01,2.772311153599586464e-01,-2.421223950791606683e-02,2.638983668977513131e-01,-2.106299363205699493e-01,5.973891695283900516e-02,1.136732817520651889e-01,1.106156914768366750e+00
3.843999999999999773e+01,1.900000000000000000e+01,9.612025414050958005e+00,3.397774344849650685e+00,-6.661876349408072384e-01,3.371905025589975180e-01,2.740588168175008832e-01,-2.168843519360486027e-02,2.650935721585575555e-01,-2.083814603466559445e-01,5.973291077232178309e-02,1.110916748672954729e-01,1.092838779925856096e+00
3.846000000000000085e+01,1.900000000000000000e+01,9.617339217216855474e+00,3.393628737403425966e+00,-6.588830256832807208e-01,3.367821599498982410e-01,2.695343513758049481e-01,-1.913764520978311623e-02,2.662857645220064184e-01,-2.061895120355286271e-01,5.943908359614087644e-02,1.080236615349461360e-01,1.073884880174073464e+00
3.847999999999999687e+01,1.900000000000000000e+01,9.622676786713434183e+00,3.389526323837479982e+00,-6.517328719926923641e-01,3.364249967506062200e-01,2.636829925027603383e-01,-1.658035267151092285e-02,2.674692749509269274e-01,-2.040636307524465731e-01,5.886617369852410048e-02,1.044881181243166035e-01,1.049442393401792462e+00
3.850000000000000000e+01,1.900000000000000000e+01,9.628037893668011549e+00,3.385465690563660424e+00,-6.447721388389259234e-01,3.361189458430379196e-01,2.565327283902789079e-01,-1.403542180193007027e-02,2.686386091736326920e-01,-2.020129783352824782e-01,5.802291935369921494e-02,1.005039210047062037e-01,1.019678548215791736e+00
3.852000000000000313e+01,1.900000000000000000e+01,9.633422201070125368e+00,3.381445244532331085e+00,-6.380345843205159628e-01,3.358635798785289395e-01,2.481145257477634924e-01,-1.151993858260524917e-02,2.697884476839216839e-01,-2.000463390945228792e-01,5.691805883589405590e-02,9.608994654541432034e-02,9.847793161586276822e-01
3.853999999999999915e+01,1.900000000000000000e+01,9.638829267266846301e+00,3.377463220782920938e+00,-6.315526813763225888e-01,3.356581482997337273e-01,2.384625750477772643e-01,-9.049078957087175468e-03,2.709136457410767362e-01,-1.981721198132684325e-01,5.556033041933648720e-02,9.126507111574046205e-02,9.449477888522133107e-01
3.856000000000000227e+01,1.900000000000000000e+01,9.644258549458077923e+00,3.373517689994470548e+00,-6.253575473676948882e-01,3.355016167202454214e-01,2.276145125824118320e-01,-6.636004925324456849e-03,2.720092333698649889e-01,-1.963983497472338302e-01,5.395847237825428244e-02,8.604817108498402645e-02,9.004023128622448136e-01
3.857999999999999829e+01,1.900000000000000000e+01,9.649709407191881638e+00,3.369606566036179363e+00,-6.194788823308934322e-01,3.353927081027207602e-01,2.156116139894075634e-01,-4.291788473564039919e-03,2.730704153605382767e-01,-1.947326806247476061e-01,5.212122298687525690e-02,8.045812282244432789e-02,8.513744578115691741e-01
3.860000000000000142e+01,1.900000000000000000e+01,9.655181105859778512e+00,3.365727613517954797e+00,-6.139449163804152620e-01,3.353299451813028798e-01,2.024989533600491109e-01,-2.025362905170524641e-03,2.740925712688328519e-01,-1.931823866467525241e-01,5.005732051942719113e-02,7.451380269742077789e-02,7.981068930605196288e-01
3.861999999999999744e+01,1.900000000000000000e+01,9.660672820192056420e+00,3.361878455340960414e+00,-6.087823664349714115e-01,3.353116935865139148e-01,1.883255217140138438e-01,1.564992130411724247e-04,2.750712554159696621e-01,-1.917543644868053010e-01,4.777550325013798366e-02,6.823408707921282956e-02,7.408512453234289419e-01
3.864000000000000057e+01,1.900000000000000000e+01,9.666183637753082536e+00,3.358056580248159673e+00,-6.040164021487617330e-01,3.353362051498245400e-01,1.731442985797982115e-01,2.249182583581088579e-03,2.760021968886542387e-01,-1.904551332910766059e-01,4.528450945323536647e-02,6.163785233711990830e-02,6.798660042340842757e-01
3.865999999999999659e+01,1.900000000000000000e+01,9.671712562436617588e+00,3.354259350374868998e+00,-5.996706206693873664e-01,3.354016608898571228e-01,1.570122707017087837e-01,4.250201543184672914e-03,2.768812995390765863e-01,-1.892908346783511164e-01,4.259307740294723810e-02,5.474397484044141171e-02,6.154145355321636313e-01
3.867999999999999972e+01,1.900000000000000000e+01,9.677258517961112361e+00,3.350484008799301527e+00,-5.957670296166081014e-01,3.355062132115519402e-01,1.399903925382940395e-01,6.159149815053055477e-03,2.777046419849111270e-01,-1.882672327400275458e-01,3.970994537350131665e-02,4.757133095847672355e-02,5.477632526950063641e-01
3.870000000000000284e+01,1.900000000000000000e+01,9.682820351365034384e+00,3.346727687093116632e+00,-5.923260374877350465e-01,3.356480268824593161e-01,1.221434842346571098e-01,7.977629346902048724e-03,2.784684776093170333e-01,-1.873897140401186157e-01,3.664385163912550064e-02,4.013879706052524143e-02,4.771799879788405363e-01
3.871999999999999886e+01,1.900000000000000000e+01,9.688396836502166209e+00,3.342987412871968989e+00,-5.893664505485392002e-01,3.358253183854280066e-01,1.035400641300687069e-01,9.709160019117035745e-03,2.791692345609381731e-01,-1.866632876152511389e-01,3.340353447404759146e-02,3.246524951588646013e-02,4.039325934391337913e-01
3.874000000000000199e+01,1.900000000000000000e+01,9.693986677536910790e+00,3.339260117346050105e+00,-5.869054751642470702e-01,3.360363932832240441e-01,8.425211456342703020e-02,1.135907203926045383e-02,2.798035157539025541e-01,-1.860925849746657978e-01,2.999773215249534539e-02,2.456956469385963848e-02,3.282877920064772859e-01
3.875999999999999801e+01,1.900000000000000000e+01,9.699588512439625276e+00,3.335542642870646723e+00,-5.849587244631422323e-01,3.362796812669984203e-01,6.435478169554473271e-02,1.293438282295333863e-02,2.803680988678229902e-01,-1.856818601002173663e-01,2.643518294869661237e-02,1.647061896374422268e-02,2.505102884757565151e-01
3.878000000000000114e+01,1.900000000000000000e+01,9.705200916481894424e+00,3.331831750496676126e+00,-5.835402282039002797e-01,3.365537685961421666e-01,4.392601218649452161e-02,1.444366010532682765e-02,2.808599363477969346e-01,-1.854349894463745985e-01,2.272462513687920765e-02,8.187288694839657197e-03,1.708621406223565786e-01
3.879999999999999716e+01,1.900000000000000000e+01,9.710822405731876827e+00,3.328124127521245423e+00,-5.826624447344928015e-01,3.368574276712115179e-01,2.304613173509942672e-02,1.589687294004882290e-02,2.812761554044062584e-01,-1.853554719402203399e-01,1.887479699127098814e-02,-2.615497435546108667e-04,8.960238181317882467e-02
3.882000000000000028e+01,1.900000000000000000e+01,9.716451440549585428e+00,3.324416395038189975e+00,-5.823362739820254763e-01,3.371896435137440862e-01,1.797372579684041859e-03,1.730523213418422301e-02,2.816140580137173055e-01,-1.854464289814513889e-01,1.489443678609967889e-02,-8.857019982139292466e-03,6.986878581870247483e-03
3.884000000000000341e+01,1.900000000000000000e+01,9.722086429082219539e+00,3.320705115488628234e+00,-5.825710704955155972e-01,3.375496369565789689e-01,-1.973664105532325561e-02,1.868102154654138758e-02,2.818711209172813925e-01,-1.857106044423785518e-01,1.079228279559322698e-02,-1.758024565161475997e-02,-7.673160022876658604e-02
3.885999999999999943e+01,1.900000000000000000e+01,9.727725730759452460e+00,3.316986800211503272e+00,-5.833746556733669930e-01,3.379368843756057061e-01,-4.147143902544957184e-02,2.003742155402044034e-02,2.820449956221337540e-01,-1.861503646679266155e-01,6.577073293979299358e-03,-2.641235038268190810e-02,-1.613031319578364098e-01
3.888000000000000256e+01,1.900000000000000000e+01,9.733367659788761728e+00,3.313257916994134966e+00,-5.847533284400711073e-01,3.383511338187398243e-01,-6.332227117817691708e-02,2.138832587356986892e-02,2.821335084007946525e-01,-1.867676984756344583e-01,2.257546555485767659e-03,-3.533445780604117098e-02,-2.464802402004540038e-01
3.889999999999999858e+01,1.900000000000000000e+01,9.739010488650725605e+00,3.309514897622767293e+00,-5.867118737884512436e-01,3.387924174105484965e-01,-8.520468082515610109e-02,2.274815282416398077e-02,2.821346602912688240e-01,-1.875642171556549109e-01,-2.157559145659525106e-03,-4.432769155239313363e-02,-3.320173841416232396e-01
3.892000000000000171e+01,1.900000000000000000e+01,9.744652451594342679e+00,3.305754145433113411e+00,-5.892535687705472425e-01,3.392610599317063547e-01,-1.070350734148707156e-01,2.413165203114431279e-02,2.820466270970454770e-01,-1.885411544707547848e-01,-6.659505535228784495e-03,-5.337317525243842620e-02,-4.176703775749942560e-01
3.893999999999999773e+01,1.900000000000000000e+01,9.750291748132333680e+00,3.301972042860906065e+00,-5.923801856982026104e-01,3.397576834917942490e-01,-1.287312685165743209e-01,2.555370751855257083e-02,2.818677593870984044e-01,-1.896993666563150382e-01,-1.123955433899419959e-02,-6.245203253687762329e-02,-5.031957798426612838e-01
3.896000000000000085e+01,1.900000000000000000e+01,9.755926546536445088e+00,3.298164958992442219e+00,-5.960919924997826191e-01,3.402832082324483975e-01,-1.502130242024928286e-01,2.702913810863627475e-02,2.815965824958859276e-01,-1.910393324203304710e-01,-1.588896728272791437e-02,-7.154538703641127873e-02,-5.883503018353425373e-01
3.897999999999999687e+01,1.900000000000000000e+01,9.761554987332786482e+00,3.294329257115136134e+00,-6.003877503684953432e-01,3.408388490161396445e-01,-1.714025243239543084e-01,2.857249605330558495e-02,2.812317965233509520e-01,-1.925611529434101132e-01,-2.059900609220218989e-02,-8.063436238174007120e-02,-6.728902701987550250e-01
3.900000000000000000e+01,1.900000000000000000e+01,9.767175186797103947e+00,3.290461302268062216e+00,-6.052647090267525565e-01,3.414261080745806254e-01,-1.922248209188538448e-01,3.019786486080988652e-02,2.807722763349210227e-01,-1.942645518787767256e-01,-2.536093249318915888e-02,-8.970008220356456841e-02,-7.565711919911268790e-01
3.902000000000000313e+01,1.900000000000000000e+01,9.772785240450113875e+00,3.286557468792503212e+00,-6.107186001160473943e-01,3.420467636105722353e-01,-2.126082259469193048e-01,3.191865735161947271e-02,2.802170715615081020e-01,-1.961488753522673545e-01,-3.016600821146101646e-02,-9.872367013258533108e-02,-8.391474601968585967e-01
3.903999999999999915e+01,1.900000000000000000e+01,9.778383226552803009e+00,3.282614147882498834e+00,-6.167436293988786122e-01,3.427028543686453377e-01,-2.324846486041644567e-01,3.374741507737688551e-02,2.795654065995089033e-01,-1.982130919623327769e-01,-3.500549497278996475e-02,-1.076862497995030310e-01,-9.203722376733985966e-01
3.906000000000000227e+01,1.900000000000000000e+01,9.783967209601746262e+00,3.278627755135397059e+00,-6.233324686241120682e-01,3.433966602136673263e-01,-2.517898765019169205e-01,3.569561036221635675e-02,2.788166806108043905e-01,-2.004557927800380834e-01,-3.987065450294813296e-02,-1.165689448350181040e-01,-9.999975532344780316e-01
3.907999999999999829e+01,1.900000000000000000e+01,9.789535243824403210e+00,3.274594738102393876e+00,-6.304762480552812409e-01,3.441306787831339142e-01,-2.704638009052527381e-01,3.777345236967732944e-02,2.779704675227602229e-01,-2.028751913490621506e-01,-4.475274852770780298e-02,-1.253528788698313468e-01,-1.077774638596538548e+00
3.910000000000000142e+01,1.900000000000000000e+01,9.795085376674443012e+00,3.270511583839088576e+00,-6.381645507880484569e-01,3.449075983084544106e-01,-2.884505879263755124e-01,3.998969875451230394e-02,2.770265160282269212e-01,-2.054691236856980296e-01,-4.964303877284106936e-02,-1.340191755346431812e-01,-1.153454528795667233e+00
3.911999999999999744e+01,1.900000000000000000e+01,9.800615652327042682e+00,3.266374826456027947e+00,-6.463854100834686145e-01,3.457302667333144175e-01,-3.056987989991511445e-01,4.235147461664467983e-02,2.759847495855389798e-01,-2.082350482788525858e-01,-5.453278696412014459e-02,-1.425489584601542792e-01,-1.226788941409789890e+00
3.914000000000000057e+01,1.900000000000000000e+01,9.806124115174197797e+00,3.262181054669252234e+00,-6.551253110129995338e-01,3.466016572931202022e-01,-3.221614650840524674e-01,4.486410062480139516e-02,2.748452664185159211e-01,-2.111700460900468868e-01,-5.941325482731725505e-02,-1.509233512770652985e-01,-1.297531441532382424e+00
3.915999999999999659e+01,1.900000000000000000e+01,9.811608813320045641e+00,3.257926919350849104e+00,-6.643691977447042651e-01,3.475248307583063689e-01,-3.377961198529196296e-01,4.753093230814720016e-02,2.736083395164616849e-01,-2.142708205534158139e-01,-6.427570408820450221e-02,-1.591234776160767028e-01,-1.365438890039607500e+00
3.917999999999999972e+01,1.900000000000000000e+01,9.817067802076151040e+00,3.253609141079495171e+00,-6.741004877935452555e-01,3.485028945854460880e-01,-3.525647975840703885e-01,5.035321261419589689e-02,2.722744166341646843e-01,-2.175336975757085622e-01,-6.911139647255411245e-02,-1.671304611078890945e-01,-1.430273162447825763e+00
3.920000000000000284e+01,1.900000000000000000e+01,9.822499147456841939e+00,3.249224517691005065e+00,-6.843010945085585828e-01,3.495389592628744824e-01,-3.664340016794312982e-01,5.332993988808887309e-02,2.708441202918980273e-01,-2.209546255362880851e-01,-7.391159370613833990e-02,-1.749254253832032147e-01,-1.491803114832808586e+00
3.921999999999999886e+01,1.900000000000000000e+01,9.827900929674495245e+00,3.244769931828880072e+00,-6.949514589735488190e-01,3.506360921809695275e-01,-3.793746496262440648e-01,5.645775343130843282e-02,2.693182477754190729e-01,-2.245291752871313440e-01,-7.866755751472927216e-02,-1.824894940727194714e-01,-1.549806762222389001e+00
3.924000000000000199e+01,1.900000000000000000e+01,9.833271246634868845e+00,3.240242358494858532e+00,-7.060305923546195128e-01,3.517972694001267886e-01,-3.913619999028989382e-01,5.973083873720597126e-02,2.676977711359702639e-01,-2.282525401528295583e-01,-8.337054962409917724e-02,-1.898037908071386892e-01,-1.604073624009640930e+00
3.925999999999999801e+01,1.900000000000000000e+01,9.838608217432391001e+00,3.235638872599457816e+00,-7.175161295379413051e-01,3.530253257304576953e-01,-4.023755658109047784e-01,6.314085436805605411e-02,2.659838371902781273e-01,-2.321195359305876504e-01,-8.801183176002014275e-02,-1.968494392171611651e-01,-1.654407180760586904e+00
3.928000000000000114e+01,1.900000000000000000e+01,9.843909985845483490e+00,3.230956656512527392e+00,-7.293843946671082490e-01,3.543229035748490241e-01,-4.123990205427147115e-01,6.667688223009271553e-02,2.641777675205539966e-01,-2.361246008902247173e-01,-9.258266564826443668e-02,-2.036075629334878068e-01,-1.700627377850617794e+00
3.929999999999999716e+01,1.900000000000000000e+01,9.849174723831866984e+00,3.226193007613792130e+00,-7.416104789158567412e-01,3.556924010196612640e-01,-4.214200970064119756e-01,7.032540271609377669e-02,2.622810584744935669e-01,-2.402617957741738641e-01,-9.707431301460420214e-02,-2.100592855868189113e-01,-1.742573104211644131e+00
3.932000000000000028e+01,1.900000000000000000e+01,9.854400635023871757e+00,3.221345345843403152e+00,-7.541683305255186820e-01,3.571359196834927308e-01,-4.294304850591422751e-01,7.407029582387458788e-02,2.602953811652773952e-01,-2.445248037974821487e-01,-1.014780355848116378e-01,-2.161857308078553308e-01,-1.780104569635429179e+00
3.934000000000000341e+01,1.900000000000000000e+01,9.859585958223744839e+00,3.216411221252484687e+00,-7.670308568061893206e-01,3.586552128526167005e-01,-4.364257278851031985e-01,7.789286892882429925e-02,2.582225814715701784e-01,-2.489069306478107757e-01,-1.057850950846589283e-01,-2.219680222272974457e-01,-1.813105502015612824e+00
3.935999999999999943e+01,1.900000000000000000e+01,9.864728970898960725e+00,3.211388321553680480e+00,-7.801700374567971386e-01,3.602516344406456184e-01,-4.424051183221388017e-01,8.177191140142880954e-02,2.560646800375216414e-01,-2.534011044854347916e-01,-1.099867532399182446e-01,-2.273872834758459971e-01,-1.841485086965730433e+00
3.938000000000000256e+01,1.900000000000000000e+01,9.869827992677537409e+00,3.206274479671704647e+00,-7.935570482141800497e-01,3.619260893086738151e-01,-4.473715950230592875e-01,8.568377573228858068e-02,2.538238722727655383e-01,-2.579998759432433619e-01,-1.140742717763617853e-01,-2.324246381842015319e-01,-1.865179576612596479e+00
3.939999999999999858e+01,1.900000000000000000e+01,9.874881388843331109e+00,3.201067681293884082e+00,-8.071623935078002798e-01,3.636789854699370439e-01,-4.513316374623042027e-01,8.960248427402817128e-02,2.515025283524207067e-01,-2.626954181267395771e-01,-1.180389124197617490e-01,-2.370612099830646247e-01,-1.884153502037770433e+00
3.942000000000000171e+01,1.900000000000000000e+01,9.879887573831364733e+00,3.195766072420714643e+00,-8.209560464881082709e-01,3.655101886796348620e-01,-4.542951579934914608e-01,9.349986015616984503e-02,2.491031932170902907e-01,-2.674795266140406191e-01,-1.218719368958902510e-01,-2.412781225031358778e-01,-1.898400434623796373e+00
3.943999999999999773e+01,1.900000000000000000e+01,9.884845014723119050e+00,3.190367966916397791e+00,-8.349075945254194053e-01,3.674189798761837156e-01,-4.562753884564066942e-01,9.734568039529101213e-02,2.466285865728617965e-01,-2.723436194558776502e-01,-1.255646069305195733e-01,-2.450564993751159215e-01,-1.907943255049328046e+00
3.946000000000000085e+01,1.900000000000000000e+01,9.889752234741859382e+00,3.184871854059398100e+00,-8.489863880539662011e-01,3.694040158954464137e-01,-4.572887582500791415e-01,1.011078487332621734e-01,2.440816028913076197e-01,-2.772787371755959795e-01,-1.291081842494218590e-01,-2.483774642297052471e-01,-1.912833904270110574e+00
3.947999999999999687e+01,1.900000000000000000e+01,9.894607816747932105e+00,3.179276406092986562e+00,-8.631616904719381367e-01,3.714632938255140737e-01,-4.573547603573052678e-01,1.047525853118731476e-01,2.414653114094846287e-01,-2.822755427691546193e-01,-1.324939305783693066e-01,-2.512221406976046234e-01,-1.913152607766220648e+00
3.950000000000000000e+01,1.900000000000000000e+01,9.899410406734084233e+00,3.173580485775787441e+00,-8.774028267096980471e-01,3.735941193079212463e-01,-4.564958015479415043e-01,1.082446299518355914e-01,2.387829561299341097e-01,-2.873243217051268950e-01,-1.357131076431340733e-01,-2.535716524095145141e-01,-1.909006581767086930e+00
3.952000000000000313e+01,1.900000000000000000e+01,9.904158717320761696e+00,3.167783153932329121e+00,-8.916793280487281814e-01,3.757930790235882168e-01,-4.547370329215851825e-01,1.115474555628761522e-01,2.360379558206819883e-01,-2.924149819246999460e-01,-1.387569771694883713e-01,-2.554071229961354939e-01,-1.900528247175166774e+00
3.953999999999999915e+01,1.900000000000000000e+01,9.908851531251432476e+00,3.161883677003588300e+00,-9.059610708137284529e-01,3.780560175304362169e-01,-4.521061570860291368e-01,1.146234880790899524e-01,2.332339040152388021e-01,-2.975370538416750588e-01,-1.416168008832043579e-01,-2.567096760881682482e-01,-1.887872992605583944e+00
3.956000000000000227e+01,1.900000000000000000e+01,9.913487704887886665e+00,3.155881534597542171e+00,-9.202184066667220552e-01,3.803780185467516839e-01,-4.486332086083287818e-01,1.174343292966941732e-01,2.303745690125995615e-01,-3.026796903424674445e-01,-1.442838405100542454e-01,-2.574604353163134074e-01,-1.871216541535662969e+00
3.957999999999999829e+01,1.900000000000000000e+01,9.918066171705548939e+00,3.149776427039709059e+00,-9.344222823989805082e-01,3.827533907023039084e-01,-4.443503049113989856e-01,1.199409790849887969e-01,2.274638938772439167e-01,-3.078316667861063505e-01,-1.467493577758102186e-01,-2.576405243112713794e-01,-1.850751989348548232e+00
3.960000000000000142e+01,1.900000000000000000e+01,9.922585945788787498e+00,3.143568282923705937e+00,-9.485443473351736765e-01,3.851756577101511092e-01,-4.392913654991247308e-01,1.221040536442110636e-01,2.245059964391359908e-01,-3.129813810042350597e-01,-1.490046144062444344e-01,-2.572310667037429610e-01,-1.826686583577620482e+00
3.961999999999999744e+01,1.900000000000000000e+01,9.927046125326228321e+00,3.137257266661785948e+00,-9.625570467232748006e-01,3.876375528480722754e-01,-4.334917982417251792e-01,1.238839967811902198e-01,2.215051692937244632e-01,-3.181168533011108357e-01,-1.510408721271290777e-01,-2.562131861244285047e-01,-1.799238324642342901e+00
3.964000000000000057e+01,1.900000000000000000e+01,9.931445896106056992e+00,3.130843786035395482e+00,-9.764336997707508958e-01,3.901310175813986203e-01,-4.269881523921775224e-01,1.252412815520997924e-01,2.184658798019426251e-01,-3.232257264536050334e-01,-1.528493926642363610e-01,-2.545680062040288627e-01,-1.768632464759663403e+00
3.965999999999999659e+01,1.900000000000000000e+01,9.935784535011336516e+00,3.124328499745713472e+00,-9.901485612889527888e-01,3.926472041101561339e-01,-4.198177389736072462e-01,1.261366000633596940e-01,2.153927700902083797e-01,-3.282952657112028216e-01,-1.544214377433384411e-01,-2.522766505732444431e-01,-1.735097979672203250e+00
3.967999999999999972e+01,1.900000000000000000e+01,9.940061413515309141e+00,3.117712324964204917e+00,-1.003676866209818996e+00,3.951764815839329259e-01,-4.120182201075067163e-01,1.265310397071424120e-01,2.122906570504240198e-01,-3.333123587960034606e-01,-1.557482690902075306e-01,-2.493202428627759593e-01,-1.698864081688076233e+00
3.970000000000000284e+01,1.900000000000000000e+01,9.944276001176712398e+00,3.110996444883165513e+00,-1.016994856529044977e+00,3.977084456984426586e-01,-4.036271696689509025e-01,1.263862446183594557e-01,2.091645323399765055e-01,-3.382635159027205241e-01,-1.568211484306158421e-01,-2.456799067033239858e-01,-1.660156833746820215e+00
3.971999999999999886e+01,1.900000000000000000e+01,9.948427869135086254e+00,3.104182316266272501e+00,-1.030079790495910919e+00,4.002319313686672486e-01,-3.946816082825125305e-01,1.256645616560483347e-01,2.060195623817373256e-01,-3.431348696986812885e-01,-1.576313374903354769e-01,-2.413367657255891252e-01,-1.619195913369558593e+00
3.974000000000000199e+01,1.900000000000000000e+01,9.952516693606082043e+00,3.097271676999128864e+00,-1.042909934101741820e+00,4.027350281646844832e-01,-3.852175160402595000e-01,1.243291707200864238e-01,2.028610883640624973e-01,-3.479121753238268444e-01,-1.581700979951387032e-01,-2.362719435602718687e-01,-1.576191563013290109e+00
3.975999999999999801e+01,1.900000000000000000e+01,9.956542259376773174e+00,3.090266553639812841e+00,-1.055464535108068480e+00,4.052050981974705812e-01,-3.752693263685908942e-01,1.223441996959948597e-01,1.996946262407927053e-01,-3.525808103907129287e-01,-1.584286916707976500e-01,-2.304665638380729020e-01,-1.531341750109997957e+00
3.978000000000000114e+01,1.900000000000000000e+01,9.960504463300967615e+00,3.083169268969426113e+00,-1.067723779995414901e+00,4.076287961525241754e-01,-3.648694041433860891e-01,1.196748247724990222e-01,1.965258667312530794e-01,-3.571257749845085927e-01,-1.583983802430845578e-01,-2.239017501896927997e-01,-1.484829546454483840e+00
3.979999999999999716e+01,1.900000000000000000e+01,9.964403317794511494e+00,3.075982449542639774e+00,-1.079668734299610966e+00,4.099920911883704333e-01,-3.540475104167981057e-01,1.162873572869749239e-01,1.933606753202533057e-01,-3.615316916629974231e-01,-1.580704254377715556e-01,-2.165586262458321365e-01,-1.436820723040129533e+00
3.982000000000000028e+01,1.900000000000000000e+01,9.968238954330601587e+00,3.068709033238243844e+00,-1.091281266831492403e+00,4.122802904440030503e-01,-3.428302549523655762e-01,1.121493186237660922e-01,1.902050922580877657e-01,-3.657828054565767095e-01,-1.574360889806308283e-01,-2.084183156371915424e-01,-1.387461543239693285e+00
3.984000000000000341e+01,1.900000000000000000e+01,9.972011626935096018e+00,3.061352276809694128e+00,-1.102543958246066769e+00,4.144780639333217609e-01,-3.312405361587067998e-01,1.072295050205340772e-01,1.870653325605351192e-01,-3.698629838682578885e-01,-1.564866325974345607e-01,-1.994619419944715366e-01,-1.336876724561054441e+00
3.985999999999999943e+01,1.900000000000000000e+01,9.975721715681824975e+00,3.053915763435660402e+00,-1.113439994337705796e+00,4.165694706448244133e-01,-3.192969659656416659e-01,1.014980444323398956e-01,1.839477860088589434e-01,-3.737557168736663771e-01,-1.552133180139550206e-01,-1.896706289483728325e-01,-1.285167527101976903e+00
3.988000000000000256e+01,1.900000000000000000e+01,9.979369730187897858e+00,3.046403410270572820e+00,-1.123953044288136693e+00,4.185379857106151791e-01,-3.070132747030445697e-01,9.492644787381365745e-02,1.808590171498070109e-01,-3.774441169210416280e-01,-1.536074069559642818e-01,-1.790255001295959492e-01,-1.232409915158318547e+00
3.989999999999999858e+01,1.900000000000000000e+01,9.982956313109013990e+00,3.038819475995171437e+00,-1.134067123883114370e+00,4.203665285597769086e-01,-2.943976881215884522e-01,8.748765791397516978e-02,1.778057652956119283e-01,-3.809109189312370747e-01,-1.516601611492346124e-01,-1.675076791688414890e-01,-1.178652726929712902e+00
3.992000000000000171e+01,1.900000000000000000e+01,9.986482243634769773e+00,3.031168568367053062e+00,-1.143766443440163760e+00,4.220374920271739994e-01,-2.814522653245096206e-01,7.915609725594485724e-02,1.747949445239907751e-01,-3.841384802977201307e-01,-1.493628423195381694e-01,-1.550982896968101654e-01,-1.123915775484119584e+00
3.993999999999999773e+01,1.900000000000000000e+01,9.989948440983974720e+00,3.023455651771218555e+00,-1.153035239850676907e+00,4.235327724500146940e-01,-2.681721825313261309e-01,6.990772061018724060e-02,1.718336436781450760e-01,-3.871087808865722457e-01,-1.467067121926471096e-01,-1.417784553442023587e-01,-1.068187791495614158e+00
3.996000000000000085e+01,1.900000000000000000e+01,9.993355967899955061e+00,3.015686054770621460e+00,-1.161857591729931416e+00,4.248338008515813446e-01,-2.545449432146525970e-01,5.972007338772655771e-02,1.689291263667609955e-01,-3.898034230364889607e-01,-1.436830324943336457e-01,-1.275292997417187268e-01,-1.011424103991115153e+00
3.997999999999999687e+01,1.900000000000000000e+01,9.996706034145864450e+00,3.007865477656714859e+00,-1.170217216180464037e+00,4.259215753855237763e-01,-2.405494901581210487e-01,4.857236112636265091e-02,1.660888309640093652e-01,-3.922036315587798527e-01,-1.402830649503699900e-01,-1.123319465200599276e-01,-9.535439384619786019e-01
4.000000000000000000e+01,2.000000000000000000e+01,1.000000000000000000e+01,3.000000000000000000e+00,-1.178097245096175527e+00,4.267766952966357552e-01,-2.261551892664279140e-01,4.089758993631065209e-02,1.633203706095454066e-01,-3.942902537373682570e-01,-1.364980712865282442e-01,-9.616751930992650799e-02,-8.944271909999043091e-01
4.002000000000000313e+01,2.000000000000000000e+01,1.000323798481259630e+01,2.992094245125787033e+00,-1.186175509516433024e+00,4.275574789829764688e-01,-2.506486334963737850e-01,4.153825531820132255e-02,1.604228513827275771e-01,-3.963204594624325505e-01,-1.530762049602542585e-01,-1.067354921213247987e-01,-9.952690372943181485e-01
4.003999999999999915e+01,2.000000000000000000e+01,1.000641477431903326e+01,2.984145819327672644e+00,-1.195095879913405712e+00,4.284382255093637237e-01,-2.727907133319047439e-01,4.664549990537025792e-02,1.572043575759271283e-01,-3.985550188327233179e-01,-1.685990639151925818e-01,-1.166052765080347747e-01,-1.087521610077498702e+00
4.006000000000000227e+01,2.000000000000000000e+01,1.000952415866879974e+01,2.976150774213367267e+00,-1.204790388342605656e+00,4.294232989791913480e-01,-2.926483282040839851e-01,5.196936503452853628e-02,1.536857826056955700e-01,-4.009801116402742505e-01,-1.830878559337759115e-01,-1.257912285227956728e-01,-1.171231241211979635e+00
4.007999999999999829e+01,2.000000000000000000e+01,1.001256034163816544e+01,2.968105434923529629e+00,-1.215191723715594474e+00,4.305170001107447297e-01,-3.102956434989730394e-01,5.750218877396484629e-02,1.498875957329355857e-01,-4.035822047981737493e-01,-1.965637887984366117e-01,-1.343077042183467018e-01,-1.246466531989531834e+00
4.010000000000000142e+01,2.000000000000000000e+01,1.001551793214705732e+01,2.960006394389347761e+00,-1.226233357765889265e+00,4.317233865301499662e-01,-3.258117598642967794e-01,6.322788886449082213e-02,1.458298420629013659e-01,-4.063480523405649802e-01,-2.090480702916073241e-01,-1.421690596474270707e-01,-1.313321382595076026e+00
4.011999999999999744e+01,2.000000000000000000e+01,1.001839193577595388e+01,2.951850507590113359e+00,-1.237849688322468777e+00,4.330461156653243049e-01,-3.392790124953345976e-01,6.912308151283319546e-02,1.415321425451983306e-01,-4.092646954226458744e-01,-2.205619081957205241e-01,-1.493896508627760578e-01,-1.371917901744105661e+00
4.014000000000000057e+01,2.000000000000000000e+01,1.002117774628276514e+01,2.943634885810807233e+00,-1.249976198895387691e+00,4.344883097906633296e-01,-3.507817745733091130e-01,7.515817591179008161e-02,1.370136939737833515e-01,-4.123194623206693499e-01,-2.311265102932087701e-01,-1.559838339171328858e-01,-1.422408904404299790e+00
4.015999999999999659e+01,2.000000000000000000e+01,1.002387113711973043e+01,2.935356890899671445e+00,-1.262549632137951683e+00,4.360524427017958282e-01,-3.604056497907074386e-01,8.129844031534005921e-02,1.322932689869646405e-01,-4.154999684319429232e-01,-2.407630843665046205e-01,-1.619659648632367777e-01,-1.464979763972662941e+00
4.017999999999999972e+01,2.000000000000000000e+01,1.002646825295028776e+01,2.927014129525792097e+00,-1.275508173612796003e+00,4.377402474032768276e-01,-3.682369535017454010e-01,8.750503427730826900e-02,1.273892160674016116e-01,-4.187941162748288204e-01,-2.494928381980404952e-01,-1.673503997538269561e-01,-1.499849446821441390e+00
4.020000000000000284e+01,2.000000000000000000e+01,1.002896560116597513e+01,2.918604447436675464e+00,-1.288791641462847970e+00,4.395526440728887430e-01,-3.743623977031142469e-01,9.373600067350729148e-02,1.223194595421051856e-01,-4.221900954887441437e-01,-2.573369795702489249e-01,-1.721514946416426162e-01,-1.527270620024326675e+00
4.021999999999999886e+01,2.000000000000000000e+01,1.003136004340332832e+01,2.910125923715836116e+00,-1.302341677072557991e+00,4.414896874302170482e-01,-3.788689101777746315e-01,9.994721047903531996e-02,1.171014995824375959e-01,-4.256763828341608713e-01,-2.643167162655625235e-01,-1.763836055794230084e-01,-1.547528785105248161e+00
4.024000000000000199e+01,2.000000000000000000e+01,1.003364878706073959e+01,2.901576865040360609e+00,-1.316101931590532681e+00,4.435505324920501202e-01,-3.818435319312180054e-01,1.060932530332241441e-01,1.117524122041124585e-01,-4.292417421926056909e-01,-2.704532560664137941e-01,-1.800610886199073557e-01,-1.560940449303769961e+00
4.025999999999999801e+01,2.000000000000000000e+01,1.003582937681536258e+01,2.892955799938499162e+00,-1.330018243251781529e+00,4.457334175515459407e-01,-3.833733492366335760e-01,1.121282647169028479e-01,1.062888492671945767e-01,-4.328752245666601106e-01,-2.757678067552352674e-01,-1.831982998158349363e-01,-1.567850398589796024e+00
4.028000000000000114e+01,2.000000000000000000e+01,1.003789968613998695e+01,2.884261473047236901e+00,-1.344038800755869456e+00,4.480356630807262319e-01,-3.835454271959798933e-01,1.180066895822680095e-01,1.007270384761003307e-01,-4.365661680799604039e-01,-2.802815761144593631e-01,-1.858095952199449452e-01,-1.568628181206055627e+00
4.029999999999999716e+01,2.000000000000000000e+01,1.003985790881995399e+01,2.875492839369878428e+00,-1.358114288486835353e+00,4.504536851348364679e-01,-3.824467208698195120e-01,1.236839664656130822e-01,9.508278337959730209e-02,-4.403041979771973313e-01,-2.840157719265187231e-01,-1.879093308849765220e-01,-1.563663945088369589e+00
4.032000000000000028e+01,2.000000000000000000e+01,1.004170255047001348e+01,2.866649058533622174e+00,-1.372198010055315276e+00,4.529830217393506220e-01,-3.801639479216206152e-01,1.291171384082083762e-01,8.937146337080442704e-02,-4.440792266241171404e-01,-2.869916019738458779e-01,-1.895118628636690838e-01,-1.553363796009175291e+00
4.034000000000000341e+01,2.000000000000000000e+01,1.004343242005121439e+01,2.857729489047141858e+00,-1.386245987452249917e+00,4.556183706711655623e-01,-3.767834135358060776e-01,1.342653817211783007e-01,8.360803368719213480e-02,-4.478814535075201775e-01,-2.892302740388733584e-01,-1.906315472087617702e-01,-1.538144855381690990e+00
4.035999999999999943e+01,2.000000000000000000e+01,1.004504662138780802e+01,2.848733682558165281e+00,-1.400217033975213354e+00,4.583536370081975897e-01,-3.723907842305836380e-01,1.390904536581860640e-01,7.780702541058201471e-02,-4.517013652352620534e-01,-2.907529959040336398e-01,-1.912827399729937761e-01,-1.518430197798893655e+00
4.038000000000000256e+01,2.000000000000000000e+01,1.004654454468411906e+01,2.839661378111048240e+00,-1.414072799973233652e+00,4.611819888174928939e-01,-3.670708121703525340e-01,1.435570593094883662e-01,7.198254546714705215e-02,-4.555297355362525891e-01,-2.915809753517591973e-01,-1.914797972091042966e-01,-1.494643839705100730e+00
4.039999999999999858e+01,2.000000000000000000e+01,1.004792585804144167e+01,2.830512496404365308e+00,-1.427777791309414290e+00,4.640959193805769822e-01,-3.609070157146834212e-01,1.476331399082511098e-01,6.614827662741165626e-02,-4.593576252604569810e-01,-2.917354201644827838e-01,-1.912370749698327210e-01,-1.467205933792423034e+00
4.042000000000000171e+01,2.000000000000000000e+01,1.004919049897492656e+01,2.821287134048472645e+00,-1.441299361225164111e+00,4.670873144138228406e-01,-3.539813252157296142e-01,1.512900861735602120e-01,6.031747750625153504e-02,-4.631763823788948575e-01,-2.912375381246365968e-01,-1.905689293079180224e-01,-1.436528300814809977e+00
4.043999999999999773e+01,2.000000000000000000e+01,1.005033866593046810e+01,2.811985557823104109e+00,-1.454607676976477526e+00,4.701475228275192042e-01,-3.463737054744608357e-01,1.545028815402957889e-01,5.450298256289377169e-02,-4.669776419836410009e-01,-2.901085370146533338e-01,-1.894897162760996734e-01,-1.403010403699641362e+00
4.046000000000000085e+01,2.000000000000000000e+01,1.005137080980157549e+01,2.802608198934936290e+00,-1.467675663181729151e+00,4.732674296754346144e-01,-3.381617677754946150e-01,1.572501811073312439e-01,4.871720210091675524e-02,-4.707533262878244029e-01,-2.883696246169654698e-01,-1.880137919271167302e-01,-1.367035840244267497e+00
4.047999999999999687e+01,2.000000000000000000e+01,1.005228762544628474e+01,2.793155647275171738e+00,-1.480478924261181106e+00,4.764375300718122763e-01,-3.294203850505749709e-01,1.595143328504224911e-01,4.297212226825028458e-02,-4.744956446256293758e-01,-2.860420087140058132e-01,-1.861555123137085266e-01,-1.328969402238554309e+00
4.050000000000000000e+01,2.000000000000000000e+01,1.005309004320403865e+01,2.783628645677122648e+00,-1.492995648658582253e+00,4.796480029894514274e-01,-3.202213235162190696e-01,1.612813480935884058e-01,3.727930505717545057e-02,-4.781970934522948857e-01,-2.831468970882064506e-01,-1.839292334886143132e-01,-1.289154722156463206e+00
4.052000000000000313e+01,2.000000000000000000e+01,1.005377922041255090e+01,2.774028084173783437e+00,-1.505206497719702607e+00,4.828887839955567918e-01,-3.106329031755068470e-01,1.625408284249889590e-01,3.164988830432472616e-02,-4.818504563441143862e-01,-2.797054975220001349e-01,-1.813493115045732018e-01,-1.247912504822166868e+00
4.053999999999999915e+01,2.000000000000000000e+01,1.005435653292473042e+01,2.764354994255412645e+00,-1.517094482171880365e+00,4.861496361264509014e-01,-3.007196979890131572e-01,1.632858562047285744e-01,2.609458569068193526e-02,-4.854488039984363734e-01,-2.757390177978193968e-01,-1.784301024143244985e-01,-1.205539321481340576e+00
4.056000000000000227e+01,2.000000000000000000e+01,1.005482356662553656e+01,2.754610543127111733e+00,-1.528644829117190573e+00,4.894202182437457638e-01,-2.905422844575030195e-01,1.635128555784532978e-01,2.062368674158222837e-02,-4.889854942336642196e-01,-2.712686656980968225e-01,-1.751859622706075093e-01,-1.162306927908658638e+00
4.057999999999999829e+01,2.000000000000000000e+01,1.005518210894887687e+01,2.744796027966401208e+00,-1.539844842336580255e+00,4.926901503495889068e-01,-2.801570449897220483e-01,1.632214305146106881e-01,1.524705682671212079e-02,-4.924541719892557845e-01,-2.663156490052648318e-01,-1.716312471261612904e-01,-1.118462056629382806e+00
4.060000000000000142e+01,2.000000000000000000e+01,1.005543414039451200e+01,2.734912870180806088e+00,-1.550683758521244959e+00,4.959490754643300359e-01,-2.696160299274624195e-01,1.624141858699772456e-01,9.974137160109482203e-03,-4.958487693257240259e-01,-2.609011755017558998e-01,-1.677803130337251758e-01,-1.074226625823793135e+00
4.061999999999999744e+01,2.000000000000000000e+01,1.005558182604491435e+01,2.724962609665427138e+00,-1.561152601818333263e+00,4.991867177843878345e-01,-2.589668796324826050e-01,1.610965368906445150e-01,4.813944800163515864e-03,-4.991635054246363890e-01,-2.550464529700026128e-01,-1.636475160460383604e-01,-1.029798303615367061e+00
4.064000000000000057e+01,2.000000000000000000e+01,1.005562750708217301e+01,2.714946899060524999e+00,-1.571244038817421362e+00,5.023929369399556810e-01,-2.482528057494469420e-01,1.592765119115213679e-01,-2.249273503852196549e-04,-5.023928865886153616e-01,-2.487726891924375572e-01,-1.592472122158400671e-01,-9.853513656874147708e-01
4.065999999999999659e+01,2.000000000000000000e+01,1.005557369230486664e+01,2.704867498009095872e+00,-1.580952235826891039e+00,5.055577782608485782e-01,-2.375126287587416563e-01,1.569645523559373146e-01,-5.134310544444805648e-03,-5.055317062413381413e-01,-2.421010919514932636e-01,-1.545937575958695742e-01,-9.410377859364376096e-01
4.067999999999999972e+01,2.000000000000000000e+01,1.005542304964496836e+01,2.694726267414452536e+00,-1.590272720008039986e+00,5.086715190341929427e-01,-2.267808673002387476e-01,1.541733134835148178e-01,-9.906460190571961602e-03,-5.085750449275366902e-01,-2.350528690296021517e-01,-1.497015082388660490e-01,-8.969885035538817109e-01
4.070000000000000284e+01,2.000000000000000000e+01,1.005517839768472399e+01,2.684525163697803585e+00,-1.599202245659739008e+00,5.117247108001901079e-01,-2.160878735248107918e-01,1.509174687092933453e-01,-1.453405585297213795e-02,-5.115182703129975694e-01,-2.276492282091968355e-01,-1.445848201975687974e-01,-8.533148149634069979e-01
4.071999999999999886e+01,2.000000000000000000e+01,1.005484269717353563e+01,2.674266233055830888e+00,-1.607738666685686324e+00,5.147082177825645921e-01,-2.054600079220118558e-01,1.472135197329329515e-01,-1.901020125149928755e-02,-5.143570371845624933e-01,-2.199113772727099292e-01,-1.392580495247170425e-01,-8.101098449206181051e-01
4.074000000000000199e+01,2.000000000000000000e+01,1.005441904254484520e+01,2.663951605718267057e+00,-1.615880816035536682e+00,5.176132515895073283e-01,-1.949198466588503709e-01,1.430796141876857774e-01,-2.332842426165617974e-02,-5.170872874501275529e-01,-2.118605240025737135e-01,-1.337355522730498680e-01,-7.674500573748096466e-01
4.075999999999999801e+01,2.000000000000000000e+01,1.005391065343304113e+01,2.653583490205477347e+00,-1.623628392694187461e+00,5.204314023500719033e-01,-1.844864144035110731e-01,1.385353720437301206e-01,-2.748267691459413062e-02,-5.197052501386438816e-01,-2.035178761812208581e-01,-1.280316844953066358e-01,-7.253967730483815712e-01
4.078000000000000114e+01,2.000000000000000000e+01,1.005332086619032239e+01,2.643164167586038893e+00,-1.630981856602364832e+00,5.231546664712564132e-01,-1.741754358426903238e-01,1.336017215891160959e-01,-3.146733539711312616e-02,-5.222074414001175446e-01,-1.949046415910837549e-01,-1.221608022442265129e-01,-6.839976668414481376e-01
4.079999999999999716e+01,2.000000000000000000e+01,1.005265312540359979e+01,2.632695985734317290e+00,-1.637942331727080258e+00,5.257754712136365471e-01,-1.639995995682497487e-01,1.283007454573947825e-01,-3.527720005166183614e-02,-5.245906645056090944e-01,-1.860420280145952399e-01,-1.161372615725488194e-01,-6.432882239242484479e-01
4.082000000000000028e+01,2.000000000000000000e+01,1.005191097541137779e+01,2.622181353588045383e+00,-1.644511517362103659e+00,5.282866962895520491e-01,-1.539688286435418330e-01,1.226555368748964980e-01,-3.890749537633747535e-02,-5.268520098472337931e-01,-1.769512432341875385e-01,-1.099754185330126532e-01,-6.032931386118181027e-01
4.084000000000000341e+01,2.000000000000000000e+01,1.005109805182064697e+01,2.611622735405904283e+00,-1.650691607625142554e+00,5.306816926886331887e-01,-1.440905529010348129e-01,1.166900660575240778e-01,-4.235387002488606029e-02,-5.289888549381621674e-01,-1.676534950322934314e-01,-1.036896291783574731e-01,-5.640276447524628090e-01
4.085999999999999943e+01,2.000000000000000000e+01,1.005021807302375514e+01,2.601022645025100388e+00,-1.656485219028112965e+00,5.329542989318529767e-01,-1.343699788168332965e-01,1.104290564911369898e-01,-4.561239680670219065e-02,-5.309988644126188984e-01,-1.581699911913451717e-01,-9.729424956132218250e-02,-5.254987703765965357e-01
4.088000000000000256e+01,2.000000000000000000e+01,1.004927483171531399e+01,2.590383640118945952e+00,-1.661895325927612355e+00,5.350988549482784684e-01,-1.248103536092281668e-01,1.038978706786899409e-01,-4.867957268682904931e-02,-5.328799900258841538e-01,-1.485219394937753734e-01,-9.080363573464615701e-02,-4.877065127512281162e-01
4.089999999999999858e+01,2.000000000000000000e+01,1.004827218640907915e+01,2.579708316454436101e+00,-1.666925203612091178e+00,5.371102137590005876e-01,-1.154132209820649679e-01,9.712240482076239800e-02,-5.155231878595861739e-02,-5.346304706542923668e-01,-1.387305477220166783e-01,-8.423214375106875818e-02,-4.506449327977120056e-01
4.092000000000000171e+01,2.000000000000000000e+01,1.004721405295482839e+01,2.568999302149828967e+00,-1.671578378747879290e+00,5.389837511411088578e-01,-1.061786666534181023e-01,9.012899181439593121e-02,-5.422798038043134816e-02,-5.362488322952324582e-01,-1.288170236585015060e-01,-7.759412966332900063e-02,-4.143031701017431123e-01
4.093999999999999773e+01,2.000000000000000000e+01,1.004610439605526828e+01,2.558259251932224476e+00,-1.675858586885777379e+00,5.407153734315763849e-01,-9.710555245835482407e-02,8.294431189858286757e-02,-5.670432690223652789e-02,-5.377338880671491683e-01,-1.188025750856624152e-01,-7.090394952416623209e-02,-3.786663815297099389e-01
4.096000000000000085e+01,2.000000000000000000e+01,1.004494722078289293e+01,2.547490841395143146e+00,-1.679769736721101969e+00,5.423015236170520836e-01,-8.819173838136590282e-02,7.559531024140220268e-02,-5.897955193901191495e-02,-5.390847382095411700e-01,-1.087084097859319920e-01,-6.417595938631970309e-02,-3.437166078228832689e-01
4.097999999999999687e+01,2.000000000000000000e+01,1.004374656409690658e+01,2.536696761256106658e+00,-1.683315880800785980e+00,5.437391858412324863e-01,-7.943429235523027931e-02,6.810912074837993657e-02,-6.105227323404403827e-02,-5.403007700829621784e-01,-9.855573554174265616e-02,-5.742451530252855318e-02,-3.094335735290600353e-01
4.100000000000000000e+01,2.000000000000000000e+01,1.004250648636007526e+01,2.525879711614212209e+00,-1.686501192379420866e+00,5.450258884469871834e-01,-7.082968805914763299e-02,6.051299537076637591e-02,-6.292153268626810014e-02,-5.413816581690209517e-01,-8.836576013552699393e-02,-5.066397332553207455e-02,-2.757954263059527733e-01
4.102000000000000313e+01,2.000000000000000000e+01,1.004123106285563338e+01,2.515042396207715303e+00,-1.689329948140286586e+00,5.461597056560635322e-01,-6.237399126360907570e-02,5.283423820403143623e-02,-6.458679635026783050e-02,-5.423273640703804022e-01,-7.815969134971753607e-02,-4.390868950806946919e-02,-2.427794220426952587e-01
4.103999999999999915e+01,2.000000000000000000e+01,1.003992437530417270e+01,2.504187516671608105e+00,-1.691806516515837799e+00,5.471392579751485075e-01,-5.406303550855695583e-02,4.510014368625370196e-02,-6.604795443627574369e-02,-5.431381365107588177e-01,-6.795873696674674391e-02,-3.717301990287997376e-02,-2.103625624406510741e-01
4.106000000000000227e+01,2.000000000000000000e+01,1.003859050338052228e+01,2.493317766795197787e+00,-1.693935351363481390e+00,5.479637114035136314e-01,-4.589258807187874406e-02,3.733793823450604066e-02,-6.730532131017286090e-02,-5.438145113349289739e-01,-5.778410476904728699e-02,-3.047132056270285966e-02,-1.785221917109300338e-01
4.107999999999999829e+01,2.000000000000000000e+01,1.003723351623062854e+01,2.482435826779684884e+00,-1.695720990775529291e+00,5.486327755045288246e-01,-3.785850729462783559e-02,2.957472468966493295e-02,-6.835963549348897383e-02,-5.443573115087185776e-01,-4.765700253905148787e-02,-2.381794754027723865e-02,-1.472365589159594923e-01
4.110000000000000142e+01,2.000000000000000000e+01,1.003585746398846013e+01,2.471544357495743416e+00,-1.697168060825902547e+00,5.491467003911001399e-01,-2.995689238485318984e-02,2.183742897826945750e-02,-6.921205966340249205e-02,-5.447676471190100456e-01,-3.759863805919205770e-02,-1.722725688834245844e-02,-1.164853522319861251e-01
4.111999999999999744e+01,2.000000000000000000e+01,1.003446636929288793e+01,2.460645994741099241e+00,-1.698281284079525388e+00,5.495062726636595896e-01,-2.218422683033190526e-02,1.415274844181979574e-02,-6.986418065274045686e-02,-5.450469153737405037e-01,-2.763021911190147867e-02,-1.071360465963769500e-02,-8.625021105832948731e-02
4.114000000000000057e+01,2.000000000000000000e+01,1.003306421880455623e+01,2.449743343498108850e+00,-1.699065492712556802e+00,5.497128103287728385e-01,-1.453751651790289798e-02,6.547101328644444607e-03,-7.031800944997856906e-02,-5.451968006019020097e-01,-1.777295347961214966e-02,-4.291346906902159843e-03,-5.651522146197159036e-02
4.115999999999999659e+01,2.000000000000000000e+01,1.003165495472279645e+01,2.438838972191338161e+00,-1.699525646111871291e+00,5.497681567168054562e-01,-7.014423588695533826e-03,-9.534230072976157544e-04,-7.057598119924117508e-02,-5.452192742535413306e-01,-8.048048944756783576e-03,2.025160317124816665e-03,-2.726739993199671364e-02
4.117999999999999972e+01,2.000000000000000000e+01,1.003024246630249650e+01,2.427935406945141317e+00,-1.699666852839841313e+00,5.496746734084808628e-01,3.866030413022071089e-04,-8.323113604378207242e-03,-7.064095520030128084e-02,-5.451165948997600541e-01,1.523286710232121376e-03,8.221560959704088054e-03,1.502830167397543664e-03
4.120000000000000284e+01,2.000000000000000000e+01,1.002883058137099326e+01,2.417035125841241250e+00,-1.699494396864822177e+00,5.494352321726302391e-01,7.666199693616779741e-03,-1.553668743490810300e-02,-7.051621490858055175e-02,-5.448913082327144775e-01,1.091984570292225780e-02,1.428349896809650611e-02,2.980116571264515915e-02
4.121999999999999886e+01,2.000000000000000000e+01,1.002742305784495436e+01,2.406140553176304486e+00,-1.699013767968186484e+00,5.490532059110845298e-01,1.482396182361328009e-02,-2.256933927633042458e-02,-7.020546793514925721e-02,-5.445462470656157183e-01,2.012042025088084732e-02,2.019661828956270666e-02,5.762895150049280463e-02
4.124000000000000199e+01,2.000000000000000000e+01,1.002602357524727772e+01,2.395254053719526155e+00,-1.698230696244690918e+00,5.485324586015769555e-01,2.185831932715762843e-02,-2.939679213098855826e-02,-6.971284604672640939e-02,-5.440845313327297150e-01,2.910380257167553483e-02,2.594656287136355363e-02,8.498270629018001010e-02
4.125999999999999801e+01,2.000000000000000000e+01,1.002463572622396093e+01,2.384377926970203010e+00,-1.697151190613837901e+00,5.478773342258450585e-01,2.876641298002777930e-02,-3.599534834012274587e-02,-6.904290516567954117e-02,-5.435095680893771153e-01,3.784878488287361092e-02,3.151897666075972881e-02,1.118536458907874731e-01
4.128000000000000114e+01,2.000000000000000000e+01,1.002326300806100434e+01,2.373514401415316666e+00,-1.695781581255120907e+00,5.470926446679720279e-01,3.554397194734899151e-02,-4.234194145735159509e-02,-6.820062537002498371e-02,-5.428250515119336095e-01,4.633415940204273220e-02,3.689950360501208920e-02,1.382272029471874331e-01
4.129999999999999716e+01,2.000000000000000000e+01,1.002190881420129109e+01,2.362665628787108396e+00,-1.694128565869120084e+00,5.461836565675510791e-01,4.218519253218099008e-02,-4.841418885722070797e-02,-6.719141089342757500e-02,-5.420349628978292644e-01,5.453871834675028119e-02,4.207378765138132526e-02,1.640825441410470042e-01
4.132000000000000028e+01,2.000000000000000000e+01,1.002057642576146890e+01,2.351833678320662813e+00,-1.692199259648810905e+00,5.451560771136831907e-01,4.868261857923070202e-02,-5.419044495593716704e-02,-6.602109012520092357e-02,-5.411435706655491895e-01,6.244125393456374101e-02,4.702747274712829051e-02,1.893920866831763083e-01
4.134000000000000341e+01,2.000000000000000000e+01,1.001926900304884960e+01,2.341020531011481776e+00,-1.690001248820701241e+00,5.440160387693132593e-01,5.502702420915431269e-02,-5.964985481186779737e-02,-6.469591561030720028e-02,-5.401554303546332036e-01,7.002055838305056013e-02,5.174620283951369970e-02,2.141210172324418959e-01
4.135999999999999943e+01,2.000000000000000000e+01,1.001798957707828563e+01,2.330228073873068517e+00,-1.687542647583123001e+00,5.427700829212085409e-01,6.120729982830058757e-02,-6.477240775254600180e-02,-6.322256404935730489e-02,-5.390753846256759463e-01,7.725542390977824247e-02,5.621562187579834391e-02,2.382268177335777060e-01
4.138000000000000256e+01,2.000000000000000000e+01,1.001674104108906427e+01,2.319458094194502440e+00,-1.684832158228829035e+00,5.414251424592113615e-01,6.721034263480267501e-02,-6.953899054257206558e-02,-6.160813629861067869e-02,-5.379085632603268774e-01,8.412464273231426426e-02,6.042137380324298646e-02,2.616588041161124756e-01
4.139999999999999858e+01,2.000000000000000000e+01,1.001552614206178404e+01,2.308712273798017911e+00,-1.681879134190776837e+00,5.399885232995057516e-01,7.302095312099035618e-02,-7.393143946103641895e-02,-5.986015736997554043e-02,-5.366603831612900555e-01,9.060700706822612249e-02,6.434910256910841841e-02,2.843576853283603101e-01
4.142000000000000171e+01,2.000000000000000000e+01,1.001434747223525790e+01,2.297992183296588387e+00,-1.678693645693522862e+00,5.384678848807699092e-01,7.862173935018086646e-02,-7.793259050046152936e-02,-5.798657643100871284e-02,-5.353365483523246926e-01,9.668130913508116153e-02,6.798445212065534760e-02,3.062551517762903686e-01
4.143999999999999773e+01,2.000000000000000000e+01,1.001320746062338252e+01,2.287299276351497657e+00,-1.675286547628101363e+00,5.368712196794873659e-01,8.399303105891831045e-02,-8.152632672943305181e-02,-5.599576680491557407e-02,-5.339430499782442663e-01,1.023263411504470310e-01,7.131306640514466222e-02,3.272735038716876321e-01
4.146000000000000085e+01,2.000000000000000000e+01,1.001210836453203967e+01,2.276634883929924413e+00,-1.671669549195915261e+00,5.352068318115925649e-01,8.911280589977337019e-02,-8.469762168198613494e-02,-5.389652597055028665e-02,-5.324861663049174076e-01,1.075208953318911170e-01,7.432058936983701458e-02,3.473253330332869426e-01
4.147999999999999687e+01,2.000000000000000000e+01,1.001105226107597446e+01,2.266000208562521046e+00,-1.667855284787548964e+00,5.334833148122080093e-01,9.395663039162445440e-02,-8.743257744834131984e-02,-5.169807556241563795e-02,-5.309724627192677904e-01,1.122437638969809304e-01,7.699266496199326515e-02,3.663132690854355999e-01
4.150000000000000000e+01,2.000000000000000000e+01,1.001004103869568951e+01,2.255396318600987549e+00,-1.663857385476354978e+00,5.317095287136589521e-01,9.849761838175867534e-02,-8.971845594737715146e-02,-4.941006137066297071e-02,-5.294087917292729095e-01,1.164737390632838987e-01,7.931493712887413561e-02,3.841298095089613063e-01
4.152000000000000313e+01,2.000000000000000000e+01,1.000907638867432503e+01,2.244824142475656537e+00,-1.659690550415264143e+00,5.298945765743123815e-01,1.027064100466809071e-01,-9.154370166519498753e-02,-4.704255334109239128e-02,-5.278022929639660799e-01,1.201896130483674913e-01,8.127304981774038928e-02,4.006572473573549176e-01
4.153999999999999915e+01,2.000000000000000000e+01,1.000815979665454591e+01,2.234284462953068484e+00,-1.655370617329956495e+00,5.280477806470512681e-01,1.065511746679522059e-01,-9.289795395005207013e-02,-4.460604557515260304e-02,-5.261603931734349926e-01,1.233701780697992467e-01,8.285264697585284499e-02,4.157677157897829989e-01
4.156000000000000227e+01,2.000000000000000000e+01,1.000729253415543774e+01,2.223777911393550966e+00,-1.650914631204058791e+00,5.261786584163103964e-01,1.099976406201057799e-01,-9.377204676916583992e-02,-4.211145632994098276e-02,-5.244908062288220485e-01,1.259942263451466204e-01,8.403937255047227994e-02,4.293233680170714939e-01
4.157999999999999829e+01,2.000000000000000000e+01,1.000647565008938145e+01,2.213304962008799226e+00,-1.646340910154447057e+00,5.242968987762847144e-01,1.130091562071430522e-01,-9.415799366220944933e-02,-3.957012801820353198e-02,-5.228015331223243578e-01,1.280405500919770123e-01,8.481887048885938807e-02,4.411767119317688834e-01
4.160000000000000142e+01,2.000000000000000000e+01,1.000570996227895293e+01,2.202865926119453643e+00,-1.641669107399372329e+00,5.224123386698220628e-01,1.155467851926654244e-01,-9.404895548033209707e-02,-3.699382720833489790e-02,-5.211008619671940734e-01,1.294879415278579748e-01,8.517678473827502983e-02,4.511711187244102361e-01
4.161999999999999744e+01,2.000000000000000000e+01,1.000499604897379768e+01,2.192460946412678524e+00,-1.636920268131499823e+00,5.205349405570715016e-01,1.175694410992583344e-01,-9.343918838471232391e-02,-3.439474462437841495e-02,-5.193973679977380575e-01,1.303151928703568940e-01,8.509875924597988528e-02,4.591415243074851715e-01
4.164000000000000057e+01,2.000000000000000000e+01,1.000433424036753038e+01,2.182089991199741785e+00,-1.632116880024750305e+00,5.186747711344337208e-01,1.190340646196807600e-01,-9.232396950694088389e-02,-3.178549514602604237e-02,-5.176999135693178822e-01,1.305010963370413501e-01,8.457043795923477325e-02,4.649153413207856023e-01
4.165999999999999659e+01,2.000000000000000000e+01,1.000372461011460778e+01,2.171752848673594194e+00,-1.627282916030705628e+00,5.168419817767939684e-01,1.198958487997371369e-01,-9.069949765411777776e-02,-2.917911780861839541e-02,-5.160176481583499397e-01,1.300244441454787570e-01,8.357746482530048482e-02,4.683135978391524401e-01
4.167999999999999972e+01,2.000000000000000000e+01,1.000316696684723006e+01,2.161449121166446830e+00,-1.622443868059854966e+00,5.150467912282691296e-01,1.201085170313094252e-01,-8.856276648567629195e-02,-2.658907580314478353e-02,-5.143600083623053321e-01,1.288640285132365837e-01,8.210548379143775555e-02,4.691523166321794336e-01
4.170000000000000284e+01,2.000000000000000000e+01,1.000266084569221547e+01,2.151178219407350323e+00,-1.617626770097392086e+00,5.132994711173664015e-01,1.196246593378852974e-01,-8.591140770818661565e-02,-2.402925647624303690e-02,-5.127367178997102037e-01,1.269986416578823829e-01,8.014013880490739039e-02,4.672441459497757577e-01
4.171999999999999886e+01,2.000000000000000000e+01,1.000220549978789819e+01,2.140939356779775871e+00,-1.612860209274483925e+00,5.116103349199416783e-01,1.183961329361390702e-01,-8.274350203774361034e-02,-2.151397133019977009e-02,-5.111577876101450757e-01,1.244070757969835406e-01,7.766707381297018042e-02,4.624002493741296571e-01
4.174000000000000199e+01,2.000000000000000000e+01,1.000179989180100648e+01,2.130731543579191367e+00,-1.608174323405140438e+00,5.099897310358567637e-01,1.163745335898292849e-01,-7.905735597918805979e-02,-1.905795602295021207e-02,-5.096335154542456225e-01,1.210681231481075398e-01,7.467193276288681958e-02,4.544324583667282424e-01
4.175999999999999801e+01,2.000000000000000000e+01,1.000144268544355342e+01,2.120553581270641530e+00,-1.603600783506593519e+00,5.084480406807742048e-01,1.135117447855104045e-01,-7.485124287280875421e-02,-1.667637036807820619e-02,-5.081744865137022282e-01,1.169605759288218499e-01,7.114035960191809893e-02,4.431556868581628117e-01
4.178000000000000114e+01,2.000000000000000000e+01,1.000113223698972931e+01,2.110404056746327583e+00,-1.599172759847089287e+00,5.069956813209445246e-01,1.097605721695210368e-01,-7.012310717261094339e-02,-1.438479833481627959e-02,-5.067915729912597644e-01,1.120632263566939818e-01,6.705799827732485119e-02,4.283906027118364879e-01
4.179999999999999716e+01,2.000000000000000000e+01,1.000086658679277640e+01,2.100281336583183389e+00,-1.594924870108059611e+00,5.056431163938698292e-01,1.050754708679382671e-01,-6.487023154859450358e-02,-1.219924804804560503e-02,-5.054959342107183673e-01,1.063548666492914047e-01,6.241049273636779110e-02,4.099665462863604226e-01
4.182000000000000028e+01,2.000000000000000000e+01,1.000064345080188488e+01,2.090183561300458237e+00,-1.590893108305783121e+00,5.044008720590008599e-01,9.941337309391758137e-02,-5.908886715269723311e-02,-1.013615178829600089e-02,-5.042990166169324384e-01,9.981428902418154614e-02,5.718348692630770280e-02,3.877246817684713576e-01
4.184000000000000341e+01,2.000000000000000000e+01,1.000046021207907820e+01,2.080108639617292976e+00,-1.587114753188201943e+00,5.032795617077615580e-01,9.273462260700947313e-02,-5.277382825492260565e-02,-8.212365991745938093e-03,-5.032125537758116440e-01,9.242028569893193102e-02,5.136262479440537043e-02,3.615213625684858822e-01
4.185999999999999943e+01,2.000000000000000000e+01,1.000031391231610556e+01,2.070054242710299697e+00,-1.583628254902487598e+00,5.022899189288040356e-01,8.500402085357162962e-02,-4.591805344037425129e-02,-6.445171250222535807e-03,-5.022485663743201378e-01,8.415164889111001467e-02,4.493355028792155037e-02,3.312316879367313560e-01
4.188000000000000256e+01,2.000000000000000000e+01,1.000020124335130944e+01,2.060017798471140082e+00,-1.580473098815248223e+00,5.014428395701466812e-01,7.619198667274772185e-02,-3.851213665706687550e-02,-4.852272311201567476e-03,-5.014193622204768941e-01,7.498717081828326636e-02,3.788190735411701981e-02,2.967532240732055904e-01
4.189999999999999858e+01,2.000000000000000000e+01,1.000011853868654299e+01,2.049996485764107312e+00,-1.577689645457466261e+00,5.007494334625213206e-01,6.627582696645470395e-02,-3.054383260938031697e-02,-3.451798077807452167e-03,-5.007375362433558186e-01,6.490564369801914146e-02,3.019333994025254209e-02,2.580098592685027281e-01
4.192000000000000171e+01,2.000000000000000000e+01,1.000006176500402510e+01,2.039987228683698639e+00,-1.575318945659161418e+00,5.002210862657715529e-01,5.524110939180091467e-02,-2.199754229724604215e-02,-2.262301608813276250e-03,-5.002159704930854156e-01,5.388585974788528965e-02,2.185349199358901234e-02,2.149557588194316859e-01
4.193999999999999773e+01,2.000000000000000000e+01,1.000002651368325424e+01,2.029986690812201289e+00,-1.573402530035201918e+00,4.998695317706313701e-01,4.308311970538691860e-02,-1.285378589304286834e-02,-1.302760118640735720e-03,-4.998678341408491765e-01,4.190661118544890262e-02,1.284800746138698400e-02,1.675793812653662562e-01
4.196000000000000085e+01,2.000000000000000000e+01,1.000000799231787774e+01,2.019991269477267704e+00,-1.571982172087286855e+00,4.997069348300499092e-01,2.980837579311945706e-02,-3.088671612088589313e-03,-5.925749773602184819e-04,-4.997065834788850802e-01,2.894669022827756413e-02,3.162530290907330545e-03,1.159075124180689725e-01
4.197999999999999687e+01,2.000000000000000000e+01,1.000000101623258608e+01,2.009997090009493448e+00,-1.571099624305216880e+00,4.997459849061477444e-01,1.543615783314345423e-02,7.326629248746385770e-03,-1.515717106907483601e-04,-4.997459619204863146e-01,1.498488909393877987e-02,-7.217295570589170838e-03,6.000926712023692267e-02
4.200000000000000000e+01,2.100000000000000000e+01,1.000000000000000000e+01,2.000000000000000000e+00,-1.570796326794896558e+00,4.999999999999998890e-01,0.000000000000000000e+00,1.509687821083183223e-02,0.000000000000000000e+00,-4.999999999999998890e-01,0.000000000000000000e+00,-1.830582617583953464e-02,0.000000000000000000e+00
4.202000000000000313e+01,2.100000000000000000e+01,9.999999999999998224e+00,1.989996447575033356e+00,-1.570796326794896558e+00,5.003498600345811509e-01,0.000000000000000000e+00,1.670186968631526270e-02,0.000000000000000000e+00,-5.003498600345811509e-01,0.000000000000000000e+00,-1.669106924886869930e-02,0.000000000000000000e+00
4.203999999999999915e+01,2.100000000000000000e+01,1.000000000000000000e+01,1.979986216562279688e+00,-1.570796326794896558e+00,5.006680747874524551e-01,0.000000000000000000e+00,1.515173232574440476e-02,0.000000000000000000e+00,-5.006680747874524551e-01,0.000000000000000000e+00,-1.514111494656033251e-02,0.000000000000000000e+00
4.206000000000000227e+01,2.100000000000000000e+01,1.000000000000000000e+01,1.969969926980071673e+00,-1.570796326794896558e+00,5.009559293276109049e-01,0.000000000000000000e+00,1.366529924026416154e-02,0.000000000000000000e+00,-5.009559293276109049e-01,0.000000000000000000e+00,-1.365486491934389014e-02,0.000000000000000000e+00
4.207999999999999829e+01,2.100000000000000000e+01,9.999999999999996447e+00,1.959948173365031465e+00,-1.570796326794896558e+00,5.012146867570630437e-01,0.000000000000000000e+00,1.224147208031034495e-02,0.000000000000000000e+00,-5.012146867570630437e-01,0.000000000000000000e+00,-1.223122081764881769e-02,0.000000000000000000e+00
4.210000000000000142e+01,2.100000000000000000e+01,9.999999999999996447e+00,1.949921525211411932e+00,-1.570796326794896558e+00,5.014455882108233009e-01,0.000000000000000000e+00,1.087915249629745063e-02,0.000000000000000000e+00,-5.014455882108233009e-01,0.000000000000000000e+00,-1.086908429190457104e-02,0.000000000000000000e+00
4.211999999999999744e+01,2.100000000000000000e+01,9.999999999999996447e+00,1.939890527410434773e+00,-1.570796326794896558e+00,5.016498528569148796e-01,0.000000000000000000e+00,9.577242138671948624e-03,0.000000000000000000e+00,-5.016498528569148796e-01,0.000000000000000000e+00,-9.567356992540595670e-03,0.000000000000000000e+00
4.214000000000000057e+01,2.100000000000000000e+01,9.999999999999998224e+00,1.929855700689631748e+00,-1.570796326794896558e+00,5.018286778963702011e-01,0.000000000000000000e+00,8.334642657867874505e-03,0.000000000000000000e+00,-5.018286778963702011e-01,0.000000000000000000e+00,-8.324940569986342270e-03,0.000000000000000000e+00
4.215999999999999659e+01,2.100000000000000000e+01,1.000000000000000178e+01,1.919817542052183468e+00,-1.570796326794896558e+00,5.019832385632295724e-01,0.000000000000000000e+00,7.150255704292618475e-03,0.000000000000000000e+00,-5.019832385632295724e-01,0.000000000000000000e+00,-7.140736674671261525e-03,0.000000000000000000e+00
4.217999999999999972e+01,2.100000000000000000e+01,1.000000000000000355e+01,1.909776525216258625e+00,-1.570796326794896558e+00,5.021146881245418525e-01,0.000000000000000000e+00,6.022982928373110667e-03,0.000000000000000000e+00,-5.021146881245418525e-01,0.000000000000000000e+00,-6.013646957024800649e-03,0.000000000000000000e+00
4.220000000000000284e+01,2.100000000000000000e+01,1.000000000000000178e+01,1.899733101054356332e+00,-1.570796326794896558e+00,5.022241578803645634e-01,0.000000000000000000e+00,4.951725980562926566e-03,0.000000000000000000e+00,-5.022241578803645634e-01,0.000000000000000000e+00,-4.942573067476405124e-03,0.000000000000000000e+00
4.221999999999999886e+01,2.100000000000000000e+01,9.999999999999998224e+00,1.889687698032645136e+00,-1.570796326794896558e+00,5.023127571637643340e-01,0.000000000000000000e+00,3.935386511283667232e-03,0.000000000000000000e+00,-5.023127571637643340e-01,0.000000000000000000e+00,-3.926416656455532575e-03,0.000000000000000000e+00
4.224000000000000199e+01,2.100000000000000000e+01,1.000000000000000178e+01,1.879640722650300022e+00,-1.570796326794896558e+00,5.023815733408159012e-01,0.000000000000000000e+00,2.972866170951604659e-03,0.000000000000000000e+00,-5.023815733408159012e-01,0.000000000000000000e+00,-2.964079374391626748e-03,0.000000000000000000e+00
4.225999999999999801e+01,2.100000000000000000e+01,1.000000000000000178e+01,1.869592559878845872e+00,-1.570796326794896558e+00,5.024316718106024426e-01,0.000000000000000000e+00,2.063066610016761615e-03,0.000000000000000000e+00,-5.024316718106024426e-01,0.000000000000000000e+00,-2.054462871714140496e-03,0.000000000000000000e+00
4.228000000000000114e+01,2.100000000000000000e+01,9.999999999999998224e+00,1.859543573601495137e+00,-1.570796326794896558e+00,5.024640960052165761e-01,0.000000000000000000e+00,1.204889478891857379e-03,0.000000000000000000e+00,-5.024640960052165761e-01,0.000000000000000000e+00,-1.196468798852525807e-03,0.000000000000000000e+00
4.229999999999999716e+01,2.100000000000000000e+01,9.999999999999996447e+00,1.849494107052488845e+00,-1.570796326794896558e+00,5.024798673897581391e-01,0.000000000000000000e+00,3.972364280162565819e-04,0.000000000000000000e+00,-5.024798673897581391e-01,0.000000000000000000e+00,-3.889988062362299500e-04,0.000000000000000000e+00
4.232000000000000028e+01,2.100000000000000000e+01,1.000000000000000000e+01,1.839444483256436058e+00,-1.570796326794896558e+00,5.024799854623371864e-01,0.000000000000000000e+00,-3.609908921813342886e-04,0.000000000000000000e+00,-5.024799854623371864e-01,0.000000000000000000e+00,3.690454557053004549e-04,0.000000000000000000e+00
4.234000000000000341e+01,2.100000000000000000e+01,1.000000000000000000e+01,1.829395005467653101e+00,-1.570796326794896558e+00,5.024654277540708813e-01,0.000000000000000000e+00,-1.070890831282866884e-03,0.000000000000000000e+00,-5.024654277540708813e-01,0.000000000000000000e+00,1.078762336542615210e-03,0.000000000000000000e+00
4.235999999999999943e+01,2.100000000000000000e+01,1.000000000000000355e+01,1.819345957609503905e+00,-1.570796326794896558e+00,5.024371498290859384e-01,0.000000000000000000e+00,-1.733561738850752931e-03,0.000000000000000000e+00,-5.024371498290859384e-01,0.000000000000000000e+00,1.741250185846258481e-03,0.000000000000000000e+00
4.238000000000000256e+01,2.100000000000000000e+01,1.000000000000000355e+01,1.809297604713739460e+00,-1.570796326794896558e+00,5.023960852845168468e-01,0.000000000000000000e+00,-2.350101964454509584e-03,0.000000000000000000e+00,-5.023960852845168468e-01,0.000000000000000000e+00,2.357607353186789555e-03,0.000000000000000000e+00
4.239999999999999858e+01,2.100000000000000000e+01,1.000000000000000355e+01,1.799250193359837935e+00,-1.570796326794896558e+00,5.023431457505077580e-01,0.000000000000000000e+00,-2.921609857665430354e-03,0.000000000000000000e+00,-5.023431457505077580e-01,0.000000000000000000e+00,2.928932188134753846e-03,0.000000000000000000e+00
4.242000000000000171e+01,2.100000000000000000e+01,1.000000000000000000e+01,1.789203952114345686e+00,-1.570796326794896558e+00,5.022792208902102651e-01,0.000000000000000000e+00,-3.449183768053032395e-03,0.000000000000000000e+00,-5.022792208902102651e-01,0.000000000000000000e+00,3.456323040260700016e-03,0.000000000000000000e+00
4.243999999999999773e+01,2.100000000000000000e+01,1.000000000000000355e+01,1.779159091970215156e+00,-1.570796326794896558e+00,5.022051783997856234e-01,0.000000000000000000e+00,-3.933922045188609218e-03,0.000000000000000000e+00,-5.022051783997856234e-01,0.000000000000000000e+00,3.940878259135181284e-03,0.000000000000000000e+00
4.246000000000000085e+01,2.100000000000000000e+01,1.000000000000000000e+01,1.769115806786145662e+00,-1.570796326794896558e+00,5.021218640084027518e-01,0.000000000000000000e+00,-4.376923038647007047e-03,0.000000000000000000e+00,-5.021218640084027518e-01,0.000000000000000000e+00,4.383696194328746965e-03,0.000000000000000000e+00
4.247999999999999687e+01,2.100000000000000000e+01,9.999999999999998224e+00,1.759074273725922843e+00,-1.570796326794896558e+00,5.020301014782397875e-01,0.000000000000000000e+00,-4.779285097988861253e-03,0.000000000000000000e+00,-5.020301014782397875e-01,0.000000000000000000e+00,4.785875195411948974e-03,0.000000000000000000e+00
4.250000000000000000e+01,2.100000000000000000e+01,1.000000000000000000e+01,1.749034653697758346e+00,-1.570796326794896558e+00,5.019306926044831973e-01,0.000000000000000000e+00,-5.142106572794347130e-03,0.000000000000000000e+00,-5.019306926044831973e-01,0.000000000000000000e+00,5.148513611955337493e-03,0.000000000000000000e+00
4.252000000000000313e+01,2.100000000000000000e+01,9.999999999999998224e+00,1.738997091793630823e+00,-1.570796326794896558e+00,5.018244172153280003e-01,0.000000000000000000e+00,-5.466485812629429120e-03,0.000000000000000000e+00,-5.018244172153280003e-01,0.000000000000000000e+00,5.472709793529460104e-03,0.000000000000000000e+00
4.253999999999999915e+01,2.100000000000000000e+01,1.000000000000000000e+01,1.728961717728624947e+00,-1.570796326794896558e+00,5.017120331719779891e-01,0.000000000000000000e+00,-5.753521167065400732e-03,0.000000000000000000e+00,-5.017120331719779891e-01,0.000000000000000000e+00,5.759562089704870456e-03,0.000000000000000000e+00
4.256000000000000227e+01,2.100000000000000000e+01,1.000000000000000178e+01,1.718928646280270423e+00,-1.570796326794896558e+00,5.015942763686453976e-01,0.000000000000000000e+00,-6.004310985678884549e-03,0.000000000000000000e+00,-5.015942763686453976e-01,0.000000000000000000e+00,6.010168850052120468e-03,0.000000000000000000e+00
4.257999999999999829e+01,2.100000000000000000e+01,9.999999999999998224e+00,1.708897977727882100e+00,-1.570796326794896558e+00,5.014718607325509003e-01,0.000000000000000000e+00,-6.219953618030515941e-03,0.000000000000000000e+00,-5.014718607325509003e-01,0.000000000000000000e+00,6.225628424141755116e-03,0.000000000000000000e+00
4.260000000000000142e+01,2.100000000000000000e+01,9.999999999999998224e+00,1.698869798291902988e+00,-1.570796326794896558e+00,5.013454782239241680e-01,0.000000000000000000e+00,-6.401547413691588417e-03,0.000000000000000000e+00,-5.013454782239241680e-01,0.000000000000000000e+00,6.407039161544325449e-03,0.000000000000000000e+00
4.261999999999999744e+01,2.100000000000000000e+01,9.999999999999996447e+00,1.688844180573238818e+00,-1.570796326794896558e+00,5.012157988360032013e-01,0.000000000000000000e+00,-6.550190722238724561e-03,0.000000000000000000e+00,-5.012157988360032013e-01,0.000000000000000000e+00,6.555499411830385120e-03,0.000000000000000000e+00
4.264000000000000057e+01,2.100000000000000000e+01,9.999999999999998224e+00,1.678821183992601718e+00,-1.570796326794896558e+00,5.010834705950346635e-01,0.000000000000000000e+00,-6.666981893241441526e-03,0.000000000000000000e+00,-5.010834705950346635e-01,0.000000000000000000e+00,6.672107524570484310e-03,0.000000000000000000e+00
4.265999999999999659e+01,2.100000000000000000e+01,9.999999999999998224e+00,1.668800855229848112e+00,-1.570796326794896558e+00,5.009491195602735480e-01,0.000000000000000000e+00,-6.753019276269256466e-03,0.000000000000000000e+00,-5.009491195602735480e-01,0.000000000000000000e+00,6.757961849335174069e-03,0.000000000000000000e+00
4.267999999999999972e+01,2.100000000000000000e+01,9.999999999999996447e+00,1.658783228663319509e+00,-1.570796326794896558e+00,5.008133498239839554e-01,0.000000000000000000e+00,-6.809401220884581107e-03,0.000000000000000000e+00,-5.008133498239839554e-01,0.000000000000000000e+00,6.814160735694997639e-03,0.000000000000000000e+00
4.270000000000000284e+01,2.100000000000000000e+01,9.999999999999996447e+00,1.648768326809182172e+00,-1.570796326794896558e+00,5.006767435114380937e-01,0.000000000000000000e+00,-6.837226076672919817e-03,0.000000000000000000e+00,-5.006767435114380937e-01,0.000000000000000000e+00,6.841802533220517346e-03,0.000000000000000000e+00
4.271999999999999886e+01,2.100000000000000000e+01,1.000000000000000000e+01,1.638756160760767466e+00,-1.570796326794896558e+00,5.005398607809170564e-01,0.000000000000000000e+00,-6.837592193196684320e-03,0.000000000000000000e+00,-5.005398607809170564e-01,0.000000000000000000e+00,6.841985591482277300e-03,0.000000000000000000e+00
4.274000000000000199e+01,2.100000000000000000e+01,9.999999999999998224e+00,1.628746730627909312e+00,-1.570796326794896558e+00,5.004032398237102663e-01,0.000000000000000000e+00,-6.811597920032497200e-03,0.000000000000000000e+00,-5.004032398237102663e-01,0.000000000000000000e+00,6.815808260050823346e-03,0.000000000000000000e+00
4.275999999999999801e+01,2.100000000000000000e+01,1.000000000000000000e+01,1.618740025976286523e+00,-1.570796326794896558e+00,5.002673968641158098e-01,0.000000000000000000e+00,-6.760341606739217468e-03,0.000000000000000000e+00,-5.002673968641158098e-01,0.000000000000000000e+00,6.764368888496711738e-03,0.000000000000000000e+00
4.278000000000000114e+01,2.100000000000000000e+01,1.000000000000000000e+01,1.608736026266763375e+00,-1.570796326794896558e+00,5.001328261594406577e-01,0.000000000000000000e+00,-6.684921602889914993e-03,0.000000000000000000e+00,-5.001328261594406577e-01,0.000000000000000000e+00,6.688765826390488320e-03,0.000000000000000000e+00
4.279999999999999716e+01,2.100000000000000000e+01,1.000000000000000000e+01,1.598734701294725946e+00,-1.570796326794896558e+00,5.000000000000002220e-01,0.000000000000000000e+00,-6.586436258068317784e-03,0.000000000000000000e+00,-5.000000000000002220e-01,0.000000000000000000e+00,6.590097423302713683e-03,0.000000000000000000e+00
4.282000000000000028e+01,2.100000000000000000e+01,1.000000000000000000e+01,1.588736011629424683e+00,-1.570796326794896558e+00,4.998693687091179116e-01,0.000000000000000000e+00,-6.465983921829732139e-03,0.000000000000000000e+00,-4.998693687091179116e-01,0.000000000000000000e+00,6.469462028803921530e-03,0.000000000000000000e+00
4.284000000000000341e+01,2.100000000000000000e+01,1.000000000000000178e+01,1.578739909053313850e+00,-1.570796326794896558e+00,4.997413606431269639e-01,0.000000000000000000e+00,-6.324662943749004285e-03,0.000000000000000000e+00,-4.997413606431269639e-01,0.000000000000000000e+00,6.327957992464686328e-03,0.000000000000000000e+00
4.285999999999999943e+01,2.100000000000000000e+01,1.000000000000000355e+01,1.568746337001390545e+00,-1.570796326794896558e+00,4.996163821913679470e-01,0.000000000000000000e+00,-6.163571673408085871e-03,0.000000000000000000e+00,-4.996163821913679470e-01,0.000000000000000000e+00,6.166683663855530503e-03,0.000000000000000000e+00
4.288000000000000256e+01,2.100000000000000000e+01,1.000000000000000355e+01,1.558755231000533925e+00,-1.570796326794896558e+00,4.994948177761907027e-01,0.000000000000000000e+00,-5.983808460356954129e-03,0.000000000000000000e+00,-4.994948177761907027e-01,0.000000000000000000e+00,5.986737392547019851e-03,0.000000000000000000e+00
4.289999999999999858e+01,2.100000000000000000e+01,1.000000000000000355e+01,1.548766519108848216e+00,-1.570796326794896558e+00,4.993770298529536800e-01,0.000000000000000000e+00,-5.786471654181113422e-03,0.000000000000000000e+00,-4.993770298529536800e-01,0.000000000000000000e+00,5.789217528109708022e-03,0.000000000000000000e+00
4.292000000000000171e+01,2.100000000000000000e+01,1.000000000000000178e+01,1.538780122354999058e+00,-1.570796326794896558e+00,4.992633589100234359e-01,0.000000000000000000e+00,-5.572659604451857263e-03,0.000000000000000000e+00,-4.992633589100234359e-01,0.000000000000000000e+00,5.575222420114134790e-03,0.000000000000000000e+00
4.293999999999999773e+01,2.100000000000000000e+01,1.000000000000000355e+01,1.528795955177554511e+00,-1.570796326794896558e+00,4.991541234687756345e-01,0.000000000000000000e+00,-5.343470660729821020e-03,0.000000000000000000e+00,-4.991541234687756345e-01,0.000000000000000000e+00,5.345850418130859011e-03,0.000000000000000000e+00
4.296000000000000085e+01,2.100000000000000000e+01,9.999999999999998224e+00,1.518813925864325176e+00,-1.570796326794896558e+00,4.990496200835942142e-01,0.000000000000000000e+00,-5.100003172591627276e-03,0.000000000000000000e+00,-4.990496200835942142e-01,0.000000000000000000e+00,5.102199871730429999e-03,0.000000000000000000e+00
4.297999999999999687e+01,2.100000000000000000e+01,1.000000000000000000e+01,1.508833936991705649e+00,-1.570796326794896558e+00,4.989501233418719428e-01,0.000000000000000000e+00,-4.843355489601464114e-03,0.000000000000000000e+00,-4.989501233418719428e-01,0.000000000000000000e+00,4.845369130483390130e-03,0.000000000000000000e+00
4.300000000000000000e+01,2.100000000000000000e+01,1.000000000000000000e+01,1.498855885864009974e+00,-1.570796326794896558e+00,4.988558858640100846e-01,0.000000000000000000e+00,-4.574625961341283187e-03,0.000000000000000000e+00,-4.988558858640100846e-01,0.000000000000000000e+00,4.576456543960299994e-03,0.000000000000000000e+00
4.302000000000000313e+01,2.100000000000000000e+01,9.999999999999998224e+00,1.488879664952815096e+00,-1.570796326794896558e+00,4.987671383034182337e-01,0.000000000000000000e+00,-4.294912937378825291e-03,0.000000000000000000e+00,-4.987671383034182337e-01,0.000000000000000000e+00,4.296560461731704569e-03,0.000000000000000000e+00
4.303999999999999915e+01,2.100000000000000000e+01,9.999999999999998224e+00,1.478905162336300094e+00,-1.570796326794896558e+00,4.986840893465149804e-01,0.000000000000000000e+00,-4.005314767272949439e-03,0.000000000000000000e+00,-4.986840893465149804e-01,0.000000000000000000e+00,4.006779233368156640e-03,0.000000000000000000e+00
4.306000000000000227e+01,2.100000000000000000e+01,1.000000000000000000e+01,1.468932262138585410e+00,-1.570796326794896558e+00,4.986069257127273557e-01,0.000000000000000000e+00,-3.706929800609159997e-03,0.000000000000000000e+00,-4.986069257127273557e-01,0.000000000000000000e+00,3.708211208440205086e-03,0.000000000000000000e+00
4.307999999999999829e+01,2.100000000000000000e+01,1.000000000000000000e+01,1.458960844969072745e+00,-1.570796326794896558e+00,4.985358121544906096e-01,0.000000000000000000e+00,-3.400856386951645050e-03,0.000000000000000000e+00,-4.985358121544906096e-01,0.000000000000000000e+00,3.401954736518398789e-03,0.000000000000000000e+00
4.310000000000000142e+01,2.100000000000000000e+01,1.000000000000000000e+01,1.448990788361784299e+00,-1.570796326794896558e+00,4.984708914572493765e-01,0.000000000000000000e+00,-3.088192875862816322e-03,0.000000000000000000e+00,-4.984708914572493765e-01,0.000000000000000000e+00,3.089108167173291401e-03,0.000000000000000000e+00
4.311999999999999744e+01,2.100000000000000000e+01,1.000000000000000178e+01,1.439021967214704656e+00,-1.570796326794896558e+00,4.984122844394561214e-01,0.000000000000000000e+00,-2.770037616926401824e-03,0.000000000000000000e+00,-4.984122844394561214e-01,0.000000000000000000e+00,2.770769849975432235e-03,0.000000000000000000e+00
4.314000000000000057e+01,2.100000000000000000e+01,1.000000000000000000e+01,1.429054254229118692e+00,-1.570796326794896558e+00,4.983600899525723049e-01,0.000000000000000000e+00,-2.447488959710142353e-03,0.000000000000000000e+00,-4.983600899525723049e-01,0.000000000000000000e+00,2.448038134495370173e-03,0.000000000000000000e+00
4.315999999999999659e+01,2.100000000000000000e+01,1.000000000000000000e+01,1.419087520348951026e+00,-1.570796326794896558e+00,4.983143848810677734e-01,0.000000000000000000e+00,-2.121645253781778706e-03,0.000000000000000000e+00,-4.983143848810677734e-01,0.000000000000000000e+00,2.122011370303660167e-03,0.000000000000000000e+00
4.317999999999999972e+01,2.100000000000000000e+01,1.000000000000000000e+01,1.409121635200108802e+00,-1.570796326794896558e+00,4.982752241424210360e-01,0.000000000000000000e+00,-1.793604848709051680e-03,0.000000000000000000e+00,-4.982752241424210360e-01,0.000000000000000000e+00,1.793787906970848714e-03,0.000000000000000000e+00
4.320000000000000284e+01,2.100000000000000000e+01,1.000000000000000000e+01,1.399156467529817371e+00,-1.570796326794896558e+00,4.982426406871194313e-01,0.000000000000000000e+00,-1.464466094065031143e-03,0.000000000000000000e+00,-4.982426406871194313e-01,0.000000000000000000e+00,1.464466094067482741e-03,0.000000000000000000e+00
4.321999999999999886e+01,2.100000000000000000e+01,9.999999999999998224e+00,1.389191885645963298e+00,-1.570796326794896558e+00,4.982166454986584059e-01,0.000000000000000000e+00,-1.135327339428116034e-03,0.000000000000000000e+00,-4.982166454986584059e-01,0.000000000000000000e+00,1.135144281164119804e-03,0.000000000000000000e+00
4.324000000000000199e+01,2.100000000000000000e+01,1.000000000000000000e+01,1.379227757856433811e+00,-1.570796326794896558e+00,4.981972275935423466e-01,0.000000000000000000e+00,-8.072869343536126507e-04,0.000000000000000000e+00,-4.981972275935423466e-01,0.000000000000000000e+00,8.069208178313033632e-04,0.000000000000000000e+00
4.325999999999999801e+01,2.100000000000000000e+01,1.000000000000000000e+01,1.369263952908454263e+00,-1.570796326794896558e+00,4.981843540212842480e-01,0.000000000000000000e+00,-4.814432284234726467e-04,0.000000000000000000e+00,-4.981843540212842480e-01,0.000000000000000000e+00,4.808940536395918397e-04,0.000000000000000000e+00
4.328000000000000114e+01,2.100000000000000000e+01,1.000000000000000000e+01,1.359300340427931575e+00,-1.570796326794896558e+00,4.981779698644053789e-01,0.000000000000000000e+00,-1.588945712089895324e-04,0.000000000000000000e+00,-4.981779698644053789e-01,0.000000000000000000e+00,1.581623381595294526e-04,0.000000000000000000e+00
4.329999999999999716e+01,2.100000000000000000e+01,1.000000000000000000e+01,1.349336791358790588e+00,-1.570796326794896558e+00,4.981779982384358929e-01,0.000000000000000000e+00,1.592606877274249655e-04,0.000000000000000000e+00,-4.981779982384358929e-01,0.000000000000000000e+00,-1.601759790383316105e-04,0.000000000000000000e+00
4.332000000000000028e+01,2.100000000000000000e+01,1.000000000000000000e+01,1.339373178402316178e+00,-1.570796326794896558e+00,4.981843402919144959e-01,0.000000000000000000e+00,4.719241988127009790e-04,0.000000000000000000e+00,-4.981843402919144959e-01,0.000000000000000000e+00,-4.730225483834407879e-04,0.000000000000000000e+00
4.334000000000000341e+01,2.100000000000000000e+01,1.000000000000000000e+01,1.329409376456492486e+00,-1.570796326794896558e+00,4.981968752063883898e-01,0.000000000000000000e+00,7.779976124755449973e-04,0.000000000000000000e+00,-4.981968752063883898e-01,0.000000000000000000e+00,-7.792790203052481690e-04,0.000000000000000000e+00
4.335999999999999943e+01,2.100000000000000000e+01,1.000000000000000000e+01,1.319445263055342155e+00,-1.570796326794896558e+00,4.982154601964134955e-01,0.000000000000000000e+00,1.076382579137558082e-03,0.000000000000000000e+00,-4.982154601964134955e-01,0.000000000000000000e+00,-1.077847045233201132e-03,0.000000000000000000e+00
4.338000000000000256e+01,2.100000000000000000e+01,1.000000000000000000e+01,1.309480718808267108e+00,-1.570796326794896558e+00,4.982399305095539521e-01,0.000000000000000000e+00,1.365980749239881220e-03,0.000000000000000000e+00,-4.982399305095539521e-01,0.000000000000000000e+00,-1.367628273596752531e-03,0.000000000000000000e+00
4.339999999999999858e+01,2.100000000000000000e+01,1.000000000000000000e+01,1.299515627839387122e+00,-1.570796326794896558e+00,4.982700994263830618e-01,0.000000000000000000e+00,1.645693773209444544e-03,0.000000000000000000e+00,-4.982700994263830618e-01,0.000000000000000000e+00,-1.647524355825350992e-03,0.000000000000000000e+00
4.342000000000000171e+01,2.100000000000000000e+01,1.000000000000000178e+01,1.289549878226881718e+00,-1.570796326794896558e+00,4.983057582604822899e-01,0.000000000000000000e+00,1.914423301469625471e-03,0.000000000000000000e+00,-4.983057582604822899e-01,0.000000000000000000e+00,-1.916436942348440911e-03,0.000000000000000000e+00
4.343999999999999773e+01,2.100000000000000000e+01,1.000000000000000000e+01,1.279583362442327399e+00,-1.570796326794896558e+00,4.983466763584418202e-01,0.000000000000000000e+00,2.171070984452683206e-03,0.000000000000000000e+00,-4.983466763584418202e-01,0.000000000000000000e+00,-2.173267683595481864e-03,0.000000000000000000e+00
4.346000000000000085e+01,2.100000000000000000e+01,1.000000000000000000e+01,1.269615977790039318e+00,-1.570796326794896558e+00,4.983926010998604439e-01,0.000000000000000000e+00,2.414538472594429663e-03,0.000000000000000000e+00,-4.983926010998604439e-01,0.000000000000000000e+00,-2.416918229995915646e-03,0.000000000000000000e+00
4.347999999999999687e+01,2.100000000000000000e+01,1.000000000000000000e+01,1.259647626846410962e+00,-1.570796326794896558e+00,4.984432578973455596e-01,0.000000000000000000e+00,2.643727416314689549e-03,0.000000000000000000e+00,-4.984432578973455596e-01,0.000000000000000000e+00,-2.646290231979196630e-03,0.000000000000000000e+00
4.350000000000000000e+01,2.100000000000000000e+01,1.000000000000000000e+01,1.249678217899252708e+00,-1.570796326794896558e+00,4.984983501965131181e-01,0.000000000000000000e+00,2.857539466047498422e-03,0.000000000000000000e+00,-4.984983501965131181e-01,0.000000000000000000e+00,-2.860285339974771163e-03,0.000000000000000000e+00
4.352000000000000313e+01,2.100000000000000000e+01,1.000000000000000000e+01,1.239707665387133284e+00,-1.570796326794896558e+00,4.985575594759875107e-01,0.000000000000000000e+00,3.054876272221562772e-03,0.000000000000000000e+00,-4.985575594759875107e-01,0.000000000000000000e+00,-3.057805204412089931e-03,0.000000000000000000e+00
4.353999999999999915e+01,2.100000000000000000e+01,1.000000000000000000e+01,1.229735890338718773e+00,-1.570796326794896558e+00,4.986205452474019584e-01,0.000000000000000000e+00,3.234639485270918158e-03,0.000000000000000000e+00,-4.986205452474019584e-01,0.000000000000000000e+00,-3.237751475720603185e-03,0.000000000000000000e+00
4.356000000000000227e+01,2.100000000000000000e+01,1.000000000000000000e+01,1.219762820812111848e+00,-1.570796326794896558e+00,4.986869450553983452e-01,0.000000000000000000e+00,3.395730755618941998e-03,0.000000000000000000e+00,-4.986869450553983452e-01,0.000000000000000000e+00,-3.399025804329759877e-03,0.000000000000000000e+00
4.357999999999999829e+01,2.100000000000000000e+01,1.000000000000000000e+01,1.209788392334192997e+00,-1.570796326794896558e+00,4.987563744776267738e-01,0.000000000000000000e+00,3.537051733696117140e-03,0.000000000000000000e+00,-4.987563744776267738e-01,0.000000000000000000e+00,-3.540529840669008957e-03,0.000000000000000000e+00
4.360000000000000142e+01,2.100000000000000000e+01,1.000000000000000000e+01,1.199812548339959317e+00,-1.570796326794896558e+00,4.988284271247461765e-01,0.000000000000000000e+00,3.657504069931150070e-03,0.000000000000000000e+00,-4.988284271247461765e-01,0.000000000000000000e+00,-3.661165235167801978e-03,0.000000000000000000e+00
4.361999999999999744e+01,2.100000000000000000e+01,9.999999999999998224e+00,1.189835240611864409e+00,-1.570796326794896558e+00,4.989026746404240376e-01,0.000000000000000000e+00,3.755989414759852707e-03,0.000000000000000000e+00,-4.989026746404240376e-01,0.000000000000000000e+00,-3.759833638255585288e-03,0.000000000000000000e+00
4.364000000000000057e+01,2.100000000000000000e+01,1.000000000000000000e+01,1.179856429719159161e+00,-1.570796326794896558e+00,4.989786667013365040e-01,0.000000000000000000e+00,3.831409418603826111e-03,0.000000000000000000e+00,-4.989786667013365040e-01,0.000000000000000000e+00,-3.835436700361811307e-03,0.000000000000000000e+00
4.365999999999999659e+01,2.100000000000000000e+01,1.000000000000000000e+01,1.169876085457230097e+00,-1.570796326794896558e+00,4.990559310171681640e-01,0.000000000000000000e+00,3.882665731898882200e-03,0.000000000000000000e+00,-4.990559310171681640e-01,0.000000000000000000e+00,-3.886876071915928987e-03,0.000000000000000000e+00
4.367999999999999972e+01,2.100000000000000000e+01,1.000000000000000000e+01,1.159894187286940159e+00,-1.570796326794896558e+00,4.991339733306123794e-01,0.000000000000000000e+00,3.908660005063069320e-03,0.000000000000000000e+00,-4.991339733306123794e-01,0.000000000000000000e+00,-3.913053403347386411e-03,0.000000000000000000e+00
4.370000000000000284e+01,2.100000000000000000e+01,1.000000000000000000e+01,1.149910724773968607e+00,-1.570796326794896558e+00,4.992122774173707311e-01,0.000000000000000000e+00,3.908293888541081174e-03,0.000000000000000000e+00,-4.992122774173707311e-01,0.000000000000000000e+00,-3.912870345085635998e-03,0.000000000000000000e+00
4.371999999999999886e+01,2.100000000000000000e+01,1.000000000000000000e+01,1.139925698028150247e+00,-1.570796326794896558e+00,4.992903050861540182e-01,0.000000000000000000e+00,3.880469032756295178e-03,0.000000000000000000e+00,-4.992903050861540182e-01,0.000000000000000000e+00,-3.885228547560126700e-03,0.000000000000000000e+00
4.374000000000000199e+01,2.100000000000000000e+01,1.000000000000000000e+01,1.129939118142816001e+00,-1.570796326794896558e+00,4.993674961786809252e-01,0.000000000000000000e+00,3.824087088132088752e-03,0.000000000000000000e+00,-4.993674961786809252e-01,0.000000000000000000e+00,-3.829029661200306599e-03,0.000000000000000000e+00
4.375999999999999801e+01,2.100000000000000000e+01,1.000000000000000000e+01,1.119951007634131690e+00,-1.570796326794896558e+00,4.994432685696792995e-01,0.000000000000000000e+00,3.738049705106050169e-03,0.000000000000000000e+00,-4.994432685696792995e-01,0.000000000000000000e+00,-3.743175336435625514e-03,0.000000000000000000e+00
4.378000000000000114e+01,2.100000000000000000e+01,1.000000000000000000e+01,1.109961400880439264e+00,-1.570796326794896558e+00,4.995170181668852072e-01,0.000000000000000000e+00,3.621258534105109561e-03,0.000000000000000000e+00,-4.995170181668852072e-01,0.000000000000000000e+00,-3.626567223695534130e-03,0.000000000000000000e+00
4.379999999999999716e+01,2.100000000000000000e+01,1.000000000000000000e+01,1.099970344561595148e+00,-1.570796326794896558e+00,4.995881189110434883e-01,0.000000000000000000e+00,3.472615225557973417e-03,0.000000000000000000e+00,-4.995881189110434883e-01,0.000000000000000000e+00,-3.478106973409481398e-03,0.000000000000000000e+00
4.382000000000000028e+01,2.100000000000000000e+01,1.000000000000000000e+01,1.089977898098311249e+00,-1.570796326794896558e+00,4.996559227759075350e-01,0.000000000000000000e+00,3.291021429891571870e-03,0.000000000000000000e+00,-4.996559227759075350e-01,0.000000000000000000e+00,-3.296696236006916268e-03,0.000000000000000000e+00
4.384000000000000341e+01,2.100000000000000000e+01,1.000000000000000000e+01,1.079984134091493964e+00,-1.570796326794896558e+00,4.997197597682391246e-01,0.000000000000000000e+00,3.075378797539940479e-03,0.000000000000000000e+00,-4.997197597682391246e-01,0.000000000000000000e+00,-3.081236661917289860e-03,0.000000000000000000e+00
4.385999999999999943e+01,2.100000000000000000e+01,1.000000000000000000e+01,1.069989138761585190e+00,-1.570796326794896558e+00,4.997789379278091415e-01,0.000000000000000000e+00,2.824588978933562089e-03,0.000000000000000000e+00,-4.997789379278091415e-01,0.000000000000000000e+00,-2.830629901570051125e-03,0.000000000000000000e+00
4.388000000000000256e+01,2.100000000000000000e+01,1.000000000000000000e+01,1.059993012387900002e+00,-1.570796326794896558e+00,4.998327433273964115e-01,0.000000000000000000e+00,2.537553624497590476e-03,0.000000000000000000e+00,-4.998327433273964115e-01,0.000000000000000000e+00,-2.543777605394649012e-03,0.000000000000000000e+00
4.389999999999999858e+01,2.100000000000000000e+01,1.000000000000000000e+01,1.049995869747968991e+00,-1.570796326794896558e+00,4.998804400727889785e-01,0.000000000000000000e+00,2.213174384660732130e-03,0.000000000000000000e+00,-4.998804400727889785e-01,0.000000000000000000e+00,-2.219581423820533340e-03,0.000000000000000000e+00
4.392000000000000171e+01,2.100000000000000000e+01,1.000000000000000000e+01,1.039997840556876385e+00,-1.570796326794896558e+00,4.999212703027828275e-01,0.000000000000000000e+00,1.850352909853469896e-03,0.000000000000000000e+00,-4.999212703027828275e-01,0.000000000000000000e+00,-1.856943007277158698e-03,0.000000000000000000e+00
4.393999999999999773e+01,2.100000000000000000e+01,1.000000000000000000e+01,1.029999069906600173e+00,-1.570796326794896558e+00,4.999544541891831062e-01,0.000000000000000000e+00,1.447990850508062977e-03,0.000000000000000000e+00,-4.999544541891831062e-01,0.000000000000000000e+00,-1.454764006193966230e-03,0.000000000000000000e+00
4.396000000000000085e+01,2.100000000000000000e+01,1.000000000000000000e+01,1.019999718705352665e+00,-1.570796326794896558e+00,4.999791899368031256e-01,0.000000000000000000e+00,1.004989857051441504e-03,0.000000000000000000e+00,-4.999791899368031256e-01,0.000000000000000000e+00,-1.011946071000408790e-03,0.000000000000000000e+00
4.397999999999999687e+01,2.100000000000000000e+01,1.000000000000000000e+01,1.009999964116919502e+00,-1.570796326794896558e+00,4.999946537834651927e-01,0.000000000000000000e+00,5.202515799176410383e-04,0.000000000000000000e+00,-4.999946537834651927e-01,0.000000000000000000e+00,-5.273908521259371715e-04,0.000000000000000000e+00
4.400000000000000000e+01,2.200000000000000000e+01,1.000000000000000000e+01,1.000000000000000000e+00,-1.570796326794896558e+00,4.999999999999998890e-01,0.000000000000000000e+00,1.336554133661849164e-04,0.000000000000000000e+00,-4.999999999999998890e-01,0.000000000000000000e+00,0.000000000000000000e+00,0.000000000000000000e+00
4.402000000000000313e+01,2.200000000000000000e+01,9.999999999999998224e+00,9.899999999999999911e-01,-1.570796326794896558e+00,4.999999999999998335e-01,0.000000000000000000e+00,0.000000000000000000e+00,0.000000000000000000e+00,-4.999999999999998335e-01,0.000000000000000000e+00,-1.632194379652673963e-17,0.000000000000000000e+00
4.403999999999999915e+01,2.200000000000000000e+01,1.000000000000000000e+01,9.799999999999999822e-01,-1.570796326794896558e+00,4.999999999999998890e-01,0.000000000000000000e+00,0.000000000000000000e+00,0.000000000000000000e+00,-4.999999999999998890e-01,0.000000000000000000e+00,-3.198774578550000882e-17,0.000000000000000000e+00
4.406000000000000227e+01,2.200000000000000000e+01,1.000000000000000000e+01,9.699999999999998623e-01,-1.570796326794896558e+00,4.999999999999998335e-01,0.000000000000000000e+00,0.000000000000000000e+00,0.000000000000000000e+00,-4.999999999999998335e-01,0.000000000000000000e+00,-4.700739797414143782e-17,0.000000000000000000e+00
4.407999999999999829e+01,2.200000000000000000e+01,9.999999999999996447e+00,9.599999999999997424e-01,-1.570796326794896558e+00,4.999999999999998335e-01,0.000000000000000000e+00,0.000000000000000000e+00,0.000000000000000000e+00,-4.999999999999998335e-01,0.000000000000000000e+00,-6.139089236967265684e-17,0.000000000000000000e+00
4.410000000000000142e+01,2.200000000000000000e+01,9.999999999999996447e+00,9.499999999999997335e-01,-1.570796326794896558e+00,4.999999999999998890e-01,0.000000000000000000e+00,-5.329070518200751394e-15,0.000000000000000000e+00,-4.999999999999998890e-01,0.000000000000000000e+00,-7.514822097931528382e-17,0.000000000000000000e+00
4.411999999999999744e+01,2.200000000000000000e+01,9.999999999999996447e+00,9.399999999999997247e-01,-1.570796326794896558e+00,4.999999999999996669e-01,0.000000000000000000e+00,-5.329070518200751394e-15,0.000000000000000000e+00,-4.999999999999996669e-01,0.000000000000000000e+00,-8.828937581029094283e-17,0.000000000000000000e+00
4.414000000000000057e+01,2.200000000000000000e+01,9.999999999999998224e+00,9.299999999999998268e-01,-1.570796326794896558e+00,4.999999999999996669e-01,0.000000000000000000e+00,7.105427357601001859e-15,0.000000000000000000e+00,-4.999999999999996669e-01,0.000000000000000000e+00,-1.008243488698212764e-16,0.000000000000000000e+00
4.415999999999999659e+01,2.200000000000000000e+01,1.000000000000000178e+01,9.200000000000002620e-01,-1.570796326794896558e+00,4.999999999999999445e-01,0.000000000000000000e+00,8.881784197001252323e-15,0.000000000000000000e+00,-4.999999999999999445e-01,0.000000000000000000e+00,-1.127631321651279148e-16,0.000000000000000000e+00
4.417999999999999972e+01,2.200000000000000000e+01,1.000000000000000355e+01,9.100000000000002531e-01,-1.570796326794896558e+00,5.000000000000000000e-01,0.000000000000000000e+00,-1.776356839400250465e-15,0.000000000000000000e+00,-5.000000000000000000e-01,0.000000000000000000e+00,-1.241157177034324514e-16,0.000000000000000000e+00
4.420000000000000284e+01,2.200000000000000000e+01,1.000000000000000178e+01,9.000000000000001332e-01,-1.570796326794896558e+00,4.999999999999998890e-01,0.000000000000000000e+00,-1.776356839400250465e-15,0.000000000000000000e+00,-4.999999999999998890e-01,0.000000000000000000e+00,-1.348920974919565285e-16,0.000000000000000000e+00
4.421999999999999886e+01,2.200000000000000000e+01,9.999999999999998224e+00,8.900000000000001243e-01,-1.570796326794896558e+00,4.999999999999999445e-01,0.000000000000000000e+00,0.000000000000000000e+00,0.000000000000000000e+00,-4.999999999999999445e-01,0.000000000000000000e+00,-1.451022635379217643e-16,0.000000000000000000e+00
4.424000000000000199e+01,2.200000000000000000e+01,1.000000000000000178e+01,8.800000000000000044e-01,-1.570796326794896558e+00,4.999999999999998890e-01,0.000000000000000000e+00,-1.776356839400250465e-15,0.000000000000000000e+00,-4.999999999999998890e-01,0.000000000000000000e+00,-1.547562078485498011e-16,0.000000000000000000e+00
4.425999999999999801e+01,2.200000000000000000e+01,1.000000000000000178e+01,8.699999999999999956e-01,-1.570796326794896558e+00,4.999999999999998335e-01,0.000000000000000000e+00,1.776356839400250465e-15,0.000000000000000000e+00,-4.999999999999998335e-01,0.000000000000000000e+00,-1.638639224310623064e-16,0.000000000000000000e+00
4.428000000000000114e+01,2.200000000000000000e+01,9.999999999999998224e+00,8.599999999999998757e-01,-1.570796326794896558e+00,4.999999999999999445e-01,0.000000000000000000e+00,0.000000000000000000e+00,0.000000000000000000e+00,-4.999999999999999445e-01,0.000000000000000000e+00,-1.724353992926808239e-16,0.000000000000000000e+00
4.429999999999999716e+01,2.200000000000000000e+01,9.999999999999996447e+00,8.499999999999999778e-01,-1.570796326794896558e+00,4.999999999999998335e-01,0.000000000000000000e+00,-1.776356839400250465e-15,0.000000000000000000e+00,-4.999999999999998335e-01,0.000000000000000000e+00,-1.804806304406269716e-16,0.000000000000000000e+00
4.432000000000000028e+01,2.200000000000000000e+01,1.000000000000000000e+01,8.399999999999998579e-01,-1.570796326794896558e+00,4.999999999999998890e-01,0.000000000000000000e+00,1.776356839400250465e-15,0.000000000000000000e+00,-4.999999999999998890e-01,0.000000000000000000e+00,-1.880096078821224661e-16,0.000000000000000000e+00
4.434000000000000341e+01,2.200000000000000000e+01,1.000000000000000000e+01,8.299999999999999600e-01,-1.570796326794896558e+00,4.999999999999999445e-01,0.000000000000000000e+00,7.105427357601001859e-15,0.000000000000000000e+00,-4.999999999999999445e-01,0.000000000000000000e+00,-1.950323236243889499e-16,0.000000000000000000e+00
4.435999999999999943e+01,2.200000000000000000e+01,1.000000000000000355e+01,8.200000000000002842e-01,-1.570796326794896558e+00,5.000000000000001110e-01,0.000000000000000000e+00,1.776356839400250465e-15,0.000000000000000000e+00,-5.000000000000001110e-01,0.000000000000000000e+00,-2.015587696746479423e-16,0.000000000000000000e+00
4.438000000000000256e+01,2.200000000000000000e+01,1.000000000000000355e+01,8.100000000000002753e-01,-1.570796326794896558e+00,5.000000000000000000e-01,0.000000000000000000e+00,0.000000000000000000e+00,0.000000000000000000e+00,-5.000000000000000000e-01,0.000000000000000000e+00,-2.075989380401211106e-16,0.000000000000000000e+00
4.439999999999999858e+01,2.200000000000000000e+01,1.000000000000000355e+01,8.000000000000002665e-01,-1.570796326794896558e+00,5.000000000000001110e-01,0.000000000000000000e+00,-3.552713678800500929e-15,0.000000000000000000e+00,-5.000000000000001110e-01,0.000000000000000000e+00,-2.131628207280301218e-16,0.000000000000000000e+00
4.442000000000000171e+01,2.200000000000000000e+01,1.000000000000000000e+01,7.900000000000001465e-01,-1.570796326794896558e+00,4.999999999999998890e-01,0.000000000000000000e+00,-3.552713678800500929e-15,0.000000000000000000e+00,-4.999999999999998890e-01,0.000000000000000000e+00,-2.182604097455964954e-16,0.000000000000000000e+00
4.443999999999999773e+01,2.200000000000000000e+01,1.000000000000000355e+01,7.800000000000002487e-01,-1.570796326794896558e+00,5.000000000000000000e-01,0.000000000000000000e+00,3.552713678800500929e-15,0.000000000000000000e+00,-5.000000000000000000e-01,0.000000000000000000e+00,-2.229016971000419233e-16,0.000000000000000000e+00
4.446000000000000085e+01,2.200000000000000000e+01,1.000000000000000000e+01,7.700000000000001288e-01,-1.570796326794896558e+00,5.000000000000000000e-01,0.000000000000000000e+00,-1.776356839400250465e-15,0.000000000000000000e+00,-5.000000000000000000e-01,0.000000000000000000e+00,-2.270966747985880726e-16,0.000000000000000000e+00
4.447999999999999687e+01,2.200000000000000000e+01,9.999999999999998224e+00,7.600000000000000089e-01,-1.570796326794896558e+00,4.999999999999999445e-01,0.000000000000000000e+00,-1.776356839400250465e-15,0.000000000000000000e+00,-4.999999999999999445e-01,0.000000000000000000e+00,-2.308553348484565858e-16,0.000000000000000000e+00
4.450000000000000000e+01,2.200000000000000000e+01,1.000000000000000000e+01,7.500000000000000000e-01,-1.570796326794896558e+00,4.999999999999999445e-01,0.000000000000000000e+00,0.000000000000000000e+00,0.000000000000000000e+00,-4.999999999999999445e-01,0.000000000000000000e+00,-2.341876692568689577e-16,0.000000000000000000e+00
4.452000000000000313e+01,2.200000000000000000e+01,9.999999999999998224e+00,7.399999999999998801e-01,-1.570796326794896558e+00,4.999999999999999445e-01,0.000000000000000000e+00,-1.776356839400250465e-15,0.000000000000000000e+00,-4.999999999999999445e-01,0.000000000000000000e+00,-2.371036700310468802e-16,0.000000000000000000e+00
4.453999999999999915e+01,2.200000000000000000e+01,1.000000000000000000e+01,7.299999999999999822e-01,-1.570796326794896558e+00,4.999999999999998890e-01,0.000000000000000000e+00,0.000000000000000000e+00,0.000000000000000000e+00,-4.999999999999998890e-01,0.000000000000000000e+00,-2.396133291782120943e-16,0.000000000000000000e+00
4.456000000000000227e+01,2.200000000000000000e+01,1.000000000000000178e+01,7.200000000000000844e-01,-1.570796326794896558e+00,4.999999999999999445e-01,0.000000000000000000e+00,0.000000000000000000e+00,0.000000000000000000e+00,-4.999999999999999445e-01,0.000000000000000000e+00,-2.417266387055860948e-16,0.000000000000000000e+00
4.457999999999999829e+01,2.200000000000000000e+01,9.999999999999998224e+00,7.099999999999998535e-01,-1.570796326794896558e+00,4.999999999999998890e-01,0.000000000000000000e+00,-1.776356839400250465e-15,0.000000000000000000e+00,-4.999999999999998890e-01,0.000000000000000000e+00,-2.434535906203905242e-16,0.000000000000000000e+00
4.460000000000000142e+01,2.200000000000000000e+01,9.999999999999998224e+00,6.999999999999997335e-01,-1.570796326794896558e+00,4.999999999999998890e-01,0.000000000000000000e+00,0.000000000000000000e+00,0.000000000000000000e+00,-4.999999999999998890e-01,0.000000000000000000e+00,-2.448041769298469757e-16,0.000000000000000000e+00
4.461999999999999744e+01,2.200000000000000000e+01,9.999999999999996447e+00,6.899999999999999467e-01,-1.570796326794896558e+00,4.999999999999998335e-01,0.000000000000000000e+00,0.000000000000000000e+00,0.000000000000000000e+00,-4.999999999999998335e-01,0.000000000000000000e+00,-2.457883896411771907e-16,0.000000000000000000e+00
4.464000000000000057e+01,2.200000000000000000e+01,9.999999999999998224e+00,6.799999999999998268e-01,-1.570796326794896558e+00,4.999999999999998890e-01,0.000000000000000000e+00,0.000000000000000000e+00,0.000000000000000000e+00,-4.999999999999998890e-01,0.000000000000000000e+00,-2.464162207616027129e-16,0.000000000000000000e+00
4.465999999999999659e+01,2.200000000000000000e+01,9.999999999999998224e+00,6.699999999999998179e-01,-1.570796326794896558e+00,4.999999999999998890e-01,0.000000000000000000e+00,1.776356839400250465e-15,0.000000000000000000e+00,-4.999999999999998890e-01,0.000000000000000000e+00,-2.466976622983451849e-16,0.000000000000000000e+00
4.467999999999999972e+01,2.200000000000000000e+01,9.999999999999996447e+00,6.599999999999999201e-01,-1.570796326794896558e+00,4.999999999999999445e-01,0.000000000000000000e+00,0.000000000000000000e+00,0.000000000000000000e+00,-4.999999999999999445e-01,0.000000000000000000e+00,-2.466427062586262001e-16,0.000000000000000000e+00
4.470000000000000284e+01,2.200000000000000000e+01,9.999999999999996447e+00,6.499999999999998002e-01,-1.570796326794896558e+00,4.999999999999998890e-01,0.000000000000000000e+00,1.776356839400250465e-15,0.000000000000000000e+00,-4.999999999999998890e-01,0.000000000000000000e+00,-2.462613446496674996e-16,0.000000000000000000e+00
4.471999999999999886e+01,2.200000000000000000e+01,1.000000000000000000e+01,6.400000000000001243e-01,-1.570796326794896558e+00,5.000000000000000000e-01,0.000000000000000000e+00,3.552713678800500929e-15,0.000000000000000000e+00,-5.000000000000000000e-01,0.000000000000000000e+00,-2.455635694786906274e-16,0.000000000000000000e+00
4.474000000000000199e+01,2.200000000000000000e+01,9.999999999999998224e+00,6.300000000000000044e-01,-1.570796326794896558e+00,5.000000000000000000e-01,0.000000000000000000e+00,-1.776356839400250465e-15,0.000000000000000000e+00,-5.000000000000000000e-01,0.000000000000000000e+00,-2.445593727529171766e-16,0.000000000000000000e+00
4.475999999999999801e+01,2.200000000000000000e+01,1.000000000000000000e+01,6.199999999999999956e-01,-1.570796326794896558e+00,4.999999999999999445e-01,0.000000000000000000e+00,0.000000000000000000e+00,0.000000000000000000e+00,-4.999999999999999445e-01,0.000000000000000000e+00,-2.432587464795687900e-16,0.000000000000000000e+00
4.478000000000000114e+01,2.200000000000000000e+01,1.000000000000000000e+01,6.099999999999998757e-01,-1.570796326794896558e+00,5.000000000000000000e-01,0.000000000000000000e+00,1.776356839400250465e-15,0.000000000000000000e+00,-5.000000000000000000e-01,0.000000000000000000e+00,-2.416716826658671100e-16,0.000000000000000000e+00
4.479999999999999716e+01,2.200000000000000000e+01,1.000000000000000000e+01,6.000000000000000888e-01,-1.570796326794896558e+00,5.000000000000000000e-01,0.000000000000000000e+00,-3.552713678800500929e-15,0.000000000000000000e+00,-5.000000000000000000e-01,0.000000000000000000e+00,-2.398081733190338285e-16,0.000000000000000000e+00
4.482000000000000028e+01,2.200000000000000000e+01,1.000000000000000000e+01,5.899999999999999689e-01,-1.570796326794896558e+00,4.999999999999998890e-01,0.000000000000000000e+00,3.552713678800500929e-15,0.000000000000000000e+00,-4.999999999999998890e-01,0.000000000000000000e+00,-2.376782104462904402e-16,0.000000000000000000e+00
4.484000000000000341e+01,2.200000000000000000e+01,1.000000000000000178e+01,5.800000000000001821e-01,-1.570796326794896558e+00,5.000000000000001110e-01,0.000000000000000000e+00,7.105427357601001859e-15,0.000000000000000000e+00,-5.000000000000001110e-01,0.000000000000000000e+00,-2.352917860548587355e-16,0.000000000000000000e+00
4.485999999999999943e+01,2.200000000000000000e+01,1.000000000000000355e+01,5.700000000000001732e-01,-1.570796326794896558e+00,5.000000000000001110e-01,0.000000000000000000e+00,0.000000000000000000e+00,0.000000000000000000e+00,-5.000000000000001110e-01,0.000000000000000000e+00,-2.326588921519601598e-16,0.000000000000000000e+00
4.488000000000000256e+01,2.200000000000000000e+01,1.000000000000000355e+01,5.600000000000001643e-01,-1.570796326794896558e+00,5.000000000000001110e-01,0.000000000000000000e+00,1.776356839400250465e-15,0.000000000000000000e+00,-5.000000000000001110e-01,0.000000000000000000e+00,-2.297895207448164050e-16,0.000000000000000000e+00
4.489999999999999858e+01,2.200000000000000000e+01,1.000000000000000355e+01,5.500000000000002665e-01,-1.570796326794896558e+00,5.000000000000002220e-01,0.000000000000000000e+00,0.000000000000000000e+00,0.000000000000000000e+00,-5.000000000000002220e-01,0.000000000000000000e+00,-2.266936638406492122e-16,0.000000000000000000e+00
4.492000000000000171e+01,2.200000000000000000e+01,1.000000000000000178e+01,5.400000000000001465e-01,-1.570796326794896558e+00,5.000000000000001110e-01,0.000000000000000000e+00,-1.776356839400250465e-15,0.000000000000000000e+00,-5.000000000000001110e-01,0.000000000000000000e+00,-2.233813134466800268e-16,0.000000000000000000e+00
4.493999999999999773e+01,2.200000000000000000e+01,1.000000000000000355e+01,5.300000000000002487e-01,-1.570796326794896558e+00,5.000000000000001110e-01,0.000000000000000000e+00,-3.552713678800500929e-15,0.000000000000000000e+00,-5.000000000000001110e-01,0.000000000000000000e+00,-2.198624615701305900e-16,0.000000000000000000e+00
4.496000000000000085e+01,2.200000000000000000e+01,9.999999999999998224e+00,5.200000000000000178e-01,-1.570796326794896558e+00,5.000000000000000000e-01,0.000000000000000000e+00,-5.329070518200751394e-15,0.000000000000000000e+00,-5.000000000000000000e-01,0.000000000000000000e+00,-2.161471002182224950e-16,0.000000000000000000e+00
4.497999999999999687e+01,2.200000000000000000e+01,1.000000000000000000e+01,5.100000000000001199e-01,-1.570796326794896558e+00,4.999999999999999445e-01,0.000000000000000000e+00,0.000000000000000000e+00,0.000000000000000000e+00,-4.999999999999999445e-01,0.000000000000000000e+00,-2.122452213981773597e-16,0.000000000000000000e+00
4.500000000000000000e+01,2.200000000000000000e+01,1.000000000000000000e+01,5.000000000000000000e-01,-1.570796326794896558e+00,5.000000000000000000e-01,0.000000000000000000e+00,0.000000000000000000e+00,0.000000000000000000e+00,-5.000000000000000000e-01,0.000000000000000000e+00,-2.081668171172168513e-16,0.000000000000000000e+00
4.502000000000000313e+01,2.200000000000000000e+01,9.999999999999998224e+00,4.900000000000000466e-01,-1.570796326794896558e+00,4.999999999999999445e-01,0.000000000000000000e+00,3.552713678800500929e-15,0.000000000000000000e+00,-4.999999999999999445e-01,0.000000000000000000e+00,-2.039218793825625632e-16,0.000000000000000000e+00
4.503999999999999915e+01,2.200000000000000000e+01,9.999999999999998224e+00,4.799999999999999822e-01,-1.570796326794896558e+00,5.000000000000001110e-01,0.000000000000000000e+00,5.329070518200751394e-15,0.000000000000000000e+00,-5.000000000000001110e-01,0.000000000000000000e+00,-1.995204002014361378e-16,0.000000000000000000e+00
4.506000000000000227e+01,2.200000000000000000e+01,1.000000000000000000e+01,4.699999999999999734e-01,-1.570796326794896558e+00,5.000000000000001110e-01,0.000000000000000000e+00,0.000000000000000000e+00,0.000000000000000000e+00,-5.000000000000001110e-01,0.000000000000000000e+00,-1.949723715810591931e-16,0.000000000000000000e+00
4.507999999999999829e+01,2.200000000000000000e+01,1.000000000000000000e+01,4.600000000000000200e-01,-1.570796326794896558e+00,5.000000000000001110e-01,0.000000000000000000e+00,0.000000000000000000e+00,0.000000000000000000e+00,-5.000000000000001110e-01,0.000000000000000000e+00,-1.902877855286532978e-16,0.000000000000000000e+00
4.510000000000000142e+01,2.200000000000000000e+01,1.000000000000000000e+01,4.500000000000000111e-01,-1.570796326794896558e+00,5.000000000000001110e-01,0.000000000000000000e+00,-5.329070518200751394e-15,0.000000000000000000e+00,-5.000000000000001110e-01,0.000000000000000000e+00,-1.854766340514402175e-16,0.000000000000000000e+00
4.511999999999999744e+01,2.200000000000000000e+01,1.000000000000000178e+01,4.400000000000000022e-01,-1.570796326794896558e+00,4.999999999999999445e-01,0.000000000000000000e+00,0.000000000000000000e+00,0.000000000000000000e+00,-4.999999999999999445e-01,0.000000000000000000e+00,-1.805489091566414470e-16,0.000000000000000000e+00
4.514000000000000057e+01,2.200000000000000000e+01,1.000000000000000000e+01,4.299999999999999933e-01,-1.570796326794896558e+00,5.000000000000001110e-01,0.000000000000000000e+00,1.776356839400250465e-15,0.000000000000000000e+00,-5.000000000000001110e-01,0.000000000000000000e+00,-1.755146028514786535e-16,0.000000000000000000e+00
4.515999999999999659e+01,2.200000000000000000e+01,1.000000000000000000e+01,4.200000000000000400e-01,-1.570796326794896558e+00,5.000000000000000000e-01,0.000000000000000000e+00,-3.552713678800500929e-15,0.000000000000000000e+00,-5.000000000000000000e-01,0.000000000000000000e+00,-1.703837071431735535e-16,0.000000000000000000e+00
4.517999999999999972e+01,2.200000000000000000e+01,1.000000000000000000e+01,4.100000000000000866e-01,-1.570796326794896558e+00,5.000000000000000000e-01,0.000000000000000000e+00,3.552713678800500929e-15,0.000000000000000000e+00,-5.000000000000000000e-01,0.000000000000000000e+00,-1.651662140389476417e-16,0.000000000000000000e+00
4.520000000000000284e+01,2.200000000000000000e+01,1.000000000000000000e+01,4.000000000000000777e-01,-1.570796326794896558e+00,5.000000000000001110e-01,0.000000000000000000e+00,0.000000000000000000e+00,0.000000000000000000e+00,-5.000000000000001110e-01,0.000000000000000000e+00,-1.598721155460225606e-16,0.000000000000000000e+00
4.521999999999999886e+01,2.200000000000000000e+01,9.999999999999998224e+00,3.900000000000000688e-01,-1.570796326794896558e+00,5.000000000000000000e-01,0.000000000000000000e+00,0.000000000000000000e+00,0.000000000000000000e+00,-5.000000000000000000e-01,0.000000000000000000e+00,-1.545114036716199774e-16,0.000000000000000000e+00
4.524000000000000199e+01,2.200000000000000000e+01,1.000000000000000000e+01,3.800000000000000600e-01,-1.570796326794896558e+00,5.000000000000001110e-01,0.000000000000000000e+00,0.000000000000000000e+00,0.000000000000000000e+00,-5.000000000000001110e-01,0.000000000000000000e+00,-1.490940704229615101e-16,0.000000000000000000e+00
4.525999999999999801e+01,2.200000000000000000e+01,1.000000000000000000e+01,3.700000000000000511e-01,-1.570796326794896558e+00,5.000000000000000000e-01,0.000000000000000000e+00,-3.552713678800500929e-15,0.000000000000000000e+00,-5.000000000000000000e-01,0.000000000000000000e+00,-1.436301078072688259e-16,0.000000000000000000e+00
4.528000000000000114e+01,2.200000000000000000e+01,1.000000000000000000e+01,3.599999999999999867e-01,-1.570796326794896558e+00,5.000000000000000000e-01,0.000000000000000000e+00,3.552713678800500929e-15,0.000000000000000000e+00,-5.000000000000000000e-01,0.000000000000000000e+00,-1.381295078317634687e-16,0.000000000000000000e+00
4.529999999999999716e+01,2.200000000000000000e+01,1.000000000000000000e+01,3.500000000000000333e-01,-1.570796326794896558e+00,5.000000000000001110e-01,0.000000000000000000e+00,0.000000000000000000e+00,0.000000000000000000e+00,-5.000000000000001110e-01,0.000000000000000000e+00,-1.326022625036671304e-16,0.000000000000000000e+00
4.532000000000000028e+01,2.200000000000000000e+01,1.000000000000000000e+01,3.399999999999999689e-01,-1.570796326794896558e+00,5.000000000000000000e-01,0.000000000000000000e+00,0.000000000000000000e+00,0.000000000000000000e+00,-5.000000000000000000e-01,0.000000000000000000e+00,-1.270583638302014042e-16,0.000000000000000000e+00
4.534000000000000341e+01,2.200000000000000000e+01,1.000000000000000000e+01,3.300000000000000155e-01,-1.570796326794896558e+00,5.000000000000001110e-01,0.000000000000000000e+00,0.000000000000000000e+00,0.000000000000000000e+00,-5.000000000000001110e-01,0.000000000000000000e+00,-1.215078038185879081e-16,0.000000000000000000e+00
4.535999999999999943e+01,2.200000000000000000e+01,1.000000000000000000e+01,3.200000000000000067e-01,-1.570796326794896558e+00,5.000000000000000000e-01,0.000000000000000000e+00,0.000000000000000000e+00,0.000000000000000000e+00,-5.000000000000000000e-01,0.000000000000000000e+00,-1.159605744760483340e-16,0.000000000000000000e+00
4.538000000000000256e+01,2.200000000000000000e+01,1.000000000000000000e+01,3.099999999999999978e-01,-1.570796326794896558e+00,5.000000000000001110e-01,0.000000000000000000e+00,0.000000000000000000e+00,0.000000000000000000e+00,-5.000000000000001110e-01,0.000000000000000000e+00,-1.104266678098042258e-16,0.000000000000000000e+00
4.539999999999999858e+01,2.200000000000000000e+01,1.000000000000000000e+01,2.999999999999999334e-01,-1.570796326794896558e+00,5.000000000000000000e-01,0.000000000000000000e+00,0.000000000000000000e+00,0.000000000000000000e+00,-5.000000000000000000e-01,0.000000000000000000e+00,-1.049160758270772507e-16,0.000000000000000000e+00
4.542000000000000171e+01,2.200000000000000000e+01,1.000000000000000178e+01,2.900000000000000355e-01,-1.570796326794896558e+00,5.000000000000001110e-01,0.000000000000000000e+00,0.000000000000000000e+00,0.000000000000000000e+00,-5.000000000000001110e-01,0.000000000000000000e+00,-9.943879053508910054e-17,0.000000000000000000e+00
4.543999999999999773e+01,2.200000000000000000e+01,1.000000000000000000e+01,2.800000000000000266e-01,-1.570796326794896558e+00,5.000000000000000000e-01,0.000000000000000000e+00,-3.552713678800500929e-15,0.000000000000000000e+00,-5.000000000000000000e-01,0.000000000000000000e+00,-9.400480394106124539e-17,0.000000000000000000e+00
4.546000000000000085e+01,2.200000000000000000e+01,1.000000000000000000e+01,2.700000000000000178e-01,-1.570796326794896558e+00,5.000000000000000000e-01,0.000000000000000000e+00,0.000000000000000000e+00,0.000000000000000000e+00,-5.000000000000000000e-01,0.000000000000000000e+00,-8.862410805221542640e-17,0.000000000000000000e+00
4.547999999999999687e+01,2.200000000000000000e+01,1.000000000000000000e+01,2.600000000000000089e-01,-1.570796326794896558e+00,5.000000000000000000e-01,0.000000000000000000e+00,3.552713678800500929e-15,0.000000000000000000e+00,-5.000000000000000000e-01,0.000000000000000000e+00,-8.330669487577324916e-17,0.000000000000000000e+00
4.550000000000000000e+01,2.200000000000000000e+01,1.000000000000000000e+01,2.500000000000000555e-01,-1.570796326794896558e+00,5.000000000000001110e-01,0.000000000000000000e+00,3.552713678800500929e-15,0.000000000000000000e+00,-5.000000000000001110e-01,0.000000000000000000e+00,-7.806255641895631925e-17,0.000000000000000000e+00
4.552000000000000313e+01,2.200000000000000000e+01,1.000000000000000000e+01,2.399999999999999911e-01,-1.570796326794896558e+00,5.000000000000001110e-01,0.000000000000000000e+00,-3.552713678800500929e-15,0.000000000000000000e+00,-5.000000000000001110e-01,0.000000000000000000e+00,-7.290168468898627923e-17,0.000000000000000000e+00
4.553999999999999915e+01,2.200000000000000000e+01,1.000000000000000000e+01,2.300000000000000100e-01,-1.570796326794896558e+00,5.000000000000000000e-01,0.000000000000000000e+00,-3.552713678800500929e-15,0.000000000000000000e+00,-5.000000000000000000e-01,0.000000000000000000e+00,-6.783407169308473470e-17,0.000000000000000000e+00
4.556000000000000227e+01,2.200000000000000000e+01,1.000000000000000000e+01,2.200000000000000011e-01,-1.570796326794896558e+00,5.000000000000000000e-01,0.000000000000000000e+00,0.000000000000000000e+00,0.000000000000000000e+00,-5.000000000000000000e-01,0.000000000000000000e+00,-6.286970943847335286e-17,0.000000000000000000e+00
4.557999999999999829e+01,2.200000000000000000e+01,1.000000000000000000e+01,2.099999999999999645e-01,-1.570796326794896558e+00,5.000000000000000000e-01,0.000000000000000000e+00,0.000000000000000000e+00,0.000000000000000000e+00,-5.000000000000000000e-01,0.000000000000000000e+00,-5.801858993237373932e-17,0.000000000000000000e+00
4.560000000000000142e+01,2.200000000000000000e+01,1.000000000000000000e+01,1.999999999999999833e-01,-1.570796326794896558e+00,5.000000000000000000e-01,0.000000000000000000e+00,0.000000000000000000e+00,0.000000000000000000e+00,-5.000000000000000000e-01,0.000000000000000000e+00,-5.329070518200749348e-17,0.000000000000000000e+00
4.561999999999999744e+01,2.200000000000000000e+01,9.999999999999998224e+00,1.899999999999999467e-01,-1.570796326794896558e+00,5.000000000000000000e-01,0.000000000000000000e+00,0.000000000000000000e+00,0.000000000000000000e+00,-5.000000000000000000e-01,0.000000000000000000e+00,-4.869604719459627641e-17,0.000000000000000000e+00
4.564000000000000057e+01,2.200000000000000000e+01,1.000000000000000000e+01,1.799999999999999378e-01,-1.570796326794896558e+00,5.000000000000000000e-01,0.000000000000000000e+00,0.000000000000000000e+00,0.000000000000000000e+00,-5.000000000000000000e-01,0.000000000000000000e+00,-4.424460797736170601e-17,0.000000000000000000e+00
4.565999999999999659e+01,2.200000000000000000e+01,1.000000000000000000e+01,1.699999999999999289e-01,-1.570796326794896558e+00,5.000000000000000000e-01,0.000000000000000000e+00,0.000000000000000000e+00,0.000000000000000000e+00,-5.000000000000000000e-01,0.000000000000000000e+00,-3.994637953752541253e-17,0.000000000000000000e+00
4.567999999999999972e+01,2.200000000000000000e+01,1.000000000000000000e+01,1.600000000000000588e-01,-1.570796326794896558e+00,5.000000000000000000e-01,0.000000000000000000e+00,-1.776356839400250465e-15,0.000000000000000000e+00,-5.000000000000000000e-01,0.000000000000000000e+00,-3.581135388230906318e-17,0.000000000000000000e+00
4.570000000000000284e+01,2.200000000000000000e+01,1.000000000000000000e+01,1.500000000000000222e-01,-1.570796326794896558e+00,4.999999999999999445e-01,0.000000000000000000e+00,0.000000000000000000e+00,0.000000000000000000e+00,-4.999999999999999445e-01,0.000000000000000000e+00,-3.184952301893418959e-17,0.000000000000000000e+00
4.571999999999999886e+01,2.200000000000000000e+01,1.000000000000000000e+01,1.400000000000000133e-01,-1.570796326794896558e+00,5.000000000000000000e-01,0.000000000000000000e+00,1.776356839400250465e-15,0.000000000000000000e+00,-5.000000000000000000e-01,0.000000000000000000e+00,-2.807087895462245899e-17,0.000000000000000000e+00
4.574000000000000199e+01,2.200000000000000000e+01,1.000000000000000000e+01,1.300000000000000044e-01,-1.570796326794896558e+00,5.000000000000000000e-01,0.000000000000000000e+00,0.000000000000000000e+00,0.000000000000000000e+00,-5.000000000000000000e-01,0.000000000000000000e+00,-2.448541369659552009e-17,0.000000000000000000e+00
4.575999999999999801e+01,2.200000000000000000e+01,1.000000000000000000e+01,1.199999999999999956e-01,-1.570796326794896558e+00,5.000000000000000000e-01,0.000000000000000000e+00,0.000000000000000000e+00,0.000000000000000000e+00,-5.000000000000000000e-01,0.000000000000000000e+00,-2.110311925207497541e-17,0.000000000000000000e+00
4.578000000000000114e+01,2.200000000000000000e+01,1.000000000000000000e+01,1.100000000000000006e-01,-1.570796326794896558e+00,5.000000000000000000e-01,0.000000000000000000e+00,0.000000000000000000e+00,0.000000000000000000e+00,-5.000000000000000000e-01,0.000000000000000000e+00,-1.793398762828246442e-17,0.000000000000000000e+00
4.579999999999999716e+01,2.200000000000000000e+01,1.000000000000000000e+01,9.999999999999997780e-02,-1.570796326794896558e+00,5.000000000000000000e-01,0.000000000000000000e+00,0.000000000000000000e+00,0.000000000000000000e+00,-5.000000000000000000e-01,0.000000000000000000e+00,-1.498801083243960504e-17,0.000000000000000000e+00
4.582000000000000028e+01,2.200000000000000000e+01,1.000000000000000000e+01,8.999999999999996891e-02,-1.570796326794896558e+00,5.000000000000000000e-01,0.000000000000000000e+00,0.000000000000000000e+00,0.000000000000000000e+00,-5.000000000000000000e-01,0.000000000000000000e+00,-1.227518087176803367e-17,0.000000000000000000e+00
4.584000000000000341e+01,2.200000000000000000e+01,1.000000000000000000e+01,7.999999999999996003e-02,-1.570796326794896558e+00,5.000000000000000000e-01,0.000000000000000000e+00,0.000000000000000000e+00,0.000000000000000000e+00,-5.000000000000000000e-01,0.000000000000000000e+00,-9.805489753489372847e-18,0.000000000000000000e+00
4.585999999999999943e+01,2.200000000000000000e+01,1.000000000000000000e+01,6.999999999999996503e-02,-1.570796326794896558e+00,5.000000000000000000e-01,0.000000000000000000e+00,0.000000000000000000e+00,0.000000000000000000e+00,-5.000000000000000000e-01,0.000000000000000000e+00,-7.588929484825248187e-18,0.000000000000000000e+00
4.588000000000000256e+01,2.200000000000000000e+01,1.000000000000000000e+01,5.999999999999994227e-02,-1.570796326794896558e+00,5.000000000000000000e-01,0.000000000000000000e+00,0.000000000000000000e+00,0.000000000000000000e+00,-5.000000000000000000e-01,0.000000000000000000e+00,-5.635492072997284536e-18,0.000000000000000000e+00
4.589999999999999858e+01,2.200000000000000000e+01,1.000000000000000000e+01,4.999999999999993339e-02,-1.570796326794896558e+00,5.000000000000000000e-01,0.000000000000000000e+00,0.000000000000000000e+00,0.000000000000000000e+00,-5.000000000000000000e-01,0.000000000000000000e+00,-3.955169525227109821e-18,0.000000000000000000e+00
4.592000000000000171e+01,2.200000000000000000e+01,1.000000000000000000e+01,4.000000000000004247e-02,-1.570796326794896558e+00,5.000000000000000000e-01,0.000000000000000000e+00,0.000000000000000000e+00,0.000000000000000000e+00,-5.000000000000000000e-01,0.000000000000000000e+00,-2.557953848736365452e-18,0.000000000000000000e+00
4.593999999999999773e+01,2.200000000000000000e+01,1.000000000000000000e+01,3.000000000000003011e-02,-1.570796326794896558e+00,5.000000000000000000e-01,0.000000000000000000e+00,0.000000000000000000e+00,0.000000000000000000e+00,-5.000000000000000000e-01,0.000000000000000000e+00,-1.453837050746645075e-18,0.000000000000000000e+00
4.596000000000000085e+01,2.200000000000000000e+01,1.000000000000000000e+01,2.000000000000001776e-02,-1.570796326794896558e+00,5.000000000000000000e-01,0.000000000000000000e+00,0.000000000000000000e+00,0.000000000000000000e+00,-5.000000000000000000e-01,0.000000000000000000e+00,-6.528111384795931802e-19,0.000000000000000000e+00
4.597999999999999687e+01,2.200000000000000000e+01,1.000000000000000000e+01,1.000000000000000888e-02,-1.570796326794896558e+00,5.000000000000000000e-01,0.000000000000000000e+00,0.000000000000000000e+00,0.000000000000000000e+00,-5.000000000000000000e-01,0.000000000000000000e+00,-1.648681191568360583e-19,0.000000000000000000e+00
4.600000000000000000e+01,2.300000000000000000e+01,1.000000000000000000e+01,0.000000000000000000e+00,-1.570796326794896558e+00,5.000000000000000000e-01,0.000000000000000000e+00,5.386222877135082854e-05,0.000000000000000000e+00,-5.000000000000000000e-01,0.000000000000000000e+00,0.000000000000000000e+00,0.000000000000000000e+00
4.602000000000000313e+01,2.300000000000000000e+01,9.999999999999998224e+00,-1.000001446063904578e-02,-1.570796326794896558e+00,5.000021544891508629e-01,0.000000000000000000e+00,2.096578725190312298e-04,0.000000000000000000e+00,-5.000021544891508629e-01,0.000000000000000000e+00,-2.125349509927875109e-04,0.000000000000000000e+00
4.603999999999999915e+01,2.300000000000000000e+01,1.000000000000000000e+01,-2.000011335984279090e-02,-1.570796326794896558e+00,5.000083863149007435e-01,0.000000000000000000e+00,4.050041238983226322e-04,0.000000000000000000e+00,-5.000083863149007435e-01,0.000000000000000000e+00,-4.078074311309021855e-04,0.000000000000000000e+00
4.606000000000000227e+01,2.300000000000000000e+01,1.000000000000000000e+01,-3.000037482135754774e-02,-1.570796326794896558e+00,5.000183546541068225e-01,0.000000000000000000e+00,5.835305318786510043e-04,0.000000000000000000e+00,-5.000183546541068225e-01,0.000000000000000000e+00,-5.862600678721562606e-04,0.000000000000000000e+00
4.607999999999999829e+01,2.300000000000000000e+01,9.999999999999996447e+00,-4.000087024099224786e-02,-1.570796326794896558e+00,5.000317275361758629e-01,0.000000000000000000e+00,7.456797239253631915e-04,0.000000000000000000e+00,-5.000317275361758629e-01,0.000000000000000000e+00,-7.483354886743617557e-04,0.000000000000000000e+00
4.610000000000000142e+01,2.300000000000000000e+01,9.999999999999996447e+00,-5.000166446366948597e-02,-1.570796326794896558e+00,5.000481818430638770e-01,0.000000000000000000e+00,8.918943274931478982e-04,0.000000000000000000e+00,-5.000481818430638770e-01,0.000000000000000000e+00,-8.944763209953308534e-04,0.000000000000000000e+00
4.611999999999999744e+01,2.300000000000000000e+01,9.999999999999996447e+00,-6.000281596047640081e-02,-1.570796326794896558e+00,5.000674033092755710e-01,0.000000000000000000e+00,1.022616970033141115e-03,0.000000000000000000e+00,-5.000674033092755710e-01,0.000000000000000000e+00,-1.025125192292875628e-03,0.000000000000000000e+00
4.614000000000000057e+01,2.300000000000000000e+01,9.999999999999998224e+00,-7.000437700571578159e-02,-1.570796326794896558e+00,5.000890865218651227e-01,0.000000000000000000e+00,1.138290279008913330e-03,0.000000000000000000e+00,-5.000890865218651227e-01,0.000000000000000000e+00,-1.140724730024808261e-03,0.000000000000000000e+00
4.615999999999999659e+01,2.300000000000000000e+01,1.000000000000000178e+01,-8.000639385395699743e-02,-1.570796326794896558e+00,5.001129349204359587e-01,0.000000000000000000e+00,1.239356881880482320e-03,0.000000000000000000e+00,-5.001129349204359587e-01,0.000000000000000000e+00,-1.241717561648941152e-03,0.000000000000000000e+00
4.617999999999999972e+01,2.300000000000000000e+01,1.000000000000000355e+01,-9.000890691708690605e-02,-1.570796326794896558e+00,5.001386607971403109e-01,0.000000000000000000e+00,1.326259406090102289e-03,0.000000000000000000e+00,-5.001386607971403109e-01,0.000000000000000000e+00,-1.328546314623085941e-03,0.000000000000000000e+00
4.620000000000000284e+01,2.300000000000000000e+01,1.000000000000000178e+01,-1.000119509413609359e-01,-1.570796326794896558e+00,5.001659852966795494e-01,0.000000000000000000e+00,1.399440479112001867e-03,0.000000000000000000e+00,-5.001659852966795494e-01,0.000000000000000000e+00,-1.401653616405054269e-03,0.000000000000000000e+00
4.621999999999999886e+01,2.300000000000000000e+01,9.999999999999998224e+00,-1.100155551844540780e-01,-1.570796326794896558e+00,5.001946384163048487e-01,0.000000000000000000e+00,1.459342728406198830e-03,0.000000000000000000e+00,-5.001946384163048487e-01,0.000000000000000000e+00,-1.461482094452659511e-03,0.000000000000000000e+00
4.624000000000000199e+01,2.300000000000000000e+01,1.000000000000000178e+01,-1.200197435925118017e-01,-1.570796326794896558e+00,5.002243590058157441e-01,0.000000000000000000e+00,1.506408781418500098e-03,0.000000000000000000e+00,-5.002243590058157441e-01,0.000000000000000000e+00,-1.508474376223712873e-03,0.000000000000000000e+00
4.625999999999999801e+01,2.300000000000000000e+01,1.000000000000000178e+01,-1.300245349772010117e-01,-1.570796326794896558e+00,5.002548947675615754e-01,0.000000000000000000e+00,1.541081265619581586e-03,0.000000000000000000e+00,-5.002548947675615754e-01,0.000000000000000000e+00,-1.543073089176027514e-03,0.000000000000000000e+00
4.628000000000000114e+01,2.300000000000000000e+01,9.999999999999998224e+00,-1.400299431927612692e-01,-1.570796326794896558e+00,5.002860022564404874e-01,0.000000000000000000e+00,1.563802808451697501e-03,0.000000000000000000e+00,-5.002860022564404874e-01,0.000000000000000000e+00,-1.565720860767414206e-03,0.000000000000000000e+00
4.629999999999999716e+01,2.300000000000000000e+01,9.999999999999996447e+00,-1.500359773130552909e-01,-1.570796326794896558e+00,5.003174468798996521e-01,0.000000000000000000e+00,1.575016037376641975e-03,0.000000000000000000e+00,-5.003174468798996521e-01,0.000000000000000000e+00,-1.576860318455685240e-03,0.000000000000000000e+00
4.632000000000000028e+01,2.300000000000000000e+01,1.000000000000000000e+01,-1.600426418086204894e-01,-1.570796326794896558e+00,5.003490028979356019e-01,0.000000000000000000e+00,1.575163579868643637e-03,0.000000000000000000e+00,-5.003490028979356019e-01,0.000000000000000000e+00,-1.576934089698653558e-03,0.000000000000000000e+00
4.634000000000000341e+01,2.300000000000000000e+01,1.000000000000000000e+01,-1.700499367237196802e-01,-1.570796326794896558e+00,5.003804534230944512e-01,0.000000000000000000e+00,1.564688063373509408e-03,0.000000000000000000e+00,-5.003804534230944512e-01,0.000000000000000000e+00,-1.566384801954131233e-03,0.000000000000000000e+00
4.635999999999999943e+01,2.300000000000000000e+01,1.000000000000000355e+01,-1.800578578533919005e-01,-1.570796326794896558e+00,5.004115904204705645e-01,0.000000000000000000e+00,1.544032115333493493e-03,0.000000000000000000e+00,-5.004115904204705645e-01,0.000000000000000000e+00,-1.545655082679930773e-03,0.000000000000000000e+00
4.638000000000000256e+01,2.300000000000000000e+01,1.000000000000000355e+01,-1.900663969205036719e-01,-1.570796326794896558e+00,5.004422147077077776e-01,0.000000000000000000e+00,1.513638363229929951e-03,0.000000000000000000e+00,-5.004422147077077776e-01,0.000000000000000000e+00,-1.515187559333862517e-03,0.000000000000000000e+00
4.639999999999999858e+01,2.300000000000000000e+01,1.000000000000000355e+01,-2.000755417528000124e-01,-1.570796326794896558e+00,5.004721359549997306e-01,0.000000000000000000e+00,1.473949434513954770e-03,0.000000000000000000e+00,-5.004721359549997306e-01,0.000000000000000000e+00,-1.475424859373739841e-03,0.000000000000000000e+00
4.642000000000000171e+01,2.300000000000000000e+01,1.000000000000000000e+01,-2.100852764599550615e-01,-1.570796326794896558e+00,5.005011726850883136e-01,0.000000000000000000e+00,1.425407956640256657e-03,0.000000000000000000e+00,-5.005011726850883136e-01,0.000000000000000000e+00,-1.426809610257375252e-03,0.000000000000000000e+00
4.643999999999999773e+01,2.300000000000000000e+01,1.000000000000000355e+01,-2.200955816106235363e-01,-1.570796326794896558e+00,5.005291522732653320e-01,0.000000000000000000e+00,1.368456557068853385e-03,0.000000000000000000e+00,-5.005291522732653320e-01,0.000000000000000000e+00,-1.369784439442578872e-03,0.000000000000000000e+00
4.646000000000000085e+01,2.300000000000000000e+01,1.000000000000000000e+01,-2.301064344094913006e-01,-1.570796326794896558e+00,5.005559109473710633e-01,0.000000000000000000e+00,1.303537863252657303e-03,0.000000000000000000e+00,-5.005559109473710633e-01,0.000000000000000000e+00,-1.304791974387165161e-03,0.000000000000000000e+00
4.647999999999999687e+01,2.300000000000000000e+01,9.999999999999998224e+00,-2.401178088743265715e-01,-1.570796326794896558e+00,5.005812937877954782e-01,0.000000000000000000e+00,1.231094502660567969e-03,0.000000000000000000e+00,-5.005812937877954782e-01,0.000000000000000000e+00,-1.232274842548945325e-03,0.000000000000000000e+00
4.650000000000000000e+01,2.300000000000000000e+01,1.000000000000000000e+01,-2.501296760130309327e-01,-1.570796326794896558e+00,5.006051547274774638e-01,0.000000000000000000e+00,1.151569102738392303e-03,0.000000000000000000e+00,-5.006051547274774638e-01,0.000000000000000000e+00,-1.152675671385731439e-03,0.000000000000000000e+00
4.652000000000000313e+01,2.300000000000000000e+01,9.999999999999998224e+00,-2.601420040006900969e-01,-1.570796326794896558e+00,5.006273565519050450e-01,0.000000000000000000e+00,1.065404290956806221e-03,0.000000000000000000e+00,-5.006273565519050450e-01,0.000000000000000000e+00,-1.066437088355334925e-03,0.000000000000000000e+00
4.653999999999999915e+01,2.300000000000000000e+01,1.000000000000000000e+01,-2.701547583566251132e-01,-1.570796326794896558e+00,5.006477708991157183e-01,0.000000000000000000e+00,9.730426947616166444e-04,0.000000000000000000e+00,-5.006477708991157183e-01,0.000000000000000000e+00,-9.740017209155695920e-04,0.000000000000000000e+00
4.656000000000000227e+01,2.300000000000000000e+01,1.000000000000000178e+01,-2.801679021214433241e-01,-1.570796326794896558e+00,5.006662782596955630e-01,0.000000000000000000e+00,8.749269416039595626e-04,0.000000000000000000e+00,-5.006662782596955630e-01,0.000000000000000000e+00,-8.758121965242468641e-04,0.000000000000000000e+00
4.657999999999999829e+01,2.300000000000000000e+01,9.999999999999998224e+00,-2.901813960340889897e-01,-1.570796326794896558e+00,5.006827679767799077e-01,0.000000000000000000e+00,7.714996589633926760e-04,0.000000000000000000e+00,-5.006827679767799077e-01,0.000000000000000000e+00,-7.723111426391785980e-04,0.000000000000000000e+00
4.660000000000000142e+01,2.300000000000000000e+01,9.999999999999998224e+00,-3.001951987088950502e-01,-1.570796326794896558e+00,5.006971382460541076e-01,0.000000000000000000e+00,6.632034742857229048e-04,0.000000000000000000e+00,-5.006971382460541076e-01,0.000000000000000000e+00,-6.639411867181758920e-04,0.000000000000000000e+00
4.661999999999999744e+01,2.300000000000000000e+01,9.999999999999996447e+00,-3.102092668126333885e-01,-1.570796326794896558e+00,5.007092961157513233e-01,0.000000000000000000e+00,5.504810150291916671e-04,0.000000000000000000e+00,-5.007092961157513233e-01,0.000000000000000000e+00,-5.511449562190526633e-04,0.000000000000000000e+00
4.664000000000000057e+01,2.300000000000000000e+01,9.999999999999998224e+00,-3.202235552415659270e-01,-1.570796326794896558e+00,5.007191574866552974e-01,0.000000000000000000e+00,4.337749086591458081e-04,0.000000000000000000e+00,-5.007191574866552974e-01,0.000000000000000000e+00,-4.343650785996195762e-04,0.000000000000000000e+00
4.665999999999999659e+01,2.300000000000000000e+01,9.999999999999998224e+00,-3.302380172984960005e-01,-1.570796326794896558e+00,5.007266471120976892e-01,0.000000000000000000e+00,3.135277826178395344e-04,0.000000000000000000e+00,-5.007266471120976892e-01,0.000000000000000000e+00,-3.140441813176904394e-04,0.000000000000000000e+00
4.667999999999999972e+01,2.300000000000000000e+01,9.999999999999996447e+00,-3.402526048698187866e-01,-1.570796326794896558e+00,5.007316985979599622e-01,0.000000000000000000e+00,1.901822643723960482e-04,0.000000000000000000e+00,-5.007316985979599622e-01,0.000000000000000000e+00,-1.906248918310755652e-04,0.000000000000000000e+00
4.670000000000000284e+01,2.300000000000000000e+01,9.999999999999996447e+00,-3.502672686025728455e-01,-1.570796326794896558e+00,5.007342544026726072e-01,0.000000000000000000e+00,6.418098138460948121e-05,0.000000000000000000e+00,-5.007342544026726072e-01,0.000000000000000000e+00,-6.454983759758904681e-05,0.000000000000000000e+00
4.671999999999999886e+01,2.300000000000000000e+01,1.000000000000000000e+01,-3.602819580814907718e-01,-1.570796326794896558e+00,5.007342658372153643e-01,0.000000000000000000e+00,-6.403343889260781907e-05,0.000000000000000000e+00,-5.007342658372153643e-01,0.000000000000000000e+00,6.373835392495778721e-05,0.000000000000000000e+00
4.674000000000000199e+01,2.300000000000000000e+01,9.999999999999998224e+00,-3.702966220060499580e-01,-1.570796326794896558e+00,5.007316930651168896e-01,0.000000000000000000e+00,-1.940183690063435051e-04,0.000000000000000000e+00,-5.007316930651168896e-01,0.000000000000000000e+00,1.937970552787548822e-04,0.000000000000000000e+00
4.675999999999999801e+01,2.300000000000000000e+01,1.000000000000000000e+01,-3.803112083675244115e-01,-1.570796326794896558e+00,5.007265051024550884e-01,0.000000000000000000e+00,-3.253311814948034453e-04,0.000000000000000000e+00,-5.007265051024550884e-01,0.000000000000000000e+00,3.251836390059879823e-04,0.000000000000000000e+00
4.678000000000000114e+01,2.300000000000000000e+01,1.000000000000000000e+01,-3.903256646260347407e-01,-1.570796326794896558e+00,5.007186798178571152e-01,0.000000000000000000e+00,-4.575292488873117236e-04,0.000000000000000000e+00,-5.007186798178571152e-01,0.000000000000000000e+00,4.574554776488453387e-04,0.000000000000000000e+00
4.679999999999999716e+01,2.300000000000000000e+01,1.000000000000000000e+01,-4.003399378875997505e-01,-1.570796326794896558e+00,5.007082039324995959e-01,0.000000000000000000e+00,-5.901699437487195610e-04,0.000000000000000000e+00,-5.007082039324995959e-01,0.000000000000000000e+00,5.901699437495143896e-04,0.000000000000000000e+00
4.682000000000000028e+01,2.300000000000000000e+01,1.000000000000000000e+01,-4.103539750811873166e-01,-1.570796326794896558e+00,5.006950730201071842e-01,0.000000000000000000e+00,-7.228106386083510415e-04,0.000000000000000000e+00,-5.006950730201071842e-01,0.000000000000000000e+00,7.228844098501848500e-04,0.000000000000000000e+00
4.684000000000000341e+01,2.300000000000000000e+01,1.000000000000000178e+01,-4.203677231357650368e-01,-1.570796326794896558e+00,5.006792915069552263e-01,0.000000000000000000e+00,-8.550087060008593198e-04,0.000000000000000000e+00,-5.006792915069552263e-01,0.000000000000000000e+00,8.551562484930403090e-04,0.000000000000000000e+00
4.685999999999999943e+01,2.300000000000000000e+01,1.000000000000000355e+01,-4.303811291573520492e-01,-1.570796326794896558e+00,5.006608726718670965e-01,0.000000000000000000e+00,-9.863215184910956168e-04,0.000000000000000000e+00,-5.006608726718670965e-01,0.000000000000000000e+00,9.865428322202735717e-04,0.000000000000000000e+00
4.688000000000000256e+01,2.300000000000000000e+01,1.000000000000000355e+01,-4.403941406060688513e-01,-1.570796326794896558e+00,5.006398386462155292e-01,0.000000000000000000e+00,-1.116306448603054946e-03,0.000000000000000000e+00,-5.006398386462155292e-01,0.000000000000000000e+00,1.116601533574071914e-03,0.000000000000000000e+00
4.689999999999999858e+01,2.300000000000000000e+01,1.000000000000000355e+01,-4.504067054731891728e-01,-1.570796326794896558e+00,5.006162204139229521e-01,0.000000000000000000e+00,-1.244520868878495889e-03,0.000000000000000000e+00,-5.006162204139229521e-01,0.000000000000000000e+00,1.244889725096620225e-03,0.000000000000000000e+00
4.692000000000000171e+01,2.300000000000000000e+01,1.000000000000000178e+01,-4.604187724581906838e-01,-1.570796326794896558e+00,5.005900578114603761e-01,0.000000000000000000e+00,-1.370522151873387884e-03,0.000000000000000000e+00,-5.005900578114603761e-01,0.000000000000000000e+00,1.370964779330108166e-03,0.000000000000000000e+00
4.693999999999999773e+01,2.300000000000000000e+01,1.000000000000000355e+01,-4.704302911458060898e-01,-1.570796326794896558e+00,5.005613995278480610e-01,0.000000000000000000e+00,-1.493867670120607727e-03,0.000000000000000000e+00,-5.005613995278480610e-01,0.000000000000000000e+00,1.494384068816723447e-03,0.000000000000000000e+00
4.696000000000000085e+01,2.300000000000000000e+01,9.999999999999998224e+00,-4.804412121830733962e-01,-1.570796326794896558e+00,5.005303031046555162e-01,0.000000000000000000e+00,-1.614114796158361287e-03,0.000000000000000000e+00,-5.005303031046555162e-01,0.000000000000000000e+00,1.614704966098653776e-03,0.000000000000000000e+00
4.697999999999999687e+01,2.300000000000000000e+01,1.000000000000000000e+01,-4.904514874563884463e-01,-1.570796326794896558e+00,5.004968349360017221e-01,0.000000000000000000e+00,-1.730820902531959860e-03,0.000000000000000000e+00,-5.004968349360017221e-01,0.000000000000000000e+00,1.731484843718086863e-03,0.000000000000000000e+00
4.700000000000000000e+01,2.300000000000000000e+01,1.000000000000000000e+01,-5.004610702685543533e-01,-1.570796326794896558e+00,5.004610702685542423e-01,0.000000000000000000e+00,-1.843543361786714740e-03,0.000000000000000000e+00,-5.004610702685542423e-01,0.000000000000000000e+00,1.844281074217211935e-03,0.000000000000000000e+00
4.702000000000000313e+01,2.300000000000000000e+01,9.999999999999998224e+00,-5.104699155158329837e-01,-1.570796326794896558e+00,5.004230932015302225e-01,0.000000000000000000e+00,-1.951839546462608155e-03,0.000000000000000000e+00,-5.004230932015302225e-01,0.000000000000000000e+00,1.952651030138214967e-03,0.000000000000000000e+00
4.703999999999999915e+01,2.300000000000000000e+01,9.999999999999998224e+00,-5.204779798649962208e-01,-1.570796326794896558e+00,5.003829966866957246e-01,0.000000000000000000e+00,-2.055266829106727755e-03,0.000000000000000000e+00,-5.003829966866957246e-01,0.000000000000000000e+00,2.056152084023286052e-03,0.000000000000000000e+00
4.706000000000000227e+01,2.300000000000000000e+01,1.000000000000000000e+01,-5.304852219303768379e-01,-1.570796326794896558e+00,5.003408825283659489e-01,0.000000000000000000e+00,-2.153382582255503053e-03,0.000000000000000000e+00,-5.003408825283659489e-01,0.000000000000000000e+00,2.154341608414610514e-03,0.000000000000000000e+00
4.707999999999999829e+01,2.300000000000000000e+01,1.000000000000000000e+01,-5.404916024509195394e-01,-1.570796326794896558e+00,5.002968613834054556e-01,0.000000000000000000e+00,-2.245744178454245343e-03,0.000000000000000000e+00,-5.002968613834054556e-01,0.000000000000000000e+00,2.246776975854378015e-03,0.000000000000000000e+00
4.710000000000000142e+01,2.300000000000000000e+01,1.000000000000000000e+01,-5.504970844672311125e-01,-1.570796326794896558e+00,5.002510527612278324e-01,0.000000000000000000e+00,-2.331908990242936852e-03,0.000000000000000000e+00,-5.002510527612278324e-01,0.000000000000000000e+00,2.333015558884775614e-03,0.000000000000000000e+00
4.711999999999999744e+01,2.300000000000000000e+01,1.000000000000000178e+01,-5.605016334986330229e-01,-1.570796326794896558e+00,5.002035850237958048e-01,0.000000000000000000e+00,-2.411434390159783447e-03,0.000000000000000000e+00,-5.002035850237958048e-01,0.000000000000000000e+00,2.412614730047990801e-03,0.000000000000000000e+00
4.714000000000000057e+01,2.300000000000000000e+01,1.000000000000000000e+01,-5.705052177202107888e-01,-1.570796326794896558e+00,5.001545953856214588e-01,0.000000000000000000e+00,-2.483877750753649138e-03,0.000000000000000000e+00,-5.001545953856214588e-01,0.000000000000000000e+00,2.485131861886214107e-03,0.000000000000000000e+00
4.715999999999999659e+01,2.300000000000000000e+01,1.000000000000000000e+01,-5.805078081398659107e-01,-1.570796326794896558e+00,5.001042299137656855e-01,0.000000000000000000e+00,-2.548796444571621578e-03,0.000000000000000000e+00,-5.001042299137656855e-01,0.000000000000000000e+00,2.550124326941630420e-03,0.000000000000000000e+00
4.717999999999999972e+01,2.300000000000000000e+01,1.000000000000000000e+01,-5.905093787753670220e-01,-1.570796326794896558e+00,5.000526435278386250e-01,0.000000000000000000e+00,-2.605747844141248493e-03,0.000000000000000000e+00,-5.000526435278386250e-01,0.000000000000000000e+00,2.607149497756426366e-03,0.000000000000000000e+00
4.720000000000000284e+01,2.300000000000000000e+01,1.000000000000000000e+01,-6.005099068313995980e-01,-1.570796326794896558e+00,5.000000000000000000e-01,0.000000000000000000e+00,-2.654289322011393892e-03,0.000000000000000000e+00,-5.000000000000000000e-01,0.000000000000000000e+00,2.655764746872795509e-03,0.000000000000000000e+00
4.721999999999999886e+01,2.300000000000000000e+01,9.999999999999998224e+00,-6.105093728766184391e-01,-1.570796326794896558e+00,4.999464719549581715e-01,0.000000000000000000e+00,-2.693978250730921786e-03,0.000000000000000000e+00,-4.999464719549581715e-01,0.000000000000000000e+00,2.695527446832919703e-03,0.000000000000000000e+00
4.724000000000000199e+01,2.300000000000000000e+01,1.000000000000000000e+01,-6.205077610206976013e-01,-1.570796326794896558e+00,4.998922408699708053e-01,0.000000000000000000e+00,-2.724372002832708972e-03,0.000000000000000000e+00,-4.998922408699708053e-01,0.000000000000000000e+00,2.725994970178992078e-03,0.000000000000000000e+00
4.725999999999999801e+01,2.300000000000000000e+01,1.000000000000000000e+01,-6.305050590913824360e-01,-1.570796326794896558e+00,4.998374970748448165e-01,0.000000000000000000e+00,-2.745027950865619459e-03,0.000000000000000000e+00,-4.998374970748448165e-01,0.000000000000000000e+00,2.746724689453195357e-03,0.000000000000000000e+00
4.728000000000000114e+01,2.300000000000000000e+01,1.000000000000000000e+01,-6.405012588115390759e-01,-1.570796326794896558e+00,4.997824397519362027e-01,0.000000000000000000e+00,-2.755503467366082759e-03,0.000000000000000000e+00,-4.997824397519362027e-01,0.000000000000000000e+00,2.757273977197721802e-03,0.000000000000000000e+00
4.729999999999999716e+01,2.300000000000000000e+01,1.000000000000000000e+01,-6.504963559762068082e-01,-1.570796326794896558e+00,4.997272769361501554e-01,0.000000000000000000e+00,-2.755355924882962881e-03,0.000000000000000000e+00,-4.997272769361501554e-01,0.000000000000000000e+00,2.757200205954755869e-03,0.000000000000000000e+00
4.732000000000000028e+01,2.300000000000000000e+01,1.000000000000000000e+01,-6.604903506296483373e-01,-1.570796326794896558e+00,4.996722255149409486e-01,0.000000000000000000e+00,-2.744142695949136623e-03,0.000000000000000000e+00,-4.996722255149409486e-01,0.000000000000000000e+00,2.746060748266488955e-03,0.000000000000000000e+00
4.734000000000000341e+01,2.300000000000000000e+01,1.000000000000000000e+01,-6.704832472424011591e-01,-1.570796326794896558e+00,4.996175112283121611e-01,0.000000000000000000e+00,-2.721421153113467994e-03,0.000000000000000000e+00,-4.996175112283121611e-01,0.000000000000000000e+00,2.723412976675105516e-03,0.000000000000000000e+00
4.735999999999999943e+01,2.300000000000000000e+01,1.000000000000000000e+01,-6.804750548883278238e-01,-1.570796326794896558e+00,4.995633686688163988e-01,0.000000000000000000e+00,-2.686748668919491934e-03,0.000000000000000000e+00,-4.995633686688163988e-01,0.000000000000000000e+00,2.688814263722794345e-03,0.000000000000000000e+00
4.738000000000000256e+01,2.300000000000000000e+01,1.000000000000000000e+01,-6.904657874216681979e-01,-1.570796326794896558e+00,4.995100412815553503e-01,0.000000000000000000e+00,-2.639682615907190666e-03,0.000000000000000000e+00,-4.995100412815553503e-01,0.000000000000000000e+00,2.641821981951744235e-03,0.000000000000000000e+00
4.739999999999999858e+01,2.300000000000000000e+01,1.000000000000000000e+01,-7.004554636540887280e-01,-1.570796326794896558e+00,4.994577813641801201e-01,0.000000000000000000e+00,-2.579780366612993703e-03,0.000000000000000000e+00,-4.994577813641801201e-01,0.000000000000000000e+00,2.581993503904143547e-03,0.000000000000000000e+00
4.742000000000000171e+01,2.300000000000000000e+01,1.000000000000000178e+01,-7.104441075317352583e-01,-1.570796326794896558e+00,4.994068500668907840e-01,0.000000000000000000e+00,-2.506599293589317767e-03,0.000000000000000000e+00,-4.994068500668907840e-01,0.000000000000000000e+00,2.508886202122178905e-03,0.000000000000000000e+00
4.743999999999999773e+01,2.300000000000000000e+01,1.000000000000000000e+01,-7.204317483122826271e-01,-1.570796326794896558e+00,4.993575173924365007e-01,0.000000000000000000e+00,-2.419696769374368728e-03,0.000000000000000000e+00,-4.993575173924365007e-01,0.000000000000000000e+00,2.422057449148038669e-03,0.000000000000000000e+00
4.746000000000000085e+01,2.300000000000000000e+01,1.000000000000000000e+01,-7.304184207419863739e-01,-1.570796326794896558e+00,4.993100621961157892e-01,0.000000000000000000e+00,-2.318630166506352452e-03,0.000000000000000000e+00,-4.993100621961157892e-01,0.000000000000000000e+00,2.321064617523909464e-03,0.000000000000000000e+00
4.747999999999999687e+01,2.300000000000000000e+01,1.000000000000000000e+01,-7.404041652327332246e-01,-1.570796326794896558e+00,4.992647721857762511e-01,0.000000000000000000e+00,-2.202956857530580237e-03,0.000000000000000000e+00,-4.992647721857762511e-01,0.000000000000000000e+00,2.205465079791982252e-03,0.000000000000000000e+00
4.750000000000000000e+01,2.300000000000000000e+01,1.000000000000000000e+01,-7.503890280390926870e-01,-1.570796326794896558e+00,4.992219439218145705e-01,0.000000000000000000e+00,-2.072234214987034306e-03,0.000000000000000000e+00,-4.992219439218145705e-01,0.000000000000000000e+00,2.074816208494441490e-03,0.000000000000000000e+00
4.752000000000000313e+01,2.300000000000000000e+01,1.000000000000000000e+01,-7.603730614353674255e-01,-1.570796326794896558e+00,4.991818828171767364e-01,0.000000000000000000e+00,-1.926019611426355027e-03,0.000000000000000000e+00,-4.991818828171767364e-01,0.000000000000000000e+00,1.928675376173476837e-03,0.000000000000000000e+00
4.753999999999999915e+01,2.300000000000000000e+01,1.000000000000000000e+01,-7.703563238926446344e-01,-1.570796326794896558e+00,4.991449031373574874e-01,0.000000000000000000e+00,-1.763870419381419197e-03,0.000000000000000000e+00,-4.991449031373574874e-01,0.000000000000000000e+00,1.766599955371276004e-03,0.000000000000000000e+00
4.756000000000000227e+01,2.300000000000000000e+01,1.000000000000000000e+01,-7.803388802558470783e-01,-1.570796326794896558e+00,4.991113280004014774e-01,0.000000000000000000e+00,-1.585344011395761754e-03,0.000000000000000000e+00,-4.991113280004014774e-01,0.000000000000000000e+00,1.588147318630026917e-03,0.000000000000000000e+00
4.757999999999999829e+01,2.300000000000000000e+01,1.000000000000000000e+01,-7.903208019207832447e-01,-1.570796326794896558e+00,4.990814893769016658e-01,0.000000000000000000e+00,-1.389997760014693995e-03,0.000000000000000000e+00,-4.990814893769016658e-01,0.000000000000000000e+00,1.392874838491917067e-03,0.000000000000000000e+00
4.760000000000000142e+01,2.300000000000000000e+01,1.000000000000000000e+01,-8.003021670111998276e-01,-1.570796326794896558e+00,4.990557280900008719e-01,0.000000000000000000e+00,-1.177389037781750858e-03,0.000000000000000000e+00,-4.990557280900008719e-01,0.000000000000000000e+00,1.180339887499134814e-03,0.000000000000000000e+00
4.761999999999999744e+01,2.300000000000000000e+01,9.999999999999998224e+00,-8.102830605558313248e-01,-1.570796326794896558e+00,4.990343938153904424e-01,0.000000000000000000e+00,-9.470752172351382114e-04,0.000000000000000000e+00,-4.990343938153904424e-01,0.000000000000000000e+00,9.500998381938678683e-04,0.000000000000000000e+00
4.764000000000000057e+01,2.300000000000000000e+01,1.000000000000000000e+01,-8.202635746654517446e-01,-1.570796326794896558e+00,4.990178450813114730e-01,0.000000000000000000e+00,-6.986136709148382806e-04,0.000000000000000000e+00,-4.990178450813114730e-01,0.000000000000000000e+00,7.017120631183032878e-04,0.000000000000000000e+00
4.765999999999999659e+01,2.300000000000000000e+01,1.000000000000000000e+01,-8.302438087099253128e-01,-1.570796326794896558e+00,4.990064492685538644e-01,0.000000000000000000e+00,-4.315617713661623611e-04,0.000000000000000000e+00,-4.990064492685538644e-01,0.000000000000000000e+00,4.347339348146295407e-04,0.000000000000000000e+00
4.767999999999999972e+01,2.300000000000000000e+01,1.000000000000000000e+01,-8.402238694952577358e-01,-1.570796326794896558e+00,4.990005826104568221e-01,0.000000000000000000e+00,-1.454768911344217486e-04,0.000000000000000000e+00,-4.990005826104568221e-01,0.000000000000000000e+00,1.487228258250379684e-04,0.000000000000000000e+00
4.770000000000000284e+01,2.300000000000000000e+01,1.000000000000000000e+01,-8.502038714406465747e-01,-1.570796326794896558e+00,4.990006301929084676e-01,0.000000000000000000e+00,1.600835972404013319e-04,0.000000000000000000e+00,-4.990006301929084676e-01,0.000000000000000000e+00,-1.567638913082892223e-04,0.000000000000000000e+00
4.771999999999999886e+01,2.300000000000000000e+01,1.000000000000000000e+01,-8.601839367555332849e-01,-1.570796326794896558e+00,4.990069859543464492e-01,0.000000000000000000e+00,4.855623212201010119e-04,0.000000000000000000e+00,-4.990069859543464492e-01,0.000000000000000000e+00,-4.821688440431615304e-04,0.000000000000000000e+00
4.774000000000000199e+01,2.300000000000000000e+01,1.000000000000000000e+01,-8.701641956166530356e-01,-1.570796326794896558e+00,4.990200526857573315e-01,0.000000000000000000e+00,8.314019082593659959e-04,0.000000000000000000e+00,-4.990200526857573315e-01,0.000000000000000000e+00,-8.279346598373916533e-04,0.000000000000000000e+00
4.775999999999999801e+01,2.300000000000000000e+01,1.000000000000000000e+01,-8.801447863450864162e-01,-1.570796326794896558e+00,4.990402420306767617e-01,0.000000000000000000e+00,1.198044985809332275e-03,0.000000000000000000e+00,-4.990402420306767617e-01,0.000000000000000000e+00,-1.194503966148792234e-03,0.000000000000000000e+00
4.778000000000000114e+01,2.300000000000000000e+01,1.000000000000000000e+01,-8.901258555833102548e-01,-1.570796326794896558e+00,4.990679744851897470e-01,0.000000000000000000e+00,1.585934181340675764e-03,0.000000000000000000e+00,-4.990679744851897470e-01,0.000000000000000000e+00,-1.582319390435174425e-03,0.000000000000000000e+00
4.779999999999999716e+01,2.300000000000000000e+01,1.000000000000000000e+01,-9.001075584722484368e-01,-1.570796326794896558e+00,4.991036793979303776e-01,0.000000000000000000e+00,1.995512122304532454e-03,0.000000000000000000e+00,-4.991036793979303776e-01,0.000000000000000000e+00,-1.991823560154349759e-03,0.000000000000000000e+00
4.782000000000000028e+01,2.300000000000000000e+01,1.000000000000000000e+01,-9.100900588283230563e-01,-1.570796326794896558e+00,4.991477949700818817e-01,0.000000000000000000e+00,2.427221436155591050e-03,0.000000000000000000e+00,-4.991477949700818817e-01,0.000000000000000000e+00,-2.423459102764132476e-03,0.000000000000000000e+00
4.784000000000000341e+01,2.300000000000000000e+01,1.000000000000000000e+01,-9.200735293205053456e-01,-1.570796326794896558e+00,4.992007682553766257e-01,0.000000000000000000e+00,2.881504750357422040e-03,0.000000000000000000e+00,-4.992007682553766257e-01,0.000000000000000000e+00,-2.877668645722331400e-03,0.000000000000000000e+00
4.785999999999999943e+01,2.300000000000000000e+01,1.000000000000000000e+01,-9.300581516473670485e-01,-1.570796326794896558e+00,4.992630551600961697e-01,0.000000000000000000e+00,3.358804692362937772e-03,0.000000000000000000e+00,-4.992630551600961697e-01,0.000000000000000000e+00,-3.354894816486761640e-03,0.000000000000000000e+00
4.788000000000000256e+01,2.300000000000000000e+01,1.000000000000000000e+01,-9.400441167141303511e-01,-1.570796326794896558e+00,4.993351204430711565e-01,0.000000000000000000e+00,3.859563889635708733e-03,0.000000000000000000e+00,-4.993351204430711565e-01,0.000000000000000000e+00,-3.855580242515233534e-03,0.000000000000000000e+00
4.789999999999999858e+01,2.300000000000000000e+01,1.000000000000000000e+01,-9.500316248097202543e-01,-1.570796326794896558e+00,4.994174377156815336e-01,0.000000000000000000e+00,4.384224969626870916e-03,0.000000000000000000e+00,-4.994174377156815336e-01,0.000000000000000000e+00,-4.380167551265561759e-03,0.000000000000000000e+00
4.792000000000000171e+01,2.300000000000000000e+01,1.000000000000000000e+01,-9.600208857838141707e-01,-1.570796326794896558e+00,4.995104894418562758e-01,0.000000000000000000e+00,4.933230559803547521e-03,0.000000000000000000e+00,-4.995104894418562758e-01,0.000000000000000000e+00,-4.929099370195548849e-03,0.000000000000000000e+00
4.793999999999999773e+01,2.300000000000000000e+01,1.000000000000000000e+01,-9.700121192238940759e-01,-1.570796326794896558e+00,4.996147669380736067e-01,0.000000000000000000e+00,5.507023287613321827e-03,0.000000000000000000e+00,-4.996147669380736067e-01,0.000000000000000000e+00,-5.502818326763021621e-03,0.000000000000000000e+00
4.796000000000000085e+01,2.300000000000000000e+01,1.000000000000000000e+01,-9.800055546322969935e-01,-1.570796326794896558e+00,4.997307703733607775e-01,0.000000000000000000e+00,6.106045780519764321e-03,0.000000000000000000e+00,-4.997307703733607775e-01,0.000000000000000000e+00,-6.101767048425784344e-03,0.000000000000000000e+00
4.797999999999999687e+01,2.300000000000000000e+01,1.000000000000000000e+01,-9.900014316032655914e-01,-1.570796326794896558e+00,4.998590087692943440e-01,0.000000000000000000e+00,6.730740665977563708e-03,0.000000000000000000e+00,-4.998590087692943440e-01,0.000000000000000000e+00,-6.726388162641649959e-03,0.000000000000000000e+00
4.800000000000000000e+01,2.400000000000000000e+01,1.000000000000000000e+01,-1.000000000000000000e+00,-1.570796326794896558e+00,4.999999999999998890e-01,0.000000000000000000e+00,6.318514741517233801e-03,0.000000000000000000e+00,-4.999999999999998890e-01,0.000000000000000000e+00,-7.377124296867876296e-03,0.000000000000000000e+00
4.802000000000000313e+01,2.400000000000000000e+01,1.000000072914106219e+01,-1.010001235359401894e+00,-1.570578862776768059e+00,5.001117493589550822e-01,1.105849078827146267e-02,3.882451351609361723e-03,1.087563096716905801e-04,-5.001117375336630033e-01,1.075291005457327913e-02,-3.837510345823667585e-03,4.298908296238942300e-02
4.803999999999999915e+01,2.400000000000000000e+01,1.000000573515105451e+01,-1.020004013807204624e+00,-1.569946076010519498e+00,5.001552980540642235e-01,2.136249424557021964e-02,6.014832677578851872e-04,4.252573832425727792e-04,-5.001551172663414313e-01,2.077696726809280178e-02,-5.404242710722001290e-04,8.305440028827863752e-02
4.806000000000000227e+01,2.400000000000000000e+01,1.000001902815103527e+01,-1.030007016324993030e+00,-1.568926682300129327e+00,5.001358086896653399e-01,3.093774814015324767e-02,-2.419658184448891802e-03,9.350756165819903813e-04,-5.001349345599213070e-01,3.008711690960047189e-02,2.519653491370465320e-03,1.203017397473822719e-01
4.807999999999999829e+01,2.400000000000000000e+01,1.000004433269903181e+01,-1.040009018697676035e+00,-1.567548536530291914e+00,5.000585117266862500e-01,3.980785563345703298e-02,-5.178843787243536667e-03,1.624082310940125643e-03,-5.000558743850087584e-01,3.869830424813816561e-02,5.348242505488275816e-03,1.548256417777044702e-01
4.810000000000000142e+01,2.400000000000000000e+01,1.000008509376816335e+01,-1.050008889305663384e+00,-1.565838703739978355e+00,4.999286549381756206e-01,4.799440514155153131e-02,-7.676331568324812338e-03,2.478447672947996748e-03,-4.999225113209305738e-01,4.662547455274776431e-02,7.950862335265165837e-03,1.867105548620176525e-01
4.811999999999999744e+01,2.400000000000000000e+01,1.000014448272472478e+01,-1.060005586917037279e+00,-1.563823522628015272e+00,4.997514584639532464e-01,5.551711639765979922e-02,-9.914497398884947188e-03,3.484640814617460947e-03,-4.997393095557337572e-01,5.388357309247117366e-02,1.033303254468508764e-02,2.160319695573571508e-01
4.814000000000000057e+01,2.400000000000000000e+01,1.000022540330630783e+01,-1.069998158479728234e+00,-1.561528661603214463e+00,4.995320750422201916e-01,6.239400401273954844e-02,-1.189758553724651335e-02,4.629429753341214940e-03,-4.995106228861856401e-01,6.048754513635025420e-02,1.250027269773197613e-02,2.428575205326098108e-01
4.815999999999999659e+01,2.400000000000000000e+01,1.000033049759990611e+01,-1.079985736913690486e+00,-1.558979167573673941e+00,4.992755550424634037e-01,6.864155160417922952e-02,-1.363147694540067789e-02,5.899881411892789890e-03,-4.992406947177738807e-01,6.645233595342692201e-02,1.445810235838977664e-02,2.672480483831099485e-01
4.817999999999999972e+01,2.400000000000000000e+01,1.000046215202001854e+01,-1.089967538903073407e+00,-1.556199507735457566e+00,4.989868159644041401e-01,7.427489100783968290e-02,-1.512347350016618464e-02,7.283361618426555974e-03,-4.989336580647063535e-01,7.179289081274303763e-02,1.621204109064243448e-02,2.892586147903939420e-01
4.820000000000000284e+01,2.400000000000000000e+01,1.000062250328676328e+01,-1.099942862688398693e+00,-1.553213604673345793e+00,4.986706161024566653e-01,7.930798225873153529e-02,-1.638209649529187573e-02,8.767535106477722384e-03,-4.985935355499110377e-01,7.652415498334051713e-02,1.776760845847388803e-02,3.089394659447429747e-01
4.821999999999999886e+01,2.400000000000000000e+01,1.000081344440398645e+01,-1.109911085858733992e+00,-1.550044865128290539e+00,4.983315321045924673e-01,8.375379096868176831e-02,-1.741689808445556764e-02,1.034036551496233039e-02,-4.982242394050368506e-01,8.066107373426119331e-02,1.913032402586807915e-02,3.263369401789614210e-01
4.824000000000000199e+01,2.400000000000000000e+01,1.000103663063737081e+01,-1.119871663143866991e+00,-1.546716202819472086e+00,4.979739401790784226e-01,8.762446048767882911e-02,-1.823828454606513105e-02,1.199011538817726548e-02,-4.978295714704527031e-01,8.421859233454702387e-02,2.030570735680895314e-02,3.414943165768409283e-01
4.825999999999999801e+01,2.400000000000000000e+01,1.000129348549251951e+01,-1.129824124206479263e+00,-1.543250055734793902e+00,4.976020007227499042e-01,9.093147684526675656e-02,-1.885735045884651129e-02,1.370534617580025996e-02,-4.974132231952475003e-01,8.721165605323986936e-02,2.129927801528045880e-02,3.544526019980039355e-01
4.828000000000000114e+01,2.400000000000000000e+01,1.000158520669310569e+01,-1.139768071434322794e+00,-1.539668398323179810e+00,4.972196461607245599e-01,9.368582495953972633e-02,-1.928572306309561668e-02,1.547491823288985567e-02,-4.969787756372313070e-01,8.965521015938157645e-02,2.211655556526652758e-02,3.652512545615256290e-01
4.829999999999999716e+01,2.400000000000000000e+01,1.000191277215894203e+01,-1.149703177732391390e+00,-1.535992749035785199e+00,4.968305718002260507e-01,9.589813499867576307e-02,-1.953541624464172344e-02,1.728799081988545427e-02,-4.965296994629335714e-01,9.156419992201406122e-02,2.276305957075109784e-02,3.739288421962553288e-01
4.832000000000000028e+01,2.400000000000000000e+01,1.000227694598411787e+01,-1.159629184315097872e+00,-1.532244173671631904e+00,4.964382295109389109e-01,9.757881810348476015e-02,-1.961869371944757745e-02,1.913402210260730166e-02,-4.960693549476046793e-01,9.295357061017923972e-02,2.324430959571812880e-02,3.805236354244270758e-01
4.834000000000000341e+01,2.400000000000000000e+01,1.000267828441507234e+01,-1.169545898498446590e+00,-1.528443284986457762e+00,4.960458240514480366e-01,9.873819094501420923e-02,-1.954794111573754378e-02,2.100276915225646537e-02,-4.956009919752150106e-01,9.383826749291897251e-02,2.356582520415156576e-02,3.850741341136238449e-01
4.835999999999999943e+01,2.400000000000000000e+01,1.000311714182874390e+01,-1.179453191492209063e+00,-1.524610239021971569e+00,4.956563118663093737e-01,9.938658881126680167e-02,-1.933554674849347066e-02,2.288428794541483985e-02,-4.951277500384557162e-01,9.423323583927514790e-02,2.373312596003532976e-02,3.876195285173036353e-01
4.838000000000000256e+01,2.400000000000000000e+01,1.000359367671063815e+01,-1.189350996192096721e+00,-1.520764728606355254e+00,4.952724021815083089e-01,9.953446710117154483e-02,-1.899379095999620404e-02,2.476893336404519322e-02,-4.946526582387374971e-01,9.415342091828965421e-02,2.375173142735338000e-02,3.882000955251678764e-01
4.839999999999999858e+01,2.400000000000000000e+01,1.000410785763296673e+01,-1.199239304971937869e+00,-1.516925974465948901e+00,4.948965602279095100e-01,9.919249125941444201e-02,-1.853474395987930734e-02,2.664735919549110488e-02,-4.941786352861921583e-01,9.361376799900436585e-02,2.362716117008964445e-02,3.868575316547443466e-01
4.842000000000000171e+01,2.400000000000000000e+01,1.000465946923273464e+01,-1.209118167475849104e+00,-1.513112714372788048e+00,4.945310124231131477e-01,9.837161531805360681e-02,-1.797017214090956827e-02,2.851051813247697242e-02,-4.937084894996712769e-01,9.262922235046119890e-02,2.336493475222808924e-02,3.836352249234301071e-01
4.843999999999999773e+01,2.400000000000000000e+01,1.000524811818986670e+01,-1.218987688410413162e+00,-1.509343190733315243e+00,4.941777533422731516e-01,9.708314932401584940e-02,-1.731145287381608000e-02,3.034966177310810184e-02,-4.932449188067470347e-01,9.121472924170195840e-02,2.297057173775261460e-02,3.785784683316566479e-01
4.846000000000000085e+01,2.400000000000000000e+01,1.000587323920528249e+01,-1.228848025336849892e+00,-1.505635137000488344e+00,4.938385543081604823e-01,9.533881602847371628e-02,-1.656949779739669282e-02,3.215634062087055489e-02,-4.927905107437119958e-01,8.938523394176861592e-02,2.244959169064721094e-02,3.717346182471166771e-01
4.847999999999999687e+01,2.400000000000000000e+01,1.000653410097904761e+01,-1.238699386463192109e+00,-1.502005763265066074e+00,4.935149734303772573e-01,9.315079729669359376e-02,-1.575468462050544360e-02,3.392240408463129131e-02,-4.923477424555788295e-01,8.715568171970305977e-02,2.180751417489579583e-02,3.631532014910077155e-01
4.850000000000000000e+01,2.400000000000000000e+01,1.000722981218844509e+01,-1.248542028436461671e+00,-1.498471741352551456e+00,4.932083669233402468e-01,9.053177076655792577e-02,-1.487679744257341952e-02,3.564000047863807863e-02,-4.919189806960805877e-01,8.454101784454715052e-02,2.104985875448231458e-02,3.528859753748154193e-01
4.852000000000000313e+01,2.400000000000000000e+01,1.000795932746610184e+01,-1.258376254134840888e+00,-1.495049189720652150e+00,4.929199015326742317e-01,8.749493734139800194e-02,-1.394497558018592542e-02,3.730157702251953034e-02,-4.915064818276706493e-01,8.155618758534274870e-02,2.018214499339070558e-02,3.409869453066425304e-01
4.853999999999999915e+01,2.400000000000000000e+01,1.000872145337809016e+01,-1.268202410459848384e+00,-1.491753658418761619e+00,4.926505679001328408e-01,8.405404014850155481e-02,-1.296767086131112023e-02,3.889987984128506771e-02,-4.911123918215228867e-01,7.821613621113181203e-02,1.920989245560492456e-02,3.275123448683470717e-01
4.856000000000000227e+01,2.400000000000000000e+01,1.000951485440203470e+01,-1.278020886128514277e+00,-1.488600114336519731e+00,4.924011946982217447e-01,8.022337562892009610e-02,-1.195261331755048673e-02,4.042795396532503083e-02,-4.907387462575312220e-01,7.453580899095615941e-02,1.813862070510891336e-02,3.125205834505382363e-01
4.857999999999999829e+01,2.400000000000000000e+01,1.001033805890521755e+01,-1.287832109465552710e+00,-1.485602926933611956e+00,4.921724633674308680e-01,7.601779744709624698e-02,-1.090678516970911005e-02,4.187914333041050513e-02,-4.903874703243099598e-01,7.053015119385773468e-02,1.697384930588661037e-02,2.960721666167764887e-01
4.860000000000000142e+01,2.400000000000000000e+01,1.001118946512270469e+01,-1.297636546195538365e+00,-1.482775854608251898e+00,4.919649232914333759e-01,7.145271392042591707e-02,-9.836402965442303525e-03,4.324709077769346016e-02,-4.900603788191939536e-01,6.621410808887834287e-02,1.572109782192193661e-02,2.782295943494839663e-01
4.861999999999999744e+01,2.400000000000000000e+01,1.001206734713542623e+01,-1.307434697235079435e+00,-1.480132031827929184e+00,4.917790072488132380e-01,6.654407966925482421e-02,-8.746907689820559995e-03,4.452573805370670795e-02,-4.897591761482381623e-01,6.160262494505995556e-02,1.438588581719886690e-02,2.590572422097601191e-01
4.864000000000000057e+01,2.400000000000000000e+01,1.001296986084830110e+01,-1.317227096484992144e+00,-1.477683957113549162e+00,4.916150469838405646e-01,6.130838217715239152e-02,-7.642962632942840173e-03,4.570932581036386833e-02,-4.894854563262178715e-01,5.671064703144441249e-02,1.297373285570132748e-02,2.386212302262154805e-01
4.865999999999999659e+01,2.400000000000000000e+01,1.001389504996833679e+01,-1.327014308622475713e+00,-1.475443481937642742e+00,4.914732887434954955e-01,5.576262392993129591e-02,-6.528458763316535851e-03,4.679239360495945910e-02,-4.892407029766286941e-01,5.155311961707363666e-02,1.149015850141327059e-02,2.169892840215953134e-01
4.867999999999999972e+01,2.400000000000000000e+01,1.001484085198274698e+01,-1.336796926893286441e+00,-1.473421800569328033e+00,4.913539086333078565e-01,4.992430077027355806e-02,-5.406527322913134981e-03,4.776977990016872955e-02,-4.890262893316866255e-01,4.614498797098946781e-02,9.940682318318615554e-03,1.942305923001239332e-01
4.870000000000000284e+01,2.400000000000000000e+01,1.001580510413704417e+01,-1.346575570903911778e+00,-1.471629440873638339e+00,4.912570276505789368e-01,4.381137706368676971e-02,-4.279559329951609925e-03,4.863662206404789634e-02,-4.888434782323280992e-01,4.050119736223384975e-02,8.330823870401351042e-03,1.704156643647803393e-01
4.871999999999999886e+01,2.400000000000000000e+01,1.001678554941316968e+01,-1.356350884413746183e+00,-1.470076256050986574e+00,4.911827262601098365e-01,3.744225822177126711e-02,-3.149231649121730925e-03,4.938835637003390067e-02,-4.886934221282096535e-01,3.463669305984867774e-02,6.666102721645389417e-03,1.456161908250203640e-01
4.874000000000000199e+01,2.400000000000000000e+01,1.001777984250756504e+01,-1.366123533127262757e+00,-1.468771417284223002e+00,4.911310583846140720e-01,3.083576107158777016e-02,-2.016539266335826142e-03,5.002071799694458865e-02,-4.885771630777080432e-01,2.856642033287571519e-02,4.952038436034651714e-03,1.199049101054993488e-01
4.875999999999999801e+01,2.400000000000000000e+01,1.001878555580932328e+01,-1.375894202486190654e+00,-1.467723407246116052e+00,4.911020646894563857e-01,2.401108249665867556e-02,-8.818333861082550129e-04,5.052974102897861419e-02,-4.884956327479206828e-01,2.230532445035694408e-02,3.194150577553109705e-03,9.335548278915470344e-02
4.878000000000000114e+01,2.400000000000000000e+01,1.001980018537826567e+01,-1.385663595461687603e+00,-1.466940014409245485e+00,4.910957850491697863e-01,1.698776670740057698e-02,2.551350457604684152e-04,5.091175845571549452e-02,-4.884496524146652030e-01,1.586835068133422844e-02,1.397958710184687894e-03,6.604237523749389993e-02
4.879999999999999716e+01,2.400000000000000000e+01,1.002082115692305742e+01,-1.395432430346515762e+00,-1.466428328093280387e+00,4.911122700912867733e-01,9.785671428344610775e-03,1.395166803721537008e-03,5.116340217211558933e-02,-4.884399329624793951e-01,9.270444294849512074e-03,-4.310176020866383689e-04,3.804075334060712937e-02
4.882000000000000028e+01,2.400000000000000000e+01,1.002184583177932531e+01,-1.405201438547214021e+00,-1.466194734181329729e+00,4.911515917213186144e-01,2.424933218247386519e-03,2.539561247033361724e-03,5.128160297852001059e-02,-4.884670748846213773e-01,2.526550559944556237e-03,-2.287258795276975263e-03,9.426386671996375352e-03
4.884000000000000341e+01,2.400000000000000000e+01,1.002287151288775036e+01,-1.414971362376274300e+00,-1.466244911437392773e+00,4.912138525411681167e-01,-5.074067930871953118e-03,3.690059012880553269e-03,5.126359058065085156e-02,-4.885315682830699835e-01,-4.348385254338492725e-03,-4.165245305402302117e-03,-1.972443722935312421e-02
4.885999999999999943e+01,2.400000000000000000e+01,1.002389545077217647e+01,-1.424742952844314958e+00,-1.466583828360688013e+00,4.912991940818338676e-01,-1.269074463661075229e-02,4.848780968835342264e-03,5.110689358961091611e-02,-4.886337928685240417e-01,-1.133941787895808434e-02,-6.059457568478766529e-03,-4.933498924442333844e-02
4.888000000000000256e+01,2.400000000000000000e+01,1.002491484951773337e+01,-1.434516967452256209e+00,-1.467215740519549838e+00,4.914078037799215481e-01,-2.040433879350837809e-02,6.018163859003777816e-03,5.080933952188389224e-02,-4.887740179604024293e-01,-1.843160204487218415e-02,-7.964376020522388050e-03,-7.932816699389648452e-02
4.889999999999999858e+01,2.400000000000000000e+01,1.002592687274892924e+01,-1.444294167983493082e+00,-1.468144188317341614e+00,4.915399206361939499e-01,-2.819395890199062615e-02,7.200893080961279225e-03,5.036905479933435209e-02,-4.889524024868447949e-01,-2.560999248303884313e-02,-9.874481097549221362e-03,-1.096265567773161836e-01
4.892000000000000171e+01,2.400000000000000000e+01,1.002692864960776653e+01,-1.454075318296070840e+00,-1.469371995155064781e+00,4.916958395031600371e-01,-3.603861814195550434e-02,8.399833033367443136e-03,4.978446474920760617e-02,-4.891689949847110030e-01,-3.285964392441625970e-02,-1.178425323557531941e-02,-1.401524911740760493e-01
4.893999999999999773e+01,2.400000000000000000e+01,1.002791728073184352e+01,-1.463861182114859716e+00,-1.470901265969681848e+00,4.918759139575286099e-01,-4.391727330961190529e-02,9.617955476670658754e-03,4.905429360412990464e-02,-4.894237335995812455e-01,-4.016561109996250739e-02,-1.368817287061674728e-02,-1.708281046384954593e-01
4.896000000000000085e+01,2.400000000000000000e+01,1.002888984423245944e+01,-1.473652520823727441e+00,-1.472733386143145307e+00,4.920805577222268079e-01,-5.180886476029113868e-02,1.085826635273967611e-02,4.817756450210827074e-02,-4.897164460857558188e-01,-4.751294874063567014e-02,-1.558072043868955099e-02,-2.015753896383342403e-01
4.897999999999999687e+01,2.400000000000000000e+01,1.002984340167274269e+01,-1.483450091257716430e+00,-1.474869020794284946e+00,4.923102446116381925e-01,-5.969235751169633258e-02,1.212373151299139806e-02,4.715359948653054939e-02,-4.900468498062556799e-01,-5.488671157739392903e-02,-1.745637637580980256e-02,-2.323162560260507437e-01
4.900000000000000000e+01,2.400000000000000000e+01,1.003077500404573286e+01,-1.493254643495215861e+00,-1.477308114483588453e+00,4.925655069827464261e-01,-6.754678366092839448e-02,1.341720180958283493e-02,4.598201950616553901e-02,-4.904145517328218906e-01,-6.227195434119536799e-02,-1.930962111799355840e-02,-2.629725963915425790e-01
4.902000000000000313e+01,2.400000000000000000e+01,1.003168169775249474e+01,-1.503066918650137529e+00,-1.480049891378958593e+00,4.928469326840216325e-01,-7.535128625449712125e-02,1.474133801009003264e-02,4.466274441516272786e-02,-4.908190484459159508e-01,-6.965373176299809177e-02,-2.113493510125686453e-02,-2.934663601215717899e-01
4.903999999999999915e+01,2.400000000000000000e+01,1.003256053058024122e+01,-1.512887646664088592e+00,-1.483092855948281885e+00,4.931551605031500030e-01,-8.308516472367169503e-02,1.609853600238686511e-02,4.319599297305256463e-02,-4.912597261347195210e-01,-7.701709857376022594e-02,-2.292679876161580338e-02,-3.237196387831769440e-01
4.906000000000000227e+01,2.400000000000000000e+01,1.003340855768042061e+01,-1.522717544098548315e+00,-1.486434794261545012e+00,4.934908741241170738e-01,-9.072792195861317799e-02,1.749085276387241095e-02,4.158228284474621561e-02,-4.917358605971346996e-01,-8.434710950443986832e-02,-2.467969253508639493e-02,-3.536547652558396093e-01
4.907999999999999829e+01,2.400000000000000000e+01,1.003422284754683425e+01,-1.532557311927040367e+00,-1.490072776000757049e+00,4.938547946137049061e-01,-9.825931304481544393e-02,1.891993357613763749e-02,3.982243060053576589e-02,-4.922466172397837458e-01,-9.162881928599515835e-02,-2.638809685768473551e-02,-3.831944287609947430e-01
4.910000000000000142e+01,2.400000000000000000e+01,1.003500048799374866e+01,-1.542407633327308458e+00,-1.494003157289600647e+00,4.942476714671625859e-01,-1.056593956258463779e-01,2.038694097320004062e-02,3.791755171609418468e-02,-4.927910510780097453e-01,-9.884728264938416609e-02,-2.804649216542684509e-02,-4.122618075800580928e-01
4.911999999999999744e+01,2.400000000000000000e+01,1.003573859213399544e+01,-1.552269171473489973e+00,-1.498221584466000955e+00,4.946702722526328255e-01,-1.129085817889253357e-01,2.189248591736436822e-02,3.586906057247512408e-02,-4.933681067358752781e-01,-1.059875543255650449e-01,-2.964935889432880264e-02,-4.407807208175382185e-01
4.914000000000000057e+01,2.400000000000000000e+01,1.003643430435707451e+01,-1.562142567328290932e+00,-1.502722998929226339e+00,4.951233709038571629e-01,-1.199876912964180642e-01,2.343656170087804469e-02,3.367867045611324522e-02,-4.939766184461639176e-01,-1.130346890454959341e-01,-3.119117748040668020e-02,-4.686758000597871510e-01
4.915999999999999659e+01,2.400000000000000000e+01,1.003708480630727529e+01,-1.572028437435160297e+00,-1.507501643198274621e+00,4.956077347206678807e-01,-1.268780059089943957e-01,2.501848107321791304e-02,3.134839355882394069e-02,-4.946153100503794531e-01,-1.199737415401348206e-01,-3.266642835967650121e-02,-4.958726812103660397e-01
4.917999999999999972e+01,2.400000000000000000e+01,1.003768732286177823e+01,-1.581927371710464936e+00,-1.512551068319763825e+00,4.961241101467859238e-01,-1.335613244671713384e-01,2.663681709256593422e-02,2.888054097780342472e-02,-4.952827949987457234e-01,-1.267897665404398855e-01,-3.406959196815432384e-02,-5.222982161596646522e-01
4.920000000000000284e+01,2.400000000000000000e+01,1.003823912810875818e+01,-1.591839931235662364e+00,-1.517864142761007562e+00,4.966732074043707090e-01,-1.400200183195039749e-01,2.828934819391371036e-02,2.627772271562884079e-02,-4.959775763502071722e-01,-1.334678187773693792e-01,-3.539514874185625826e-02,-5.478807032814082545e-01
4.921999999999999886e+01,2.400000000000000000e+01,1.003873755132549128e+01,-1.601766646049476606e+00,-1.523433062917169067e+00,4.972556840745424589e-01,-1.462370866099737821e-01,2.997300795585466915e-02,2.354284768025810895e-02,-4.966980467724282922e-01,-1.399929529818812191e-01,-3.663757911679828977e-02,-5.725501350561446046e-01
4.924000000000000199e+01,2.400000000000000000e+01,1.003917998295647962e+01,-1.611708012940071821e+00,-1.529249365350157097e+00,4.978721277226048070e-01,-1.521962108662405222e-01,3.168384003175894748e-02,2.067912368502997783e-02,-4.974424885417941256e-01,-1.463502238849336556e-01,-3.779136352899654938e-02,-5.962384604179297165e-01
4.925999999999999801e+01,2.400000000000000000e+01,1.003956388059152971e+01,-1.621664493237228166e+00,-1.535303940861202809e+00,4.985230376758127968e-01,-1.578818082662588884e-01,3.341695868818739257e-02,1.769005744866407673e-02,-4.982090735434099305e-01,-1.525246862174846618e-01,-3.885098241446701545e-02,-6.188798587231082449e-01
4.928000000000000114e+01,2.400000000000000000e+01,1.003988677494388781e+01,-1.631636510604513646e+00,-1.541587050478839371e+00,4.992088060701323493e-01,-1.632790829050034531e-01,3.516651536406278922e-02,1.457945459526086701e-02,-4.989958632711014030e-01,-1.585013947104925158e-01,-3.981091620922580510e-02,-6.404110215686910079e-01
4.929999999999999716e+01,2.400000000000000000e+01,1.004014627582833263e+01,-1.641624448831461081e+00,-1.548088343419459445e+00,4.999296982903752018e-01,-1.683740743370681636e-01,3.692567162742932396e-02,1.135141965430161437e-02,-4.998008088274142890e-01,-1.642654040949151351e-01,-4.066564534928895913e-02,-6.607714380624171158e-01
4.932000000000000028e+01,2.400000000000000000e+01,1.004034007813928397e+01,-1.651628649625740630e+00,-1.554796877048980397e+00,5.006858329352295023e-01,-1.731537026358321019e-01,3.868657886273219049e-02,8.010356060648440857e-03,-5.006217509236151608e-01,-1.698017691017108532e-01,-4.140965027067253917e-02,-6.799036785875813838e-01
4.934000000000000341e+01,2.400000000000000000e+01,1.004046596782891854e+01,-1.661649410405336091e+00,-1.561701138841795178e+00,5.014771614448847448e-01,-1.776058091864704813e-01,4.044036497061043178e-02,4.560966154544297130e-03,-5.014564198796901406e-01,-1.750955444618376156e-01,-4.203741140939257909e-02,-6.977536716327888966e-01
4.935999999999999943e+01,2.400000000000000000e+01,1.004052182788526437e+01,-1.671686982090716977e+00,-1.568789070297619936e+00,5.023034475340538707e-01,-1.817191924188060748e-01,4.217712830435971227e-02,1.008251181613007991e-03,-5.023024356243465105e-01,-1.801317849062535892e-01,-4.254340920146516131e-02,-7.142709678883473190e-01
4.938000000000000256e+01,2.400000000000000000e+01,1.004050564431032022e+01,-1.681741566897014817e+00,-1.576048092738634887e+00,5.031642465770590489e-01,-1.854836376869797299e-01,4.388593900384130109e-02,-2.642488707140832997e-03,-5.031573076950112133e-01,-1.848955451659168858e-01,-4.292212408290632664e-02,-7.294089855630234709e-01
4.939999999999999858e+01,2.400000000000000000e+01,1.004041551209815886e+01,-1.691813316126196343e+00,-1.583465134869190827e+00,5.040588850942074872e-01,-1.888899405159810974e-01,4.555484781841023789e-02,-6.385654455331729942e-03,-5.040184352378319632e-01,-1.893718799717856727e-01,-4.316803648973215751e-02,-7.431252307601080576e-01
4.942000000000000171e+01,2.400000000000000000e+01,1.004024964121303398e+01,-1.701902327959239569e+00,-1.591026661939042741e+00,5.049864404897953518e-01,-1.919299224597795506e-01,4.717090243802246619e-02,-1.021534810119330283e-02,-5.048831070076765792e-01,-1.935458440548179226e-01,-4.327562685795868086e-02,-7.553814867789789833e-01
4.943999999999999773e+01,2.400000000000000000e+01,1.004000636256748535e+01,-1.712008645248305649e+00,-1.598718706309435245e+00,5.059457211917283148e-01,-1.945964388513541365e-01,4.872017127672556569e-02,-1.412537277757854384e-02,-5.057485013681330965e-01,-1.974024921459718862e-01,-4.323937562360197218e-02,-7.661439663814144652e-01
4.946000000000000085e+01,2.400000000000000000e+01,1.003968413400045279e+01,-1.722132253308915617e+00,-1.606526899180239942e+00,5.069352473408643700e-01,-1.968833777703511700e-01,5.018777457652667806e-02,-1.810923271195939710e-02,-5.066116862915100993e-01,-2.009268789762055918e-01,-4.305376322267808614e-02,-7.753834213794824626e-01
4.947999999999999687e+01,2.400000000000000000e+01,1.003928154625538127e+01,-1.732273077712123799e+00,-1.614436503196592598e+00,5.079532321747892709e-01,-1.987856496081288338e-01,5.155792262522318481e-02,-2.216013322642702843e-02,-5.074696193588364990e-01,-2.041040592764772899e-01,-4.271327009120307744e-02,-7.830752043567332787e-01
4.950000000000000000e+01,2.400000000000000000e+01,1.003879732895832788e+01,-1.742430982076691892e+00,-1.622432445615937580e+00,5.089975642458732796e-01,-2.002991666710415286e-01,5.281396081001155096e-02,-2.627098073769179587e-02,-5.083191477598613117e-01,-2.069190877777449256e-01,-4.221237666519300769e-02,-7.891992779136236535e-01
4.952000000000000313e+01,2.400000000000000000e+01,1.003823035659606333e+01,-1.752605765861264153e+00,-1.630499351681802933e+00,5.100657906071900394e-01,-2.014208123292441366e-01,5.393842116166780443e-02,-3.043438275708319068e-02,-5.091570082930541030e-01,-2.093570192109666661e-01,-4.154556338066392462e-02,-7.937401675131293688e-01
4.953999999999999915e+01,2.400000000000000000e+01,1.003757965449419309e+01,-1.762797162156541031e+00,-1.638621577819703967e+00,5.111551010923399696e-01,-2.021483992880007685e-01,5.491307998441108396e-02,-3.464264789054988941e-02,-5.099798273656044323e-01,-2.114029083071006510e-01,-4.070731067363189681e-02,-7.966868547694182512e-01
4.956000000000000227e+01,2.400000000000000000e+01,1.003684440479525364e+01,-1.773004835477455021e+00,-1.646783244243819722e+00,5.122623138065663939e-01,-2.024806166292017207e-01,5.571902111562820892e-02,-3.888778583865969835e-02,-5.107841209934228521e-01,-2.130418097971050750e-01,-3.969209898011299281e-02,-7.980326088430037546e-01
4.957999999999999829e+01,2.400000000000000000e+01,1.003602395243682466e+01,-1.783228379555342080e+00,-1.654968266540944644e+00,5.133838619369650580e-01,-2.024169653399659763e-01,5.633670431896931063e-02,-4.316150739659961599e-02,-5.115662948011392430e-01,-2.142587784119378558e-01,-3.849440873612323955e-02,-7.977747544481179620e-01
4.960000000000000142e+01,2.400000000000000000e+01,1.003511781112963597e+01,-1.793467315130120143e+00,-1.663160385780879436e+00,5.145157819793251264e-01,-2.019576821099770547e-01,5.674603828608226763e-02,-4.745522445417579838e-02,-5.123226440221047007e-01,-2.150388688825572159e-01,-3.710872037767870557e-02,-7.959143758076694386e-01
4.961999999999999744e+01,2.400000000000000000e+01,1.003412566933567263e+01,-1.803721087742459872e+00,-1.671343196689947908e+00,5.156537034684083309e-01,-2.011036512364819118e-01,5.692645770729143351e-02,-5.176004999581353822e-02,-5.130493534983902038e-01,-2.153671359399212393e-01,-3.552951434079545251e-02,-7.924559566726629978e-01
4.964000000000000057e+01,2.400000000000000000e+01,1.003304739624629249e+01,-1.813989065525961397e+00,-1.679500173416549114e+00,5.167928402876167393e-01,-1.998563045222237489e-01,5.685700387115666388e-02,-5.606679810055734126e-02,-5.137424976807870580e-01,-2.152286343149881209e-01,-3.375127106148954198e-02,-7.874069572205153467e-01
4.965999999999999659e+01,2.400000000000000000e+01,1.003188304776031536e+01,-1.824270536999327064e+00,-1.687614692414202811e+00,5.179279836232545398e-01,-1.982175090833534492e-01,5.651640826749115831e-02,-6.036598394207081525e-02,-5.143980406288071183e-01,-2.146084187387158893e-01,-3.176847097577702173e-02,-7.807773292260435927e-01
4.967999999999999972e+01,2.400000000000000000e+01,1.003063287246215296e+01,-1.834564708858537285e+00,-1.695670051967867131e+00,5.190534966183163457e-01,-1.961894429976109300e-01,5.588317869908365765e-02,-6.464782378863673240e-02,-5.150118360106822335e-01,-2.134915439420626559e-01,-2.957559451967397765e-02,-7.725789713276115522e-01
4.970000000000000284e+01,2.400000000000000000e+01,1.002929731759989451e+01,-1.844870703769024178e+00,-1.703649487892623382e+00,5.201633107712182458e-01,-1.937744587136765451e-01,5.493568745384180829e-02,-6.890223500315711957e-02,-5.155796271033648015e-01,-2.118630646559865882e-01,-2.716712212919642974e-02,-7.628251264598748804e-01
4.971999999999999886e+01,2.400000000000000000e+01,1.002787703506343142e+01,-1.855187558157846528e+00,-1.711536184939215666e+00,5.212509241164700047e-01,-1.909749341062284556e-01,5.365226115127619266e-02,-7.311883604315309870e-02,-5.160970467925276584e-01,-2.097080356114457977e-01,-2.453753424036045350e-02,-7.515297235680348242e-01
4.974000000000000199e+01,2.400000000000000000e+01,1.002637288736256060e+01,-1.865514220005862533e+00,-1.719313283447281071e+00,5.223094012172692091e-01,-1.877931109934687370e-01,5.201127195616805921e-02,-7.728694646076492147e-02,-5.165596175725636341e-01,-2.070115115393983407e-01,-2.168131128918210013e-02,-7.387066655347124255e-01
4.975999999999999801e+01,2.400000000000000000e+01,1.002478595360508251e+01,-1.875849546639906773e+00,-1.726963880793161321e+00,5.233313749947167137e-01,-1.842309208301371459e-01,4.999122994544258347e-02,-8.139558690275204567e-02,-5.169627515465861078e-01,-2.037585471708023288e-01,-1.859293371167742431e-02,-7.243690648211867922e-01
4.978000000000000114e+01,2.400000000000000000e+01,1.002311753547492224e+01,-1.886192302524963171e+00,-1.734471027183588143e+00,5.243090504150869080e-01,-1.802897971447564585e-01,4.757087652392755217e-02,-8.543347911049309351e-02,-5.173017504264286748e-01,-1.999341972366159847e-01,-1.526688194386248421e-02,-7.085284276348745580e-01
4.979999999999999716e+01,2.400000000000000000e+01,1.002136916321022753e+01,-1.896541157056338189e+00,-1.741817715347782514e+00,5.252342100556738336e-01,-1.759704741004383677e-01,4.472927890901345904e-02,-8.938904591998581006e-02,-5.175718055326452571e-01,-1.955235164677972537e-01,-1.169763642175334663e-02,-6.911937864716795055e-01
4.982000000000000028e+01,2.400000000000000000e+01,1.001954260158148458e+01,-1.906894682351838011e+00,-1.748986863677041592e+00,5.260982215714473664e-01,-1.712727703195070506e-01,4.144592584369455324e-02,-9.325041126184716034e-02,-5.177679977945103262e-01,-1.905115595953043861e-01,-7.879677581366066261e-03,-6.723707796335939291e-01
4.984000000000000341e+01,2.400000000000000000e+01,1.001763985586961248e+01,-1.917251351043940844e+00,-1.755961292351062353e+00,5.268920470894218333e-01,-1.661953568190130404e-01,3.770082485300996211e-02,-9.700540016131323218e-02,-5.178852977500182364e-01,-1.848833813500954104e-01,-3.807485858716699520e-03,-6.520606747764383648e-01
4.985999999999999943e+01,2.400000000000000000e+01,1.001566317784409144e+01,-1.927609534071972552e+00,-1.762723691972318152e+00,5.276062545655677560e-01,-1.607355075526665233e-01,3.347460152995829219e-02,-1.006415387382392779e-01,-5.179185655458840021e-01,-1.786240364631284938e-01,5.244583101786982633e-04,-6.302593316854669947e-01
4.988000000000000256e+01,2.400000000000000000e+01,1.001361507174104659e+01,-1.937967498474279404e+00,-1.769256584202017812e+00,5.282310311506200895e-01,-1.548888306408596482e-01,2.874860152700797755e-02,-1.041460542070997142e-01,-5.178625509375428537e-01,-1.717185796653617480e-01,5.121674489304068288e-03,-6.069560972889296302e-01
4.989999999999999858e+01,2.400000000000000000e+01,1.001149830024137799e+01,-1.948323405180405254e+00,-1.775542273851598685e+00,5.287561986266481329e-01,-1.486489778908180182e-01,2.350499613816481315e-02,-1.075058748769881223e-01,-5.177118932891504599e-01,-1.641520656877532569e-01,9.989682242643365198e-03,-5.821326233760731883e-01
4.992000000000000171e+01,2.400000000000000000e+01,1.000931589044884618e+01,-1.958675306803262295e+00,-1.781562791830416437e+00,5.291712309961466021e-01,-1.420073296610060154e-01,1.772689258906368082e-02,-1.107076301516172478e-01,-5.174611215735824832e-01,-1.559095492612612432e-01,1.513400113418044909e-02,-5.557615945520453238e-01
4.993999999999999773e+01,2.400000000000000000e+01,1.000707113986820218e+01,-1.969021145431309350e+00,-1.787299828281168956e+00,5.294652743302107334e-01,-1.349526515066346299e-01,1.139845041219800237e-02,-1.137376505293190426e-01,-5.171046543724353572e-01,-1.469760851168436522e-01,2.056015072789939280e-02,-5.278053505913373744e-01
4.996000000000000085e+01,2.400000000000000000e+01,1.000476762238327666e+01,-1.979358750420722846e+00,-1.792734655147375067e+00,5.296271690126344023e-01,-1.274707183580018055e-01,4.505005576280751711e-03,-1.165819676030445395e-01,-5.166367998760253988e-01,-1.373367279854586231e-01,2.627365058778408091e-02,-4.982143834830163320e-01
4.997999999999999687e+01,2.400000000000000000e+01,1.000240919423509922e+01,-1.989685836187573331e+00,-1.797848037309494496e+00,5.296454745532619413e-01,-1.195439012360106495e-01,-2.966795629003371459e-03,-1.192263140603640054e-01,-5.160517558833895846e-01,-1.269765325980643511e-01,3.228002027781845529e-02,-4.669256850165280914e-01
5.000000000000000000e+01,2.500000000000000000e+01,1.000000000000000000e+01,-2.000000000000000000e+00,-1.802620131295300521e+00,5.295084971874742807e-01,-1.111507107118256538e-01,-4.640821850287579764e-03,-1.216561236834667881e-01,-5.153436098022856626e-01,-1.158805536856188922e-01,3.858477936198534408e-02,-4.338609156373151032e-01
5.002000000000000313e+01,2.500000000000000000e+01,9.997542915405166042e+00,-2.010300098845819505e+00,-1.807369686225624994e+00,5.294598416792504203e-01,-1.184713489543205017e-01,5.744729177800778075e-03,-1.240909915621209031e-01,-5.147126866166663595e-01,-1.274775453947344372e-01,2.466090974096266791e-02,-4.626967740935303275e-01
5.003999999999999915e+01,2.500000000000000000e+01,9.995034865266932300e+00,-2.020590302972173458e+00,-1.812409590532569004e+00,5.297382863545861964e-01,-1.250073403092298308e-01,2.162809810378796271e-02,-1.267501305484989849e-01,-5.143511022986458903e-01,-1.383102944902785125e-01,1.164770722012340581e-02,-4.884843257101909586e-01
5.006000000000000227e+01,2.500000000000000000e+01,9.992471515959646666e+00,-2.030875818297145585e+00,-1.817710803411706211e+00,5.303249656034020321e-01,-1.307611796557777151e-01,3.657556540166950754e-02,-1.296184135922652247e-01,-5.142408346291396093e-01,-1.483945811658044511e-01,-4.739404924404300732e-04,-5.112209334531226945e-01
5.007999999999999829e+01,2.500000000000000000e+01,9.989848833242632509e+00,-2.041161494116897401e+00,-1.823244642086732981e+00,5.312013089706528746e-01,-1.357445115776772515e-01,5.060124448620229032e-02,-1.326810292469547403e-01,-5.143642436349009639e-01,-1.577461856148654196e-01,-1.172314568863683584e-02,-5.309406097107299827e-01
5.010000000000000142e+01,2.500000000000000000e+01,9.987163075948110702e+00,-2.051451830750583571e+00,-1.828983011080540733e+00,5.323490153828501770e-01,-1.399769463361827671e-01,6.371810029120617003e-02,-1.359234816699737558e-01,-5.147040715885220497e-01,-1.663808880310146954e-01,-2.211902066037376921e-02,-5.477099459239148649e-01
5.011999999999999744e+01,2.500000000000000000e+01,9.984410789669103892e+00,-2.061750987185269057e+00,-1.834898603392194794e+00,5.337500329823009482e-01,-1.434848559325648254e-01,7.593822316749943013e-02,-1.393315906225995882e-01,-5.152434430084322781e-01,-1.743144686078055838e-01,-3.168067769955923429e-02,-5.616237793937896017e-01
5.014000000000000057e+01,2.500000000000000000e+01,9.981588800447378063e+00,-2.072062788720848037e+00,-1.840965073013134390e+00,5.353865443095501275e-01,-1.463001871054443737e-01,8.727308747429596281e-02,-1.428914914699806471e-01,-5.159658646589000419e-01,-1.815627075387912792e-01,-4.042722909810120974e-02,-5.728007472665698208e-01
5.015999999999999659e+01,2.500000000000000000e+01,9.978694208461352133e+00,-2.082390734614954386e+00,-1.847157178901241759e+00,5.372409564812726801e-01,-1.484593204523708410e-01,9.773379078380273199e-02,-1.465896351811362963e-01,-5.168552255500316051e-01,-1.881413850175250591e-01,-4.837778714790769152e-02,-5.813788615922594882e-01
5.017999999999999972e+01,2.500000000000000000e+01,9.975724381714023536e+00,-2.092738005727883710e+00,-1.853450901131172390e+00,5.392958959409022146e-01,-1.500019977244074487e-01,1.073312707565410307e-01,-1.504127883289570478e-01,-5.178957969377708803e-01,-1.940662812375601731e-01,-5.555146414088664442e-02,-5.875112202722992949e-01
5.020000000000000284e+01,2.500000000000000000e+01,9.972676949720902684e+00,-2.103107472167510483e+00,-1.859823530445174233e+00,5.415342073115350097e-01,-1.509703329680953943e-01,1.160764978089332544e-01,-1.543480330902043951e-01,-5.190722323239008729e-01,-1.993531763924498712e-01,-6.196737236894608175e-02,-5.913619479674646628e-01
5.021999999999999886e+01,2.500000000000000000e+01,9.969549797197920782e+00,-2.113501700934202976e+00,-1.866253732836805179e+00,5.439389558532593538e-01,-1.514079176928255221e-01,1.239806426551890439e-01,-1.583827672455110358e-01,-5.203695674560420148e-01,-2.040178506757473198e-01,-6.764462412399392666e-02,-5.931024398329367564e-01
5.024000000000000199e+01,2.500000000000000000e+01,9.966341057749357191e+00,-2.123922963565738176e+00,-1.872721591110921624e+00,5.464934330177425581e-01,-1.513590256371455112e-01,1.310552186417730525e-01,-1.625047041793806768e-01,-5.217732203276532754e-01,-2.080760842810058797e-01,-7.260233169793822716e-02,-5.929079603147550115e-01
5.025999999999999801e+01,2.500000000000000000e+01,9.963049107555766781e+00,-2.134373243782223817e+00,-1.879208625581130665e+00,5.491811645989300716e-01,-1.508679189471815452e-01,1.373121994896440157e-01,-1.667018728801880345e-01,-5.232689911780314951e-01,-2.115436574017787730e-01,-7.685960738268697579e-02,-5.909546300091002013e-01
5.028000000000000114e+01,2.500000000000000000e+01,9.959672559061889530e+00,-2.144854245131008419e+00,-1.885697796197490783e+00,5.519859209973282388e-01,-1.499782545835557923e-01,1.427641136198420924e-01,-1.709626179401789459e-01,-5.248430624923121623e-01,-2.144363502316193049e-01,-8.043556347014807484e-02,-5.874168163627414563e-01
5.029999999999999716e+01,2.500000000000000000e+01,9.956210254664590309e+00,-2.155367398631604647e+00,-1.892173488451692087e+00,5.548917291437236443e-01,-1.487325874467773645e-01,1.474241166601277797e-01,-1.752755995554702573e-01,-5.264819990014681927e-01,-2.167699429640805586e-01,-8.334931225222956541e-02,-5.824649291743707602e-01
5.032000000000000028e+01,2.500000000000000000e+01,9.952661260400770260e+00,-2.165913870420601128e+00,-1.898621485394727859e+00,5.578828856637332301e-01,-1.471719649620457371e-01,1.513060440274305307e-01,-1.796297935260499634e-01,-5.281727476823114831e-01,-2.185602157927159506e-01,-8.561996602083943309e-02,-5.762636096399453844e-01
5.034000000000000341e+01,2.500000000000000000e+01,9.949024859635290596e+00,-2.176494569396583145e+00,-1.905028928034345981e+00,5.609439709048218425e-01,-1.453356066066268659e-01,1.544244456641816754e-01,-1.840144912557771240e-01,-5.299026377574913571e-01,-2.198229489110787027e-01,-8.726663706788567731e-02,-5.689702920983503720e-01
5.035999999999999943e+01,2.500000000000000000e+01,9.945300546748898185e+00,-2.187110154865044898e+00,-1.911384266267612597e+00,5.640598634903003505e-01,-1.432606610198787211e-01,1.567946050914219569e-01,-1.884192997523817248e-01,-5.316593806954960089e-01,-2.205739225127220648e-01,-8.830843768527626980e-02,-5.607341105680301308e-01
5.038000000000000256e+01,2.500000000000000000e+01,9.941488020826142247e+00,-2.197761044183307533e+00,-1.917677202358576860e+00,5.672157551084785476e-01,-1.409820328407220547e-01,1.584325449469261571e-01,-1.928341416274649278e-01,-5.334310702106508373e-01,-2.208289167911992312e-01,-8.876448016491916837e-02,-5.516951174109243627e-01
5.039999999999999858e+01,2.500000000000000000e+01,9.937587179343307042e+00,-2.208447420405442507e+00,-1.923898628802361399e+00,5.703971652881772991e-01,-1.385322712114632759e-01,1.593550211134164840e-01,-1.972492550964989599e-01,-5.352061822631205557e-01,-2.206037119400635071e-01,-8.865387679872237248e-02,-5.419837787400239026e-01
5.042000000000000171e+01,2.500000000000000000e+01,9.933598111856326796e+00,-2.219169239927177628e+00,-1.930040562234016654e+00,5.735899559530150960e-01,-1.359415119189695820e-01,1.595795074327863716e-01,-2.016551939788270575e-01,-5.369735750589068601e-01,-2.199140881528680314e-01,-8.799573987859388158e-02,-5.317207101874984465e-01
5.043999999999999773e+01,2.500000000000000000e+01,9.929521093688711275e+00,-2.229926240130822190e+00,-1.936096074850926163e+00,5.767803455854886296e-01,-1.332374653684090526e-01,1.591241728554280144e-01,-2.060428276976636053e-01,-5.387224890498507612e-01,-2.187758256231661647e-01,-8.680918169644162574e-02,-5.210166170468357727e-01
5.046000000000000085e+01,2.500000000000000000e+01,9.925356579619464270e+00,-2.240717947030179236e+00,-1.942059224627942671e+00,5.799549228672320478e-01,-1.304454429598483900e-01,1.580078527048769388e-01,-2.104033412800939973e-01,-5.404425469336304744e-01,-2.172047045445111846e-01,-8.511331454417363218e-02,-5.099724042791663470e-01
5.047999999999999687e+01,2.500000000000000000e+01,9.921105197571009171e+00,-2.251543682915466249e+00,-1.947924985419934751e+00,5.831006596936836317e-01,-1.275884149266503509e-01,1.562500155567470017e-01,-2.147282353570746649e-01,-5.421237536537628632e-01,-2.152165051104562854e-01,-8.292725071369791423e-02,-4.986794241388255444e-01
5.050000000000000000e+01,2.500000000000000000e+01,9.916767742297116328e+00,-2.262402573998225197e+00,-1.953689177871058336e+00,5.862049234895018168e-01,-1.246870932633176166e-01,1.538707270455628162e-01,-2.190093261634332433e-01,-5.437564963996031064e-01,-2.128270075145546891e-01,-8.027010249692240196e-02,-4.872198319673019529e-01
5.052000000000000313e+01,2.500000000000000000e+01,9.912345169070817974e+00,-2.273293558056245889e+00,-1.959348401886656266e+00,5.892554887755071524e-01,-1.217600339893845224e-01,1.508906117316701767e-01,-2.232387455378682661e-01,-5.453315446063438099e-01,-2.100519919503596733e-01,-7.716098218575506706e-02,-4.756670238071127321e-01
5.053999999999999915e+01,2.500000000000000000e+01,9.907838587372333805e+00,-2.284215392078480900e+00,-1.964899971274189694e+00,5.922405479587685706e-01,-1.188237536392465626e-01,1.473308139851532417e-01,-2.274089409229493597e-01,-5.468400499550165605e-01,-2.069072386114245432e-01,-7.361900207210400615e-02,-4.640861327166783123e-01
5.056000000000000227e+01,2.500000000000000000e+01,9.903249254576989458e+00,-2.295166659909961826e+00,-1.970341851025037450e+00,5.951487213349131444e-01,-1.158928555134255689e-01,1.432129586831649704e-01,-2.315126753651173264e-01,-5.482735463724908165e-01,-2.034085276913025209e-01,-6.966327444787709378e-02,-4.525345638811414939e-01
5.057999999999999829e+01,2.500000000000000000e+01,9.898578569643143865e+00,-2.306145779896713766e+00,-1.975672597589790858e+00,5.979690663060950317e-01,-1.129801618566681626e-01,1.385591123669467351e-01,-2.355430275146838670e-01,-5.496239500314737958e-01,-1.995716393835468283e-01,-6.531291160498238491e-02,-4.410625517050208999e-01
5.060000000000000142e+01,2.500000000000000000e+01,9.893828066800121945e+00,-2.317151012530676901e+00,-1.980891302395633158e+00,6.006910858295908540e-01,-1.100968487282948105e-01,1.333917453727142544e-01,-2.394933916258319417e-01,-5.508835593505116979e-01,-1.954123538817106875e-01,-6.058702583532775410e-02,-4.297137249646549861e-01
5.061999999999999744e+01,2.500000000000000000e+01,9.888999409236113536e+00,-2.328180468094620093e+00,-1.985997538765001513e+00,6.033047361210035486e-01,-1.072525808898701638e-01,1.277336953329246683e-01,-2.433574775566154647e-01,-5.520450549939879270e-01,-1.909464513793474594e-01,-5.550472943082127714e-02,-4.185256687423424826e-01
5.064000000000000057e+01,2.500000000000000000e+01,9.884094382786114963e+00,-2.339232114307057575e+00,-1.990991312319078110e+00,6.058004336429076986e-01,-1.044556445473604767e-01,1.216081323422297800e-01,-2.471293107689593316e-01,-5.531014998721248688e-01,-1.861897120700102826e-01,-5.008513468337091185e-02,-4.075304742323916374e-01
5.065999999999999659e+01,2.500000000000000000e+01,9.879114889619840412e+00,-2.350303783967166549e+00,-1.995873014886729191e+00,6.081690614146926244e-01,-1.017130762453100357e-01,1.150385259953328188e-01,-2.508032323286597531e-01,-5.540463391409824467e-01,-1.811579161472525179e-01,-4.434735388488472707e-02,-3.967552695919596140e-01
5.067999999999999972e+01,2.500000000000000000e+01,9.874062941929656390e+00,-2.361393182599703877e+00,-2.000643381888090211e+00,6.104019746827208381e-01,-9.903078661744271760e-02,1.080486144304639851e-01,-2.543738989053836996e-01,-5.548734002024593437e-01,-1.758668438046273041e-01,-3.831049932727052104e-02,-3.862227268094013954e-01
5.070000000000000284e+01,2.500000000000000000e+01,9.868940655618487767e+00,-2.372497896099923231e+00,-2.005303453120890644e+00,6.124910059919118632e-01,-9.641367805183984063e-02,1.006623754515310054e-01,-2.578362827726694007e-01,-5.555768927042918914e-01,-1.703322752356880021e-01,-3.199368330243645281e-02,-3.759515410924346712e-01
5.071999999999999886e+01,2.500000000000000000e+01,9.863750243987766453e+00,-2.383615398378492678e+00,-2.009854536845558926e+00,6.144284697007820206e-01,-9.386575563133038591e-02,9.290399975189167492e-02,-2.611856718079261785e-01,-5.561514085400549590e-01,-1.645699906339878338e-01,-2.541601810229049407e-02,-3.659568805564862304e-01
5.074000000000000199e+01,2.500000000000000000e+01,9.858494011425312564e+00,-2.394743059006404717e+00,-2.014298177040986015e+00,6.162071659819874370e-01,-9.139023096404269575e-02,8.479786622432428089e-02,-2.644176694924342264e-01,-5.565919218491609533e-01,-1.585957701930799657e-01,-1.859661601874049858e-02,-3.562508050429395445e-01
5.075999999999999801e+01,2.500000000000000000e+01,9.853174347093306196e+00,-2.405878150859905862e+00,-2.018636123685410233e+00,6.178203843497549475e-01,-8.898961872903569936e-02,7.636851930955401713e-02,-2.675281949113449964e-01,-5.568937890168611515e-01,-1.524253941065176199e-01,-1.155458934369451435e-02,-3.468426537422593658e-01
5.078000000000000114e+01,2.500000000000000000e+01,9.847793718616170366e+00,-2.417017857765400457e+00,-2.022870305905174249e+00,6.192619067543694289e-01,-8.666582593188283667e-02,6.764064831341265460e-02,-2.705134827536809228e-01,-5.570527486742448131e-01,-1.460746425678541849e-01,-4.309050369060520025e-03,-3.377394019632959932e-01
5.079999999999999716e+01,2.500000000000000000e+01,9.842354665768517918e+00,-2.428159282144376263e+00,-2.027002807827166464e+00,6.205260102822914847e-01,-8.442023399951735507e-02,5.863906860532885901e-02,-2.733700833123355878e-01,-5.570649216982390683e-01,-1.395592957706428827e-01,3.120888613253416412e-03,-3.289459879018861721e-01
5.082000000000000028e+01,2.500000000000000000e+01,9.836859794163057558e+00,-2.439299452658315825e+00,-2.031035846967694347e+00,6.216074694985824767e-01,-8.225377394708824341e-02,4.938870459887745312e-02,-2.760948624840733334e-01,-5.569268112116094738e-01,-1.328951339084369077e-01,1.071611531133943862e-02,-3.204656106423081074e-01
5.084000000000000341e+01,2.500000000000000000e+01,9.831311768938531870e+00,-2.450435331853617615e+00,-2.034971754990662962e+00,6.225015584662468848e-01,-8.016699492634150881e-02,3.991457440830359360e-02,-2.786850017695300941e-01,-5.566353025829597900e-01,-1.260979371747897038e-01,1.845751743328936934e-02,-3.123000008953520923e-01
5.085999999999999943e+01,2.500000000000000000e+01,9.825713308447625138e+00,-2.461563823806507845e+00,-2.038812960670501440e+00,6.232040524749146160e-01,-7.816012651921609711e-02,3.024177607034950199e-02,-2.811379982732123972e-01,-5.561876634267316488e-01,-1.191834857632541600e-01,2.632598268719546497e-02,-3.044496661558701578e-01
5.088000000000000256e+01,2.500000000000000000e+01,9.820067177944894254e+00,-2.472681781767961162e+00,-2.042561974899793409e+00,6.237112295090607716e-01,-7.623313517563645725e-02,2.039547522054441231e-02,-2.834516647034980297e-01,-5.555815436032049970e-01,-1.121675598673837343e-01,3.430239878114965668e-02,-2.969141120674672063e-01
5.089999999999999858e+01,2.500000000000000000e+01,9.814376183274692522e+00,-2.483786015808617798e+00,-2.046221377587488899e+00,6.240198714837364991e-01,-7.438577521422563843e-02,1.040089411353051219e-02,-2.856241293726359265e-01,-5.548149752184982075e-01,-1.050659396807317458e-01,4.236765342324387562e-02,-2.896920418270935715e-01
5.092000000000000171e+01,2.500000000000000000e+01,9.808643164559089911e+00,-2.494873300463696264e+00,-2.049793806300501675e+00,6.241272652736019610e-01,-7.261763481179045465e-02,2.833018803265474617e-04,-2.876538361967457824e-01,-5.538863726245670804e-01,-9.789440539685134723e-02,5.050263432157023336e-02,-2.827815354601936892e-01
5.093999999999999773e+01,2.500000000000000000e+01,9.802870989885791531e+00,-2.505940382377914499e+00,-2.053281946509085021e+00,6.240312035589495876e-01,-7.092817740445513108e-02,-9.931994080453421248e-03,-2.895395446958187735e-01,-5.527945324192065080e-01,-9.066873720929581604e-02,5.868822918422071655e-02,-2.761802107581815546e-01
5.096000000000000085e+01,2.500000000000000000e+01,9.797062548996063214e+00,-2.516983987950401680e+00,-2.056688523304312621e+00,6.237299855103837221e-01,-6.931677891239106104e-02,-2.021965567567285404e-02,-2.912803299937167800e-01,-5.515386334460488094e-01,-8.340471531161838814e-02,6.690532571928724248e-02,-2.698853676030272819e-01
5.097999999999999687e+01,2.500000000000000000e+01,9.791220746972662425e+00,-2.528000830979622471e+00,-2.060016294464049658e+00,6.232224173319227400e-01,-6.778276118297422992e-02,-3.055432074719632851e-02,-2.928755828181729415e-01,-5.501182367945647300e-01,-7.611811989737234108e-02,7.513481163486201986e-02,-2.638941173156280628e-01
5.100000000000000000e+01,2.500000000000000000e+01,9.785348497927749634e+00,-2.538987620308287507e+00,-2.063268044751778163e+00,6.225078126804958201e-01,-6.632542202533900366e-02,-4.091060884456432234e-02,-2.943250095007915457e-01,-5.485332858000635525e-01,-6.882473116011089687e-02,8.335757463903692432e-02,-2.582034985609363287e-01
5.102000000000000313e+01,2.500000000000000000e+01,9.779448718690808562e+00,-2.549941067468269651e+00,-2.066446581340347866e+00,6.215859929781398785e-01,-6.494406218382342555e-02,-5.126312622080497761e-02,-2.956286319770476956e-01,-5.467841060436919864e-01,-6.154032929338731917e-02,9.155450243990399806e-02,-2.528105812277914310e-01
5.103999999999999915e+01,2.500000000000000000e+01,9.773524322496580652e+00,-2.560857894325525574e+00,-2.069554730260053876e+00,6.204572876316637453e-01,-6.363800956957088584e-02,-6.158647012552087574e-02,-2.967867877862876980e-01,-5.448714053524355005e-01,-5.428069449075486469e-02,9.970648274555532486e-02,-2.477125595781428657e-01
5.106000000000000227e+01,2.500000000000000000e+01,9.767578212672983540e+00,-2.571734840725009352e+00,-2.072595333777281557e+00,6.191225341731190213e-01,-6.240664103919179445e-02,-7.185523246341141146e-02,-2.978001300717288413e-01,-5.427962737991173237e-01,-4.706160694576684567e-02,1.077944032640827804e-01,-2.429068358310509101e-01
5.107999999999999829e+01,2.500000000000000000e+01,9.761613276329025979e+00,-2.582568672135590493e+00,-2.075571248616170816e+00,6.175830783331274221e-01,-6.124940197728965391e-02,-8.204400287989521701e-02,-2.986696275804596179e-01,-5.405601837023989997e-01,-3.989884685197634534e-02,1.157991517035785178e-01,-2.383910952127653027e-01
5.110000000000000142e+01,2.500000000000000000e+01,9.755632378042738750e+00,-2.593356187294969306e+00,-2.078485344941315205e+00,6.158407740579231460e-01,-6.016582390603546215e-02,-9.212737133063875206e-02,-2.993965646634395572e-01,-5.381649896267804989e-01,-3.280819440293680084e-02,1.237016157721345100e-01,-2.341633733659120586e-01
5.111999999999999744e+01,2.500000000000000000e+01,9.749638353549094916e+00,-2.604094225854594491e+00,-2.081340506024305093e+00,6.138979834799019875e-01,-5.915554030987377199e-02,-1.020799301855497276e-01,-2.999825412754991150e-01,-5.356129283825993292e-01,-2.580542979220135785e-02,1.314826831778427019e-01,-2.302221168682717645e-01
5.114000000000000057e+01,2.500000000000000000e+01,9.743634003427931844e+00,-2.614779676024580279e+00,-2.084139628520914389e+00,6.117575768505011391e-01,-5.821830082676286711e-02,-1.118762759136462392e-01,-3.004294729753399507e-01,-5.329066190260318692e-01,-1.890633321332324882e-02,1.391232416287952467e-01,-2.265662374642090637e-01
5.115999999999999659e+01,2.500000000000000000e+01,9.737622086791880349e+00,-2.625409482218623136e+00,-2.086885623288839309e+00,6.094229324433563244e-01,-5.735398391885589836e-02,-1.214910103896915672e-01,-3.007395909255348165e-01,-5.300490628590919240e-01,-1.212668485985585014e-02,1.466041788330840201e-01,-2.231951604583979898e-01
5.117999999999999972e+01,2.500000000000000000e+01,9.731605314974267174e+00,-2.635980652698917570e+00,-2.089581416678074177e+00,6.068979364349135208e-01,-5.656260809487864694e-02,-1.308987418597862273e-01,-3.009154418925273355e-01,-5.270436434296322803e-01,-5.482264925352343943e-03,1.539063824988010365e-01,-2.201088675605785139e-01
5.120000000000000284e+01,2.500000000000000000e+01,9.725586345217067219e+00,-2.646490267221073278e+00,-2.092229952227190104e+00,6.041869827689640982e-01,-5.584434171322102264e-02,-1.400740855989059952e-01,-3.009598882466323344e-01,-5.238941265313432627e-01,1.011146396634144892e-03,1.610107403340385324e-01,-2.173079342998433805e-01
5.121999999999999886e+01,2.500000000000000000e+01,9.719567774358793599e+00,-2.656935484679031845e+00,-2.094834192698902697e+00,6.012949730109574675e-01,-5.519951134841206281e-02,-1.489916642894240084e-01,-3.008761079620357881e-01,-5.206046602037532889e-01,7.337768912550177505e-03,1.678981400468882168e-01,-2.147935619452230327e-01
5.124000000000000199e+01,2.500000000000000000e+01,9.713552132522456972e+00,-2.667313550749986550e+00,-2.097397122387316237e+00,5.982273161973872266e-01,-5.462860865363584201e-02,-1.576261081477170478e-01,-3.006675946167945424e-01,-5.171797747322295358e-01,1.348182242884265504e-02,1.745494693454424096e-01,-2.125676036738215202e-01
5.125999999999999801e+01,2.500000000000000000e+01,9.707541876803448488e+00,-2.677621805539292854e+00,-2.099921749627043255e+00,5.949899286850489633e-01,-5.413229559766512267e-02,-1.659520548215454028e-01,-3.003381573928365356e-01,-5.136243826479769403e-01,1.942752675195815251e-02,1.809456159377928475e-01,-2.106325845160003929e-01
5.128000000000000114e+01,2.500000000000000000e+01,9.701539384957495571e+00,-2.687857691225390866e+00,-2.102411109430937675e+00,5.915892340045254549e-01,-5.371140789544321531e-02,-1.739441490799382706e-01,-2.998919210759610210e-01,-5.099437787280385326e-01,2.515910168834359362e-02,1.870674675320317393e-01,-2.089917143766748531e-01
5.129999999999999716e+01,2.500000000000000000e+01,9.695546949088566180e+00,-2.698018759704718939e+00,-2.104868266178400837e+00,5.880321627218516589e-01,-5.336695638698142619e-02,-1.815770423146130241e-01,-2.993333260558380671e-01,-5.061436399952957688e-01,3.066076704444561235e-02,1.928959118362509884e-01,-2.076488931804262028e-01
5.132000000000000028e+01,2.500000000000000000e+01,9.689566769336794394e+00,-2.708102680236631699e+00,-2.107296316270033554e+00,5.843261523119410716e-01,-5.310012604879454229e-02,-1.888253918709761336e-01,-2.986671283260087795e-01,-5.022300257184680872e-01,3.591674262671101098e-02,1.984118365585426924e-01,-2.066087069139185828e-01
5.134000000000000341e+01,2.500000000000000000e+01,9.683600947566409545e+00,-2.718107247088317635e+00,-2.109698390656745914e+00,5.804791470470114234e-01,-5.291227224546759395e-02,-1.956638602255846848e-01,-2.978983994838855232e-01,-4.982093774121130192e-01,4.091124824158651196e-02,2.035961294069988103e-01,-2.058764130407333137e-01
5.135999999999999943e+01,2.500000000000000000e+01,9.677651481053645810e+00,-2.728030387179712246e+00,-2.112077657142269249e+00,5.764995979029179374e-01,-5.280491374608153876e-02,-2.020671140259846510e-01,-2.970325267307516448e-01,-4.940885188366264114e-01,4.562850369551888635e-02,2.084296780897113566e-01,-2.054579134408378582e-01
5.138000000000000256e+01,2.500000000000000000e+01,9.671720256174685559e+00,-2.737870167728419624e+00,-2.114437322347287651e+00,5.723964624859722017e-01,-5.277972194142289963e-02,-2.080098230105580370e-01,-2.960752128717614173e-01,-4.898746559982422033e-01,5.005272879495484967e-02,2.128933703147724288e-01,-2.053597126804721784e-01
5.139999999999999858e+01,2.500000000000000000e+01,9.665809042093556513e+00,-2.747624803894625600e+00,-2.116780633211098994e+00,5.681792049824958557e-01,-5.283850560395594170e-02,-2.134666588243465668e-01,-2.950324763159404284e-01,-4.855753771490324278e-01,5.416814334634119377e-02,2.169680937902739304e-01,-2.055888590511137370e-01
5.142000000000000171e+01,2.500000000000000000e+01,9.659919484450075089e+00,-2.757292666426018002e+00,-2.119110877892885103e+00,5.638577961329984678e-01,-5.298319043490156560e-02,-2.184122937502923634e-01,-2.939106510761851920e-01,-4.811986527869077657e-01,5.795896715612459948e-02,2.206347362243079036e-01,-2.061528654337571043e-01
5.143999999999999773e+01,2.500000000000000000e+01,9.654053099047757769e+00,-2.766872289302697574e+00,-2.121431385919380297e+00,5.594427132324844010e-01,-5.321579254375143064e-02,-2.228213993759364797e-01,-2.927163867692631483e-01,-4.767528356556161029e-01,6.140942003075190725e-02,2.238741853249664460e-01,-2.070596066556380233e-01
5.146000000000000085e+01,2.500000000000000000e+01,9.648211265541748460e+00,-2.776362377382101787e+00,-2.123745527409098610e+00,5.549449401579612529e-01,-5.353838490855626631e-02,-2.266686452191652990e-01,-2.914566486158131076e-01,-4.722466607447442510e-01,6.450372177666979789e-02,2.266673288003414610e-01,-2.083171896235775922e-01
5.147999999999999687e+01,2.500000000000000000e+01,9.642395221126740523e+00,-2.785761814043916207e+00,-2.126056711185604353e+00,5.503759674237179711e-01,-5.395305577512828771e-02,-2.299286973397745015e-01,-2.901387174403448066e-01,-4.676892452897171149e-01,6.722609220032507715e-02,2.289950543585250464e-01,-2.099337921593601441e-01
5.150000000000000000e+01,2.500000000000000000e+01,9.636606054224893469e+00,-2.795069668834994303e+00,-2.128368381573889412e+00,5.457477922643704238e-01,-5.446185787629707203e-02,-2.325762169679652658e-01,-2.887701896712389082e-01,-4.630900887717973036e-01,6.956075110816445362e-02,2.308382497076091888e-01,-2.119174661523403613e-01
5.152000000000000313e+01,2.500000000000000000e+01,9.630844698173765650e+00,-2.804285205114272816e+00,-2.130684013655249398e+00,5.410729187449978550e-01,-5.506674729693054188e-02,-2.345858591866356591e-01,-2.873589773407473347e-01,-4.584590729180860191e-01,7.149191830663466363e-02,2.321778025556858749e-01,-2.142759004147604673e-01
5.153999999999999915e+01,2.500000000000000000e+01,9.625111924914232731e+00,-2.813407887697688459e+00,-2.133007106737809355e+00,5.363643578969052861e-01,-5.576951078719597638e-02,-2.359322717090517330e-01,-2.859133080849929343e-01,-4.538064617015225011e-01,7.300381360218251292e-02,2.329946006108471745e-01,-2.170161385167101720e-01
5.156000000000000227e+01,2.500000000000000000e+01,9.619408338678402615e+00,-2.822437390503096388e+00,-2.135341175782855760e+00,5.316356278766359855e-01,-5.657168034860816236e-02,-2.365900938027927225e-01,-2.844417251439698147e-01,-4.491429013408843041e-01,7.408065680125469621e-02,2.332695315811851577e-01,-2.201442469407376423e-01
5.157999999999999829e+01,2.500000000000000000e+01,9.613734369677549907e+00,-2.831373604195183802e+00,-2.137689740512516590e+00,5.269007541447937593e-01,-5.747443400058524499e-02,-2.365339554154317625e-01,-2.829530873615430098e-01,-4.444794203007867428e-01,7.470666771029797759e-02,2.329834831747916724e-01,-2.236649291918407223e-01
5.160000000000000142e+01,2.500000000000000000e+01,9.608090267790032613e+00,-2.840216643830390630e+00,-2.140056311913407949e+00,5.221742696600188971e-01,-5.847848179796145962e-02,-2.357384765680539118e-01,-2.814565691854484797e-01,-4.398274292916836137e-01,7.486606613575910729e-02,2.321173430997588716e-01,-2.275810820986692573e-01
5.161999999999999744e+01,2.500000000000000000e+01,9.602476096249212389e+00,-2.848966856501822686e+00,-2.142444375845310223e+00,5.174712150820718337e-01,-5.958393643307687698e-02,-2.341782670898648888e-01,-2.799616606672934993e-01,-4.351987212698666396e-01,7.454307188408482165e-02,2.306519990641786311e-01,-2.318932915280244866e-01
5.164000000000000057e+01,2.500000000000000000e+01,9.596891725331385459e+00,-2.857624828984171472e+00,-2.144857373465676176e+00,5.128071389764244925e-01,-6.079016814241756245e-02,-2.318279267760470219e-01,-2.784781674625563253e-01,-4.306054714374660808e-01,7.372190476172187090e-02,2.285683387761431318e-01,-2.365992661970515443e-01
5.165999999999999659e+01,2.500000000000000000e+01,9.591336826043693975e+00,-2.866191395378627771e+00,-2.147298678192098187e+00,5.081980980110301083e-01,-6.209564417085062377e-02,-2.286620460587620585e-01,-2.770162108305862514e-01,-4.260602372424499573e-01,7.238678457511703301e-02,2.258472499437443048e-01,-2.416932103001732390e-01
5.167999999999999972e+01,2.500000000000000000e+01,9.585810863812056937e+00,-2.874667644757800566e+00,-2.149771568948291467e+00,5.036606571340742633e-01,-6.349775374895796909e-02,-2.246552072880074746e-01,-2.755862276346036088e-01,-4.215759583786248266e-01,7.052193113071705821e-02,2.224696202750741925e-01,-2.471651383635078969e-01
5.170000000000000284e+01,2.500000000000000000e+01,9.580313092169090439e+00,-2.883054928810634188e+00,-2.152279199477546090e+00,4.992118897195084171e-01,-6.499262043027891067e-02,-2.197819867243637759e-01,-2.741989703416998769e-01,-4.171659567856349504e-01,6.811156423496866896e-02,2.184163374782247535e-01,-2.530001391806708244e-01
5.171999999999999886e+01,2.500000000000000000e+01,9.574842546442029700e+00,-2.891354869487324564e+00,-2.154824563563841888e+00,4.948693776650998633e-01,-6.657490472842605977e-02,-2.140169573463275299e-01,-2.728655070228375723e-01,-4.128439366489630724e-01,6.513990369431862937e-02,2.136682892612881135e-01,-2.591775999304225531e-01
5.174000000000000199e+01,2.500000000000000000e+01,9.569398037440651095e+00,-2.899569366644233703e+00,-2.157410456078002969e+00,4.906512114256555424e-01,-6.823760129157074861e-02,-2.073346925753796199e-01,-2.715972213528501378e-01,-4.086239843999300292e-01,6.159116931521367577e-02,2.082063633323562035e-01,-2.656704066505944928e-01
5.175999999999999801e+01,2.500000000000000000e+01,9.563978145145199505e+00,-2.907700605688809947e+00,-2.160039429867109284e+00,4.865759899620848428e-01,-6.997183634086807935e-02,-1.997097710119479785e-01,-2.704058126104424420e-01,-4.045205687156948615e-01,5.744958090410053064e-02,2.020114473995210103e-01,-2.724441431088820420e-01
5.178000000000000114e+01,2.500000000000000000e+01,9.558581212394301474e+00,-2.915751065224503336e+00,-2.162713748632343336e+00,4.826628205851778430e-01,-7.176667274639142446e-02,-1.911167822637089841e-01,-2.693032956781898912e-01,-4.005485405192546478e-01,5.269935826742601359e-02,1.950644291708746314e-01,-2.794563166550255162e-01
5.179999999999999716e+01,2.500000000000000000e+01,9.553205338572894334e+00,-2.923723524695680975e+00,-2.165435336095132612e+00,4.789313186715365989e-01,-7.360893185909435366e-02,-1.815303339250249337e-01,-2.683020010425394286e-01,-3.967231329794446704e-01,4.732472121163683321e-02,1.873461963545089981e-01,-2.866556466433442529e-01
5.182000000000000028e+01,2.500000000000000000e+01,9.547848373300155345e+00,-2.931621072032546405e+00,-2.168205721934338470e+00,4.754016072281771477e-01,-7.548304296878709241e-02,-1.709250597354348145e-01,-2.674145747938088680e-01,-3.930599615109384715e-01,4.130988954317970502e-02,1.788376366585162081e-01,-2.939814581365353674e-01
5.184000000000000341e+01,2.500000000000000000e+01,9.542507910117402403e+00,-2.939447111296053627e+00,-2.171025985187190699e+00,4.720943162821181205e-01,-7.737093288967386573e-02,-1.592756289042362994e-01,-2.666539786261870604e-01,-3.895750237742475752e-01,3.463908306850143476e-02,1.695196377909882479e-01,-3.013632303539652835e-01
5.185999999999999943e+01,2.500000000000000000e+01,9.537181280176046272e+00,-2.947205370322827367e+00,-2.173896696040454213e+00,4.690305820720077068e-01,-7.925196952423034513e-02,-1.465567565349399359e-01,-2.660334898377340052e-01,-3.862846996757218765e-01,2.729652159404875184e-02,1.593730874600171321e-01,-3.087203550695642451e-01
5.188000000000000256e+01,2.500000000000000000e+01,9.531865545925485961e+00,-2.954899908370074879e+00,-2.176817857190091132e+00,4.662320460207207695e-01,-8.110297412784392423e-02,-1.327432150223231133e-01,-2.655667013303806279e-01,-3.832057513675491967e-01,1.926642492626839953e-02,1.483788733736948473e-01,-3.159621641072067333e-01
5.189999999999999858e+01,2.500000000000000000e+01,9.526557494801052073e+00,-2.962535123760508426e+00,-2.179788846208644770e+00,4.637208534711147467e-01,-8.289831717098068709e-02,-1.178098462198349239e-01,-2.652675216099291688e-01,-3.803553232477557833e-01,1.053301287160711246e-02,1.365178832401134634e-01,-3.229882863154365791e-01
5.192000000000000171e+01,2.500000000000000000e+01,9.521253632911914622e+00,-2.970115761527256648e+00,-2.182808360617567001e+00,4.615196521719275857e-01,-8.461011194348763698e-02,-1.017315740956465930e-01,-2.651501747860525726e-01,-3.777509419602058660e-01,1.080505236511785250e-03,1.237710047673650782e-01,-3.296893919527170147e-01
5.193999999999999773e+01,2.500000000000000000e+01,9.515950178729010389e+00,-2.977646921058785701e+00,-2.185874367601310375e+00,4.596515905072888764e-01,-8.620851815014987651e-02,-8.448341751040544523e-02,-2.652292005722952650e-01,-3.754105163946017121e-01,-9.106878172571070823e-03,1.101191256635414978e-01,-3.359483753235399939e-01
5.196000000000000085e+01,2.500000000000000000e+01,9.510643056772972059e+00,-2.985134063743813737e+00,-2.188984060502546125e+00,4.581403154715115167e-01,-8.766216453178207746e-02,-6.604050266447281103e-02,-2.655194542860723761e-01,-3.733523376864840149e-01,-2.004491754919459495e-02,9.554313363673480608e-02,-3.416420139593941974e-01
5.197999999999999687e+01,2.500000000000000000e+01,9.505327891302043142e+00,-2.992583020616227163e+00,-2.192133824382435314e+00,4.570099704007098973e-01,-8.893869491001370198e-02,-4.637807468500732000e-02,-2.660361068486702951e-01,-3.715950792172315609e-01,-3.174939308691204776e-02,8.002391639503705911e-02,-3.466431241097285287e-01
5.200000000000000000e+01,2.600000000000000000e+01,9.500000000000000000e+00,-3.000000000000000000e+00,-2.195319212994026437e+00,4.562851924841114237e-01,-9.000543600371888053e-02,-3.683119075179774882e-02,-2.667946447852465042e-01,-3.701577966140612297e-01,-4.423608497927666861e-02,6.354236164654025742e-02,-3.508232077227978474e-01
5.202000000000000313e+01,2.600000000000000000e+01,9.494656940102673914e+00,-3.007389702931541731e+00,-2.198222206364456977e+00,4.555367227706377808e-01,-7.362628218634426069e-02,-4.870987313002039798e-02,-2.674286859558393514e-01,-3.687758177003285787e-01,-1.943781698692068766e-02,7.454624464468750933e-02,-2.867234588844940757e-01
5.203999999999999915e+01,2.600000000000000000e+01,9.489306051692107502e+00,-3.014749608991188268e+00,-2.200558526886890576e+00,4.543367975589107655e-01,-5.846277990914222622e-02,-7.060143976861077419e-02,-2.675828347537687613e-01,-3.671802720207391069e-01,3.758857648609740566e-03,8.490134877301330762e-02,-2.275198354776504228e-01
5.206000000000000227e+01,2.600000000000000000e+01,9.483956614579229338e+00,-3.022075575675179593e+00,-2.202370441353204367e+00,4.527126651798933366e-01,-4.437363268483443535e-02,-9.113287574989925588e-02,-2.672887807244784253e-01,-3.653839965202415052e-01,2.538817109661924837e-02,9.462153727631750222e-02,-1.726055580989340199e-01
5.207999999999999829e+01,2.600000000000000000e+01,9.478617281630484115e+00,-3.029363714446006384e+00,-2.203696398768678399e+00,4.506914825289149440e-01,-3.123953013466130094e-02,-1.103112301812121387e-01,-2.665775287700254959e-01,-3.633995508788879225e-01,4.548435552641248020e-02,1.037206733993998597e-01,-1.214759821504714787e-01
5.210000000000000142e+01,2.600000000000000000e+01,9.473296092460724793e+00,-3.036610385187111127e+00,-2.204571631830478662e+00,4.483002159726448554e-01,-1.896059543438950029e-02,-1.281481423765775673e-01,-2.654793991490812521e-01,-3.612392175118349646e-01,6.408164310729407009e-02,1.122126203870601746e-01,-7.371377220190744595e-02
5.211999999999999744e+01,2.600000000000000000e+01,9.468000487126053244e+00,-3.043812190657590566e+00,-2.205028680342757230e+00,4.455655568338521277e-01,-7.454198985733894237e-03,-1.446591754844934741e-01,-2.640240274769311002e-01,-3.589150015693429174e-01,8.121426600856865297e-02,1.201112414840982412e-01,-2.897701478404861308e-02
5.214000000000000057e+01,2.600000000000000000e+01,9.462737319816699966e+00,-3.050965970946898587e+00,-2.205097849601532989e+00,4.425138489532650654e-01,3.346889390431650579e-03,-1.598632628137721667e-01,-2.622403647254738512e-01,-3.564386309367764682e-01,9.691645639954087066e-02,1.274303999353138539e-01,1.301030860020564034e-02
5.215999999999999659e+01,2.600000000000000000e+01,9.457512872549900251e+00,-3.058068797929547333e+00,-2.204807614387954473e+00,4.391710263213014498e-01,1.349604559406776018e-02,-1.737822446621368755e-01,-2.601566772232228320e-01,-3.538215562346040954e-01,1.112224464495154136e-01,1.341839589855068626e-01,5.246594774846400494e-02
5.217999999999999972e+01,2.600000000000000000e+01,9.452332868862740156e+00,-3.065117969719804769e+00,-2.204184977241497201e+00,4.355625591667796614e-01,2.303407204217658780e-02,-1.864404778555002196e-01,-2.578005466553046632e-01,-3.510749508183979017e-01,1.241664683277968750e-01,1.403857818794770063e-01,8.955547764589964765e-02
5.220000000000000284e+01,2.600000000000000000e+01,9.447202487505037993e+00,-3.072111005126408667e+00,-2.203255788058385622e+00,4.317134072070802908e-01,3.199025185100744934e-02,-1.978645036318589234e-01,-2.551988700634602036e-01,-3.482097107788343360e-01,1.357827542036898760e-01,1.460497318620240514e-01,1.243971584356664967e-01
5.221999999999999886e+01,2.600000000000000000e+01,9.442126376132225829e+00,-3.079045638107255289e+00,-2.202045030705712669e+00,4.276479790215055310e-01,4.038321205817591020e-02,-2.080827621830501073e-01,-2.523778598460442169e-01,-3.452364549416942485e-01,1.461055362464990792e-01,1.511896721779478758e-01,1.570658066203274861e-01
5.224000000000000199e+01,2.600000000000000000e+01,9.437108664998190122e+00,-3.085919812224112047e+00,-2.200577081203189067e+00,4.233900967197584686e-01,4.822162890500700239e-02,-2.171253442761944541e-01,-2.493630437580254544e-01,-3.421655248678620032e-01,1.551690466255291334e-01,1.558194660720481906e-01,1.875958822063600040e-01
5.225999999999999801e+01,2.600000000000000000e+01,9.432152980648153218e+00,-3.092731675097312838e+00,-2.198875941058521022e+00,4.189629652504580082e-01,5.550480553071758527e-02,-2.250237720430359190e-01,-2.461792649109861841e-01,-3.390069848533256991e-01,1.630075175100847429e-01,1.599529767891249565e-01,2.159839661344702677e-01
5.228000000000000114e+01,2.600000000000000000e+01,9.427262459611545964e+00,-3.099479572860462273e+00,-2.196965448514535790e+00,4.143891458380370985e-01,6.222315000674598362e-02,-2.318108023603322465e-01,-2.428506817731231338e-01,-3.357706219291784477e-01,1.696551810694704454e-01,1.636040675739777184e-01,2.421907798384577981e-01
5.229999999999999716e+01,2.600000000000000000e+01,9.422439762094859006e+00,-3.106162044615138118e+00,-2.194869469749487045e+00,4.096905331560449781e-01,6.835857960120131360e-02,-2.375202473202691067e-01,-2.394007681692464917e-01,-3.324659458616161523e-01,1.751462694729908065e-01,1.667866016714064370e-01,2.661428824067614829e-01
5.232000000000000028e+01,2.600000000000000000e+01,9.417687085674527836e+00,-3.112777816885592852e+00,-2.192612071445646293e+00,4.048883359452264963e-01,7.388487557237471970e-02,-2.421868071758837004e-01,-2.358523132807806011e-01,-3.291021891519396725e-01,1.795150148899506970e-01,1.695144423262109623e-01,2.877341691789721545e-01
5.234000000000000341e+01,2.600000000000000000e+01,9.413006178989792971e+00,-3.119325798073458333e+00,-2.190217675589709589e+00,4.000030608690081091e-01,7.876801167136504578e-02,-2.458459118896350049e-01,-2.322274216457634877e-01,-3.256883070365532706e-01,1.827956494896546547e-01,1.718014527831909499e-01,3.068272875272112232e-01
5.235999999999999943e+01,2.600000000000000000e+01,9.408398355435572569e+00,-3.125805072912443361e+00,-2.187711196880353537e+00,3.950544994696413292e-01,8.296647889875832793e-02,-2.485335680540377012e-01,-2.285475131588474706e-01,-3.222329774869656105e-01,1.850224054414072450e-01,1.736614962871463053e-01,3.232550800464540908e-01
5.238000000000000256e+01,2.600000000000000000e+01,9.403864506855304839e+00,-3.132214896923035674e+00,-2.185118162685713017e+00,3.900617181468468142e-01,8.643162892100129946e-02,-2.502862085284984772e-01,-2.248333230712982189e-01,-3.187446012097889803e-01,1.862295149145132278e-01,1.751084360828767117e-01,3.368221615151679171e-01
5.239999999999999858e+01,2.600000000000000000e+01,9.399405117233861517e+00,-3.138554690867209729e+00,-2.182464815111970768e+00,3.850430511285016233e-01,8.910805892666830152e-02,-2.511405426643218419e-01,-2.211049019909959168e-01,-3.152313016467400697e-01,1.864512100782771964e-01,1.761561354151821024e-01,3.473067329645050938e-01
5.242000000000000171e+01,2.600000000000000000e+01,9.395020276390376068e+00,-3.144824035203125145e+00,-2.179778194411620795e+00,3.800160964402741759e-01,9.093406161349773531e-02,-2.511334055023297651e-01,-2.173816158824340428e-01,-3.117009249746391930e-01,1.857217231020036607e-01,1.768184575288621330e-01,3.544627332300883116e-01
5.243999999999999773e+01,2.600000000000000000e+01,9.390709693671134062e+00,-3.151022664539828710e+00,-2.177086202676559612e+00,3.749977149084086081e-01,9.184216546069839948e-02,-2.503016048324848697e-01,-2.136821460667206463e-01,-3.081610401054110659e-01,1.840752861549974362e-01,1.771092656687166533e-01,3.580224247009097249e-01
5.246000000000000085e+01,2.600000000000000000e+01,9.386472711642426248e+00,-3.157150462091955045e+00,-2.174417646528989057e+00,3.700040322469750342e-01,9.175979245065957191e-02,-2.486817655205779687e-01,-2.100244892215770154e-01,-3.046189386860840287e-01,1.815461314065631160e-01,1.770424230795454856e-01,3.576995048918149012e-01
5.247999999999999687e+01,2.600000000000000000e+01,9.382308319783428274e+00,-3.163207454134433494e+00,-2.171802257345922360e+00,3.650504442875857070e-01,9.061006289976092365e-02,-2.463101710399886457e-01,-2.064259573813388704e-01,-3.010816350987907120e-01,1.781684910260053212e-01,1.766317930061484520e-01,3.531928282391642027e-01
5.250000000000000000e+01,2.600000000000000000e+01,9.378215168179057315e+00,-3.169193804457183017e+00,-2.169270687435587153e+00,3.601516254053756527e-01,8.831277988500084442e-02,-2.432226027015893521e-01,-2.029031779369555866e-01,-2.975558664607675929e-01,1.739765971826287561e-01,1.758912386933253469e-01,3.441908124777617872e-01
5.252000000000000313e+01,2.600000000000000000e+01,9.374191581212851787e+00,-3.175109808819821744e+00,-2.166854480531935412e+00,3.553215401795206119e-01,8.478562860813088076e-02,-2.394541776527905341e-01,-1.994720936359904440e-01,-2.940480926243551618e-01,1.690046820457379306e-01,1.748346233858758536e-01,3.303765904770176731e-01
5.253999999999999915e+01,2.600000000000000000e+01,9.370235571259822649e+00,-3.180955889406365422e+00,-2.164586014992823326e+00,3.505734582992641735e-01,7.994562840310082130e-02,-2.350391873111323804e-01,-1.961479625826207940e-01,-2.905644961769980328e-01,1.632869777846376325e-01,1.734758103285999054e-01,3.114339509477919155e-01
5.256000000000000227e+01,2.600000000000000000e+01,9.366344852379347330e+00,-3.186732589279927197e+00,-2.162498418184490401e+00,3.459199726870754721e-01,7.371087615855709263e-02,-2.300109385041579912e-01,-1.929453582376376708e-01,-2.871109824412446665e-01,1.568577165686324548e-01,1.718286627662972688e-01,2.870540895353859145e-01
5.257999999999999829e+01,2.600000000000000000e+01,9.362516854008001488e+00,-3.192440566837424054e+00,-2.160625450715571105e+00,3.413730207590979782e-01,6.600261853088348896e-02,-2.244016001832029872e-01,-1.898781694184461799e-01,-2.836931794747476476e-01,1.497511305670269632e-01,1.699070439437677105e-01,2.569431651835490937e-01
5.260000000000000142e+01,2.600000000000000000e+01,9.358748734652465373e+00,-3.198080590264277490e+00,-2.159001359453361246e+00,3.369439086797476057e-01,5.674768490206217458e-02,-2.182420591549849576e-01,-1.869596002990651928e-01,-2.803164380702634628e-01,1.420014519491258065e-01,1.677248171058109694e-01,2.208306251575622436e-01
5.261999999999999744e+01,2.600000000000000000e+01,9.355037395582360915e+00,-3.203653531989114622e+00,-2.157660698617645423e+00,3.326433383928986687e-01,4.588130164777937114e-02,-2.115617887994218904e-01,-1.842021704101277080e-01,-2.769858317556527227e-01,1.336429128842337444e-01,1.652958454972269231e-01,1.784782258321127857e-01
5.264000000000000057e+01,2.600000000000000000e+01,9.351379494523131441e+00,-3.209160363138470196e+00,-2.156638118705975327e+00,3.284814371277710032e-01,3.335028873086652579e-02,-2.043887351913813433e-01,-1.816177146388804342e-01,-2.737061567938798845e-01,1.247097455416553008e-01,1.626339923628153383e-01,1.296896356159737695e-01
5.265999999999999659e+01,2.600000000000000000e+01,9.347771459348916068e+00,-3.214602147991490355e+00,-2.155968123560059624e+00,3.244677889852435326e-01,1.911660977753347132e-02,-1.967492253856484297e-01,-1.792173832291840130e-01,-2.704819321830135292e-01,1.152361820906952633e-01,1.597531209473760372e-01,7.432046183221441282e-02
5.267999999999999972e+01,2.600000000000000000e+01,9.344209501775408100e+00,-3.219980038434632874e+00,-2.155684796534856229e+00,3.206114681123452548e-01,3.161205059853613216e-03,-1.886679028237150391e-01,-1.770116417815131293e-01,-2.673173996562263621e-01,1.052564547006580725e-01,1.566670944957088141e-01,1.228849597706073611e-02
5.270000000000000284e+01,2.600000000000000000e+01,9.340689631052718767e+00,-3.225295268416369154e+00,-2.155821497476542614e+00,3.169210728722937631e-01,-1.451201700697004812e-02,-1.801676948452550775e-01,-1.750102712529562343e-01,-2.642165236817947682e-01,9.480479554084855764e-02,1.533897762526134911e-01,-5.641607708376585040e-02
5.271999999999999886e+01,2.600000000000000000e+01,9.337207667658264043e+00,-3.230549148401891557e+00,-2.156410533046023925e+00,3.134047603185351472e-01,-3.387221797845920562e-02,-1.712698171003124159e-01,-1.732223679572156561e-01,-2.611829914630994232e-01,8.391543678057128419e-02,1.499350294628898628e-01,-1.317208089332238263e-01
5.274000000000000199e+01,2.600000000000000000e+01,9.333759256989603514e+00,-3.235743059827802970e+00,-2.157482803830586882e+00,3.100702801882814774e-01,-5.485795331997483232e-02,-1.619938192351844108e-01,-1.716563435646077940e-01,-2.582202129386247380e-01,7.262261058913081768e-02,1.463167173713376124e-01,-2.134618052252150733e-01
5.275999999999999801e+01,2.600000000000000000e+01,9.330339883057337858e+00,-3.240878449556835683e+00,-2.159067432652586493e+00,3.069250075491278262e-01,-7.737410113810712364e-02,-1.523576755342554989e-01,-1.703199251020628691e-01,-2.553313207819594144e-01,6.096054913583186241e-02,1.425487032227565898e-01,-3.013756202125724148e-01
5.278000000000000114e+01,2.600000000000000000e+01,9.326944882177953033e+00,-3.245956824332539181e+00,-2.161191379490102094e+00,3.039759731669114395e-01,-1.012897583999405882e-01,-1.423779232349895452e-01,-1.692201549531248683e-01,-2.525191704017960004e-01,4.896348458997900471e-02,1.386448502619466450e-01,-3.950926486766595525e-01
5.279999999999999716e+01,2.600000000000000000e+01,9.323569456666708888e+00,-3.250979745233990137e+00,-2.163879049443226510e+00,3.012298906197283244e-01,-1.264374758915821073e-01,-1.320698499844565887e-01,-1.683633908579519889e-01,-2.497863399419311403e-01,3.666564912087701134e-02,1.346190217337076278e-01,-4.941324543418846305e-01
5.282000000000000028e+01,2.600000000000000000e+01,9.320208688530488672e+00,-3.255948822130492637e+00,-2.167151901176564532e+00,2.986931791675333514e-01,-1.526141612524247460e-01,-1.214477303878043202e-01,-1.677553059133161106e-01,-2.471351302812652140e-01,2.410127489783033330e-02,1.304850808828391107e-01,-5.979014753728136844e-01
5.284000000000000341e+01,2.600000000000000000e+01,9.316857553160675209e+00,-3.260865708136277075e+00,-2.171028064201035335e+00,2.963719814042153899e-01,-1.795838774315404729e-01,-1.105251098425670264e-01,-1.674008885726030738e-01,-2.445675650338031137e-01,1.130459409014402533e-02,1.262568909541412210e-01,-7.056935275738119850e-01
5.285999999999999943e+01,2.600000000000000000e+01,9.313510933026018179e+00,-3.265732094065208369e+00,-2.175521974175331330e+00,2.942721747738306637e-01,-2.070826031797362021e-01,-9.931513190556717774e-02,-1.673044426458125955e-01,-2.420853905486531898e-01,-1.690161132877852305e-03,1.219483151924134479e-01,-8.166934802236340829e-01
5.288000000000000256e+01,2.600000000000000000e+01,9.310163631365497849e+00,-3.270549702885481747e+00,-2.180644036050820578e+00,2.923993761279928827e-01,-2.348248186421575401e-01,-8.783090337779775325e-02,-1.674695872995584089e-01,-2.396900759100281386e-01,-1.484875860193037717e-02,1.175732168424556690e-01,-9.299844045589708008e-01
5.289999999999999858e+01,2.600000000000000000e+01,9.306810385881203018e+00,-3.275320284174329633e+00,-2.186400325288857527e+00,2.907589386387187669e-01,-2.625115631247473269e-01,-7.608588920611580875e-02,-1.678992570570680409e-01,-2.373828129372445028e-01,-2.813696614770876819e-02,1.131454591490677897e-01,-1.044558388575121954e+00
5.292000000000000171e+01,2.600000000000000000e+01,9.303445882431180536e+00,-3.280045608572721427e+00,-2.192792337479039677e+00,2.893559405597483924e-01,-2.898394232031391016e-01,-6.409432730782604892e-02,-1.685957017981828954e-01,-2.351645161847229493e-01,-4.152055160090858260e-02,1.086789053570495073e-01,-1.159331073881253671e+00
5.293999999999999773e+01,2.600000000000000000e+01,9.300064768722329234e+00,-3.284727462240065510e+00,-2.199816796415603903e+00,2.881951655464056739e-01,-3.165097864507140923e-01,-5.187165165203566630e-02,-1.695604867593584197e-01,-2.330358229419880467e-01,-5.496528279222516467e-02,1.041874187112006717e-01,-1.273159803438239868e+00
5.296000000000000085e+01,2.600000000000000000e+01,9.296661668003240564e+00,-3.289367641308910795e+00,-2.207465529989579345e+00,2.872810744936670768e-01,-3.422376662430919314e-01,-3.943491051826608640e-02,-1.707944925336639386e-01,-2.309970932336684046e-01,-6.843692755235375458e-02,9.968486245632104947e-02,-1.384865079094835805e+00
5.297999999999999687e+01,2.600000000000000000e+01,9.293231192757085424e+00,-3.293967946339653174e+00,-2.215725422084885654e+00,2.866177691256749926e-01,-3.667594730408852977e-01,-2.680316593577813933e-02,-1.722979150707826257e-01,-2.290484098194967011e-01,-8.190125371198980764e-02,9.518509983721044898e-02,-1.493254824610192211e+00
5.300000000000000000e+01,2.600000000000000000e+01,9.289767958394472558e+00,-3.298530176775231304e+00,-2.224578447009188498e+00,2.862089478562360734e-01,-3.898392613867684431e-01,-1.399786000659108964e-02,-1.740702656770115597e-01,-2.271895781943095161e-01,-9.532402910182868894e-02,9.070199409866863682e-02,-1.597150746619484529e+00
5.302000000000000313e+01,2.600000000000000000e+01,9.286266596946317620e+00,-3.303056125395832598e+00,-2.234001790858143544e+00,2.860578547254112869e-01,-4.112731861941303357e-01,-1.043134227534991965e-03,-1.761103710152617519e-01,-2.254201265880474703e-01,-1.086710215525657358e-01,8.624940848549546291e-02,-1.695415899054949715e+00
5.303999999999999915e+01,2.600000000000000000e+01,9.282721770756710455e+00,-3.307547572773593902e+00,-2.243968061655105650e+00,2.861672224871345538e-01,-4.308921160131450878e-01,1.203391089781646883e-02,-1.784163731050581181e-01,-2.237393059657552530e-01,-1.219079988948962856e-01,8.184120624249066611e-02,-1.786982403871762326e+00
5.306000000000000227e+01,2.600000000000000000e+01,9.279128186175784165e+00,-3.312006281727304824e+00,-2.254445587218057767e+00,2.865392111613240256e-01,-4.485625378863934976e-01,2.520302672726337789e-02,-1.809857293225395347e-01,-2.221460900275813999e-01,-1.350007289595156479e-01,7.749125061445413798e-02,-1.870878180388702017e+00
5.307999999999999829e+01,2.600000000000000000e+01,9.275480607252594822e+00,-3.316433991777107515e+00,-2.265398796611459264e+00,2.871753435562249823e-01,-4.641860231907963263e-01,3.843070595939135359e-02,-1.838152124004586718e-01,-2.206391752087785985e-01,-1.479149795771193543e-01,7.321340484618552025e-02,-1.946251502555859547e+00
5.310000000000000142e+01,2.600000000000000000e+01,9.271773869427960335e+00,-3.320832413599201782e+00,-2.276788677906162572e+00,2.880764393996997352e-01,-4.776975967094432285e-01,5.168015564377004267e-02,-1.869009104281821598e-01,-2.192169806797035214e-01,-1.606165185784025895e-01,6.902153218248480160e-02,-2.012392248624624624e+00
5.311999999999999744e+01,2.600000000000000000e+01,9.268002893227352601e+00,-3.325203223480544867e+00,-2.288573301981307928e+00,2.892425497819756663e-01,-4.890633658422257057e-01,6.491135504034062365e-02,-1.902382268516906172e-01,-2.178776483458167434e-01,-1.730711137940607880e-01,6.492949586815162377e-02,-2.068748834754204680e+00
5.314000000000000057e+01,2.600000000000000000e+01,9.264162697953757686e+00,-3.329548057773553893e+00,-2.300708399451058650e+00,2.906728936013133757e-01,-4.982777361042929343e-01,7.808119588769901753e-02,-1.938218804735784007e-01,-2.166190428476830188e-01,-1.852445330547893843e-01,6.095115914798582279e-02,-2.114940028527044102e+00
5.315999999999999659e+01,2.600000000000000000e+01,9.260248415380548437e+00,-3.333868507350809196e+00,-2.313147975668380152e+00,2.923657976174834361e-01,-5.053604793734559619e-01,9.114369897667007336e-02,-1.976459054530539383e-01,-2.154387515609709203e-01,-1.971025441912835352e-01,5.710038526678723469e-02,-2.150761107091653468e+00
5.317999999999999972e+01,2.600000000000000000e+01,9.256255303444339333e+00,-3.338166112059755442e+00,-2.325844947300452770e+00,2.943186415603801787e-01,-5.103538486769078064e-01,1.040502976151689296e-01,-2.017036513059394798e-01,-2.143340845964530894e-01,-2.086109150342386753e-01,5.339103746935567468e-02,-2.176184137034891553e+00
5.320000000000000284e+01,2.600000000000000000e+01,9.252178759937862651e+00,-3.342442355177402291e+00,-2.338751783292540409e+00,2.965278095220908461e-01,-5.133198604604009008e-01,1.167501758412594626e-01,-2.059877829046711795e-01,-2.133020748000062361e-01,-2.197354134143503779e-01,4.983697900049082613e-02,-2.191352483003088825e+00
5.321999999999999886e+01,2.600000000000000000e+01,9.248014336202842856e+00,-3.346698657865029514e+00,-2.351821133187791624e+00,2.989886485940304039e-01,-5.143378009910489768e-01,1.291906472750428136e-01,-2.104902804782991799e-01,-2.123394777526109722e-01,-2.304418071623137165e-01,4.645207310499260833e-02,-2.196569971097477314e+00
5.324000000000000199e+01,2.600000000000000000e+01,9.243757750822851449e+00,-3.350936373622888542e+00,-2.365006426734248990e+00,3.016954354130925164e-01,-5.135019626904225865e-01,1.413175594097344501e-01,-2.152024396124873895e-01,-2.114427717703520893e-01,-2.406958641088242923e-01,4.325018302766070466e-02,-2.192285413902235192e+00
5.325999999999999801e+01,2.600000000000000000e+01,9.239404903316181361e+00,-3.355156782744900923e+00,-2.378262430409645134e+00,3.046413509704195555e-01,-5.109195806180827359e-01,1.530757079602445003e-01,-2.201148712495137882e-01,-2.106081579044181140e-01,-2.504633520845772066e-01,4.024517201329504135e-02,-2.179073423949771549e+00
5.328000000000000114e+01,2.600000000000000000e+01,9.234951887828716011e+00,-3.359361086773364313e+00,-2.391545748797862192e+00,3.078184637315022343e-01,-5.067089187599793654e-01,1.644092465746940235e-01,-2.252175016882701220e-01,-2.098315599411018362e-01,-2.597100389202680049e-01,3.745090330669530870e-02,-2.157612585966213192e+00
5.329999999999999716e+01,2.600000000000000000e+01,9.230395006826794813e+00,-3.363550402953653151e+00,-2.404815261487423861e+00,3.112177208334070966e-01,-5.009974486407158256e-01,1.752620786538265918e-01,-2.304995725842620413e-01,-2.091086244017998919e-01,-2.684016924465919551e-01,3.488124015266134970e-02,-2.128662118542982817e+00
5.332000000000000028e+01,2.600000000000000000e+01,9.225730784790073358e+00,-3.367725758688920656e+00,-2.418032489139777752e+00,3.148289468776552247e-01,-4.939200667420918789e-01,1.855782200536362225e-01,-2.359496409496092961e-01,-2.084347205430129302e-01,-2.765040804942445196e-01,3.255004579599294484e-02,-2.093038134998030930e+00
5.334000000000000341e+01,2.600000000000000000e+01,9.220955981904412013e+00,-3.371888085994802164e+00,-2.431161885398849698e+00,3.186408496355537245e-01,-4.856173095408678475e-01,1.953021238687906447e-01,-2.415555791530453467e-01,-2.078049403563457243e-01,-2.839829708939209940e-01,3.047118348148990241e-02,-2.051590520988030519e+00
5.335999999999999943e+01,2.600000000000000000e+01,9.216067607754718338e+00,-3.376038215954114019e+00,-2.444171054204022919e+00,3.226410318324066662e-01,-4.762335427590044801e-01,2.043789611037629683e-01,-2.473045749199175858e-01,-2.072140985685069214e-01,-2.908041314763166185e-01,2.865851645395203068e-02,-2.005181298580393179e+00
5.338000000000000256e+01,2.600000000000000000e+01,9.211062935017835684e+00,-3.380176873171560903e+00,-2.457030894676249133e+00,3.268160080797041234e-01,-4.659151217068793760e-01,2.127548536435543980e-01,-2.531831313321874499e-01,-2.066567326413092098e-01,-2.969333300721269664e-01,2.712590795817911710e-02,-1.954665161934141748e+00
5.339999999999999858e+01,2.600000000000000000e+01,9.205939513155396270e+00,-3.384304670228431178e+00,-2.469715677959947175e+00,3.311512259781486112e-01,-4.548085395908154083e-01,2.203770583650559445e-01,-2.591770668284301138e-01,-2.061271027716693183e-01,-3.023363345120473333e-01,2.588722123897092137e-02,-1.900872668096865503e+00
5.342000000000000171e+01,2.600000000000000000e+01,9.200695182106693792e+00,-3.388422102137305991e+00,-2.482203062152752437e+00,3.356310904143061657e-01,-4.430585978792402901e-01,2.271941033650932695e-01,-2.652715152038346291e-01,-2.056191918916079608e-01,-3.069789126267729040e-01,2.495631954112730033e-02,-1.844596365754763267e+00
5.343999999999999773e+01,2.600000000000000000e+01,9.195328085981559596e+00,-3.392529540796755061e+00,-2.494474052713901546e+00,3.402389901127521044e-01,-4.308066453429129639e-01,2.331558790320382712e-01,-2.714509256102042856e-01,-2.051267056682498091e-01,-3.108268322469991962e-01,2.434706610944800328e-02,-1.786579959904859516e+00
5.346000000000000085e+01,2.600000000000000000e+01,9.189836686753213968e+00,-3.396627229446043117e+00,-2.506512916520006407e+00,3.449573255755875589e-01,-4.181889389871879525e-01,2.382136880197069928e-01,-2.776990625559559445e-01,-2.046430725038235754e-01,-3.138458612034216166e-01,2.407332418873286625e-02,-1.727510452030192933e+00
5.347999999999999687e+01,2.600000000000000000e+01,9.184219777951147634e+00,-3.400715277119830571e+00,-2.518307058073710802e+00,3.497675376335401820e-01,-4.053351803853456614e-01,2.423202590912829635e-01,-2.839990059061204275e-01,-2.041614435356620405e-01,-3.160017673267354610e-01,2.414895702378165587e-02,-1.668013069737029230e+00
5.350000000000000000e+01,2.600000000000000000e+01,9.178476498353987267e+00,-3.404793653102875517e+00,-2.529846866326876942e+00,3.546501359392386643e-01,-3.923672753307059780e-01,2.454297303170118738e-01,-2.903331508823426277e-01,-2.036746926362019150e-01,-3.172603184476360805e-01,2.458782785939417348e-02,-1.608648709186252468e+00
5.352000000000000313e+01,2.600000000000000000e+01,9.172606345682350337e+00,-3.408862181384734846e+00,-2.541125540228438062e+00,3.595847268462221691e-01,-3.793983543816351611e-01,2.474976072824883744e-01,-2.966832080628811208e-01,-2.031754164129838669e-01,-3.175872823968187708e-01,2.540379994037024469e-02,-1.549913556905442302e+00
5.353999999999999915e+01,2.600000000000000000e+01,9.166609190291731935e+00,-3.412920535114468024e+00,-2.552138900525271037e+00,3.645500402305379972e-01,-3.665320783885935296e-01,2.484807018555841296e-01,-3.030302033826085539e-01,-2.026559342086526883e-01,-3.169484270049790497e-01,2.661073651150960839e-02,-1.492240531160474948e+00
5.356000000000000227e+01,2.600000000000000000e+01,9.160485288865364950e+00,-3.416968231055339977e+00,-2.562885194607856132e+00,3.695239549204453189e-01,-3.538622382825028501e-01,2.483370567417271246e-01,-3.093544781330114235e-01,-2.021082881009570453e-01,-3.153095201028122130e-01,2.822250081761210061e-02,-1.436002181963251356e+00
5.357999999999999829e+01,2.600000000000000000e+01,9.154235298107076702e+00,-3.421004624039517328e+00,-2.573364900369972119e+00,3.744835225002068335e-01,-3.414726440154042808e-01,2.470258605861381795e-01,-3.156356889621901862e-01,-2.015242429027497562e-01,-3.126363295210135007e-01,3.025295610347752615e-02,-1.381514707319768442e+00
5.360000000000000142e+01,2.600000000000000000e+01,9.147860288434177534e+00,-3.425028901422780159e+00,-2.583580534202531087e+00,3.794049893438906640e-01,-3.294372850290102073e-01,2.445073578281462545e-01,-3.218528078748590371e-01,-2.008952861619875407e-01,-3.088946230902784307e-01,3.271596561390567592e-02,-1.329042775841564161e+00
5.361999999999999744e+01,2.600000000000000000e+01,9.141361757670308563e+00,-3.429040077539214693e+00,-2.593536467414340851e+00,3.842638168133324927e-01,-3.178207349990019304e-01,2.407427569189017902e-01,-3.279841222323464089e-01,-2.002126281617311043e-01,-3.040501686413021876e-01,3.562539259369632005e-02,-1.278804887236423937e+00
5.364000000000000057e+01,2.600000000000000000e+01,9.134741644738321398e+00,-3.433036988155921510e+00,-2.603238754604457306e+00,3.890346996206464070e-01,-3.066787673934365799e-01,2.356941399259522285e-01,-3.340072347525941954e-01,-1.994672019201452762e-01,-2.980687340047802891e-01,3.899510028764929803e-02,-1.230979048162027745e+00
5.365999999999999659e+01,2.600000000000000000e+01,9.128002343353145420e+00,-3.437018284927714884e+00,-2.612694976829173399e+00,3.936915824103703887e-01,-2.960591456753882134e-01,2.293243759954872729e-01,-3.398990635101586388e-01,-1.986496631904987042e-01,-2.909160870114080866e-01,4.283895194056439037e-02,-1.185708588124253060e+00
5.367999999999999972e+01,2.600000000000000000e+01,9.121146715714649744e+00,-3.440982429851824786e+00,-2.621914101830012722e+00,3.982076746604656381e-01,-2.860025525039134875e-01,2.215970406483958044e-01,-3.456358419362093870e-01,-1.977503904611642715e-01,-2.825579954918809311e-01,4.717081079724132209e-02,-1.143107986155314171e+00
5.370000000000000284e+01,2.600000000000000000e+01,9.114178106200512275e+00,-3.444927689722601105e+00,-2.630906363129125403e+00,4.025554640363076531e-01,-2.765436255475891558e-01,2.124763424650062404e-01,-3.511931188185307140e-01,-1.967594849556186520e-01,-2.729602272768941185e-01,5.200454010247998471e-02,-1.103268622446221370e+00
5.371999999999999886e+01,2.600000000000000000e+01,9.107100355059094099e+00,-3.448852130586212983e+00,-2.639683159461785777e+00,4.067067283590658500e-01,-2.677120729260547560e-01,2.019270583722754253e-01,-3.565457583015201326e-01,-1.956667706324426992e-01,-2.620885501971430553e-01,5.735400310108016569e-02,-1.066264409262518420e+00
5.374000000000000199e+01,2.600000000000000000e+01,9.099917812102297887e+00,-3.452753612195353483e+00,-2.648256975806235314e+00,4.106325463711983925e-01,-2.595338482535393121e-01,1.899144784964654775e-01,-3.616679398861892825e-01,-1.944617941853210574e-01,-2.499087320833230375e-01,6.323306303784163862e-02,-1.032157292350544209e+00
5.375999999999999801e+01,2.600000000000000000e+01,9.092635350398442284e+00,-3.456629782463939371e+00,-2.656641327191526791e+00,4.143033074989243558e-01,-2.520323732864472865e-01,1.764043613779282538e-01,-3.665331584301639301e-01,-1.931338250430426062e-01,-2.363865407661294438e-01,6.965558315756420482e-02,-1.001002648226713809e+00
5.378000000000000114e+01,2.600000000000000000e+01,9.085258379965125641e+00,-3.460478071921814447e+00,-2.664850726518137147e+00,4.176887208263152518e-01,-2.452298049381203271e-01,1.613629002747192231e-01,-3.711142241476833026e-01,-1.916718553695000993e-01,-2.214877440762577088e-01,7.663542670504766563e-02,-9.728546353145889336e-01
5.379999999999999716e+01,2.600000000000000000e+01,9.077792861462095075e+00,-3.464295688169451992e+00,-2.672900677820383653e+00,4.207578235099131425e-01,-2.391483527645861251e-01,1.447567013035868655e-01,-3.753832626096009761e-01,-1.900646000636903032e-01,-2.051781098444030726e-01,8.418645692509178768e-02,-9.477715894003373442e-01
5.382000000000000028e+01,2.600000000000000000e+01,9.070245319884119084e+00,-3.468079610332655882e+00,-2.680807696745334479e+00,4.234789888784584733e-01,-2.338116629912664612e-01,1.265527742899159591e-01,-3.793117147433842096e-01,-1.883004967597140256e-01,-1.874234059012609976e-01,9.232253706249640701e-02,-9.258215883542799673e-01
5.384000000000000341e+01,2.600000000000000000e+01,9.062622858253844171e+00,-3.471826583517262144e+00,-2.688589360538383044e+00,4.258199344815105647e-01,-2.292462959965236302e-01,1.067185374336911963e-01,-3.828703368331141110e-01,-1.863677058267760034e-01,-1.681894000775267795e-01,1.010575303620613041e-01,-9.070883501415071271e-01
5.385999999999999943e+01,2.600000000000000000e+01,9.054933171314674567e+00,-3.475533113263843621e+00,-2.696264390538979150e+00,4.277477303758061566e-01,-2.254833363681112701e-01,8.522183726047316554e-02,-3.860292005194859710e-01,-1.842541103691851534e-01,-1.474418602038958526e-01,1.104053000685862873e-01,-8.916776752265791472e-01
5.388000000000000256e+01,2.600000000000000000e+01,9.047184559223628852e+00,-3.479195460002408868e+00,-2.703852771142782441e+00,4.292288079719293048e-01,-2.225601889198228489e-01,6.203098584791533199e-02,-3.887576927998086518e-01,-1.819473162263541832e-01,-1.251465541110635127e-01,1.203797094268711232e-01,-8.797247040756825953e-01
5.389999999999999858e+01,2.600000000000000000e+01,9.039385941244219680e+00,-3.482809633507107261e+00,-2.711375910438370340e+00,4.302289698097229165e-01,-2.205226313960945150e-01,3.711481803403238189e-02,-3.910245160280051424e-01,-1.794346519727998968e-01,-1.012692496297250971e-01,1.309946216817156617e-01,-8.714023386869927945e-01
5.392000000000000171e+01,2.600000000000000000e+01,9.031546869439310399e+00,-3.486371387350927886e+00,-2.718856849362439654e+00,4.307134006932904491e-01,-2.194272163427245792e-01,1.044277229030399212e-02,-3.927976879146122258e-01,-1.767031689181431942e-01,-7.577571459057633185e-02,1.422639000779195029e-01,-8.669312824223905922e-01
5.393999999999999773e+01,2.600000000000000000e+01,9.023677542363987669e+00,-3.489876213360404655e+00,-2.726320528356569906e+00,4.306466807013352716e-01,-2.193441425503313003e-01,-1.801499973267972621e-02,-3.940445415267807561e-01,-1.737396411071087665e-01,-4.863171682431195741e-02,1.542014078602827465e-01,-8.665922969094002060e-01
5.396000000000000085e+01,2.600000000000000000e+01,9.015788818758434076e+00,-3.493319336070316528e+00,-2.733794123319382763e+00,4.299928007039831024e-01,-2.203607528829642503e-01,-4.828748817711669972e-02,-3.947317252882752703e-01,-1.705305653195254567e-01,-1.980302416162760953e-02,1.668210082736050481e-01,-8.707414758371243568e-01
5.397999999999999687e+01,2.600000000000000000e+01,9.007892231240782976e+00,-3.496695707178389068e+00,-2.741307466368095636e+00,4.287151811742508922e-01,-2.225858631194791715e-01,-8.040263518360646344e-02,-3.948252029794743767e-01,-1.670621610703261484e-01,1.074459556678132414e-02,1.801365645626862022e-01,-8.798296186813524544e-01
5.400000000000000000e+01,2.700000000000000000e+01,9.000000000000000000e+00,-3.500000000000000000e+00,-2.748893571891069421e+00,4.267766952966386418e-01,-2.261551892664293573e-01,-8.892065057272269257e-02,-3.942902537373704774e-01,-1.633203706095476271e-01,4.304537453021950455e-02,1.941619399723260031e-01,-8.944271909999101933e-01
5.402000000000000313e+01,2.700000000000000000e+01,8.992117784618512744e+00,-3.503226795239953173e+00,-2.757483840518747176e+00,4.251583551513414272e-01,-2.803133315578286711e-01,-4.878506830708495556e-02,-3.941782383915799493e-01,-1.593208816618366108e-01,-3.104246629592553181e-02,2.056437526078047084e-01,-1.119119908568641408e+00
5.403999999999999915e+01,2.700000000000000000e+01,8.984223310878450164e+00,-3.506371361323841640e+00,-2.767861097198705878e+00,4.248252925643548616e-01,-3.270486212864662234e-01,1.399905406877088865e-02,-3.955002268003046662e-01,-1.551002895010105964e-01,-1.003714687866517907e-01,2.162752158770070987e-01,-1.318680443557311843e+00
5.406000000000000227e+01,2.700000000000000000e+01,8.976288843885242841e+00,-3.509429445075439968e+00,-2.779820526319078500e+00,4.257183173140927090e-01,-3.657968051367900264e-01,7.386889141026919958e-02,-3.981620302687578494e-01,-1.506754238388041955e-01,-1.650404401341375171e-01,2.260740573390302988e-01,-1.488962057228453206e+00
5.407999999999999829e+01,2.700000000000000000e+01,8.968288512756782183e+00,-3.512397126367243771e+00,-2.793140278925171138e+00,4.277800482207651522e-01,-3.964782942505970520e-01,1.308851633699603667e-01,-4.020714362459963942e-01,-1.460627598357699120e-01,-2.251481875305611224e-01,2.350580045529711004e-01,-1.627398049782807554e+00
5.410000000000000142e+01,2.700000000000000000e+01,8.960198271100535905e+00,-3.515270811029449494e+00,-2.807589735733219349e+00,4.309537238488914124e-01,-4.193671610885710832e-01,1.850543205405585923e-01,-4.071382083249210915e-01,-1.412784181012785578e-01,-2.807935181681006087e-01,2.432447850779264620e-01,-1.732997926271181655e+00
5.411999999999999744e+01,2.700000000000000000e+01,8.951995857490668840e+00,-3.518047223758928421e+00,-2.822937362278757245e+00,4.351822210423869630e-01,-4.349711644380944708e-01,2.363397585434459103e-01,-4.132740862422756845e-01,-1.363381646935188096e-01,-3.320752392389344498e-01,2.506521264729933418e-01,-1.806225802546237658e+00
5.414000000000000057e+01,2.700000000000000000e+01,8.943660755945192165e+00,-3.520723401028203803e+00,-2.838957745734735472e+00,4.404073141906293398e-01,-4.439379807451982463e-01,2.846740739838455880e-01,-4.203927858786482008e-01,-1.312574111194974025e-01,-3.790921579352407589e-01,2.572977562972685872e-01,-1.848786239002772058e+00
5.415999999999999659e+01,2.700000000000000000e+01,8.935174156403050461e+00,-3.523296683994429745e+00,-2.855437506077360243e+00,4.465691840017402270e-01,-4.469890010807259229e-01,3.299712353113459784e-01,-4.284099992584697869e-01,-1.260512143350394076e-01,-4.219430814491980652e-01,2.631994021098492675e-01,-1.863350265890002966e+00
5.417999999999999972e+01,2.700000000000000000e+01,8.926518915201256732e+00,-3.525764711408357677e+00,-2.872179895843756103e+00,4.536061636030832012e-01,-4.448753825203526358e-01,3.721377470727986747e-01,-4.372433945500150965e-01,-1.207342767447874832e-01,-4.607268169729842322e-01,2.683747914698321191e-01,-1.853256407930808924e+00
5.420000000000000284e+01,2.700000000000000000e+01,8.917679515552032754e+00,-3.528125412523327231e+00,-2.889008026446518329e+00,4.614546938846544877e-01,-4.383494146268164249e-01,4.110821594889664254e-01,-4.468126160654025680e-01,-1.153209462022027620e-01,-4.955421716987777891e-01,2.728416519363142112e-01,-1.822218384441249617e+00
5.421999999999999886e+01,2.700000000000000000e+01,8.908642028019917447e+00,-3.530377000004234933e+00,-2.905766769824356111e+00,4.700494499826412542e-01,-4.281452171903208925e-01,4.467225658363762619e-01,-4.570392842605940920e-01,-1.098252160095642693e-01,-5.264879528187568214e-01,2.766177110683923357e-01,-1.774064231723047946e+00
5.424000000000000199e+01,2.700000000000000000e+01,8.899394070998887685e+00,-3.532517962836506431e+00,-2.922323471057936217e+00,4.793235965181094071e-01,-4.149646259877534660e-01,4.789919946627314573e-01,-4.678469957353952324e-01,-1.042607249179691026e-01,-5.536629675250996918e-01,2.797206964251635619e-01,-1.712522768435625453e+00
5.425999999999999801e+01,2.700000000000000000e+01,8.889924771189489761e+00,-3.534547059235082500e+00,-2.938567664866879703e+00,4.892091297691498197e-01,-3.994659390713700686e-01,5.078418135186240079e-01,-4.791613232334549499e-01,-9.864075712733244572e-02,-5.771660230099850963e-01,2.821683355657247372e-01,-1.641064467557955986e+00
5.428000000000000114e+01,2.700000000000000000e+01,8.880224724075954867e+00,-3.536463309553386392e+00,-2.954410016436241015e+00,4.996372690588540832e-01,-3.822545939679438121e-01,5.332434028429471340e-01,-4.909098156422659898e-01,-9.297824228638754129e-02,-5.970959264655903986e-01,2.839783560491728198e-01,-1.562796317665054557e+00
5.429999999999999716e+01,2.700000000000000000e+01,8.870285954403323458e+00,-3.538265989192307615e+00,-2.969780708805697333e+00,5.105388658828670101e-01,-3.638757171220769471e-01,5.551884340058848011e-01,-5.030219979931644936e-01,-8.728575549268563494e-02,-6.135514850840941836e-01,2.851684854346047127e-01,-1.480404912058074007e+00
5.432000000000000028e+01,2.700000000000000000e+01,8.860101876654587372e+00,-3.539954621509172839e+00,-2.984627481535487625e+00,5.218448064190891467e-01,-3.448088708738915598e-01,5.736881049817661449e-01,-5.154293714613302768e-01,-8.157551729259612805e-02,-6.266315060576752582e-01,2.857564512811173185e-01,-1.396138943587184933e+00
5.434000000000000341e+01,2.700000000000000000e+01,8.849667255527773335e+00,-3.541528970726726122e+00,-2.998913495684887298e+00,5.334863900821412708e-01,-3.254653375247943958e-01,5.887716659921409246e-01,-5.280654133657867177e-01,-7.585939368130642513e-02,-6.364347965785116523e-01,2.857599811478076512e-01,-1.311821210807904370e+00
5.435999999999999943e+01,2.700000000000000000e+01,8.838978166413108184e+00,-3.542989034842101592e+00,-3.012615164826809799e+00,5.453956730587742330e-01,-3.061880732162902685e-01,6.004845215302481165e-01,-5.408655771694005354e-01,-7.014889610282204480e-02,-6.430601638387811736e-01,2.851968025937726137e-01,-1.228880634563501273e+00
5.438000000000000256e+01,2.700000000000000000e+01,8.828031955870102365e+00,-3.544335038535800120e+00,-3.025720056015316128e+00,5.575057709433507425e-01,-2.872541791985457338e-01,6.088861380422763148e-01,-5.537672924788821227e-01,-6.445518144996641163e-02,-6.466064150306622960e-01,2.840846431781090531e-01,-1.148396076337046434e+00
5.439999999999999858e+01,2.700000000000000000e+01,8.816827202104720484e+00,-3.545567426080671769e+00,-3.038224931819773378e+00,5.697511185804646772e-01,-2.688794836892517415e-01,6.140479282731998723e-01,-5.667099650447856574e-01,-5.878905206438119618e-02,-6.471723573463337154e-01,2.824412304599139278e-01,-1.071145450046486536e+00
5.442000000000000171e+01,2.700000000000000000e+01,8.805363675446448823e+00,-3.546686854250882703e+00,-3.050133976707252614e+00,5.820676880742782222e-01,-2.512246657837710062e-01,6.160512303631886510e-01,-5.796349767615084358e-01,-5.316095573652608597e-02,-6.448567979779730175e-01,2.802842919982840852e-01,-9.976553675809501920e-01
5.443999999999999773e+01,2.700000000000000000e+01,8.793642298825472992e+00,-3.547694185230901631e+00,-3.061457228937607855e+00,5.943931677949917392e-01,-2.344023003107029435e-01,6.149854555190383820e-01,-5.924856856672920946e-01,-4.758098570567875774e-02,-6.397585441177587873e-01,2.776315553523166502e-01,-9.282481321840547750e-01
5.446000000000000085e+01,2.700000000000000000e+01,8.781665108249759655e+00,-3.548590479524465380e+00,-3.072209222624647573e+00,6.066671062950391713e-01,-2.184842431514942840e-01,6.109464435277853767e-01,-6.052074259442209447e-01,-4.205888065993500929e-02,-6.319764029578691655e-01,2.745007480811083589e-01,-8.630841839870057042e-01
5.447999999999999687e+01,2.700000000000000000e+01,8.769435213282200436e+00,-3.549376988863567117e+00,-3.082407833092820404e+00,6.188310255361026968e-01,-2.035088783545192237e-01,6.040350400638470063e-01,-6.177475079182235262e-01,-3.660402473620870401e-02,-6.216091816904826262e-01,2.709095977437562253e-01,-8.021990813344399562e-01
5.450000000000000000e+01,2.700000000000000000e+01,8.756956757517727397e+00,-3.550055149117421482e+00,-3.092073311263546120e+00,6.308285078975924831e-01,-1.894878774160521917e-01,5.943558924068348404e-01,-6.300552180590714979e-01,-3.122544752023173609e-02,-6.087556875077773100e-01,2.668758318993571521e-01,-7.455347925681544696e-01
5.452000000000000313e+01,2.700000000000000000e+01,8.744234879060442722e+00,-3.550626573201447478e+00,-3.101227488630472262e+00,6.426052612323798208e-01,-1.764122501212427585e-01,5.820164492668613576e-01,-6.420818189803801923e-01,-2.593182404655407572e-02,-5.935147276019314688e-01,2.624171781070081533e-01,-6.929655227433764164e-01
5.453999999999999915e+01,2.700000000000000000e+01,8.731275671000734206e+00,-3.551093043986243369e+00,-3.109893132585336506e+00,6.541091658682665066e-01,-1.642575780166895538e-01,5.671261443381219181e-01,-6.537805494396088379e-01,-2.073147479854376210e-02,-5.759851091651234656e-01,2.575513639258059650e-01,-6.443185627380135783e-01
5.456000000000000227e+01,2.700000000000000000e+01,8.718086141892408492e+00,-3.551456507206564694e+00,-3.118093431716033148e+00,6.652903070059039692e-01,-1.529884079524828910e-01,5.497957406010804959e-01,-6.651066243380600040e-01,-1.563236570838687570e-02,-5.562656393895316631e-01,2.522961169148477678e-01,-5.993907758071347347e-01
5.457999999999999829e+01,2.700000000000000000e+01,8.704674176229792337e+00,-3.551719064370293832e+00,-3.125851591638737492e+00,6.761009954923092868e-01,-1.425618431359594596e-01,5.301368121129215183e-01,-6.760172347208793786e-01,-1.064210815708757987e-02,-5.344551254673339802e-01,2.466691646332302701e-01,-5.579613723272888182e-01
5.460000000000000142e+01,2.700000000000000000e+01,8.691048494924890733e+00,-3.551882965667426895e+00,-3.133190523506907521e+00,6.864957794904201771e-01,-1.329304058684316614e-01,5.082613412178993428e-01,-6.864715477770571006e-01,-5.767958974468087932e-03,-5.106523745907087797e-01,2.406882346400504302e-01,-5.198016012995347879e-01
5.461999999999999744e+01,2.700000000000000000e+01,8.677218615784479283e+00,-3.551950602879042851e+00,-3.140132609242733519e+00,6.964314491410249497e-01,-1.240442645009906947e-01,4.842814111153224133e-01,-6.964307068394259836e-01,-1.016820439168669406e-03,-4.849561939518343689e-01,2.343710544944052065e-01,-4.846819321452184304e-01
5.464000000000000057e+01,2.700000000000000000e+01,8.663194813987237453e+00,-3.551924502286281538e+00,-3.146699529540478490e+00,7.058670359350325274e-01,-1.158529223184752710e-01,4.583089761065899381e-01,-7.058578313846632923e-01,3.604759721352335418e-03,-4.574653907428891664e-01,2.277353517553915574e-01,-4.523772297896462846e-01
5.465999999999999659e+01,2.700000000000000000e+01,8.648988082560878254e+00,-3.551807317579319001e+00,-3.152912142652311900e+00,7.147638081852883962e-01,-1.083064626095403410e-01,4.304556943095647625e-01,-7.147180170332890770e-01,8.090588330818535012e-03,-4.282787721560514793e-01,2.207988539821064689e-01,-4.226703513317575656e-01
5.467999999999999972e+01,2.700000000000000000e+01,8.634610092859263730e+00,-3.551601822766345951e+00,-3.158790403798394930e+00,7.230852637074145495e-01,-1.013564357168900837e-01,4.008328099939255651e-01,-7.229783355496671726e-01,1.243482676413542980e-02,-3.974951453834990045e-01,2.135792887336466772e-01,-3.953545206436324677e-01
5.470000000000000284e+01,2.700000000000000000e+01,8.620073155039529311e+00,-3.551310905082543101e+00,-3.164353316697701590e+00,7.307971205850479768e-01,-9.495646300668476869e-02,3.695510748571173565e-01,-7.306078348420054214e-01,1.663199094739055070e-02,-3.652133176174107154e-01,2.060943835691092241e-01,-3.702347718116312802e-01
5.471999999999999886e+01,2.700000000000000000e+01,8.605390178539209955e+00,-3.550937557899058739e+00,-3.169618910175377557e+00,7.378673067016990883e-01,-8.906262120935272419e-02,3.367206994732683256e-01,-7.375775389623548950e-01,2.067695135785325294e-02,-3.315320960499646419e-01,1.983618660475911510e-01,-3.471286951159977541e-01
5.474000000000000199e+01,2.700000000000000000e+01,8.590574632553355627e+00,-3.550484873631980509e+00,-3.174604234065563357e+00,7.442659485639783190e-01,-8.363365954907403532e-02,3.024513278056950583e-01,-7.438604481066095619e-01,2.456493302397494763e-02,-2.965502878733386471e-01,1.903994637281891389e-01,-3.258666706271156621e-01
5.475999999999999801e+01,2.700000000000000000e+01,8.575640506511664540e+00,-3.549956036651320535e+00,-3.179325369705725102e+00,7.499653598139267574e-01,-7.863109208916682635e-02,2.668520290687830254e-01,-7.494315386145083968e-01,2.829151552538891612e-02,-2.603667002797113161e-01,1.822249041700002015e-01,-3.062917340807168598e-01
5.478000000000000114e+01,2.700000000000000000e+01,8.560602270555602189e+00,-3.549354316189980096e+00,-3.183797451225844455e+00,7.549400297267292448e-01,-7.401919903610046370e-02,2.300313023976912064e-01,-7.542677629696324937e-01,3.185263299291035688e-02,-2.230801404612607619e-01,1.738559149321212971e-01,-2.882591866820716220e-01
5.479999999999999716e+01,2.700000000000000000e+01,8.545474836015523934e+00,-3.548683059252738747e+00,-3.188034694592264184e+00,7.591666119098344767e-01,-6.976496341601931550e-02,1.920970907456762689e-01,-7.583480497994078418e-01,3.524457410853649997e-02,-1.847894156101657082e-01,1.653102235736494396e-01,-2.716360339127130707e-01
5.482000000000000028e+01,2.700000000000000000e+01,8.530273515887795810e+00,-3.547945683525219440e+00,-3.192050431991146464e+00,7.626239133565558825e-01,-6.583796349214771082e-02,1.531568012132495937e-01,-7.616533038751027718e-01,3.846398210544636764e-02,-1.455933329186036851e-01,1.566055576536812821e-01,-2.563003172807067354e-01
5.484000000000000341e+01,2.700000000000000000e+01,8.515013985311924216e+00,-3.547145670282872754e+00,-3.195857149649073747e+00,7.652928839583654774e-01,-6.221023639423417517e-02,1.133173296488614312e-01,-7.641664061118302875e-01,4.150785476800106233e-02,-1.055906995787541519e-01,1.477596447313141992e-01,-2.421403863328602801e-01
5.485999999999999943e+01,2.700000000000000000e+01,8.499712242047669619e+00,-3.546286557299947795e+00,-3.199466527605622890e+00,7.671566065425103886e-01,-5.885612452291802410e-02,7.268508786699001689e-02,-7.658722135685457344e-01,4.437354443174358620e-02,-6.488032278279380616e-02,1.387902123656446496e-01,-2.290541452991911309e-01
5.488000000000000256e+01,2.700000000000000000e+01,8.484384566952174467e+00,-3.545371931758473316e+00,-3.202889480290176394e+00,7.682002874730446962e-01,-5.575211321190785829e-02,3.136603223574496724e-02,-7.667575594480490198e-01,4.705875798339879956e-02,-2.356100972290168377e-02,1.297149881157697304e-01,-2.169482987447327316e-01
5.489999999999999858e+01,2.700000000000000000e+01,8.469047484457092878e+00,-3.544405423157229507e+00,-3.206136197026309365e+00,7.684112478319403694e-01,-5.287666572982648722e-02,-1.053430729709248226e-02,-7.668112530969835028e-01,4.956155686087367063e-02,1.826843240874371013e-02,1.205516995407864139e-01,-2.057376129530809894e-01
5.492000000000000171e+01,2.700000000000000000e+01,8.453717723045704346e+00,-3.543390696220728220e+00,-3.209216181803298706e+00,7.677789151811607038e-01,-5.021005984945668688e-02,-5.291079841933310490e-02,-7.660240800058354393e-01,5.188035705325687308e-02,6.050919641996460596e-02,1.113180741997916307e-01,-1.953442039566865573e-01
5.493999999999999773e+01,2.700000000000000000e+01,8.438412175730039877e+00,-3.542331443808187430e+00,-3.212138291825579195e+00,7.662948158951674582e-01,-4.773422879194369473e-02,-9.565867839617681057e-02,-7.643888018089356473e-01,5.401392910081923709e-02,1.030624751185823251e-01,1.020318396518822557e-01,-1.856968587500301970e-01
5.496000000000000085e+01,2.700000000000000000e+01,8.423147860528004571e+00,-3.541231379822506131e+00,-3.214910774485408407e+00,7.639525680453134182e-01,-4.543260827282927933e-02,-1.386735270745234061e-01,-7.619001562844573971e-01,5.596139809501339546e-02,1.458294613124187511e-01,9.271072345615526122e-02,-1.767303929416832731e-01
5.497999999999999687e+01,2.700000000000000000e+01,8.407941880940507318e+00,-3.540094232119246342e+00,-3.217541302508545087e+00,7.607478748121869749e-01,-4.328999055788414901e-02,-1.818512411690065278e-01,-7.585548573544182993e-01,5.772224367847394316e-02,1.887113478092957153e-01,8.337245317170755010e-02,-1.683850456535972429e-01
5.500000000000000000e+01,2.700000000000000000e+01,8.392811386428569165e+00,-3.538923735415602234e+00,-3.220037007102939164e+00,7.566785183985529351e-01,-4.129238581628665722e-02,-2.250880099639722687e-01,-7.543515950846796381e-01,5.929630004501751372e-02,2.316093274170349936e-01,7.403475635763601126e-02,-1.606059106479253429e-01
5.502000000000000313e+01,2.700000000000000000e+01,8.377773532890463670e+00,-3.537723624199380801e+00,-3.222404509000931672e+00,7.517443544136267475e-01,-3.942689058543747543e-02,-2.682802924980691728e-01,-7.492910356849455944e-01,6.068375593964253634e-02,2.744245929434581677e-01,6.471536057303761691e-02,-1.533424012827614702e-01
5.503999999999999915e+01,2.700000000000000000e+01,8.362845443138823498e+00,-3.536497625637977205e+00,-3.224649947329937483e+00,7.459473066986307410e-01,-3.768156279392022995e-02,-3.113247962511245248e-01,-7.433758215087648002e-01,6.188515465852951342e-02,3.170583371963870967e-01,5.543199337700927681e-02,-1.465477458308957204e-01
5.506000000000000227e+01,2.700000000000000000e+01,8.348044167377782543e+00,-3.535249452487351451e+00,-3.226779006278095441e+00,7.392913625635817443e-01,-3.604530249260364666e-02,-3.541184573186662021e-01,-7.366105710535280071e-01,6.290139404904070142e-02,3.594117529836433067e-01,4.620238232864795624e-02,-1.401785088273238833e-01
5.507999999999999829e+01,2.700000000000000000e+01,8.333386643680078976e+00,-3.533982796001003734e+00,-3.228796939542211142e+00,7.317825684058846258e-01,-3.450773718991418521e-02,-3.965584220323954412e-01,-7.290018789604710836e-01,6.373372650972047859e-02,4.013860331130489345e-01,3.704425498705047476e-02,-1.341941333466434849e-01
5.510000000000000142e+01,2.700000000000000000e+01,8.318889658464192038e+00,-3.532701318838952886e+00,-3.230708592557411052e+00,7.234290256822859533e-01,-3.305911045091672329e-02,-4.385420299711206837e-01,-7.205583160146729060e-01,6.438375899029513683e-02,4.428823703924252841e-01,2.797533891131385661e-02,-1.285564983667788486e-01
5.511999999999999744e+01,2.700000000000000000e+01,8.304569806971459300e+00,-3.531408647976709503e+00,-3.232518422512612233e+00,7.142408872070403758e-01,-3.169017217807698628e-02,-4.799667982929847199e-01,-7.112904291450554695e-01,6.485345299167276367e-02,4.838019576295942703e-01,1.901336166053501850e-02,-1.232294845720140891e-01
5.514000000000000057e+01,2.700000000000000000e+01,8.290443453743206348e+00,-3.530108367614255727e+00,-3.234230516154289248e+00,7.042303537505666400e-01,-3.039206872192543041e-02,-5.207304073160727853e-01,-7.012107414243851089e-01,6.514512456594356848e-02,5.240459876323779742e-01,1.017605079381080080e-02,-1.181785410068718900e-01
5.515999999999999659e+01,2.700000000000000000e+01,8.276526693097856935e+00,-3.528804012085019259e+00,-3.235848605373708331e+00,6.934116709143981483e-01,-2.915623064844301282e-02,-5.607306872692525701e-01,-6.903337520692709450e-01,6.526144431637956322e-02,5.635156532085973113e-01,1.481133870238291947e-03,-1.133702438267808477e-01
5.517999999999999972e+01,2.700000000000000000e+01,8.262835309608073331e+00,-3.527499058764852258e+00,-3.237376080560230296e+00,6.818011262597967193e-01,-2.797425558974611648e-02,-5.998656061366673953e-01,-6.786759364401661054e-01,6.520543739743475675e-02,6.021121471660744184e-01,-7.053661551085681561e-03,-1.087718369015485687e-01
5.520000000000000284e+01,2.700000000000000000e+01,8.249384738577859366e+00,-3.526196920981003124e+00,-3.238816001685568047e+00,6.694170466689276511e-01,-2.683778309288004441e-02,-6.380332585198438267e-01,-6.662557460413675026e-01,6.498048351474509932e-02,6.397366623126319318e-01,-1.541060791106430884e-02,-1.043507420904241090e-01
5.521999999999999886e+01,2.700000000000000000e+01,8.236190026519704332e+00,-3.524900940921097181e+00,-3.240171107060796807e+00,6.562797959190037611e-01,-2.573835771700239486e-02,-6.751318554422844898e-01,-6.530936085210149455e-01,6.459031692512845479e-02,6.762903914560898233e-01,-2.357197765060044942e-02,-1.000740244659096972e-01
5.524000000000000199e+01,2.700000000000000000e+01,8.223265791631691357e+00,-3.523614382542112899e+00,-3.241443819679033389e+00,6.424117724512365957e-01,-2.466727575825469407e-02,-7.110597150305082437e-01,-6.392119276710923614e-01,6.403902643658467009e-02,7.116745274042717284e-01,-3.152004321059739128e-02,-9.590779441129869409e-02
5.525999999999999801e+01,2.700000000000000000e+01,8.210626184274627093e+00,-3.522340424479355026e+00,-3.242636251021174143e+00,6.278374073177842574e-01,-2.361540983265026858e-02,-7.457152540020661746e-01,-6.246350834274270181e-01,6.333105540829547797e-02,7.457902629649979520e-01,-3.923707703195799396e-02,-9.181652407815246719e-02
5.528000000000000114e+01,2.700000000000000000e+01,8.198284847449166080e+00,-3.521082152955433031e+00,-3.243750202158768303e+00,6.125831622911543928e-01,-2.257300402349242743e-02,-7.789969799025584507e-01,-6.093894318696899681e-01,6.247120175062456648e-02,7.785387909460910194e-01,-4.670535155558548646e-02,-8.776224978972885227e-02
5.529999999999999716e+01,2.700000000000000000e+01,8.186254877272920893e+00,-3.519842554689238234e+00,-3.244787161935335451e+00,5.966775281216828430e-01,-2.152943026839042664e-02,-8.108034840344302552e-01,-5.935033052213954941e-01,6.146461792511757893e-02,8.098213041553720126e-01,-5.390713922238288269e-02,-8.370362409984033469e-02
5.532000000000000028e+01,2.700000000000000000e+01,8.174548783457606049e+00,-3.518624509804918254e+00,-3.245748301943012670e+00,5.801510229297776045e-01,-2.047289393784860675e-02,-8.410334350276329474e-01,-5.770070118499016631e-01,6.031681094450209307e-02,8.395389954006633459e-01,-6.082471247325327290e-02,-7.959477064935792379e-02
5.534000000000000341e+01,2.700000000000000000e+01,8.163178449786148150e+00,-3.517430784740855465e+00,-3.246634467932420609e+00,5.630361907205723160e-01,-1.939007288525948156e-02,-8.695855730072796774e-01,-5.599328362664099945e-01,5.903364237268760722e-02,8.675930574897862124e-01,-6.744034374909972651e-02,-7.538388070429963284e-02
5.535999999999999943e+01,2.700000000000000000e+01,8.152155094589806694e+00,-3.516264025158640560e+00,-3.247446167196136990e+00,5.453676000094873633e-01,-1.826566926350097972e-02,-8.963587043161069801e-01,-5.423150391259657921e-01,5.762132832476558886e-02,8.938846832305629153e-01,-7.373630549082531294e-02,-7.101147089665353629e-02
5.538000000000000256e+01,2.700000000000000000e+01,8.141489231225305545e+00,-3.515126748852052785e+00,-3.248183551345086073e+00,5.271818425479285475e-01,-1.708184658839465714e-02,-9.212516967629778009e-01,-5.241898572274575896e-01,5.608643946700937744e-02,9.183150654308145366e-01,-7.969487013933310160e-02,-6.640819520593724268e-02
5.539999999999999858e+01,2.700000000000000000e+01,8.131190628551953736e+00,-3.514021338656031279e+00,-3.248846393745632888e+00,5.085175321389692193e-01,-1.581751513924273961e-02,-9.441634753645864464e-01,-5.055955035136177056e-01,5.443590101687434402e-02,9.407853968983634907e-01,-8.529831013552620356e-02,-6.149206771338428662e-02
5.542000000000000171e+01,2.700000000000000000e+01,8.121268271408762729e+00,-3.512950035355658418e+00,-3.249434060694162962e+00,4.894153035333457247e-01,-1.444741573987199171e-02,-9.649930185635344770e-01,-4.865721670710225766e-01,5.267699274299777329e-02,9.611968704410306374e-01,-9.052889792030760496e-02,-5.616490190997835280e-02
5.543999999999999773e+01,2.700000000000000000e+01,8.111730321091577878e+00,-3.511914930595127160e+00,-3.249945475163289021e+00,4.699178113964287973e-01,-1.294093367325375998e-02,-9.836393549081812182e-01,-4.671620131300904810e-01,5.081734896519878031e-02,9.794506788666386132e-01,-9.536890593458050014e-02,-5.030770113919732361e-02
5.546000000000000085e+01,2.700000000000000000e+01,8.102584075830195687e+00,-3.510917959786725273e+00,-3.250379071643092921e+00,4.500697293370192198e-01,-1.126054859625717081e-02,-1.000000000000000000e+00,-4.474091830650850921e-01,4.886495855447856029e-02,9.954480149830087221e-01,-9.980060661924784748e-02,-4.377463388175818065e-02
5.547999999999999687e+01,2.700000000000000000e+01,8.093835931265489947e+00,-3.509960895019808902e+00,-3.250732740199746118e+00,4.299177489887718306e-01,-9.359789312202777822e-03,-1.000000000000000000e+00,-4.273597943941129240e-01,4.682816493302022209e-02,1.009090071597962712e+00,-1.038062724152128413e-01,-3.638508316919390750e-02
5.550000000000000000e+01,2.700000000000000000e+01,8.085491340926534320e+00,-3.509045337969776135e+00,-3.251003757351683454e+00,4.095105791348073732e-01,-7.180508781835504700e-03,-1.000000000000000000e+00,-4.070619407791239430e-01,4.471566607418871880e-02,1.020278041519322665e+00,-1.073681757633784817e-01,-2.791305031171558218e-02
5.552000000000000313e+01,2.700000000000000000e+01,8.077554776707723150e+00,-3.508172712807049454e+00,-3.251188700677902776e+00,3.888989448654960879e-01,-4.649216608770131813e-03,-1.000000000000000000e+00,-3.865656920259118445e-01,4.253651450253104205e-02,1.028913117554909773e+00,-1.104685891046478241e-01,-1.807288671330898808e-02
5.553999999999999915e+01,2.700000000000000000e+01,8.070029689345897594e+00,-3.507344259106044859e+00,-3.251283343164427464e+00,3.681355867584432673e-01,-1.672090697022724252e-03,-1.000000000000000000e+00,-3.659230940841137758e-01,4.030011729377607627e-02,1.034896492512546340e+00,-1.130897848799240213e-01,-6.499872712731512119e-03
5.556000000000000227e+01,2.700000000000000000e+01,8.062918468897469992e+00,-3.506561024754155653e+00,-3.251282522079531390e+00,3.472752600682394442e-01,1.871883141627725140e-03,-1.000000000000000000e+00,-3.451881690472107800e-01,3.801623607483468198e-02,1.038129359200053781e+00,-1.152140355301101149e-01,7.276522168928725720e-03
5.557999999999999829e+01,2.700000000000000000e+01,8.056222405215537563e+00,-3.505823858860721121e+00,-3.251179975525837484e+00,3.263747339113601265e-01,6.140456903668565190e-03,-1.000000000000000000e+00,-3.244169151525270189e-01,3.569498702379959865e-02,1.038512910425253732e+00,-1.168236134961091327e-01,2.386990896238518414e-02
5.560000000000000142e+01,2.700000000000000000e+01,8.049941648427022756e+00,-3.505133404666011199e+00,-3.250968137573867711e+00,3.054927904284672757e-01,1.134156683537065197e-02,-1.000000000000000000e+00,-3.036673067812304949e-01,3.334684086994554181e-02,1.035948338995968054e+00,-1.179007912188241858e-01,4.408961381254380280e-02
5.561999999999999744e+01,2.700000000000000000e+01,8.044075169409776294e+00,-3.504490092450194716e+00,-3.250637879781924866e+00,2.846902239018563874e-01,1.775252058385196757e-02,-1.000000000000000000e+00,-2.829992944583326620e-01,3.098262289372915798e-02,1.030336837720018384e+00,-1.184278411391583297e-01,6.901607670756230994e-02
5.564000000000000057e+01,2.700000000000000000e+01,8.038620720269717523e+00,-3.503894132442322729e+00,-3.250178182571785701e+00,2.640298397993464108e-01,2.574774562027998953e-02,-1.000000000000000000e+00,-2.624748048526886479e-01,2.861351292678905242e-02,1.021579599405226579e+00,-1.183870356980146754e-01,1.001105419680867609e-01
5.565999999999999659e+01,2.700000000000000000e+01,8.033574794817946341e+00,-3.503345507729298536e+00,-3.249575713785561426e+00,2.435764537066117674e-01,3.583947102180457672e-02,-1.000000000000000000e+00,-2.421577407769970047e-01,2.625104535194573013e-02,1.009577816859414501e+00,-1.177606473362962924e-01,1.393773519559815544e-01
5.567999999999999972e+01,2.700000000000000000e+01,8.028932589047869328e+00,-3.502843967164860128e+00,-3.248814282916840490e+00,2.233968900964533599e-01,4.873817367479545137e-02,-1.000000000000000000e+00,-2.221139811878002357e-01,2.390710910320169996e-02,9.942326828904036740e-01,-1.165309484949061947e-01,1.896085575095745601e-01
5.570000000000000284e+01,2.700000000000000000e+01,8.024687961612331222e+00,-3.502389018278551092e+00,-3.247874126615356793e+00,2.035599808636410490e-01,6.544347404298464510e-02,-9.815081643029044400e-01,-2.024113811854835743e-01,2.159394766574129418e-02,9.754453903060161801e-01,-1.146802116147475625e-01,2.547602042116557386e-01
5.571999999999999886e+01,2.700000000000000000e+01,8.020833394300719732e+00,-3.501979920184701722e+00,-3.246730961922310588e+00,1.841365635243378540e-01,8.738197218726968807e-02,-9.590125482374434185e-01,-1.831197720142765661e-01,1.932415907593089399e-02,9.531171319140734344e-01,-1.121907091367234099e-01,3.405444448256294554e-01
5.574000000000000199e+01,2.700000000000000000e+01,8.017359952516109445e+00,-3.501615676491401707e+00,-3.245354714748590386e+00,1.651994789341443004e-01,1.166163033547184813e-01,-9.328248803769851882e-01,-1.643109610622521810e-01,1.711069592131877690e-02,9.271491005223970738e-01,-1.090447135017367786e-01,4.553851533454535971e-01
5.575999999999999801e+01,2.700000000000000000e+01,8.014257245752364867e+00,-3.501295028209478577e+00,-3.243707786448917663e+00,1.468235683092590504e-01,1.561564349064626656e-01,-9.028452427212876330e-01,-1.460587318613267849e-01,1.496686534063515484e-02,8.974424889388088467e-01,-1.052244971506907656e-01,6.120047488447981632e-01
5.578000000000000114e+01,2.700000000000000000e+01,8.011513388071286101e+00,-3.501016446661473047e+00,-3.241742650889340105e+00,1.290856692252937976e-01,2.103945765210232521e-01,-8.689739554777813346e-01,-1.284388440872603898e-01,1.290632902379218287e-02,8.638984899711309451e-01,-1.007123325244884682e-01,8.301456991776046124e-01
5.579999999999999716e+01,2.700000000000000000e+01,8.009114958579708343e+00,-3.500778126390616585e+00,-3.239398460473909225e+00,1.120646100901482728e-01,2.856014532845330689e-01,-8.311116733642851528e-01,-1.115290335596566262e-01,1.094310321188396440e-02,8.264182964271846732e-01,-9.549049206403298351e-02,1.141414176704032446e+00
5.582000000000000028e+01,2.700000000000000000e+01,8.007046961906644000e+00,-3.500577978069805862e+00,-3.236596150212315948e+00,9.584120229072337627e-02,3.900875612265674031e-01,-7.891595346607358508e-01,-9.540901224196261798e-02,9.091558697186528579e-03,7.849031011147917791e-01,-8.954124821022728387e-02,1.598279008536356960e+00
5.584000000000000341e+01,2.700000000000000000e+01,8.005292788680391070e+00,-3.500413621410580323e+00,-3.233231204200286868e+00,8.049822870371389771e-02,5.235999999999999543e-01,-7.430193984174446875e-01,-8.016046824146909333e-02,7.366420823157849435e-03,7.392540968417742331e-01,-8.284687340397456357e-02,2.291657435124073494e+00
5.585999999999999943e+01,2.700000000000000000e+01,8.003834176005671708e+00,-3.500282378072100187e+00,-3.229162672274661805e+00,6.612042635402588797e-02,5.235999999999999543e-01,-6.925942344820201768e-01,-6.586706580931031563e-02,5.782769484437837171e-03,6.893724764159536722e-01,-7.538964008617783652e-02,3.387426717306357915e+00
5.588000000000000256e+01,2.700000000000000000e+01,8.002651167940740606e+00,-3.500181264570117801e+00,-3.224195958815837759e+00,5.279445932443404405e-02,5.235999999999999543e-01,-6.377887898838510150e-01,-5.261444534046412491e-02,4.356039126848340777e-03,6.351594326451517336e-01,-6.715182069774018603e-02,5.208073640140145955e+00
5.589999999999999858e+01,2.700000000000000000e+01,8.001722075974516457e+00,-3.500106985185960973e+00,-3.218054842463107690e+00,4.060887475867199642e-02,5.235999999999999543e-01,-5.785107802915545605e-01,-4.049022337375195180e-02,3.102018747393147161e-03,5.765161583371903875e-01,-5.811568767956466069e-02,8.433267329745753216e+00
5.592000000000000171e+01,2.700000000000000000e+01,8.001023439503700985e+00,-3.500055924875502544e+00,-3.210333969855007297e+00,2.965402811277279352e-02,5.235999999999999543e-01,-5.146731395079684468e-01,-2.958399259183886257e-02,2.036851894257994157e-03,5.133438462998919372e-01,-4.826351347255450341e-02,8.433267329745753216e+00
5.593999999999999773e+01,2.700000000000000000e+01,8.000529986309910413e+00,-3.500024142178141950e+00,-3.200413884024613242e+00,2.002194917835322871e-02,5.235999999999999543e-01,-4.461985583118876497e-01,-1.998732182123315673e-02,1.177036666810522825e-03,4.455436893410766874e-01,-3.757757051761253381e-02,8.433267329745753216e+00
5.596000000000000085e+01,2.700000000000000000e+01,8.000214593036783839e+00,-3.500007362125777899e+00,-3.187299045035173251e+00,1.180608578029816898e-02,5.235999999999999543e-01,-3.730294345649108889e-01,-1.179375603228707131e-02,5.394257156003490032e-04,3.730168802685671081e-01,-2.604013125564193232e-02,8.433267329745753216e+00
5.597999999999999687e+01,2.700000000000000000e+01,8.000048245667121805e+00,-3.500000969151786823e+00,-3.169283422328553090e+00,5.100771795756573954e-03,5.235999999999999543e-01,-2.951521445074747896e-01,-5.098816339196274305e-03,1.412262423590146315e-04,2.956646118901850029e-01,-1.363346812754578918e-02,8.433267329745753216e+00
5.600000000000000000e+01,2.700000000000000000e+01,8.000000000000000000e+00,-3.500000000000000000e+00,-3.143185307179586108e+00,0.000000000000000000e+00,5.235999999999999543e-01,-2.550385897877888164e-01,0.000000000000000000e+00,0.000000000000000000e+00,2.133880770137519534e-01,-3.398535742271668880e-04,8.433267329745753216e+00
