t,segment,X,Y,psi,vx,delta,ax,Xd,Yd,Xdd,Ydd,kappa
0.000000000000000000e+00,0.000000000000000000e+00,0.000000000000000000e+00,0.000000000000000000e+00,0.000000000000000000e+00,0.000000000000000000e+00,0.000000000000000000e+00,2.846611266732672618e-01,0.000000000000000000e+00,0.000000000000000000e+00,2.500000000000000000e-01,0.000000000000000000e+00,0.000000000000000000e+00
2.000000000000000042e-02,0.000000000000000000e+00,5.464439191953012132e-05,0.000000000000000000e+00,0.000000000000000000e+00,5.693222533465345202e-03,0.000000000000000000e+00,3.179572484200826610e-01,5.693222533465345202e-03,0.000000000000000000e+00,3.186363591478740820e-01,0.000000000000000000e+00,0.000000000000000000e+00
4.000000000000000083e-02,0.000000000000000000e+00,2.366075053526515775e-04,0.000000000000000000e+00,0.000000000000000000e+00,1.271828993680330575e-02,0.000000000000000000e+00,3.825325101429464247e-01,1.271828993680330575e-02,0.000000000000000000e+00,3.831980539289996379e-01,0.000000000000000000e+00,0.000000000000000000e+00
5.999999999999999778e-02,0.000000000000000000e+00,5.717167316001622868e-04,0.000000000000000000e+00,0.000000000000000000e+00,2.099452293918319806e-02,0.000000000000000000e+00,4.431145091494910204e-01,2.099452293918319806e-02,0.000000000000000000e+00,4.437664859938059703e-01,0.000000000000000000e+00,0.000000000000000000e+00
8.000000000000000167e-02,0.000000000000000000e+00,1.084202156876332276e-03,0.000000000000000000e+00,0.000000000000000000e+00,3.044287030278294143e-02,0.000000000000000000e+00,4.997846470901461391e-01,3.044287030278294143e-02,0.000000000000000000e+00,5.004230569927228256e-01,0.000000000000000000e+00,0.000000000000000000e+00
1.000000000000000056e-01,0.000000000000000000e+00,1.796729122969076492e-03,0.000000000000000000e+00,0.000000000000000000e+00,4.098590882278905362e-02,0.000000000000000000e+00,5.526243256153408057e-01,4.098590882278905362e-02,0.000000000000000000e+00,5.532491685761793399e-01,0.000000000000000000e+00,0.000000000000000000e+00
1.199999999999999956e-01,0.000000000000000000e+00,2.730430787900123453e-03,0.000000000000000000e+00,0.000000000000000000e+00,5.254784332739657199e-02,0.000000000000000000e+00,6.017149463755044891e-01,5.254784332739657199e-02,0.000000000000000000e+00,6.023262223946053151e-01,0.000000000000000000e+00,0.000000000000000000e+00
1.400000000000000133e-01,0.000000000000000000e+00,3.904940686585193620e-03,0.000000000000000000e+00,0.000000000000000000e+00,6.505450667780925122e-02,0.000000000000000000e+00,6.471379110210686569e-01,6.505450667780925122e-02,0.000000000000000000e+00,6.477356200984298873e-01,0.000000000000000000e+00,0.000000000000000000e+00
1.600000000000000033e-01,0.000000000000000000e+00,5.338425291494164684e-03,0.000000000000000000e+00,0.000000000000000000e+00,7.843335976823931355e-02,0.000000000000000000e+00,6.889746212024592253e-01,7.843335976823931355e-02,0.000000000000000000e+00,6.895587633380827475e-01,0.000000000000000000e+00,0.000000000000000000e+00
1.799999999999999933e-01,0.000000000000000000e+00,7.047616573311240966e-03,0.000000000000000000e+00,0.000000000000000000e+00,9.261349152590760136e-02,0.000000000000000000e+00,7.273064785701075508e-01,9.261349152590760136e-02,0.000000000000000000e+00,7.278770537639931426e-01,0.000000000000000000e+00,0.000000000000000000e+00
2.000000000000000111e-01,0.000000000000000000e+00,9.047844561595142984e-03,0.000000000000000000e+00,0.000000000000000000e+00,1.075256189110436189e-01,0.000000000000000000e+00,7.622148847744432132e-01,1.075256189110436189e-01,0.000000000000000000e+00,7.627718930265904307e-01,0.000000000000000000e+00,0.000000000000000000e+00
2.200000000000000011e-01,0.000000000000000000e+00,1.135306990543924650e-02,0.000000000000000000e+00,0.000000000000000000e+00,1.231020869168853449e-01,0.000000000000000000e+00,7.937812414658949045e-01,1.231020869168853449e-01,0.000000000000000000e+00,7.943246827763044138e-01,0.000000000000000000e+00,0.000000000000000000e+00
2.399999999999999911e-01,0.000000000000000000e+00,1.397591643413178750e-02,0.000000000000000000e+00,0.000000000000000000e+00,1.392768685696793851e-01,0.000000000000000000e+00,8.220869502948930929e-01,1.392768685696793851e-01,0.000000000000000000e+00,8.226168246635641168e-01,0.000000000000000000e+00,0.000000000000000000e+00
2.600000000000000089e-01,0.000000000000000000e+00,1.692770371781602765e-02,0.000000000000000000e+00,0.000000000000000000e+00,1.559855649286810697e-01,0.000000000000000000e+00,8.472134129118682466e-01,1.559855649286810697e-01,0.000000000000000000e+00,8.477297203387995639e-01,0.000000000000000000e+00,0.000000000000000000e+00
2.800000000000000266e-01,0.000000000000000000e+00,2.021847962815039729e-02,0.000000000000000000e+00,0.000000000000000000e+00,1.731654050861541339e-01,0.000000000000000000e+00,8.692420309672441725e-01,1.731654050861541339e-01,0.000000000000000000e+00,8.697447714524397799e-01,0.000000000000000000e+00,0.000000000000000000e+00
2.999999999999999889e-01,0.000000000000000000e+00,2.385705289896869821e-02,0.000000000000000000e+00,0.000000000000000000e+00,1.907552461673708288e-01,0.000000000000000000e+00,8.882542061114566678e-01,1.907552461673708288e-01,0.000000000000000000e+00,8.887433796549139009e-01,0.000000000000000000e+00,0.000000000000000000e+00
3.200000000000000067e-01,0.000000000000000000e+00,2.785102568694028044e-02,0.000000000000000000e+00,0.000000000000000000e+00,2.086955733306123939e-01,0.000000000000000000e+00,9.043313399949362008e-01,2.086955733306123939e-01,0.000000000000000000e+00,9.048069465966522840e-01,0.000000000000000000e+00,0.000000000000000000e+00
3.400000000000000244e-01,0.000000000000000000e+00,3.220682613223017909e-02,0.000000000000000000e+00,0.000000000000000000e+00,2.269284997671683068e-01,0.000000000000000000e+00,9.175548342681061342e-01,2.269284997671683068e-01,0.000000000000000000e+00,9.180168739280838430e-01,0.000000000000000000e+00,0.000000000000000000e+00
3.599999999999999867e-01,0.000000000000000000e+00,3.692974091915932067e-02,0.000000000000000000e+00,0.000000000000000000e+00,2.453977667013365893e-01,0.000000000000000000e+00,9.280060905813973804e-01,2.453977667013365893e-01,0.000000000000000000e+00,9.284545632996381581e-01,0.000000000000000000e+00,0.000000000000000000e+00
3.800000000000000044e-01,0.000000000000000000e+00,4.202394783686466684e-02,0.000000000000000000e+00,0.000000000000000000e+00,2.640487433904241676e-01,0.000000000000000000e+00,9.357665105852426279e-01,2.640487433904241676e-01,0.000000000000000000e+00,9.362014163617443652e-01,0.000000000000000000e+00,0.000000000000000000e+00
4.000000000000000222e-01,0.000000000000000000e+00,4.749254833995941727e-02,0.000000000000000000e+00,0.000000000000000000e+00,2.828284271247463177e-01,0.000000000000000000e+00,9.409174959300665719e-01,2.828284271247463177e-01,0.000000000000000000e+00,9.413388347648322663e-01,0.000000000000000000e+00,0.000000000000000000e+00
4.199999999999999845e-01,0.000000000000000000e+00,5.333760010919312566e-02,0.000000000000000000e+00,0.000000000000000000e+00,3.016854432276268039e-01,0.000000000000000000e+00,9.435404482663019010e-01,3.016854432276268039e-01,0.000000000000000000e+00,9.439482201593309973e-01,0.000000000000000000e+00,0.000000000000000000e+00
4.400000000000000022e-01,0.000000000000000000e+00,5.956014961211196501e-02,0.000000000000000000e+00,0.000000000000000000e+00,3.205700450553983782e-01,0.000000000000000000e+00,9.437167692443804157e-01,3.205700450553983782e-01,0.000000000000000000e+00,9.441109741956700274e-01,0.000000000000000000e+00,0.000000000000000000e+00
4.600000000000000200e-01,0.000000000000000000e+00,6.616026466371882631e-02,0.000000000000000000e+00,0.000000000000000000e+00,3.394341139974020871e-01,0.000000000000000000e+00,9.415278605147268109e-01,3.394341139974020871e-01,0.000000000000000000e+00,9.419084985242791586e-01,0.000000000000000000e+00,0.000000000000000000e+00
4.799999999999999822e-01,0.000000000000000000e+00,7.313706698713347276e-02,0.000000000000000000e+00,0.000000000000000000e+00,3.582311594759874929e-01,0.000000000000000000e+00,9.370551237277755519e-01,3.582311594759874929e-01,0.000000000000000000e+00,9.374221947955878598e-01,0.000000000000000000e+00,0.000000000000000000e+00
5.000000000000000000e-01,0.000000000000000000e+00,8.048876477425280507e-02,0.000000000000000000e+00,0.000000000000000000e+00,3.769163189465131181e-01,0.000000000000000000e+00,9.303799605339513334e-01,3.769163189465131181e-01,0.000000000000000000e+00,9.307334646600250450e-01,0.000000000000000000e+00,0.000000000000000000e+00
5.200000000000000178e-01,0.000000000000000000e+00,8.821268524641093234e-02,0.000000000000000000e+00,0.000000000000000000e+00,3.954463578973455573e-01,0.000000000000000000e+00,9.215837725836824035e-01,3.954463578973455573e-01,0.000000000000000000e+00,9.219237097680205162e-01,0.000000000000000000e+00,0.000000000000000000e+00
5.400000000000000355e-01,0.000000000000000000e+00,9.630530721503939573e-02,0.000000000000000000e+00,0.000000000000000000e+00,4.137796698498604764e-01,0.000000000000000000e+00,9.107479615274076679e-01,4.137796698498604764e-01,0.000000000000000000e+00,9.110743317700037425e-01,0.000000000000000000e+00,0.000000000000000000e+00
5.600000000000000533e-01,0.000000000000000000e+00,1.047622936423273782e-01,0.000000000000000000e+00,0.000000000000000000e+00,4.318762763584418907e-01,0.000000000000000000e+00,8.979539290155482689e-01,4.318762763584418907e-01,0.000000000000000000e+00,8.982667323164041928e-01,0.000000000000000000e+00,0.000000000000000000e+00
5.799999999999999600e-01,0.000000000000000000e+00,1.135785242018816643e-01,0.000000000000000000e+00,0.000000000000000000e+00,4.496978270104822761e-01,0.000000000000000000e+00,8.832830766985289017e-01,4.496978270104822761e-01,0.000000000000000000e+00,8.835823130576513362e-01,0.000000000000000000e+00,0.000000000000000000e+00
5.999999999999999778e-01,0.000000000000000000e+00,1.227481278393872527e-01,0.000000000000000000e+00,0.000000000000000000e+00,4.672075994263830134e-01,0.000000000000000000e+00,8.668168062267884721e-01,4.672075994263830134e-01,0.000000000000000000e+00,8.671024756441740866e-01,0.000000000000000000e+00,0.000000000000000000e+00
6.199999999999999956e-01,0.000000000000000000e+00,1.322645153332670243e-01,0.000000000000000000e+00,0.000000000000000000e+00,4.843704992595538328e-01,0.000000000000000000e+00,8.486365192507552280e-01,4.843704992595538328e-01,0.000000000000000000e+00,8.489086217264028011e-01,0.000000000000000000e+00,0.000000000000000000e+00
6.400000000000000133e-01,0.000000000000000000e+00,1.421204118553422158e-01,0.000000000000000000e+00,0.000000000000000000e+00,5.011530601964132581e-01,0.000000000000000000e+00,8.288236174208627460e-01,5.011530601964132581e-01,0.000000000000000000e+00,8.290821529547663937e-01,0.000000000000000000e+00,0.000000000000000000e+00
6.600000000000000311e-01,0.000000000000000000e+00,1.523078895314925463e-01,0.000000000000000000e+00,0.000000000000000000e+00,5.175234439563883848e-01,0.000000000000000000e+00,8.074595023875286159e-01,5.175234439563883848e-01,0.000000000000000000e+00,8.077044709796943334e-01,0.000000000000000000e+00,0.000000000000000000e+00
6.800000000000000488e-01,0.000000000000000000e+00,1.628184000023163436e-01,0.000000000000000000e+00,0.000000000000000000e+00,5.334514402919143805e-01,0.000000000000000000e+00,7.846255758011864145e-01,5.334514402919143805e-01,0.000000000000000000e+00,7.848569774516160891e-01,0.000000000000000000e+00,0.000000000000000000e+00
7.000000000000000666e-01,0.000000000000000000e+00,1.736428069837906707e-01,0.000000000000000000e+00,0.000000000000000000e+00,5.489084669884358725e-01,0.000000000000000000e+00,7.604032393122768241e-01,5.489084669884358725e-01,0.000000000000000000e+00,7.606210740209612409e-01,0.000000000000000000e+00,0.000000000000000000e+00
7.199999999999999734e-01,0.000000000000000000e+00,1.847714188279316327e-01,0.000000000000000000e+00,0.000000000000000000e+00,5.638675698644053380e-01,0.000000000000000000e+00,7.348738945712085524e-01,5.638675698644053380e-01,0.000000000000000000e+00,7.350781623381594798e-01,0.000000000000000000e+00,0.000000000000000000e+00
7.399999999999999911e-01,0.000000000000000000e+00,1.961940210834545173e-01,0.000000000000000000e+00,0.000000000000000000e+00,5.783034227712842146e-01,0.000000000000000000e+00,7.081189432284240581e-01,5.783034227712842146e-01,0.000000000000000000e+00,7.083096440536394978e-01,0.000000000000000000e+00,0.000000000000000000e+00
7.600000000000000089e-01,0.000000000000000000e+00,2.078999090564337959e-01,0.000000000000000000e+00,0.000000000000000000e+00,5.921923275935423447e-01,0.000000000000000000e+00,6.802197869343515890e-01,5.921923275935423447e-01,0.000000000000000000e+00,6.803969208178310968e-01,0.000000000000000000e+00,0.000000000000000000e+00
7.800000000000000266e-01,0.000000000000000000e+00,2.198779203709634866e-01,0.000000000000000000e+00,0.000000000000000000e+00,6.055122142486583092e-01,0.000000000000000000e+00,6.512578273394282746e-01,6.055122142486583092e-01,0.000000000000000000e+00,6.514213942811636349e-01,0.000000000000000000e+00,0.000000000000000000e+00
8.000000000000000444e-01,0.000000000000000000e+00,2.321164675298173219e-01,0.000000000000000000e+00,0.000000000000000000e+00,6.182426406871195379e-01,0.000000000000000000e+00,6.213144660940663755e-01,6.182426406871195379e-01,0.000000000000000000e+00,6.214644660940672471e-01,0.000000000000000000e+00,0.000000000000000000e+00
8.200000000000000622e-01,0.000000000000000000e+00,2.446035704751087503e-01,0.000000000000000000e+00,0.000000000000000000e+00,6.303647928924209776e-01,0.000000000000000000e+00,5.904711048487101266e-01,6.303647928924209776e-01,0.000000000000000000e+00,5.906075379069704034e-01,0.000000000000000000e+00,0.000000000000000000e+00
8.399999999999999689e-01,0.000000000000000000e+00,2.573268891489513543e-01,0.000000000000000000e+00,0.000000000000000000e+00,6.418614848810677564e-01,0.000000000000000000e+00,5.588091452537842230e-01,6.418614848810677564e-01,0.000000000000000000e+00,5.589320113703039050e-01,0.000000000000000000e+00,0.000000000000000000e+00
8.599999999999999867e-01,0.000000000000000000e+00,2.702737560541187412e-01,0.000000000000000000e+00,0.000000000000000000e+00,6.527171587025724087e-01,0.000000000000000000e+00,5.264099889597062543e-01,6.527171587025724087e-01,0.000000000000000000e+00,5.265192881344953335e-01,0.000000000000000000e+00,0.000000000000000000e+00
8.800000000000000044e-01,0.000000000000000000e+00,2.834312088147050157e-01,0.000000000000000000e+00,0.000000000000000000e+00,6.629178844394560954e-01,0.000000000000000000e+00,4.933550376169257845e-01,6.629178844394560954e-01,0.000000000000000000e+00,4.934507698499752681e-01,0.000000000000000000e+00,0.000000000000000000e+00
9.000000000000000222e-01,0.000000000000000000e+00,2.967860227367846160e-01,0.000000000000000000e+00,0.000000000000000000e+00,6.724513602072494933e-01,0.000000000000000000e+00,4.597256928758639560e-01,6.724513602072494933e-01,0.000000000000000000e+00,4.598078581671732334e-01,0.000000000000000000e+00,0.000000000000000000e+00
9.200000000000000400e-01,0.000000000000000000e+00,3.103247433690727863e-01,0.000000000000000000e+00,0.000000000000000000e+00,6.813069121544906848e-01,0.000000000000000000e+00,4.256033563869472403e-01,6.813069121544906848e-01,0.000000000000000000e+00,4.256719547365183098e-01,0.000000000000000000e+00,0.000000000000000000e+00
9.400000000000000577e-01,0.000000000000000000e+00,3.240337190635858011e-01,0.000000000000000000e+00,0.000000000000000000e+00,6.894754944627273785e-01,0.000000000000000000e+00,3.910694298006092140e-01,6.894754944627273785e-01,0.000000000000000000e+00,3.911244612084399663e-01,0.000000000000000000e+00,0.000000000000000000e+00
9.599999999999999645e-01,0.000000000000000000e+00,3.378991335363004112e-01,0.000000000000000000e+00,0.000000000000000000e+00,6.969496893465150222e-01,0.000000000000000000e+00,3.562053147672621378e-01,6.969496893465150222e-01,0.000000000000000000e+00,3.562467792333681160e-01,0.000000000000000000e+00,0.000000000000000000e+00
9.799999999999999822e-01,0.000000000000000000e+00,3.519070384278152885e-01,0.000000000000000000e+00,0.000000000000000000e+00,7.037237070534180239e-01,0.000000000000000000e+00,3.210924129373751157e-01,7.037237070534180239e-01,0.000000000000000000e+00,3.211203104617315063e-01,0.000000000000000000e+00,0.000000000000000000e+00
1.000000000000000000e+00,0.000000000000000000e+00,3.660433858640100291e-01,0.000000000000000000e+00,0.000000000000000000e+00,7.097933858640099736e-01,0.000000000000000000e+00,2.858121259613461973e-01,7.097933858640099736e-01,0.000000000000000000e+00,2.858264565439601057e-01,0.000000000000000000e+00,0.000000000000000000e+00
1.020000000000000018e+00,0.000000000000000000e+00,3.802940610167058200e-01,0.000000000000000000e+00,0.000000000000000000e+00,7.151561920918718673e-01,0.000000000000000000e+00,2.504458554896054068e-01,7.151561920918718673e-01,0.000000000000000000e+00,2.504466191304831613e-01,0.000000000000000000e+00,0.000000000000000000e+00
1.040000000000000036e+00,0.000000000000000000e+00,3.946449146643254968e-01,0.000000000000000000e+00,0.000000000000000000e+00,7.198112200835942165e-01,0.000000000000000000e+00,2.150750031725934264e-01,7.198112200835942165e-01,0.000000000000000000e+00,2.150621998717301697e-01,0.000000000000000000e+00,0.000000000000000000e+00
1.060000000000000053e+00,0.000000000000000000e+00,4.090817957525541004e-01,0.000000000000000000e+00,0.000000000000000000e+00,7.237591922187756044e-01,0.000000000000000000e+00,1.797809706607260694e-01,7.237591922187756044e-01,0.000000000000000000e+00,1.797546004181305723e-01,0.000000000000000000e+00,0.000000000000000000e+00
1.080000000000000071e+00,0.000000000000000000e+00,4.235905839549985452e-01,0.000000000000000000e+00,0.000000000000000000e+00,7.270024589100232415e-01,0.000000000000000000e+00,1.446451596044440180e-01,7.270024589100232415e-01,0.000000000000000000e+00,1.446052224201136993e-01,0.000000000000000000e+00,0.000000000000000000e+00
1.100000000000000089e+00,0.000000000000000000e+00,4.381572222338478984e-01,0.000000000000000000e+00,0.000000000000000000e+00,7.295449986029534095e-01,0.000000000000000000e+00,1.097489716541772964e-01,7.295449986029534095e-01,0.000000000000000000e+00,1.096954675281094083e-01,0.000000000000000000e+00,0.000000000000000000e+00
1.120000000000000107e+00,0.000000000000000000e+00,4.527677494005336589e-01,0.000000000000000000e+00,0.000000000000000000e+00,7.313924177761904621e-01,0.000000000000000000e+00,7.517380846036658681e-02,7.313924177761904621e-01,0.000000000000000000e+00,7.510673739254672410e-02,0.000000000000000000e+00,0.000000000000000000e+00
1.140000000000000124e+00,0.000000000000000000e+00,4.674083326763900370e-01,0.000000000000000000e+00,0.000000000000000000e+00,7.325519509413679353e-01,0.000000000000000000e+00,4.100107167341349168e-02,7.325519509413679353e-01,0.000000000000000000e+00,4.092043366385504644e-02,0.000000000000000000e+00,0.000000000000000000e+00
1.159999999999999920e+00,0.000000000000000000e+00,4.820653002533136222e-01,0.000000000000000000e+00,0.000000000000000000e+00,7.330324606431268819e-01,0.000000000000000000e+00,7.312162943751587818e-03,7.330324606431268819e-01,0.000000000000000000e+00,7.217957992464448837e-03,0.000000000000000000e+00,0.000000000000000000e+00
1.179999999999999938e+00,0.000000000000000000e+00,4.967251738544247730e-01,0.000000000000000000e+00,0.000000000000000000e+00,7.328444374591179811e-01,0.000000000000000000e+00,-2.581151607816778437e-02,7.328444374591179811e-01,0.000000000000000000e+00,-2.591928797119614353e-02,0.000000000000000000e+00,0.000000000000000000e+00
1.199999999999999956e+00,0.000000000000000000e+00,5.113747012947259529e-01,0.000000000000000000e+00,0.000000000000000000e+00,7.320000000000002061e-01,0.000000000000000000e+00,-5.828856374192881162e-02,7.320000000000002061e-01,0.000000000000000000e+00,-5.840990257669753660e-02,0.000000000000000000e+00,0.000000000000000000e+00
1.219999999999999973e+00,0.000000000000000000e+00,5.260008890417633420e-01,0.000000000000000000e+00,0.000000000000000000e+00,7.305128949094407131e-01,0.000000000000000000e+00,-9.003757839711212796e-02,7.305128949094407131e-01,0.000000000000000000e+00,-9.017248417360970714e-02,0.000000000000000000e+00,0.000000000000000000e+00
1.239999999999999991e+00,0.000000000000000000e+00,5.405910347762866719e-01,0.000000000000000000e+00,0.000000000000000000e+00,7.283984968641157298e-01,0.000000000000000000e+00,-1.209771583932628403e-01,7.283984968641157298e-01,0.000000000000000000e+00,-1.211256311115036788e-01,0.000000000000000000e+00,0.000000000000000000e+00
1.260000000000000009e+00,0.000000000000000000e+00,5.551327599529091161e-01,0.000000000000000000e+00,0.000000000000000000e+00,7.256738085737102217e-01,0.000000000000000000e+00,-1.510259020799722407e-01,7.256738085737102217e-01,0.000000000000000000e+00,-1.511879417399494274e-01,0.000000000000000000e+00,0.000000000000000000e+00
1.280000000000000027e+00,0.000000000000000000e+00,5.696140423607674030e-01,0.000000000000000000e+00,0.000000000000000000e+00,7.223574607809168935e-01,0.000000000000000000e+00,-1.801024078068031997e-01,7.223574607809168935e-01,0.000000000000000000e+00,-1.802780144085180669e-01,0.000000000000000000e+00,0.000000000000000000e+00
1.300000000000000044e+00,0.000000000000000000e+00,5.840232486841827608e-01,0.000000000000000000e+00,0.000000000000000000e+00,7.184697122614380760e-01,0.000000000000000000e+00,-2.081252739233256932e-01,7.184697122614380760e-01,0.000000000000000000e+00,-2.083144474667798784e-01,0.000000000000000000e+00,0.000000000000000000e+00
1.320000000000000062e+00,0.000000000000000000e+00,5.983491670633199755e-01,0.000000000000000000e+00,0.000000000000000000e+00,7.140324498239838391e-01,0.000000000000000000e+00,-2.350130987791132497e-01,7.140324498239838391e-01,0.000000000000000000e+00,-2.352158392643054485e-01,0.000000000000000000e+00,0.000000000000000000e+00
1.340000000000000080e+00,0.000000000000000000e+00,6.125810396548485581e-01,0.000000000000000000e+00,0.000000000000000000e+00,7.090691883102735460e-01,0.000000000000000000e+00,-2.606844807237287398e-01,7.090691883102735460e-01,0.000000000000000000e+00,-2.609007881506652526e-01,0.000000000000000000e+00,0.000000000000000000e+00
1.360000000000000098e+00,0.000000000000000000e+00,6.267085951926023579e-01,0.000000000000000000e+00,0.000000000000000000e+00,7.036050705950346318e-01,0.000000000000000000e+00,-2.850580181067563501e-01,7.036050705950346318e-01,0.000000000000000000e+00,-2.852878924754299605e-01,0.000000000000000000e+00,0.000000000000000000e+00
1.380000000000000115e+00,0.000000000000000000e+00,6.407220815482397303e-01,0.000000000000000000e+00,0.000000000000000000e+00,6.976668675860032698e-01,0.000000000000000000e+00,-3.080523092777589511e-01,6.976668675860032698e-01,0.000000000000000000e+00,-3.082957505881700477e-01,0.000000000000000000e+00,0.000000000000000000e+00
1.400000000000000133e+00,0.000000000000000000e+00,6.546122982919037048e-01,0.000000000000000000e+00,0.000000000000000000e+00,6.912829782239242604e-01,0.000000000000000000e+00,-3.295859525863100714e-01,6.912829782239242604e-01,0.000000000000000000e+00,-3.298429608384562117e-01,0.000000000000000000e+00,0.000000000000000000e+00
1.419999999999999929e+00,0.000000000000000000e+00,6.683706292528828197e-01,0.000000000000000000e+00,0.000000000000000000e+00,6.844834294825509202e-01,0.000000000000000000e+00,-3.495775463819796869e-01,6.844834294825509202e-01,0.000000000000000000e+00,-3.498481215758585949e-01,0.000000000000000000e+00,0.000000000000000000e+00
1.439999999999999947e+00,0.000000000000000000e+00,6.819890750802702906e-01,0.000000000000000000e+00,0.000000000000000000e+00,6.772998763686453039e-01,0.000000000000000000e+00,-3.679456890143271153e-01,6.772998763686453039e-01,0.000000000000000000e+00,-3.682298311499482835e-01,0.000000000000000000e+00,0.000000000000000000e+00
1.459999999999999964e+00,0.000000000000000000e+00,6.954602858036249557e-01,0.000000000000000000e+00,0.000000000000000000e+00,6.697656019219778711e-01,0.000000000000000000e+00,-3.846089788329329906e-01,6.697656019219778711e-01,0.000000000000000000e+00,-3.849066879102954752e-01,0.000000000000000000e+00,0.000000000000000000e+00
1.479999999999999982e+00,0.000000000000000000e+00,7.087775933936311112e-01,0.000000000000000000e+00,0.000000000000000000e+00,6.619155172153280420e-01,0.000000000000000000e+00,-3.994860141873637360e-01,6.619155172153280420e-01,0.000000000000000000e+00,-3.997972902064709233e-01,0.000000000000000000e+00,0.000000000000000000e+00
1.500000000000000000e+00,0.000000000000000000e+00,7.219350443227584568e-01,0.000000000000000000e+00,0.000000000000000000e+00,6.537861613544831973e-01,0.000000000000000000e+00,-4.124953934272070910e-01,6.537861613544831973e-01,0.000000000000000000e+00,-4.128202363880450476e-01,0.000000000000000000e+00,0.000000000000000000e+00
1.520000000000000018e+00,0.000000000000000000e+00,7.349274321259227083e-01,0.000000000000000000e+00,0.000000000000000000e+00,6.454157014782396784e-01,0.000000000000000000e+00,-4.235557149020170442e-01,6.454157014782396784e-01,0.000000000000000000e+00,-4.238941248045884347e-01,0.000000000000000000e+00,0.000000000000000000e+00
1.540000000000000036e+00,0.000000000000000000e+00,7.477503299611456544e-01,0.000000000000000000e+00,0.000000000000000000e+00,6.368439327584025644e-01,0.000000000000000000e+00,-4.325855769613564661e-01,6.368439327584025644e-01,0.000000000000000000e+00,-4.329375538056717265e-01,0.000000000000000000e+00,0.000000000000000000e+00
1.560000000000000053e+00,0.000000000000000000e+00,7.604001231702152142e-01,0.000000000000000000e+00,0.000000000000000000e+00,6.281122783997854508e-01,0.000000000000000000e+00,-4.395035779548077670e-01,6.281122783997854508e-01,0.000000000000000000e+00,-4.398691217408653986e-01,0.000000000000000000e+00,0.000000000000000000e+00
1.580000000000000071e+00,0.000000000000000000e+00,7.728740418393456046e-01,0.000000000000000000e+00,0.000000000000000000e+00,6.192637896402102271e-01,0.000000000000000000e+00,-4.442283162319480283e-01,6.192637896402102271e-01,0.000000000000000000e+00,-4.446074269597398709e-01,0.000000000000000000e+00,0.000000000000000000e+00
1.600000000000000089e+00,0.000000000000000000e+00,7.851701933598376204e-01,0.000000000000000000e+00,0.000000000000000000e+00,6.103431457505075208e-01,0.000000000000000000e+00,-4.466783901423401204e-01,6.103431457505075208e-01,0.000000000000000000e+00,-4.470710678118658965e-01,0.000000000000000000e+00,0.000000000000000000e+00
1.620000000000000107e+00,0.000000000000000000e+00,7.972875949887388014e-01,0.000000000000000000e+00,0.000000000000000000e+00,6.013966540345165868e-01,0.000000000000000000e+00,-4.467723980355469138e-01,6.013966540345165868e-01,0.000000000000000000e+00,-4.471786426468137288e-01,0.000000000000000000e+00,0.000000000000000000e+00
1.640000000000000124e+00,0.000000000000000000e+00,8.092262064095037122e-01,0.000000000000000000e+00,0.000000000000000000e+00,5.924722498290856398e-01,0.000000000000000000e+00,-4.444289382611490424e-01,5.924722498290856398e-01,0.000000000000000000e+00,-4.448487498141542873e-01,0.000000000000000000e+00,0.000000000000000000e+00
1.660000000000000142e+00,0.000000000000000000e+00,8.209869622926533328e-01,0.000000000000000000e+00,0.000000000000000000e+00,5.836194965040706339e-01,0.000000000000000000e+00,-4.395666091687129295e-01,5.836194965040706339e-01,0.000000000000000000e+00,-4.399999876634579365e-01,0.000000000000000000e+00,0.000000000000000000e+00
1.679999999999999938e+00,0.000000000000000000e+00,8.325718048564364482e-01,0.000000000000000000e+00,0.000000000000000000e+00,5.748895854623371493e-01,0.000000000000000000e+00,-4.321040091078121037e-01,5.748895854623371493e-01,0.000000000000000000e+00,-4.325509545442951520e-01,0.000000000000000000e+00,0.000000000000000000e+00
1.699999999999999956e+00,0.000000000000000000e+00,8.439837164274892611e-01,0.000000000000000000e+00,0.000000000000000000e+00,5.663353361397582830e-01,0.000000000000000000e+00,-4.219597364280147644e-01,5.663353361397582830e-01,0.000000000000000000e+00,-4.224202488062367977e-01,0.000000000000000000e+00,0.000000000000000000e+00
1.719999999999999973e+00,0.000000000000000000e+00,8.552267520014952273e-01,0.000000000000000000e+00,0.000000000000000000e+00,5.580111960052165365e-01,0.000000000000000000e+00,-4.090523894788908876e-01,5.580111960052165365e-01,0.000000000000000000e+00,-4.095264687988531827e-01,0.000000000000000000e+00,0.000000000000000000e+00
1.739999999999999991e+00,0.000000000000000000e+00,8.663060718038456676e-01,0.000000000000000000e+00,0.000000000000000000e+00,5.499732405606025942e-01,0.000000000000000000e+00,-3.933005666100175546e-01,5.499732405606025942e-01,0.000000000000000000e+00,-3.937882128717148378e-01,0.000000000000000000e+00,0.000000000000000000e+00
1.760000000000000009e+00,0.000000000000000000e+00,8.772279738502997137e-01,0.000000000000000000e+00,0.000000000000000000e+00,5.422791733408158787e-01,0.000000000000000000e+00,-3.746228661709576357e-01,5.422791733408158787e-01,0.000000000000000000e+00,-3.751240793743921831e-01,0.000000000000000000e+00,0.000000000000000000e+00
1.780000000000000027e+00,0.000000000000000000e+00,8.879999265076448101e-01,0.000000000000000000e+00,0.000000000000000000e+00,5.349883259137643288e-01,0.000000000000000000e+00,-3.529378865112828834e-01,5.349883259137643288e-01,0.000000000000000000e+00,-3.534526666564561381e-01,0.000000000000000000e+00,0.000000000000000000e+00
1.800000000000000044e+00,0.000000000000000000e+00,8.986306010543563261e-01,0.000000000000000000e+00,0.000000000000000000e+00,5.281616578803645101e-01,0.000000000000000000e+00,-3.281642259805632733e-01,5.281616578803645101e-01,0.000000000000000000e+00,-3.286925730674770119e-01,0.000000000000000000e+00,0.000000000000000000e+00
1.820000000000000062e+00,0.000000000000000000e+00,9.091299042412581688e-01,0.000000000000000000e+00,0.000000000000000000e+00,5.218617568745417268e-01,0.000000000000000000e+00,-3.002204829283758869e-01,5.218617568745417268e-01,0.000000000000000000e+00,-3.007623969570254463e-01,0.000000000000000000e+00,0.000000000000000000e+00
1.840000000000000080e+00,0.000000000000000000e+00,9.195090108521828398e-01,0.000000000000000000e+00,0.000000000000000000e+00,5.161528385632294658e-01,0.000000000000000000e+00,-2.690252557042871473e-01,5.161528385632294658e-01,0.000000000000000000e+00,-2.695807366746718614e-01,0.000000000000000000e+00,0.000000000000000000e+00
1.860000000000000098e+00,0.000000000000000000e+00,9.297803962646320475e-01,0.000000000000000000e+00,0.000000000000000000e+00,5.111007466463702853e-01,0.000000000000000000e+00,-2.344971426578581486e-01,5.111007466463702853e-01,0.000000000000000000e+00,-2.350661905699869270e-01,0.000000000000000000e+00,0.000000000000000000e+00
1.880000000000000115e+00,0.000000000000000000e+00,9.399578690104353207e-01,0.000000000000000000e+00,0.000000000000000000e+00,5.067729528569151487e-01,0.000000000000000000e+00,-1.965547421386730775e-01,5.067729528569151487e-01,0.000000000000000000e+00,-1.971373569925412017e-01,0.000000000000000000e+00,0.000000000000000000e+00
1.900000000000000133e+00,0.000000000000000000e+00,9.500566033364126195e-01,0.000000000000000000e+00,0.000000000000000000e+00,5.032385569608233133e-01,0.000000000000000000e+00,-1.551166524963036863e-01,5.032385569608233133e-01,0.000000000000000000e+00,-1.557128342919051056e-01,0.000000000000000000e+00,0.000000000000000000e+00
1.919999999999999929e+00,0.000000000000000000e+00,9.600931717650319497e-01,0.000000000000000000e+00,0.000000000000000000e+00,5.005682867570629968e-01,0.000000000000000000e+00,-1.101014720803092928e-01,5.005682867570629968e-01,0.000000000000000000e+00,-1.107112208176498497e-01,0.000000000000000000e+00,0.000000000000000000e+00
1.939999999999999947e+00,0.000000000000000000e+00,9.700855776550718623e-01,0.000000000000000000e+00,0.000000000000000000e+00,4.988344980776109883e-01,0.000000000000000000e+00,-6.142779924026520177e-02,4.988344980776109883e-01,0.000000000000000000e+00,-6.205111491934491713e-02,0.000000000000000000e+00,0.000000000000000000e+00
1.959999999999999964e+00,0.000000000000000000e+00,9.800532877622799566e-01,0.000000000000000000e+00,0.000000000000000000e+00,4.981111747874523710e-01,0.000000000000000000e+00,-9.014232325743165575e-03,4.981111747874523710e-01,0.000000000000000000e+00,-9.651114946561347233e-03,0.000000000000000000e+00,0.000000000000000000e+00
1.979999999999999982e+00,0.000000000000000000e+00,9.900172648000333808e-01,0.000000000000000000e+00,0.000000000000000000e+00,4.984739287845812439e-01,0.000000000000000000e+00,4.722063031368683994e-02,4.984739287845812439e-01,0.000000000000000000e+00,4.657018075113028566e-02,0.000000000000000000e+00,0.000000000000000000e+00
2.000000000000000000e+00,1.000000000000000000e+00,1.000000000000000000e+00,0.000000000000000000e+00,0.000000000000000000e+00,4.999999999999998890e-01,0.000000000000000000e+00,9.152624405519205197e-02,4.999999999999998890e-01,0.000000000000000000e+00,1.066941738241589110e-01,0.000000000000000000e+00,0.000000000000000000e+00
2.020000000000000018e+00,1.000000000000000000e+00,1.010021347484493459e+00,1.016232585877547781e-06,3.018545201355608159e-04,5.021349785467889015e-01,1.525454659886719272e-02,1.067207912882235377e-01,5.021349556704857164e-01,1.515717106907492275e-04,1.067564544294114237e-01,1.498488909393887875e-02,5.930312909390508813e-02
2.040000000000000036e+00,1.000000000000000000e+00,1.020085388677267613e+00,7.992317877343983531e-06,1.175117470181014610e-03,5.042688316515288038e-01,2.914902688420759752e-02,1.065506272818126376e-01,5.042684834788846437e-01,5.925749773602219514e-04,1.065525302909078598e-01,2.894669022827776189e-02,1.133422170434551096e-01
2.060000000000000053e+00,1.000000000000000000e+00,1.030192042237201289e+00,2.651368325421593280e-05,2.572609131365201710e-03,5.063970036380613937e-01,4.174113056694324364e-02,1.061642792706987137e-01,5.063953278908486233e-01,1.302760118640743309e-03,1.060892574613874623e-01,4.190661118544918018e-02,1.623533124860158106e-01
2.080000000000000071e+00,1.000000000000000000e+00,1.040341123083698527e+00,6.176500402544308078e-05,4.448850632558472469e-03,5.085154028223567435e-01,5.309022801254687646e-02,1.055823395636412698e-01,5.085103704930848956e-01,2.262301608813289695e-03,1.053734919935894188e-01,5.388585974788566435e-02,2.065701219098138031e-01
2.100000000000000089e+00,1.000000000000000000e+00,1.050532345139106649e+00,1.185386865420810749e-04,6.760061021909614248e-03,5.106202972206070889e-01,6.325621425743631343e-02,1.048205218204305567e-01,5.106086299933553230e-01,3.451798077807487729e-03,1.044120899402530001e-01,6.490564369801972433e-02,2.462224278708525782e-01
2.120000000000000107e+00,1.000000000000000000e+00,1.060765324071140325e+00,2.012433513102645274e-04,9.464144564234880028e-03,5.127082236951739924e-01,7.229863188770706273e-02,1.038903091068501539e-01,5.126852622204762788e-01,4.852272311201612578e-03,1.032119073541174215e-01,7.498717081828389086e-02,2.815349518662722539e-01
2.140000000000000124e+00,1.000000000000000000e+00,1.071039580035299199e+00,3.139123161041804957e-04,1.252067070712339567e-02,5.147759095848810640e-01,8.027602125265860533e-02,1.027995546491293766e-01,5.147355601243195355e-01,6.445171250222593053e-03,1.017798002879219260e-01,8.415164889111068081e-02,3.127265547751204577e-01
2.160000000000000142e+00,1.000000000000000000e+00,1.081354540417293064e+00,4.602120790790405615e-04,1.589084857423797223e-02,5.168202058811391941e-01,8.724545231036935633e-02,1.015530362834233813e-01,5.167549537758111544e-01,8.212365991746010951e-03,1.001226247944057152e-01,9.242028569893269430e-02,3.400096888518603366e-01
2.180000000000000160e+00,1.000000000000000000e+00,1.091709542575458158e+00,6.434508018840543299e-04,1.953749737327145283e-02,5.188380310362180614e-01,9.326219885070927140e-02,1.001529660049378379e-01,5.187390103669321517e-01,1.013615178829608762e-02,9.824723692630801808e-02,9.981428902418236493e-02,3.635900332987630490e-01
2.200000000000000178e+00,1.000000000000000000e+00,1.102103836583183227e+00,8.665867927754037281e-04,2.342501373273764634e-02,5.208263245213367032e-01,9.837952223966346665e-02,9.859945628899779990e-02,5.206834342107179436e-01,1.219924804804570911e-02,9.616049273636809169e-02,1.063548666492922512e-01,3.836662606445733759e-01
2.220000000000000195e+00,1.000000000000000000e+00,1.112536587971327373e+00,1.132236989729212438e-03,2.751933669149847148e-02,5.227820092877779601e-01,1.026485377804646493e-01,9.689094502327932901e-02,5.225840667412593454e-01,1.438479833481639408e-02,9.386924827732510968e-02,1.120632263566948700e-01,4.004298937788164370e-01
2.240000000000000213e+00,1.000000000000000000e+00,1.123006880470641677e+00,1.442685443554523163e-03,3.178791084419900492e-02,5.247019623222678453e-01,1.061181420878617443e-01,9.502458098837429645e-02,5.244368865137016833e-01,1.667637036807833456e-02,9.138035960191834284e-02,1.169605759288227798e-01,4.140652238211569580e-01
2.259999999999999787e+00,1.000000000000000000e+00,1.133513718754191046e+00,1.799891801006268770e-03,3.619964798252844201e-02,5.265829925273128875e-01,1.088349844459560178e-01,9.299657187480470100e-02,5.262380092042452384e-01,1.905795602295036126e-02,8.870068276288702036e-02,1.210681231481085113e-01,4.247492673328835955e-01
2.280000000000000249e+00,1.000000000000000000e+00,1.144056031179775834e+00,2.205499787898244132e-03,4.072488745578690256e-02,5.284218251972599978e-01,1.108434689711626370e-01,9.080249684454777537e-02,5.279836876101446919e-01,2.151397133019994357e-02,8.583707381297037142e-02,1.244070757969845120e-01,4.326517479805376820e-01
2.299999999999999822e+00,1.000000000000000000e+00,1.154632672532349913e+00,2.660845692216079819e-03,4.533535539530487296e-02,5.302150924010948785e-01,1.121857775792635681e-01,8.843758564547421486e-02,5.296703116497095687e-01,2.402925647624322078e-02,8.279638880490761133e-02,1.269986416578833544e-01,4.379350928976112334e-01
2.319999999999999840e+00,1.000000000000000000e+00,1.165242426766446515e+00,3.166966847230218932e-03,5.000412289780441916e-02,5.319593286230790419e-01,1.129019063311932775e-01,8.589696627390175365e-02,5.312944083623049041e-01,2.658907580314498129e-02,7.958548379143795537e-02,1.288640285132376107e-01,4.407544378935476792e-01
2.339999999999999858e+00,1.000000000000000000e+00,1.175884009748593861e+00,3.724610114608881573e-03,5.470556323595544140e-02,5.336509710520509486e-01,1.130297097862084238e-01,8.317588315933122090e-02,5.328526419083494670e-01,2.917911780861865562e-02,7.621121482530067437e-02,1.300244441454798394e-01,4.412576385399681334e-01
2.359999999999999876e+00,1.000000000000000000e+00,1.186556071999742334e+00,4.334240367531047751e-03,5.941530815438505336e-02,5.352863639494522818e-01,1.126049496028522084e-01,8.026988781709576415e-02,5.343418135693176474e-01,3.178549514602631298e-02,7.268043795923498362e-02,1.305010963370424326e-01,4.395852862081289225e-01
2.379999999999999893e+00,1.000000000000000000e+00,1.197257201437678553e+00,4.996048973799422505e-03,6.411020331143789386e-02,5.368617665647348325e-01,1.116613448715813445e-01,7.717500388144493684e-02,5.357588617477377912e-01,3.439474462437870639e-02,6.900000924598007068e-02,1.303151928703579765e-01,4.358707295023721007e-01
2.399999999999999911e+00,1.000000000000000000e+00,1.207985926119453879e+00,5.709962278953414037e-03,6.876826293711313376e-02,5.383733641047100393e-01,1.102306226042316095e-01,7.388786839301708653e-02,5.371008619671937545e-01,3.699382720833521709e-02,6.517678473827522023e-02,1.294879415278590573e-01,4.302401023736287522e-01
2.419999999999999929e+00,1.000000000000000000e+00,1.218740716983799377e+00,6.475650089382100141e-03,7.336862379265561562e-02,5.398172813004554760e-01,1.083425675023502455e-01,7.040585117071174182e-02,5.383650268723239041e-01,3.957012801820384423e-02,6.121762048885961288e-02,1.280405500919780670e-01,4.228123606272453650e-01
2.439999999999999947e+00,1.000000000000000000e+00,1.229519990593550993e+00,7.292534155437214137e-03,7.789149853475539620e-02,5.411895981515385534e-01,1.060250706281276462e-01,6.672715404834050901e-02,5.395487062288215618e-01,4.211145632994132276e-02,5.712937255047251250e-02,1.259942263451476197e-01,4.136993286646477586e-01
2.459999999999999964e+00,1.000000000000000000e+00,1.240322111878068290e+00,8.159796654546103492e-03,8.231812860531372011e-02,5.424863674623890963e-01,1.033041769498776324e-01,6.285089170060054187e-02,5.406493869234345606e-01,4.460604557515297081e-02,5.291889697585310665e-02,1.233701780698002876e-01,4.030057582064887067e-01
2.479999999999999982e+00,1.000000000000000000e+00,1.251145396875656290e+00,9.076388674324708389e-03,8.663073678487188956e-02,5.437036338195625484e-01,1.002041319634985189e-01,5.877715572095354446e-02,5.416646929639657992e-01,4.704255334109277986e-02,4.859304981774066612e-02,1.201896130483685599e-01,3.908294005087412648e-01
2.500000000000000000e+00,1.000000000000000000e+00,1.261988115475987327e+00,1.004103869569054203e-02,9.081247956310861680e-02,5.448374536912272692e-01,9.674742773088457204e-02,5.450706354574741397e-02,5.425923854792725765e-01,4.941006137066335929e-02,4.415868712887439929e-02,1.164737390632848840e-01,3.772610932621245916e-01
2.520000000000000018e+00,1.000000000000000000e+00,1.272848494162520661e+00,1.105226107597564664e-02,9.484739949269604953e-02,5.458839163613924406e-01,9.295484874946788323e-02,5.004279374453979301e-02,5.434303627192672570e-01,5.169807556241603347e-02,3.962266496199352145e-02,1.122437638969818602e-01,3.623848630066836551e-01
2.540000000000000036e+00,1.000000000000000000e+00,1.283724718754924554e+00,1.210836453203958420e-02,9.872037770295899461e-02,5.468391654410088565e-01,8.884551809319826687e-02,4.538760911679240451e-02,5.441766600549170496e-01,5.389652597055073074e-02,3.499183936983731036e-02,1.075208953318920468e-01,3.462780435341805130e-01
2.560000000000000053e+00,1.000000000000000000e+00,1.294614937151497225e+00,1.320746062338240545e-02,1.024170867571430055e-01,5.476994207260641456e-01,8.443694425979783591e-02,4.054586895032485927e-02,5.448294499782437850e-01,5.599576680491602509e-02,3.027306640514495356e-02,1.023263411504479470e-01,3.290114104187924493e-01
2.580000000000000071e+00,1.000000000000000000e+00,1.305517262071587581e+00,1.434747223525759813e-02,1.059239440417792527e-01,5.484610001990218864e-01,7.974506913440936040e-02,3.552303170776838215e-02,5.453870421023241377e-01,5.798657643100917081e-02,2.547320212065569411e-02,9.668130913508202195e-02,3.106493315312830461e-01
2.600000000000000089e+00,1.000000000000000000e+00,1.316429773798017733e+00,1.552614206178511494e-02,1.092280658788965103e-01,5.491203419943748720e-01,7.478431744545130377e-02,3.032564931496395388e-02,5.458478831612896265e-01,5.986015736997603309e-02,2.059910256910872997e-02,9.060700706822683026e-02,2.912499331664274993e-01
2.620000000000000107e+00,1.000000000000000000e+00,1.327350522919501730e+00,1.674104108906428190e-02,1.123172225520229078e-01,5.496740261716204223e-01,6.956764805201769153e-02,2.496135413055355912e-02,5.462105570103263918e-01,6.160813629861118523e-02,1.565762380324334582e-02,8.412464273231494427e-02,2.708652812557716949e-01
2.640000000000000124e+00,1.000000000000000000e+00,1.338277533073068071e+00,1.798957707828682806e-02,1.151797944354534531e-01,5.501187961595970233e-01,6.410660736903299461e-02,1.943883957951086927e-02,5.464737846256754183e-01,6.322256404935780449e-02,1.065562187579870493e-02,7.725542390977885310e-02,2.495415770511094089e-01
2.660000000000000142e+00,1.000000000000000000e+00,1.349208803686481328e+00,1.926900304884980944e-02,1.178047294135833312e-01,5.504515797548008571e-01,5.841138521052521154e-02,1.376783533643965995e-02,5.466364241046326455e-01,6.469591561030772764e-02,5.599952839514111061e-03,7.002055838305115687e-02,2.273193666483435404e-01
2.680000000000000160e+00,1.000000000000000000e+00,1.360142312720661995e+00,2.057642576146861968e-02,1.201815017736692637e-01,5.506695095730546052e-01,5.249087331540124024e-02,7.959077847766948821e-03,5.466974706655487459e-01,6.602109012520145093e-02,4.974727471287222758e-04,6.244125393456422674e-02,2.042337637740029854e-01
2.700000000000000178e+00,1.000000000000000000e+00,1.371076019412107661e+00,2.190881420128994519e-02,1.223000727516282832e-01,5.507699428687115040e-01,4.635272681550426516e-02,2.024276885887132948e-03,5.466560566478287919e-01,6.719141089342811624e-02,-4.644962348618207094e-03,5.453871834675074609e-02,1.803146853732453259e-01
2.719999999999999751e+00,1.000000000000000000e+00,1.382007867015316194e+00,2.326300806100474114e-02,1.241508529068286043e-01,5.507504806484900817e-01,4.000342891305474352e-02,-4.023921266020025200e-03,5.465114515119332550e-01,6.820062537002553882e-02,-9.820496394987384553e-03,4.633415940204323180e-02,1.555870997129595035e-01
2.740000000000000213e+00,1.000000000000000000e+00,1.392935785545202920e+00,2.463572622396120737e-02,1.257246664986514384e-01,5.506089860180707340e-01,3.344835905364194895e-02,-1.017197349209375545e-02,5.462630618393768955e-01,6.904290516568011016e-02,-1.502227333923970842e-02,3.784878488287406195e-02,1.300712869402237404e-01
2.759999999999999787e+00,1.000000000000000000e+00,1.403857694519526023e+00,2.602357524727775054e-02,1.270127180352363661e-01,5.503436017088063625e-01,2.669186491087947519e-02,-1.640548196835744932e-02,5.459104313327294289e-01,6.971284604672696450e-02,-2.024343712863587580e-02,2.910380257167587831e-02,1.037831123079666212e-01
2.780000000000000249e+00,1.000000000000000000e+00,1.414771505701304166e+00,2.742305784495598087e-02,1.280065611635461675e-01,5.499527667393364627e-01,1.973733853827313103e-02,-2.270923840440275399e-02,5.454532408156153034e-01,7.020546793514984008e-02,-2.547713171043666097e-02,2.012042025088111447e-02,7.673431258921002696e-02
2.799999999999999822e+00,1.000000000000000000e+00,1.425675125841240787e+00,2.883058137099366036e-02,1.286980700699267566e-01,5.494352321726302391e-01,1.258729709087468181e-02,-2.906727015697185834e-02,5.448913082327142554e-01,7.051621490858114849e-02,-3.071650103190284864e-02,1.091984570292248331e-02,4.893279654160145875e-02
2.820000000000000284e+00,1.000000000000000000e+00,1.436566459420141273e+00,3.024246630249768225e-02,1.290794135618525407e-01,5.487900759330576195e-01,5.243468571555756977e-03,-3.546288805117647769e-02,5.442245886497596441e-01,7.064095520030186370e-02,-3.595468904029520962e-02,1.523286710232292247e-03,2.038296064785469555e-02
2.839999999999999858e+00,1.000000000000000000e+00,1.447443411391338142e+00,3.165495472279705041e-02,1.291430320046386138e-01,5.480167166505831577e-01,-2.293116888552431711e-03,-4.187873582330681188e-02,5.434531742535412269e-01,7.057598119924178570e-02,-4.118483968287443842e-02,-8.048048944756643064e-03,-8.913978262098162103e-03
2.859999999999999876e+00,1.000000000000000000e+00,1.458303889923108887e+00,3.306421880455585882e-02,1.288816172916055769e-01,5.471149265001253870e-01,-1.002202965200309909e-02,-4.829684117331467519e-02,5.425772943519018288e-01,7.031800944997916580e-02,-4.640009690690145155e-02,-1.777295347961216354e-02,-3.895963151269056512e-02
2.879999999999999893e+00,1.000000000000000000e+00,1.469145809141099379e+00,3.446636929288623974e-02,1.282880960324606912e-01,5.460848430036505663e-01,-1.794333648651151233e-02,-5.469866848693705208e-02,5.415973153737404511e-01,6.986418065274103972e-02,-5.159360465963694353e-02,-2.763021911190156887e-02,-6.975806582429597280e-02
2.899999999999999911e+00,1.000000000000000000e+00,1.479967091870743490e+00,3.585746398846136052e-02,1.273556161524058983e-01,5.449269797606479671e-01,-2.605748911246563715e-02,-6.106517335544658920e-02,5.405137408690099399e-01,6.921205966340311655e-02,-5.675850688834167823e-02,-3.759863805919225199e-02,-1.013154065305389290e-01
2.919999999999999929e+00,1.000000000000000000e+00,1.490765672379684714e+00,3.723351623062837873e-02,1.260775371035091075e-01,5.436422360694327383e-01,-3.436520470580236436e-02,-6.737685908590584916e-02,5.393272115087186513e-01,6.835963549348957058e-02,-6.188794754027644035e-02,-4.765700253905180012e-02,-1.336394136454008008e-01
2.939999999999999947e+00,1.000000000000000000e+00,1.501539499120197796e+00,3.859050338052144591e-02,1.244474238999200427e-01,5.422319053972116665e-01,-4.286733766723568873e-02,-7.361383545633159997e-02,5.380385050849288975e-01,6.730532131017347153e-02,-6.697507056270200765e-02,-5.778410476904762005e-02,-1.667390273232075282e-01
2.959999999999999964e+00,1.000000000000000000e+00,1.512286537471607684e+00,3.992437530417462105e-02,1.224590451991965367e-01,5.406976826511794565e-01,-5.156474198516614732e-02,-7.975588002788214226e-02,5.366485365107587224e-01,6.604795443627634044e-02,-7.201301990287910237e-02,-6.795873696674717412e-02,-2.006238789681332735e-01
2.979999999999999982e+00,1.000000000000000000e+00,1.523004772482714708e+00,4.123106285563494372e-02,1.201063756629013463e-01,5.390416701960963897e-01,-6.045812356703216678e-02,-8.578250238003271022e-02,5.351583578203802372e-01,6.458679635026841337e-02,-7.699493950806855780e-02,-7.815969134971802179e-02,-2.353037640242023054e-01
3.000000000000000000e+00,1.000000000000000000e+00,1.533692211614211542e+00,4.250648636007527820e-02,1.173836028401325782e-01,5.372663825559781392e-01,-6.954788199921060898e-02,-9.167301168367458786e-02,5.335691581690207297e-01,6.292153268626866913e-02,-8.191397332553113086e-02,-8.836576013552754905e-02,-2.707880723310867044e-01
3.020000000000000018e+00,1.000000000000000000e+00,1.544346887481106156e+00,4.374656409690738657e-02,1.142851388271083901e-01,5.353747497287494328e-01,-7.883394132592064230e-02,-9.740658807097801741e-02,5.318822638329621100e-01,6.105227323404459339e-02,-8.676326530252757852e-02,-9.855573554174330841e-02,-3.070851718876922432e-01
3.040000000000000036e+00,1.000000000000000000e+00,1.554966860595142997e+00,4.494722078289486306e-02,1.108056369635088273e-01,5.333701190331390229e-01,-8.831556961998876520e-02,-1.029623582981695762e-01,5.300991382095411319e-01,5.897955193901246312e-02,-9.153595938631869933e-02,-1.087084097859327414e-01,-3.442017419505114528e-01
3.060000000000000053e+00,1.000000000000000000e+00,1.565550222107223499e+00,4.610439605526611695e-02,1.069400138310407505e-01,5.312562553968226409e-01,-9.799118735947887071e-02,-1.083194762270007772e-01,5.282213818171489494e-01,5.670432690223701361e-02,-9.622519952416523636e-02,-1.188025750856632201e-01,-3.821420516367226572e-01
3.080000000000000071e+00,1.000000000000000000e+00,1.576095096549827490e+00,4.721405295482732772e-02,1.026834768205544812e-01,5.290373399840589963e-01,-1.078581649298006873e-01,-1.134572086712442029e-01,5.262507322952323374e-01,5.422798038043183388e-02,-1.008241296633279743e-01,-1.288170236585024497e-01,-4.209071806362762458e-01
3.100000000000000089e+00,1.000000000000000000e+00,1.586599644579434587e+00,4.827218640907546265e-02,9.803155752975308002e-02,5.267179670499728683e-01,-1.179126099451495158e-01,-1.183550271635436246e-01,5.241890644042921377e-01,5.155231878595907535e-02,-1.053258937510676702e-01,-1.387305477220176497e-01,-4.604941792994997618e-01
3.120000000000000107e+00,1.000000000000000000e+00,1.597062065718944712e+00,4.927483171531117645e-02,9.298015124273213694e-02,5.243031388975172291e-01,-1.281491455277121161e-01,-1.229927061933757670e-01,5.220383900258839249e-01,4.867957268682950728e-02,-1.097236357346451086e-01,-1.485219394937764559e-01,-5.008951662963806450e-01
3.140000000000000124e+00,1.000000000000000000e+00,1.607480601100099493e+00,5.021807302375184967e-02,8.752556272374502344e-02,5.217982588022378465e-01,-1.385606811963631113e-01,-1.273504284464763714e-01,5.198008581626188951e-01,4.561239680670260699e-02,-1.140104995613210742e-01,-1.581699911913463097e-01,-5.420963632815607447e-01
3.160000000000000142e+00,1.000000000000000000e+00,1.617853536205903220e+00,5.109805182064453000e-02,8.166455852907861246e-02,5.192091217596581654e-01,-1.491381785925337822e-01,-1.314088975355307554e-01,5.174787549381621998e-01,4.235387002488651131e-02,-1.181796291783562824e-01,-1.676534950322945972e-01,-5.840770675859141559e-01
3.179999999999999716e+00,1.000000000000000000e+00,1.628179203613044912e+00,5.191097541137894983e-02,7.539442600102955194e-02,5.165419029008166962e-01,-1.598704148980234496e-01,-1.351494586492520966e-01,5.150745035972339458e-01,3.890749537633787086e-02,-1.222241685330115318e-01,-1.769512432341888153e-01,-6.268085659293333167e-01
3.200000000000000178e+00,1.000000000000000000e+00,1.638455985734316833e+00,5.265312540360039817e-02,6.871303905493957032e-02,5.138031434136880460e-01,-1.707437474597994775e-01,-1.385542274578703825e-01,5.125906645056090838e-01,3.527720005166219697e-02,-1.261372615725476765e-01,-1.860420280145966554e-01,-6.702529945422039948e-01
3.219999999999999751e+00,1.000000000000000000e+00,1.648682317561038779e+00,5.332086619032280067e-02,6.161893080233964148e-02,5.109997338025018543e-01,-1.817418838051162444e-01,-1.416062274933160836e-01,5.100299351501177414e-01,3.146733539711346617e-02,-1.299120522442253622e-01,-1.949046415910852814e-01,-7.143621539170010859e-01
3.240000000000000213e+00,1.000000000000000000e+00,1.658856689405476814e+00,5.391065343304164703e-02,5.411137296886424364e-02,5.081388943139554248e-01,-1.928456618738786932e-01,-1.442895360691238693e-01,5.073951501386441132e-01,2.748267691459444287e-02,-1.335416844953054849e-01,-2.035178761812224402e-01,-7.590762896934288850e-01
3.259999999999999787e+00,1.000000000000000000e+00,1.668977649643266448e+00,5.441904254484697390e-02,4.619046196331049597e-02,5.052281523597368373e-01,-2.040328458740228446e-01,-1.465894386140824679e-01,5.046892812001277928e-01,2.332842426165643995e-02,-1.370193022730486765e-01,-2.118605240025753234e-01,-8.043228548962616520e-01
3.280000000000000249e+00,1.000000000000000000e+00,1.679043807455830706e+00,5.484269717353630613e-02,3.785721133301019753e-02,5.022753167693920773e-01,-2.152779436335023611e-01,-1.484925910617853617e-01,5.019154371845626628e-01,1.901020125149952000e-02,-1.403380495247158466e-01,-2.199113772727116778e-01,-8.500152728525897095e-01
3.299999999999999822e+00,1.000000000000000000e+00,1.689053835572804196e+00,5.517839768472767442e-02,2.911365020000696024e-02,4.992884487172654095e-01,-2.265520516285386421e-01,-1.499871896633955259e-01,4.990768640629978381e-01,1.453405585297230102e-02,-1.434910701975676550e-01,-2.276492282091987784e-01,-8.960517245372178197e-01
3.320000000000000284e+00,1.000000000000000000e+00,1.699006473014452956e+00,5.542304964497256348e-02,1.996292711256878946e-02,4.962758291828562318e-01,-2.378227339602058954e-01,-1.510631472717403057e-01,4.961769449275370558e-01,9.906460190572112523e-03,-1.464715082388649559e-01,-2.350528690296041778e-01,-9.423139887123926917e-01
3.339999999999999858e+00,1.000000000000000000e+00,1.708900527834096295e+00,5.557369230486890882e-02,1.040941856836268865e-02,4.932459228263957884e-01,-2.490539413808905145e-01,-1.517122747815946582e-01,4.932191999913385638e-01,5.134310544444888047e-03,-1.492725075958684366e-01,-2.421010919514953730e-01,-9.886663678726061999e-01
3.360000000000000320e+00,1.000000000000000000e+00,1.718734879860525311e+00,5.562750708217399642e-02,4.588412713436188861e-04,4.902073381915924011e-01,-2.602059759971232511e-01,-1.519284660065451931e-01,4.902072865886157871e-01,2.249273503852764128e-04,-1.518872122158389792e-01,-2.487726891924397221e-01,-1.034954737455407558e+00
3.379999999999999893e+00,1.000000000000000000e+00,1.728508483440427845e+00,5.558182604491758438e-02,-9.881633022483555726e-03,4.871687841861339630e-01,-2.712355064671734262e-01,-1.517078838315377709e-01,4.871449991746368280e-01,-4.813944800163510659e-03,-1.543087660460372434e-01,-2.550464529700048333e-01,-1.081005759757416307e+00
3.400000000000000355e+00,1.000000000000000000e+00,1.738220370180806107e+00,5.543414039451467074e-02,-2.060326142983440190e-02,4.841390228383308791e-01,-2.820956373605219558e-01,-1.510491450107824818e-01,4.840362693257243554e-01,-9.974137160109535979e-03,-1.565303130337240556e-01,-2.609011755017582312e-01,-1.126626307169647179e+00
3.419999999999999929e+00,1.000000000000000000e+00,1.747869651691401627e+00,5.518210894887867757e-02,-3.169561421053688349e-02,4.811268183857026481e-01,-2.927360348649424848e-01,-1.499535004941847660e-01,4.808851657392562151e-01,-1.524705682671214854e-02,-1.585449971261601865e-01,-2.663156490052671077e-01,-1.171603141339752074e+00
3.439999999999999947e+00,1.000000000000000000e+00,1.757455522327111108e+00,5.482356662553426740e-02,-4.314646116719580288e-02,4.781408828185635951e-01,-3.031031092547273875e-01,-1.484250076769253468e-01,4.776958942336645420e-01,-2.062368674158231510e-02,-1.603459622706063792e-01,-2.712686656980991540e-01,-1.215702895269970663e+00
3.459999999999999964e+00,1.000000000000000000e+00,1.766977261930412491e+00,5.435653292473036774e-02,-5.494166214933843967e-02,4.751898180786256476e-01,-3.131402525371449475e-01,-1.464706904954571343e-01,4.744727977484367587e-01,-2.609458569068208444e-02,-1.619263524143234600e-01,-2.757390177978218393e-01,-1.258672403746591950e+00
3.479999999999999982e+00,1.000000000000000000e+00,1.776434238573783242e+00,5.377922041255320945e-02,-6.706506380045587634e-02,4.722820551987453319e-01,-3.227881275653714521e-01,-1.441006828608060175e-01,4.712203563441147436e-01,-3.164988830432491351e-02,-1.632793115045721721e-01,-2.797054975220026329e-01,-1.300239423466889033e+00
3.500000000000000000e+00,1.000000000000000000e+00,1.785825911302122426e+00,5.309004320403917787e-02,-7.949840480866550430e-02,4.694257907641933847e-01,-3.319850027569885009e-01,-1.413283505524880468e-01,4.679431872022952188e-01,-3.727930505717569343e-02,-1.643979834886132863e-01,-2.831468970882090042e-01,-1.340113777436753084e+00
3.520000000000000018e+00,1.000000000000000000e+00,1.795151832875171216e+00,5.228762544628787895e-02,-9.222123198996964866e-02,4.666289211766457834e-01,-3.406671245120905800e-01,-1.381703864204268939e-01,4.646460446256298615e-01,-4.297212226825056908e-02,-1.652755123137075455e-01,-2.860420087140083112e-01,-1.377988948412070203e+00
3.540000000000000036e+00,1.000000000000000000e+00,1.804411652509935404e+00,5.137080980157506666e-02,-1.052108295340805216e-01,4.638989753073763378e-01,-3.487691176104630864e-01,-1.346468735860870680e-01,4.613338200378248599e-01,-4.871720210091710912e-02,-1.659050419271157484e-01,-2.883696246169681343e-01,-1.413544133253512358e+00
3.560000000000000053e+00,1.000000000000000000e+00,1.813605118623103918e+00,5.033866593046564669e-02,-1.184421636641902753e-01,4.612430462332023362e-01,-3.562244024000127962e-01,-1.307813113244264969e-01,4.580115419836414126e-01,-5.450298256289416721e-02,-1.662797162760986935e-01,-2.901085370146559983e-01,-1.446446754158144721e+00
3.580000000000000071e+00,1.000000000000000000e+00,1.822732081573472662e+00,4.919049897492661777e-02,-1.318878447934030418e-01,4.586677228543992735e-01,-3.629656165647305865e-01,-1.266005984683733487e-01,4.546843761288953956e-01,-6.031747750625197912e-02,-1.663926793079171240e-01,-2.912375381246392614e-01,-1.476355404158784523e+00
3.600000000000000089e+00,1.000000000000000000e+00,1.831792496404363702e+00,4.792585804144006839e-02,-1.455181089942143291e-01,4.561790222944673845e-01,-3.689250287457586097e-01,-1.221349695250673051e-01,4.513576252604574179e-01,-6.614827662741215586e-02,-1.662370749698318106e-01,-2.917354201644854483e-01,-1.502923183643573024e+00
3.620000000000000107e+00,1.000000000000000000e+00,1.840786425586047770e+00,4.654454468411613893e-02,-1.593008202298281384e-01,4.537823240733965813e-01,-3.740349313130695297e-01,-1.174178792376334712e-01,4.480367292862529882e-01,-7.198254546714760727e-02,-1.658060472091034687e-01,-2.915809753517619729e-01,-1.525801362814864781e+00
3.640000000000000124e+00,1.000000000000000000e+00,1.849714041758164118e+00,4.504662138780601843e-02,-1.732014943285974939e-01,4.514823071249620123e-01,-3.782280001390430635e-01,-1.124858320662767142e-01,4.447272652352624589e-01,-7.780702541058265309e-02,-1.650927399729930078e-01,-2.907529959040364154e-01,-1.544643283101209352e+00
3.660000000000000142e+00,1.000000000000000000e+00,1.858575630472142137e+00,4.343242005121485810e-02,-1.871833451225573819e-01,4.492828907907454594e-01,-3.814376102647562550e-01,-1.073781539844773647e-01,4.414349472575207489e-01,-8.360803368719285644e-02,-1.640902972087610601e-01,-2.892302740388761895e-01,-1.559108389884425128e+00
3.679999999999999716e+00,1.000000000000000000e+00,1.867371592933622315e+00,4.170255047001483056e-02,-2.012073525311765809e-01,4.471871809655829089e-01,-3.835980978034105315e-01,-1.021367050629731210e-01,4.381656266241178432e-01,-8.937146337080517644e-02,-1.627918628636684795e-01,-2.869916019738487645e-01,-1.568866270953622521e+00
3.700000000000000178e+00,1.000000000000000000e+00,1.876102448744878526e+00,3.985790881995798784e-02,-2.152323516715709817e-01,4.451974225882265324e-01,-3.846449602051131844e-01,-9.680553250465884219e-02,4.349252917271980712e-01,-9.508278337959807924e-02,-1.611905808849760369e-01,-2.840157719265216651e-01,-1.573600561311720103e+00
3.719999999999999751e+00,1.000000000000000000e+00,1.884768838647236766e+00,3.789968613998936225e-02,-2.292151413417135297e-01,4.433149596653965241e-01,-3.845149890233244827e-01,-9.143046504367369209e-02,4.317200680799609946e-01,-1.007270384761011772e-01,-1.592795952199444476e-01,-2.802815761144623052e-01,-1.573012566686498248e+00
3.740000000000000213e+00,1.000000000000000000e+00,1.893371527263498333e+00,3.582937681535985214e-02,-2.431106094835872033e-01,4.415402039864795847e-01,-3.831463314988229896e-01,-8.605865086741104619e-02,4.285562183166607975e-01,-1.062888492671954788e-01,-1.570520498158345379e-01,-2.757678067552382095e-01,-1.566824456437845292e+00
3.759999999999999787e+00,1.000000000000000000e+00,1.901911405840360114e+00,3.364878706073923254e-02,-2.568718725218801513e-01,4.398726136307001267e-01,-3.804784795631481753e-01,-8.073804238910575748e-02,4.254401421926063964e-01,-1.117524122041134160e-01,-1.545010886199070510e-01,-2.704532560664167362e-01,-1.554781882231351053e+00
3.780000000000000249e+00,1.000000000000000000e+00,1.910389494990835324e+00,3.136004340332911727e-02,-2.704504248251745069e-01,4.383106822909152989e-01,-3.764521872522732515e-01,-7.551683221682203850e-02,4.223783765841615523e-01,-1.171014995824386368e-01,-1.516198555794227576e-01,-2.643167162655655211e-01,-1.536655892116526756e+00
3.799999999999999822e+00,1.000000000000000000e+00,1.918806947436675348e+00,2.896560116597592452e-02,-2.837962939841874865e-01,4.368519403420272895e-01,-3.710093200565760529e-01,-7.044284546009826897e-02,4.193775954887447588e-01,-1.223194595421062819e-01,-1.484014946416424563e-01,-2.573369795702519225e-01,-1.512244030223521607e+00
3.820000000000000284e+00,1.000000000000000000e+00,1.927165050750790698e+00,2.646825295028385969e-02,-2.968581971759612914e-01,4.354929684725113437e-01,-3.640926425181278958e-01,-6.556289402468351568e-02,4.164446100248294647e-01,-1.273892160674027774e-01,-1.448391497538268902e-01,-2.494928381980434096e-01,-1.481370539357002025e+00
3.839999999999999858e+00,1.000000000000000000e+00,1.935465230099670864e+00,2.387113711972788793e-02,-3.095836936093580571e-01,4.342294245810399134e-01,-3.556455535875777119e-01,-6.092209871653686548e-02,4.135863684319435185e-01,-1.322932689869658340e-01,-1.409259648632368300e-01,-2.407630843665075071e-01,-1.443885616022637874e+00
3.860000000000000320e+00,1.000000000000000000e+00,1.943709050985807929e+00,2.117774628276670665e-02,-3.219193279444330646e-01,4.330560845238498602e-01,-3.456117831013891806e-01,-5.656318477611499418e-02,4.108099560706700570e-01,-1.370136939737846837e-01,-1.366550839171330467e-01,-2.311265102932117121e-01,-1.399663703210238364e+00
3.879999999999999893e+00,1.000000000000000000e+00,1.951898221990114646e+00,1.839193577595571102e-02,-3.338107596571991964e-01,4.319668971899952581e-01,-3.339350675277125702e-01,-5.252575587762997600e-02,4.081225954226465058e-01,-1.415321425451996906e-01,-1.320196508627763665e-01,-2.205619081957234384e-01,-1.348600843720668463e+00
3.900000000000000355e+00,1.000000000000000000e+00,1.960034597514348720e+00,1.551793214705998042e-02,-3.452028735849729246e-01,4.309550542887446989e-01,-3.205588291989140415e-01,-4.884555066392159972e-02,4.055316460905655784e-01,-1.458298420629027814e-01,-1.270128096474274493e-01,-2.090480702916101829e-01,-1.290611154102385472e+00
3.919999999999999929e+00,1.000000000000000000e+00,1.968120180523530660e+00,1.256034163816727688e-02,-3.560398673316377827e-01,4.300130751634383963e-01,-3.054258909776464415e-01,-4.555368457516983938e-02,4.030446047981743884e-01,-1.498875957329370290e-01,-1.216277042183472462e-01,-1.965637887984395538e-01,-1.225622514707054966e+00
3.939999999999999947e+00,1.000000000000000000e+00,1.976157125288367400e+00,9.524158668800878844e-03,-3.662653118266311347e-01,4.291329069057379653e-01,-2.884782680692746237e-01,-4.267587811733086767e-02,4.006691053902748934e-01,-1.536857826056970688e-01,-1.158574785227963616e-01,-1.830878559337787981e-01,-1.153571603733995365e+00
3.959999999999999964e+00,1.000000000000000000e+00,1.984147740127672588e+00,6.414774319032766174e-03,-3.758221821024442244e-01,4.283060400387451172e-01,-2.696570908207200357e-01,-4.023167087192369706e-02,3.984129188327239501e-01,-1.572043575759286826e-01,-1.096952765080355940e-01,-1.685990639151954407e-01,-1.074398431729967074e+00
3.979999999999999982e+00,1.000000000000000000e+00,1.992094490150786656e+00,3.237984812596454709e-03,-3.846528562681863495e-01,4.275236400708610218e-01,-2.489027270141832837e-01,-3.823361855271834031e-02,3.962839532124331487e-01,-1.604228513827291591e-01,-1.031342421213257698e-01,-1.530762049602570063e-01,-9.880405578482206463e-01
4.000000000000000000e+00,2.000000000000000000e+00,2.000000000000000000e+00,0.000000000000000000e+00,-3.926990816987246391e-01,4.267766952966364213e-01,-2.261551892664306618e-01,-4.038697457271744895e-02,3.942902537373682570e-01,-1.633203706095470720e-01,-9.616751930992650799e-02,-1.364980712865308810e-01,-8.944271909999155223e-01
4.019999999999999574e+00,2.000000000000000000e+00,2.007865408968835474e+00,-3.293897166255421380e-03,-4.005663544437405577e-01,4.259081610879523749e-01,-2.398461715894873447e-01,-4.988209940563947953e-02,3.921933977585817521e-01,-1.660785971638130687e-01,-1.133414852418709734e-01,-1.392735262285610121e-01,-9.506459406456972960e-01
4.040000000000000036e+00,2.000000000000000000e+00,2.015685516312592629e+00,-6.643493642016608594e-03,-4.088899794766563400e-01,4.247814113204109177e-01,-2.532557858848146770e-01,-6.226112161530217293e-02,3.897635881312839223e-01,-1.688892914615578167e-01,-1.294663806352180091e-01,-1.417459516008359455e-01,-1.006075337274084269e+00
4.059999999999999609e+00,2.000000000000000000e+00,2.023453871373818380e+00,-1.004977861862576052e-02,-4.176564279261564261e-01,4.234177162233402902e-01,-2.664115147281631013e-01,-7.358755800787264434e-02,3.870215964777974360e-01,-1.717464592693719871e-01,-1.445631843349112489e-01,-1.439219832019392742e-01,-1.060830347262899265e+00
4.080000000000000071e+00,2.000000000000000000e+00,2.031164434731738133e+00,-1.351362272991659536e-02,-4.268526718601859948e-01,4.218379090000959897e-01,-2.793313313527778230e-01,-8.388398334875901696e-02,3.839877748435456262e-01,-1.746442390698180747e-01,-1.586528751858942710e-01,-1.458082568304547022e-01,-1.114987388259349954e+00
4.099999999999999645e+00,2.000000000000000000e+00,2.038811569810717206e+00,-1.703578070653382140e-02,-4.364659609696520115e-01,4.200623568893899207e-01,-2.920246283686537825e-01,-9.317440108117125419e-02,3.806820556970533787e-01,-1.775769020614301474e-01,-1.717564320331105565e-01,-1.474114082849658502e-01,-1.168587150483261672e+00
4.120000000000000107e+00,2.000000000000000000e+00,2.046390034488722254e+00,-2.061689403025250902e-02,-4.464836176168427984e-01,4.181109329568490907e-01,-3.044930132897207264e-01,-1.014842123195887069e-01,3.771239519299467435e-01,-1.805388521587139306e-01,-1.838948337215038364e-01,-1.487380733640563113e-01,-1.221636848878061787e+00
4.139999999999999680e+00,2.000000000000000000e+00,2.053894972705781807e+00,-2.425749358829759963e-02,-4.568928480721390906e-01,4.160029883966064324e-01,-3.167310061101652474e-01,-1.088401940616954278e-01,3.733325568569525466e-01,-1.835246259921468059e-01,-1.950890590960175364e-01,-1.497948878663097338e-01,-1.274112058262582226e+00
4.160000000000000142e+00,2.000000000000000000e+00,2.061321906072453913e+00,-2.795800232766327761e-02,-4.676805684038624622e-01,4.137573251943812425e-01,-3.287266675415408956e-01,-1.152704831819271192e-01,3.693265442158990552e-01,-1.865288929081779790e-01,-2.053600870015954150e-01,-1.505884875903098497e-01,-1.325958262407443078e+00
4.179999999999999716e+00,2.000000000000000000e+00,2.068666725478277790e+00,-3.171873790943241511e-02,-4.788332440351748542e-01,4.113921690693293498e-01,-3.404621808545026385e-01,-1.208045630217409183e-01,3.651241681677153128e-01,-1.895464549692281453e-01,-2.147288962831809256e-01,-1.511255083346402517e-01,-1.377092231486519047e+00
4.200000000000000178e+00,2.000000000000000000e+00,2.075925682700246799e+00,-3.553991536309603072e-02,-4.903367424528611851e-01,4.089251426735115991e-01,-3.519144053317557197e-01,-1.254732495799579794e-01,3.607432632964321373e-01,-1.925722469536897130e-01,-2.232164657857176326e-01,-1.514125858978844774e-01,-1.427403329128395626e+00
4.219999999999999751e+00,2.000000000000000000e+00,2.083095382011266761e+00,-3.942164974087272733e-02,-5.021761989548877425e-01,4.063732390861309884e-01,-3.630554149697523547e-01,-1.293086744552240930e-01,3.562012446091806228e-01,-1.956013363559268303e-01,-2.308437743541491560e-01,-1.514563560786262864e-01,-1.476754839094187588e+00
4.240000000000000213e+00,2.000000000000000000e+00,2.090172771788615602e+00,-4.336395877202808141e-02,-5.143358956622875455e-01,4.037527956953025909e-01,-3.738530321631738929e-01,-1.323442618248265035e-01,3.515151075361938604e-01,-1.986289233862752468e-01,-2.376318008334191434e-01,-1.512634546754492715e-01,-1.524985391437404969e+00
4.259999999999999787e+00,2.000000000000000000e+00,2.097155136122405228e+00,-4.736676551719409822e-02,-5.267991542987043863e-01,4.010794686131379794e-01,-3.842713626158074103e-01,-1.346146968788559661e-01,3.467014279308053837e-01,-2.016503409710425354e-01,-2.436015240684710481e-01,-1.508405174869371090e-01,-1.571910558042594497e+00
4.280000000000000249e+00,2.000000000000000000e+00,2.104040086424046940e+00,-5.142990102268866354e-02,-5.395482434580474163e-01,3.983682078201483678e-01,-3.942713346306627176e-01,-1.361558832836013977e-01,3.417763620694502236e-01,-2.046610547525077872e-01,-2.487739229042485456e-01,-1.501941803116733920e-01,-1.617324677038791014e+00
4.299999999999999822e+00,2.000000000000000000e+00,2.110825553034711977e+00,-5.555310697483494681e-02,-5.525643012359819917e-01,3.956332332817939501e-01,-4.038112432556803522e-01,-1.370048874381897264e-01,3.367556466516641867e-01,-2.076566630889216392e-01,-2.531699761856951447e-01,-1.493310789482417411e-01,-1.661002954247393859e+00
4.320000000000000284e+00,2.000000000000000000e+00,2.117509776833793822e+00,-5.973603835428088760e-02,-5.658272741922700799e-01,3.928880123226207166e-01,-4.128472975296015868e-01,-1.371998675267498413e-01,3.316545988000849099e-01,-2.106328970545068568e-01,-2.568106627577544376e-01,-1.482578491952258604e-01,-1.702703877221507067e+00
4.339999999999999858e+00,2.000000000000000000e+00,2.124091300847367858e+00,-6.397826609031857792e-02,-5.793158736361017080e-01,3.901452385807239742e-01,-4.213341673205134863e-01,-1.367799856637539335e-01,3.264881160604503618e-01,-2.135856204394573632e-01,-2.597169614653701553e-01,-1.469811268512094260e-01,-1.742171963410358737e+00
4.360000000000000320e+00,2.000000000000000000e+00,2.130568961856657229e+00,-6.827927971520365846e-02,-5.930075501838416585e-01,3.874168128960704949e-01,-4.292255250057787630e-01,-1.357853017901184955e-01,3.212706764016002303e-01,-2.165108297499392098e-01,-2.619098511534857510e-01,-1.455075477147760310e-01,-1.779140848569382927e+00
4.379999999999999893e+00,2.000000000000000000e+00,2.136941882006490712e+00,-7.263849001847483278e-02,-6.068784874275823249e-01,3.847138265091192277e-01,-4.364745765200331862e-01,-1.342566484031841867e-01,3.160163382154747014e-01,-2.194046542080896056e-01,-2.634103106670447891e-01,-1.438437475845092128e-01,-1.813336704960429424e+00
4.400000000000000355e+00,2.000000000000000000e+00,2.143209460413767253e+00,-7.705523170127331900e-02,-6.209036153748805908e-01,3.820465469599431119e-01,-4.430345760893359963e-01,-1.322354856936645007e-01,3.107387403171157914e-01,-2.222633557520178882e-01,-2.642393188509908342e-01,-1.419963622589927865e-01,-1.844481961566465600e+00
4.419999999999999929e+00,2.000000000000000000e+00,2.149371364775920057e+00,-8.152876603066215588e-02,-6.350566440787132061e-01,3.794244070813727054e-01,-4.488593192413300459e-01,-1.297637372092612651e-01,3.054511019446661813e-01,-2.250833290358048300e-01,-2.644178545502674504e-01,-1.399720275368102618e-01,-1.872299281082210110e+00
4.440000000000000391e+00,2.000000000000000000e+00,2.155427522979374455e+00,-8.605828349394580024e-02,-6.493101175783237977e-01,3.768559974715726679e-01,-4.539036093749549972e-01,-1.268836067563405834e-01,3.001662227593699384e-01,-2.278611014295030546e-01,-2.639668966098183134e-01,-1.377773792165453148e-01,-1.896515731589026199e+00
4.459999999999999964e+00,2.000000000000000000e+00,2.161378114708010667e+00,-9.064290645298940519e-02,-6.636354879254722228e-01,3.743490628111190710e-01,-4.581236942084457864e-01,-1.236373778708248494e-01,2.948964828455720166e-01,-2.305933330191366482e-01,-2.629074238745869874e-01,-1.354190530967815942e-01,-1.916867075441374135e+00
4.480000000000000426e+00,2.000000000000000000e+00,2.167223563051629220e+00,-9.528169179853834825e-02,-6.780032086886499387e-01,3.719105023567396140e-01,-4.614776697035837816e-01,-1.200671978165193110e-01,2.896538427107186453e-01,-2.332768166067015758e-01,-2.612604151895169258e-01,-1.329036849761027761e-01,-1.933102084893161265e+00
4.500000000000000000e+00,2.000000000000000000e+00,2.172964526114408379e+00,-9.997363360453768999e-02,-6.923828469247135242e-01,3.695463748984582630e-01,-4.639258504803479011e-01,-1.162148486789202906e-01,2.844498432853573289e-01,-2.359084777101652375e-01,-2.590468493995519150e-01,-1.302379106530924258e-01,-1.944986784262733748e+00
4.519999999999999574e+00,2.000000000000000000e+00,2.178601888623370009e+00,-1.047176657824514384e-01,-7.067432121997615502e-01,3.672619084095828934e-01,-4.654311071797863075e-01,-1.121215086890945400e-01,2.792956059231361809e-01,-2.384853745634668842e-01,-2.562877053496353530e-01,-1.274283659263342472e-01,-1.952308512758954118e+00
4.540000000000000036e+00,2.000000000000000000e+00,2.184136753536839226e+00,-1.095126647355822436e-01,-7.210525008468754438e-01,3.650615145508945281e-01,-4.659591725999915890e-01,-1.078275074091035179e-01,2.742018324008052010e-01,-2.410046981165174795e-01,-2.530039618847109151e-01,-1.244816865944118334e-01,-1.954879701071153164e+00
4.560000000000000497e+00,2.000000000000000000e+00,2.189570433652906711e+00,-1.143574520133906064e-01,-7.352784532859062416e-01,3.629488081132186683e-01,-4.654789196276408747e-01,-1.033720788116205824e-01,2.691788049182148868e-01,-2.434637720351995327e-01,-2.492165978497222489e-01,-1.214045084559089299e-01,-1.952541258814102454e+00
4.580000000000000071e+00,2.000000000000000000e+00,2.194904443217891021e+00,-1.192507969658143513e-01,-7.493885219173745948e-01,3.609266313984297314e-01,-4.639626149388336174e-01,-9.879311657087797016e-02,2.642363860983171220e-01,-2.458600527013671544e-01,-2.449465920896127247e-01,-1.182034673094090049e-01,-1.945165478963246652e+00
4.599999999999999645e+00,2.000000000000000000e+00,2.200140489534803123e+00,-1.241914193975882236e-01,-7.633500468546216000e-01,3.589970834503836139e-01,-4.613861530897493957e-01,-9.412693603232114015e-02,2.593840189871648438e-01,-2.481911292128463897e-01,-2.402149234493261010e-01,-1.148851989534958179e-01,-1.932658379231206869e+00
4.620000000000000107e+00,2.000000000000000000e+00,2.205280464571802934e+00,-1.291779922225631261e-01,-7.771304365885338683e-01,3.571615539571368347e-01,-4.577292759212343021e-01,-8.940804733312468500e-02,2.546307270539122647e-01,-2.504547233834347741e-01,-2.350425707738059145e-01,-1.114563391867529896e-01,-1.914961418309262697e+00
4.639999999999999680e+00,2.000000000000000000e+00,2.210326436570666520e+00,-1.342091441180256750e-01,-7.906973505967531679e-01,3.554207615570585954e-01,-4.529757821421241948e-01,-8.466894400261004705e-02,2.499851141908145391e-01,-2.526486897429014999e-01,-2.294505129079957018e-01,-1.079235238077641407e-01,-1.892052546115876366e+00
4.660000000000000142e+00,2.000000000000000000e+00,2.215280641655244853e+00,-1.392834621790175753e-01,-8.040188809191044506e-01,3.537747961970323929e-01,-4.471137315315565353e-01,-7.993991108451048433e-02,2.454553647132280969e-01,-2.547710155369876106e-01,-2.234597286968391106e-01,-1.042933886151129197e-01,-1.863946570512140521e+00
4.679999999999999716e+00,2.000000000000000000e+00,2.220145475439928351e+00,-1.443994945726549961e-01,-8.170637298232440449e-01,3.522231651136781827e-01,-4.401356474237305139e-01,-7.524885640381917540e-02,2.410492433596103656e-01,-2.568198207274055567e-01,-2.170911969852796219e-01,-1.005725694073829612e-01,-1.830694847066575148e+00
4.700000000000000178e+00,2.000000000000000000e+00,2.224923484638105187e+00,-1.495557531924481542e-01,-8.298013808746437237e-01,3.507648419408796459e-01,-4.320387200361224256e-01,-7.062116806918794509e-02,2.367740952915199648e-01,-2.587933579918396676e-01,-2.103658966182609946e-01,-9.676770198315794158e-02,-1.792384322036559174e+00
4.719999999999999751e+00,2.000000000000000000e+00,2.229617358670629823e+00,-1.547507163126206342e-01,-8.422022609940507110e-01,3.493983183909106227e-01,-4.228250118126670176e-01,-6.607960068161133904e-02,2.326368460936167337e-01,-2.606900127239458187e-01,-2.033048064407266542e-01,-9.288542214102149530e-02,-1.749135980494679776e+00
4.740000000000000213e+00,2.000000000000000000e+00,2.234229921274276442e+00,-1.599828312424288745e-01,-8.542378914207908736e-01,3.481216579136151568e-01,-4.125016643271507411e-01,-6.164419204026216903e-02,2.286440017736614261e-01,-2.625083030333517087e-01,-1.959289052976201650e-01,-8.893236567955720151e-02,-1.701102770333926317e+00
4.759999999999999787e+00,2.000000000000000000e+00,2.238764122110207921e+00,-1.652505169804815988e-01,-8.658810258861120435e-01,3.469325507093001248e-01,-4.010811044909197154e-01,-5.733221142724076458e-02,2.248016487625161264e-01,-2.642468797456564711e-01,-1.882591720338852026e-01,-8.491516839734872257e-02,-1.648467087838295431e+00
4.780000000000000249e+00,2.000000000000000000e+00,2.243223028372434591e+00,-1.705521668690591908e-01,-8.771057747198141019e-01,3.458283694565255084e-01,-3.885812459074284853e-01,-5.315813984505624035e-02,2.211154539141438891e-01,-2.659045264024311739e-01,-1.803165854944652757e-01,-8.084046609297970698e-02,-1.591437920997510247e+00
4.799999999999999822e+00,2.000000000000000000e+00,2.247609816396278326e+00,-1.758861512484331813e-01,-8.878877140475122109e-01,3.448062251154978552e-01,-3.750256793019930424e-01,-4.913368190252320744e-02,2.175906645056091271e-01,-2.674801592612185419e-01,-1.721221245243040876e-01,-7.671489456503383098e-02,-1.530247752485060175e+00
4.820000000000000284e+00,2.000000000000000000e+00,2.251927763266831750e+00,-1.812508201111856787e-01,-8.982039796672818266e-01,3.438630221804245268e-01,-3.604438441300092943e-01,-4.526780842111399750e-02,2.142321082370770846e-01,-2.689728272955326238e-01,-1.636967679683449250e-01,-7.254508961209467366e-02,-1.465149325229800459e+00
4.839999999999999858e+00,2.000000000000000000e+00,2.256180238427423212e+00,-1.866445057565287724e-01,-9.080333456066792541e-01,3.429955127786532554e-01,-3.448711718456458630e-01,-4.156682828505964267e-02,2.110441932318143643e-01,-2.703817121948596247e-01,-1.550614946715319076e-01,-6.833768703274599454e-02,-1.396412370099379796e+00
4.860000000000000320e+00,2.000000000000000000e+00,2.260370695288075549e+00,-1.920655254446241023e-01,-9.173562877398890869e-01,3.422003490490221900e-01,-3.283491900206184089e-01,-3.803448759867933404e-02,2.080309080361885943e-01,-2.717061283646570180e-01,-1.462372834788080167e-01,-6.409932262557126170e-02,-1.324320387918687336e+00
4.879999999999999893e+00,2.000000000000000000e+00,2.264502662833971058e+00,-1.975121840509019844e-01,-9.261550331783937606e-01,3.414741332747061042e-01,-3.109255756689534023e-01,-3.467209385219227613e-02,2.051958216196685114e-01,-2.729455229263541560e-01,-1.372451132351170944e-01,-5.983663218915419996e-02,-1.249167567578021165e+00
4.900000000000000355e+00,2.000000000000000000e+00,2.268579737233912486e+00,-2.029827767203811750e-01,-9.344135964284508988e-01,3.408134652949345034e-01,-2.926541458846461663e-01,-3.147866253526743208e-02,2.025420833748241001e-01,-2.740994757173521590e-01,-1.281059627854028160e-01,-5.555625152207846473e-02,-1.171255909153217312e+00
4.919999999999999929e+00,2.000000000000000000e+00,2.272605573448785332e+00,-2.084755915219881073e-01,-9.421178035293276132e-01,3.402149867732953692e-01,-2.735947743455548475e-01,-2.845108347281311012e-02,2.000724231173262313e-01,-2.751676992910234709e-01,-1.188408109746086072e-01,-5.126481642292768370e-02,-1.090892606605534665e+00
4.940000000000000391e+00,2.000000000000000000e+00,2.276583876840019283e+00,-2.139889121028764885e-01,-9.492553055451702360e-01,3.396754219560219612e-01,-2.538132234599539405e-01,-2.558430408300793601e-02,1.977891510859472735e-01,-2.761500389167125813e-01,-1.094706366476781018e-01,-4.696896269028549148e-02,-1.008387729565931146e+00
4.959999999999999964e+00,2.000000000000000000e+00,2.280518394778048297e+00,-2.195210203427463425e-01,-9.558155828808546639e-01,3.391916146099751006e-01,-2.333808839689228420e-01,-2.287152676216130942e-02,1.956941579425603983e-01,-2.770464725797354699e-01,-1.000164186495549612e-01,-4.267532612273552267e-02,-9.240522286743106939e-01
4.980000000000000426e+00,2.000000000000000000e+00,2.284412908250779584e+00,-2.250701990081641901e-01,-9.617899419307763820e-01,3.387605608855354666e-01,-2.123744166468217731e-01,-2.030441767157675770e-02,1.937889147721400251e-01,-2.778571109813798290e-01,-9.049913582518261113e-02,-3.839054251886143965e-02,-8.381962745669947479e-01
5.000000000000000000e+00,2.000000000000000000e+00,2.288271223472047033e+00,-2.306347344068816752e-01,-9.671715055538034900e-01,3.383794379031120347e-01,-1.908752942736853808e-01,-1.787332432323829323e-02,1.920744730827617652e-01,-2.785821975389050076e-01,-8.093976701950472696e-02,-3.412124767724684926e-02,-7.511279273844824189e-01
5.019999999999999574e+00,2.000000000000000000e+00,2.292097163490077527e+00,-2.362129190421553837e-01,-9.719551988034548229e-01,3.380456279126059504e-01,-1.689692461248760991e-01,-1.556749951891767125e-02,1.905514648056022831e-01,-2.792221083855419561e-01,-7.135929107746490085e-02,-2.987407739647540694e-02,-6.631521219716789428e-01
5.040000000000000036e+00,2.000000000000000000e+00,2.295894559795953693e+00,-2.418030542670663308e-01,-9.761377312366357195e-01,3.377567379223552768e-01,-1.467456116039761449e-01,-1.337532937622043505e-02,1.892201022949392963e-01,-2.797773523704935039e-01,-6.177868684400664168e-02,-2.565566747513077159e-02,-5.745699440019185200e-01
5.060000000000000497e+00,2.000000000000000000e+00,2.299667243932074001e+00,-2.474034529388392523e-01,-9.797175769843812221e-01,3.375106147375571686e-01,-1.242966140494086713e-01,-1.128456336181216102e-02,1.880801783281518258e-01,-2.802485710589339707e-01,-5.221893316407364566e-02,-2.147265371179657434e-02,-4.856781641982417796e-01
5.080000000000000071e+00,2.000000000000000000e+00,2.303419039100615073e+00,-2.530124420731621471e-01,-9.826949536015880948e-01,3.373053553878827548e-01,-1.017165698573750249e-01,-9.282544434903172714e-03,1.871310661057198899e-01,-2.806365387320093330e-01,-4.270100888260930372e-02,-1.733167190505642899e-02,-3.967689916810275275e-01
5.099999999999999645e+00,2.000000000000000000e+00,2.307153751771994887e+00,-2.586283654985055969e-01,-9.850718005271413835e-01,3.371393129601610861e-01,-7.910105156648088165e-02,-7.356437572767049460e-03,1.863717192512246990e-01,-2.809421623868373907e-01,-3.324589284455739535e-02,-1.323935785349400832e-02,-3.081300031990188981e-01
5.120000000000000107e+00,2.000000000000000000e+00,2.310875163293334200e+00,-2.642495865104421693e-01,-9.868517577883531011e-01,3.370110978849721328e-01,-5.654602615940192145e-02,-5.493455097953514610e-03,1.858006718113485722e-01,-2.811664817365074898e-01,-2.387456389486143638e-02,-9.202347355692938255e-03,-2.200442025099368371e-01
5.140000000000000568e+00,2.000000000000000000e+00,2.314587021496917529e+00,-2.698744905259661264e-01,-9.880401453809899426e-01,3.369195747562429011e-01,-3.414699133675392489e-02,-3.681077348096195578e-03,1.854160382558749098e-01,-2.813106692100807438e-01,-1.460800087846493046e-02,-5.227276210236848214e-03,-1.327901633462407471e-01
5.160000000000000142e+00,2.000000000000000000e+00,2.318293032308656798e+00,-2.755014877378124671e-01,-9.886439435546409138e-01,3.368638547910483005e-01,-1.199813278282567397e-02,-1.907267321644923186e-03,1.852155134776883594e-01,-2.813760299525898123e-01,-5.467182640311601602e-03,-1.320780215709417256e-03,-4.664221009578994881e-02
5.179999999999999716e+00,2.000000000000000000e+00,2.321996851356552760e+00,-2.811290157687768576e-01,-9.886717740385343456e-01,3.368432840633771019e-01,9.808475545408264218e-03,-1.606779959466564378e-04,1.851963727927745385e-01,-2.813640018250391783e-01,3.526911974655070389e-03,2.510504829305745377e-03,3.812940759135258900e-02
5.200000000000000178e+00,2.000000000000000000e+00,2.325702075579156425e+00,-2.867555423260344516e-01,-9.881338820604016471e-01,3.368574276712104076e-01,3.118360822335955809e-02,1.569148950792964570e-03,1.853554719402203399e-01,-2.812761554044049261e-01,1.235330412149155538e-02,6.259943126225023941e-03,1.212583867229911211e-01
5.219999999999999751e+00,2.000000000000000000e+00,2.329412234834030926e+00,-2.923795678554597099e-01,-9.870421188453997186e-01,3.369060500214088316e-01,5.204154549465349333e-02,3.291594271081166312e-03,1.856892470822137098e-01,-2.811141939836347414e-01,2.099101495525416625e-02,9.920898876464724625e-03,2.024823254007459827e-01
5.240000000000000213e+00,2.000000000000000000e+00,2.333130783506216499e+00,-2.979996281959458870e-01,-9.854099241377318741e-01,3.369890914420536343e-01,7.230063779986599382e-02,5.014783398765487732e-03,1.861937148040437584e-01,-2.808799535716480777e-01,2.941906563099942404e-02,1.348673628144126529e-02,2.815427902887632783e-01
5.259999999999999787e+00,2.000000000000000000e+00,2.336861092116687022e+00,-3.036142972337244061e-01,-9.832523081683470778e-01,3.371066413573594600e-01,9.188376898470512755e-02,6.745421105241788950e-03,1.868644721141006215e-01,-2.805754028933361011e-01,3.761647730378361865e-02,1.695081954257093848e-02,3.581855212710502445e-01
5.280000000000000249e+00,2.000000000000000000e+00,2.340606438930818101e+00,-3.092221895566839018e-01,-9.805858324013343452e-01,3.372589082862633703e-01,1.107187137813336053e-01,8.488639873974079819e-03,1.876966964438757379e-01,-2.802026433895614677e-01,4.556227112866327589e-02,2.030651286127016508e-02,4.321607903283168350e-01
5.299999999999999822e+00,2.000000000000000000e+00,2.344370001566843609e+00,-3.148219631086902059e-01,-9.774285883322874069e-01,3.374461869523184276e-01,1.287383892533566498e-01,1.024786332984461978e-02,1.886851456479615163e-01,-2.797639092171586572e-01,5.323546826069475157e-02,2.354718043895526192e-02,5.032239239144846721e-01
5.320000000000000284e+00,2.000000000000000000e+00,2.348154848604321998e+00,-3.204123218439056120e-01,-9.738001735863139885e-01,3.376688228194571484e-01,1.458810035369944025e-01,1.202468607294804315e-02,1.898241580040515852e-01,-2.792615672489338619e-01,6.061508985493452295e-02,2.666618647704261519e-02,5.711359898960094439e-01
5.339999999999999858e+00,2.000000000000000000e+00,2.351963931192597279e+00,-3.259920183811081396e-01,-9.697216645732191775e-01,3.379271743952363405e-01,1.620901082187063413e-01,1.381877126084241070e-02,1.911076522129406541e-01,-2.786981170736648750e-01,6.768015706643897011e-02,2.965689517694857988e-02,6.356646416201452432e-01
5.360000000000000320e+00,2.000000000000000000e+00,2.355800074659257337e+00,-3.315598566580111317e-01,-9.652155850035946116e-01,3.382215736698908626e-01,1.773145629556562020e-01,1.562776725194936489e-02,1.925291273985245688e-01,-2.780761909961010914e-01,7.440969105026452868e-02,3.251267074008949709e-02,6.965851031183224462e-01
5.379999999999999893e+00,2.000000000000000000e+00,2.359665970118602019e+00,-3.371146945855826305e-01,-9.603058696521351578e-01,3.385522850853143195e-01,1.915084224323838624e-01,1.744724455933166496e-02,1.940816631078004229e-01,-2.773985540369635627e-01,8.078271296146759262e-02,3.522687736788174956e-02,7.536812710754162703e-01
5.400000000000000355e+00,2.000000000000000000e+00,2.363564166080100559e+00,-3.426554467023646966e-01,-9.550178228725224594e-01,3.389194634522641469e-01,2.046307564782061938e-01,1.927065426408880455e-02,1.957579193108661963e-01,-2.766681039329452751e-01,8.677824395510461142e-02,3.779287926174169920e-02,8.067469012786412375e-01
5.419999999999999929e+00,2.000000000000000000e+00,2.367497060056855673e+00,-3.481810868287931737e-01,-9.493780715195827558e-01,3.393231112558778850e-01,2.166454142159017771e-01,2.108930889822957511e-02,1.975501364009212002e-01,-2.758878711367107051e-01,9.237530518623195130e-02,4.020404062308565590e-02,8.555868400923302142e-01
5.439999999999999503e+00,2.000000000000000000e+00,2.371466890174065423e+00,-3.536906507215167861e-01,-9.434145121159780434e-01,3.397630358081933366e-01,2.275207425758980773e-01,2.289238662787340672e-02,1.994501351942657430e-01,-2.750610188168959303e-01,9.755291780990613115e-02,4.245372565333005443e-02,9.000182553820957887e-01
5.459999999999999964e+00,2.000000000000000000e+00,2.375475726777483310e+00,-3.591832387277167915e-01,-9.371562523080341212e-01,3.402388067209928257e-01,2.372292685115093558e-01,2.466695935073737189e-02,2.014493169303014364e-01,-2.741908428581086854e-01,1.022901029811834756e-01,4.453529855389119774e-02,9.398718165158870264e-01
5.480000000000000426e+00,2.000000000000000000e+00,2.379525464041884586e+00,-3.646580184394260793e-01,-9.306335468830485569e-01,3.407497141822228848e-01,2.457473529142328306e-01,2.639804507220233631e-02,2.035386632715308342e-01,-2.732807718609286951e-01,1.065658818551205034e-01,4.644212352618548589e-02,9.749927698493041639e-01
5.500000000000000000e+00,2.000000000000000000e+00,2.383617811579522794e+00,-3.701142273478492117e-01,-9.238777288621473627e-01,3.412947285238809303e-01,2.530548226727146743e-01,2.806868464882938952e-02,2.057087363035577099e-01,-2.723343671419069523e-01,1.103592755867735253e-01,4.816756477162925654e-02,1.005241854653010414e+00
5.519999999999999574e+00,2.000000000000000000e+00,2.387754286048596075e+00,-3.755511754976811334e-01,-9.169211364313747392e-01,3.418724615681760226e-01,2.591345856518027513e-01,2.966004269678634842e-02,2.079496785350869459e-01,-2.713553227335663842e-01,1.136493053311989770e-01,4.970498649163886118e-02,1.030496004882138106e+00
5.540000000000000036e+00,2.000000000000000000e+00,2.391936202761707708e+00,-3.809682481414272681e-01,-9.097970367215866272e-01,3.424811302317524175e-01,2.639722316805369062e-01,3.115153216735144781e-02,2.102512128979245332e-01,-2.703474653844015196e-01,1.164149922434533913e-01,5.104775288763068603e-02,1.050648784550557435e+00
5.560000000000000497e+00,2.000000000000000000e+00,2.396164667294327533e+00,-3.863649083937224504e-01,-9.025395476872160039e-01,3.431185228548701005e-01,2.675556210049150341e-01,3.252096180563412986e-02,2.126026427469776547e-01,-2.693147545588785441e-01,1.186353574785931064e-01,5.218922816102109646e-02,1.065610508682852231e+00
5.580000000000000071e+00,2.000000000000000000e+00,2.400440567093254263e+00,-3.917406998856505229e-01,-8.951835595576226323e-01,3.437819687039777583e-01,2.698744601422364831e-01,3.374470544696528407e-02,2.149928518602545469e-01,-2.682612824374352445e-01,1.202894221916745027e-01,5.312277651322639543e-02,1.075308007691355483e+00
5.599999999999999645e+00,2.000000000000000000e+00,2.404764563085079132e+00,-3.970952494190639892e-01,-8.877646575357739378e-01,3.444683110727486675e-01,2.709198637149058397e-01,3.479789188261683819e-02,2.174103044388646377e-01,-2.671912739164812867e-01,1.213562075377540850e-01,5.384176214566300384e-02,1.079684000275864975e+00
5.620000000000000107e+00,2.000000000000000000e+00,2.409137081284645099e+00,-4.024282696209031118e-01,-8.803190475917005431e-01,3.451738843792824252e-01,2.706838996790522645e-01,3.565461385767321190e-02,2.198430451070183811e-01,-2.661090866083977158e-01,1.218147346718881502e-01,5.433954925974724542e-02,1.078696048186668754e+00
5.640000000000000568e+00,2.000000000000000000e+00,2.413558304403511379e+00,-4.077395615975156207e-01,-8.728834873382131931e-01,3.458944956270555982e-01,2.691591144269882552e-01,3.628815466250401300e-02,2.222786989120275614e-01,-2.650192108415376224e-01,1.216440247491332310e-01,5.460950205689548559e-02,1.072315074968090753e+00
5.660000000000000142e+00,2.000000000000000000e+00,2.418028163458413982e+00,-4.130290175889758664e-01,-8.654952240811023545e-01,3.466254105657825546e-01,2.663380335599775384e-01,3.667123075778633279e-02,2.247044713243048497e-01,-2.639262696602253655e-01,1.208230989245457354e-01,5.464498473852410360e-02,1.060523439601546380e+00
5.679999999999999716e+00,2.000000000000000000e+00,2.422546329379728025e+00,-4.182966236234044732e-01,-8.581919422046981882e-01,3.473613448573670270e-01,2.622126337284438335e-01,3.677624894138808997e-02,2.271071482373641648e-01,-2.628350188247573493e-01,1.193309783531820434e-01,5.443936150604944402e-02,1.043312564266123399e+00
5.700000000000000178e+00,2.000000000000000000e+00,2.427112204619930491e+00,-4.235424621712877702e-01,-8.510117220873860688e-01,3.480964605234380671e-01,2.567737808570129121e-01,3.657557673165001688e-02,2.294730959678206450e-01,-2.617503468114013021e-01,1.171466841900986045e-01,5.398599656088787224e-02,1.020680122717090299e+00
5.719999999999999751e+00,2.000000000000000000e+00,2.431724914762060763e+00,-4.287667147997971107e-01,-8.439930127435302243e-01,3.488243679266330166e-01,2.500106303604663904e-01,3.604182491138807620e-02,2.317882612553903710e-01,-2.606772748123969419e-01,1.142492375903518542e-01,5.327825410445574672e-02,9.926268015797544697e-01
5.740000000000000213e+00,2.000000000000000000e+00,2.436383300128184715e+00,-4.339696648271083035e-01,-8.371746203629989447e-01,3.495381335198936013e-01,2.419099856824838968e-01,3.514814155351153602e-02,2.340381712628906707e-01,-2.596209567359554216e-01,1.106176597089981312e-01,5.230949833816943284e-02,9.591526507741982011e-01
5.759999999999999787e+00,2.000000000000000000e+00,2.441085907387854803e+00,-4.391516999767212104e-01,-8.305957148733934536e-01,3.502302935887735003e-01,2.324556127494638302e-01,3.386851733443840828e-02,2.362079335762399812e-01,-2.585866792062597730e-01,1.062309717010939125e-01,5.107309346344526130e-02,9.202530410298440655e-01
5.780000000000000249e+00,2.000000000000000000e+00,2.445830981166572826e+00,-4.443133150317789548e-01,-8.242958565904242585e-01,3.508928742132711442e-01,2.216275098651605269e-01,3.217810253600461579e-02,2.382822362044578202e-01,-2.575798615634644628e-01,1.010681947216956339e-01,4.956240368169963217e-02,8.759142458377494611e-01
5.799999999999999822e+00,2.000000000000000000e+00,2.450616455654252679e+00,-4.494551144893875194e-01,-8.183150449566092277e-01,3.515174176902136627e-01,2.094011353728336133e-01,3.005353684059741681e-02,2.402453475796648696e-01,-2.566060558636957811e-01,9.510834992585970316e-02,4.777079319434888310e-02,8.261086621691098308e-01
5.820000000000000284e+00,2.000000000000000000e+00,2.455439946213680447e+00,-4.545778152149351770e-01,-8.126937913055766183e-01,3.520950156868951075e-01,1.957465993498454793e-01,2.747329383850249940e-02,2.420811165570830037e-01,-2.556709468790517858e-01,8.833045846864248651e-02,4.569162620280937948e-02,7.707896789384325320e-01
5.839999999999999858e+00,2.000000000000000000e+00,2.460298740988978494e+00,-4.596822490964117547e-01,-8.074732175362483444e-01,3.526163494437537516e-01,1.806278310429716705e-01,2.441804309347972435e-02,2.437729724150350663e-01,-2.547803520976019143e-01,8.071354150510048897e-02,4.331826690849746586e-02,7.098861947200943989e-01
5.860000000000000320e+00,2.000000000000000000e+00,2.465189792514067335e+00,-4.647693656987283983e-01,-8.026951825444273991e-01,3.530717374106342454e-01,1.640017411925559221e-01,2.087103365692755119e-02,2.453039248549452322e-01,-2.539402217233875936e-01,7.223662019029007675e-02,4.064407951282954234e-02,6.432967769843582762e-01
5.879999999999999893e+00,2.000000000000000000e+00,2.470109709321125724e+00,-4.698402349180365034e-01,-7.984024382433260181e-01,3.534511907900307892e-01,1.458174084698690420e-01,1.681850409070051455e-02,2.466565640013386185e-01,-2.531566386764216303e-01,6.287871567926768546e-02,3.766242821722192574e-02,5.708834445934285462e-01
5.900000000000000355e+00,2.000000000000000000e+00,2.475054747549054301e+00,-4.748960496360477013e-01,-7.946388170112583804e-01,3.537444775742622505e-01,1.260153327701556691e-01,1.225012536590597279e-02,2.478130604018415895e-01,-2.524358185926888765e-01,5.261884912708970907e-02,3.436667722309099532e-02,4.924650441421484226e-01
5.919999999999999929e+00,2.000000000000000000e+00,2.480020802551937464e+00,-4.799381283743528459e-01,-7.914494524324059421e-01,3.539411958046670414e-01,1.045268160315735995e-01,7.159484465999454983e-03,2.487551650271815351e-01,-2.517841098241453968e-01,4.143604168881272892e-02,3.075019073185314422e-02,4.078101797939890916e-01
5.939999999999999503e+00,2.000000000000000000e+00,2.485003400507505233e+00,-4.849679179487418335e-01,-7.888810352388593294e-01,3.540308569529022065e-01,8.127355466966793007e-02,1.544618158037636135e-03,2.494642092711871206e-01,-2.512079934387193569e-01,2.930931451949291347e-02,2.680633294492466845e-02,3.166296466697532952e-01
5.959999999999999964e+00,2.000000000000000000e+00,2.489997690025595123e+00,-4.899869961235226445e-01,-7.869821064064441707e-01,3.540029805309884980e-01,5.616755769385221170e-02,-4.591391769425356983e-03,2.499211049507879812e-01,-2.507140832203102465e-01,1.621768877418678853e-02,2.252846806372194727e-02,2.185683110849687694e-01
5.980000000000000426e+00,2.000000000000000000e+00,2.494998433756613565e+00,-4.949970742658410527e-01,-7.858033893823387350e-01,3.538472012821252122e-01,2.911154188108985852e-02,-1.123974844286479424e-02,2.501063443060150826e-01,-2.503091256687894894e-01,2.140185607950783209e-03,1.790996028966135301e-02,1.131963790263331299e-01
6.000000000000000000e+00,3.000000000000000000e+00,2.500000000000000000e+00,-5.000000000000000000e-01,-7.853981633974477239e-01,3.535533905932738974e-01,8.305322985238487526e-16,-1.609176808581658236e-02,2.500000000000002220e-01,-2.499999999999999445e-01,-1.294417382415868900e-02,1.294417382415924411e-02,3.228502618168508562e-15
6.019999999999999574e+00,3.000000000000000000e+00,2.504997488056216248e+00,-5.049974880562165813e-01,-7.853981633974477239e-01,3.532035305586925245e-01,6.431085098737787879e-16,-1.670186968631526270e-02,2.497526115970815919e-01,-2.497526115970812866e-01,-1.180236825112971483e-02,1.180236825113014157e-02,2.499935898440345176e-15
6.040000000000000036e+00,3.000000000000000000e+00,2.509990253637719437e+00,-5.099902536377201034e-01,-7.853981633974477239e-01,3.528853158058212758e-01,4.569802092109498117e-16,-1.515173232574440476e-02,2.495275997874527307e-01,-2.495275997874524532e-01,-1.070638505343825958e-02,1.070638505343856142e-02,1.776405089255393110e-15
6.059999999999999609e+00,3.000000000000000000e+00,2.514978735163677648e+00,-5.149787351636780919e-01,-7.853981633974476129e-01,3.525974612656627150e-01,2.901302125842887072e-16,-1.366529924026416154e-02,2.493240558901113069e-01,-2.493240558901109738e-01,-9.655447580654874171e-03,9.655447580655058051e-03,1.127814237451073767e-15
6.080000000000000071e+00,3.000000000000000000e+00,2.519963353034967657e+00,-5.199633530349679900e-01,-7.853981633974477239e-01,3.523387038362107426e-01,1.249800433353376599e-16,-1.224147208030679224e-02,2.491410867570633680e-01,-2.491410867570630905e-01,-8.648779182350102568e-03,8.648779182350178896e-03,4.858310722462105805e-16
6.099999999999999645e+00,3.000000000000000000e+00,2.524944509944836213e+00,-5.249445099448375451e-01,-7.853981633974477239e-01,3.521078023824504299e-01,-2.555634261191984295e-17,-1.087915249630455605e-02,2.489778147733236469e-01,-2.489778147733233693e-01,-7.685603208094506089e-03,7.685603208094480068e-03,-9.934438333107811823e-17
6.120000000000000107e+00,3.000000000000000000e+00,2.529922591189563974e+00,-5.299225911895645291e-01,-7.853981633974477239e-01,3.519035377363585737e-01,-1.715258388737656036e-16,-9.577242138677277694e-03,2.488333778569154220e-01,-2.488333778569151167e-01,-6.765143007458626970e-03,6.765143007458502070e-03,-6.667671093246477118e-16
6.139999999999999680e+00,3.000000000000000000e+00,2.534897964979117901e+00,-5.348979649791180124e-01,-7.853981633974477239e-01,3.517247126969033078e-01,-3.038332838907657196e-16,-8.334642657857216363e-03,2.487069294588706569e-01,-2.487069294588703516e-01,-5.886621930013017853e-03,5.886621930012804482e-03,-1.181081764395590880e-15
6.160000000000000142e+00,3.000000000000000000e+00,2.539870982747817418e+00,-5.398709827478171963e-01,-7.853981633974477239e-01,3.515701520300442695e-01,-4.313193472809309549e-16,-7.150255704278407620e-03,2.485976385632299168e-01,-2.485976385632296115e-01,-5.049263325328233985e-03,5.049263325327934746e-03,-1.676654411198954323e-15
6.179999999999999716e+00,3.000000000000000000e+00,2.544841979464992576e+00,-5.448419794649919101e-01,-7.853981633974477239e-01,3.514387024687321559e-01,-5.461800361450567745e-16,-6.022982928376663381e-03,2.485046896870421185e-01,-2.485046896870418132e-01,-4.252290542974818469e-03,4.252290542974442901e-03,-2.123148828552213057e-15
6.200000000000000178e+00,3.000000000000000000e+00,2.549811273945643997e+00,-5.498112739456437748e-01,-7.853981633974477239e-01,3.513292327129092230e-01,-6.573152235591201865e-16,-4.951725980566479279e-03,2.484272828803648914e-01,-2.484272828803646138e-01,-3.494926932523326115e-03,3.494926932522876388e-03,-2.555161218888708438e-15
6.219999999999999751e+00,3.000000000000000000e+00,2.554779169161105479e+00,-5.547791691611052567e-01,-7.853981633974479459e-01,3.512406334295095078e-01,-7.588661945837742455e-16,-3.935386511283667232e-03,2.483646337262646331e-01,-2.483646337262644388e-01,-2.776395843544306533e-03,2.776395843543790019e-03,-2.949917180111853509e-15
6.240000000000000213e+00,3.000000000000000000e+00,2.559745952549700387e+00,-5.597459525497002764e-01,-7.853981633974478349e-01,3.511718172524578852e-01,-8.501207619385733713e-16,-2.972866170958710086e-03,2.483159733408161207e-01,-2.483159733408158987e-01,-2.095920625608309329e-03,2.095920625607731232e-03,-3.304648248546446953e-15
6.259999999999999787e+00,3.000000000000000000e+00,2.564711896327404705e+00,-5.647118963274042613e-01,-7.853981633974478349e-01,3.511217187826711217e-01,-9.342445597007828287e-16,-2.063066610014985258e-03,2.482805483731028162e-01,-2.482805483731025942e-01,-1.452724628285885196e-03,1.452724628285250721e-03,-3.631660096018592497e-15
6.280000000000000249e+00,3.000000000000000000e+00,2.569677257798505199e+00,-5.696772577985047548e-01,-7.853981633974478349e-01,3.510892945880572658e-01,-1.009908183935828224e-15,-1.204889478895410093e-03,2.482576210052168664e-01,-2.482576210052166166e-01,-8.460312011475882958e-04,8.460312011469030800e-04,-3.925784971567845624e-15
6.299999999999999822e+00,3.000000000000000000e+00,2.574642279666260247e+00,-5.746422796662606913e-01,-7.853981633974478349e-01,3.510735232035153142e-01,-1.078127210869693843e-15,-3.972364280162565819e-04,2.482464689522585477e-01,-2.482464689522583257e-01,-2.750636937639669346e-04,2.750636937632361823e-04,-4.190970693371016641e-15
6.320000000000000284e+00,3.000000000000000000e+00,2.579607190343562895e+00,-5.796071903435634498e-01,-7.853981633974478349e-01,3.510734051309365999e-01,-1.140490700802482553e-15,3.609908921902160728e-04,2.482463854623374599e-01,-2.482463854623372379e-01,2.609545442944298760e-04,-2.609545442952024242e-04,-4.433394366579135495e-15
6.339999999999999858e+00,3.000000000000000000e+00,2.584572204263596351e+00,-5.845722042635967952e-01,-7.853981633974479459e-01,3.510879628392029606e-01,-1.193116656565958277e-15,1.070890831288195955e-03,2.482566793165710828e-01,-2.482566793165709162e-01,7.628001634570520401e-04,-7.628001634578599876e-04,-4.637965623191286212e-15
6.360000000000000320e+00,3.000000000000000000e+00,2.589537522190497487e+00,-5.895375221904965990e-01,-7.853981633974479459e-01,3.511162407641881256e-01,-1.240026075851137601e-15,1.733561738850752931e-03,2.482766748290859971e-01,-2.482766748290858305e-01,1.231249814153344800e-03,-1.231249814154184406e-03,-4.820315163658455536e-15
6.379999999999999893e+00,3.000000000000000000e+00,2.594503331530012336e+00,-5.945033315300113363e-01,-7.853981633974480570e-01,3.511573053087570506e-01,-1.278237742315132273e-15,2.350101964454509584e-03,2.483057118470169966e-01,-2.483057118470168856e-01,1.667080146812763373e-03,-1.667080146813629000e-03,-4.968854197532098656e-15
6.400000000000000355e+00,3.000000000000000000e+00,2.599469806640163139e+00,-5.994698066401625836e-01,-7.853981633974480570e-01,3.512102448427663060e-01,-1.312104148952596445e-15,2.921609857663653997e-03,2.483431457505078099e-01,-2.483431457505076712e-01,2.071067811864751428e-03,-2.071067811865640040e-03,-5.100502036744787146e-15
6.419999999999999929e+00,3.000000000000000000e+00,2.604437109141905182e+00,-6.044371091419046271e-01,-7.853981633974480570e-01,3.512741697030635768e-01,-1.338413608716955140e-15,3.449183768049479681e-03,2.483883474527104063e-01,-2.483883474527102675e-01,2.443989459738761527e-03,-2.443989459739667920e-03,-5.202773989181556027e-15
6.440000000000000391e+00,3.000000000000000000e+00,2.609405388229785405e+00,-6.094053882297849611e-01,-7.853981633974480570e-01,3.513482121934883295e-01,-1.358145585813777665e-15,3.933922045188609218e-03,2.484407033997856895e-01,-2.484407033997855507e-01,2.786621740864242761e-03,-2.786621740865162598e-03,-5.279477495874743412e-15
6.459999999999999964e+00,3.000000000000000000e+00,2.614374780982604562e+00,-6.143747809826044515e-01,-7.853981633974481680e-01,3.514315265848710901e-01,-1.370031964263505594e-15,4.376923038639901620e-03,2.484996155709028320e-01,-2.484996155709027765e-01,3.099741305670643786e-03,-3.099741305671573164e-03,-5.325683048643365566e-15
6.480000000000000426e+00,3.000000000000000000e+00,2.619345412674077167e+00,-6.193454126740772780e-01,-7.853981633974482790e-01,3.515232891150339989e-01,-1.377306647482303782e-15,4.779285097988861253e-03,2.485645014782398299e-01,-2.485645014782398021e-01,3.384124804587415863e-03,-3.384124804588351312e-03,-5.353961700611482790e-15
6.500000000000000000e+00,3.000000000000000000e+00,2.624317397083491876e+00,-6.243173970834915432e-01,-7.853981633974481680e-01,3.516226979887906445e-01,-1.379988162939002378e-15,5.142106572792570773e-03,2.486347941669833084e-01,-2.486347941669832251e-01,3.640548888044006781e-03,-3.640548888044943532e-03,-5.364385473037910852e-15
6.519999999999999574e+00,3.000000000000000000e+00,2.629290836806368770e+00,-6.292908368063688807e-01,-7.853981633974482790e-01,3.517289733779456751e-01,-1.375532768966413521e-15,5.466485812627652763e-03,2.487099422153280226e-01,-2.487099422153280226e-01,3.869790206469864331e-03,-3.869790206470799781e-03,-5.347066157303843260e-15
6.540000000000000036e+00,3.000000000000000000e+00,2.634265823565125064e+00,-6.342658235651249532e-01,-7.853981633974481680e-01,3.518413574212957418e-01,-1.369092195673689112e-15,5.753521167067177089e-03,2.487894097344780786e-01,-2.487894097344779953e-01,4.072625410294443242e-03,-4.072625410295373054e-03,-5.322029915155254372e-15
6.560000000000000497e+00,3.000000000000000000e+00,2.639242438519729728e+00,-6.392424385197296166e-01,-7.853981633974482790e-01,3.519591142246283888e-01,-1.352365214891531623e-15,6.004310985675331835e-03,2.488726763686454069e-01,-2.488726763686453791e-01,4.249831149947190002e-03,-4.249831149948111141e-03,-5.257007638062319612e-15
6.580000000000000071e+00,3.000000000000000000e+00,2.644220752578366529e+00,-6.442207525783670841e-01,-7.853981633974483900e-01,3.520815298607227195e-01,-1.334339747314973415e-15,6.219953618025186870e-03,2.489592372950509558e-01,-2.489592372950509835e-01,4.402184075857552836e-03,-4.402184075858462699e-03,-5.186937793255484825e-15
6.599999999999999645e+00,3.000000000000000000e+00,2.649200826708095757e+00,-6.492008267080962014e-01,-7.853981633974482790e-01,3.522079123693493963e-01,-1.311199488962293297e-15,6.401547413688035704e-03,2.490486032239242475e-01,-2.490486032239242475e-01,4.530460838454979967e-03,-4.530460838455874217e-03,-5.096985379833988228e-15
6.620000000000000107e+00,3.000000000000000000e+00,2.654182712245509723e+00,-6.541827122455103893e-01,-7.853981633974483900e-01,3.523375917572703075e-01,-1.279144596310303560e-15,6.550190722238724561e-03,2.491403003985032116e-01,-2.491403003985032671e-01,4.635438088168925691e-03,-4.635438088169799992e-03,-4.972379383130431863e-15
6.639999999999999680e+00,3.000000000000000000e+00,2.659166451207396697e+00,-6.591664512073975857e-01,-7.853981633974485010e-01,3.524699199982389564e-01,-1.247131257256855895e-15,6.666981893241441526e-03,2.492338705950346012e-01,-2.492338705950347122e-01,4.717892475428836496e-03,-4.717892475429690848e-03,-4.847934916450363149e-15
6.660000000000000142e+00,3.000000000000000000e+00,2.664152076601400854e+00,-6.641520766014014088e-01,-7.853981633974485010e-01,3.526042710329999608e-01,-1.212623128494303359e-15,6.753019276265703752e-03,2.493288711227735488e-01,-2.493288711227736598e-01,4.778600650664162341e-03,-4.778600650664993274e-03,-4.713792530590101051e-15
6.679999999999999716e+00,3.000000000000000000e+00,2.669139612736679545e+00,-6.691396127366799895e-01,-7.853981633974485010e-01,3.527400407692896089e-01,-1.173094695467985263e-15,6.809401220889910178e-03,2.494248748239838720e-01,-2.494248748239839830e-01,4.818339264304349716e-03,-4.818339264305154628e-03,-4.560134870623849464e-15
6.700000000000000178e+00,3.000000000000000000e+00,2.674129075534566802e+00,-6.741290755345671348e-01,-7.853981633974486121e-01,3.528766470818355816e-01,-1.129839890756466583e-15,6.837226076680025244e-03,2.495214700739379898e-01,-2.495214700739381286e-01,4.837884966778854649e-03,-4.837884966779630938e-03,-4.391991800802591298e-15
6.719999999999999751e+00,3.000000000000000000e+00,2.679120472839232825e+00,-6.791204728392326029e-01,-7.853981633974485010e-01,3.530135298123567855e-01,-1.082877850775642505e-15,6.837592193200237034e-03,2.496182607809168674e-01,-2.496182607809169784e-01,4.838014408517122764e-03,-4.838014408517866960e-03,-4.209437709526307605e-15
6.740000000000000213e+00,3.000000000000000000e+00,2.684113804728340824e+00,-6.841138047283409351e-01,-7.853981633974486121e-01,3.531501507695635755e-01,-1.033493198919482794e-15,6.811597920030720843e-03,2.497148663862099882e-01,-2.497148663862101547e-01,4.819504239948600548e-03,-4.819504239949312652e-03,-4.017466273739486320e-15
6.759999999999999787e+00,3.000000000000000000e+00,2.689109063823713175e+00,-6.891090638237133970e-01,-7.853981633974486121e-01,3.532859937291579766e-01,-9.804333941729722474e-16,6.760341606739217468e-03,2.498109218641156037e-01,-2.498109218641157703e-01,4.783131111502742297e-03,-4.783131111503417972e-03,-3.811208529340999924e-15
6.780000000000000249e+00,3.000000000000000000e+00,2.694106235601986477e+00,-6.941062356019865875e-01,-7.853981633974487231e-01,3.534205644338330732e-01,-9.262413783268800445e-16,6.684921602893467707e-03,2.499060777219404283e-01,-2.499060777219406226e-01,4.729671673608992766e-03,-4.729671673609632011e-03,-3.600549575614694400e-15
6.799999999999999822e+00,3.000000000000000000e+00,2.699105298705274159e+00,-6.991052987052740475e-01,-7.853981633974488341e-01,3.535533905932737309e-01,-8.646118913204213334e-16,6.586436258066541427e-03,2.499999999999998335e-01,-2.500000000000001110e-01,4.659902576696809719e-03,-4.659902576697409066e-03,-3.360979169369956702e-15
6.820000000000000284e+00,3.000000000000000000e+00,2.704106225251825535e+00,-7.041062252518252018e-01,-7.853981633974487231e-01,3.536840218841557082e-01,-8.069178168648571259e-16,6.465983921829732139e-03,2.500923702716176811e-01,-2.500923702716179031e-01,4.574600471195630971e-03,-4.574600471196189552e-03,-3.136706771097598416e-15
6.839999999999999858e+00,3.000000000000000000e+00,2.709108981146687523e+00,-7.091089811466864123e-01,-7.853981633974487231e-01,3.538120299501469335e-01,-7.443296982303800459e-16,6.324662943756109712e-03,2.501828856431266290e-01,-2.501828856431268511e-01,4.474542007534919492e-03,-4.474542007535435573e-03,-2.893409905657454261e-15
6.860000000000000320e+00,3.000000000000000000e+00,2.714113526392361475e+00,-7.141135263923602539e-01,-7.853981633974487231e-01,3.539370084019059504e-01,-6.818942236289166072e-16,6.163571673406309515e-03,2.502712587538676314e-01,-2.502712587538678535e-01,4.360503836144110495e-03,-4.360503836144583208e-03,-2.650706408664399214e-15
6.879999999999999893e+00,3.000000000000000000e+00,2.719119815399466678e+00,-7.191198153994666775e-01,-7.853981633974487231e-01,3.540585728170831392e-01,-6.158378662891310053e-16,5.983808460362283199e-03,2.503572177761904105e-01,-2.503572177761906326e-01,4.233262607452660878e-03,-4.233262607453088487e-03,-2.393927565749780613e-15
6.900000000000000355e+00,3.000000000000000000e+00,2.724127797297402509e+00,-7.241277972974023980e-01,-7.853981633974486121e-01,3.541763607403203840e-01,-5.486790472543179954e-16,5.786471654184666136e-03,2.504405064154533456e-01,-2.504405064154535121e-01,4.093594971890022333e-03,-4.093594971890403104e-03,-2.132863157451187589e-15
6.919999999999999929e+00,3.000000000000000000e+00,2.729137416245002168e+00,-7.291374162450017238e-01,-7.853981633974489451e-01,3.542900316832505170e-01,-4.766531301417189535e-16,5.572659604448304549e-03,2.505208839100230289e-01,-2.505208839100233620e-01,3.942277579885638747e-03,-3.942277579885972681e-03,-1.852879028733601379e-15
6.940000000000000391e+00,3.000000000000000000e+00,2.734148611741197055e+00,-7.341486117411961665e-01,-7.853981633974487231e-01,3.543992671244983184e-01,-4.110465908697115219e-16,5.343470660726268306e-03,2.505981250312753206e-01,-2.505981250312755426e-01,3.780087081868962248e-03,-3.780087081869249778e-03,-1.597848749736488064e-15
6.959999999999999964e+00,3.000000000000000000e+00,2.739161318935674938e+00,-7.391613189356746050e-01,-7.853981633974488341e-01,3.545037705096795722e-01,-3.399405009458385224e-16,5.100003172584521849e-03,2.506720200835939050e-01,-2.506720200835941825e-01,3.607800128269443660e-03,-3.607800128269682185e-03,-1.321440236912880596e-15
6.980000000000000426e+00,3.000000000000000000e+00,2.744175468939544338e+00,-7.441754689395443378e-01,-7.853981633974488341e-01,3.546032672514017325e-01,-2.683457679086199746e-16,4.843355489603240471e-03,2.507423749043716232e-01,-2.507423749043719008e-01,3.426193369516529474e-03,-3.426193369516718559e-03,-1.043132236768202180e-15
7.000000000000000000e+00,3.000000000000000000e+00,2.749190989135990026e+00,-7.491909891359900264e-01,-7.853981633974487231e-01,3.546975047292637018e-01,-1.962550789972341172e-16,4.574625961343059544e-03,2.508090108640097515e-01,-2.508090108640099736e-01,3.236043456039672250e-03,-3.236043456039811028e-03,-7.628963226325913496e-16
7.019999999999999574e+00,3.000000000000000000e+00,2.754207803490934747e+00,-7.542078034909346362e-01,-7.853981633974488341e-01,3.547862522898554971e-01,-1.224112631192043578e-16,4.294912937373496220e-03,2.508717648659179456e-01,-2.508717648659182231e-01,3.038127038268319344e-03,-3.038127038268407382e-03,-4.758455320474416878e-16
7.040000000000000036e+00,3.000000000000000000e+00,2.759225832863699157e+00,-7.592258328636994902e-01,-7.853981633974488341e-01,3.548693012467586949e-01,-5.117692823153152251e-17,4.005314767272949439e-03,2.509304893465146846e-01,-2.509304893465149622e-01,2.833220766631920282e-03,-2.833220766631958879e-03,-1.989384965268475387e-16
7.060000000000000497e+00,3.000000000000000000e+00,2.764244995317663989e+00,-7.642449953176643218e-01,-7.853981633974489451e-01,3.549464648805464306e-01,2.120586577825642902e-17,3.706929800605607284e-03,2.509850522752269386e-01,-2.509850522752272717e-01,2.622101291559925020e-03,-2.622101291559913745e-03,8.243290875901431037e-17
7.080000000000000071e+00,3.000000000000000000e+00,2.769265206430927329e+00,-7.692652064309271065e-01,-7.853981633974488341e-01,3.550175784387829547e-01,9.349908128855845709e-17,3.400856386948092336e-03,2.510353371544903345e-01,-2.510353371544906120e-01,2.405545263481781351e-03,-2.405545263481719334e-03,3.634560983034342781e-16
7.099999999999999645e+00,3.000000000000000000e+00,2.774286379606965447e+00,-7.742863796069655580e-01,-7.853981633974487231e-01,3.550824991360243543e-01,1.644681396016484185e-16,3.088192875866369036e-03,2.510812430197491008e-01,-2.510812430197493228e-01,2.184329332826943568e-03,-2.184329332826831244e-03,6.393319323679239025e-16
7.120000000000000107e+00,3.000000000000000000e+00,2.779308426385294961e+00,-7.793084263852951832e-01,-7.853981633974488341e-01,3.551411061538175540e-01,2.366172616879143267e-16,2.770037616928178181e-03,2.511226844394557900e-01,-2.511226844394560676e-01,1.959230150024856426e-03,-1.959230150024694229e-03,9.197949919841178945e-16
7.140000000000000568e+00,3.000000000000000000e+00,2.784331256752131001e+00,-7.843312567521313339e-01,-7.853981633974488341e-01,3.551933006407014815e-01,3.068444540764654601e-16,2.447488959710142353e-03,2.511595915150719449e-01,-2.511595915150722225e-01,1.731024365504968150e-03,-1.731024365504757381e-03,1.192786993494520839e-15
7.160000000000000142e+00,3.000000000000000000e+00,2.789354779451048483e+00,-7.893547794510487048e-01,-7.853981633974488341e-01,3.552390057122060130e-01,3.773414589847464847e-16,2.121645253778225992e-03,2.511919098810674322e-01,-2.511919098810677098e-01,1.500488629696734768e-03,-1.500488629696474559e-03,1.466827828900861178e-15
7.179999999999999716e+00,3.000000000000000000e+00,2.794378902293641165e+00,-7.943789022936413868e-01,-7.853981633974487231e-01,3.552781664508526394e-01,4.456319237528970465e-16,1.793604848710828037e-03,2.512196007049207758e-01,-2.512196007049209978e-01,1.268399593029601469e-03,-1.268399593029293339e-03,1.732291248796490102e-15
7.200000000000000178e+00,3.000000000000000000e+00,2.799403532470183364e+00,-7.994035324701826983e-01,-7.853981633974488341e-01,3.553107499061544106e-01,5.126621739918255424e-16,1.464466094068583857e-03,2.512426406871191009e-01,-2.512426406871193785e-01,1.035533905933014743e-03,-1.035533905932660209e-03,1.992855875575609475e-15
7.219999999999999751e+00,3.000000000000000000e+00,2.804428576860286348e+00,-8.044285768602865705e-01,-7.853981633974488341e-01,3.553367450946153805e-01,5.799985939819701841e-16,1.135327339426339677e-03,2.512610220611580791e-01,-2.512610220611583567e-01,8.026682188364301848e-04,-8.026682188360284879e-04,2.254610666596579970e-15
7.240000000000000213e+00,3.000000000000000000e+00,2.809453942343566712e+00,-8.094539423435661574e-01,-7.853981633974487231e-01,3.553561629997314397e-01,6.445444265211525055e-16,8.072869343536126507e-04,2.512747525935420945e-01,-2.512747525935423165e-01,5.705791821692911400e-04,-5.705791821688442319e-04,2.505517692987959534e-15
7.259999999999999787e+00,3.000000000000000000e+00,2.814479536110295665e+00,-8.144795361102955544e-01,-7.853981633974488341e-01,3.553690365719895383e-01,7.070107696664478013e-16,4.814432284216962898e-04,2.512838555837838550e-01,-2.512838555837841326e-01,3.400434463610527169e-04,-3.400434463605622780e-04,2.748341184320497096e-15
7.280000000000000249e+00,3.000000000000000000e+00,2.819505265972068742e+00,-8.195052659720685195e-01,-7.853981633974488341e-01,3.553754207288683520e-01,7.668839590760385062e-16,1.588945712072131755e-04,2.512883698644050590e-01,-2.512883698644053365e-01,1.118376618411607269e-04,-1.118376618406284243e-04,2.981084389022501858e-15
7.299999999999999822e+00,3.000000000000000000e+00,2.824531040672459525e+00,-8.245310406724594143e-01,-7.853981633974486121e-01,3.553753923548377824e-01,8.257079182078655396e-16,-1.592606877292013223e-04,2.512883498009356731e-01,-2.512883498009358396e-01,-1.132615209609342345e-04,1.132615209615075877e-04,3.209748953188981978e-15
7.320000000000000284e+00,3.000000000000000000e+00,2.829556770197683591e+00,-8.295567701976837016e-01,-7.853981633974487231e-01,3.553690503013591795e-01,8.818794997278170890e-16,-4.719241988109246222e-04,2.512838652919142657e-01,-2.512838652919144877e-01,-3.344774516157828187e-04,3.344774516163953387e-04,3.428103011575576978e-15
7.339999999999999858e+00,3.000000000000000000e+00,2.834582366087257554e+00,-8.345823660872575545e-01,-7.853981633974487231e-01,3.553565153868852855e-01,9.351149516504863598e-16,-7.779976124719922836e-04,2.512750017688881732e-01,-2.512750017688883952e-01,-5.510334796939360836e-04,5.510334796945857375e-04,3.635043543830850699e-15
7.360000000000000320e+00,3.000000000000000000e+00,2.839607741744657687e+00,-8.396077417446576874e-01,-7.853981633974486121e-01,3.553379303968602909e-01,9.859255785268462740e-16,-1.076382579137558082e-03,2.512618601964132781e-01,-2.512618601964134446e-01,-7.621529547659429459e-04,7.621529547666278364e-04,3.832558128384242119e-15
7.379999999999999893e+00,3.000000000000000000e+00,2.844632812747983408e+00,-8.446328127479829639e-01,-7.853981633974486121e-01,3.553134600837197787e-01,1.034316569927046576e-15,-1.365980749241657577e-03,2.512445570720538424e-01,-2.512445570720540089e-01,-9.670592264023551276e-04,9.670592264030736284e-04,4.020666938491920874e-15
7.400000000000000355e+00,3.000000000000000000e+00,2.849657497160612341e+00,-8.496574971606126736e-01,-7.853981633974483900e-01,3.552832911668906135e-01,1.079669983872536577e-15,-1.645693773209444544e-03,2.512232244263829517e-01,-2.512232244263830072e-01,-1.164975644173724297e-03,1.164975644174473914e-03,4.196967867337362942e-15
7.419999999999999929e+00,3.000000000000000000e+00,2.854681715841868694e+00,-8.546817158418683613e-01,-7.853981633974485010e-01,3.552476323327914409e-01,1.121054862971012730e-15,-1.914423301469625471e-03,2.511980098229821823e-01,-2.511980098229822933e-01,-1.355125557650596266e-03,1.355125557651374723e-03,4.357842032929107059e-15
7.439999999999999503e+00,3.000000000000000000e+00,2.859705392757672548e+00,-8.597053927576726595e-01,-7.853981633974485010e-01,3.552067142348318551e-01,1.159404582083202017e-15,-2.171070984454459563e-03,2.511690763584417119e-01,-2.511690763584418229e-01,-1.536732316403529100e-03,1.536732316404333795e-03,4.506917714609142983e-15
7.459999999999999964e+00,3.000000000000000000e+00,2.864728455291210452e+00,-8.647284552912105626e-01,-7.853981633974485010e-01,3.551607894934132315e-01,1.193473365323882849e-15,-2.414538472592653306e-03,2.511366026623603753e-01,-2.511366026623604863e-01,-1.709019270003067203e-03,1.709019270003895533e-03,4.639352246156979229e-15
7.480000000000000426e+00,3.000000000000000000e+00,2.869750834553588703e+00,-8.697508345535890362e-01,-7.853981633974483900e-01,3.551101326959281712e-01,1.224191926196788302e-15,-2.643727416314689549e-03,2.511007828973454981e-01,-2.511007828973455536e-01,-1.871209768019764736e-03,1.871209768020613883e-03,4.758763561503550932e-15
7.500000000000000000e+00,3.000000000000000000e+00,2.874772465694497292e+00,-8.747724656944971811e-01,-7.853981633974483900e-01,3.550550403967606683e-01,1.251244893648053830e-15,-2.857539466047498422e-03,2.510618267590130070e-01,-2.510618267590130626e-01,-2.022527160024170656e-03,2.022527160025038018e-03,4.863925728466681704e-15
7.519999999999999574e+00,3.000000000000000000e+00,2.879793288212866287e+00,-8.797932882128665089e-01,-7.853981633974483900e-01,3.549958311172862757e-01,1.273691540484595394e-15,-3.054876272223339129e-03,2.510199594759874864e-01,-2.510199594759875419e-01,-2.162194795586835222e-03,2.162194795587717763e-03,4.951181887209312031e-15
7.540000000000000036e+00,3.000000000000000000e+00,2.884813246267530662e+00,-8.848132462675311061e-01,-7.853981633974482790e-01,3.549328453458717170e-01,1.291211633009269306e-15,-3.234639485270918158e-03,2.509754218099020107e-01,-2.509754218099020107e-01,-2.289436024278310861e-03,2.289436024279205110e-03,5.019287203145847985e-15
7.560000000000000497e+00,3.000000000000000000e+00,2.889832288987888020e+00,-8.898322889878881314e-01,-7.853981633974482790e-01,3.548664455378754412e-01,1.304419051583936434e-15,-3.395730755618941998e-03,2.509284700553983671e-01,-2.509284700553983671e-01,-2.403474195669145878e-03,2.403474195670049236e-03,5.070627994495380358e-15
7.580000000000000071e+00,3.000000000000000000e+00,2.894850370784556759e+00,-8.948503707845569810e-01,-7.853981633974482790e-01,3.547970161156470126e-01,1.312678862891429696e-15,-3.537051733696117140e-03,2.508793760401267781e-01,-2.508793760401267781e-01,-2.503532659329891618e-03,2.503532659330800179e-03,5.102736104534227012e-15
7.599999999999999645e+00,3.000000000000000000e+00,2.899867451660040452e+00,-8.998674516600406736e-01,-7.853981633974481680e-01,3.547249634685276098e-01,1.317228155753384889e-15,-3.657504069934702784e-03,2.508284271247462338e-01,-2.508284271247461783e-01,-2.588834764831099422e-03,2.588834764832010152e-03,5.120420430528221664e-15
7.620000000000000107e+00,3.000000000000000000e+00,2.904883497519385127e+00,-9.048834975193853492e-01,-7.853981633974481680e-01,3.546507159528496378e-01,1.314929311669363364e-15,-3.755989414759852707e-03,2.507759262029241043e-01,-2.507759262029240488e-01,-2.658603861743318031e-03,2.658603861744226592e-03,5.111484204739993827e-15
7.640000000000000568e+00,3.000000000000000000e+00,2.909898480480840544e+00,-9.098984804808407656e-01,-7.853981633974481680e-01,3.545747238919372268e-01,1.307015615855154297e-15,-3.831409418602049755e-03,2.507221917013365831e-01,-2.507221917013365275e-01,-2.712063299637099655e-03,2.712063299638002578e-03,5.080721538795546631e-15
7.660000000000000142e+00,3.000000000000000000e+00,2.914912379186519686e+00,-9.149123791865199085e-01,-7.853981633974480570e-01,3.544974595761055114e-01,1.294722839576426999e-15,-3.882665731893553129e-03,2.506675575796682987e-01,-2.506675575796681876e-01,-2.748436428082994334e-03,2.748436428083887717e-03,5.032936208265994574e-15
7.679999999999999716e+00,3.000000000000000000e+00,2.919925179113059599e+00,-9.199251791130597100e-01,-7.853981633974480570e-01,3.544194172626614625e-01,1.274904190589880705e-15,-3.908660005064845677e-03,2.506123733306124812e-01,-2.506123733306123702e-01,-2.766946596651552112e-03,2.766946596652431183e-03,4.955895784605950466e-15
7.700000000000000178e+00,3.000000000000000000e+00,2.924936872882281325e+00,-9.249368728822813246e-01,-7.853981633974480570e-01,3.543411131759029442e-01,1.250673422806774835e-15,-3.908293888542857530e-03,2.505570039798709070e-01,-2.505570039798707960e-01,-2.766817154913324764e-03,2.766817154914186921e-03,4.861704267470456879e-15
7.719999999999999751e+00,3.000000000000000000e+00,2.929947460571849405e+00,-9.299474605718496267e-01,-7.853981633974479459e-01,3.542630855071197127e-01,1.219506767176766966e-15,-3.880469032754518821e-03,2.505018300861541758e-01,-2.505018300861540093e-01,-2.747271452438863198e-03,2.747271452439702805e-03,4.740551087178881044e-15
7.740000000000000213e+00,3.000000000000000000e+00,2.934956950025934042e+00,-9.349569500259340415e-01,-7.853981633974479459e-01,3.541858944145927501e-01,1.182012836211474532e-15,-3.824087088132088752e-03,2.504472477411811560e-01,-2.504472477411809894e-01,-2.707532838798715723e-03,2.707532838799528874e-03,4.594802084398346098e-15
7.759999999999999787e+00,3.000000000000000000e+00,2.939965357165867932e+00,-9.399653571658681539e-01,-7.853981633974479459e-01,3.541101220235944869e-01,1.136918173099936485e-15,-3.738049705106050169e-03,2.503936685696795394e-01,-2.503936685696793729e-01,-2.646824663563433679e-03,2.646824663564215606e-03,4.419506989698489919e-15
7.780000000000000249e+00,3.000000000000000000e+00,2.944972706300810650e+00,-9.449727063008107608e-01,-7.853981633974478349e-01,3.540363724263885237e-01,1.086089832961346263e-15,-3.621258534106885918e-03,2.503415197293854533e-01,-2.503415197293852312e-01,-2.564370276303569278e-03,2.564370276304315209e-03,4.221923548926516435e-15
7.799999999999999822e+00,3.000000000000000000e+00,2.949979030438405037e+00,-9.499790304384048145e-01,-7.853981633974478349e-01,3.539652716822302425e-01,1.027627565012604558e-15,-3.472615225557973417e-03,2.502912439110437370e-01,-2.502912439110435150e-01,-2.459393026589670826e-03,2.459393026590376424e-03,3.994664975753564905e-15
7.820000000000000284e+00,3.000000000000000000e+00,2.954984371595438919e+00,-9.549843715954388079e-01,-7.853981633974479459e-01,3.538974678173662514e-01,9.596284934724024611e-16,-3.291021429891571870e-03,2.502432993384077209e-01,-2.502432993384075544e-01,-2.331116263992290532e-03,2.331116263992949727e-03,3.730334279776103163e-15
7.839999999999999858e+00,3.000000000000000000e+00,2.959988781108505940e+00,-9.599887811085058287e-01,-7.853981633974478349e-01,3.538336308250345508e-01,8.858545644729987648e-16,-3.075378797539940479e-03,2.501981597682394476e-01,-2.501981597682392255e-01,-2.178763338081978005e-03,2.178763338082586026e-03,3.443555158301259012e-15
7.860000000000000320e+00,3.000000000000000000e+00,2.964992319944665056e+00,-9.649923199446648336e-01,-7.853981633974477239e-01,3.537744526654646449e-01,8.050393466891186157e-16,-2.824588978931785732e-03,2.501563144903094504e-01,-2.501563144903091729e-01,-2.001557598429284587e-03,2.001557598429836229e-03,3.129404651852745030e-15
7.879999999999999893e+00,3.000000000000000000e+00,2.969995059012099592e+00,-9.699950590120998140e-01,-7.853981633974478349e-01,3.537206472658772638e-01,7.152869225272311777e-16,-2.537553624495814120e-03,2.501182683273967533e-01,-2.501182683273965313e-01,-1.798722394604759670e-03,1.798722394605249946e-03,2.780512818376020351e-15
7.900000000000000355e+00,3.000000000000000000e+00,2.974997079470781181e+00,-9.749970794707809585e-01,-7.853981633974477239e-01,3.536729505204848079e-01,6.175392419042333222e-16,-2.213174384657179417e-03,2.500845416352892592e-01,-2.500845416352889816e-01,-1.569481076178954595e-03,1.569481076179377651e-03,2.400541270764755606e-15
7.919999999999999929e+00,3.000000000000000000e+00,2.979998473043123930e+00,-9.799984730431237079e-01,-7.853981633974478349e-01,3.536321202904909589e-01,5.117985673883073690e-16,-1.850352909851693539e-03,2.500556703027831396e-01,-2.500556703027829175e-01,-1.313056992722423091e-03,1.313056992722773722e-03,1.989498804230543794e-15
7.939999999999999503e+00,3.000000000000000000e+00,2.984999342324649696e+00,-9.849993423246499180e-01,-7.853981633974477239e-01,3.535989364040907357e-01,3.971262007622604169e-16,-1.447990850511615690e-03,2.500322057516834451e-01,-2.500322057516831675e-01,-1.028673493805709778e-03,1.028673493805981696e-03,1.543736446111799620e-15
7.959999999999999964e+00,3.000000000000000000e+00,2.989999801094647580e+00,-9.899998010946473581e-01,-7.853981633974477239e-01,3.535742006564705497e-01,2.736928423014141743e-16,-1.004989857056770575e-03,2.500147149368034949e-01,-2.500147149368032173e-01,-7.155539289993675164e-04,7.155539289995548665e-04,1.063917754330084282e-15
7.980000000000000426e+00,3.000000000000000000e+00,2.994999974626830319e+00,-9.949999746268304301e-01,-7.853981633974477239e-01,3.535587368098084826e-01,1.415974400427394641e-16,-5.202515799123119677e-04,2.500037803459655428e-01,-2.500037803459652652e-01,-3.729216478739474862e-04,3.729216478740443597e-04,5.504273665412612841e-16
8.000000000000000000e+00,4.000000000000000000e+00,3.000000000000000000e+00,-1.000000000000000000e+00,-7.853981633974482790e-01,3.535533905932740639e-01,0.000000000000000000e+00,1.894054664719035941e-03,2.500000000000002220e-01,-2.500000000000002220e-01,0.000000000000000000e+00,0.000000000000000000e+00,0.000000000000000000e+00
8.019999999999999574e+00,4.000000000000000000e+00,3.004999293088069567e+00,-1.005001475099999819e+00,-7.860489167356642382e-01,3.536344989963972618e-01,-4.675671430566581688e-02,7.955105166798759342e-03,2.498945737094588337e-01,-2.502200250000002346e-01,-1.042078527437267574e-02,-2.175499999999995146e-02,-1.818885020552135356e-01
8.039999999999999147e+00,4.000000000000000000e+00,3.009994441974750856e+00,-1.010011603200000163e+00,-7.879406955489025588e-01,3.538715947999460099e-01,-8.996682066866569516e-02,1.555099259628001107e-02,2.495879911335821266e-01,-2.508604000000002054e-01,-2.011818886521991173e-02,-4.203999999999991077e-02,-3.506718774268488548e-01
8.060000000000000497e+00,4.000000000000000000e+00,3.014981567186543643e+00,-1.015038499299999675e+00,-7.909820047381225239e-01,3.542565387002484245e-01,-1.294529236322893018e-01,2.277267620830336625e-02,2.490945662861393795e-01,-2.518920250000001859e-01,-2.910757276266513760e-02,-6.088499999999986284e-02,-5.060483211345786492e-01
8.080000000000000071e+00,4.000000000000000000e+00,3.019957072457821301e+00,-1.020089702399999965e+00,-7.950808419756982826e-01,3.547825018482782533e-01,-1.651419861453480575e-01,2.967713286047590771e-02,2.484283059410973826e-01,-2.532864000000001892e-01,-3.740429895683177602e-02,-7.831999999999984807e-02,-6.478514656422397211e-01
8.099999999999999645e+00,4.000000000000000000e+00,3.024917638586039459e+00,-1.025172187499999721e+00,-8.001452876719374885e-01,3.554436240146674475e-01,-1.970447121763193865e-01,3.630511747943288015e-02,2.476029096326204382e-01,-2.550156250000001346e-01,-4.502372943784324621e-02,-9.437499999999979239e-02,-7.760355452139978683e-01
8.119999999999999218e+00,4.000000000000000000e+00,3.029860217286940660e+00,-1.030292377599999698e+00,-8.060840308184303860e-01,3.562347065474555374e-01,-2.252354104235781973e-01,4.268291713060357040e-02,2.466317696550704430e-01,-2.570524000000001252e-01,-5.198122619582297432e-02,-1.090799999999997605e-01,-8.906632680631291210e-01
8.140000000000000568e+00,4.000000000000000000e+00,3.034782025049754139e+00,-1.035456155699999936e+00,-8.128068432815315214e-01,3.571509406998915614e-01,-2.498340508742323274e-01,4.882411795524532749e-02,2.455279710630069168e-01,-2.593700250000001706e-01,-5.829215122089437262e-02,-1.224649999999997269e-01,-9.918956648560192102e-01
8.160000000000000142e+00,4.000000000000000000e+00,3.039680536992406701e+00,-1.040668876800000087e+00,-8.202250114540209358e-01,3.581876712656654194e-01,-2.709913252144181550e-01,5.473135566638731575e-02,2.443042916711867241e-01,-2.619424000000002417e-01,-6.397186650318088807e-02,-1.345599999999997076e-01,-1.079983226235387450e+00
8.179999999999999716e+00,4.000000000000000000e+00,3.044553480716714056e+00,-1.045935379900000184e+00,-8.282517309007112472e-01,3.593401949265470074e-01,-2.888768708456097012e-01,6.039802504513858139e-02,2.429732020545641580e-01,-2.647440250000002160e-01,-6.903573403280593990e-02,-1.453949999999996634e-01,-1.155257733107833973e+00
8.199999999999999289e+00,4.000000000000000000e+00,3.049398830163600138e+00,-1.051260000000000083e+00,-8.368024668871849592e-01,3.606035922674709626e-01,-3.036704195101271875e-01,6.580992758763670736e-02,2.415468655482913563e-01,-2.677500000000002101e-01,-7.349911579989291954e-02,-1.549999999999996381e-01,-1.218124303267421604e+00
8.220000000000000639e+00,4.000000000000000000e+00,3.054214799468292441e+00,-1.056646580100000232e+00,-8.457952815306580829e-01,3.619725920300524424e-01,-3.155554344059938732e-01,7.094683951090274832e-02,2.400371382477178850e-01,-2.709360250000001913e-01,-7.737737379456527398e-02,-1.634049999999996339e-01,-1.269053311244291216e+00
8.240000000000000213e+00,4.000000000000000000e+00,3.058999836815525342e+00,-1.062098483199999999e+00,-8.551511267779200454e-01,3.634414658479071525e-01,-3.247147399290525871e-01,7.578398504606909114e-02,2.384555690083907109e-01,-2.742784000000001443e-01,-8.068587000694642242e-02,-1.706399999999996253e-01,-1.308571972471415545e+00
8.259999999999999787e+00,4.000000000000000000e+00,3.063752618294749652e+00,-1.067618604300000218e+00,-8.647941014757307698e-01,3.650039514318951239e-01,-3.313276695266437200e-01,8.029340255196260046e-02,2.368133994460544234e-01,-2.777540250000001265e-01,-8.343996642715982570e-02,-1.767349999999995869e-01,-1.337255507845495073e+00
8.279999999999999361e+00,4.000000000000000000e+00,3.068472041755329727e+00,-1.073209382400000189e+00,-8.746516703996051190e-01,3.666532019499855743e-01,-3.355683185101197563e-01,8.444519360662461338e-02,2.351215639366512899e-01,-2.813404000000001570e-01,-8.565502504532883365e-02,-1.817199999999996318e-01,-1.355717912876631237e+00
8.300000000000000711e+00,4.000000000000000000e+00,3.073157220661751232e+00,-1.078872812500000000e+00,-8.846548431690929304e-01,3.683817591761601173e-01,-3.376045638021018536e-01,8.820864793216287580e-02,2.333906896163207290e-01,-2.850156250000001057e-01,-8.734640785157689324e-02,-1.856249999999995126e-01,-1.364602441704815483e+00
8.320000000000000284e+00,4.000000000000000000e+00,3.077807477948826254e+00,-1.084610457599999522e+00,-8.947383114072268162e-01,3.701815478672721982e-01,-3.375975866872344966e-01,9.155323976965590305e-02,2.316310963814001145e-01,-2.887584000000000817e-01,-8.852947683602745144e-02,-1.884799999999995090e-01,-1.364571977570249617e+00
8.339999999999999858e+00,4.000000000000000000e+00,3.082422339876895734e+00,-1.090423460700000069e+00,-9.048405431971047186e-01,3.720438887669462180e-01,-3.357017005808481391e-01,9.444949408781511124e-02,2.298527968884241379e-01,-2.925480250000001003e-01,-8.921959398880396908e-02,-1.903149999999995401e-01,-1.356299497400047294e+00
8.359999999999999432e+00,4.000000000000000000e+00,3.087001529887031914e+00,-1.096312556800000504e+00,-9.149038347480382694e-01,3.739595276307847715e-01,-3.320643411316549498e-01,9.686972369573432218e-02,2.280654965541250578e-01,-2.963644000000001388e-01,-8.943212130002980986e-02,-1.911599999999995525e-01,-1.340458850550396264e+00
8.380000000000000782e+00,4.000000000000000000e+00,3.091544962456241663e+00,-1.102278084900000454e+00,-9.248743201126933267e-01,3.759186777147756620e-01,-3.268261205970930394e-01,9.878864083948002417e-02,2.262785935554325611e-01,-3.001880250000001915e-01,-8.918242075982837913e-02,-1.910449999999995485e-01,-1.317716063535903315e+00
8.400000000000000355e+00,4.000000000000000000e+00,3.096052736952676021e+00,-1.108320000000000638e+00,-9.347019407126011536e-01,3.779110732643641279e-01,-3.201208834498790456e-01,1.001838491039510615e-01,2.245011788294739852e-01,-3.040000000000002145e-01,-8.848585435832317936e-02,-1.899999999999996136e-01,-1.288721357984018212e+00
8.419999999999999929e+00,4.000000000000000000e+00,3.100525131490829533e+00,-1.114437885100000081e+00,-9.443403772655639683e-01,3.799260316789336289e-01,-3.120757270174023268e-01,1.010362233380366348e-01,2.227420360735740956e-01,-3.077820250000001256e-01,-8.735778408563753261e-02,-1.880549999999996114e-01,-1.254102032823982915e+00
8.439999999999999503e+00,4.000000000000000000e+00,3.104962596786744466e+00,-1.120630963200000219e+00,-9.537469474156287097e-01,3.819525221978855578e-01,-3.028109710171359992e-01,1.013301868213893897e-01,2.210096417452554751e-01,-3.115164000000001376e-01,-8.581357193189491361e-02,-1.852399999999995439e-01,-1.214456318663866607e+00
8.460000000000000853e+00,4.000000000000000000e+00,3.109365750013216800e+00,-1.126898109300000117e+00,-9.628824729132172688e-01,3.839792391517892201e-01,-2.924400743460891516e-01,1.010538959683167093e-01,2.193121650622378849e-01,-3.151860250000000363e-01,-8.386857988721874158e-02,-1.815849999999994968e-01,-1.170348266867704545e+00
8.480000000000000426e+00,4.000000000000000000e+00,3.113735368654997338e+00,-1.133237862400000129e+00,-9.717111205650783567e-01,3.859946780366184105e-01,-2.810695074188207521e-01,1.001993435190673409e-01,2.176574680024387920e-01,-3.187744000000000688e-01,-8.153816994173250510e-02,-1.771199999999995278e-01,-1.122303691784996227e+00
8.500000000000000000e+00,4.000000000000000000e+00,3.118072384363998584e+00,-1.139648437500000000e+00,-9.802002213708853606e-01,3.879872128925518360e-01,-2.687985945594224546e-01,9.876239142383091973e-02,2.160531053039731197e-01,-3.222656250000000555e-01,-7.883770408555951237e-02,-1.718749999999995282e-01,-1.070807144815426826e+00
8.519999999999999574e+00,4.000000000000000000e+00,3.122377876814495856e+00,-1.146127737600000085e+00,-9.883200722970258978e-01,3.899451736935715673e-01,-2.557193441435363646e-01,9.674274452268605273e-02,2.145063244651534695e-01,-3.256444000000000005e-01,-7.578254430882323811e-02,-1.658799999999994723e-01,-1.016299865497399368e+00
8.539999999999999147e+00,4.000000000000000000e+00,3.126653067558333721e+00,-1.152673365699999897e+00,-9.960437250283065147e-01,3.918569226734591737e-01,-2.419162849790347236e-01,9.414387571838567226e-02,2.130240657444897878e-01,-3.288960250000000363e-01,-7.238805260164712929e-02,-1.591649999999994736e-01,-9.591786286880680246e-01
8.560000000000000497e+00,4.000000000000000000e+00,3.130899313880130652e+00,-1.159282636800000210e+00,-1.003346765810125163e+00,3.937109287223070075e-01,-2.274663263770660415e-01,9.097291269122820268e-02,2.116129621606896716e-01,-3.320064000000000348e-01,-6.866959095415460512e-02,-1.517599999999995064e-01,-8.997953884770426569e-01
8.580000000000000071e+00,4.000000000000000000e+00,3.135118102652476146e+00,-1.165952589899999836e+00,-1.010207090174815248e+00,3.954958391811084217e-01,-2.124386570276283748e-01,8.724049537763001183e-02,2.102793394926581738e-01,-3.349620249999999411e-01,-6.464252135646908481e-02,-1.436949999999995453e-01,-8.384576084480722669e-01
8.599999999999999645e+00,4.000000000000000000e+00,3.139311044191143374e+00,-1.172679999999999723e+00,-1.016604675964128290e+00,3.972005485374121569e-01,-1.968946946445564450e-01,8.296061248782216069e-02,2.090292162794979980e-01,-3.377499999999999392e-01,-6.032220579871390431e-02,-1.349999999999995093e-01,-7.754291635288811380e-01
8.619999999999999218e+00,4.000000000000000000e+00,3.143479866110292065e+00,-1.179461390099999729e+00,-1.022521357641370754e+00,3.988142636806212837e-01,-1.808880948235160324e-01,7.815042432752328239e-02,2.078683038205092759e-01,-3.403580249999998975e-01,-5.572400627101260773e-02,-1.257049999999995116e-01,-7.109316999282283556e-01
8.640000000000000568e+00,4.000000000000000000e+00,3.147626407177664287e+00,-1.186293043199999619e+00,-1.027940604454778750e+00,4.003265655105130993e-01,-1.644648240410130913e-01,7.283007815966513476e-02,2.068020061751896510e-01,-3.427743999999999236e-01,-5.086328476348853794e-02,-1.158399999999994434e-01,-6.451463454032430045e-01
8.660000000000000142e+00,4.000000000000000000e+00,3.151752611169797547e+00,-1.193171014299999833e+00,-1.032847304587985793e+00,4.017274668070080490e-01,-1.476632985165833856e-01,6.702252133382557986e-02,2.058354201632343616e-01,-3.449880249999998649e-01,-4.575540326626521132e-02,-1.054349999999995291e-01,-5.782156711745380928e-01
8.679999999999999716e+00,4.000000000000000000e+00,3.155860520727224561e+00,-1.200091142399999811e+00,-1.037227557029661185e+00,4.030074663638660848e-01,-1.305145879874092529e-01,6.075331645054582452e-02,2.049733353645362688e-01,-3.469883999999999746e-01,-4.041572376946593603e-02,-9.451999999999947943e-02,-5.102458181385576275e-01
8.699999999999999289e+00,4.000000000000000000e+00,3.159952271209676589e+00,-1.207049062499999659e+00,-1.041068472524525168e+00,4.041575994650298265e-01,-1.130426814460533530e-01,5.405046193600604454e-02,2.042202341191854398e-01,-3.487656249999999125e-01,-3.485960826321427702e-02,-8.312499999999953260e-02,-4.413087126826003015e-01
8.720000000000000639e+00,4.000000000000000000e+00,3.164030084551292532e+00,-1.214040217600000027e+00,-1.044357984640406078e+00,4.051694848413063266e-01,-9.526481063259174820e-02,4.694422059026770455e-02,2.035802915274699254e-01,-3.503103999999999107e-01,-2.910241873763355636e-02,-7.127999999999969083e-02,-3.714443106240201131e-01
8.740000000000000213e+00,4.000000000000000000e+00,3.168096263115812494e+00,-1.221059870699999994e+00,-1.047084671706131731e+00,4.060353682886406745e-01,-7.719182655071619992e-02,3.946695794626187137e-02,2.030573754498748718e-01,-3.516140249999999967e-01,-2.315951718284717936e-02,-5.901499999999970658e-02,-3.006628209864004586e-01
8.759999999999999787e+00,4.000000000000000000e+00,3.172153183551794875e+00,-1.228103116800000283e+00,-1.049237590145668753e+00,4.067481631591567393e-01,-5.882862443863739327e-02,3.165299163569734731e-02,2.026550465070832141e-01,-3.526683999999999375e-01,-1.704626558897857566e-02,-4.635999999999965149e-02,-2.289468740786568812e-01
8.779999999999999361e+00,4.000000000000000000e+00,3.176203290647809041e+00,-1.235164894900000032e+00,-1.050806119555898421e+00,4.073014879540685085e-01,-4.017461337616486799e-02,2.353845239789542632e-02,2.023765580799753994e-01,-3.534660249999999060e-01,-1.077802594615119569e-02,-3.334499999999959718e-02,-1.562536103997791415e-01
8.800000000000000711e+00,4.000000000000000000e+00,3.180249091187647981e+00,-1.242240000000000011e+00,-1.051779819748076106e+00,4.076897012550724786e-01,-2.122422792929780019e-02,1.516115688075636569e-02,2.022248563096294416e-01,-3.539999999999999813e-01,-4.370160244488519377e-03,-1.999999999999969164e-02,-8.251667812542300140e-02
8.820000000000000284e+00,4.000000000000000000e+00,3.184293147805523638e+00,-1.249323095100000058e+00,-1.052148299894807071e+00,4.079079342292987742e-01,-1.967480787418972223e-03,6.560491960041048287e-03,2.022025800973206444e-01,-3.542640249999998714e-01,2.161969525886158969e-03,-6.354999999999645655e-03,-7.648137322123440066e-03
8.839999999999999858e+00,4.000000000000000000e+00,3.188338072841280013e+00,-1.256408723200000299e+00,-1.051901099893030933e+00,4.079521209334741050e-01,1.760944290860639791e-02,-2.222690068171218059e-03,2.023120611045221007e-01,-3.542524000000000228e-01,8.803001374849217173e-03,7.560000000000146464e-03,6.845972135928757307e-02
8.859999999999999432e+00,4.000000000000000000e+00,3.192386522195588494e+00,-1.263491319300000360e+00,-1.051027584066551945e+00,4.078190266265719344e-01,3.752354706635529363e-02,-1.114616639723919889e-02,2.025553237529044148e-01,-3.539600250000000115e-01,1.553757331227745980e-02,2.171500000000015085e-02,1.459326268207890853e-01
8.880000000000000782e+00,4.000000000000000000e+00,3.196441189185158294e+00,-1.270565222400000360e+00,-1.049516847386509522e+00,4.075062742775844016e-01,5.779433782170612793e-02,-2.016642999998197183e-02,2.029340852243355364e-01,-3.533823999999999299e-01,2.235032334804737744e-02,3.608000000000022300e-02,2.249126213714404410e-01
8.900000000000000355e+00,4.000000000000000000e+00,3.200504798397938444e+00,-1.277624687500000134e+00,-1.047357634482310340e+00,4.070123694265727621e-01,7.844308286272873298e-02,-2.923876886337417602e-02,2.034497554608810932e-01,-3.525156249999999991e-01,2.922588949203549710e-02,5.062500000000019762e-02,3.055563651122948365e-01
8.919999999999999929e+00,4.000000000000000000e+00,3.204580099548318461e+00,-1.284663897600000437e+00,-1.044538271846570998e+00,4.063367235230495034e-01,9.949201042827837682e-02,-3.831734001450648464e-02,2.041034371648042245e-01,-3.513563999999999576e-01,3.614890975411843427e-02,6.532000000000021123e-02,3.880334097804493121e-01
8.939999999999999503e+00,4.000000000000000000e+00,3.208669861332338780e+00,-1.291676975700000618e+00,-1.041046613803177534e+00,4.054796758259924805e-01,1.209634412234874695e-01,-4.735524047292294370e-02,2.048959257985656368e-01,-3.499020250000000054e-01,4.310402214417276973e-02,8.013500000000020607e-02,4.725243931450547330e-01
8.960000000000000853e+00,4.000000000000000000e+00,3.212776865282885641e+00,-1.298657996800000047e+00,-1.036870003005284424e+00,4.044425139041324391e-01,1.428788470575825809e-01,-5.630457757023776821e-02,2.058277095848234373e-01,-3.481503999999999710e-01,5.007586467207504610e-02,9.504000000000012438e-02,5.592190971643753450e-01
8.980000000000000426e+00,4.000000000000000000e+00,3.216903899624908192e+00,-1.305600999899999781e+00,-1.031995246457334092e+00,4.032274927231830342e-01,1.652578316435448225e-01,-6.511654140886413700e-02,2.068989695064334389e-01,-3.461000249999998668e-01,5.704907534770188582e-02,1.100050000000001305e-01,6.483143051464196338e-01
9.000000000000000000e+00,4.000000000000000000e+00,3.221053753130608044e+00,-1.312500000000000000e+00,-1.026408608308757353e+00,4.018378522477779602e-01,1.881170319240615396e-01,-7.374148259597745891e-02,2.081095793064488553e-01,-3.437499999999998890e-01,6.400829218092984885e-02,1.250000000000001110e-01,7.400113851584840807e-01
9.019999999999999574e+00,4.000000000000000000e+00,3.225229208974652817e+00,-1.319349000100000113e+00,-1.020095820942799048e+00,4.002778334193440313e-01,2.114689427027489910e-01,-8.212899879074875287e-02,2.094591054881204950e-01,-3.411000249999998624e-01,7.093815318163551598e-02,1.399950000000000916e-01,8.345135190708817818e-01
9.039999999999999147e+00,4.000000000000000000e+00,3.229433038589375915e+00,-1.326142003199999975e+00,-1.013042116176340768e+00,3.985526922961480922e-01,2.353206734064351990e-01,-9.022803404587165232e-02,2.109468073148966227e-01,-3.381503999999999066e-01,7.782329635969544024e-02,1.549600000000001254e-01,9.320224892145301254e-01
9.060000000000000497e+00,4.000000000000000000e+00,3.233667995519982519e+00,-1.332873024299999987e+00,-1.005232278687983261e+00,3.966687120575090320e-01,2.596726535211854037e-01,-9.798699540609767666e-02,2.125716368104231535e-01,-3.349020249999998811e-01,8.464835972498620242e-02,1.698650000000000437e-01,1.032734928187444723e+00
9.080000000000000071e+00,4.000000000000000000e+00,3.237936809279752470e+00,-1.339536102400000095e+00,-9.966507240916510080e-01,3.946332124799041829e-01,2.845173125035154738e-01,-1.053538917413785470e-01,2.143322387585434585e-01,-3.313563999999998844e-01,9.139798128738442495e-02,1.846800000000000941e-01,1.136837932601628243e+00
9.099999999999999645e+00,4.000000000000000000e+00,3.242242179205244046e+00,-1.346125312500000115e+00,-9.872816043575830536e-01,3.924545563878539811e-01,3.098377704068596139e-01,-1.122765003275691953e-01,2.162269507032984761e-01,-3.275156249999999214e-01,9.805679905676664698e-02,1.993750000000000244e-01,1.244503939540203330e+00
9.120000000000000995e+00,4.000000000000000000e+00,3.246586768311499061e+00,-1.352634777600000060e+00,-9.771089435333042417e-01,3.901421524668012286e-01,3.356065864228482409e-01,-1.187025672221952988e-01,2.182538029489265452e-01,-3.233823999999998478e-01,1.046094510430094215e-01,2.139199999999999990e-01,1.355884766541894715e+00
9.140000000000000568e+00,4.000000000000000000e+00,3.250973197147245308e+00,-1.359058680700000021e+00,-9.661168069102095135e-01,3.877064536989661137e-01,3.617846230204959102e-01,-1.245800479862086974e-01,2.204105185598637384e-01,-3.189600249999998693e-01,1.110405752559893988e-01,2.282850000000000434e-01,1.471104723755390919e+00
9.160000000000000142e+00,4.000000000000000000e+00,3.255404037650102111e+00,-1.365391276799999831e+00,-9.542895068866168451e-01,3.851589505473529962e-01,3.883200920439455750e-01,-1.298573957310473759e-01,2.226945133607435290e-01,-3.142523999999999318e-01,1.173348097055830763e-01,2.424399999999999888e-01,1.590252722596938728e+00
9.179999999999999716e+00,4.000000000000000000e+00,3.259881807001782761e+00,-1.371626904900000055e+00,-9.416118487585796171e-01,3.825121578697243119e-01,4.151478544123397563e-01,-1.344839037648650759e-01,2.251028959363969573e-01,-3.092640249999998869e-01,1.234767924016670071e-01,2.563549999999998330e-01,1.713373331243628339e+00
9.199999999999999289e+00,4.000000000000000000e+00,3.264408961483299176e+00,-1.377760000000000318e+00,-9.280694194811768272e-01,3.797795943967585131e-01,4.421890452713217456e-01,-1.384101101984391846e-01,2.276324676318526585e-01,-3.039999999999999369e-01,1.294511613541179385e-01,2.699999999999999623e-01,1.840456766320149429e+00
9.220000000000000639e+00,4.000000000000000000e+00,3.268987890330165680e+00,-1.383785105100000079e+00,-9.136489220343887441e-01,3.769757534617866335e-01,4.693510900573918954e-01,-1.415882716560812327e-01,2.302797225523366409e-01,-2.984660249999999126e-01,1.352425545728122291e-01,2.833449999999997915e-01,1.971427865012954861e+00
9.240000000000000213e+00,4.000000000000000000e+00,3.273620909587603656e+00,-1.389696883200000066e+00,-8.983385573423933179e-01,3.741160635305151305e-01,4.965281629340611014e-01,-1.439729126093105549e-01,2.330408475632725906e-01,-2.926683999999999397e-01,1.408356100676266820e-01,2.963599999999999013e-01,2.106134155218153392e+00
9.259999999999999787e+00,4.000000000000000000e+00,3.278310255965745768e+00,-1.395490129299999937e+00,-8.821284546736372079e-01,3.712168369574143645e-01,5.235999999999999543e-01,-1.455214556853654528e-01,2.359117222902817335e-01,-2.866140249999998835e-01,1.462149658484376558e-01,3.090149999999998176e-01,2.244333235229638568e+00
9.279999999999999361e+00,4.000000000000000000e+00,3.283058080694837066e+00,-1.401159782400000164e+00,-8.650111500332610115e-01,3.682952053031006701e-01,5.235999999999999543e-01,-1.461949364623045255e-01,2.388879191191826123e-01,-2.803103999999999041e-01,1.513652599251218978e-01,3.212799999999998990e-01,2.385679789713298415e+00
9.300000000000000711e+00,4.000000000000000000e+00,3.287866443380441428e+00,-1.406700937500000137e+00,-8.469821101992425216e-01,3.653690394989219659e-01,5.235999999999999543e-01,-1.459588036124106480e-01,2.419647031959915595e-01,-2.737656249999998459e-01,1.562711303075558777e-01,3.331249999999998934e-01,2.529712704100009812e+00
9.320000000000000284e+00,4.000000000000000000e+00,3.292737305858646213e+00,-1.412108857599999823e+00,-8.280402977157892419e-01,3.624568531586041531e-01,5.235999999999999543e-01,-1.447838016760574220e-01,2.451370324269223633e-01,-2.669883999999999036e-01,1.609172150056162043e-01,3.445199999999998819e-01,2.675842890945137498e+00
9.339999999999999858e+00,4.000000000000000000e+00,3.297672526051264263e+00,-1.417378985700000094e+00,-8.081887693370561898e-01,3.595776874318797889e-01,5.235999999999999543e-01,-1.426469291565837239e-01,2.483995574783862403e-01,-2.599880249999998449e-01,1.652881520291794026e-01,3.554349999999999454e-01,2.823342601214119174e+00
9.359999999999999432e+00,4.000000000000000000e+00,3.302673851821037676e+00,-1.422506956800000166e+00,-7.874352971479054997e-01,3.567509759923409574e-01,5.235999999999999543e-01,-1.395324590046893576e-01,2.517466217769920855e-01,-2.527743999999998992e-01,1.693685793881221924e-01,3.658399999999999430e-01,2.971337148040107401e+00
9.380000000000000782e+00,4.000000000000000000e+00,3.307742914826845571e+00,-1.427488609900000149e+00,-7.657929979686821653e-01,3.539963890716920636e-01,5.235999999999999543e-01,-1.354330019878666747e-01,2.551722615095461943e-01,-2.453580249999998686e-01,1.731431350923209878e-01,3.757049999999998446e-01,3.118800102117220252e+00
9.400000000000000355e+00,4.000000000000000000e+00,3.312881224378901202e+00,-1.432319999999999816e+00,-7.432809528397096299e-01,3.513336559128262260e-01,5.235999999999999543e-01,-1.303505861250116027e-01,2.586702056230524849e-01,-2.377499999999998503e-01,1.765964571516525083e-01,3.849999999999998423e-01,3.264553103223938990e+00
9.419999999999999929e+00,4.000000000000000000e+00,3.318090161293964169e+00,-1.436997410100000039e+00,-7.199247946190689973e-01,3.487823656266916816e-01,5.235999999999999543e-01,-1.242977176791484339e-01,2.622338758247123036e-01,-2.299620249999999588e-01,1.797131835759931962e-01,3.936949999999997396e-01,3.407271444122717874e+00
9.439999999999999503e+00,4.000000000000000000e+00,3.323370971750535752e+00,-1.441517363200000013e+00,-6.957572383361723123e-01,3.463617472056603752e-01,5.235999999999999543e-01,-1.172983816895474263e-01,2.658563865819247307e-01,-2.220063999999999371e-01,1.824779523752197152e-01,4.017599999999997840e-01,3.545496492575159753e+00
9.460000000000000853e+00,4.000000000000000000e+00,3.328724761144070676e+00,-1.445876634300000019e+00,-6.708185263178717550e-01,3.440904303591096891e-01,5.235999999999999543e-01,-1.093889334157474025e-01,2.695305451222861914e-01,-2.138960249999999064e-01,1.848754015592085909e-01,4.091649999999997234e-01,3.677655798554112732e+00
9.480000000000000426e+00,4.000000000000000000e+00,3.334152487942176002e+00,-1.450072262399999978e+00,-6.451567586858789616e-01,3.419861898690303992e-01,5.235999999999999543e-01,-1.006188272300843067e-01,2.732488514335906782e-01,-2.056443999999999495e-01,1.868901691378364871e-01,4.158799999999998054e-01,3.802091369443601376e+00
9.500000000000000000e+00,4.000000000000000000e+00,3.339654957539816227e+00,-1.454101562500000000e+00,-6.188280800639101020e-01,3.400656772699063857e-01,5.235999999999999543e-01,-9.105112737877085749e-02,2.770034982638297505e-01,-1.972656249999999445e-01,1.885068931209799015e-01,4.218749999999997780e-01,3.917096083514046700e+00
9.519999999999999574e+00,4.000000000000000000e+00,3.345232816114518837e+00,-1.457962137600000041e+00,-5.918966956291461523e-01,3.383441447738796404e-01,5.235999999999999543e-01,-8.076274654530202213e-02,2.807863711211925350e-01,-1.887743999999999533e-01,1.897102115185154148e-01,4.271199999999997221e-01,4.020957569768191853e+00
9.539999999999999147e+00,4.000000000000000000e+00,3.350886544481575857e+00,-1.461651890699999790e+00,-5.644346942734198569e-01,3.368351674080943825e-01,5.235999999999999543e-01,-6.984436402501970065e-02,2.845890482740655036e-01,-1.801860249999999164e-01,1.904847623403196633e-01,4.315849999999996633e-01,4.112008154269408244e+00
9.560000000000000497e+00,4.000000000000000000e+00,3.356616451949251179e+00,-1.465169036800000324e+00,-5.365216636888425761e-01,3.355503702128787569e-01,5.235999999999999543e-01,-5.839998594631801154e-02,2.884028007510329727e-01,-1.715163999999999578e-01,1.908151835962691445e-01,4.352399999999997937e-01,4.188678729014175595e+00
9.580000000000000071e+00,4.000000000000000000e+00,3.362422670173978556e+00,-1.468512114899999776e+00,-5.082440914871345639e-01,3.344991679702416509e-01,5.235999999999999543e-01,-4.654612524862855594e-02,2.922185923408764374e-01,-1.627820249999999414e-01,1.906861132962404948e-01,4.380549999999997501e-01,4.249553729895902521e+00
9.599999999999999645e+00,4.000000000000000000e+00,3.368305147015573819e+00,-1.471680000000000099e+00,-4.796945575346786561e-01,3.336885252029336280e-01,5.235999999999999543e-01,-3.441059834915982663e-02,2.960270795925752374e-01,-1.539999999999999425e-01,1.900821894501102949e-01,4.399999999999998357e-01,4.293423915767738741e+00
9.620000000000000995e+00,4.000000000000000000e+00,3.374263640392430652e+00,-1.474671915099999842e+00,-4.509707347799038479e-01,3.331227440362752312e-01,5.235999999999999543e-01,-2.213095727497993437e-02,2.998186118153060020e-01,-1.451880249999999151e-01,1.889880500677549868e-01,4.410449999999997983e-01,4.319333415065139903e+00
9.640000000000000568e+00,4.000000000000000000e+00,3.380297712136731025e+00,-1.477487443200000028e+00,-4.221742279750427262e-01,3.328032869119344483e-01,5.235999999999999543e-01,-9.852598642616783309e-03,3.035832310784430943e-01,-1.363643999999999135e-01,1.873883331590512902e-01,4.411599999999997745e-01,4.326617618653023634e+00
9.660000000000000142e+00,4.000000000000000000e+00,3.386406721849644086e+00,-1.480126539300000044e+00,-3.934092907303144981e-01,3.327286400905705155e-01,5.235999999999999543e-01,2.273387970824103377e-03,3.073106722115582778e-01,-1.275480249999998983e-01,1.852676767338758135e-01,4.403149999999997344e-01,4.314928973753774599e+00
9.679999999999999716e+00,4.000000000000000000e+00,3.392589820756533925e+00,-1.482589542399999960e+00,-3.647814701790081937e-01,3.328942224307674391e-01,5.235999999999999543e-01,1.409255225985184268e-02,3.109903628044207724e-01,-1.187584000000000001e-01,1.826107188021050265e-01,4.384799999999997033e-01,4.284248546695839543e+00
9.699999999999999289e+00,4.000000000000000000e+00,3.398845945562161130e+00,-1.484877187499999973e+00,-3.363962342435495301e-01,3.332923421809645959e-01,5.235999999999999543e-01,2.544950423487613023e-02,3.146114232069976424e-01,-1.100156249999999919e-01,1.794020973736155655e-01,4.356249999999997624e-01,4.234882290021415585e+00
9.720000000000000639e+00,4.000000000000000000e+00,3.405173812305888337e+00,-1.486990617599999842e+00,-3.083576384591267261e-01,3.339122026001625221e-01,5.235999999999999543e-01,3.619032755602447082e-02,3.181626665294531309e-01,-1.013403999999999833e-01,1.756264504582839836e-01,4.317199999999998261e-01,4.167442146576428641e+00
9.740000000000000213e+00,4.000000000000000000e+00,3.411571910216883108e+00,-1.488931395699999882e+00,-2.807670873329584094e-01,3.347399552832056036e-01,5.235999999999999543e-01,4.616489151202429753e-02,3.216325986421492145e-01,-9.275402500000000383e-02,1.712684160659868615e-01,4.267349999999998089e-01,4.082813300726717998e+00
9.759999999999999787e+00,4.000000000000000000e+00,3.418038495569321711e+00,-1.490701516799999959e+00,-2.537222395441584011e-01,3.357587982606434762e-01,5.235999999999999543e-01,5.522897813203719863e-02,3.250094181756453260e-01,-8.427840000000000331e-02,1.663126322066007523e-01,4.206399999999997918e-01,3.982109898870525466e+00
9.779999999999999361e+00,4.000000000000000000e+00,3.424571585537594665e+00,-1.492303419900000039e+00,-2.273160975819427387e-01,3.369491144084870715e-01,5.235999999999999543e-01,6.324615710624925669e-02,3.282810165206984654e-01,-7.593602499999999034e-02,1.607437368900022368e-01,4.134049999999999114e-01,3.866622290417289332e+00
9.800000000000000711e+00,4.000000000000000000e+00,3.431168952051508736e+00,-1.493740000000000068e+00,-2.016363116453198656e-01,3.382886445448935464e-01,5.235999999999999543e-01,7.008936160602630139e-02,3.314349778282631998e-01,-6.774999999999999079e-02,1.545463681260679789e-01,4.049999999999998601e-01,3.737759216082193081e+00
9.820000000000000284e+00,4.000000000000000000e+00,3.437828115651492045e+00,-1.495014620100000080e+00,-1.767647159118693190e-01,3.397526888727282479e-01,5.235999999999999543e-01,7.564214058127305407e-02,3.344585790094914968e-01,-5.974402499999997840e-02,1.477051639246744486e-01,3.953949999999998299e-01,3.596988377849406060e+00
9.839999999999999858e+00,4.000000000000000000e+00,3.444546339343797392e+00,-1.496131123199999857e+00,-1.527771037549950917e-01,3.413143301681443864e-01,5.235999999999999543e-01,7.979958552165733465e-02,3.373387897357330023e-01,-5.194239999999997193e-02,1.402047622956982265e-01,3.845599999999998464e-01,3.445778501491017387e+00
9.859999999999999432e+00,4.000000000000000000e+00,3.451320622455707365e+00,-1.497093844300000143e+00,-1.297432381378584576e-01,3.429446722935944880e-01,5.235999999999999543e-01,8.246895015076560753e-02,3.400622724385348183e-01,-4.437002499999996574e-02,1.320298012490159767e-01,3.724649999999998795e-01,3.285545424486431720e+00
9.880000000000000782e+00,4.000000000000000000e+00,3.458147694490736335e+00,-1.497907622399999861e+00,-1.077270849889362947e-01,3.446130881741750751e-01,5.235999999999999543e-01,8.356999873712567251e-02,3.426153823096414475e-01,-3.705239999999997147e-02,1.231649187945042107e-01,3.590799999999998993e-01,3.117604006911943504e+00
9.900000000000000355e+00,4.000000000000000000e+00,3.465024008983836890e+00,-1.498577812499999995e+00,-8.678725133149751969e-02,3.462874722430796526e-01,5.235999999999999543e-01,8.303513192208633598e-02,3.449841673009951815e-01,-3.001562499999996941e-02,1.135947529420395230e-01,3.443749999999998757e-01,2.943126869787791478e+00
9.919999999999999929e+00,4.000000000000000000e+00,3.471945737356600947e+00,-1.499110297600000141e+00,-6.697760647239625609e-02,3.479344934510584242e-01,5.235999999999999543e-01,8.080934805360584505e-02,3.471543681247358237e-01,-2.328640000000003346e-02,1.033039417014985917e-01,3.283200000000001673e-01,2.763110200426143415e+00
9.939999999999999503e+00,4.000000000000000000e+00,3.478908762772466634e+00,-1.499511500699999944e+00,-4.834806358267409315e-02,3.495198461652238020e-01,5.235999999999999543e-01,7.685010336665420994e-02,3.491114182532004673e-01,-1.689202500000002577e-02,9.227712308275777542e-02,3.108850000000001335e-01,2.578346190054622511e+00
9.960000000000000853e+00,4.000000000000000000e+00,3.485908673991919393e+00,-1.499788396800000090e+00,-3.094550027034890724e-02,3.510084975857246103e-01,5.235999999999999543e-01,7.112713673874004883e-02,3.508404439189239388e-01,-1.086040000000001657e-02,8.049893509569376604e-02,2.920400000000001328e-01,2.389401120729927275e+00
9.980000000000000426e+00,4.000000000000000000e+00,3.492940759227698866e+00,-1.499948524899999969e+00,-1.481479989425327042e-02,3.523649316347736149e-01,5.143432089606747581e-01,6.362232518874044729e-02,3.523262641146385765e-01,-5.220025000000008339e-03,6.795401575018314433e-02,2.717550000000001909e-01,2.196597705845055426e+00
1.000000000000000000e+01,5.000000000000000000e+00,3.500000000000000000e+00,-1.500000000000000000e+00,0.000000000000000000e+00,3.535533905932741749e-01,4.751802056658828155e-01,4.607359130012156356e-02,3.535533905932741749e-01,0.000000000000000000e+00,5.462700305610246332e-02,2.500000000000002220e-01,1.999999999999997113e+00
1.001999999999999957e+01,5.000000000000000000e+00,3.507078808559127125e+00,-1.499949085805471816e+00,1.450161159852499104e-02,3.542078752867784397e-01,4.951258646470479419e-01,1.196879003067152780e-02,3.541706315589291387e-01,5.136404999927046341e-03,7.575915023379132737e-03,2.634959292499895467e-01,2.099088216600649037e+00
1.003999999999999915e+01,5.000000000000000000e+00,3.514160742288694017e+00,-1.499792801888276017e+00,2.975905604386343273e-02,3.540321421945010760e-01,5.171099309314203252e-01,-2.782955528397224043e-02,3.538753880801569496e-01,1.053410736350020131e-02,-3.663104011719930941e-02,2.761323875250720206e-01,2.210809124684052218e+00
1.006000000000000050e+01,5.000000000000000000e+00,3.521228116486897264e+00,-1.499526093134870619e+00,4.582833078141129723e-02,3.530946930754194635e-01,5.235999999999999543e-01,-6.421328253850688839e-02,3.527239668909653569e-01,1.617607674084899777e-02,-7.805145474915527182e-02,2.879252817880147974e-01,2.335646129195506848e+00
1.008000000000000007e+01,5.000000000000000000e+00,3.528264361068137234e+00,-1.499144241857318427e+00,6.276633506906970084e-02,3.514636108929608538e-01,5.235999999999999543e-01,-9.720244204892125595e-02,3.507715228776914218e-01,2.204560092135830762e-02,-1.167429212560111285e-01,2.988905190015846425e-01,2.474159396805466038e+00
1.009999999999999964e+01,5.000000000000000000e+00,3.535253997526067060e+00,-1.498642861430501849e+00,8.063073735704662237e-02,3.492065953934626599e-01,5.235999999999999543e-01,-1.268154755831112368e-01,3.480720590790020719e-01,2.812628583366834703e-02,-1.527630320212892412e-01,3.090440061285485984e-01,2.626949532254724051e+00
1.011999999999999922e+01,5.000000000000000000e+00,3.542182615896633635e+00,-1.498017889929337931e+00,9.947967345919195292e-02,3.463909918696364554e-01,5.235999999999999543e-01,-1.530696415091163942e-01,3.446784266858934909e-01,3.440205554567464519e-02,-1.861693794285119996e-01,3.184016501316735970e-01,2.794617644297193060e+00
1.014000000000000057e+01,5.000000000000000000e+00,3.549036851721128372e+00,-1.497265583765993391e+00,1.193712584789975856e-01,3.430838097330977665e-01,5.235999999999999543e-01,-1.759816286817788011e-01,3.406423250416917847e-01,4.085715226452815013e-02,-2.170195558612017794e-01,3.269793579737265699e-01,2.977719095874330257e+00
1.016000000000000014e+01,5.000000000000000000e+00,3.555804363009232638e+00,-1.496382511327100095e+00,1.403628902279660251e-01,3.393517267223651879e-01,5.235999999999999543e-01,-1.955684014422409689e-01,3.360143016420522599e-01,4.747613633663502752e-02,-2.453711537028810952e-01,3.347930366174747263e-01,3.176708559185403846e+00
1.017999999999999972e+01,5.000000000000000000e+00,3.562473807202061415e+00,-1.495365546610967211e+00,1.625103185259332839e-01,3.352610736754082499e-01,5.235999999999999543e-01,-2.118483222316029924e-01,3.308437521349598676e-01,5.424388624765688616e-02,-2.712817653370722115e-01,3.418585930256845540e-01,3.391874370689701212e+00
1.019999999999999929e+01,5.000000000000000000e+00,3.569034818135216280e+00,-1.494211862864799123e+00,1.858664537916338289e-01,3.308777938331012858e-01,5.235999999999999543e-01,-2.248426000615157960e-01,3.251789203207291479e-01,6.114559862251060796e-02,-2.948089831472974764e-01,3.481919341611233731e-01,3.623260738155507976e+00
1.022000000000000064e+01,5.000000000000000000e+00,3.575477983001826843e+00,-1.492918926221910692e+00,2.104798905114493857e-01,3.262673696729473383e-01,5.235999999999999543e-01,-2.345771108701413254e-01,3.190668981520042302e-01,6.816678822536845206e-02,-3.160103995170793212e-01,3.538089669865579490e-01,3.870577230049370154e+00
1.024000000000000021e+01,5.000000000000000000e+00,3.581794819315598843e+00,-1.491484489338938735e+00,2.363931275696285750e-01,3.214947093982954973e-01,5.235999999999999543e-01,-2.410846275998910215e-01,3.125536257337586665e-01,7.529328795965799237e-02,-3.349436068299402325e-01,3.587255984647553242e-01,4.133096316046788843e+00
1.025999999999999979e+01,5.000000000000000000e+00,3.587977751873861809e+00,-1.489906585033060837e+00,2.636404792616983683e-01,3.166239845689519106e-01,5.235999999999999543e-01,-2.444074812768031180e-01,3.056838913232959309e-01,8.251124886806221470e-02,-3.516661974694024750e-01,3.629577355584825415e-01,4.409541648508697342e+00
1.027999999999999936e+01,5.000000000000000000e+00,3.594020089720612710e+00,-1.488183519919207054e+00,2.922456893280998003e-01,3.117184101472236235e-01,5.235999999999999543e-01,-2.446006469324588650e-01,2.985013313302484761e-01,8.980714013251928085e-02,-3.662357638189884246e-01,3.665212852305063662e-01,4.697972348129717979e+00
1.030000000000000071e+01,5.000000000000000000e+00,3.599916003109566276e+00,-1.486313868047275832e+00,3.222192865006335283e-01,3.068399586916532584e-01,5.235999999999999543e-01,-2.417352077100325403e-01,2.910484303165786768e-01,9.716774907422286167e-02,-3.787098982622204568e-01,3.694321544435938409e-01,4.995671744555520100e+00
1.032000000000000028e+01,5.000000000000000000e+00,3.605660500467199103e+00,-1.484296464539350824e+00,3.535557541358986255e-01,3.020490018388221065e-01,5.235999999999999543e-01,-2.359020958343318597e-01,2.833665209965784970e-01,1.045801811536219011e-01,-3.891461931826211140e-01,3.717062501605119529e-01,5.299052607399916681e+00
1.033999999999999986e+01,5.000000000000000000e+00,3.611249405355797748e+00,-1.482130399226912809e+00,3.862306276003530381e-01,2.974038748582801817e-01,5.235999999999999543e-01,-2.272159412945669033e-01,2.754957842368692678e-01,1.120318599704206719e-01,-3.976022409637126609e-01,3.733594793440276893e-01,5.603594414932709711e+00
1.035999999999999943e+01,5.000000000000000000e+00,3.616679333436503274e+00,-1.479815010288056731e+00,4.201976784755316885e-01,2.929603641870396347e-01,5.235999999999999543e-01,-2.158187823418531437e-01,2.674752490564020202e-01,1.195105272635788030e-01,-4.041356339890176397e-01,3.744077489569080375e-01,5.903830877368427821e+00
1.038000000000000078e+01,5.000000000000000000e+00,3.621947669432358019e+00,-1.477349877884704066e+00,4.553863894196165663e-01,2.887711235646058250e-01,5.235999999999999543e-01,-2.018833147898861924e-01,2.593427926264570416e-01,1.270042429113112381e-01,-4.088039646420582041e-01,3.748669659619197625e-01,6.193406714254273915e+00
1.040000000000000036e+01,5.000000000000000000e+00,3.627052544091355912e+00,-1.474734817799821629e+00,4.916999603066252722e-01,2.848850315954440382e-01,5.235999999999999543e-01,-1.856152928836332094e-01,2.511351402706446523e-01,1.345013849310882914e-01,-4.116648253063568408e-01,3.747530373218300181e-01,6.465220406483534354e+00
1.041999999999999993e+01,5.000000000000000000e+00,3.631992811149483469e+00,-1.471969875074632839e+00,5.290141058025376042e-01,2.813465118492606276e-01,5.235999999999999543e-01,-1.672546603170337320e-01,2.428878654649042623e-01,1.419906494796354945e-01,-4.127758083654359256e-01,3.740818699994055696e-01,6.711663301502778012e+00
1.043999999999999950e+01,5.000000000000000000e+00,3.636768024293773216e+00,-1.469055317645834968e+00,5.671768969897607038e-01,2.781948451827628288e-01,5.235999999999999543e-01,-1.470750042966537663e-01,2.346353898375052038e-01,1.494610508529340132e-01,-4.121945062028177231e-01,3.728693709574133486e-01,6.924954657928833690e+00
1.046000000000000085e+01,5.000000000000000000e+00,3.641378414125342466e+00,-1.465991629982813071e+00,6.060098568609292302e-01,2.754635116773943571e-01,5.235999999999999543e-01,-1.253810036591662680e-01,2.264109831690460095e-01,1.569019214862200085e-01,-4.099785112020248312e-01,3.711314471586205643e-01,7.097557672676951590e+00
1.048000000000000043e+01,5.000000000000000000e+00,3.645824865122446301e+00,-1.462779506724853906e+00,6.453104378511027583e-01,2.731796050363960449e-01,5.235999999999999543e-01,-1.025036903647009723e-01,2.182467633924551342e-01,1.643029119539852756e-01,-4.061854157465795145e-01,3.688840055657941486e-01,7.222645329536632630e+00
1.050000000000000000e+01,5.000000000000000000e+00,3.650108892603520783e+00,-1.459419846318362968e+00,6.848558926744172659e-01,2.713633640628064225e-01,5.235999999999999543e-01,-7.879355438000690270e-02,2.101736965929903722e-01,1.716539909699766886e-01,-4.008728122200042598e-01,3.661429531417008665e-01,7.294570412635842160e+00
1.051999999999999957e+01,5.000000000000000000e+00,3.654232619690229722e+00,-1.455913744654077524e+00,7.244084098582319609e-01,2.700278628611958442e-01,5.235999999999999543e-01,-5.461177029873987010e-02,2.022215970082389958e-01,1.789454453871966444e-01,-3.940982930058214428e-01,3.629241968491077053e-01,7.309285207264713868e+00
1.053999999999999915e+01,5.000000000000000000e+00,3.658198754270513664e+00,-1.452262488704282317e+00,7.637212426320476588e-01,2.691788932508568655e-01,5.235999999999999543e-01,-3.032007050402452109e-02,1.944191270281180328e-01,1.861678801979027853e-01,-3.859194504875532727e-01,3.592436436507818187e-01,7.264656638248918163e+00
1.056000000000000050e+01,5.000000000000000000e+00,3.662010565961633102e+00,-1.448467550160025930e+00,8.025454385999069018e-01,2.688150600410348368e-01,5.235999999999999543e-01,-6.269987665298515367e-03,1.867937971948739340e-01,1.933122185336081100e-01,-3.763938770487223473e-01,3.551172005094899720e-01,7.160633335936439359e+00
1.058000000000000007e+01,5.000000000000000000e+00,3.665671863073217018e+00,-1.444530579068330711e+00,8.406367008621847825e-01,2.689280937442449226e-01,5.235999999999999543e-01,1.720770303179541827e-02,1.793719662030826834e-01,2.003697016650810014e-01,-3.655791650728511533e-01,3.505607743879990967e-01,6.999241049558042604e+00
1.059999999999999964e+01,5.000000000000000000e+00,3.669186969570311430e+00,-1.440453397469414476e+00,8.777618943833622733e-01,2.695033681623066335e-01,5.235999999999999543e-01,3.981251940188190730e-02,1.721788408996500208e-01,2.073318890023452266e-01,-3.535329069434614002e-01,3.455902722490762358e-01,6.784407907960343209e+00
1.061999999999999922e+01,5.000000000000000000e+00,3.672560702036420377e+00,-1.436237993033900651e+00,9.137047579074714099e-01,2.705205945203201789e-01,5.235999999999999543e-01,6.128208672874535523e-02,1.652384762838109145e-01,2.141906580946796312e-01,-3.403126950440763521e-01,3.402216010554884873e-01,6.521645628177285658e+00
1.064000000000000057e+01,5.000000000000000000e+00,3.675798346636557135e+00,-1.431886512700034197e+00,9.482704821115826022e-01,2.719546516314564899e-01,5.235999999999999543e-01,8.139774708723113150e-02,1.585737755071301158e-01,2.209382046306187508e-01,-3.259761217582178849e-01,3.344706677700025610e-01,6.217631450691750494e+00
1.066000000000000014e+01,5.000000000000000000e+00,3.678905636080291419e+00,-1.427401256310897093e+00,9.812889492674671255e-01,2.737765044038095175e-01,5.235999999999999543e-01,9.998774220641859500e-02,1.522064898735017990e-01,2.275670424379521994e-01,-3.105807794694085411e-01,3.283533793553855551e-01,5.879744770234556661e+00
1.067999999999999972e+01,5.000000000000000000e+00,3.681888726584792160e+00,-1.422784670251624028e+00,1.012616574041216522e+00,2.759541613197131205e-01,5.235999999999999543e-01,1.169280107296755133e-01,1.461572188391499771e-01,2.340700034837250587e-01,-2.941842605611705852e-01,3.218856427744042903e-01,5.515611348700556249e+00
1.069999999999999929e+01,5.000000000000000000e+00,3.684754174837875595e+00,-1.418039341086614336e+00,1.042136816236981511e+00,2.784536248329964603e-01,5.235999999999999543e-01,1.321408602273512756e-01,1.404454100126277249e-01,2.404402378742377389e-01,-2.768441574170267261e-01,3.150833649898259203e-01,5.132698484981740528e+00
1.072000000000000064e+01,5.000000000000000000e+00,3.687508914961055595e+00,-1.413167989196750574e+00,1.069759537594813015e+00,2.812397957288073069e-01,5.235999999999999543e-01,1.455919244831545001e-01,1.350893591548181782e-01,2.466712138550459232e-01,-2.586180624204991174e-01,3.079624529644172659e-01,4.737990050299371703e+00
1.074000000000000021e+01,5.000000000000000000e+00,3.690160235472581984e+00,-1.408173462416609789e+00,1.095419438051971950e+00,2.842773018123228024e-01,5.235999999999999543e-01,1.572858890063262294e-01,1.301062101789335623e-01,2.527567178109607071e-01,-2.395635679551099961e-01,3.005388136609453698e-01,4.337754686999736542e+00
1.075999999999999979e+01,5.000000000000000000e+00,3.692715756250496195e+00,-1.403058729671682103e+00,1.119073832257280188e+00,2.875312312890602184e-01,5.235999999999999543e-01,1.672614697988317189e-01,1.255119551505160247e-01,2.586908542660484311e-01,-2.197382664043817935e-01,2.928283540421769970e-01,3.937406789701506149e+00
1.077999999999999936e+01,5.000000000000000000e+00,3.695183405495670481e+00,-1.397826874615581971e+00,1.140700020715133434e+00,2.909677606042759268e-01,5.235999999999999543e-01,1.755860795728843016e-01,1.213214342874370522e-01,2.644680458836309311e-01,-1.991997501518370517e-01,2.848469810708792460e-01,3.541449935706108665e+00
1.080000000000000071e+01,5.000000000000000000e+00,3.697571396694863122e+00,-1.392481089267266992e+00,1.160292481005251286e+00,2.945546744719756971e-01,5.235999999999999543e-01,1.823505329769341543e-01,1.175483359598977900e-01,2.700830334662852605e-01,-1.780056115809982575e-01,2.766106017098192149e-01,3.153486705894582798e+00
1.082000000000000028e+01,5.000000000000000000e+00,3.699888205583753642e+00,-1.387024667648249165e+00,1.177860062861230794e+00,2.982617819233535084e-01,5.235999999999999543e-01,1.876640475645610096e-01,1.142051966904289173e-01,2.755308759558436904e-01,-1.562134430753874814e-01,2.681351229217635579e-01,2.776276872993233447e+00
1.083999999999999986e+01,5.000000000000000000e+00,3.702142547109999793e+00,-1.381460999419811486e+00,1.193423324950608100e+00,3.020612363745580065e-01,5.235999999999999543e-01,1.916497053126118288e-01,1.113034011538906465e-01,2.808069504333942090e-01,-1.338808370185275987e-01,2.594364516694795952e-01,2.411826753064582718e+00
1.085999999999999943e+01,5.000000000000000000e+00,3.704343352396276323e+00,-1.375793563520222307e+00,1.207012107193389694e+00,3.059277701358578128e-01,4.876080545066533989e-01,1.944404600202895850e-01,1.088531821774726960e-01,2.859069521192798558e-01,-1.110653857939404021e-01,2.505304949157338701e-01,2.061495023492274203e+00
1.088000000000000078e+01,5.000000000000000000e+00,3.706499745703328852e+00,-1.370025921801951707e+00,1.218663394203743255e+00,3.098388547753697098e-01,4.178866633400247221e-01,1.961757134088264465e-01,1.068636207406944427e-01,2.908268943730989431e-01,-8.782468178514843404e-02,2.414331596232935639e-01,1.726103554369165405e+00
1.090000000000000036e+01,5.000000000000000000e+00,3.708621021393014416e+00,-1.364161712668884086e+00,1.228419494699366732e+00,3.137747986722110860e-01,3.470642310221115356e-01,1.969984378877223108e-01,1.053426459754046446e-01,2.955631086937054453e-01,-6.421631737567437548e-02,2.321603527549256918e-01,1.406045088025046574e+00
1.091999999999999993e+01,5.000000000000000000e+00,3.710716620891349127e+00,-1.358204644713534970e+00,1.236326538738997893e+00,3.177187922908784046e-01,2.760945369401152094e-01,1.970527950448230925e-01,1.042970351657818429e-01,3.001122447192083320e-01,-4.029788494904025520e-02,2.227279812733969910e-01,1.101382513484554737e+00
1.093999999999999950e+01,5.000000000000000000e+00,3.712796109651559817e+00,-1.352158490354264941e+00,1.242433278712474554e+00,3.216569104740038543e-01,2.059103935063057722e-01,1.964821830537477609e-01,1.037324137483339320e-01,3.044712702269720128e-01,-1.612697688876873689e-02,2.131519521414746432e-01,8.119368240073303600e-01
1.096000000000000085e+01,5.000000000000000000e+00,3.714869154117121486e+00,-1.346027079472494226e+00,1.246790169929915981e+00,3.255780796130284815e-01,1.373659474747402631e-01,1.954276401739143409e-01,1.036532553118984790e-01,3.086374711336163923e-01,8.238814421617843622e-03,2.034481723219255522e-01,5.373625790607261532e-01
1.098000000000000043e+01,5.000000000000000000e+00,3.716945498684815608e+00,-1.339814293049919280e+00,1.249448701104838522e+00,3.294740160809606633e-01,7.119197867857908479e-02,1.940265323933747510e-01,1.040628815976426397e-01,3.126084514950165927e-01,3.274189659859724766e-02,1.936325487775165666e-01,2.772108729407670169e-01
1.100000000000000000e+01,5.000000000000000000e+00,3.719034942667764465e+00,-1.333524056805725388e+00,1.250460942738279568e+00,3.333391409087633206e-01,7.969575236786138883e-03,1.924114585899712182e-01,1.049634624990628678e-01,3.163821335063030649e-01,5.732467725864692776e-02,1.837209884710147567e-01,3.098054020583335469e-02
1.101999999999999957e+01,5.000000000000000000e+00,3.721147317258486797e+00,-1.327160334833803024e+00,1.249879281306848888e+00,3.371704744245593299e-01,-5.187708316850735135e-02,1.907093145076839136e-01,1.063560160619854977e-01,3.199567575018616439e-01,8.192956401824456891e-02,1.737293983651870544e-01,-2.018412869657323916e-01
1.103999999999999915e+01,5.000000000000000000e+00,3.723292462491941013e+00,-1.320727123239962220e+00,1.247756308379161405e+00,3.409675134890705617e-01,-1.080719569527864854e-01,1.890404660528659520e-01,1.082404084845661058e-01,3.233308819553334934e-01,1.064989644938678509e-01,1.636736854228003635e-01,-4.217480108605689004e-01
1.106000000000000050e+01,5.000000000000000000e+00,3.725480204208569734e+00,-1.314228443779148270e+00,1.244144835694849016e+00,3.447320930666741279e-01,-1.604675928718290179e-01,1.875179920521095056e-01,1.106153541172902044e-01,3.265033834796150503e-01,1.309752863019941760e-01,1.535697566066217268e-01,-6.291905443102163709e-01
1.108000000000000007e+01,5.000000000000000000e+00,3.727720331017351896e+00,-1.307668337492655652e+00,1.239098009396829347e+00,3.484682331711551617e-01,-2.090202438217720615e-01,1.862469661605672400e-01,1.134784154629724789e-01,3.294734568268581909e-01,1.553009370591014737e-01,1.434335188794179650e-01,-8.245612893932910969e-01
1.109999999999999964e+01,5.000000000000000000e+00,3.730022571258842845e+00,-1.301050858345342398e+00,1.232669498731818303e+00,3.521819717130966754e-01,-2.537641476783072947e-01,1.853237567818464271e-01,1.168260031767573287e-01,3.322406148884701205e-01,1.794183243816671047e-01,1.332808792039562040e-01,-1.008184123964739332e+00
1.112000000000000099e+01,5.000000000000000000e+00,3.732396569968225997e+00,-1.294380066862847567e+00,1.224913736476413550e+00,3.558811834424291387e-01,-2.947879758156027874e-01,1.848353325146128157e-01,1.206533760661187421e-01,3.348046886951131507e-01,2.032698558861686933e-01,1.231277445430032924e-01,-1.180309556420780392e+00
1.114000000000000057e+01,5.000000000000000000e+00,3.734851865838356044e+00,-1.287660023768802731e+00,1.215886190054900506e+00,3.595753850136814700e-01,-3.322150401167950906e-01,1.848585687028307945e-01,1.249546410908601718e-01,3.371658274167054214e-01,2.267979391890841134e-01,1.129900218593261757e-01,-1.341114350411438672e+00
1.116000000000000014e+01,5.000000000000000000e+00,3.737397868182809280e+00,-1.280894783622049449e+00,1.205643643811296295e+00,3.632755261905422639e-01,-3.661877595747228820e-01,1.854595580811260191e-01,1.297227533631146457e-01,3.393244983624198463e-01,2.499449819068905454e-01,1.028836181156919521e-01,-1.490705034680740892e+00
1.117999999999999972e+01,5.000000000000000000e+00,3.740043833898926806e+00,-1.274088388453853193e+00,1.194244474253791433e+00,3.669937673369263464e-01,-3.968561949795418875e-01,1.866929351970938455e-01,1.349495161473448779e-01,3.412814869806851115e-01,2.726533916560657245e-01,9.282444027486742855e-02,-1.629124791390158089e+00
1.119999999999999929e+01,5.000000000000000000e+00,3.742798844430861305e+00,-1.267244861405118161e+00,1.181748901408609109e+00,3.707432435984258645e-01,-4.243701021098321702e-01,1.886012301439805583e-01,1.406255808603429358e-01,3.430378968591850652e-01,2.948655760530877190e-01,8.282839529961955050e-02,-1.756363256726845679e+00
1.122000000000000064e+01,5.000000000000000000e+00,3.745671782732625577e+00,-1.260368200363602309e+00,1.168219200822004922e+00,3.745378165426856976e-01,-4.488738294799337059e-01,1.912142719909297739e-01,1.467404470712305453e-01,3.445951497248588291e-01,3.165239427144335149e-01,7.291139015271537460e-02,-1.872368771974808332e+00
1.124000000000000021e+01,5.000000000000000000e+00,3.748671310231138420e+00,-1.253462371601132386e+00,1.153719862353618453e+00,3.783918144780632487e-01,-4.705034014697857536e-01,1.945486659538495644e-01,1.532824625014589659e-01,3.459549854439011307e-01,3.375708992565815136e-01,6.308933179692173543e-02,-1.977062596715442488e+00
1.125999999999999979e+01,5.000000000000000000e+00,3.751805843789271400e+00,-1.246531303410818303e+00,1.138317683817091641e+00,3.823197631808395447e-01,-4.893852109888334190e-01,1.986073705924358279e-01,1.602388230248090462e-01,3.471194620217615823e-01,3.579488532960083957e-01,5.337812719500574510e-02,-2.070354546685061692e+00
1.127999999999999936e+01,5.000000000000000000e+00,3.755083532668892055e+00,-1.239578879744269280e+00,1.122081789821868458e+00,3.863361093017604886e-01,-5.056358524350026418e-01,2.033794019390473551e-01,1.675955726673910573e-01,3.480909556031455687e-01,3.776002124491923406e-01,4.379368330973423817e-02,-2.152159457886165583e+00
1.130000000000000071e+01,5.000000000000000000e+00,3.758512235493917775e+00,-1.232608933848806876e+00,1.105083568889574819e+00,3.904549392584015788e-01,-5.193627302832293235e-01,2.088396903011666694e-01,1.753376036076449707e-01,3.488721604720136371e-01,3.964673843326108615e-01,3.435190710387421575e-02,-2.222413818500857730e+00
1.132000000000000028e+01,5.000000000000000000e+00,3.762099497213353683e+00,-1.225625241904681584e+00,1.087396525045142726e+00,3.946896969138073974e-01,-5.235999999999999543e-01,2.149491124516345053e-01,1.834486561763402079e-01,3.494660890515817186e-01,4.144927765627415273e-01,2.506870554019265465e-02,-2.281091864450837114e+00
1.133999999999999986e+01,5.000000000000000000e+00,3.765852526064347394e+00,-1.218631516662286751e+00,1.069096043546745367e+00,3.990529037564667925e-01,-5.235999999999999543e-01,2.216547170673006661e-01,1.919113188565759187e-01,3.498760719043210177e-01,4.316187967560619620e-01,1.595998558145644841e-02,-2.328220415966012702e+00
1.135999999999999943e+01,5.000000000000000000e+00,3.769778170535229123e+00,-1.211631401079373838e+00,1.050259074094102241e+00,4.035558855964992420e-01,-5.235999999999999543e-01,2.288901547777228984e-01,2.007070282837805086e-01,3.501057577319580671e-01,4.477878525290497347e-01,7.041654190432663184e-03,-2.363891751976230360e+00
1.138000000000000078e+01,5.000000000000000000e+00,3.773882896328562886e+00,-1.204628461958267005e+00,1.030963738567674204e+00,4.082085099475759038e-01,-5.235999999999999543e-01,2.365763163727052643e-01,2.098160692457122223e-01,3.501591133754748952e-01,4.629423514981825805e-01,-1.670381670111882079e-03,-2.388273883495842576e+00
1.140000000000000036e+01,5.000000000000000000e+00,3.778172763324189276e+00,-1.197626183583078152e+00,1.011288873893028573e+00,4.130189382514077856e-01,-5.235999999999999543e-01,2.446221740661460586e-01,2.192175746824586990e-01,3.500404238151085812e-01,4.770247012799381237e-01,-1.016021503741013944e-02,-2.401617698344413743e+00
1.141999999999999993e+01,5.000000000000000000e+00,3.782653402542275778e+00,-1.190627961356922837e+00,9.913135237716435011e-01,4.179933969102215263e-01,-5.235999999999999543e-01,2.529258118084172224e-01,2.288895256864369454e-01,3.497542921703519214e-01,4.899773094907936000e-01,-1.841193894869508352e-02,-2.404260603654945427e+00
1.143999999999999950e+01,5.000000000000000000e+00,3.787329993106359538e+00,-1.183637095439132869e+00,9.711163955568503647e-01,4.231359707237443146e-01,-5.235999999999999543e-01,2.613756221274794456e-01,2.388087515023941676e-01,3.493056396999526525e-01,5.017425837472271333e-01,-2.640964644119996041e-02,-2.396626480017015837e+00
1.146000000000000085e+01,5.000000000000000000e+00,3.792207239206397684e+00,-1.176656784382473120e+00,9.507753003000258829e-01,4.284484217953208884e-01,-5.235999999999999543e-01,2.698516395033081494e-01,2.489509295274064671e-01,3.486997058019141726e-01,5.122629316657160148e-01,-3.413743055215767014e-02,-2.379221967295795714e+00
1.148000000000000043e+01,5.000000000000000000e+00,3.797289347061811426e+00,-1.169690118770356335e+00,9.303665948211302661e-01,4.339300363038768871e-01,-5.235999999999999543e-01,2.782269744151868451e-01,2.592905853108796732e-01,3.479420480134950977e-01,5.214807608627380908e-01,-4.157938431880128793e-02,-2.352629309550248848e+00
1.150000000000000000e+01,5.000000000000000000e+00,3.802580001884533711e+00,-1.162740074854056616e+00,9.099646445142141049e-01,4.395775007719281424e-01,-5.235999999999999543e-01,2.863693083851259757e-01,2.698010925545494265e-01,3.470385420112093722e-01,5.293384789547708191e-01,-4.871960077836388209e-02,-2.317496176602358737e+00
1.151999999999999957e+01,5.000000000000000000e+00,3.808082344842055100e+00,-1.155809508189926227e+00,8.896413245061436381e-01,4.453848086392816485e-01,-5.235999999999999543e-01,2.941424088319060104e-01,2.804546731124804571e-01,3.459953816108262137e-01,5.357784935582917685e-01,-5.554217296807845844e-02,-2.274523035870622767e+00
1.153999999999999915e+01,5.000000000000000000e+00,3.813798950020469647e+00,-1.148901147276608414e+00,8.694655748459725331e-01,4.513431971252041541e-01,-5.197571729668011287e-01,3.014076234000455656e-01,2.912223969910675558e-01,3.448190787673702795e-01,5.407432122897787297e-01,-6.203119392517809222e-02,-2.224448757103858920e+00
1.156000000000000050e+01,5.000000000000000000e+00,3.819731801387526549e+00,-1.142017587192254435e+00,8.495030227790544286e-01,4.574411135752837754e-01,-5.087563255535745288e-01,3.080253164850859093e-01,3.020741823490346034e-01,3.435164635751216666e-01,5.441750427657092715e-01,-6.817075668689580314e-02,-2.168035187085352700e+00
1.158000000000000007e+01,5.000000000000000000e+00,3.825882269755667586e+00,-1.135161283231736151e+00,8.298156820668916023e-01,4.636642097846079835e-01,-4.965117110783882071e-01,3.138562156086965871e-01,3.129787954974353470e-01,3.420946842676154676e-01,5.460163926025608516e-01,-7.394495429046463175e-02,-2.106051429789607798e+00
1.159999999999999964e+01,5.000000000000000000e+00,3.832251089745081885e+00,-1.128334544543863727e+00,8.104617359875586624e-01,4.699953621996313946e-01,-4.831327922258885077e-01,3.187626416445539235e-01,3.239038508996530674e-01,3.405612072176424920e-01,5.462096694168113720e-01,-7.933787977311765327e-02,-2.039258514297460856e+00
1.162000000000000099e+01,5.000000000000000000e+00,3.838838336746749569e+00,-1.121539527768597555e+00,7.914954073287893133e-01,4.764147154503903803e-01,-4.687303138155318738e-01,3.226096041245742896e-01,3.348158111714003571e-01,3.389238169372486009e-01,5.446972808249379572e-01,-8.433362617208785272e-02,-1.968395037227559152e+00
1.164000000000000057e+01,5.000000000000000000e+00,3.845643403885487643e+00,-1.114778230674265513e+00,7.729669155813080339e-01,4.828997463646146904e-01,-4.534148753971589674e-01,3.252657504202183247e-01,3.456799870807196751e-01,3.371906160777352612e-01,5.414216344434187311e-01,-8.891628652460834004e-02,-1.894164240881737404e+00
1.166000000000000014e+01,5.000000000000000000e+00,3.852664978982997646e+00,-1.108052485794776221e+00,7.549225188301096345e-01,4.894253454671988468e-01,-4.372953085282889063e-01,3.266041649988906670e-01,3.564605375479826810e-01,3.353700254296590466e-01,5.363251378887309295e-01,-9.306995386791211411e-02,-1.817222846353313548e+00
1.167999999999999972e+01,5.000000000000000000e+00,3.859901021520911080e+00,-1.101363954066835182e+00,7.374046356539455394e-01,4.959639129645699862e-01,-4.204769205349239702e-01,3.265030217870403817e-01,3.671204696458907901e-01,3.334707839228320259e-01,5.293501987773523432e-01,-9.677872123923217385e-02,-1.738171815627016503e+00
1.169999999999999929e+01,5.000000000000000000e+00,3.867348739603837515e+00,-1.094714118467158492e+00,7.204520407541035176e-01,5.024854663386801867e-01,-4.030596704315494438e-01,3.248460986350369950e-01,3.776216385994752289e-01,3.315019486263214854e-01,5.204392247257607629e-01,-1.000266816758017124e-01,-1.657549079392687252e+00
1.172000000000000064e+01,5.000000000000000000e+00,3.875004566922410021e+00,-1.088104277649688978e+00,7.041001270691974456e-01,5.089577569099716925e-01,-3.851363409724405384e-01,3.215231678041501340e-01,3.879247477860963689e-01,3.294728947484500958e-01,5.095346233504336464e-01,-1.027979282148536871e-01,-1.575824146234503509e+00
1.174000000000000021e+01,5.000000000000000000e+00,3.882864139716332375e+00,-1.081535539582810124e+00,6.883812267778810501e-01,5.153463930508465074e-01,-3.667907634136309825e-01,3.164302802320442254e-01,3.979893487354441706e-01,3.273933156367958563e-01,4.965788022678485070e-01,-1.050765538936210969e-01,-1.493394409130330835e+00
1.175999999999999979e+01,5.000000000000000000e+00,3.890922273737425385e+00,-1.075008815186560884e+00,6.733249837996051479e-01,5.216149681192532306e-01,-3.480961390079940210e-01,3.094699641387883560e-01,4.077738411295384613e-01,3.252732227781923169e-01,4.815141690944828579e-01,-1.068466517493370377e-01,-1.410582888716672034e+00
1.177999999999999936e+01,5.000000000000000000e+00,3.899172941212674104e+00,-1.068524811969852273e+00,6.589587711086495325e-01,5.277251916163977485e-01,-3.291134845855818725e-01,3.005513604531167005e-01,4.172354728027282134e-01,3.231229457987278564e-01,4.642831314468146564e-01,-1.080923148192345640e-01,-1.327637098700574558e+00
1.180000000000000071e+01,5.000000000000000000e+00,3.907609247807272368e+00,-1.062084027667679731e+00,6.453081473045941818e-01,5.336370225373781029e-01,-3.098902101624051442e-01,2.895903187738841922e-01,4.263303397416922658e-01,3.209531324637467931e-01,4.448280969413213048e-01,-1.087976361405466746e-01,-1.244728684134500662e+00
1.182000000000000028e+01,5.000000000000000000e+00,3.916223409587673121e+00,-1.055686743878339495e+00,6.323973483615036306e-01,5.393088043673535115e-01,-2.904588158266162568e-01,2.765094783838986103e-01,4.350133860854387691e-01,3.187747486778483852e-01,4.230914731944804275e-01,-1.089467087505064380e-01,-1.161953463522312768e+00
1.183999999999999986e+01,5.000000000000000000e+00,3.925006729984630294e+00,-1.049333019700643632e+00,6.202498122477032583e-01,5.446974016727338386e-01,-2.708356744656393866e-01,2.612383594770637529e-01,4.432384041253056295e-01,3.165990784848873307e-01,3.990156678227697040e-01,-1.085236256863468807e-01,-1.079331495500163163e+00
1.185999999999999943e+01,5.000000000000000000e+00,3.933949576756250011e+00,-1.043022685371134628e+00,6.088887361251082986e-01,5.497583387464358706e-01,-2.510198471725375580e-01,2.437134905369884308e-01,4.509580343049602869e-01,3.144377240679737673e-01,3.725430884426667588e-01,-1.075124799853010987e-01,-9.968067842961152447e-01
1.188000000000000078e+01,5.000000000000000000e+00,3.943041358951033359e+00,-1.036755335901299535e+00,5.983376680812394488e-01,5.544459412942135401e-01,-2.309918599131612071e-01,2.238785990235978574e-01,4.581237652203995481e-01,3.123026057494729391e-01,3.436161426706491051e-01,-1.058973646846020494e-01,-9.142462293055891864e-01
1.190000000000000036e+01,5.000000000000000000e+00,3.952270503870926266e+00,-1.030530324714786339e+00,5.886211378242802716e-01,5.587134827073800825e-01,-2.107123533091117551e-01,2.016848945134288584e-01,4.646859336199499757e-01,3.102059619910057520e-01,3.121772381231943116e-01,-1.036623728214828566e-01,-8.314374068235327320e-01
1.191999999999999993e+01,5.000000000000000000e+00,3.961624434034362707e+00,-1.024346757284617659e+00,5.797653335171728539e-01,5.625133370747504857e-01,-1.901205019027381038e-01,1.770914765650601908e-01,4.705937244042676104e-01,3.081603493934482185e-01,2.781687824167805578e-01,-1.007915974331765607e-01,-7.480847399377267282e-01
1.193999999999999950e+01,5.000000000000000000e+00,3.971089544139314587e+00,-1.018203484770405787e+00,5.717988350087650495e-01,5.657971417699823036e-01,-1.691320845606645307e-01,1.500659042716225855e-01,4.757951706263379710e-01,3.061786426969317354e-01,2.415331831678846630e-01,-9.726913155691614687e-02,-6.638035589876869480e-01
1.196000000000000085e+01,5.000000000000000000e+00,3.980651178026336279e+00,-1.012099097655568603e+00,5.647534172427415289e-01,5.685159732456154247e-01,-1.476370734148391706e-01,1.205849712425273168e-01,4.802371534914762208e-01,3.042740347808430279e-01,2.022128479929845013e-01,-9.307906822993468332e-02,-5.781114720018006858e-01
1.198000000000000043e+01,5.000000000000000000e+00,3.990293605641610952e+00,-1.006031919384542617e+00,5.586649417344917712e-01,5.706205406196835916e-01,-1.254965951950630376e-01,8.863573930172030657e-02,4.838654023573271679e-01,3.024600366638242610e-01,1.601501845085577802e-01,-8.820550048946522448e-02,-4.904163426153079208e-01
1.200000000000000000e+01,6.000000000000000000e+00,4.000000000000000000e+00,-1.000000000000000000e+00,5.535743588970453155e-01,5.720614028176841392e-01,-1.025391075438041866e-01,7.656027249710462002e-02,4.866244947338649318e-01,3.007504775037728173e-01,1.152876003310820963e-01,-8.263252137274024189e-02,-4.000000000000001332e-01
1.201999999999999957e+01,6.000000000000000000e+00,4.009759855934060369e+00,-9.940018451046827019e-01,5.483491142303146271e-01,5.736829515195677187e-01,-1.304877826425084597e-01,1.066515490631516627e-01,4.895731466048867109e-01,2.990489307581500333e-01,1.789033453577785759e-01,-8.745703192474064969e-02,-5.101398236255603180e-01
1.203999999999999915e+01,6.000000000000000000e+00,4.019591139723233120e+00,-9.880386601274964153e-01,5.419109525975125408e-01,5.763274647802101303e-01,-1.549989165972359695e-01,1.565295680177118953e-01,4.937539319415826800e-01,2.972547751545990269e-01,2.385145993954754517e-01,-9.189470330435378642e-02,-6.073944713961582087e-01
1.206000000000000050e+01,6.000000000000000000e+00,4.029517698599629050e+00,-9.821122203962205921e-01,5.343914791256607622e-01,5.799441342402763544e-01,-1.759300241882486848e-01,2.039112885007359210e-01,4.990875800739911217e-01,2.953756697082398075e-01,2.942032774259790706e-01,-9.595331234437518009e-02,-6.910315766104555557e-01
1.208000000000000007e+01,6.000000000000000000e+00,4.039561810764961791e+00,-9.762241496136987440e-01,5.259259259768144235e-01,5.844839163202397714e-01,-1.932670709034181866e-01,2.488682869164406952e-01,5.054964586317859387e-01,2.934191178975359970e-01,3.460512944310955019e-01,-9.964063587760015051e-02,-7.607770241255313870e-01
1.209999999999999964e+01,6.000000000000000000e+00,4.049744218156531517e+00,-9.703759229685721133e-01,5.166500585751498953e-01,5.898988657169337291e-01,-2.071007017142410811e-01,2.914414772286750832e-01,5.129045735442776532e-01,2.913924676642958289e-01,3.941405653926305375e-01,-1.029644507368241146e-01,-8.167669397744582449e-01
1.211999999999999922e+01,6.000000000000000000e+00,4.060084159213223742e+00,-9.645688702460122332e-01,5.066974321134051218e-01,5.961415754093865038e-01,-2.176022508622399709e-01,3.316466125553230171e-01,5.212375690404126294e-01,2.893029114136710933e-01,4.385530052923908295e-01,-1.059325337548425033e-01,-8.594873304797654434e-01
1.214000000000000057e+01,6.000000000000000000e+00,4.070599401641496584e+00,-9.588041789384540436e-01,4.961970502207899147e-01,6.031647302191469606e-01,-2.250015767437815450e-01,3.694799619967508164e-01,5.304227276487734066e-01,2.871574860141581365e-01,4.793705291121820311e-01,-1.085526617644507197e-01,-8.897066260376382818e-01
1.216000000000000014e+01,6.000000000000000000e+00,4.081306275181379561e+00,-9.530828973563296724e-01,4.852714536387985889e-01,6.109207738892569184e-01,-2.295677383307543895e-01,4.049238414325273538e-01,5.403889701975789217e-01,2.849630727975972500e-01,5.166750518338106835e-01,-1.108326115984441529e-01,-9.084060208612111387e-01
1.217999999999999972e+01,6.000000000000000000e+00,4.092219704372456413e+00,-9.474059377387993308e-01,4.740352443843166008e-01,6.193616838764477439e-01,-2.315928099921883698e-01,4.379517466095634859e-01,5.510668558146837315e-01,2.827263975591726153e-01,5.505484884390825506e-01,-1.127801600896182754e-01,-9.167118499590179992e-01
1.219999999999999929e+01,6.000000000000000000e+00,4.103353241319871003e+00,-9.417740793644878705e-01,4.625940312900105322e-01,6.284388437536391203e-01,-2.313787124090884439e-01,4.685329106081148609e-01,5.623885819275785680e-01,2.804540305574126369e-01,5.810727539098039518e-01,-1.144030840707684071e-01,-9.158333551528563543e-01
1.222000000000000064e+01,6.000000000000000000e+00,4.114719098460312807e+00,-9.361879716622154568e-01,4.510437668542808254e-01,6.381030003007727158e-01,-2.292267457318581947e-01,4.966361787660353855e-01,5.742879842633907828e-01,2.781523865141899976e-01,6.083297632277808731e-01,-1.157091603746899927e-01,-9.070082152062357572e-01
1.224000000000000021e+01,6.000000000000000000e+00,4.126328181328005051e+00,-9.306481373217314612e-01,4.394704335095961922e-01,6.483042909042809887e-01,-2.254294619473072303e-01,5.222331571361511493e-01,5.867005368488834582e-01,2.758277246147212702e-01,6.324014313748195226e-01,-1.167061658341784353e-01,-8.914572342799009785e-01
1.225999999999999979e+01,6.000000000000000000e+00,4.138190121320707071e+00,-9.251549754044474660e-01,4.279500298447450057e-01,6.589923265862183133e-01,-2.202645359185526619e-01,5.453006422288027011e-01,5.995633520104559633e-01,2.734861485075670839e-01,6.533696733327263306e-01,-1.174018772820291934e-01,-8.703486964639297607e-01
1.227999999999999936e+01,6.000000000000000000e+00,4.150313308465703344e+00,-9.197087644541702689e-01,4.165488037507394936e-01,6.701163165934326260e-01,-2.139903411738193761e-01,5.658223786780709474e-01,6.128151803741437309e-01,2.711336063046323464e-01,6.713164040833066171e-01,-1.178040715510375869e-01,-8.447721623892596732e-01
1.230000000000000071e+01,6.000000000000000000e+00,4.162704924185791633e+00,-9.143096656078351092e-01,4.053236793774004920e-01,6.816252217333416130e-01,-2.068429812026976733e-01,5.837902176527443032e-01,6.263964108656181473e-01,2.687758905811659105e-01,6.863235386083671452e-01,-1.179205254739990744e-01,-8.157209390447203168e-01
1.232000000000000028e+01,6.000000000000000000e+00,4.175370974065281793e+00,-9.089577257062393389e-01,3.943228274851943715e-01,6.934679252995429311e-01,-1.990345596164518338e-01,5.992047635515227455e-01,6.402490707101869960e-01,2.664186383757607413e-01,6.984729918897136791e-01,-1.177590158837091006e-01,-7.840820999898794330e-01
1.233999999999999986e+01,6.000000000000000000e+00,4.188316320615986577e+00,-9.036528804047743169e-01,3.835863334799114455e-01,7.055934122754020654e-01,-1.907524926033569712e-01,6.120756017246371528e-01,6.543168254327940137e-01,2.640673311903539711e-01,7.078466789091529821e-01,-1.173273196129630130e-01,-7.506327527081539941e-01
1.235999999999999943e+01,6.000000000000000000e+00,4.201544716043213334e+00,-8.983949572841599673e-01,3.731469233715822842e-01,7.179509493685279908e-01,-1.821596788070355133e-01,6.224211979012039819e-01,6.685449788580193342e-01,2.617272949902266777e-01,7.145265146484904850e-01,-1.166332134945562427e-01,-7.160412119007477649e-01
1.238000000000000078e+01,6.000000000000000000e+00,4.215058835011753935e+00,-8.931836789611758975e-01,3.630307144361835658e-01,7.304902601914506910e-01,-1.733953502473256081e-01,6.302685529048979163e-01,6.828804731100783787e-01,2.594037002040041617e-01,7.185944140895327292e-01,-1.156844743612841925e-01,-6.808718052611630878e-01
1.240000000000000036e+01,6.000000000000000000e+00,4.228860307411888009e+00,-8.880186661993970665e-01,3.532579639383387482e-01,7.431616914847246624e-01,-1.645764373595065000e-01,6.356526861008937601e-01,6.972718886128239646e-01,2.571015617236558359e-01,7.201322922140855898e-01,-1.144888790459422934e-01,-6.455921752279306647e-01
1.241999999999999993e+01,6.000000000000000000e+00,4.242949751125361324e+00,-8.828994410199245690e-01,3.438437954954481901e-01,7.559163676354858641e-01,-1.557992940169802554e-01,6.386160094636430529e-01,7.116694440897439744e-01,2.548257389044949472e-01,7.192220640039550528e-01,-1.130542043813259068e-01,-6.105821144238405829e-01
1.243999999999999950e+01,6.000000000000000000e+00,4.257326804791392583e+00,-8.778254298121210830e-01,3.347988882642722319e-01,7.687063318632698650e-01,-1.471416451166120132e-01,6.392076424170838322e-01,7.260249965639629099e-01,2.525809355651792987e-01,7.159456444409475484e-01,-1.113882272002304635e-01,-5.761431586311459574e-01
1.246000000000000085e+01,6.000000000000000000e+00,4.271990160572653572e+00,-8.727959664443414312e-01,3.261301189639361775e-01,7.814846733321697547e-01,-1.386646392250105719e-01,6.374827065203341192e-01,7.402920413582413373e-01,2.503716999877102500e-01,7.103849485068689518e-01,-1.094987243354513806e-01,-5.425083410818480889e-01
1.248000000000000043e+01,6.000000000000000000e+00,4.286937596921271521e+00,-8.678102953746675841e-01,3.178411507628332022e-01,7.942056401240839003e-01,-1.304149104735102815e-01,6.335016291723860604e-01,7.544257120949758866e-01,2.482024249174337727e-01,7.026218911835256931e-01,-1.073934726197840889e-01,-5.098516740394646307e-01
1.250000000000000000e+01,6.000000000000000000e+00,4.302166011344815466e+00,-8.628675747616411096e-01,3.099329662682031028e-01,8.068247384990646642e-01,-1.224265757322266640e-01,6.273294770405470899e-01,7.683827806961991413e-01,2.460773475630395057e-01,6.927383874527235363e-01,-1.050802488860239359e-01,-4.782970620572579712e-01
1.251999999999999957e+01,6.000000000000000000e+00,4.317671453172292395e+00,-8.579668795749961774e-01,3.024043443292585565e-01,8.192988192057052421e-01,-1.147231136621337938e-01,6.190353329440476671e-01,7.821216573835804153e-01,2.440005495965614224e-01,6.808163522962689118e-01,-1.025668299669663663e-01,-4.479264639608226961e-01
1.253999999999999915e+01,6.000000000000000000e+00,4.333449156320140716e+00,-8.531072047063930075e-01,2.952522821868060476e-01,8.315861518168260469e-01,-1.073190904993689271e-01,6.086917243811349465e-01,7.956023906784243094e-01,2.419759571533775522e-01,6.669377006959675835e-01,-9.986099269540679724e-02,-4.187872083525607247e-01
1.256000000000000050e+01,6.000000000000000000e+00,4.349493572058220181e+00,-8.482874680801507639e-01,2.884723657747654824e-01,8.436464881809512262e-01,-1.002217127698842580e-01,5.963741076345137060e-01,8.087866674016723767e-01,2.400073408322098700e-01,6.511843476336264258e-01,-9.697051390414065941e-02,-3.908984327837529693e-01
1.258000000000000007e+01,6.000000000000000000e+00,4.365798401775800919e+00,-8.435065137639801147e-01,2.820590918026325555e-01,8.554411161222073012e-01,-9.343219936558057326e-02,5.821604082436877547e-01,8.216378126739011245e-01,2.380983156951246293e-01,6.336382080910506476e-01,-9.390317042596330044e-02,-3.642566630233804448e-01
1.259999999999999964e+01,6.000000000000000000e+00,4.382356629747570231e+00,-8.387631150797183466e-01,2.760061457169863952e-01,8.669329045106982656e-01,-8.694697464227799100e-02,5.661306164074737524e-01,8.341207899153245675e-01,2.362523412675321122e-01,6.143811970500466790e-01,-9.066673909367012341e-02,-3.388405796304688189e-01
1.261999999999999922e+01,6.000000000000000000e+00,4.399160555899608305e+00,-8.340559777140601483e-01,2.703066398383328628e-01,8.780863407785057806e-01,-8.075869073457747627e-02,5.483664343903917882e-01,8.462022008457920075e-01,2.344727215381866015e-01,5.934952294924209504e-01,-8.726899674005660079e-02,-3.146150377042954971e-01
1.264000000000000057e+01,6.000000000000000000e+00,4.416201828575390564e+00,-8.293837428292915037e-01,2.649533159682482264e-01,8.888675618863142169e-01,-7.485709153935532489e-02,5.289509720902891843e-01,8.578502854847891435e-01,2.327626049591866308e-01,5.710622203999792257e-01,-8.371772019791809405e-02,-2.915344152602418193e-01
1.266000000000000014e+01,6.000000000000000000e+00,4.433471477301782926e+00,-8.247449901740235845e-01,2.599387166198162680e-01,8.992443796621180097e-01,-6.922973324800284212e-02,5.079684864406033284e-01,8.690349221514377387e-01,2.311249844459747349e-01,5.471640847545279351e-01,-8.002068630005007566e-02,-2.695453687001173604e-01
1.267999999999999972e+01,6.000000000000000000e+00,4.450959945555025499e+00,-8.201382411939250883e-01,2.552553287887851519e-01,9.091863013439378527e-01,-6.386257733929881497e-02,4.855041601511906890e-01,8.797276274644958427e-01,2.295626973773375323e-01,5.218827375378727318e-01,-7.618567187924787931e-02,-2.485890723673548075e-01
1.269999999999999929e+01,6.000000000000000000e+00,4.468657123526728725e+00,-8.155619621424551324e-01,2.508957038902648318e-01,9.186645460681651665e-01,-5.874047196354376110e-02,4.616439153434548359e-01,8.899015563423569031e-01,2.280784255954057538e-01,4.953000937318202124e-01,-7.222045376830693586e-02,-2.286030147976850502e-01
1.272000000000000064e+01,6.000000000000000000e+00,4.486552380889873071e+00,-8.110145671915975907e-01,2.468525571637243399e-01,9.276520579576762460e-01,-5.384753697556955709e-02,4.364742578329128264e-01,8.995315020030514308e-01,2.266746954056542696e-01,4.674980683181766961e-01,-6.813280880002270390e-02,-2.095224181961761190e-01
1.274000000000000021e+01,6.000000000000000000e+00,4.504634599564788289e+00,-8.064944215425922103e-01,2.431188495176704600e-01,9.361235163814822791e-01,-4.916746676578528930e-02,4.100821481029868210e-01,9.085938959642454460e-01,2.253538775769018954e-01,4.385585762787472253e-01,-6.393051380719047549e-02,-1.912813407638983276e-01
1.275999999999999979e+01,6.000000000000000000e+00,4.522892206485161104e+00,-8.019998445366699480e-01,2.396878544588459947e-01,9.440553438817953502e-01,-4.468376369014598337e-02,3.825548953523174589e-01,9.170668080432414770e-01,2.241181873413116699e-01,4.085635325953388408e-01,-5.962134562260575088e-02,-1.738135143705926144e-01
1.277999999999999936e+01,6.000000000000000000e+00,4.541313206364016253e+00,-7.975291127657848644e-01,2.365532124385488211e-01,9.514257121955747021e-01,-4.037991345477060651e-02,3.539800713570393498e-01,9.249299463569780055e-01,2.229696843943906881e-01,3.775948522497573068e-01,-5.521308107906388457e-02,-1.570529631288061501e-01
1.280000000000000071e+01,6.000000000000000000e+00,4.559885214459716174e+00,-7.930804631833471285e-01,2.337089746565994552e-01,9.582145467360770885e-01,-3.623951236846931212e-02,3.244454412462829396e-01,9.321646573220294663e-01,2.219102728949902126e-01,3.457344502238091644e-01,-5.071349700936037680e-02,-1.409344419227808454e-01
1.282000000000000028e+01,6.000000000000000000e+00,4.578595489341948266e+00,-7.886520962149567993e-01,2.311496380947581919e-01,9.644035298454264327e-01,-3.224635500214327599e-02,2.940389086321850698e-01,9.387539256546063582e-01,2.209417014653053679e-01,3.130642414992998446e-01,-4.613037024629050575e-02,-1.253937280240605967e-01
1.283999999999999986e+01,6.000000000000000000e+00,4.597430965657723689e+00,-7.842421788691363860e-01,2.288701733072314448e-01,9.699761030813641716e-01,-2.838448952760096525e-02,2.628484728538786896e-01,9.446823743705563547e-01,2.200655631908757515e-01,2.796661410580365548e-01,-4.147147762264985493e-02,-1.103677936498679568e-01
1.285999999999999943e+01,6.000000000000000000e+00,4.616378286897363736e+00,-7.798488478480639641e-01,2.268660462761449559e-01,9.749174687595814071e-01,-2.463824687075153938e-02,2.309621963854873172e-01,9.499362647853616393e-01,2.192832956205846284e-01,2.456220638818241708e-01,-3.674459597123366089e-02,-9.579488270201534650e-02
1.288000000000000078e+01,6.000000000000000000e+00,4.635423838160498633e+00,-7.754702126583068456e-01,2.251332354433946414e-01,9.792145909367835355e-01,-2.099224881332421161e-02,1.984681807159667244e-01,9.545034965141416805e-01,2.185961807666596257e-01,2.110139249524692062e-01,-3.195750212483736141e-02,-8.161451094247607063e-02
1.290000000000000036e+01,6.000000000000000000e+00,4.654553778922053908e+00,-7.711043587215543615e-01,2.236682448553856672e-01,9.828561959882204935e-01,-1.743139931251992680e-02,1.654545492368626469e-01,9.583736074716519004e-01,2.180053451046723711e-01,1.759236392517782022e-01,-2.711797291625646367e-02,-6.776740547620123400e-02
1.291999999999999993e+01,6.000000000000000000e+00,4.673754075798251861e+00,-7.667493504853505337e-01,2.224681142017393698e-01,9.858327729062579259e-01,-1.394086257336444971e-02,1.320094358699641646e-01,9.615377738722825640e-01,2.175117595735386045e-01,1.404331217615569227e-01,-2.223378517828625972e-02,-5.419539657221159046e-02
1.293999999999999950e+01,6.000000000000000000e+00,4.693010535312594378e+00,-7.624032345338284111e-01,2.215304263907782178e-01,9.881365734230188602e-01,-1.050603079518171515e-02,9.822097833371756792e-02,9.639888102300624428e-01,2.171162395755181773e-01,1.046242874636116316e-01,-1.731271574372224634e-02,-4.084127250738824044e-02
1.296000000000000085e+01,6.000000000000000000e+00,4.712308836661859068e+00,-7.580640426984411873e-01,2.208533131811056538e-01,9.897616120396065531e-01,-7.112484011624490080e-03,6.417731508586754785e-02,9.657211693586543744e-01,2.168194449762150255e-01,6.857905133974849521e-02,-1.236254144535980579e-02,-2.764860621241704147e-02
1.298000000000000043e+01,6.000000000000000000e+00,4.731634564482099847e+00,-7.537297951686980912e-01,2.204354592774514787e-01,9.907036660264538774e-01,-3.745944043257159756e-03,2.996658509257343894e-02,9.667309423713579264e-01,2.166218801045771414e-01,3.237932837177338874e-02,-7.391039115994300392e-03,-1.456156098933053533e-02
1.300000000000000000e+01,6.000000000000000000e+00,4.750973241614627085e+00,-7.493985036028947277e-01,2.202761051977941698e-01,9.909602754433094463e-01,-3.922242738534477218e-04,-4.323070338966061854e-03,9.670158586811097301e-01,2.165238937528966012e-01,-3.892966458507451932e-03,-2.405985588421200028e-03,-1.524681414836517954e-03
1.301999999999999957e+01,6.000000000000000000e+00,4.770310361872008187e+00,-7.450681742388478579e-01,2.203750491252410570e-01,9.905307432128951373e-01,2.962823261165848342e-03,-3.860350436163528798e-02,9.665752860004810376e-01,2.165256791768096767e-01,-4.015591816928780478e-02,2.584842304564125177e-03,1.151732528954263653e-02
1.303999999999999915e+01,6.000000000000000000e+00,4.789631422804058403e+00,-7.407368110046280707e-01,2.207326478699635774e-01,9.894161352688439770e-01,6.333362129132836735e-03,-7.278656067995470380e-02,9.654102303416804975e-01,2.166272740952966402e-01,-7.632761177876168368e-02,7.573667730166236574e-03,2.461981267505889207e-02
1.306000000000000050e+01,6.000000000000000000e+00,4.808921958463832524e+00,-7.364024186292928986e-01,2.213498169814073491e-01,9.876192807856967182e-01,9.733625820237117032e-03,-1.067840695674426854e-01,9.635233360165513794e-01,2.168285606906817931e-01,-1.123261323051227556e-01,1.255271385558973975e-02,3.783841877960883449e-02
1.308000000000000007e+01,6.000000000000000000e+00,4.828167572173621025e+00,-7.320630057536200441e-01,2.222280299667817871e-01,9.851447724861464028e-01,1.317797085033565324e-02,-1.405078444461693721e-01,9.609188856365746823e-01,2.171292656086337147e-01,-1.480695647665652703e-01,1.751420384803926283e-02,5.122928562632068916e-02
1.309999999999999964e+01,6.000000000000000000e+00,4.847353969290938203e+00,-7.277165880408400511e-01,2.233693164862802227e-01,9.819989670078499433e-01,1.668092728349732795e-02,-1.738696796875487394e-01,9.576028001128669143e-01,2.175289599581649302e-01,-1.834759941812827699e-01,2.245036087471932729e-02,6.484926969978113687e-02
1.312000000000000099e+01,6.000000000000000000e+00,4.866466989974516544e+00,-7.233611912873700867e-01,2.247762593063345749e-01,9.781899852986440935e-01,2.025724515476759469e-02,-2.067813503365734107e-01,9.535826386561805368e-01,2.180270593116320765e-01,-2.184635055674691295e-01,2.735340810283455951e-02,7.875613801192878072e-02
1.314000000000000057e+01,6.000000000000000000e+00,4.885492641950301085e+00,-7.189948545335468344e-01,2.264519896971979585e-01,9.737277129943869847e-01,2.392193503597508930e-02,-2.391546145291698622e-01,9.488675987769037423e-01,2.186228237047359024e-01,-2.529501839433186405e-01,3.221556869958958763e-02,9.300874348465305863e-02
1.316000000000000014e+01,6.000000000000000000e+00,4.904417133277441998e+00,-7.146156331743591661e-01,2.284001808579389781e-01,9.686238007174774456e-01,2.769030066209973717e-02,-2.709012194628570569e-01,9.434685162850620088e-01,2.193153576365212687e-01,-2.868541143270245120e-01,3.702906583218892184e-02,1.076671721597436820e-01
1.317999999999999972e+01,6.000000000000000000e+00,4.923226905114284513e+00,-7.102216020701818122e-01,2.306250388381317629e-01,9.628916642158729111e-01,3.157796111447997572e-02,-3.019329118966282977e-01,9.373978652903157682e-01,2.201036100693770925e-01,-3.200933817367809242e-01,4.178612266783719026e-02,1.227928531633701581e-01
1.319999999999999929e+01,6.000000000000000000e+00,4.941908664484364166e+00,-7.058108586575083665e-01,2.331312902986728275e-01,9.565464842416125935e-01,3.560085953020847294e-02,-3.321614542998645447e-01,9.306697582019625159e-01,2.209863744290364584e-01,-3.525860711907822242e-01,4.647896237373905226e-02,1.384486203582983577e-01
1.322000000000000064e+01,6.000000000000000000e+00,4.960449417042399389e+00,-7.013815260596840684e-01,2.359241663117740140e-01,9.496052060438777698e-01,3.977525466381653940e-02,-3.614986479426427479e-01,9.232999457289349232e-01,2.219622886045763965e-01,-3.842502677072217043e-01,5.109980811709901455e-02,1.546987121625124084e-01
1.324000000000000021e+01,6.000000000000000000e+00,4.978836499840280538e+00,-6.969317561976395847e-01,2.390093812397731110e-01,9.420865383239067636e-01,4.411769085709092014e-02,-3.898563644230392811e-01,9.153058168798028360e-01,2.230298349484181875e-01,-4.150040563042937114e-01,5.564088306512172261e-02,1.716086930429750745e-01
1.325999999999999979e+01,6.000000000000000000e+00,4.997057614093072253e+00,-6.924597329006232371e-01,2.423931055515868016e-01,9.340109514669564517e-01,4.864494106615790958e-02,-4.171465873641828637e-01,9.067063989627710541e-01,2.241873402763270295e-01,-4.447655220001914822e-01,6.009441038501171090e-02,1.892452766515138052e-01
1.327999999999999936e+01,6.000000000000000000e+00,5.015100857944991830e+00,-6.879636750169348947e-01,2.460819312322126973e-01,9.254006748293397422e-01,5.337391654546571468e-02,-4.432814662826771723e-01,8.975223575856815517e-01,2.254329758674124551e-01,-4.734527498131096412e-01,6.445261324397362490e-02,2.076760264030964587e-01
1.330000000000000071e+01,6.000000000000000000e+00,5.032954759235416020e+00,-6.834418395246588673e-01,2.500828282128804148e-01,9.162796928156488052e-01,5.832153559537314041e-02,-4.681733849335181219e-01,8.877759966560118121e-01,2.267647574641278863e-01,-5.009838247612413697e-01,6.870771480921200602e-02,2.269689044624043639e-01
1.332000000000000028e+01,6.000000000000000000e+00,5.050608308264862067e+00,-6.788925246423964666e-01,2.544030899961054470e-01,9.066737394319986931e-01,6.350454245242123652e-02,-4.917350467701169237e-01,8.774912583808758271e-01,2.281805452722707739e-01,-5.272768318627810702e-01,7.285193824793149975e-02,2.471916345810462046e-01
1.333999999999999986e+01,6.000000000000000000e+00,5.068050990560991842e+00,-6.743140729400004529e-01,2.590502663708691977e-01,8.966102909448445679e-01,6.893926596184528355e-02,-5.138795805189282362e-01,8.666937232670233193e-01,2.296780439609830138e-01,-5.522498561359222569e-01,7.687750672733666135e-02,2.684108380293412921e-01
1.335999999999999943e+01,6.000000000000000000e+00,5.085272819644593767e+00,-6.697048744493065975e-01,2.640320808097436078e-01,8.861185562112419145e-01,7.464130616357041170e-02,-5.345206692452073582e-01,8.554106101208402979e-01,2.312548026627502251e-01,-5.758209825988590547e-01,8.077664341463210163e-02,2.906908950640325617e-01
1.338000000000000078e+01,6.000000000000000000e+00,5.102264369795583399e+00,-6.650633697748675743e-01,2.693563298154115770e-01,8.752294641750355542e-01,8.062513541681848306e-02,-5.535727066676159325e-01,8.436707760483488361e-01,2.329082149734022777e-01,-5.979082962697852555e-01,8.454157147702237585e-02,3.140924771209602784e-01
1.340000000000000036e+01,6.000000000000000000e+00,5.119016808818990683e+00,-6.603880532046862983e-01,2.750307611449307466e-01,8.639756479445369619e-01,8.690359929242189030e-02,-5.709509848420033506e-01,8.315047164552075154e-01,2.346355189521130979e-01,-6.184298821668948731e-01,8.816451408171213644e-02,3.386706874932418621e-01
1.341999999999999993e+01,6.000000000000000000e+00,5.135521930810956093e+00,-6.556774758209489296e-01,2.810629274963530322e-01,8.523914247813559886e-01,9.348730133075103255e-02,-5.865719176491772657e-01,8.189445650467108706e-01,2.364337971214007794e-01,-6.373038253083812554e-01,9.163769439590588317e-02,3.644727410887444452e-01
1.343999999999999950e+01,6.000000000000000000e+00,5.151772188924723217e+00,-6.509302486107571006e-01,2.874600119090032213e-01,8.405127712385702665e-01,1.003838551084570152e-01,-6.003533047420717139e-01,8.060240938277886125e-01,2.382999764671273335e-01,-6.544482107124391934e-01,9.495333558680832398e-02,3.915351076125908603e-01
1.346000000000000085e+01,6.000000000000000000e+00,5.167760728136627790e+00,-6.461450455768623646e-01,2.942286208272979486e-01,8.283772925916722540e-01,1.075969871559534496e-01,-6.122146406790598405e-01,7.927787131030079593e-01,2.402308284384991333e-01,-6.697811233972617018e-01,9.810366082162397250e-02,4.198800381313873009e-01
1.348000000000000043e+01,6.000000000000000000e+00,5.183481418012099162e+00,-6.413206068483987554e-01,3.013745405378145947e-01,8.160241856114073267e-01,1.151254754661990426e-01,-6.220774738125420811e-01,7.792454714765717494e-01,2.422229689480664694e-01,-6.832206483810431275e-01,1.010808932675574673e-01,4.495113937400058157e-01
1.350000000000000000e+01,6.000000000000000000e+00,5.198928885471639560e+00,-6.364557417916154591e-01,3.089024525493246354e-01,8.034941936391711836e-01,1.229619110461831616e-01,-6.298658190185832950e-01,7.654630558523185524e-01,2.442728583717236335e-01,-6.946848706819772623e-01,1.038772560918133359e-01,4.804096986880023179e-01
1.351999999999999957e+01,6.000000000000000000e+00,5.214098547556829999e+00,-6.315493321206105959e-01,3.168156034957623213e-01,7.908295528506645855e-01,1.310912746473335833e-01,-6.355066274196801146e-01,7.514717914337237792e-01,2.463768015487091678e-01,-7.040918753182580092e-01,1.064849724615962168e-01,5.125263510352741081e-01
1.353999999999999915e+01,6.000000000000000000e+00,5.228986644196313982e+00,-6.266003350080638912e-01,3.251154253651800108e-01,7.780739285423844409e-01,1.394893279465567737e-01,-6.389303147203548860e-01,7.373136417238979057e-01,2.485309477816056711e-01,-7.113597473080791600e-01,1.088962655441107208e-01,5.457769444165133654e-01
1.356000000000000050e+01,6.000000000000000000e+00,5.243590270971796308e+00,-6.216077861959703466e-01,3.338011023693991386e-01,7.652723402618495374e-01,1.481208284699932209e-01,-6.400713474737536046e-01,7.230322085255890263e-01,2.507312908363398263e-01,-7.164065716696348396e-01,1.111033585065614032e-01,5.800336880173301290e-01
1.358000000000000007e+01,6.000000000000000000e+00,5.257907411884030324e+00,-6.165708031063725780e-01,3.428690816579434419e-01,7.524710746434338793e-01,1.569375907657274694e-01,-6.388688833306979120e-01,7.086727319411798565e-01,2.529736689421824281e-01,-7.191504334211185068e-01,1.130984745161528471e-01,6.151169619996379456e-01
1.359999999999999964e+01,6.000000000000000000e+00,5.271936972118815845e+00,-6.114885879520945977e-01,3.523125264453181860e-01,7.397175849286221627e-01,1.658764328182926462e-01,-6.352674568970364533e-01,6.942820903726900639e-01,2.552537647917482722e-01,-7.195094175807242864e-01,1.148738367400896909e-01,6.507861160917423060e-01
1.362000000000000099e+01,6.000000000000000000e+00,5.285678810812988182e+00,-6.063604308474743743e-01,3.621207120685048242e-01,7.270603763675517195e-01,1.748570661911556245e-01,-6.292176970483573939e-01,6.799088005217752695e-01,2.575671055409963217e-01,-7.174016091666459705e-01,1.164216683455764345e-01,6.867297133097836070e-01
1.364000000000000057e+01,6.000000000000000000e+00,5.299133773820413396e+00,-6.011857129190977256e-01,3.722783681258119981e-01,7.145488770466873474e-01,1.837800101756147386e-01,-6.206770542789996625e-01,6.656030173897274915e-01,2.599090628092297073e-01,-7.127450931970775727e-01,1.177341924998177858e-01,7.225555412564340640e-01
1.366000000000000014e+01,6.000000000000000000e+00,5.312303726477976440e+00,-5.959639094165306572e-01,3.827649732597422916e-01,7.022332941963922437e-01,1.925246331254173437e-01,-6.096105078353879492e-01,6.514165342774741463e-01,2.622748526790954493e-01,-7.054579546902127740e-01,1.188036323700182584e-01,7.577808606831424321e-01
1.367999999999999972e+01,6.000000000000000000e+00,5.325191586371580854e+00,-5.906945928230528109e-01,3.935540133960768183e-01,6.901644567332723135e-01,2.009474465618858730e-01,-5.959912120740931130e-01,6.374027827855798245e-01,2.646595356965847912e-01,-6.954582786642458103e-01,1.196222111233824631e-01,7.918235323978385365e-01
1.369999999999999929e+01,6.000000000000000000e+00,5.337801356102136907e+00,-5.853774359663904692e-01,4.046122193484985585e-01,6.783936457134290832e-01,2.088807977562478213e-01,-5.798010299797482503e-01,6.236168328142438488e-01,2.670580168710331437e-01,-6.826641501373702514e-01,1.201821519271150107e-01,8.239948519893195433e-01
1.372000000000000064e+01,6.000000000000000000e+00,5.350138156051553295e+00,-5.800122151294501149e-01,4.158988055758964797e-01,6.669724155340817084e-01,2.161321227808697953e-01,-5.610308896414935020e-01,6.101153925633029385e-01,2.694650456751199186e-01,-6.669936541277800002e-01,1.204756779484204843e-01,8.534951140608342257e-01
1.374000000000000021e+01,6.000000000000000000e+00,5.362208257148734170e+00,-5.745988131610508809e-01,4.273647383678701450e-01,6.559524101277689478e-01,2.224839337338880563e-01,-5.396808876307197522e-01,5.969568085322294326e-01,2.718752160448685284e-01,-6.483648756536690705e-01,1.204950123545034668e-01,8.794131033894025951e-01
1.375999999999999979e+01,6.000000000000000000e+00,5.374019113635569056e+00,-5.691372225866582202e-01,4.389520685344903694e-01,6.453851800288534779e-01,2.276947216977545929e-01,-5.157600529724799543e-01,5.842010655201317348e-01,2.742829663796466089e-01,-6.266958997332310322e-01,1.202323783125685414e-01,9.007308417091554054e-01
1.377999999999999936e+01,6.000000000000000000e+00,5.385579395832924554e+00,-5.636275487191164668e-01,4.505933703452200123e-01,6.353220080088701760e-01,2.315009636133511239e-01,-4.892856784911536749e-01,5.719097866257544238e-01,2.766825795421658518e-01,-6.019048113846602321e-01,1.196799989898203326e-01,9.163349709175785396e-01
1.380000000000000071e+01,6.000000000000000000e+00,5.396899022906640475e+00,-5.580700127693825063e-01,4.622113344068328744e-01,6.258137528892069312e-01,2.336204311049478455e-01,-4.602821248431521184e-01,5.601462332474781425e-01,2.790681828584820057e-01,-5.739096956261502402e-01,1.188300975534634096e-01,9.250360875335189581e-01
1.382000000000000028e+01,6.000000000000000000e+00,5.407989195633518875e+00,-5.524649549572587803e-01,4.737185666697033559e-01,6.169107230151437138e-01,2.337570177028950591e-01,-4.287790088539047417e-01,5.489753050833200421e-01,2.814337481179950418e-01,-5.426286374758949593e-01,1.176748971707023417e-01,9.255971210045571551e-01
1.383999999999999986e+01,6.000000000000000000e+00,5.418862429167318417e+00,-5.468128376221260689e-01,4.850176480021544667e-01,6.086625925350510613e-01,2.316073317503513362e-01,-3.948087041572048150e-01,5.384635401309327829e-01,2.837730915734488213e-01,-5.079797219520882923e-01,1.162066210087417534e-01,9.167714395001141936e-01
1.385999999999999943e+01,6.000000000000000000e+00,5.429532585804749623e+00,-5.411142483336769393e-01,4.960015079645159752e-01,6.011183748488558853e-01,2.268693440633527125e-01,-3.584031105199709799e-01,5.286791146876055336e-01,2.860798739409314284e-01,-4.698810340729242530e-01,1.144174922347862416e-01,8.973507568984346872e-01
1.388000000000000078e+01,6.000000000000000000e+00,5.440014907751462125e+00,-5.353699030026486394e-01,5.065541618367790377e-01,5.943264681142518269e-01,2.192534198943011103e-01,-3.195896897359435940e-01,5.196918433502635271e-01,2.883476003998749482e-01,-4.282506588565965222e-01,1.122997340160403479e-01,8.662221142837160937e-01
1.390000000000000036e+01,6.000000000000000000e+00,5.450326049888043478e+00,-5.295806489915566573e-01,5.165518511092146436e-01,5.883347872594179018e-01,2.084960747331115472e-01,-2.783868204173689520e-01,5.115731790154680603e-01,2.905696205930557996e-01,-3.830066813212990029e-01,1.098455695197087245e-01,8.224322599734708028e-01
1.391999999999999993e+01,6.000000000000000000e+00,5.460484112536006407e+00,-5.237474682254270597e-01,5.258646143612342172e-01,5.831909952975573574e-01,1.943767217844824258e-01,-2.347985895415956037e-01,5.043962128794168276e-01,2.927391286265941250e-01,-3.340671864852262640e-01,1.070472219129959823e-01,7.652567281863605908e-01
1.393999999999999950e+01,6.000000000000000000e+00,5.470508674223784062e+00,-5.178714803025303848e-01,5.343582979590243420e-01,5.789428436777542819e-01,1.767374524154269877e-01,-1.888092114053563364e-01,4.982356744379430324e-01,2.948491630699544563e-01,-2.813502593665710427e-01,1.038969143631066211e-01,6.942699200807379567e-01
1.396000000000000085e+01,6.000000000000000000e+00,5.480420824452724382e+00,-5.119539456051143134e-01,5.418969949487971727e-01,5.756386268413429264e-01,1.555054258546360035e-01,-1.403773389294702412e-01,4.931679314865164976e-01,2.968926069559452152e-01,-2.247739849835276860e-01,1.003868700372452794e-01,6.094116401883520329e-01
1.398000000000000043e+01,6.000000000000000000e+00,5.490243196463079123e+00,-5.059962684101370067e-01,5.483458769352020923e-01,5.733277501205753524e-01,1.307166781750611906e-01,-8.943060059147001084e-02,4.892709901202432210e-01,2.988621877807191018e-01,-1.642564483542901799e-01,9.650931210261656790e-02,5.110449533476713047e-01
1.400000000000000000e+01,7.000000000000000000e+00,5.500000000000000000e+00,-5.000000000000000000e-01,5.535743588970455376e-01,5.720614028176842503e-01,1.025391075438045196e-01,-5.977537933492804711e-02,4.866244947338649318e-01,3.007504775037729283e-01,-9.971573449705228853e-02,9.225646372642448689e-02,4.000000000000014655e-01
1.401999999999999957e+01,7.000000000000000000e+00,5.509710715649728030e+00,-4.939687193645207475e-01,5.579267083483743228e-01,5.709367349471782260e-01,9.289732222093342873e-02,-7.543460743981533767e-02,4.843568014935952792e-01,3.022701509561246946e-01,-1.267968628267427955e-01,6.002531245519130559e-02,3.621592997074301046e-01
1.403999999999999915e+01,7.000000000000000000e+00,5.519370763394968016e+00,-4.879133663427344669e-01,5.618587201198639303e-01,5.690440185200916767e-01,8.422545196557582048e-02,-1.127760176102654555e-01,4.815627883491859773e-01,3.031639422669713535e-01,-1.523527718978080203e-01,2.966200093257548992e-02,3.281834083371394373e-01
1.406000000000000050e+01,7.000000000000000000e+00,5.528969919862694482e+00,-4.818460875089789486e-01,5.654088309488861652e-01,5.664256942427673414e-01,7.639861479635819130e-02,-1.480047563753341677e-01,4.782726568666023637e-01,3.034688333126849269e-01,-1.764137436309641260e-01,1.129037298534704388e-03,2.975611369364534187e-01
1.408000000000000007e+01,7.000000000000000000e+00,5.538498559654814635e+00,-4.757782972984363479e-01,5.686114239781904223e-01,5.631238282650783411e-01,6.931303833578794649e-02,-1.811417467679916626e-01,4.745160029733953011e-01,3.032210561324363285e-01,-1.990100599469271925e-01,-2.561107030697344633e-02,2.698707568891828834e-01
1.409999999999999964e+01,7.000000000000000000e+00,5.547947643235405124e+00,-4.697206930038775319e-01,5.714974680903519566e-01,5.591800243720478347e-01,6.288269519239483851e-02,-2.122119359903216207e-01,4.703218169587017883e-01,3.024560929281958632e-01,-2.201720027664134660e-01,-5.059581374399121922e-02,2.447646677693394723e-01
1.411999999999999922e+01,7.000000000000000000e+00,5.557308704817942591e+00,-4.636832697724060925e-01,5.740950600803000903e-01,5.546353508254656672e-01,5.703661176750185469e-02,-2.412436315321588864e-01,4.657184834732438494e-01,3.012086760647329498e-01,-2.399298540101388599e-01,-7.386268487256104909e-02,2.219574048017899370e-01
1.414000000000000057e+01,7.000000000000000000e+00,5.566573840252531546e+00,-4.576753356022020824e-01,5.764298881850812295e-01,5.495302791107611329e-01,5.171672563851237303e-02,-2.682679600491564287e-01,4.607337815293298666e-01,2.995127880696161204e-01,-2.583138955988196761e-01,-9.544917555272525167e-02,2.012162586767713979e-01
1.416000000000000014e+01,7.000000000000000000e+00,5.575735694913141138e+00,-4.517055263392664166e-01,5.785256317691268579e-01,5.439046324234992902e-01,4.687619094987221374e-02,-2.933184233139805031e-01,4.553948845008534696e-01,2.974016616332131324e-01,-2.753544094531720221e-01,-1.153927776445261982e-01,1.823539593691455296e-01
1.417999999999999972e+01,7.000000000000000000e+00,5.584787451584826812e+00,-4.457818206741641087e-01,5.804043090554330542e-01,5.377975421782021925e-01,4.247805144358796775e-02,-3.164305312888124888e-01,4.497283601232938688e-01,2.949077796086906900e-01,-2.910816774939120610e-01,-1.337309830080062600e-01,1.652230080258675349e-01
1.419999999999999929e+01,7.000000000000000000e+00,5.593722818350978621e+00,-4.399115551387692835e-01,5.820865825038399333e-01,5.312474111719470704e-01,3.849421718832777423e-02,-3.376414967017158375e-01,4.437601704937161884e-01,2.920628750120147221e-01,-3.055259816417557617e-01,-1.505012835032077390e-01,1.497113395643890343e-01
1.422000000000000064e+01,7.000000000000000000e+00,5.602536016480538450e+00,-4.341014391030089126e-01,5.835920296206827951e-01,5.242918823101331283e-01,3.490469421037267761e-02,-3.569899788075403535e-01,4.375156720707713554e-01,2.888979310219506047e-01,-3.187176038174193704e-01,-1.657411709901730479e-01,1.357390723287369982e-01
1.424000000000000021e+01,7.000000000000000000e+00,5.611221768315241221e+00,-4.283575697716061614e-01,5.849393855285556221e-01,5.169678120196452564e-01,3.169702660170974767e-02,-3.745158665378856000e-01,4.310196156746958773e-01,2.854431809800624387e-01,-3.306868259416189670e-01,-1.794881373289444748e-01,1.232561563442459013e-01
1.425999999999999979e+01,7.000000000000000000e+00,5.619775285156839217e+00,-4.226854471808255687e-01,5.861467624458543968e-01,5.093112476486180151e-01,2.886591873752392817e-02,-3.902600931884130375e-01,4.242961464873115651e-01,2.817281083907137718e-01,-3.414639299350707424e-01,-1.917796743795644465e-01,1.122407729270451238e-01
1.427999999999999936e+01,7.000000000000000000e+00,5.628192255154335299e+00,-4.170899891952158378e-01,5.872318502574978005e-01,5.013574082921090636e-01,2.641301135330831676e-02,-4.042644762956690840e-01,4.173688040520265319e-01,2.777814469210672654e-01,-3.510791977184907764e-01,-2.026532740020752787e-01,1.026983688580156012e-01
1.430000000000000071e+01,7.000000000000000000e+00,5.636468831191218776e+00,-4.115755465043546280e-01,5.882121015494723437e-01,4.931406685967907877e-01,2.434678969998959122e-02,-4.165715775269624999e-01,4.102605222738339719e-01,2.736311804010845283e-01,-3.595629112125952043e-01,-2.121464280565192317e-01,9.466123028953669916e-02
1.432000000000000028e+01,7.000000000000000000e+00,5.644601618772696838e+00,-4.061459176195924003e-01,5.891049037898986596e-01,4.846945451910302238e-01,2.268260501956629108e-02,-4.272245783248180828e-01,4.029936294193134372e-01,2.693045428235266159e-01,-3.669453523381001059e-01,-2.202966284029388155e-01,8.818851658458579101e-02
1.433999999999999986e+01,7.000000000000000000e+00,5.652587663912923333e+00,-4.008043638707965428e-01,5.899277407355426606e-01,4.760516854637984463e-01,2.144279229243251789e-02,-4.362671677734493159e-01,3.955898481166293390e-01,2.648280183439535307e-01,-3.732568030157217831e-01,-2.271413669013764014e-01,8.336668343898609446e-02
1.435999999999999943e+01,7.000000000000000000e+00,5.660424441022229303e+00,-3.955536244030949944e-01,5.906983445983610137e-01,4.672438584800926442e-01,2.065686765865525423e-02,-4.437434397344048875e-01,3.880702953555323909e-01,2.602273412807246111e-01,-3.785275451661762602e-01,-2.327181354118741941e-01,8.031022856340937210e-02
1.438000000000000078e+01,7.000000000000000000e+00,5.668109840794352650e+00,-3.903959311736204807e-01,5.914348399997082506e-01,4.583019478744217445e-01,2.036178810145552326e-02,-4.496977967702431300e-01,3.804554824873587204e-01,2.555274961149979207e-01,-3.827878607101796726e-01,-2.370644257944746203e-01,7.916269225934946530e-02
1.440000000000000036e+01,7.000000000000000000e+00,5.675642158093682887e+00,-3.853330239482549158e-01,5.921558802516330156e-01,4.492559466092826415e-01,2.060225383326895823e-02,-4.541748587680842775e-01,3.727653152250301472e-01,2.507527174907313583e-01,-3.860680315684480446e-01,-2.402177299092200236e-01,8.009783954696304831e-02
1.441999999999999993e+01,7.000000000000000000e+00,5.683020079842475702e+00,-3.803661652983725827e-01,5.928807760195817789e-01,4.401349535236988020e-01,2.143103021730160054e-02,-4.572193745151746924e-01,3.650190936430542377e-01,2.459264902146812704e-01,-3.883983396616975114e-01,-2.422155396161526919e-01,8.332094006893707439e-02
1.443999999999999950e+01,7.000000000000000000e+00,5.690242672908099486e+00,-3.754961555975852572e-01,5.936296159256438942e-01,4.309671716286760379e-01,2.290926081354767788e-02,-4.588761347856653572e-01,3.572355121775241948e-01,2.410715492564036722e-01,-3.898090669106443196e-01,-2.430953467753150798e-01,8.907004668560154770e-02
1.446000000000000085e+01,7.000000000000000000e+00,5.697309371990256111e+00,-3.707233480184851104e-01,5.944233781353459589e-01,4.217799081322717303e-01,2.510673604030684569e-02,-4.591898857927390054e-01,3.494326596261190243e-01,2.362098797482535262e-01,-3.903304952360044933e-01,-2.428946432467494754e-01,9.761715335021285689e-02
1.448000000000000043e+01,7.000000000000000000e+00,5.704219967508219469e+00,-3.660476635293893888e-01,5.952840314257588084e-01,4.125995761969660780e-01,2.810207275273334318e-02,-4.582052421593925118e-01,3.416280191481031459e-01,2.313627169853849086e-01,-3.899929065584943899e-01,-2.416509208904982775e-01,1.092690874277258001e-01
1.450000000000000000e+01,7.000000000000000000e+00,5.710974593488061579e+00,-3.614686058910843158e-01,5.962346236529223464e-01,4.034516984458964006e-01,3.198274853887670549e-02,-4.559665988819734395e-01,3.338384682643269485e-01,2.265505464257512314e-01,-3.888265827988297563e-01,-2.394016715666038575e-01,1.243679611789886008e-01
1.451999999999999957e+01,7.000000000000000000e+00,5.717573715449887573e+00,-3.569852766535688282e-01,5.972993549206933039e-01,3.943609122416875112e-01,3.684492058517306601e-02,-4.525180421167807054e-01,3.260802788572261801e-01,2.217931036901047426e-01,-3.868618058777270052e-01,-2.361843871351085034e-01,1.432909720585962832e-01
1.453999999999999915e+01,7.000000000000000000e+00,5.724018118295073343e+00,-3.525963901527992550e-01,5.985036321039562957e-01,3.853509767612255388e-01,4.279294262627879319e-02,-4.479032590273366310e-01,3.183691171708226131e-01,2.171093745619971926e-01,-3.841288577159021611e-01,-2.320365594560545586e-01,1.664493026200731807e-01
1.456000000000000050e+01,7.000000000000000000e+00,5.730308894193483660e+00,-3.483002885074325539e-01,5.998741007054894103e-01,3.764447818805936596e-01,4.993847519686617220e-02,-4.421654474010274782e-01,3.107200438107234342e-01,2.125175949877793902e-01,-3.806580202340715813e-01,-2.269956803894844777e-01,1.942858297123382927e-01
1.458000000000000007e+01,7.000000000000000000e+00,5.736447430470712483e+00,-3.440949566155706574e-01,6.014386493437954284e-01,3.676643588651840044e-01,5.839906520373071286e-02,-4.353472262862805309e-01,3.031475137441216328e-01,2.080352510766009522e-01,-3.764795753529510125e-01,-2.210992417954406042e-01,2.272713117282562090e-01
1.459999999999999964e+01,7.000000000000000000e+00,5.742435397495315286e+00,-3.399780371515047084e-01,6.032263815042185895e-01,3.590308928291428558e-01,6.829605278674359681e-02,-4.274905495240961528e-01,2.956653762997958346e-01,2.036790791004112200e-01,-3.716238049932567566e-01,-2.143847355339650873e-01,2.658986855573315378e-01
1.461999999999999922e+01,7.000000000000000000e+00,5.748274736566040488e+00,-3.359468455624587957e-01,6.052675485740767192e-01,3.505647368842205180e-01,7.975165004499240595e-02,-4.186366247466946078e-01,2.882868751681104125e-01,1.994650654939583156e-01,-3.661209910757050601e-01,-2.068896534651005759e-01,3.106750766895253202e-01
1.464000000000000057e+01,7.000000000000000000e+00,5.753967647799055563e+00,-3.319983850653340229e-01,6.075934376738136855e-01,3.422854278392747363e-01,9.288503295057166931e-02,-4.088258411830736350e-01,2.810246484010152646e-01,1.954084468547895304e-01,-3.600014155210118916e-01,-1.986514874488891635e-01,3.621111134113745300e-01
1.466000000000000014e+01,7.000000000000000000e+00,5.759516578015188237e+00,-3.281293616434525218e-01,6.102362074544025461e-01,3.342117032368972507e-01,1.078073025414822694e-01,-3.980977104250857934e-01,2.738907284120460361e-01,1.915237099432514079e-01,-3.532953602498933865e-01,-1.897077293453734437e-01,4.207071478818401600e-01
1.467999999999999972e+01,7.000000000000000000e+00,5.764924208627147273e+00,-3.243361990433015762e-01,6.132286649362732600e-01,3.263615194222716509e-01,1.246152146369421676e-01,-3.864908251300347430e-01,2.668965419763242863e-01,1.878245916824896888e-01,-3.460331071830656802e-01,-1.800958710145955100e-01,4.869360335545265261e-01
1.469999999999999929e+01,7.000000000000000000e+00,5.770193443526760113e+00,-3.206150537712775805e-01,6.166039767123203674e-01,3.187520702316962162e-01,1.433836609378998372e-01,-3.740428414111773847e-01,2.600529102305567108e-01,1.843240791584490612e-01,-3.382449382412450745e-01,-1.698534043165979557e-01,5.612222019018021646e-01
1.472000000000000064e+01,7.000000000000000000e+00,5.775327396972211424e+00,-3.169618300904301633e-01,6.203953085361006980e-01,3.113998057658241558e-01,1.641570200683659664e-01,-3.607904913183581641e-01,2.533700486730363632e-01,1.810344096198736319e-01,-3.299611353451476492e-01,-1.590178211114230966e-01,6.439169343878768936e-01
1.474000000000000021e+01,7.000000000000000000e+00,5.780329381475257655e+00,-3.133721950172055903e-01,6.246353885842421683e-01,3.043204505789615655e-01,1.869396917040143102e-01,-3.467696322362936456e-01,2.468575671636413504e-01,1.779670704783064550e-01,-3.212119804154892622e-01,-1.476266132591131097e-01,7.352699501497390600e-01
1.475999999999999979e+01,7.000000000000000000e+00,5.785202895688473568e+00,-3.098415933181917215e-01,6.293559916381897823e-01,2.975290204763726964e-01,2.116863758284119601e-01,-3.320153401050642827e-01,2.405244699238357486e-01,1.751327993080897538e-01,-3.120277553729862152e-01,-1.357172726197104218e-01,8.353977350714807404e-01
1.477999999999999936e+01,7.000000000000000000e+00,5.789951612292481009e+00,-3.063652625068615243e-01,6.345873441818082883e-01,2.910398369747592695e-01,2.382929382475779401e-01,-3.165620529547874540e-01,2.343791555366693813e-01,1.725415838463650320e-01,-3.024387421383545882e-01,-1.233272910532574179e-01,9.442494272645880482e-01
1.480000000000000071e+01,7.000000000000000000e+00,5.794579365883175903e+00,-3.029382478403170320e-01,6.403574540355930766e-01,2.848665383581809318e-01,2.665889624556535553e-01,-3.004437701969724372e-01,2.284294169467776248e-01,1.702026619930728513e-01,-2.924752226323107940e-01,-1.104941604197966082e-01,1.061571541209321179e+00
1.482000000000000028e+01,7.000000000000000000e+00,5.799090140858961462e+00,-2.995554173160336897e-01,6.466913726706969845e-01,2.790220861668800678e-01,2.963332500238987088e-01,-2.836943112900325303e-01,2.226824414603816027e-01,1.681245218109528872e-01,-2.821674787755704683e-01,-9.725537257936991975e-02,1.186873337978144649e+00
1.483999999999999986e+01,7.000000000000000000e+00,5.803488059307986724e+00,-2.962114766686038125e-01,6.536104037128651623e-01,2.735187659065798638e-01,3.272135060894468817e-01,-2.663476346893070001e-01,2.171448107452880749e-01,1.663149015255442342e-01,-2.715457924888503016e-01,-8.364841939202039001e-02,1.319395194178776043e+00
1.485999999999999943e+01,7.000000000000000000e+00,5.807777368895366443e+00,-2.929009843664811541e-01,6.611312771961219692e-01,2.683681807793080187e-01,3.588511568166257160e-01,-2.484382143595427195e-01,2.118225008308893820e-01,1.647807895251847121e-01,-2.606404456928658742e-01,-6.971079271778969633e-02,1.458082828912627527e+00
1.488000000000000078e+01,7.000000000000000000e+00,5.811962430750419628e+00,-2.896183666087246422e-01,6.692653155631693718e-01,2.635812373321979041e-01,3.908116695627827930e-01,-2.300014666247163220e-01,2.067208821081638059e-01,1.635284243610116151e-01,-2.494817203083335710e-01,-5.547998441672031406e-02,1.601570636609879639e+00
1.490000000000000036e+01,7.000000000000000000e+00,5.816047707353907192e+00,-2.863579323217426698e-01,6.780176237869321998e-01,2.591681221143191660e-01,4.226199507077261219e-01,-2.110742149423563419e-01,2.018447193296749320e-01,1.625632947469612399e-01,-2.380998982559696109e-01,-4.099348634885494752e-02,1.748177547780544128e+00
1.491999999999999993e+01,7.000000000000000000e+00,5.820037750425249179e+00,-2.831138881560366638e-01,6.873863417063352799e-01,2.551382687345038480e-01,4.537795436286017892e-01,-1.916951746600865647e-01,1.971981716095724257e-01,1.618901395597690807e-01,-2.265252614564898792e-01,-2.628879037423565226e-02,1.895918696509582446e+00
1.493999999999999950e+01,7.000000000000000000e+00,5.823937188809771293e+00,-2.798803534829455431e-01,6.973620010019948579e-01,2.515003151279158744e-01,4.837936612136714554e-01,-1.719054344491155462e-01,1.927847924235913391e-01,1.615129478389698281e-01,-2.147880918306107612e-01,-1.140338835290490016e-02,2.042535619918659506e+00
1.496000000000000085e+01,7.000000000000000000e+00,5.827750716365920347e+00,-2.766513753913891760e-01,7.079270313855235974e-01,2.482620513565390596e-01,5.121857658842491334e-01,-1.517489065666657311e-01,1.886075296090524989e-01,1.614349587868972868e-01,-2.029186712990482810e-01,3.625227855094980897e-03,2.185546690379620571e+00
1.498000000000000043e+01,7.000000000000000000e+00,5.831483079852519680e+00,-2.734209436846133379e-01,7.190554597618062926e-01,2.454303588652490820e-01,5.235999999999999543e-01,-1.312727151188113339e-01,1.846687253648625071e-01,1.616586617686844862e-01,-1.909472817825184632e-01,1.875956638972168036e-02,2.322317983511060113e+00
1.500000000000000000e+01,7.000000000000000000e+00,5.835139066815973052e+00,-2.701830058769326692e-01,7.307128417129495901e-01,2.430111427517867295e-01,5.235999999999999543e-01,-1.105274908109636911e-01,1.809701162515134354e-01,1.621857963122633750e-01,-1.789042052017375539e-01,3.396213539093275585e-02,2.450152892004917593e+00
1.501999999999999957e+01,7.000000000000000000e+00,5.838723493477520066e+00,-2.669314821904754664e-01,7.428564562961245121e-01,2.410092592328106076e-01,5.235999999999999543e-01,-8.956754288458768087e-02,1.775128331910831858e-01,1.630173521083654042e-01,-1.668197234774216886e-01,4.919544299868593151e-02,2.566396678074392756e+00
1.503999999999999915e+01,7.000000000000000000e+00,5.842241192620447165e+00,-2.636602805519271953e-01,7.554357829134790148e-01,2.394284410364032889e-01,5.235999999999999543e-01,-6.845088436689827915e-02,1.742974014672353522e-01,1.641535690105208334e-01,-1.547241185302869193e-01,6.442199735293889507e-02,2.668550073850564086e+00
1.506000000000000050e+01,7.000000000000000000e+00,5.845697001477340393e+00,-2.603633115892748928e-01,7.683932634816157403e-01,2.382712238581345954e-01,5.235999999999999543e-01,-4.723909532428560709e-02,1.713237407252190814e-01,1.655939370350593132e-01,-1.426476722810495201e-01,7.960430659364908790e-02,2.754384305475002570e+00
1.508000000000000007e+01,7.000000000000000000e+00,5.849095749617299944e+00,-2.570345036285509033e-01,7.816653354173686008e-01,2.375388772234317825e-01,5.235999999999999543e-01,-2.599701994896719270e-02,1.685911649718692673e-01,1.673371963611096080e-01,-1.306206666504253766e-01,9.470487886077445794e-02,2.822048855043952642e+00
1.509999999999999964e+01,7.000000000000000000e+00,5.852442246833182260e+00,-2.536678176905771132e-01,7.951837026451008539e-01,2.372313430601759310e-01,5.235999999999999543e-01,-4.792305991421663691e-03,1.660983825756065513e-01,1.693813373305994574e-01,-1.186733835591308323e-01,1.096862222942723564e-01,2.870163146109849350e+00
1.512000000000000099e+01,7.000000000000000000e+00,5.855741271028824357e+00,-2.502572624877086871e-01,8.088767947851966955e-01,2.373471849837749392e-01,5.235999999999999543e-01,1.630519211619940734e-02,1.638434962664370720e-01,1.717236004482560752e-01,-1.068361049278819669e-01,1.245108450341006340e-01,2.897884276730997133e+00
1.514000000000000057e+01,7.000000000000000000e+00,5.858997556106283255e+00,-2.467969094205784142e-01,8.226713507997784891e-01,2.378835507448239517e-01,5.235999999999999543e-01,3.722411367547806549e-02,1.618240031359527986e-01,1.743604763816054004e-01,-9.513911267739477706e-02,1.391412552202169473e-01,2.904944887933162523e+00
1.516000000000000014e+01,7.000000000000000000e+00,5.862215779853061193e+00,-2.432809075748405547e-01,8.364940542782819399e-01,2.388361495307940452e-01,5.235999999999999543e-01,5.789235434922446188e-02,1.600367946373314476e-01,1.772877059609729855e-01,-8.361268872838562016e-02,1.535399609925786613e-01,2.891658018035670796e+00
1.517999999999999972e+01,7.000000000000000000e+00,5.865400551829341502e+00,-2.397034987179147703e-01,8.502731443285593826e-01,2.401992449187928813e-01,5.235999999999999543e-01,7.823784508983955277e-02,1.584781565853360941e-01,1.805002801794832190e-01,-7.228711500157054826e-02,1.676694704911436129e-01,2.858888975070229321e+00
1.519999999999999929e+01,7.000000000000000000e+00,5.868556401255215604e+00,-2.360590322957303033e-01,8.639399290532551179e-01,2.419656633343875707e-01,5.235999999999999543e-01,9.818930138578885192e-02,1.571437691563158934e-01,1.839924401930597975e-01,-6.119267341766544688e-02,1.814922918558697362e-01,2.807997400195053839e+00
1.522000000000000064e+01,7.000000000000000000e+00,5.871687764897919770e+00,-2.323419804294699353e-01,8.774301373990038844e-01,2.441268169742245031e-01,5.235999999999999543e-01,1.176769011719756008e-01,1.560287068882053596e-01,1.877576773204254756e-01,-5.035964589738678443e-02,1.949709332267141326e-01,2.740755346469319509e+00
1.524000000000000021e+01,7.000000000000000000e+00,5.874798974959065667e+00,-2.285469529123140275e-01,8.906850586224751565e-01,2.466727393812666869e-01,5.235999999999999543e-01,1.366328577474753558e-01,1.551274386805248096e-01,1.917887330431022330e-01,-3.981831436145037706e-02,2.080679027436349859e-01,2.659249012795724898e+00
1.525999999999999979e+01,7.000000000000000000e+00,5.877894246961870017e+00,-2.246687122061844788e-01,9.036524350764232327e-01,2.495921312841234141e-01,5.235999999999999543e-01,1.549918645199426237e-01,1.544338277943802518e-01,1.960775990054111351e-01,-2.959896073057269317e-02,2.207457085465894531e-01,2.565772568627055605e+00
1.527999999999999936e+01,7.000000000000000000e+00,5.880977667638388695e+00,-2.207021884384887389e-01,9.162870916137714206e-01,2.528724139620642797e-01,5.235999999999999543e-01,1.726913999320069948e-01,1.539411318524633865e-01,2.006155170144724442e-01,-1.973186692546956278e-02,2.329668587755355513e-01,2.462722281101661359e+00
1.530000000000000071e+01,7.000000000000000000e+00,5.884053182816745498e+00,-2.166424943988639606e-01,9.285513018409712327e-01,2.564997872814038793e-01,5.235999999999999543e-01,1.896718921273361502e-01,1.536420028390515502e-01,2.053929790402055366e-01,-1.024731486685729123e-02,2.446938615704306874e-01,2.352498074091083247e+00
1.532000000000000028e+01,7.000000000000000000e+00,5.887124585308365354e+00,-2.124849405359207355e-01,9.404149062377631374e-01,2.604592896471579211e-01,5.222668821968401431e-01,2.058767526277263116e-01,1.535284871000077156e-01,2.103997272153290410e-01,-1.175586475451938619e-03,2.558892250712326843e-01,2.237417977853957129e+00
1.533999999999999986e+01,7.000000000000000000e+00,5.890195502795211091e+00,-2.082250499539875788e-01,9.518552087798470840e-01,2.647348573865127563e-01,4.992119582942938227e-01,2.212522957373153076e-01,1.535920253427806581e-01,2.156247538353606441e-01,7.453036328030362111e-03,2.665154574178990043e-01,2.119648979702283498e+00
1.535999999999999943e+01,7.000000000000000000e+00,5.893269385717002429e+00,-2.038585734098543323e-01,9.628566866549176373e-01,2.693093814766503447e-01,4.754152845596477106e-01,2.357475652075882167e-01,1.538234526364046506e-01,2.210563013586171466e-01,1.560827162287342987e-02,2.765350667503874704e-01,2.001155850942686332e+00
1.538000000000000078e+01,7.000000000000000000e+00,5.896349495158463405e+00,-1.993815043095167605e-01,9.734105519353021263e-01,2.741647599948164871e-01,4.512304615531146923e-01,2.493140919164655855e-01,1.542129984114998797e-01,2.266818624062146847e-01,2.325983748836121801e-02,2.859105612086556003e-01,1.883667829328289578e+00
1.540000000000000036e+01,7.000000000000000000e+00,5.899438890736538710e+00,-1.947900937049202030e-01,9.835142050286654891e-01,2.792819451533092301e-01,4.269943874475570778e-01,2.619056062637321602e-01,1.547502864602720019e-01,2.324881797620683144e-01,3.037745200377759552e-02,2.946044489326612448e-01,1.768661719490757234e+00
1.541999999999999993e+01,7.000000000000000000e+00,5.902540418487642881e+00,-1.900808652907037821e-01,9.931706179884952634e-01,2.846409842453655470e-01,4.030183143984811256e-01,2.734777271714481373e-01,1.554243349365123927e-01,2.384612463728923437e-01,3.693083324840627790e-02,3.025792380623616440e-01,1.657359090828390169e+00
1.543999999999999950e+01,7.000000000000000000e+00,5.905656698754872203e+00,-1.852506304009441940e-01,1.002387682061540275e+00,2.902210542401669202e-01,3.795806243844703221e-01,2.839876465796438154e-01,1.562235563555982032e-01,2.445863053482004168e-01,4.288969930153133103e-02,3.097974367377148708e-01,1.550734787320892094e+00
1.546000000000000085e+01,7.000000000000000000e+00,5.908790114075251232e+00,-1.802965030058999440e-01,1.011177548916643243e+00,2.960004901085515616e-01,3.569217936134652658e-01,2.933938246994696186e-01,1.571357575944921647e-01,2.508478499603050693e-01,4.822376824243654325e-02,3.162215530986783874e-01,1.449533853426361096e+00
1.548000000000000043e+01,7.000000000000000000e+00,5.911942797066960686e+00,-1.752159147087554159e-01,1.019555989497147763e+00,3.019568072281459958e-01,3.352417338178329542e-01,3.016557074989876241e-01,1.581481398917427561e-01,2.572296236443180062e-01,5.290275815040583474e-02,3.218140952852098780e-01,1.354294137240508622e+00
1.550000000000000000e+01,7.000000000000000000e+00,5.915116618316564434e+00,-1.700066297423646067e-01,1.027541788900688813e+00,3.080667184085107979e-01,3.146994271891221939e-01,3.087334743071039611e-01,1.592472988474840645e-01,2.637146199981502681e-01,5.689638710472302852e-02,3.265375714372669158e-01,1.265372164638725261e+00
1.551999999999999957e+01,7.000000000000000000e+00,5.918313174266248033e+00,-1.646667599659953629e-01,1.035156190506329343e+00,3.143061462004299034e-01,2.954145557760817775e-01,3.145878202641432253e-01,1.604192244234358966e-01,2.702850827825119540e-01,6.017437318467198232e-02,3.303544896948071852e-01,1.182970303475252560e+00
1.553999999999999915e+01,7.000000000000000000e+00,5.921533775101044839e+00,-1.591947798620733656e-01,1.042422397992483596e+00,3.206502312190762649e-01,2.774706910194190135e-01,3.191797757503236355e-01,1.616493009429037231e-01,2.769225059209121653e-01,6.270643446953663713e-02,3.332273581977884258e-01,1.107163688956871228e+00
1.556000000000000050e+01,7.000000000000000000e+00,5.924779432636073651e+00,-1.535895415329260882e-01,1.049365140053632572e+00,3.270733372304431286e-01,2.609195576796259353e-01,3.224705629275916863e-01,1.629223070907787063e-01,2.836076334996595061e-01,6.446228903860083681e-02,3.351186850861682109e-01,1.037925812895311273e+00
1.558000000000000007e+01,7.000000000000000000e+00,5.928050848203761269e+00,-1.478502896975268099e-01,1.056010299569948963e+00,3.335490537361803232e-01,2.457859049939643825e-01,3.244214881126392669e-01,1.642224159135376449e-01,2.903204597678613053e-01,6.541165497114838356e-02,3.359909784999041138e-01,9.751520614065488646e-01
1.559999999999999964e+01,7.000000000000000000e+00,5.931348400541087251e+00,-1.419766766882387121e-01,1.062384606685507382e+00,3.400501967549484084e-01,2.320725842071431622e-01,3.249938678010177995e-01,1.655331948192431124e-01,2.970402291374244497e-01,6.552425034646325308e-02,3.358067465789539296e-01,9.186808033256571582e-01
1.562000000000000099e+01,7.000000000000000000e+00,5.934672133676801131e+00,-1.359687774475588640e-01,1.068515393639430489e+00,3.465488084482212794e-01,2.197655223633859789e-01,3.241489857037773703e-01,1.668376055775431799e-01,3.037454361830546068e-01,6.476979324382922676e-02,3.345284974632751762e-01,8.683118817516202181e-01
1.564000000000000057e+01,7.000000000000000000e+00,5.938021744818667180e+00,-1.298271045248622080e-01,1.074430408179730678e+00,3.530161561830997830e-01,2.088383781012280449e-01,3.218480780546908449e-01,1.681180043196718321e-01,3.104138256422569464e-01,6.311800174253022477e-02,3.321187392928255377e-01,8.238225477170731947e-01
1.566000000000000014e+01,7.000000000000000000e+00,5.941396572240686069e+00,-1.235526230731455871e-01,1.080157681874504672e+00,3.594227315704086601e-01,1.992567529619181099e-01,3.180523446223180173e-01,1.693561415384485236e-01,3.170223924153355854e-01,6.053859392185009791e-02,3.285399802075627540e-01,7.849810062655637743e-01
1.567999999999999972e+01,7.000000000000000000e+00,5.944795583170332520e+00,-1.171467658457718414e-01,1.085725449526051545e+00,3.657382499679922572e-01,1.909819043156597007e-01,3.127229832477400606e-01,1.705331620882785115e-01,3.235473815653937546e-01,5.700128786107276635e-02,3.237547283474442872e-01,7.515578314159780948e-01
1.569999999999999929e+01,7.000000000000000000e+00,5.948217361675783188e+00,-1.106114481932135296e-01,1.091162116107619928e+00,3.719316509003179894e-01,1.839739611901948790e-01,3.058212462763130191e-01,1.716296051851526339e-01,3.299642883183339648e-01,5.247580163948209475e-02,3.177254918524279881e-01,7.233355581220436425e-01
1.572000000000000064e+01,7.000000000000000000e+00,5.951660096553155199e+00,-1.039490830597974147e-01,1.096496268111463390e+00,3.779710998190449756e-01,1.781946830403274562e-01,2.973085179259964406e-01,1.726254044066475868e-01,3.362478580628579516e-01,4.693185333636191309e-02,3.104147788624713744e-01,7.001167862588044688e-01
1.574000000000000021e+01,7.000000000000000000e+00,5.955121569213727817e+00,-9.716259598044814372e-02,1.101756726868605041e+00,3.838239916173581956e-01,1.736098265507038108e-01,2.871464124155220787e-01,1.734998876919255084e-01,3.423720863504662315e-01,4.033916103099609296e-02,3.017850975175321304e-01,6.817311426137565578e-01
1.575999999999999979e+01,7.000000000000000000e+00,5.958599141571181868e+00,-9.025544007743237229e-02,1.106972642239868465e+00,3.894569563156656256e-01,1.701912002766371446e-01,2.752968935626949332e-01,1.742317773417343396e-01,3.483102188954590450e-01,3.266744280266850597e-02,2.917989559575678293e-01,6.680414492880667465e-01
1.577999999999999936e+01,7.000000000000000000e+00,5.962089743928829400e+00,-8.323161105710273622e-02,1.112173626065687593e+00,3.948358673598657553e-01,1.679184945963745901e-01,2.617224175696186705e-01,1.747991900184077407e-01,3.540347515749352469e-01,2.388641673066305149e-02,2.804188623225362664e-01,6.589494471297728806e-01
1.580000000000000071e+01,7.000000000000000000e+00,5.965589862866843340e+00,-7.609566220664192027e-02,1.117389925896897784e+00,3.999258530184505722e-01,1.667809779501861489e-01,2.463861018686994697e-01,1.751796367458649251e-01,3.595174304287931388e-01,1.396580089426359764e-02,2.676073247523949594e-01,6.544014262447728214e-01
1.582000000000000028e+01,7.000000000000000000e+00,5.969095529129492483e+00,-6.885271939080664372e-02,1.122652640824749470e+00,4.046913114346140095e-01,1.667791520072428590e-01,2.292519242622930165e-01,1.753500229096108531e-01,3.647292516597300249e-01,2.875313372753983496e-03,2.533268513871016481e-01,6.543941271601583232e-01
1.583999999999999986e+01,7.000000000000000000e+00,5.972602305512370258e+00,-6.150849604867170833e-02,1.127993982718140220e+00,4.090959299889420642e-01,1.679264600191612278e-01,2.102849582217132252e-01,1.752866482567362327e-01,3.696404616332424897e-01,-9.415327754581870323e-03,2.375399503666138501e-01,6.589813006662446071e-01
1.585999999999999943e+01,7.000000000000000000e+00,5.976105274749628826e+00,-5.406930819037397001e-02,1.133447587911504240e+00,4.131027097634823453e-01,1.702511454969955484e-01,1.894516522201445952e-01,1.749652068959173246e-01,3.742205568776263425e-01,-2.293640440846011694e-02,2.202091298308893608e-01,6.682813570014289883e-01
1.588000000000000078e+01,7.000000000000000000e+00,5.979599027401207856e+00,-4.654208939385637289e-02,1.139048886443238873e+00,4.166739960777479101e-01,1.737983633689831053e-01,1.667201634983079828e-01,1.743607872974160811e-01,3.784382840839762285e-01,-3.771819850959687304e-02,2.012968979198857533e-01,6.824866022083976302e-01
1.590000000000000036e+01,7.000000000000000000e+00,5.983077649740073056e+00,-3.893440580161201120e-02,1.144835538426127508e+00,4.197715163034149710e-01,1.786326534007623701e-01,1.420607598935319515e-01,1.734478722930802852e-01,3.822616401061862956e-01,-5.379099197870833293e-02,1.807657627735606287e-01,7.018746594048307363e-01
1.591999999999999993e+01,7.000000000000000000e+00,5.986534711639435180e+00,-3.125447111742815642e-02,1.150847950179296975e+00,4.223564264734890328e-01,1.848408958258830892e-01,1.154463075655218773e-01,1.722003390763431896e-01,3.856578719609495831e-01,-7.118506673651031624e-02,1.585782325318720043e-01,7.268228165561775311e-01
1.593999999999999950e+01,7.000000000000000000e+00,5.989963254459996556e+00,-2.351116160312997569e-02,1.157129886556649723e+00,4.243893686060357107e-01,1.925358809735415178e-01,8.685286799288149950e-02,1.705914592022238219e-01,3.885934768277584661e-01,-8.993070470371941627e-02,1.346968153347769537e-01,7.578262457410988029e-01
1.596000000000000085e+01,7.000000000000000000e+00,5.993355778937171863e+00,-1.571403107532506546e-02,1.163729200727176227e+00,4.258305411932042372e-01,2.018606359287548613e-01,5.626043500534549935e-02,1.685938985873269291e-01,3.910342020489043224e-01,-1.100581878010515463e-01,1.090840193222333554e-01,7.955213240828343801e-01
1.598000000000000043e+01,7.000000000000000000e+00,5.996704233068324896e+00,-7.873325902147114419e-03,1.170698708847748737e+00,4.266397860062496883e-01,2.129936571516713451e-01,2.365385258582186623e-02,1.661797175098428392e-01,3.929450451294778102e-01,-1.315977979492228278e-01,8.170235263419892147e-02,8.407156854405090085e-01
1.600000000000000000e+01,8.000000000000000000e+00,6.000000000000000000e+00,0.000000000000000000e+00,1.178097245096171308e+00,4.267766952966370875e-01,2.261551892664310226e-01,3.124627767434162706e-03,1.633203706095476271e-01,3.942902537373687566e-01,-1.545798170689494100e-01,5.251432341063122511e-02,8.944271909999169656e-01
1.601999999999999957e+01,8.000000000000000000e+00,6.003236173725099434e+00,7.897393450180366023e-03,1.185656998709865739e+00,4.267647711169471059e-01,2.218536106467046687e-01,9.044441595881025364e-03,1.603305152089126162e-01,3.955025862865436670e-01,-1.445255749077146157e-01,6.856311408924026241e-02,8.768378327565499175e-01
1.603999999999999915e+01,8.000000000000000000e+00,6.006414513499442442e+00,1.582218127142872091e-02,1.193063694126462071e+00,4.271384729604723041e-01,2.172074210283659046e-01,2.773356853516517617e-02,1.575346034548287533e-01,3.970266033873977030e-01,-1.351829565080226447e-01,8.368566773676160142e-02,8.578776294536374358e-01
1.605999999999999872e+01,8.000000000000000000e+00,6.009538756869572396e+00,2.378041306303572619e-02,1.200313300663305327e+00,4.278741138583536663e-01,2.122991265943901251e-01,4.525170376616394208e-02,1.549185526264141299e-01,3.988439536488027626e-01,-1.265369864349709383e-01,9.789931930256816350e-02,8.378899991463609753e-01
1.607999999999999829e+01,8.000000000000000000e+00,6.012612362722697057e+00,3.177777486345935432e-02,1.207403804931926894e+00,4.289485411111188529e-01,2.072081629957860105e-01,6.162575609081244465e-02,1.524685795114849862e-01,4.009366323786181519e-01,-1.185726892536568960e-01,1.112214037360328700e-01,8.172031223706082148e-01
1.610000000000000142e+01,8.000000000000000000e+00,6.015638517276872044e+00,3.981959608430462455e-02,1.214335084442480950e+00,4.303391441019863706e-01,2.020095527863007834e-01,7.688297776607377898e-02,1.501712004065555994e-01,4.032869815836909733e-01,-1.112750895291780701e-01,1.236692559865286284e-01,7.961244663041631142e-01
1.612000000000000099e+01,8.000000000000000000e+00,6.018620140071168301e+00,4.791085644430337354e-02,1.221108762169051731e+00,4.320238602217619794e-01,1.967728509177713303e-01,9.105087287662705364e-02,1.480132311168383119e-01,4.058776899698552931e-01,-1.046292118266317905e-01,1.352602110034284155e-01,7.749366891051093775e-01
1.614000000000000057e+01,8.000000000000000000e+00,6.021559889955849343e+00,5.605619290329403454e-02,1.227728048079508083e+00,4.339811790170514105e-01,1.915613790352411749e-01,1.041571123175923930e-01,1.459817869562434478e-01,4.086917929419331408e-01,-9.862008071111559582e-02,1.460116037361051666e-01,7.538948682355399722e-01
1.616000000000000014e+01,8.000000000000000000e+00,6.024460171082543170e+00,6.425990659620131606e-02,1.234197573169925954e+00,4.361901447144655442e-01,1.864317361754689317e-01,1.162294571156419210e-01,1.440642827473795351e-01,4.117126726037340090e-01,-9.323272074772692708e-02,1.559407691339317614e-01,7.332249426713006724e-01
1.617999999999999972e+01,8.000000000000000000e+00,6.027323138894409738e+00,7.252596976701598808e-02,1.240523220933822168e+00,4.386303573016769874e-01,1.814335629202254996e-01,1.272956912022475962e-01,1.422484328215529170e-01,4.149240577580540767e-01,-8.845215650156315612e-02,1.650650421462812323e-01,7.131232220203190808e-01
1.619999999999999929e+01,8.000000000000000000e+00,6.030150706116334192e+00,8.085803270277462651e-02,1.246711960498147587e+00,4.412819723625553414e-01,1.766095284157723766e-01,1.373835641989558098e-01,1.405222510187681684e-01,4.183100239066778192e-01,-8.426341253772182127e-02,1.734017577225263618e-01,6.937567945533253955e-01
1.621999999999999886e+01,8.000000000000000000e+00,6.032944548745081015e+00,8.925943066753937172e-02,1.252771684921986761e+00,4.441256998696350711e-01,1.719955049807779524e-01,1.465207443015703603e-01,1.388740506877279013e-01,4.218549932503768973e-01,-8.065151342130032208e-02,1.809682508120401545e-01,6.752646588341213452e-01
1.623999999999999844e+01,8.000000000000000000e+00,6.035706112039479265e+00,9.773319083637770077e-02,1.258711057422253532e+00,4.471428021346180448e-01,1.676208930764742644e-01,1.547347809664199048e-01,1.372924446858327097e-01,4.255437346889103800e-01,-7.760148371739608586e-02,1.877818563641955596e-01,6.577594073292452048e-01
1.626000000000000156e+01,8.000000000000000000e+00,6.038436616510590937e+00,1.062820392293420957e-01,1.264539367595836961e+00,4.503150911082923202e-01,1.635090598119988137e-01,1.620530768090002738e-01,1.357663453791812802e-01,4.293613638210248551e-01,-7.509834799110660930e-02,1.938599093283654984e-01,6.413293022322308357e-01
1.628000000000000114e+01,8.000000000000000000e+00,6.041137063911889982e+00,1.149084076454498921e-01,1.270266399072774721e+00,4.536249252069784466e-01,1.596778564038938975e-01,1.685028679184767952e-01,1.342849646425703647e-01,4.332933429444542073e-01,-7.312713080752933359e-02,1.992197446539229200e-01,6.260406010427183032e-01
1.630000000000000071e+01,8.000000000000000000e+00,6.043808243229425337e+00,1.236144405966629473e-01,1.275902309474706176e+00,4.570552058250312299e-01,1.561401835650578218e-01,1.741112116619749628e-01,1.328378138594946967e-01,4.373254810559200623e-01,-7.167285673176168603e-02,2.038786972902406902e-01,6.119400098071264837e-01
1.632000000000000028e+01,8.000000000000000000e+00,6.046450736672015047e+00,1.324020022418674614e-01,1.281457523074376104e+00,4.605893736734572586e-01,1.529045781512643476e-01,1.789049809880527420e-01,1.314147039221471580e-01,4.414439338511313426e-01,-7.072055032890113557e-02,2.078541021866918137e-01,5.990571633946264463e-01
1.633999999999999986e+01,8.000000000000000000e+00,6.049064925661397751e+00,1.412726833208536315e-01,1.286942636156778619e+00,4.642114050645532175e-01,1.499757990929967699e-01,1.829108642274110963e-01,1.300057452314186401e-01,4.456352037247844899e-01,-7.025523616404513727e-02,2.111632942926491840e-01,5.874070532487397633e-01
1.635999999999999943e+01,8.000000000000000000e+00,6.051650996822425910e+00,1.502278080882955003e-01,1.292368334767642901e+00,4.679058082425535670e-01,1.473553953244559900e-01,1.861553694186373065e-01,1.286013476968980440e-01,4.498861397705633536e-01,-7.026193880229110456e-02,2.138236085574857781e-01,5.769923426611186512e-01
1.637999999999999901e+01,8.000000000000000000e+00,6.054208947973216404e+00,1.592684412477305966e-01,1.297745324294324876e+00,4.716576198412985588e-01,1.450422428228155258e-01,1.886648322455481974e-01,1.271922207368723634e-01,4.541839377811390799e-01,-7.072568280873653412e-02,2.158523799305744617e-01,5.678055270895765450e-01
1.639999999999999858e+01,8.000000000000000000e+00,6.056738594115353536e+00,1.683953948855398952e-01,1.303084270149756696e+00,4.754524015323753350e-01,1.430330418125066727e-01,1.904654267509897636e-01,1.257693732783266294e-01,4.585161402481705561e-01,-7.163149274847883941e-02,2.172669433612882117e-01,5.598309120386144588e-01
1.642000000000000171e+01,8.000000000000000000e+00,6.059239573424039627e+00,1.776092354049272071e-01,1.308395748712961160e+00,4.792762369113386933e-01,1.413227685738567552e-01,1.915831780814212237e-01,1.243241137569438964e-01,4.628706363623038555e-01,-7.296439318661541995e-02,2.180846337989998940e-01,5.530463934377531920e-01
1.644000000000000128e+01,8.000000000000000000e+00,6.061711353238282918e+00,1.869102904598993475e-01,1.313690207610525462e+00,4.831157286556326258e-01,1.399050790884811546e-01,1.920439766098400725e-01,1.228480501171053813e-01,4.672356620131729588e-01,-7.470940868824385572e-02,2.183227861930824298e-01,5.474250353709890771e-01
1.646000000000000085e+01,8.000000000000000000e+00,6.064153236051063267e+00,1.962986558892456102e-01,1.318977934393426921e+00,4.869579959757321386e-01,1.387726639680700869e-01,1.918735928780677114e-01,1.213330898118901990e-01,4.715997997893986993e-01,-7.685156381846150464e-02,2.179987354929088794e-01,5.429364476287963370e-01
1.648000000000000043e+01,8.000000000000000000e+00,6.066564365499509393e+00,2.057742026505175181e-01,1.324269032664433077e+00,4.907906723707551877e-01,1.379175557929020468e-01,1.910976928870855573e-01,1.197714398030756688e-01,4.759519789785899846e-01,-7.937588314236582177e-02,2.171298166478521363e-01,5.395479711408499579e-01
1.650000000000000000e+01,8.000000000000000000e+00,6.068943732355073450e+00,2.153365837540087147e-01,1.329573404735555631e+00,4.946019036912153721e-01,1.373313911945572563e-01,1.897418533452928102e-01,1.181556065611370082e-01,4.802814755673427971e-01,-8.226739122505426216e-02,2.157333646072850664e-01,5.372256832024033812e-01
1.651999999999999957e+01,8.000000000000000000e+00,6.071290180513702950e+00,2.249852411967346033e-01,1.334900739936285774e+00,4.983803465045667513e-01,1.370056308253748967e-01,1.878315765575084839e-01,1.164783960652475969e-01,4.845779122412404716e-01,-8.551111263162429477e-02,2.138267143205805354e-01,5.359352368321642635e-01
1.653999999999999915e+01,8.000000000000000000e+00,6.073602412986017995e+00,2.347194128964121829e-01,1.340260507746160457e+00,5.021151667535155294e-01,1.369317408377609402e-01,1.853923047001426738e-01,1.147329138032788381e-01,4.888312583848541948e-01,-8.909207192717333301e-02,2.114272007371116591e-01,5.356425498806854923e-01
1.655999999999999872e+01,8.000000000000000000e+00,6.075878997887481425e+00,2.445381396254397710e-01,1.345661954985111430e+00,5.057960386925722807e-01,1.371013397180739501e-01,1.824494332819863729e-01,1.129125647718001724e-01,4.930318300817423394e-01,-9.299529367679885972e-02,2.085521588062512754e-01,5.363143599040295362e-01
1.657999999999999829e+01,8.000000000000000000e+00,6.078118374428570725e+00,2.544402719448763950e-01,1.351114106358455746e+00,5.094131440847948777e-01,1.375063143440853064e-01,1.790283236341778661e-01,1.110110534760790635e-01,4.971702901144506859e-01,-9.720580244559826055e-02,2.052189234773723614e-01,5.379186605525383413e-01
1.660000000000000142e+01,8.000000000000000000e+00,6.080318858904962376e+00,2.644244771384224868e-01,1.356625767717500874e+00,5.129571716379398572e-01,1.381389090150635934e-01,1.751543143084806076e-01,1.090223839300810682e-01,5.012376479645127558e-01,-1.017086227986690877e-01,2.014448296998477272e-01,5.404250344882858270e-01
1.662000000000000099e+01,8.000000000000000000e+00,6.082478650687698440e+00,2.744892461463985245e-01,1.362205531459421026e+00,5.164193166571345861e-01,1.389917909836163035e-01,1.708527312903935780e-01,1.069408596564698222e-01,5.052252598124494787e-01,-1.064887793011087269e-01,1.972472124230503776e-01,5.438048967920680044e-01
1.664000000000000057e+01,8.000000000000000000e+00,6.084595838213354924e+00,2.846329004997254497e-01,1.367861783549803478e+00,5.197912808895555070e-01,1.400580957342989485e-01,1.661488969540894090e-01,1.047610836866069428e-01,5.091248285377688587e-01,-1.115312965180146609e-01,1.926434065963532616e-01,5.480316615748180853e-01
1.666000000000000014e+01,8.000000000000000000e+00,6.086668404974230562e+00,2.948535992539042527e-01,1.373602711706967794e+00,5.230652725352979981e-01,1.413314549336752712e-01,1.610681376996705438e-01,1.024779585605521542e-01,5.129284037189667522e-01,-1.168211990144842338e-01,1.876507471691293560e-01,5.530808431643292611e-01
1.667999999999999972e+01,8.000000000000000000e+00,6.088694235508503638e+00,3.051493459229956962e-01,1.379436314338177372e+00,5.262340063975421423e-01,1.428060096412632762e-01,1.556357902211846778e-01,1.000866863270631485e-01,5.166283816335263124e-01,-1.223435113556150394e-01,1.822865690907515268e-01,5.589301018674130983e-01
1.669999999999999929e+01,8.000000000000000000e+00,6.090671121390421661e+00,3.155179954136000386e-01,1.385370409863783125e+00,5.292907041441452520e-01,1.444764110362481979e-01,1.498772063572850755e-01,9.758276854359580754e-02,5.202175052579182113e-01,-1.280832581065044218e-01,1.765682073105926952e-01,5.655592429615785566e-01
1.671999999999999886e+01,8.000000000000000000e+00,6.092596767220467946e+00,3.259572609588369252e-01,1.391412646106069184e+00,5.322290946518334342e-01,1.463378105919902472e-01,1.438177564749452131e-01,9.496200627630399516e-02,5.236888642676006400e-01,-1.340254638322498637e-01,1.705129967780258382e-01,5.729501762844115831e-01
1.673999999999999844e+01,8.000000000000000000e+00,6.094468796615525541e+00,3.364647210523247778e-01,1.397570509455079657e+00,5.350434144031429584e-01,1.483858413265522203e-01,1.374828313320168860e-01,9.222050010003950138e-02,5.270358950370191975e-01,-1.401551530979488480e-01,1.641382724424238215e-01,5.810868425859013753e-01
1.676000000000000156e+01,8.000000000000000000e+00,6.096284758199074894e+00,3.470378263821611853e-01,1.403851333554241521e+00,5.377284079051144472e-01,1.506165914772549241e-01,1.308978423564983729e-01,8.935465009835233396e-02,5.302523806396065575e-01,-1.464573504686987604e-01,1.574613692531595666e-01,5.899551117021619717e-01
1.678000000000000114e+01,8.000000000000000000e+00,6.098042131591347115e+00,3.576739067649021275e-01,1.410262307274340987e+00,5.402793280974033108e-01,1.530265716930955811e-01,1.240882202693978087e-01,8.636115586349053796e-02,5.333324508477835790e-01,-1.529170805095971253e-01,1.504996221596060779e-01,5.995426566044556038e-01
1.680000000000000071e+01,8.000000000000000000e+00,6.099738333399508328e+00,3.683701780795416991e-01,1.416810481765746532e+00,5.426919367158902219e-01,1.556126766116729676e-01,1.170794119656974885e-01,8.323701649640016798e-02,5.362705821329581957e-01,-1.595193677857413284e-01,1.432703661111363047e-01,6.098388064761008920e-01
1.682000000000000028e+01,8.000000000000000000e+00,6.101370723207828028e+00,3.791237492014921662e-01,1.423502776396009528e+00,5.449625045760311259e-01,1.583721414869813660e-01,1.098968755530602692e-01,7.997953060672526038e-02,5.390615976655253050e-01,-1.662492368622288386e-01,1.357909360571230573e-01,6.208343811693629588e-01
1.683999999999999986e+01,8.000000000000000000e+00,6.102936609567859882e+00,3.899316289365636345e-01,1.430345983393550124e+00,5.470878117380125749e-01,1.613024943603628691e-01,1.025660734308448951e-01,7.658629631280809702e-02,5.417006673148685447e-01,-1.730917123041570138e-01,1.280786669469395067e-01,6.325215086903754891e-01
1.685999999999999943e+01,8.000000000000000000e+00,6.104433255988604756e+00,4.007907329549437181e-01,1.437346771028407577e+00,5.490651475132648507e-01,1.644015041179771319e-01,9.511246327520161969e-02,7.305521124168876113e-02,5.441833076493577392e-01,-1.800318186766234896e-01,1.201508937299582691e-01,6.448934267470399773e-01
1.687999999999999901e+01,8.000000000000000000e+00,6.105857886926693290e+00,4.116978907251771513e-01,1.444511685168446968e+00,5.508923102690205242e-01,1.676671246531644122e-01,8.756148677666431013e-02,6.938447252910558138e-02,5.465053819363506760e-01,-1.870545805447256238e-01,1.120249513555524185e-01,6.579442688669450146e-01
1.689999999999999858e+01,8.000000000000000000e+00,6.107207693776563140e+00,4.226498524481459018e-01,1.451847149054363406e+00,5.525676069843313831e-01,1.710974352499220197e-01,7.993855595709753459e-02,6.557257681949485439e-02,5.486631001421928833e-01,-1.941450224735608299e-01,1.037181747730949594e-01,6.716688351444470850e-01
1.692000000000000171e+01,8.000000000000000000e+00,6.108479840860623789e+00,4.336432959910485052e-01,1.459359461139728698e+00,5.540898525073045811e-01,1.746905772233483811e-01,7.226903687306673874e-02,6.161832026599093487e-02,5.506530189322167423e-01,-2.012881690282265768e-01,9.524789893195868828e-02,6.860623473034955788e-01
1.694000000000000128e+01,8.000000000000000000e+00,6.109671471419432898e+00,4.446748338213803997e-01,1.467054790843623557e+00,5.554583684592542259e-01,1.784446867935832737e-01,6.457823049226618650e-02,5.752079853042626340e-02,5.524720416707425974e-01,-2.084690447738203611e-01,8.663145878151662371e-02,7.011201874623405050e-01
1.696000000000000085e+01,8.000000000000000000e+00,6.110779713601871777e+00,4.557410199409125950e-01,1.474939172063508330e+00,5.566729817269951974e-01,1.823578241309487535e-01,5.689135050972815577e-02,5.327940678333129704e-02,5.541174184210777565e-01,-2.156726742754395132e-01,7.788618927114174251e-02,7.168376197558626872e-01
1.698000000000000043e+01,8.000000000000000000e+00,6.111801686455324401e+00,4.668383568196731170e-01,1.483018494295360368e+00,5.577340224796433210e-01,1.864278984914406467e-01,4.923349785121367006e-02,4.889383970393450241e-02,5.555867459455177126e-01,-2.228840820981816129e-01,6.902942535020682724e-02,7.332094938105192528e-01
1.700000000000000000e+01,8.000000000000000000e+00,6.112734505915842220e+00,4.779633023299250660e-01,1.491298491207220467e+00,5.586423216410436599e-01,1.906525893634236635e-01,4.162963159288857184e-02,4.436409148016254300e-02,5.568779677053448118e-01,-2.300882928071440459e-01,6.007850196808491722e-02,7.502299289768863400e-01
1.701999999999999957e+01,8.000000000000000000e+00,6.113575290798322293e+00,4.891122766801471733e-01,1.499784726511617095e+00,5.593992077433588284e-01,1.950292635685876297e-01,3.410453601019902692e-02,3.969045580863994616e-02,5.579893738608289189e-01,-2.372703309674242811e-01,5.105075407414894767e-02,7.678919782083598600e-01
1.703999999999999915e+01,8.000000000000000000e+00,6.114321168786680083e+00,5.002816693490134137e-01,1.508482576982411949e+00,5.600065030814516120e-01,1.995548883032850496e-01,2.668278345470476154e-02,3.487352589468947078e-02,5.589196012712278616e-01,-2.444152211441197597e-01,4.196351661777181219e-02,7.861872705360488656e-01
1.705999999999999872e+01,8.000000000000000000e+00,6.114969282424029373e+00,5.114678460193731180e-01,1.517397212462970213e+00,5.604665190815469877e-01,2.042259401707456901e-01,1.938869274736099158e-02,2.991419445233175003e-02,5.596676334947860987e-01,-2.515079879023279230e-01,3.283412454832644600e-02,8.051056312351960731e-01
1.707999999999999829e+01,8.000000000000000000e+00,6.115516795102845293e+00,5.226671555122299750e-01,1.526533572715800480e+00,5.607820507913460206e-01,2.090383103407362497e-01,1.224628277043393609e-02,2.481365370428560702e-02,5.602328007887360517e-01,-2.585336558071462121e-01,2.367991281518573576e-02,8.246346790146830141e-01
1.710000000000000142e+01,8.000000000000000000e+00,6.115960897055147782e+00,5.338759367207224216e-01,1.535896340969559626e+00,5.609563703923643452e-01,2.139872060812295917e-01,5.279220939467421658e-03,1.957339538196784315e-02,5.606147801092979943e-01,-2.654772494236721236e-01,1.451821636772273119e-02,8.447593998966138606e-01
1.712000000000000099e+01,8.000000000000000000e+00,6.116298811342671726e+00,5.450905255441031994e-01,1.545489914028228329e+00,5.609932196289247885e-01,2.190670490364382550e-01,-1.489233756801766617e-03,1.419521072549333011e-02,5.608135951116787199e-01,-2.723237933170030156e-01,5.366370155310270368e-03,8.654616978964060348e-01
1.714000000000000057e+01,8.000000000000000000e+00,6.116527799847040647e+00,5.563072618217187459e-01,1.555318368820051145e+00,5.608968010420922745e-01,2.242713707765144338e-01,-8.036293446783915329e-03,8.681190483675025465e-03,5.608296161500733179e-01,-2.790583120522364124e-01,-3.758290872678748777e-03,8.867199231742906029e-01
1.716000000000000014e+01,8.000000000000000000e+00,6.116645169259942172e+00,5.675224962669896955e-01,1.565385425281201837e+00,5.606717678910534408e-01,2.295927063150091374e-01,-1.433971007017653676e-02,3.033724914023950506e-03,5.606635602776636196e-01,-2.856658301944697276e-01,-1.283843176687123055e-02,9.085083790152140848e-01
1.717999999999999972e+01,8.000000000000000000e+00,6.116648277073300832e+00,5.787325974013901586e-01,1.575694405491837369e+00,5.603232126392851953e-01,2.350224864785230294e-01,-2.037785031378547274e-02,-2.744496217251021341e-03,5.603164912466195302e-01,-2.921313723088004299e-01,-2.185671757789434122e-02,9.307968098128307499e-01
1.719999999999999929e+01,8.000000000000000000e+00,6.116534537569451757e+00,5.899339584884271126e-01,1.586248189010959653e+00,5.598566538785020308e-01,2.405509302155920126e-01,-2.612977697760854312e-02,-8.650483635242706137e-03,5.597898195080982520e-01,-2.984399629603260440e-01,-3.079581335637526784e-02,9.535498731896651092e-01
1.721999999999999886e+01,8.000000000000000000e+00,6.116301427811312585e+00,6.011230044676210138e-01,1.597049164392042808e+00,5.592780215601809157e-01,2.461669381440528825e-01,-3.157533689481617500e-02,-1.468094855634601015e-02,5.590853022122439508e-01,-3.045766267141437611e-01,-3.963838415294089479e-02,9.767266004806400836e-01
1.723999999999999844e+01,8.000000000000000000e+00,6.115946493632567815e+00,6.122961988884846329e-01,1.608099176904327576e+00,5.585936404027094238e-01,2.518579888519620891e-01,-3.669525544760254832e-02,-2.083230268825774292e-02,5.582050432081890889e-01,-3.105263881353513833e-01,-4.836709501821848112e-02,1.000279851037622514e+00
1.726000000000000156e+01,8.000000000000000000e+00,6.115467355627825619e+00,6.234500508445038891e-01,1.619399472535613560e+00,5.578102113422767072e-01,2.576100396790469982e-01,-4.147123761928739327e-02,-2.710065822997667975e-02,5.571514930440529811e-01,-3.162742717890461019e-01,-5.696461100283485568e-02,1.024155767168178244e+00
1.728000000000000114e+01,8.000000000000000000e+00,6.114861715142810183e+00,6.345811219071160192e-01,1.630950638411700959e+00,5.569347908979378481e-01,2.634074339047014490e-01,-4.588607540114253425e-02,-3.348182787180351005e-02,5.559274489669426833e-01,-3.218053022403254970e-01,-6.541359715741727754e-02,1.048293237984206483e+00
1.730000000000000071e+01,8.000000000000000000e+00,6.114127360264518529e+00,6.456860330596914110e-01,1.642752539835553804e+00,5.559747683262310503e-01,2.692328164443830163e-01,-4.992376122811847949e-02,-3.997132479534092758e-02,5.545360549229523262e-01,-3.271045040542868709e-01,-7.369671853259272820e-02,1.072623381977513723e+00
1.732000000000000028e+01,8.000000000000000000e+00,6.113262171811407519e+00,6.567614716315113288e-01,1.654804254225761273e+00,5.549378404488131133e-01,2.750670602975024415e-01,-5.356960694993340155e-02,-4.656436267349351593e-02,5.529808015571641144e-01,-3.321569017960278591e-01,-8.179664017898831407e-02,1.097069059720082729e+00
1.733999999999999986e+01,8.000000000000000000e+00,6.112264129323563111e+00,6.678041982317488579e-01,1.667104002318594125e+00,5.538319840482337497e-01,2.808892060844778715e-01,-5.681036765282598822e-02,-5.325585567046788732e-02,5.512655262136472167e-01,-3.369475200306457641e-01,-8.969602714723108605e-02,1.121544429654490749e+00
1.735999999999999943e+01,8.000000000000000000e+00,6.111131317052869605e+00,6.788110536834486286e-01,1.679649077090150433e+00,5.526654257427001671e-01,2.866764170463305117e-01,-5.963436943291533510e-02,-6.004041844177251258e-02,5.493944129354583206e-01,-3.414613833232381657e-01,-9.737754448794810891e-02,1.145954561428217833e+00
1.737999999999999901e+01,8.000000000000000000e+00,6.109861929953193993e+00,6.897789659575055410e-01,1.692435770953551355e+00,5.514466092709171541e-01,2.924039518454919495e-01,-6.203163998604921403e-02,-6.691236613421790158e-02,5.473719924646418544e-01,-3.456835162389022553e-01,-1.048238572517664891e-01,1.170195122553958855e+00
1.739999999999999858e+01,8.000000000000000000e+00,6.108454279670547216e+00,7.007049571066459315e-01,1.705459301889185486e+00,5.501841601432582163e-01,2.980451573912266672e-01,-6.399404062350022571e-02,-7.386571438591643668e-02,5.452031422422294327e-01,-3.495989433427358906e-01,-1.120176304893132357e-01,1.194152155252148129e+00
1.742000000000000171e+01,8.000000000000000000e+00,6.106906800533273838e+00,7.115861501994066307e-01,1.718713739271283680e+00,5.488868476459769497e-01,3.035714837094987684e-01,-6.551539805251138660e-02,-8.089417932628238661e-02,5.428930864082404106e-01,-3.531926891998360962e-01,-1.189415292512153860e-01,1.217701961045293269e+00
1.744000000000000128e+01,8.000000000000000000e+00,6.105218055542209754e+00,7.224197762541142431e-01,1.732191930258782264e+00,5.475635442211576054e-01,3.089525225807918662e-01,-6.659163397988798749e-02,-8.799117757603223955e-02,5.404473958016809965e-01,-3.564497783753005633e-01,-1.255782185881001434e-01,1.240711110911179693e+00
1.746000000000000085e+01,8.000000000000000000e+00,6.103386742360865647e+00,7.332031811728657589e-01,1.745885427718955718e+00,5.462231822867814612e-01,3.141560712799816302e-01,-6.722089031393885250e-02,-9.514982624718415494e-02,5.378719879605454723e-01,-3.593552354342267052e-01,-1.319103635505944894e-01,1.263036598443854297e+00
1.748000000000000043e+01,8.000000000000000000e+00,6.101411699305599790e+00,7.439338326755078334e-01,1.759784420744611388e+00,5.448747086086001001e-01,3.191482222744524422e-01,-6.740364746248417305e-02,-1.023629429430583659e-01,5.351731271218156394e-01,-3.618940849417120464e-01,-1.379206291893255165e-01,1.284526152400676358e+00
1.750000000000000000e+01,8.000000000000000000e+00,6.099291911335790850e+00,7.546093272336167335e-01,1.773877668905094573e+00,5.435270363882821476e-01,3.238934791799781832e-01,-6.714283296314604854e-02,-1.096230457582770407e-01,5.323574242214601515e-01,-3.640513514628538339e-01,-1.435916805549203035e-01,1.305018723123992919e+00
1.751999999999999957e+01,8.000000000000000000e+00,6.097026516044009803e+00,7.652273970044776163e-01,1.788152441432964590e+00,5.421889952900743603e-01,3.283548986535910208e-01,-6.644391744890754126e-02,-1.169223532787642267e-01,5.294318368944355147e-01,-3.658120595627496474e-01,-1.489061826980058734e-01,1.324345154531590074e+00
1.753999999999999915e+01,8.000000000000000000e+00,6.094614809646198950e+00,7.757859167650649201e-01,1.802594462586715629e+00,5.408692796903259437e-01,3.324942572387986628e-01,-6.531499475848612235e-02,-1.242527845817460452e-01,5.264036694746857536e-01,-3.671612338064969561e-01,-1.538468006692093049e-01,1.342329049616933112e+00
1.755999999999999872e+01,8.000000000000000000e+00,6.092056252971842056e+00,7.862829108460223093e-01,1.817187864440074518e+00,5.395763954997349066e-01,3.362722414952861727e-01,-6.376684286126632628e-02,-1.316059592357504415e-01,5.232805729951421903e-01,-3.680838987591932288e-01,-1.583961995191577321e-01,1.358787832677642360e+00
1.757999999999999829e+01,8.000000000000000000e+00,6.089350477454138932e+00,7.967165600656407332e-01,1.831915148325250264e+00,5.383186059758753306e-01,3.396486590698195585e-01,-6.181296219376086754e-02,-1.389731973006074206e-01,5.200705451877236651e-01,-3.685650789859357679e-01,-1.625370442984781783e-01,1.373534005842389494e+00
1.760000000000000142e+01,8.000000000000000000e+00,6.086497291120180897e+00,8.070852086638404810e-01,1.846757156096643371e+00,5.371038770119842543e-01,3.425826677260078168e-01,-5.946958801062507405e-02,-1.463455193274488531e-01,5.167819304833364269e-01,-3.685897990518221534e-01,-1.662520000577976942e-01,1.386376591000172631e+00
1.762000000000000099e+01,8.000000000000000000e+00,6.083496684581120917e+00,8.173873712361494626e-01,1.861693052279548510e+00,5.359398224554501322e-01,3.450330187760064504e-01,-5.675567344853149621e-02,-1.537136463587085722e-01,5.134234200118741320e-01,-3.681430835219496323e-01,-1.695237318477433308e-01,1.397122741129542156e+00
1.764000000000000057e+01,8.000000000000000000e+00,6.080348837022354402e+00,8.276217396676832649e-01,1.876700318023167169e+00,5.348336500740430433e-01,3.469583108731658094e-01,-5.369284019471010083e-02,-1.610679999281224295e-01,5.100040516022184001e-01,-3.672099569614160064e-01,-1.723349047189422223e-01,1.405579497529303445e+00
1.766000000000000014e+01,8.000000000000000000e+00,6.077054122193684904e+00,8.377871900671252092e-01,1.891754757588384184e+00,5.337921088476618170e-01,3.483172497531861200e-01,-5.030529394603533433e-02,-1.683987020607281559e-01,5.065332097822373703e-01,-3.657754439353184117e-01,-1.746681837220213918e-01,1.411555661885519397e+00
1.767999999999999972e+01,8.000000000000000000e+00,6.073613114399504020e+00,8.478827897007054082e-01,1.906830517869785968e+00,5.328214383162016565e-01,3.490689092695888895e-01,-4.661970224058009649e-02,-1.756955752728653342e-01,5.030206257787873669e-01,-3.638245690087544837e-01,-1.765062339076078901e-01,1.414863744849897076e+00
1.769999999999999929e+01,8.000000000000000000e+00,6.070026594488964200e+00,8.579078039261816002e-01,1.921900121182045007e+00,5.319273207580386131e-01,3.491729889684673238e-01,-4.266503273511901284e-02,-1.829481425721757870e-01,4.994763775177121223e-01,-3.613423567468215802e-01,-1.778317203263288793e-01,1.415321946270905018e+00
1.771999999999999886e+01,8.000000000000000000e+00,6.066295555846151544e+00,8.678617031268176518e-01,1.936934511239132961e+00,5.311148370067969582e-01,3.485900634927227015e-01,-3.847235057730458152e-02,-1.901456274576031058e-01,4.959108896238425546e-01,-3.583138317146172258e-01,-1.786273080288113824e-01,1.412756116847559307e+00
1.773999999999999844e+01,8.000000000000000000e+00,6.062421210380260383e+00,8.777441696453645026e-01,1.951903111929205181e+00,5.303884267349464610e-01,3.472818192970473228e-01,-3.407457416451542542e-02,-1.972769539193926502e-01,4.923349334209970452e-01,-3.547240184772387783e-01,-1.788756620656823948e-01,1.407001647191207239e+00
1.776000000000000156e+01,8.000000000000000000e+00,6.058404994515766084e+00,8.875551047180388897e-01,1.966773898148876043e+00,5.297518540402162968e-01,3.452112744872936623e-01,-2.950618926868386893e-02,-2.043307464390921313e-01,4.887596269319818276e-01,-3.505579415997836512e-01,-1.785594474875690507e-01,1.397905228463078187e+00
1.778000000000000114e+01,8.000000000000000000e+00,6.054248575182601400e+00,8.972946354085038490e-01,1.981513477620232555e+00,5.292081791641990440e-01,3.423429780642938125e-01,-2.480292221073021608e-02,-2.112953299895508619e-01,4.851964348785900438e-01,-3.458006256473494799e-01,-1.776613293450984565e-01,1.385326429206695353e+00
1.780000000000000071e+01,8.000000000000000000e+00,6.049953855806326608e+00,9.069631215418476611e-01,1.996087182285801731e+00,5.287597371517871458e-01,3.386431854448562206e-01,-2.000137345959984714e-02,-2.181587300349202285e-01,4.816571686816026876e-01,-3.404370951850335114e-01,-1.761639726888976076e-01,1.369139035908767621e+00
1.782000000000000028e+01,8.000000000000000000e+00,6.045522982298311199e+00,9.165611626385647970e-01,2.010459167574991213e+00,5.284081242258150679e-01,3.340800078450540389e-01,-1.513861367534374835e-02,-2.249086725306536638e-01,4.781539864607881607e-01,-3.344523747779332701e-01,-1.740500425695935827e-01,1.349232110261907369e+00
1.783999999999999986e+01,8.000000000000000000e+00,6.040958349045896014e+00,9.260896048485345311e-01,2.024592517574316020e+00,5.281541926047733648e-01,3.286235339396142985e-01,-1.025174478093582309e-02,-2.315325839235063410e-01,4.746993930349021618e-01,-3.278314889911462804e-01,-1.713022040378134603e-01,1.325510723982981753e+00
1.785999999999999943e+01,8.000000000000000000e+00,6.036262604902578488e+00,9.355495478850012203e-01,2.038449353926356622e+00,5.279980544345775906e-01,3.222459231574790195e-01,-5.377429103754494122e-03,-2.380175911515355902e-01,4.713062399216879639e-01,-3.205594623897699558e-01,-1.679031221441844024e-01,1.297896342129856162e+00
1.787999999999999901e+01,8.000000000000000000e+00,6.031438659178180117e+00,9.449423519585538056e-01,2.051990946140547223e+00,5.279390954406232295e-01,3.149214710437802656e-01,-5.513899472298078308e-04,-2.443505216441005379e-01,4.679877253378761925e-01,-3.126213195389015986e-01,-1.638354619393332934e-01,1.266326837787326909e+00
1.789999999999999858e+01,8.000000000000000000e+00,6.026489687629022818e+00,9.542696447111062019e-01,2.065177820932218911e+00,5.279759988366884427e-01,3.066266483240162044e-01,4.192112883039555982e-03,-2.505179033218623563e-01,4.647573941991852697e-01,-3.040020850036387889e-01,-1.590818884738873507e-01,1.230756134279044067e+00
1.792000000000000171e+01,8.000000000000000000e+00,6.021419138448100838e+00,9.635333281498758007e-01,2.077969868221741567e+00,5.281067799559447939e-01,2.973401166624825009e-01,8.820829078901581966e-03,-2.565059645967840418e-01,4.616291381203205813e-01,-2.946867833490791067e-01,-1.536250667984736529e-01,1.191153485149545999e+00
1.794000000000000128e+01,8.000000000000000000e+00,6.016230738255258004e+00,9.727355855813648589e-01,2.090326441527142531e+00,5.283288319998444837e-01,2.870427256311114395e-01,1.330508201095881304e-02,-2.623006343721308031e-01,4.586171954149753094e-01,-2.846604391403197987e-01,-1.474476619637191677e-01,1.147502416461782193e+00
1.796000000000000085e+01,8.000000000000000000e+00,6.010928498087357852e+00,9.818788885453386683e-01,2.102206450672319704e+00,5.286389832363831420e-01,2.757174971123228513e-01,1.761834808780982087e-02,-2.678875420424695064e-01,4.557361510958298778e-01,-2.739080769424582784e-01,-1.405323390202509737e-01,1.099799369900882340e+00
1.798000000000000043e+01,8.000000000000000000e+00,6.005516719388461766e+00,9.909660037488061679e-01,2.113568445007210084e+00,5.290335659233568188e-01,2.633496052599627602e-01,2.173784877725637443e-02,-2.732520174936691193e-01,4.530009368745524512e-01,-2.624147213205921814e-01,-1.328617630186962051e-01,1.048052098260223275e+00
1.800000000000000000e+01,9.000000000000000000e+00,6.000000000000000000e+00,1.000000000000000000e+00,2.124370685691939542e+00,5.295084971874733926e-01,2.499263622341265645e-01,2.474379207856358676e-02,-2.783790911029004889e-01,4.504268311617987131e-01,-2.501653968398187544e-01,-1.244185990096813299e-01,9.922778767136626321e-01
1.801999999999999957e+01,9.000000000000000000e+00,5.994381361828968302e+00,1.008982784023186641e+00,2.135242664867882834e+00,5.300233176064993446e-01,2.660038359875113723e-01,2.600939969888571568e-02,-2.835349759420029425e-01,4.478087031581319266e-01,-2.652407509928648710e-01,-1.372792147505496885e-01,1.059127756942624066e+00
1.803999999999999915e+01,9.000000000000000000e+00,5.988656663453136630e+00,1.017910679141671659e+00,2.146808639504815375e+00,5.305488731754287590e-01,2.807950148824347458e-01,2.685455550142279435e-02,-2.889815020233178489e-01,4.449402188115436085e-01,-2.792332372513313121e-01,-1.494563945263796545e-01,1.121147815015814730e+00
1.805999999999999872e+01,9.000000000000000000e+00,5.982820307134762317e+00,1.026778814051300115e+00,2.159019239867810747e+00,5.310974998265562963e-01,2.943308720597148098e-01,2.830419496115688105e-02,-2.946972349603694807e-01,4.418349171678623288e-01,-2.921651527567875051e-01,-1.609631056843672248e-01,1.178369122103876787e+00
1.807999999999999829e+01,9.000000000000000000e+00,5.976867119364404957e+00,1.035582585635363984e+00,2.171825569325291028e+00,5.316810409738750298e-01,3.066400297673618214e-01,3.033039460767028572e-02,-3.006611863095130510e-01,4.385060779259731256e-01,-3.040587946508023220e-01,-1.718123155717082851e-01,1.230813366170208090e+00
1.810000000000000142e+01,9.000000000000000000e+00,5.970792341942070536e+00,1.044317653777663057e+00,2.185179155987365895e+00,5.323107156108631832e-01,3.177494136570342964e-01,3.289901240129111670e-02,-3.068528135699356563e-01,4.349667214378171165e-01,-3.149364600749450238e-01,-1.820169915355988599e-01,1.278497644891600782e+00
1.812000000000000099e+01,9.000000000000000000e+00,5.964591623058350223e+00,1.052979936175567399e+00,2.199031936784007879e+00,5.329970014699267900e-01,3.276848985283404292e-01,3.597043438186098285e-02,-3.132520201836554996e-01,4.312296087083908325e-01,-3.248204461707848711e-01,-1.915901009232348351e-01,1.321439050432702045e+00
1.814000000000000057e+01,9.000000000000000000e+00,5.958261008375568046e+00,1.061565603153076687e+00,2.213336272240361335e+00,5.337495329861375870e-01,3.364719231932090104e-01,3.950031027440026321e-02,-3.198391555355221127e-01,4.273072413957479943e-01,-3.337330500798907917e-01,-2.005446110818120686e-01,1.359658951183420061e+00
1.816000000000000014e+01,9.000000000000000000e+00,5.951796932108925908e+00,1.070071072473882889e+00,2.228044989588091607e+00,5.345770138809027294e-01,3.441360578779179002e-01,4.344028062556581915e-02,-3.265950149532167446e-01,4.232118618109976249e-01,-3.416965689438322129e-01,-2.088934893585266406e-01,1.393186880813756412e+00
1.817999999999999972e+01,9.000000000000000000e+00,5.945196208107632607e+00,1.078493004154429835e+00,2.243111451290453306e+00,5.354871442111601709e-01,3.507035121492733665e-01,4.773869597844537793e-02,-3.335008397072516395e-01,4.189554529183048270e-01,-3.487332999041781734e-01,-2.166497031005744089e-01,1.422063953121083246e+00
1.819999999999999929e+01,9.000000000000000000e+00,5.938456020936068391e+00,1.086828295276976553e+00,2.258489645569817572e+00,5.364865617200405001e-01,3.562015749897992634e-01,5.234132672875801973e-02,-3.405383170109703705e-01,4.145497383348911158e-01,-3.548655401024977118e-01,-2.238262196551512873e-01,1.446345732546151064e+00
1.821999999999999886e+01,9.000000000000000000e+00,5.931573916954918424e+00,1.095074074802655506e+00,2.274134295126031269e+00,5.375807972803104962e-01,3.606589815590348636e-01,5.719206069833404626e-02,-3.476895800205483944e-01,4.100061823310339193e-01,-3.601155866803600336e-01,-2.304360063694531613e-01,1.466104504912080664e+00
1.823999999999999844e+01,9.000000000000000000e+00,5.924547795402311579e+00,1.103227698384536160e+00,2.290000979937574677e+00,5.387742441479738131e-01,3.641062035327886082e-01,6.223358415824264966e-02,-3.549372078349921633e-01,4.053359898300668007e-01,-3.645057367793342884e-01,-2.364920305906761389e-01,1.481430910508458432e+00
1.826000000000000156e+01,9.000000000000000000e+00,5.917375899474972556e+00,1.111286743180685876e+00,2.306046269857664477e+00,5.400701406466403842e-01,3.665756618477655771e-01,6.740804107043985027e-02,-3.622642254961395691e-01,4.005501064083794582e-01,-3.680582875409899035e-01,-2.420072596660160780e-01,1.492434921383213986e+00
1.828000000000000114e+01,9.000000000000000000e+00,5.910056807409356239e+00,1.119249002667229043e+00,2.322227862662322728e+00,5.414705657907915581e-01,3.681018623074432394e-01,7.265766471388879211e-02,-3.696541039886600544e-01,3.956592182954173920e-01,-3.707955361068956401e-01,-2.469946609426688089e-01,1.499246165648213891e+00
1.830000000000000071e+01,9.000000000000000000e+00,5.902589423562798032e+00,1.127112481451409964e+00,2.338504723279775543e+00,5.429764472351958915e-01,3.687214559150127635e-01,7.792537562469448176e-02,-3.770907602400541681e-01,3.906737523736825701e-01,-3.727397796186208145e-01,-2.514672017678303839e-01,1.502013622625856915e+00
1.832000000000000028e+01,9.000000000000000000e+00,5.894972969494656212e+00,1.134875390084653768e+00,2.354837220126975605e+00,5.445875808157792930e-01,3.684732270568980006e-01,8.315533989623169475e-02,-3.845585571206541764e-01,3.856038761787327629e-01,-3.739133152177346320e-01,-2.554378494886966888e-01,1.500904732592188484e+00
1.833999999999999986e+01,9.000000000000000000e+00,5.887206975047455160e+00,1.142536139875627965e+00,2.371187254790107168e+00,5.463026608310450616e-01,3.673980138108585147e-01,8.829348232621470061e-02,-3.920423034436233412e-01,3.804594978991820975e-01,-3.743384400458061867e-01,-2.589195714524638037e-01,1.496103982600325066e+00
1.835999999999999943e+01,9.000000000000000000e+00,5.879291269428023270e+00,1.150093337703301577e+00,2.387518381696789760e+00,5.481193201088278011e-01,3.655385657200717620e-01,9.328794961928110752e-02,-3.995272539649566967e-01,3.752502663767004476e-01,-3.740374512444049060e-01,-2.619253350063274199e-01,1.487811044450608078e+00
1.837999999999999901e+01,9.000000000000000000e+00,5.871225972288643291e+00,1.157545780830007587e+00,2.403795914918724019e+00,5.500341788158162881e-01,3.629393453638442013e-01,9.808951979937496901e-02,-4.069991093834802176e-01,3.699855711060137664e-01,-3.730326459550993290e-01,-2.644681074974836732e-01,1.476238551606435578e+00
1.839999999999999858e+01,9.000000000000000000e+00,5.863011484808191121e+00,1.164892451714505395e+00,2.419987019792144700e+00,5.520429009008027688e-01,3.596462809545100670e-01,1.026519550934104075e-01,-4.144440163408519284e-01,3.646745422349045307e-01,-3.713463213194592716e-01,-2.665608562731283659e-01,1.461609608322266274e+00
1.842000000000000171e+01,9.000000000000000000e+00,5.854648480773283481e+00,1.172132512825039052e+00,2.436060787625174751e+00,5.541402570195530508e-01,3.557064779730631510e-01,1.069322967487593701e-01,-4.218485674215601833e-01,3.593260505642107416e-01,-3.690007744790533284e-01,-2.682165486804574672e-01,1.444155126347255624e+00
1.844000000000000128e+01,9.000000000000000000e+00,5.846137897659422045e+00,1.179265301452401715e+00,2.451988292351565235e+00,5.563201927707533967e-01,3.511678984887448562e-01,1.108911014751914337e-01,-4.291998011529258861e-01,3.539487075478269795e-01,-3.660183025754510378e-01,-2.694481520666668906e-01,1.424111082485081337e+00
1.846000000000000085e+01,9.000000000000000000e+00,5.837480927712126011e+00,1.186290324522992989e+00,2.467742628566211849e+00,5.585759010785605883e-01,3.460790172525169406e-01,1.144926203971685652e-01,-4.364852020051007142e-01,3.485508652927035156e-01,-3.624212027502214939e-01,-2.702686337789526605e-01,1.401715784475766169e+00
1.848000000000000043e+01,9.000000000000000000e+00,5.828679009028088664e+00,1.193207253411884050e+00,2.483298930918717673e+00,5.608998975866400505e-01,3.404884638758668980e-01,1.177049225098389940e-01,-4.436927003910676182e-01,3.431406165588469226e-01,-3.582317721449336245e-01,-2.706909611645107461e-01,1.377207223764704391e+00
1.850000000000000000e+01,9.000000000000000000e+00,5.819733816636316170e+00,1.200015918755875211e+00,2.498634375330234914e+00,5.632840979789540681e-01,3.344446603775451110e-01,1.204999656095839811e-01,-4.508106726666414321e-01,3.377257947593199083e-01,-3.534723079011569125e-01,-2.707281015705368943e-01,1.350820582511633949e+00
1.851999999999999957e+01,9.000000000000000000e+00,5.810647253579266369e+00,1.206716305266558820e+00,2.513728162923019926e+00,5.657198962110232543e-01,3.279954630868112675e-01,1.228536184875874682e-01,-4.578279411304678193e-01,3.323139739602410936e-01,-3.481651071604602299e-01,-2.703930223442271297e-01,1.322785949496168456e+00
1.853999999999999915e+01,9.000000000000000000e+00,5.801421441993999117e+00,1.213308546543381494e+00,2.528561487903284721e+00,5.681982427184574247e-01,3.211878173333063136e-01,1.247456388123673321e-01,-4.647337740240241599e-01,3.269124688807850676e-01,-3.423324670644129486e-01,-2.696986908327774768e-01,1.293326286211666121e+00
1.855999999999999872e+01,9.000000000000000000e+00,5.792058714193311530e+00,1.219792919886702132e+00,2.543117490911940060e+00,5.707097217635178632e-01,3.140674325482071261e-01,1.261596115783518712e-01,-4.715178855316192186e-01,3.215283348931829432e-01,-3.359966847545841628e-01,-2.686580743833837936e-01,1.262655671150182179e+00
1.857999999999999829e+01,9.000000000000000000e+00,5.782561603746890100e+00,1.226169841110855474e+00,2.557381199554634055e+00,5.732446271815914152e-01,3.066784843823133766e-01,1.270828532659251664e-01,-4.781704357803927552e-01,3.161683680227214133e-01,-3.291800573725429113e-01,-2.672841403432419938e-01,1.230977837700202082e+00
1.860000000000000142e+01,9.000000000000000000e+00,5.772932836562451264e+00,1.232439859357213230e+00,2.571339457945454487e+00,5.757930358941552029e-01,2.990633492611046163e-01,1.275062869550751543e-01,-4.846820308403164690e-01,3.108391049477435830e-01,-3.219048820598583438e-01,-2.655898560595480462e-01,1.198485009699413073e+00
1.862000000000000099e+01,9.000000000000000000e+00,5.763175321966882869e+00,1.238603651907243863e+00,2.584980847153761641e+00,5.783448786597947811e-01,2.912623755013045712e-01,1.274242935783984620e-01,-4.910437227241931657e-01,3.055468229996485263e-01,-3.141934559580999431e-01,-2.635881888794978645e-01,1.165357028852648247e+00
1.864000000000000057e+01,9.000000000000000000e+00,5.753292143787385626e+00,1.244662018995573938e+00,2.598295598438908005e+00,5.808900076372910393e-01,2.833136937696884017e-01,1.268345443129810235e-01,-4.972470093876570907e-01,3.002975401628913410e-01,-3.060680762088364704e-01,-2.612921061502874731e-01,1.131760760140614774e+00
1.866000000000000014e+01,9.000000000000000000e+00,5.743286551432619902e+00,1.250615878623051236e+00,2.611275501102254815e+00,5.834182604323139287e-01,2.752530683344759921e-01,1.257378188187665558e-01,-5.032838347291738179e-01,2.950970150749833154e-01,-2.975510399536374084e-01,-2.587145752191127301e-01,1.097849755077836553e+00
1.867999999999999972e+01,9.000000000000000000e+00,5.733161950973854282e+00,1.256466261369802107e+00,2.623913806689730066e+00,5.859195203900415816e-01,2.671137892996681140e-01,1.241378136593560555e-01,-5.091465885900401389e-01,2.899507470264919284e-01,-2.886646443340715740e-01,-2.558685634331695491e-01,1.063764148187696046e+00
1.869999999999999929e+01,9.000000000000000000e+00,5.722921896226093708e+00,1.262214305208297027e+00,2.636205131150918035e+00,5.883837729786880466e-01,2.589266048717908664e-01,1.220409448148771503e-01,-5.148281067543846179e-01,2.848639759610404609e-01,-2.794311864917084498e-01,-2.527670381396538990e-01,1.029630759223020720e+00
1.871999999999999886e+01,9.000000000000000000e+00,5.712570079829241365e+00,1.267861250316408395e+00,2.648145356411627294e+00,5.908011581826365655e-01,2.507196917241680811e-01,1.194561477375426506e-01,-5.203216709491671477e-01,2.798416824753084398e-01,-2.698729635681170747e-01,-2.494229666857618044e-01,9.955633722863687085e-01
1.873999999999999844e+01,9.000000000000000000e+00,5.702110324329225044e+00,1.273408433890471869e+00,2.659731532654449282e+00,5.931620188881896460e-01,2.425186607210521872e-01,1.163946779292910350e-01,-5.256210088441782835e-01,2.748885878190312493e-01,-2.600122727048664317e-01,-2.458493164186890123e-01,9.616631628735956561e-01
1.876000000000000156e+01,9.000000000000000000e+00,5.691546573259153696e+00,1.278857284958350604e+00,2.670961782433443510e+00,5.954569452998085266e-01,2.343465946549235235e-01,1.128699145537002124e-01,-5.307202940520410195e-01,2.700091538950007419e-01,-2.498714110435257263e-01,-2.420590546856315473e-01,9.280192447406206968e-01
1.878000000000000114e+01,9.000000000000000000e+00,5.680882882220453567e+00,1.284209319192491705e+00,2.681835207580925751e+00,5.976768154703379077e-01,2.262241142354484980e-01,1.088971691449245327e-01,-5.356141461282092342e-01,2.652075832590645721e-01,-2.394726757256643024e-01,-2.380651488337853505e-01,8.947093101418440719e-01
1.880000000000000071e+01,9.000000000000000000e+00,5.670123409964013206e+00,1.289466133722992458e+00,2.692351799701448112e+00,5.998128320656054280e-01,2.181694683382111588e-01,1.044935010551579779e-01,-5.402976305709681348e-01,2.604878191201265847e-01,-2.288383638928512265e-01,-2.338805662103464467e-01,8.618003391891304599e-01
1.882000000000000028e+01,9.000000000000000000e+00,5.659272409471328480e+00,1.294629401950656122e+00,2.702512354894280655e+00,6.018565555125441335e-01,2.101986444577632063e-01,9.967754089508140680e-02,-5.447662588214340351e-01,2.558535453401466486e-01,-2.179907726866555095e-01,-2.295182741625105272e-01,8.293493566358025593e-01
1.883999999999999986e+01,9.000000000000000000e+00,5.648334219035644921e+00,1.299700868360057715e+00,2.712318393203791089e+00,6.037999337014086088e-01,2.023254953895984865e-01,9.446932287441711651e-02,-5.490159882635555766e-01,2.513081864341409344e-01,-2.069521992486467454e-01,-2.249912400374738941e-01,7.974042171318780348e-01
1.885999999999999943e+01,9.000000000000000000e+00,5.637313253343096520e+00,1.304682343332601802e+00,2.721772083168883416e+00,6.056353284275207693e-01,1.945618783630723714e-01,8.889012664416107157e-02,-5.530432222241117302e-01,2.468549075701811923e-01,-1.957449407203934733e-01,-2.203124311824321002e-01,7.660044027863874838e-01
1.887999999999999901e+01,9.000000000000000000e+00,5.626213994553857844e+00,1.309575697959585394e+00,2.730876171729097912e+00,6.073555387671749628e-01,1.869178031347724089e-01,8.296232897787270133e-02,-5.568448099727134615e-01,2.424966145693956965e-01,-1.843912942434652591e-01,-2.154948149445812811e-01,7.351818196012902540e-01
1.889999999999999858e+01,9.000000000000000000e+00,5.615040983383283724e+00,1.314382858855259073e+00,2.739633919646383919e+00,6.089538215866355797e-01,1.794015859029219340e-01,7.670926540584410702e-02,-5.604180467218031758e-01,2.382359539059686615e-01,-1.729135569594311417e-01,-2.105513586711174334e-01,7.049615819284691387e-01
1.892000000000000171e+01,9.000000000000000000e+00,5.603798810183047152e+00,1.319105802969887442e+00,2.748049042517695106e+00,6.104239093834088470e-01,1.720200062936881602e-01,7.015510173151184858e-02,-5.637606736266538299e-01,2.340753127071404371e-01,-1.613340260098602430e-01,-2.054950297092362765e-01,6.753627764904444053e-01
1.894000000000000128e+01,9.000000000000000000e+00,5.592492106022290521e+00,1.323746552402810250e+00,2.756125657383805105e+00,6.117600256558962668e-01,1.647784650783969129e-01,6.332471520963700584e-02,-5.668708777853710412e-01,2.300168187532073416e-01,-1.496749985363218238e-01,-2.003387954061339460e-01,6.463991996617570734e-01
1.896000000000000085e+01,9.000000000000000000e+00,5.581125533768762637e+00,1.328307169215503070e+00,2.763868234883140040e+00,6.129568979917943139e-01,1.576811406887922429e-01,5.624358504885940135e-02,-5.697472922388906458e-01,2.260623404775218837e-01,-1.379587716803849506e-01,-1.950956231090063275e-01,6.180800636138209514e-01
1.898000000000000043e+01,9.000000000000000000e+00,5.569703779169973501e+00,1.332789750244640858e+00,2.771281556854853001e+00,6.140097690578505407e-01,1.507311429913952006e-01,4.893769181274620905e-02,-5.723889959709806963e-01,2.222134869664925683e-01,-1.262076425836188287e-01,-1.897784801650492514e-01,5.904106685772044782e-01
1.900000000000000000e+01,9.000000000000000000e+00,5.558231541934321562e+00,1.337196421915156419e+00,2.778370679261563225e+00,6.149144056643041090e-01,1.439306631510579304e-01,4.143342522952941920e-02,-5.747955139082403520e-01,2.184716079595841187e-01,-1.144439083875925522e-01,-1.844003339214587978e-01,5.633930398778411730e-01
1.901999999999999957e+01,9.000000000000000000e+00,5.546713526812244943e+00,1.341529335053301297e+00,2.785140900277859988e+00,6.156671060670316775e-01,1.372811187505427744e-01,3.375749987914211658e-02,-5.769668169200997676e-01,2.148377938493170880e-01,-1.026898662338752988e-01,-1.789741517254308523e-01,5.370265295707407072e-01
1.903999999999999915e+01,9.000000000000000000e+00,5.535154434677370006e+00,1.345790659699709790e+00,2.791597733374548973e+00,6.162647056594697803e-01,1.307832936327275042e-01,2.593687820222534413e-02,-5.789033218188212038e-01,2.113128756812684972e-01,-9.096781326403632906e-02,-1.735129009241613285e-01,5.113083834440984576e-01
1.905999999999999872e+01,9.000000000000000000e+00,5.523558953607644817e+00,1.349982579922457182e+00,2.797746885219388968e+00,6.167045811951207268e-01,1.244374721925540078e-01,1.799870026761141162e-02,-5.806058913594975834e-01,2.078974251540710028e-01,-7.930004661964468182e-02,-1.680295488648461677e-01,4.862342749186139845e-01
1.907999999999999829e+01,9.000000000000000000e+00,5.511931749966489491e+00,1.354107288630121975e+00,2.803594238211595702e+00,6.169846536701741879e-01,1.182435680665696459e-01,9.970219739136254589e-03,-5.820758342400537133e-01,2.045917546194136460e-01,-6.770886344226947906e-02,-1.625370628946812557e-01,4.617988079423827052e-01
1.910000000000000142e+01,9.000000000000000000e+00,5.500277459483935871e+00,1.358166982384848120e+00,2.809145837468508322e+00,6.171033899846861681e-01,1.122012473497324275e-01,1.878745497478462312e-03,-5.833149051012456177e-01,2.013959170820414368e-01,-5.621656087347998154e-02,-1.570484103608627002e-01,4.379959914017506617e-01
1.912000000000000099e+01,9.000000000000000000e+00,5.488600678337776095e+00,1.362163856215403701e+00,2.814407882087512025e+00,6.170598034900733886e-01,1.063100466137974487e-01,-6.248411603875680953e-03,-5.843253045266606494e-01,1.983097061997554922e-01,-4.484543605484531126e-02,-1.515765586105862761e-01,4.148196878523568443e-01
1.914000000000000057e+01,9.000000000000000000e+00,5.476905954234697838e+00,1.366100098430243825e+00,2.819386720513639144e+00,6.168534535205311142e-01,1.005694861114072580e-01,-1.438398733942314323e-02,-5.851096790427176009e-01,1.953326562834130642e-01,-3.361778612793454857e-02,-1.461344749910478691e-01,3.922640395397905544e-01
1.916000000000000014e+01,9.000000000000000000e+00,5.465197777491432873e+00,1.369977885430571751e+00,2.824088849852361083e+00,6.164844439964964895e-01,9.497917862750192286e-02,-2.250080852415337063e-02,-5.856711211186667043e-01,1.924640422969273734e-01,-2.255590823431703751e-02,-1.407351268494436702e-01,3.703238747409124398e-01
1.917999999999999972e+01,9.000000000000000000e+00,5.453480572115902980e+00,1.373799376523399340e+00,2.828520918977128762e+00,6.159534211795649750e-01,8.953893448739808081e-02,-3.057183365267945874e-02,-5.860131691665892983e-01,1.897028798572677755e-01,-1.168209951556179599e-02,-1.353914815329693988e-01,3.489950974274606543e-01
1.919999999999999929e+01,9.000000000000000000e+00,5.441758686888356067e+00,1.377566708734607737e+00,2.832689735291549660e+00,6.152615706503893334e-01,8.424886325121298813e-02,-3.857019013587148493e-02,-5.861398075413987163e-01,1.870479252344597887e-01,-1.018657113237906968e-03,-1.301165063888209961e-01,3.282750631429252053e-01
1.921999999999999886e+01,9.000000000000000000e+00,5.430036386442514740e+00,1.381281991622009819e+00,2.836602275015960295e+00,6.144106135741301822e-01,7.910947261923846618e-02,-4.646920845854474180e-02,-5.860554665408388431e-01,1.844976753515847889e-01,9.412121831085322812e-03,-1.249231687641944866e-01,3.081629437988718245e-01
1.923999999999999844e+01,9.000000000000000000e+00,5.418317842346719537e+00,1.384947302088410881e+00,2.840265696877029455e+00,6.134028023120475792e-01,7.412176504400537491e-02,-5.424245353188439367e-02,-5.857650224054856691e-01,1.820503677847805368e-01,1.958794017583890754e-02,-1.198244360062857283e-01,2.886600838424571713e-01
1.926000000000000156e+01,9.000000000000000000e+00,5.406607124185069502e+00,1.388564679194668861e+00,2.843687359086257249e+00,6.122409154328546377e-01,6.928733249324457721e-02,-6.186375346149652898e-02,-5.852737973187461806e-01,1.797039807632405950e-01,2.948650077945350056e-02,-1.148332754622907459e-01,2.697703499247853798e-01
1.928000000000000114e+01,9.000000000000000000e+00,5.394908190638568968e+00,1.392136118972756575e+00,2.846874839498283905e+00,6.109282521735875937e-01,6.460844973433683969e-02,-6.930722589633475650e-02,-5.845875594068590253e-01,1.774562331692148276e-01,3.908550650036008572e-02,-1.099626544794053834e-01,2.515004758096013315e-01
1.930000000000000071e+01,9.000000000000000000e+00,5.383224880566267245e+00,1.395663569238822177e+00,2.849835958842275918e+00,6.094686263970012785e-01,6.008816641527234270e-02,-7.654730206586357610e-02,-5.837125227388937354e-01,1.753045845380090118e-01,4.836266019698941265e-02,-1.052255404048256376e-01,2.338604038011883324e-01
1.932000000000000028e+01,9.000000000000000000e+00,5.371560904086405408e+00,1.399148924406250716e+00,2.852578806918690812e+00,6.078663600909530729e-01,5.573039809919451415e-02,-8.355874855161182779e-02,-5.826553473267516159e-01,1.732462350579851151e-01,5.729566472777238018e-02,-1.006349005857474360e-01,2.168636234348159386e-01
1.933999999999999986e+01,9.000000000000000000e+00,5.359919833657558641e+00,1.402594020298725042e+00,2.855111771649002428e+00,6.061262764549368853e-01,5.154001626843193046e-02,-9.031668677515725108e-02,-5.814231391251655223e-01,1.712781255705611572e-01,6.586222295113980385e-02,-9.620370236936666430e-02,2.005275075567269638e-01
1.935999999999999943e+01,9.000000000000000000e+00,5.348305095159776812e+00,1.406000628963286481e+00,2.857443570856849302e+00,6.042536926199468805e-01,4.752293714823185161e-02,-9.679661011709228546e-02,-5.800234500316993058e-01,1.693969375702111813e-01,7.404003772552260332e-02,-9.194491310287933317e-02,1.848736452161785782e-01
1.937999999999999901e+01,9.000000000000000000e+00,5.336719958975732148e+00,1.409370453483396846e+00,2.859583286645078548e+00,6.022544120502533183e-01,4.368620900854998379e-02,-1.029743985106961190e-01,-5.784642778867483681e-01,1.675990932044653658e-01,8.180681190935150393e-02,-8.787150013348134225e-02,1.699281699913117727e-01
1.939999999999999858e+01,9.000000000000000000e+00,5.325167531071860694e+00,1.412705122791998669e+00,2.861540402213648804e+00,6.001347166795191201e-01,4.003809738227632337e-02,-1.088263302795962062e-01,-5.767540664735393285e-01,1.658807552739099966e-01,8.914024836105746696e-02,-8.399643080836860509e-02,1.557220814650342455e-01
1.942000000000000171e+01,9.000000000000000000e+00,5.313650744079503774e+00,1.416006186484577878e+00,2.863324840937838012e+00,5.979013588390691414e-01,3.658816738801615870e-02,-1.143290909106582376e-01,-5.749017055181306901e-01,1.642378272321874388e-01,9.601804993907117614e-02,-8.033267247473713235e-02,1.422915565481615019e-01
1.944000000000000128e+01,9.000000000000000000e+00,5.302172348376055666e+00,1.419275109632222476e+00,2.864947007494026199e+00,5.955615530430925508e-01,3.334736206272209680e-02,-1.194597783718407413e-01,-5.729165306894117293e-01,1.626659531859960262e-01,1.024179195018236621e-01,-7.689319247978274041e-02,1.296782462070871500e-01
1.946000000000000085e+01,9.000000000000000000e+00,5.290734903166102399e+00,1.422513267594685660e+00,2.866417830780973564e+00,5.931229677041955917e-01,3.032807529181732673e-02,-1.241959045006719720e-01,-5.708083235991032733e-01,1.611605178950903106e-01,1.083175599077456502e-01,-7.369095817070145382e-02,1.179295518861212672e-01
1.948000000000000043e+01,9.000000000000000000e+00,5.279340767562570313e+00,1.425721940833446055e+00,2.867748808337412747e+00,5.905937168630657208e-01,2.754421756984792857e-02,-1.285153919023525049e-01,-5.685873118017579220e-01,1.597166467722808125e-01,1.136946740152680740e-01,-7.073893689468921386e-02,1.070988745167324591e-01
1.950000000000000000e+01,9.000000000000000000e+00,5.267992091667862198e+00,1.428902309724769282e+00,2.868952051901422440e+00,5.879823520281015625e-01,2.501127243141238257e-02,-1.323965657083707725e-01,-5.662641687947590485e-01,1.583292058834342986e-01,1.185269646828217283e-01,-6.805009599894189243e-02,9.724582747733548360e-02
1.951999999999999957e+01,9.000000000000000000e+00,5.256690807655007625e+00,1.432055449372768852e+00,2.870040333692996715e+00,5.852978542347310187e-01,2.274634095899486994e-02,-1.358181394594879521e-01,-5.638500140183219100e-01,1.569928019474734204e-01,1.227921347688374076e-01,-6.563740283065547243e-02,8.843640321296039608e-02
1.953999999999999915e+01,9.000000000000000000e+00,5.245438620848803524e+00,1.435182324422466627e+00,2.871027132928093639e+00,5.825496264497221910e-01,2.076817130120167665e-02,-1.387591942915946674e-01,-5.613564128554927590e-01,1.557017823363770204e-01,1.264678871317460596e-01,-6.351382473702585352e-02,8.074308145563993677e-02
1.955999999999999872e+01,9.000000000000000000e+00,5.234237000806956530e+00,1.438283783872855714e+00,2.871926681990025987e+00,5.797474864630673963e-01,1.909716962298025136e-02,-1.411991505227359056e-01,-5.587953766321498428e-01,1.544502350751800479e-01,1.295319246299784788e-01,-6.169232906524903248e-02,7.424486512332584276e-02
1.957999999999999829e+01,9.000000000000000000e+00,5.223087172401227996e+00,1.441360555889959816e+00,2.872754011592238310e+00,5.769016604288128569e-01,1.775538836190333064e-02,-1.431177306677522409e-01,-5.561793626170020710e-01,1.532319888419733933e-01,1.319619501219655155e-01,-6.018588316252089510e-02,6.902722804740021867e-02
1.960000000000000142e+01,9.000000000000000000e+00,5.211990106898576336e+00,1.444413242619895010e+00,2.873524994165441271e+00,5.740227772363568626e-01,1.676648708753807407e-02,-1.444949128476018529e-01,-5.535212740215900151e-01,1.520406129679042206e-01,1.337356664661379924e-01,-5.900745437603737570e-02,6.518195672845089605e-02
1.962000000000000099e+01,9.000000000000000000e+00,5.200946513042301156e+00,1.447442315001930879e+00,2.874256384592157154e+00,5.711218639149083787e-01,1.615566066413509291e-02,-1.453108735182198075e-01,-5.508344600002856861e-01,1.508694174371756347e-01,1.348307765209267317e-01,-5.817001005299443639e-02,6.280686640349751604e-02
1.964000000000000057e+01,9.000000000000000000e+00,5.189956828133188260e+00,1.450448107581552071e+00,2.874965857293655613e+00,5.682103422956281680e-01,1.594952881541117015e-02,-1.455459184250500471e-01,-5.481327156502925346e-01,1.497114528870468753e-01,1.352249831447626116e-01,-5.768651754058799763e-02,6.200536989881008654e-02
1.966000000000000014e+01,9.000000000000000000e+00,5.179021209110646673e+00,1.453430813323518311e+00,2.875672038549188514e+00,5.653000271779065056e-01,1.617598060603008675e-02,-1.451804007005392805e-01,-5.454302820116453399e-01,1.485595106078332339e-01,1.348959891960765101e-01,-5.756994418601401459e-02,6.288587613375118401e-02
1.967999999999999972e+01,9.000000000000000000e+00,5.168139523633859866e+00,1.456390478424926638e+00,2.876394532796908265e+00,5.624031262676066900e-01,1.686396681853203142e-02,-1.441946250706482857e-01,-5.427418460672102096e-01,1.474061225429061373e-01,1.338214975332992496e-01,-5.783325733646840078e-02,6.556099384737276714e-02
1.969999999999999929e+01,9.000000000000000000e+00,5.157311341162923668e+00,1.459326997128271852e+00,2.877153941532065939e+00,5.595322421750806852e-01,1.804323275954742081e-02,-1.425687372319082158e-01,-5.400825407426844693e-01,1.462435612886930081e-01,1.319792110148616526e-01,-5.848942433914708361e-02,7.014651527948653764e-02
1.971999999999999886e+01,9.000000000000000000e+00,5.146535924039993937e+00,1.462240106534508310e+00,2.877971873283815096e+00,5.567003767783305079e-01,1.974398373225142583e-02,-1.402825976113515338e-01,-5.374679449065972170e-01,1.450638400946774320e-01,1.293468324991945972e-01,-5.955141254124601130e-02,7.676015431609622963e-02
1.973999999999999844e+01,9.000000000000000000e+00,5.135812218570426246e+00,1.465129381416109933e+00,2.878870943020725548e+00,5.539209382706267171e-01,2.199647533776246527e-02,-1.373156389378955566e-01,-5.349140833703086573e-01,1.438587128633990464e-01,1.259020648447289059e-01,-6.103218928996112513e-02,8.552001419695909323e-02
1.976000000000000156e+01,9.000000000000000000e+00,5.125138846103920010e+00,1.467994229030132436e+00,2.879874759211398239e+00,5.512077512208143348e-01,2.483052101144203258e-02,-1.336467073454041810e-01,-5.324374268880105454e-01,1.426196741504535959e-01,1.216226109098953734e-01,-6.294472193248837333e-02,9.654276149939648721e-02
1.978000000000000114e+01,9.000000000000000000e+00,5.114514094115664378e+00,1.470833883931273789e+00,2.881007896655690903e+00,5.485750699768101590e-01,2.827490987794727129e-02,-1.292538871043387161e-01,-5.300548921567258542e-01,1.413379591644927935e-01,1.164861735531249609e-01,-6.530197781602366247e-02,1.099414860021082074e-01
1.980000000000000071e+01,9.000000000000000000e+00,5.103935907287477036e+00,1.473647402784936000e+00,2.882295853110487638e+00,5.460375957366409017e-01,3.235672926100659208e-02,-1.241143095495083060e-01,-5.277838418163088852e-01,1.400045437672245985e-01,1.104704556328484077e-01,-6.811692428776293384e-02,1.258232304632696252e-01
1.982000000000000028e+01,9.000000000000000000e+00,5.093401878588953657e+00,1.476433659180285352e+00,2.883764987669314106e+00,5.436104975948299334e-01,3.710058816941175924e-02,-1.182039473429359333e-01,-5.256420844494457123e-01,1.386101444734129662e-01,1.035531600074966058e-01,-7.140252869490214260e-02,1.442861806029276106e-01
1.983999999999999986e+01,9.000000000000000000e+00,5.082909240358604031e+00,1.479191338443313741e+00,2.885442438826307576e+00,5.413094378429235132e-01,4.252774097088889843e-02,-1.114973958872393922e-01,-5.236478745816532943e-01,1.371452184508778760e-01,9.571198953550039135e-02,-7.517175838463720228e-02,1.654165139518890548e-01
1.985999999999999943e+01,9.000000000000000000e+00,5.072454855385003292e+00,1.481918932449900916e+00,2.887356020172304749e+00,5.391506017593404865e-01,4.865511442946753029e-02,-1.039676444880619499e-01,-5.218199126812804733e-01,1.355999635204955256e-01,8.692464707529062862e-02,-7.943758070416405415e-02,1.892849170010825477e-01
1.987999999999999901e+01,9.000000000000000000e+00,5.062035207987927166e+00,1.484614734438873374e+00,2.889534091745718403e+00,5.371507320634011373e-01,5.549424646414884837e-02,-9.558584074783560425e-02,-5.201773451595068654e-01,1.339643181561980534e-01,7.716883548529814008e-02,-8.421296300067865337e-02,2.159427935106345009e-01
1.989999999999999858e+01,9.000000000000000000e+00,5.051646395099503195e+00,1.487276833825068589e+00,2.892005405206266477e+00,5.353271681294271556e-01,6.305015147429175737e-02,-8.632105264729972305e-02,-5.187397643703441918e-01,1.322279614849738161e-01,6.642225762395374822e-02,-8.951087262137694123e-02,2.454182031117758400e-01
1.992000000000000171e+01,9.000000000000000000e+00,5.041284117345348648e+00,1.489903111012392589e+00,2.894798921229409405e+00,5.336978899575088864e-01,7.132013485769625460e-02,-7.614003381552336691e-02,-5.175272086106349478e-01,1.303803132868671388e-01,5.466261634968848371e-02,-9.534427691345472022e-02,2.777115885548283591e-01
1.994000000000000128e+01,9.000000000000000000e+00,5.030943670125715528e+00,1.492491232206883955e+00,2.897943597848326114e+00,5.322815667768059367e-01,8.029258825829348190e-02,-6.500699857388880787e-02,-5.165601621200532900e-01,1.284105339949784819e-01,4.186761452093289149e-02,-1.017261432241081398e-01,3.127913720733108693e-01
1.996000000000000085e+01,9.000000000000000000e+00,5.020619934696634701e+00,1.495038644229773395e+00,2.901468148913294520e+00,5.310976100145533563e-01,8.994580675638753908e-02,-5.288341442388322378e-02,-5.158595550811047037e-01,1.263075246954643294e-01,2.801495499611795365e-02,-1.086694389005330025e-01,3.505895260901935595e-01
1.998000000000000043e+01,9.000000000000000000e+00,5.010307369251056464e+00,1.497542569330545748e+00,2.905400772409820753e+00,5.301662301998506521e-01,1.002468790424732997e-01,-3.972782067698155117e-02,-5.154467636191260027e-01,1.240599271275373561e-01,1.308234063367452911e-02,-1.161871312899252912e-01,3.909972503510673048e-01
2.000000000000000000e+01,1.000000000000000000e+01,5.000000000000000000e+00,1.500000000000000000e+00,2.909768849089390486e+00,5.295084971874741697e-01,1.111507107118242244e-01,-2.889873607385240462e-02,-5.153436098022856626e-01,1.216561236834662330e-01,-2.952525707966557889e-03,-1.242921877394809194e-01,4.338609156373094966e-01
2.001999999999999957e+01,1.000000000000000000e+01,4.989692074288736734e+00,1.502406553840504477e+00,2.914867117124643414e+00,5.290102807568966004e-01,1.351085116909605532e-01,-2.403822391656085244e-02,-5.154716792489886235e-01,1.189152010414073896e-01,-9.768085270641239590e-03,-1.495105753690279260e-01,5.284224037611613412e-01
2.003999999999999915e+01,1.000000000000000000e+01,4.979380258428028228e+00,1.504753360761123870e+00,2.920928486361932030e+00,5.285469682308117090e-01,1.573794898947444565e-01,-2.212995931844830011e-02,-5.157309162804774028e-01,1.156871627212020109e-01,-1.607110493824606690e-02,-1.730096551240368763e-01,6.168778785438787660e-01
2.005999999999999872e+01,1.000000000000000000e+01,4.969062030845857514e+00,1.507031019950041850e+00,2.927887299631519280e+00,5.281250823841586728e-01,1.779783396891456981e-01,-1.988510331785597884e-02,-5.161111793439520090e-01,1.120060409061465201e-01,-2.187250922088180421e-02,-1.948248244239501881e-01,6.992485555106577877e-01
2.007999999999999829e+01,1.000000000000000000e+01,4.958735070616360652e+00,1.509230804159624961e+00,2.935678550900036932e+00,5.277515640980975364e-01,1.969246781232345256e-01,-1.728966536928666642e-02,-5.166025453768134934e-01,1.079051598311483728e-01,-2.718322262864922290e-02,-2.149914806882102514e-01,7.755503560097716242e-01
2.010000000000000142e+01,1.000000000000000000e+01,4.948397253090024428e+00,1.511344645547453291e+00,2.944237857906792488e+00,5.274334957693871395e-01,2.142419492803374348e-01,-1.434275319517119840e-02,-5.171953098066660592e-01,1.034171357827261967e-01,-3.201416967164906480e-02,-2.335450213362594285e-01,8.457964780559441564e-01
2.012000000000000099e+01,1.000000000000000000e+01,4.938046645523881395e+00,1.513365121517353584e+00,2.953501454975998808e+00,5.271778539702905997e-01,2.299566718312556490e-01,-1.105513603934227262e-02,-5.178799865513151746e-01,9.857387709900979067e-02,-3.637627485998211341e-02,-2.505208437875401928e-01,9.100006190911956727e-01
2.014000000000000057e+01,1.000000000000000000e+01,4.927681502711707573e+00,1.515285440560431907e+00,2.963406209438262273e+00,5.269912903278134442e-01,2.440979559861591874e-01,-7.447856503482341850e-03,-5.186473080187682383e-01,9.340658416974007006e-02,-4.028046270374911059e-02,-2.659543454614949343e-01,9.681805807834339417e-01
2.016000000000000014e+01,1.000000000000000000e+01,4.917300262614213935e+00,1.517099428096104541e+00,2.973889663307761833e+00,5.268799397101513460e-01,2.566972230377852493e-01,-3.550885924482827249e-03,-5.194882251072353574e-01,8.794574943626923269e-02,-4.373765771305084676e-02,-2.798809237775661263e-01,1.020362010767884131e+00
2.017999999999999972e+01,1.000000000000000000e+01,4.906901541989243221e+00,1.518801512313129987e+00,2.984890100275627844e+00,5.268492548908341178e-01,2.677880693108266041e-01,5.981797732577120996e-04,-5.203939072051280146e-01,8.222115739156042602e-02,-4.675878439798806380e-02,-2.923359761551959091e-01,1.066582061151556848e+00
2.019999999999999929e+01,1.000000000000000000e+01,4.896484132021973856e+00,1.520386710010644515e+00,2.996346636694142251e+00,5.269038669010815967e-01,2.774062253740611217e-01,4.955384645622729067e-03,-5.213557421910598455e-01,7.626188458018803851e-02,-4.935476726866151742e-02,-3.033549000138269780e-01,1.106892770017542826e+00
2.021999999999999886e+01,1.000000000000000000e+01,4.886046993955107887e+00,1.521850612439189510e+00,3.008199334045849049e+00,5.270474702766589914e-01,2.855895700839844453e-01,9.471636453142195933e-03,-5.223653364338466387e-01,7.009629959833769963e-02,-5.153653083517199807e-02,-3.129730927729015288e-01,1.141364001000413575e+00
2.023999999999999844e+01,1.000000000000000000e+01,4.875589254719067789e+00,1.523189371141748572e+00,3.020389329425458236e+00,5.272827323592073068e-01,2.923781669992335241e-01,1.409388630498220607e-02,-5.234145147925063357e-01,6.375206309380607173e-02,-5.331499960762022677e-02,-3.212259518518620349e-01,1.170085807613705287e+00
2.026000000000000156e+01,1.000000000000000000e+01,4.865110202562192399e+00,1.524399683794775306e+00,3.032858979819947010e+00,5.276112257288583240e-01,2.978142977557493576e-01,1.876625933480902120e-02,-5.244953206162583648e-01,5.725612776600098874e-02,-5.470109809610702867e-02,-3.281488746701510251e-01,1.193170123165551599e+00
2.028000000000000114e+01,1.000000000000000000e+01,4.854609282680940829e+00,1.525478780049228433e+00,3.045552015460309736e+00,5.280333827325996987e-01,3.019424730979999305e-01,2.343113029549748205e-02,-5.256000157445248622e-01,5.063473836594154648e-02,-5.570575081073309703e-02,-3.337772586472106395e-01,1.210751713024198928e+00
2.030000000000000071e+01,1.000000000000000000e+01,4.844086092850070635e+00,1.526424407371603786e+00,3.058413697238592910e+00,5.285484709406781390e-01,3.048094074873427539e-01,2.803013722462388557e-02,-5.267210805069292290e-01,4.391343169625784582e-02,-5.633988226159922924e-02,-3.381465012024834071e-01,1.222988362475402102e+00
2.032000000000000028e+01,1.000000000000000000e+01,4.833540379052855052e+00,1.527234816884964541e+00,3.071390973130716961e+00,5.291545882215846763e-01,3.064639476662864292e-01,3.250512611469780211e-02,-5.278512137232975743e-01,3.711703661119117315e-02,-5.661441695880619490e-02,-3.412919997554118012e-01,1.230060308942368952e+00
2.033999999999999986e+01,1.000000000000000000e+01,4.822972031111265601e+00,1.527908749209976547e+00,3.084432628725512604e+00,5.298486759852660821e-01,3.069569493721736042e-01,3.679901981211664008e-02,-5.289833327036577160e-01,3.026967401659402812e-02,-5.654027941245475669e-02,-3.432491517254382951e-01,1.232168960298569704e+00
2.035999999999999943e+01,1.000000000000000000e+01,4.812381078316168903e+00,1.528445420305937219e+00,3.097489427311520771e+00,5.306265490140692487e-01,3.063410996823258681e-01,4.085660512470568051e-02,-5.301105732482396249e-01,2.339475686993006467e-02,-5.612839413264566341e-02,-3.440533545320050846e-01,1.229534969849195525e+00
2.037999999999999901e+01,1.000000000000000000e+01,4.801767685057526158e+00,1.528844507311809320e+00,3.110514235486182333e+00,5.314829401902542161e-01,3.046706853295296225e-01,4.462523326886902453e-02,-5.312262896474747587e-01,1.651499018027397653e-02,-5.538968562947967078e-02,-3.437400055945546429e-01,1.222395761983742668e+00
2.039999999999999858e+01,1.000000000000000000e+01,4.791132146454589957e+00,1.529106134387254956e+00,3.123462130891969224e+00,5.324115583448240097e-01,3.020013098171129839e-01,4.805543024352054715e-02,-5.323240546819971719e-01,9.652371008311694950e-03,-5.433507841305756925e-02,-3.423445023325293879e-01,1.211002619576541761e+00
2.042000000000000171e+01,1.000000000000000000e+01,4.780474883986091328e+00,1.529230858553663586e+00,3.136290489411965421e+00,5.334051573999951668e-01,2.983895643213136384e-01,5.110141537601187167e-02,-5.333976596226426281e-01,2.828188466340358833e-03,-5.297549699348007984e-02,-3.399022421653715709e-01,1.195617454454304784e+00
2.044000000000000128e+01,1.000000000000000000e+01,4.769796441120455199e+00,1.529219655535189126e+00,3.148959049933354848e+00,5.344556149598646000e-01,2.938926592019284745e-01,5.372152803770369189e-02,-5.344411142304492657e-01,-3.936976281731884367e-03,-5.132186588084798606e-02,-3.364486225125237762e-01,1.176509385659717966e+00
2.046000000000000085e+01,1.000000000000000000e+01,4.759097478945970572e+00,1.529073905599778849e+00,3.161429955572316874e+00,5.355540185215033055e-01,2.885680244360767088e-01,5.587856427010784444e-02,-5.354486467566568209e-01,-1.062325002038561235e-02,-4.938510958526204364e-02,-3.320190407934284216e-01,1.153951247270997182e+00
2.048000000000000043e+01,1.000000000000000000e+01,4.748378771801008646e+00,1.528795379400206045e+00,3.173667771012468997e+00,5.366907575306688605e-01,2.824728884176485599e-01,5.754002670415481191e-02,-5.364147039427072938e-01,-1.721146748249032313e-02,-4.717615261682306382e-02,-3.266488944275278139e-01,1.128216139023214160e+00
2.050000000000000000e+01,1.000000000000000000e+01,4.737641202904206317e+00,1.528386223815102696e+00,3.185639476310996088e+00,5.378556195896694314e-01,2.756638452975949116e-01,5.867829261826251752e-02,-5.373339510202447267e-01,-2.368317134930431403e-02,-4.470591948563175377e-02,-3.203735808342644265e-01,1.099574120030177848e+00
2.051999999999999957e+01,1.000000000000000000e+01,4.726885759984663871e+00,1.527848947789992806e+00,3.197314438148101789e+00,5.390378892353993034e-01,2.681964213556348176e-01,5.927070620804464340e-02,-5.382012717111148703e-01,-3.002061225047477147e-02,-4.198533470178887617e-02,-3.132284974330805660e-01,1.068289129796747616e+00
2.053999999999999915e+01,1.000000000000000000e+01,4.716113530912145357e+00,1.527186408178322852e+00,3.208664360019683581e+00,5.402264478379911194e-01,2.601246507853366974e-01,5.929960209461349052e-02,-5.390117682273658506e-01,-3.620674876403769116e-02,-3.902532277539523531e-02,-3.052490416434187059e-01,1.034616202751767799e+00
2.055999999999999872e+01,1.000000000000000000e+01,4.705325699327271849e+00,1.526401795582494891e+00,3.219663213290598680e+00,5.414098733191837765e-01,2.515006707554810483e-01,5.875226776319841804e-02,-5.397607612712477243e-01,-4.222524741641794921e-02,-3.583680821655155918e-02,-2.964706108847212640e-01,9.987990239663657732e-01
2.057999999999999829e+01,1.000000000000000000e+01,4.694523540271713813e+00,1.525498620194897015e+00,3.230287151333650630e+00,5.425765385485190606e-01,2.423743447177326427e-01,5.762085300044716973e-02,-5.404437900352121460e-01,-4.806048268242925359e-02,-3.243071553535862434e-02,-2.869286025764306025e-01,9.610678556464722355e-01
2.060000000000000142e+01,1.000000000000000000e+01,4.683708415818396809e+00,1.524480697638940008e+00,3.240514409180485611e+00,5.437147074392018054e-01,2.327929217225682690e-01,5.590223450439246733e-02,-5.410566122019135893e-01,-5.369753698527414409e-02,-2.881796924191716569e-02,-2.766584141379890838e-01,9.216378472909653174e-01
2.062000000000000099e+01,1.000000000000000000e+01,4.672881770701686754e+00,1.523352134810084912e+00,3.250325191212647624e+00,5.448126279286950036e-01,2.228007380590526498e-01,5.359784370436138090e-02,-5.415952039442079036e-01,-5.912220069654408605e-02,-2.500949384632800143e-02,-2.656954429888391811e-01,8.807077277417504346e-01
2.064000000000000057e+01,1.000000000000000000e+01,4.662045127947591183e+00,1.522117315716877251e+00,3.259701549435394696e+00,5.458586211873762695e-01,2.124389659386455853e-01,5.071346548526456388e-02,-5.420557599251530911e-01,-6.432097213621927601e-02,-2.101621385869182138e-02,-2.540750865484232568e-01,8.384588651348772181e-01
2.066000000000000014e+01,1.000000000000000000e+01,4.651200084503955168e+00,1.520780887321979691e+00,3.268627254817059402e+00,5.468411665481055506e-01,2.017454122930180671e-01,4.725901500258089527e-02,-5.424346932980093072e-01,-6.928105757266886378e-02,-1.684905378910946799e-02,-2.418327422361837564e-01,7.950546711869732608e-01
2.067999999999999972e+01,1.000000000000000000e+01,4.640348306870655470e+00,1.519347745383202497e+00,3.277087664057425798e+00,5.477489817874794387e-01,1.907543691426144550e-01,4.324829914281025367e-02,-5.427286357062384159e-01,-7.399037122265074429e-02,-1.251893814768162763e-02,-2.290038074715629590e-01,7.506403193236118598e-01
2.069999999999999929e+01,1.000000000000000000e+01,4.629491526729798245e+00,1.517823020294537306e+00,3.285069583984675301e+00,5.485710985138179119e-01,1.794965154989518474e-01,3.869876846920305979e-02,-5.429344372835048782e-01,-7.843753525131180737e-02,-8.036791444509154905e-03,-2.156236796740035322e-01,7.053427417307738256e-01
2.071999999999999886e+01,1.000000000000000000e+01,4.618631536575916741e+00,1.516212062927190685e+00,3.292561135586070886e+00,5.492969325262475611e-01,1.679988694573290586e-01,3.363126473080946255e-02,-5.430491666536747530e-01,-8.261187977218760470e-02,-3.413538189692763049e-03,-2.017277562629477272e-01,6.592708682350509886e-01
2.073999999999999844e+01,1.000000000000000000e+01,4.607770185346160119e+00,1.514520430470611245e+00,3.299551619465730834e+00,5.499163491030502060e-01,1.562847880676070111e-01,2.806976823592499670e-02,-5.430701109308158081e-01,-8.650344284720266896e-02,1.339897106666845328e-03,-1.873514346578377676e-01,6.125160696737553812e-01
2.076000000000000156e+01,1.000000000000000000e+01,4.596909374050496488e+00,1.512753872273528311e+00,3.306031384304886522e+00,5.504197232556845565e-01,1.443740117694771175e-01,2.204114862477624115e-02,-5.429947757191984081e-01,-9.010297048667034736e-02,6.212589934468853992e-03,-1.725301122781161545e-01,5.651527697532013894e-01
2.078000000000000114e+01,1.000000000000000000e+01,4.586051051401906165e+00,1.510918315684978586e+00,3.311991699685486346e+00,5.507979950480412779e-01,1.322827496565434635e-01,1.557492184146092029e-02,-5.428208851132947377e-01,-9.340191664929284321e-02,1.119361578361250872e-02,-1.572991865432253611e-01,5.172391919611677435e-01
2.080000000000000071e+01,1.000000000000000000e+01,4.575197209446581148e+00,1.509019851895343267e+00,3.317424634434547936e+00,5.510427201293429667e-01,1.200238015849638545e-01,8.703015415784776110e-03,-5.425463816977790232e-01,-9.639244324216124371e-02,1.627205014399699806e-02,-1.416940548726079441e-01,4.688182115676725048e-01
2.082000000000000028e+01,1.000000000000000000e+01,4.564349879194113946e+00,1.507064721777375826e+00,3.322322941460114976e+00,5.511461156646726423e-01,1.076067131475397926e-01,1.459543531691309681e-03,-5.421694265475272001e-01,-9.906742012075528403e-02,2.143696850552163913e-02,-1.257501146857059049e-01,4.199182868217523068e-01
2.083999999999999986e+01,1.000000000000000000e+01,4.553511126247698826e+00,1.505059301727238230e+00,3.326679949884201459e+00,5.511011018706106768e-01,9.503795976258425093e-02,-6.119407214820071772e-03,-5.416883992276179116e-01,-1.014204250889438330e-01,2.667744635808555129e-02,-1.095027634019621887e-01,3.705544478797041519e-01
2.085999999999999943e+01,1.000000000000000000e+01,4.542683046434326855e+00,1.503010089505528057e+00,3.330489465136414307e+00,5.509013393760798794e-01,8.232115654106304803e-02,-1.399598097732379642e-02,-5.411018977933310659e-01,-1.034457438989844491e-01,3.198255919158811411e-02,-9.298739844081858885e-02,3.207293265778054514e-01
2.087999999999999901e+01,1.000000000000000000e+01,4.531867761434979158e+00,1.500923690078316941e+00,3.333745677555469022e+00,5.505412626315177027e-01,6.945729115384077779e-02,-2.213074480097354524e-02,-5.404087387901488349e-01,-1.051383702515235191e-01,3.734138249592852676e-02,-7.623941722171781454e-02,2.704342147311599165e-01
2.089999999999999858e+01,1.000000000000000000e+01,4.521067414414829067e+00,1.498806801458178795e+00,3.336443079954920954e+00,5.500161095840409020e-01,5.644497758034236479e-02,-3.048287020146212001e-02,-5.396079572537557656e-01,-1.064940057955964248e-01,4.274299176100597453e-02,-5.929421716410234605e-02,2.196501430828203261e-01
2.092000000000000171e+01,1.000000000000000000e+01,4.510284165653430932e+00,1.496666200545222036e+00,3.338576394543687709e+00,5.493219478234591113e-01,4.328072933794412103e-02,-3.901030498135327207e-02,-5.386988067100375588e-01,-1.075090601286271402e-01,4.817646247671971554e-02,-4.218719568741435832e-02,1.683489772622805136e-01
2.094000000000000128e+01,1.000000000000000000e+01,4.499520188174921387e+00,1.494508728968124034e+00,3.340140509550250325e+00,5.484556973847867223e-01,2.995925152663772920e-02,-4.766993638371275210e-02,-5.376807591750832893e-01,-1.081806507964288011e-01,5.363087013296900796e-02,-2.495375021109647734e-02,1.164945310865980466e-01
2.096000000000000085e+01,1.000000000000000000e+01,4.488777663378212601e+00,1.492341278925159997e+00,3.341130425880132648e+00,5.474151503681106146e-01,1.647375173640188914e-02,-5.641774694296941561e-02,-5.365535051551826307e-01,-1.085066032932031077e-01,5.909529021965304746e-02,-7.629278154591008151e-03,6.404370121851560294e-02
2.098000000000000043e+01,1.000000000000000000e+01,4.478058776667189989e+00,1.490170779025240089e+00,3.341541214137370819e+00,5.461989875070679679e-01,2.816270517088494910e-03,-6.520896462082603762e-02,-5.353169536468280754e-01,-1.084854510615407414e-01,6.455879822667111301e-02,9.750823062659699086e-03,1.094763056462189771e-02
2.100000000000000000e+01,1.000000000000000000e+01,4.467365713080904577e+00,1.488004180128936538e+00,3.341367982359844557e+00,5.448067917832776219e-01,-1.102196733496332501e-02,-7.399820901654763361e-02,-5.339712321367141579e-01,-1.081164354924213367e-01,7.001046964392243499e-02,2.715115602121315197e-02,-4.284708916104593146e-02
2.101999999999999957e+01,1.000000000000000000e+01,4.456700652923773376e+00,1.485848441189518976e+00,3.340605854852879197e+00,5.432390591464061336e-01,-2.505017900053115726e-02,-8.273963561988217918e-02,-5.325166866017370104e-01,-1.073995059252131345e-01,7.543937996130624379e-02,4.453632330162702463e-02,-9.739716258218746037e-02
2.103999999999999915e+01,1.000000000000000000e+01,4.446065767395773527e+00,1.483710515093985549e+00,3.339249962552537809e+00,5.414972063584824191e-01,-3.927762545355761165e-02,-9.138708023693986604e-02,-5.309538815089951402e-01,-1.063353196476734958e-01,8.083460466872179062e-02,6.187092748445889578e-02,-1.527612680542893842e-01
2.105999999999999872e+01,1.000000000000000000e+01,4.435463214222636452e+00,1.481597334504095143e+00,3.337295445406170291e+00,5.395835759369286277e-01,-5.371318692129829764e-02,-9.989420586552455461e-02,-5.292835998157886523e-01,-1.049252418959483180e-01,8.618521925606825729e-02,7.911957115026625742e-02,-2.089986499189558089e-01
2.107999999999999829e+01,1.000000000000000000e+01,4.424895133286049109e+00,1.479515797697400492e+00,3.334737467319516924e+00,5.375014381238615302e-01,-6.836491026514894542e-02,-1.082146544280906397e-01,-5.275068429696201378e-01,-1.031713458545725770e-01,9.148029921324497826e-02,9.624685687960694846e-02,-2.661676067668662937e-01
2.110000000000000142e+01,1.000000000000000000e+01,4.414363642253840148e+00,1.477472754408279076e+00,3.331571244282757860e+00,5.352549897598046780e-01,-8.323952708079393470e-02,-1.163022058870950559e-01,-5.256248309081940073e-01,-1.010764126564701049e-01,9.670892003015109373e-02,1.132173872530382597e-01,-3.243238559466176674e-01
2.112000000000000099e+01,1.000000000000000000e+01,4.403870832210189157e+00,1.475474991668966229e+00,3.327792086347758360e+00,5.328493498883773993e-01,-9.834194217517677750e-02,-1.241109473648300821e-01,-5.236390020594164918e-01,-9.864393138295338148e-02,1.018601571966858965e-01,1.299957648511179675e-01,-3.835187543147721700e-01
2.114000000000000057e+01,1.000000000000000000e+01,4.393418763285812823e+00,1.473529219650587363e+00,3.323395454180021247e+00,5.302905518652115680e-01,-1.136746933073037452e-01,-1.315954549636995097e-01,-5.215510133413963079e-01,-9.587809906372402047e-02,1.069230862027486240e-01,1.465465922544037791e-01,-4.437973558009529751e-01
2.116000000000000014e+01,1.000000000000000000e+01,4.383009460288159964e+00,1.471642057504189749e+00,3.318377030945410144e+00,5.275855316898295788e-01,-1.292373847026805356e-01,-1.387109910237374066e-01,-5.193627401624438811e-01,-9.278382067687220014e-02,1.118867825382384579e-01,1.628344720434530823e-01,-5.051962879481726176e-01
2.117999999999999972e+01,1.000000000000000000e+01,4.372644908331617231e+00,1.469820019201775407e+00,3.312732810306636466e+00,5.247421122242621472e-01,-1.450260988713192867e-01,-1.454137195514810799e-01,-5.170762764210713458e-01,-8.936670914887709372e-02,1.167403216930546772e-01,1.788240067988234039e-01,-5.677414324050965577e-01
2.119999999999999929e+01,1.000000000000000000e+01,4.362327048467696144e+00,1.468069499377331999e+00,3.306459201289954297e+00,5.217689829077704067e-01,-1.610327936535979887e-01,-1.516609424944821427e-01,-5.146939345059934334e-01,-8.563308535460674442e-02,1.214727791570966026e-01,1.944797991010727700e-01,-6.314453986470164315e-01
2.121999999999999886e+01,1.000000000000000000e+01,4.352057773315229916e+00,1.466396759167866382e+00,3.299553150729805484e+00,5.186756745244830435e-01,-1.772446941267375453e-01,-1.574113594000738914e-01,-5.122182452961266952e-01,-8.158997811731794059e-02,1.260732304202632770e-01,2.097664515307583188e-01,-6.963047862610449723e-01
2.123999999999999844e+01,1.000000000000000000e+01,4.341838922690574698e+00,1.464807912054437056e+00,3.292012283898763325e+00,5.154725285317676153e-01,-1.936436919208688878e-01,-1.626253527661685183e-01,-5.096519581605893912e-01,-7.724512420865640994e-02,1.305307509724541737e-01,2.246485666684380766e-01,-7.622972392299355304e-01
2.126000000000000156e+01,1.000000000000000000e+01,4.331672279237801959e+00,1.463308909703184169e+00,3.283835063772036378e+00,5.121706604138358543e-01,-2.102057674572207213e-01,-1.672653010425015907e-01,-5.069980409587022674e-01,-7.260696834865672245e-02,1.348344163035683219e-01,2.390907470946691538e-01,-8.293783060524017037e-01
2.128000000000000114e+01,1.000000000000000000e+01,4.321559564058892633e+00,1.461905527806365290e+00,3.275020969149678773e+00,5.087819164900670987e-01,-2.269004534141020879e-01,-1.712959207467754652e-01,-5.042596800399877788e-01,-6.768466320574224870e-02,1.389733019035050976e-01,2.530575953900095487e-01,-8.974781324605244359e-01
2.130000000000000071e+01,1.000000000000000000e+01,4.311502432343936597e+00,1.460603351923383864e+00,3.265570691555627292e+00,5.053188235839649600e-01,-2.436903600769354250e-01,-1.746846384966076471e-01,-5.014402802441706442e-01,-6.248806939672522237e-02,1.429364832621636272e-01,2.665137141350166217e-01,-9.664980290576826727e-01
2.132000000000000028e+01,1.000000000000000000e+01,4.301502469001326823e+00,1.459407763321823870e+00,3.255486350441847865e+00,5.017945309502029883e-01,-2.605307848226002254e-01,-1.774019928980123950e-01,-4.985434649011771246e-01,-5.702775548680674711e-02,1.467130358694432590e-01,2.794237059102481213e-01,-1.036306974376544288e+00
2.133999999999999986e+01,1.000000000000000000e+01,4.291561184287957076e+00,1.458323924818482276e+00,3.244771725741514068e+00,4.982227438680446596e-01,-2.773694284931851328e-01,-1.794220651519680132e-01,-4.955730758311360784e-01,-5.131499798957674108e-02,1.502920352152431194e-01,2.917521732962615744e-01,-1.106738134406166418e+00
2.135999999999999943e+01,1.000000000000000000e+01,4.281680009439412515e+00,1.457356766620398369e+00,3.233432506233840709e+00,4.946176483441243610e-01,-2.941462405139963487e-01,-1.807229359256030676e-01,-4.925331733443779614e-01,-4.536178136701402713e-02,1.536625567894625566e-01,3.034637188736145630e-01,-1.177585502036531118e+00
2.137999999999999901e+01,1.000000000000000000e+01,4.271860292300176276e+00,1.456510972165889983e+00,3.221476551506351704e+00,4.909938264310206302e-01,-3.107934120509982523e-01,-1.812871644749822764e-01,-4.894280362414354379e-01,-3.918079802948615936e-02,1.568136760820007247e-01,3.145229452228647249e-01,-1.248600783237861611e+00
2.139999999999999858e+01,1.000000000000000000e+01,4.262103292953812073e+00,1.455790963965582163e+00,3.208914164535904057e+00,4.873661617651252609e-01,-3.272355321414786022e-01,-1.811022842089684559e-01,-4.862621618130431034e-01,-3.278544833574968675e-02,1.597344685827568889e-01,3.248944549245696978e-01,-1.319490679831237578e+00
2.142000000000000171e+01,1.000000000000000000e+01,4.252410179353171671e+00,1.455200889443442058e+00,3.195758371073706083e+00,4.837497350626613901e-01,-3.433899155865516861e-01,-1.801613068715326449e-01,-4.830402658401377614e-01,-2.618984059295003872e-02,1.624140097816302863e-01,3.345428505592868418e-01,-1.389914739655447207e+00
2.144000000000000128e+01,1.000000000000000000e+01,4.242782022950581933e+00,1.454744606777809590e+00,3.182025201137721027e+00,4.801597094902634311e-01,-3.591671036795862637e-01,-1.784632253397191448e-01,-4.797672825938578134e-01,-1.940879105662115384e-02,1.648413751685201545e-01,3.434327347075741277e-01,-1.459483961567910715e+00
2.146000000000000085e+01,1.000000000000000000e+01,4.233219794328050511e+00,1.454425670742429899e+00,3.167733967025033959e+00,4.766112060490727553e-01,-3.744715299857209190e-01,-1.760135027609095459e-01,-4.764483648355440915e-01,-1.245782393068617724e-02,1.670056402333257306e-01,3.515287099499889156e-01,-1.527760352401556387e+00
2.148000000000000043e+01,1.000000000000000000e+01,4.223724358827450232e+00,1.454247318547486012e+00,3.152907531405411579e+00,4.731191693798272313e-01,-3.892023340029538980e-01,-1.728245334870912586e-01,-4.730888838167393584e-01,-5.353171367457026930e-03,1.688958804659462798e-01,3.587953788670888988e-01,-1.594257632825355708e+00
2.150000000000000000e+01,1.000000000000000000e+01,4.214296472180725672e+00,1.454212455680630844e+00,3.137572558305138593e+00,4.696982247095892737e-01,-4.032542963854840457e-01,-1.689160591394216482e-01,-4.696944292791881970e-01,1.888226532365661330e-03,1.705011713562810116e-01,3.651973440394316039e-01,-1.658443276062675054e+00
2.151999999999999957e+01,1.000000000000000000e+01,4.204936776140081101e+00,1.454323641748019202e+00,3.121759739206585227e+00,4.663625270142505164e-01,-4.165188613143366303e-01,-1.643155213139984028e-01,-4.662708094548373428e-01,9.248721719692253387e-03,1.718105883942291634e-01,3.706992080475746132e-01,-1.719742034918623874e+00
2.153999999999999915e+01,1.000000000000000000e+01,4.195645794108182614e+00,1.454583076315340451e+00,3.105503986149531048e+00,4.631256038570294442e-01,-4.288852053318476520e-01,-1.590583310979525322e-01,-4.628240510658355733e-01,1.670995819704437432e-02,1.728132070696899725e-01,3.752655734720756753e-01,-1.777541066546080240e+00
2.155999999999999872e+01,1.000000000000000000e+01,4.186423926768350512e+00,1.454992584748850515e+00,3.088844583702080371e+00,4.600001937703325217e-01,-4.402413081333367839e-01,-1.531880348940148906e-01,-4.593603993245337080e-01,2.425287201855473584e-02,1.734981028725627039e-01,3.788610428934923169e-01,-1.831196699980519371e+00
2.157999999999999829e+01,1.000000000000000000e+01,4.177271447714753450e+00,1.455553604056403882e+00,3.071825292043790512e+00,4.569980824612689951e-01,-4.504749798015373896e-01,-1.467563562321618775e-01,-4.558863179334843307e-01,3.185769128996721739e-02,1.738543512927465395e-01,3.814502188923819537e-01,-1.880042809457147746e+00
2.160000000000000142e+01,1.000000000000000000e+01,4.168188499082610576e+00,1.456267168728486050e+00,3.054494394229610776e+00,4.541299395210456891e-01,-4.594748008420174723e-01,-1.398230944319163171e-01,-4.524084890854424001e-01,3.950393616863689256e-02,1.738710278201407722e-01,3.829977040493025564e-01,-1.923400659667470425e+00
2.162000000000000099e+01,1.000000000000000000e+01,4.159175087178382135e+00,1.457133896579245969e+00,3.036904682016391632e+00,4.514051586839919472e-01,-4.671309358809007661e-01,-1.324558632693886295e-01,-4.489338134633646393e-01,4.717041886352992680e-02,1.735372079446445559e-01,3.834681009448112632e-01,-1.960589982437147105e+00
2.164000000000000057e+01,1.000000000000000000e+01,4.150231078109968941e+00,1.458153974587527824e+00,3.019113376439220620e+00,4.488317049902702527e-01,-4.733357884962015594e-01,-1.247296562272897091e-01,-4.454694102404099243e-01,5.483524363522367800e-02,1.728419671561572390e-01,3.828260121594659893e-01,-1.990940935039880344e+00
2.166000000000000014e+01,1.000000000000000000e+01,4.141356193416902975e+00,1.459327144737903481e+00,3.001181981589822634e+00,4.464159724349004432e-01,-4.779844726598027616e-01,-1.167262293952706642e-01,-4.420226170799389509e-01,6.247580679590661323e-02,1.717743809445779757e-01,3.810360402738243168e-01,-2.013806487559581360e+00
2.167999999999999972e+01,1.000000000000000000e+01,4.132550005700551310e+00,1.460652689861704712e+00,2.983176072698768611e+00,4.441626558144595727e-01,-4.809750848844291937e-01,-1.085332984679965307e-01,-4.386009901355147345e-01,7.006879670937830873e-02,1.703235247998060864e-01,3.780627878684437171e-01,-2.028574700514076401e+00
2.169999999999999929e+01,1.000000000000000000e+01,4.123811934254304035e+00,1.462129419478055192e+00,2.965165022540026118e+00,4.420746404961807263e-01,-4.822087696663661660e-01,-1.002435522762077369e-01,-4.352123040509019991e-01,7.759019379104974135e-02,1.684784742117407252e-01,3.738708575238819387e-01,-2.034680294496733932e+00
2.171999999999999886e+01,1.000000000000000000e+01,4.115141240693776403e+00,1.463755655634903174e+00,2.947221673205663972e+00,4.401529137234113098e-01,-4.815895786248838295e-01,-9.195349149830889246e-02,-4.318645519600677329e-01,8.501527050794278895e-02,1.662283046702811573e-01,3.684248518206964529e-01,-2.031614889710434912e+00
2.173999999999999844e+01,1.000000000000000000e+01,4.106537024587002094e+00,1.465529218750053708e+00,2.929421963258213690e+00,4.383965008362484261e-01,-4.790241305588211485e-01,-8.376210718297549818e-02,-4.285659454871806884e-01,9.231859137869050103e-02,1.635620916653266477e-01,3.616893733394449528e-01,-2.018935311146835776e+00
2.176000000000000156e+01,1.000000000000000000e+01,4.097998219084626470e+00,1.467447413452199978e+00,2.911844522963301873e+00,4.368024294360920989e-01,-4.744210854903598840e-01,-7.576941897654343450e-02,-4.253249147466119928e-01,9.947401297353719585e-02,1.604689106867763781e-01,3.536290246606849097e-01,-1.996269417194158846e+00
2.178000000000000114e+01,1.000000000000000000e+01,4.089523586550111389e+00,1.469507014421956859e+00,2.894570252545746403e+00,4.353657240771864334e-01,-4.676904510294784822e-01,-6.807489701406765903e-02,-4.221501083429343160e-01,1.064546839143382384e-01,1.569378372245296971e-01,3.442084083649740722e-01,-1.963319013523982193e+00
2.180000000000000071e+01,1.000000000000000000e+01,4.081111714189918693e+00,1.471704252232891585e+00,2.877681900032029283e+00,4.340794335555294148e-01,-4.587427448332777047e-01,-6.077579388441556318e-02,-4.190503933709227580e-01,1.132330448745602069e-01,1.529579467684856475e-01,3.333921270328699116e-01,-1.919859553496436444e+00
2.182000000000000028e+01,1.000000000000000000e+01,4.072761009683716793e+00,1.474034799192557976e+00,2.861263656115252907e+00,4.329346923218098109e-01,-4.474880437007230372e-01,-5.396541360784823382e-02,-4.160348554155541834e-01,1.197808285792808236e-01,1.485183148085436333e-01,3.211447832449301210e-01,-1.865736490332918995e+00
2.183999999999999986e+01,1.000000000000000000e+01,4.064469696814571265e+00,1.476493755183525991e+00,2.845400783532971989e+00,4.319208170112155409e-01,-4.338349594690948940e-01,-4.773134300292269927e-02,-4.131127985520076651e-01,1.260690598051889266e-01,1.436080168346028363e-01,3.074309795817122271e-01,-1.800858321524294814e+00
2.185999999999999943e+01,1.000000000000000000e+01,4.056235811099142552e+00,1.479075633504417286e+00,2.830179297670874394e+00,4.310254386016929562e-01,-4.176895962791373207e-01,-4.215366716366375499e-02,-4.102937453456640959e-01,1.320680553805845259e-01,1.382161283365624938e-01,2.922153186237739231e-01,-1.725186538012402515e+00
2.187999999999999901e+01,1.000000000000000000e+01,4.048057195417879228e+00,1.481774346710933887e+00,2.815685713541403956e+00,4.302346703246689996e-01,-3.989545652278750354e-01,-3.730318517198938366e-02,-4.075874368521065216e-01,1.377474241853788028e-01,1.323317248043218708e-01,2.754624029516726802e-01,-1.638722846272455902e+00
2.189999999999999858e+01,1.000000000000000000e+01,4.039931495645220139e+00,1.484583192456893741e+00,2.802006872030315066e+00,4.295333111948134164e-01,-3.775281634969708811e-01,-3.323963493327042329e-02,-4.050038326171198633e-01,1.430760671510940552e-01,1.259438817277801492e-01,2.571368351459661916e-01,-1.541494160101696931e+00
2.192000000000000171e+01,1.000000000000000000e+01,4.031856156279784109e+00,1.487494839335259833e+00,2.789229855483009501e+00,4.289050849273380872e-01,-3.533038683955423975e-01,-3.000992755170628357e-02,-4.025531106766913614e-01,1.480221772608637520e-01,1.190416745968367052e-01,2.372032177872122061e-01,-1.433535954634351350e+00
2.194000000000000128e+01,1.000000000000000000e+01,4.023828416074567649e+00,1.490501312719175298e+00,2.777441999455858124e+00,4.283329140927450984e-01,-3.261703547303244077e-01,-2.764638243406203344e-02,-4.002456675570097988e-01,1.525532395494325621e-01,1.116141789013905816e-01,2.156261534559680282e-01,-1.314874637084628928e+00
2.196000000000000085e+01,1.000000000000000000e+01,4.015845303667142652e+00,1.493593980602993421e+00,2.766731003914242315e+00,4.277992296299756303e-01,-2.960123176852116900e-01,-2.616494483401510251e-02,-3.980921182744663334e-01,1.566360311031562702e-01,1.036504701313410853e-01,1.923702447327912679e-01,-1.185509621728958241e+00
2.198000000000000043e+01,1.000000000000000000e+01,4.007903633209850547e+00,1.496763539443310753e+00,2.757185143413492412e+00,4.272863162993845165e-01,-2.627124714331161570e-01,-2.556335833348200026e-02,-3.961032963356541647e-01,1.602366210600017216e-01,9.513962377658750913e-02,1.674000941982397017e-01,-1.045395810632852696e+00
2.200000000000000000e+01,1.100000000000000000e+01,4.000000000000000000e+00,1.500000000000000000e+00,2.748893571891068532e+00,4.267766952966364213e-01,-2.261551892664309393e-01,-2.925189302750652587e-02,-3.942902537373682570e-01,1.633203706095470720e-01,8.607071532702681438e-02,1.406803044328708285e-01,-8.944271909999166326e-01
2.201999999999999957e+01,1.100000000000000000e+01,3.992132219947577720e+00,1.503293722139068533e+00,2.741404341806589429e+00,4.261162405782842888e-01,-2.183147473886903056e-01,-4.010014070381906492e-02,-3.924477931663116204e-01,1.660113855235903491e-01,9.805845413487659923e-02,1.285427211500302092e-01,-8.623928540015318722e-01
2.203999999999999915e+01,1.100000000000000000e+01,3.984303640136551916e+00,1.506638885422263208e+00,2.734183707113917006e+00,4.251726896684836499e-01,-2.114855951829005543e-01,-5.386081430660816238e-02,-3.903725436237430735e-01,1.684668905888083157e-01,1.093519851772366408e-01,1.171268078562061610e-01,-8.345812353144482776e-01
2.205999999999999872e+01,1.100000000000000000e+01,3.976518778453877800e+00,1.510030922981927981e+00,2.727200765309119479e+00,4.239618080060200134e-01,-2.055978788236688115e-01,-6.683342437297490335e-02,-3.880782469030313320e-01,1.707011685033328896e-01,1.199655446482142535e-01,1.064174943865334039e-01,-8.106690787013640653e-01
2.207999999999999829e+01,1.100000000000000000e+01,3.968781880797882522e+00,1.513465550590336051e+00,2.720426727705955727e+00,4.224993526935647004e-01,-2.005909839450400467e-01,-7.901944721668918703e-02,-3.855783600736629180e-01,1.727282005619983074e-01,1.299133687419165573e-01,9.639971057614646344e-02,-7.903804764838975316e-01
2.210000000000000142e+01,1.100000000000000000e+01,3.961096926772745608e+00,1.516938760631623806e+00,2.713834667542959878e+00,4.208010301173522594e-01,-1.964124950846461160e-01,-9.042232889357215697e-02,-3.828860554812424377e-01,1.745616666563415686e-01,1.392096936524507556e-01,8.705838626018011506e-02,-7.734803237707196244e-01
2.212000000000000099e+01,1.100000000000000000e+01,3.953467635382969636e+00,1.520446816073726781e+00,2.707399301001805814e+00,4.188824595378215498e-01,-1.930172422865882309e-01,-1.010472085060278857e-01,-3.800142207474919154e-01,1.762149452746025191e-01,1.478687555739240933e-01,7.837845127376885657e-02,-7.597687249391230635e-01
2.214000000000000057e+01,1.100000000000000000e+01,3.945897470727863787e+00,1.523986244440312054e+00,2.701096797031733665e+00,4.167591417771112083e-01,-1.903664296912351006e-01,-1.109006816947886165e-01,-3.769754587702518478e-01,1.777011135017235732e-01,1.559047907004438016e-01,7.034483545204742172e-02,-7.490761793945295288e-01
2.216000000000000014e+01,1.100000000000000000e+01,3.938389647696018958e+00,1.527553831782712201e+00,2.694904612533468136e+00,4.144464322700300851e-01,-1.884268382007315834e-01,-1.199905979205571072e-01,-3.737820877234799832e-01,1.790329470193499639e-01,1.633320352261170005e-01,6.294246863015036386e-02,-7.412594029822958674e-01
2.217999999999999972e+01,1.100000000000000000e+01,3.930947137659784207e+00,1.531146616651857917e+00,2.688801350013134250e+00,4.119595178602890595e-01,-1.871700929501487476e-01,-1.283258862974161474e-01,-3.704461410572522650e-01,1.802229201058294095e-01,1.701647253450509489e-01,5.615628064321233348e-02,-7.361976653117241476e-01
2.219999999999999929e+01,1.100000000000000000e+01,3.923572674169745866e+00,1.534761884070216187e+00,2.682766635287897383e+00,4.093133968181335569e-01,-1.865719858582207125e-01,-1.359164056849557767e-01,-3.669793674977622211e-01,1.812832056362123911e-01,1.764170972513528501e-01,4.997120132636794637e-02,-7.337895427555976013e-01
2.221999999999999886e+01,1.100000000000000000e+01,3.916268758649207538e+00,1.538397159503722245e+00,2.676781013223506367e+00,4.065228616328909195e-01,-1.866118436617772158e-01,-1.427728155187182324e-01,-3.633932310473215188e-01,1.822256750822522364e-01,1.821033871391298242e-01,4.437216051475187384e-02,-7.339500028990165736e-01
2.223999999999999844e+01,1.100000000000000000e+01,3.909037666088663432e+00,1.542050202833711969e+00,2.670825859820344483e+00,4.036024841973849808e-01,-1.872719323501185473e-01,-1.489064644932831527e-01,-3.596989109843597987e-01,1.830618985124048415e-01,1.872378312024891855e-01,3.934408804349870392e-02,-7.366077494607333742e-01
2.226000000000000156e+01,1.100000000000000000e+01,3.901881450740280588e+00,1.545719002328858505e+00,2.664883309247776388e+00,4.005666030531591648e-01,-1.885368896833320707e-01,-1.543292947354544253e-01,-3.559073018634240082e-01,1.838031445918288931e-01,1.918346656355381930e-01,3.487191374774308017e-02,-7.417027678034876503e-01
2.228000000000000114e+01,1.100000000000000000e+01,3.894801951812369989e+00,1.549401768617104880e+00,2.658936194663561015e+00,3.974293124079664175e-01,-1.903931784287708484e-01,-1.590537595372580881e-01,-3.520290135151795674e-01,1.844603805823855081e-01,1.959081266323838277e-01,3.094056746261966001e-02,-7.491840205902183802e-01
2.230000000000000071e+01,1.100000000000000000e+01,3.887800799163870558e+00,1.553096928657597076e+00,2.652968001851526036e+00,3.942044526716689812e-01,-1.928285540449437563e-01,-1.630927530771320022e-01,-3.480743710464093144e-01,1.850442723426387326e-01,1.994724503871334320e-01,2.753497902326304883e-02,-7.590072513518383301e-01
2.232000000000000028e+01,1.100000000000000000e+01,3.880879418998825159e+00,1.556803119712621752e+00,2.646962834870952186e+00,3.909056022848813039e-01,-1.958315417669819203e-01,-1.664595508544639557e-01,-3.440534148400141712e-01,1.855651843278552926e-01,2.025418730938942646e-01,2.464007826480787283e-02,-7.711328610649377246e-01
2.233999999999999986e+01,1.100000000000000000e+01,3.874039039560856157e+00,1.560519183319535985e+00,2.640905393038548432e+00,3.875460706374905251e-01,-1.993909194007586483e-01,-1.691677598085217227e-01,-3.399759005550127000e-01,1.860331795900045937e-01,2.051306309467735012e-01,2.224079502238877903e-02,-7.855238295954785066e-01
2.235999999999999943e+01,1.100000000000000000e+01,3.867280696827644526e+00,1.564244159262704992e+00,2.634780958661063544e+00,3.841388918925405238e-01,-2.034952036171568945e-01,-1.712312772956252616e-01,-3.358512991265417691e-01,1.864580197777587489e-01,2.072529601398783172e-01,2.032205913114038323e-02,-8.021436603022094047e-01
2.237999999999999901e+01,1.100000000000000000e+01,3.860605240205404964e+00,1.567977279545431868e+00,2.628575395005257498e+00,3.806968195456656989e-01,-2.081321391563071554e-01,-1.726642582631541245e-01,-3.316887967658554981e-01,1.868491651364923012e-01,2.089230968673158884e-01,1.886880042619731856e-02,-8.209543324247907670e-01
2.239999999999999858e+01,1.100000000000000000e+01,3.854013338223370333e+00,1.571717962361897092e+00,2.622275154033460343e+00,3.772323215620145276e-01,-2.132881920994330327e-01,-1.734810900912613363e-01,-3.274972949603262018e-01,1.872157745082829172e-01,2.101552773231935289e-01,1.786594874269423552e-02,-8.419142522807127049e-01
2.242000000000000171e+01,1.100000000000000000e+01,3.847505484228261885e+00,1.575465806069087371e+00,2.615867293448179254e+00,3.737575759420147525e-01,-2.189480502267040496e-01,-1.736963746752877569e-01,-3.232854104734440015e-01,1.875667053319105548e-01,2.109637377016182480e-01,1.729843391576571174e-02,-8.649762008960987236e-01
2.244000000000000128e+01,1.100000000000000000e+01,3.841082002078771929e+00,1.579220583158734037e+00,2.609339502578783776e+00,3.702844665750025244e-01,-2.250941354197535105e-01,-1.733249173963375966e-01,-3.190614753448171026e-01,1.879105136428582401e-01,2.113627141966973877e-01,1.715118578054644627e-02,-8.900852825888658781e-01
2.246000000000000085e+01,1.100000000000000000e+01,3.834743051840036721e+00,1.582982234229243446e+00,2.602680136607873784e+00,3.668245792461614085e-01,-2.317061350331154901e-01,-1.723817226766488631e-01,-3.148335368901710729e-01,1.882554540733114012e-01,2.113664430025381513e-01,1.740913417217104450e-02,-9.171768862505162989e-01
2.248000000000000043e+01,1.100000000000000000e+01,3.828488635478120461e+00,1.586750861957633596e+00,2.595878258575079478e+00,3.633891976679367031e-01,-2.387605610721697802e-01,-1.708819958401655015e-01,-3.106093577013497864e-01,1.886094798521582572e-01,2.109891603132477422e-01,1.805720892577409795e-02,-9.461746786213087734e-01
2.250000000000000000e+01,1.100000000000000000e+01,3.822318602554485967e+00,1.590526725071468084e+00,2.588923688512746679e+00,3.599892994125549195e-01,-2.462303477747855851e-01,-1.688411509983485104e-01,-3.063964156463146460e-01,1.889802428049897620e-01,2.102451023229333082e-01,1.908033987649028485e-02,-9.769886566459771160e-01
2.251999999999999957e+01,1.100000000000000000e+01,3.816232655920476446e+00,1.594310232320787168e+00,2.581807058962551693e+00,3.566355516280029225e-01,-2.540844996764592412e-01,-1.662748246582950173e-01,-3.022019038691451942e-01,1.893750933540994663e-01,2.091485052257020805e-01,2.046345685945422793e-02,-1.009513293885474727e+00
2.253999999999999915e+01,1.100000000000000000e+01,3.810230357411793722e+00,1.598101936450045724e+00,2.574519875996539309e+00,3.533383064262232698e-01,-2.622878033051773139e-01,-1.631988947042746219e-01,-2.980327307900386691e-01,1.898010805184838223e-01,2.077136052156613455e-01,2.219148970980053606e-02,-1.043625823719197099e+00
2.255999999999999872e+01,1.100000000000000000e+01,3.804311133542973788e+00,1.601902528170045192e+00,2.567054584723173161e+00,3.501075958398320864e-01,-2.708006161569525005e-01,-1.596295043366087185e-01,-2.938955201053101152e-01,1.902649519138416567e-01,2.059546384869181956e-01,2.424936826266383544e-02,-1.079184709394497288e+00
2.257999999999999829e+01,1.100000000000000000e+01,3.798474281201863700e+00,1.605712830129866653e+00,2.559404638102444896e+00,3.469531262527590365e-01,-2.795787464079079743e-01,-1.555830904655959301e-01,-2.897966107873924946e-01,1.907731537525746424e-01,2.038858412335798898e-01,2.662202235317876961e-02,-1.116028357477666821e+00
2.260000000000000142e+01,1.100000000000000000e+01,3.792718973344102462e+00,1.609533790888809213e+00,2.551564567728726196e+00,3.438842722212078207e-01,-2.885734358102622354e-01,-1.510764159547779428e-01,-2.857420570848367425e-01,1.913318308437873538e-01,2.015214496497535757e-01,2.929438181648000294e-02,-1.153974136469191558e+00
2.262000000000000099e+01,1.100000000000000000e+01,3.787044264687597472e+00,1.613366478888318634e+00,2.543530055071927531e+00,3.409100696145674902e-01,-2.977314563271653558e-01,-1.461266049906555509e-01,-2.817376285223115451e-01,1.919468265932866569e-01,1.988756999295465677e-01,3.225137648770211307e-02,-1.192817765741091662e+00
2.264000000000000057e+01,1.100000000000000000e+01,3.781449097406999638e+00,1.617212076423924394e+00,2.535298001503770937e+00,3.380392080215817163e-01,-3.069953282761598845e-01,-1.407511807306853768e-01,-2.777888099006033951e-01,1.926236830035824577e-01,1.959628282670659860e-01,3.547793620197977477e-02,-1.232333140973105756e+00
2.266000000000000014e+01,1.100000000000000000e+01,3.775932306828183371e+00,1.621071873617173864e+00,2.526866595285116368e+00,3.352800223853401596e-01,-3.163036641402646176e-01,-1.349681042519748075e-01,-2.739008012966166472e-01,1.933676406738871201e-01,1.927970708564190616e-01,3.895899079444755525e-02,-1.272272660341021044e+00
2.267999999999999972e+01,1.100000000000000000e+01,3.770492627122724816e+00,1.624947262387564484e+00,2.518235373561517054e+00,3.326404838515028550e-01,-3.255916379202742905e-01,-1.287958136973266221e-01,-2.700785180633736848e-01,1.941836388001158542e-01,1.893926638917130256e-01,4.267947010024016746e-02,-1.312368110319089842e+00
2.269999999999999929e+01,1.100000000000000000e+01,3.765128697002377400e+00,1.628839730424480603e+00,2.509405277317756866e+00,3.301281898374472390e-01,-3.347915751744213742e-01,-1.222532624012941938e-01,-2.663265908300145313e-01,1.950763151748864943e-01,1.857638435670550536e-01,4.662430395449214393e-02,-1.352332160668482608e+00
2.271999999999999886e+01,1.100000000000000000e+01,3.759839065413552284e+00,1.632750855159124770e+00,2.500378697188369692e+00,3.277503533554511628e-01,-3.438336540223008719e-01,-1.153599546840506918e-01,-2.626493655017971829e-01,1.960500061875195266e-01,1.819248460765523767e-01,5.077842219233817678e-02,-1.391860504719756308e+00
2.273999999999999844e+01,1.100000000000000000e+01,3.754622197231790803e+00,1.636682297736452796e+00,2.491159508020244218e+00,3.255137916500853157e-01,-3.526467027214184036e-01,-1.081359779352428774e-01,-2.590509032600974426e-01,1.971087468240382001e-01,1.778899076143120594e-01,5.512675464891292343e-02,-1.430634663362990500e+00
2.276000000000000156e+01,1.100000000000000000e+01,3.749476478956249803e+00,1.640635796987109041e+00,2.481753090144780405e+00,3.234249142380411501e-01,-3.611590753064364279e-01,-1.006020295820437838e-01,-2.555349805624089199e-01,1.982562706671684993e-01,1.736732643744415272e-01,5.965423115935097886e-02,-1.468325449455670340e+00
2.278000000000000114e+01,1.100000000000000000e+01,3.744400224404171418e+00,1.644613163399358147e+00,2.472166335448275465e+00,3.214897104668032468e-01,-3.692995835298465424e-01,-9.277943755328177389e-02,-2.521050891423431972e-01,1.994960098963389217e-01,1.692891525510478168e-01,6.434578155878697969e-02,-1.504597064192452871e+00
2.280000000000000071e+01,1.100000000000000000e+01,3.739391680405367957e+00,1.648616273091022100e+00,2.462407636535723032e+00,3.197137367359099147e-01,-3.769984612028174920e-01,-8.469017292241076689e-02,-2.487644360096297469e-01,2.008310952876808664e-01,1.647518083382382426e-01,6.918633568235552089e-02,-1.539111769251594541e+00
2.282000000000000028e+01,1.100000000000000000e+01,3.734449032496693022e+00,1.652647061781410853e+00,2.452486857567111489e+00,3.181021035499069227e-01,-3.841883361468256819e-01,-7.635685354003474146e-02,-2.455159434501157090e-01,2.022643562140282181e-01,1.600754679301198691e-01,7.416082336519130846e-02,-1.571535049490201397e+00
2.283999999999999986e+01,1.100000000000000000e+01,3.729570410616524168e+00,1.656707518763258946e+00,2.442415285705019645e+00,3.166594625943086050e-01,-3.908051853480663529e-01,-6.780273765405819830e-02,-2.423622490257663631e-01,2.037983206449178741e-01,1.552743675208001772e-01,7.925417444242882636e-02,-1.601541152168225679e+00
2.285999999999999943e+01,1.100000000000000000e+01,3.724753894799236242e+00,1.660799680874658124e+00,2.432205562541806643e+00,3.153899940437446259e-01,-3.967892504504615392e-01,-5.905170676089266379e-02,-2.393057055746644068e-01,2.054352151465890230e-01,1.503627433043860373e-01,8.445131874920289161e-02,-1.628818861939578255e+00
2.287999999999999901e+01,1.100000000000000000e+01,3.719997520869683161e+00,1.664925626470992626e+00,2.421871595363520591e+00,3.142973943238729362e-01,-4.020858932128735796e-01,-5.012823722891113221e-02,-2.363483812110108717e-01,2.071769648819838106e-01,1.453548314749847914e-01,8.973718612064805755e-02,-1.653077348078857423e+00
2.289999999999999858e+01,1.100000000000000000e+01,3.715299286137672574e+00,1.669087469396871803e+00,2.411428448640692501e+00,3.133848645545882494e-01,-4.066463736966023923e-01,-4.105736057630249292e-02,-2.334920593251242626e-01,2.090251936107470343e-01,1.402648682267037539e-01,9.509670639189891916e-02,-1.674051903506249772e+00
2.292000000000000171e+01,1.100000000000000000e+01,3.710657155092445425e+00,1.673287352958065854e+00,2.400892216694381354e+00,3.126550999008207432e-01,-4.104285374068790682e-01,-3.186461265667972498e-02,-2.307382385834411131e-01,2.109812236892260051e-01,1.351070897536499060e-01,1.005148093980901269e-01,-1.691509385823476652e+00
2.294000000000000128e+01,1.100000000000000000e+01,3.706069065097151505e+00,1.677527443893438219e+00,2.390279879046765643e+00,3.121102800483209760e-01,-4.133974010595475312e-01,-2.257597239098974029e-02,-2.280881329285159853e-01,2.130460760704710743e-01,1.298957322499306732e-01,1.059764249743563591e-01,-1.705253170097356552e+00
2.296000000000000085e+01,1.100000000000000000e+01,3.701532932083328564e+00,1.681809926346879758e+00,2.379609140504843623e+00,3.117520610051811580e-01,-4.155256298013448868e-01,-1.321779106466092202e-02,-2.255426715790209424e-01,2.152204703042349676e-01,1.246450319096531340e-01,1.114664829558321274e-01,-1.715127432305510569e+00
2.298000000000000043e+01,1.100000000000000000e+01,3.697046656245382312e+00,1.686136995839245145e+00,2.368898258518212341e+00,3.115815684057345325e-01,-4.167939013787663183e-01,-3.816713565107043848e-03,-2.231024990297461597e-01,2.175048245369732847e-01,1.193692249269245331e-01,1.169699131776521794e-01,-1.721020601313135945e+00
2.300000000000000000e+01,1.100000000000000000e+01,3.692608127735059309e+00,1.690510853240284384e+00,2.358165860773441924e+00,3.115993924625768963e-01,-4.171911548252024149e-01,5.600406753202058496e-03,-2.207679750515995631e-01,2.198992555118442493e-01,1.140825474958520602e-01,1.224716454749510963e-01,-1.722867845376423901e+00
2.301999999999999957e+01,1.100000000000000000e+01,3.688215232355925632e+00,1.694933698740577421e+00,2.347430756316737366e+00,3.118055846758626126e-01,-4.167147227217925520e-01,1.500659763836065252e-02,-2.185391746916069688e-01,2.224035785687087929e-01,1.087992358105429325e-01,1.279566096828635147e-01,-1.720652495139007199e+00
2.303999999999999915e+01,1.100000000000000000e+01,3.683865857257847320e+00,1.699407725823468329e+00,2.336711743716256340e+00,3.121996563681113113e-01,-4.153703470824203214e-01,2.437485983338572026e-02,-2.164158882729120270e-01,2.250173076441304432e-01,1.035335260651043532e-01,1.334097356365241127e-01,-1.714406346929145730e+00
2.305999999999999872e+01,1.100000000000000000e+01,3.679557896631466818e+00,1.703935115236999920e+00,2.326027419873952340e+00,3.127805790691980392e-01,-4.131720795896504650e-01,3.367825909164956499e-02,-2.143976213947762777e-01,2.277396552713756017e-01,9.829965445364355348e-02,1.388159531710674022e-01,-1.704208835405643052e+00
2.307999999999999829e+01,1.100000000000000000e+01,3.675289257402678089e+00,1.708518028965847257e+00,2.315395993068960934e+00,3.135467867317772717e-01,-4.101420674828016866e-01,4.289001611963971783e-02,-2.124835949325790674e-01,2.305695325804132667e-01,9.311185717026763953e-02,1.441601921216281446e-01,-1.690185110475956876e+00
2.310000000000000142e+01,1.100000000000000000e+01,3.671057864927108838e+00,1.713158604203251612e+00,2.304835103661944551e+00,3.144961797139838033e-01,-4.063102270981064357e-01,5.198359234629368331e-02,-2.106727450378176325e-01,2.335055492979151159e-01,8.798437040908395346e-02,1.494273823233409071e-01,-1.672503097102538971e+00
2.312000000000000099e+01,1.100000000000000000e+01,3.666861668684593401e+00,1.717858947322954410e+00,2.294361655620827722e+00,3.156261304256291478e-01,-4.017138080850916615e-01,6.093276959769511336e-02,-2.089637231381070714e-01,2.365460137472554791e-01,8.293143036419964309e-02,1.546024536113402570e-01,-1.651369655496424560e+00
2.314000000000000057e+01,1.100000000000000000e+01,3.662698647973654076e+00,1.722621127851132972e+00,2.283991661657400307e+00,3.169334904978915457e-01,-3.963968528168122507e-01,6.971172200959685483e-02,-2.073548959371802614e-01,2.396889328485115045e-01,7.796727322972182850e-02,1.596703358207609835e-01,-1.627025991057228671e+00
2.316000000000000014e+01,1.100000000000000000e+01,3.658566817605976684e+00,1.727447172438331346e+00,2.273740104310629118e+00,3.184145993060129576e-01,-3.904095575366565152e-01,7.829507882189723489e-02,-2.058443454148881080e-01,2.429320121184629089e-01,7.310613519975786567e-02,1.646159587867375707e-01,-1.599742486631684280e+00
2.317999999999999972e+01,1.100000000000000000e+01,3.654464233600889678e+00,1.732339058831397605e+00,2.263620814799117476e+00,3.200652936507673574e-01,-3.838075443076328086e-01,8.665797705150790620e-02,-2.044298688271991571e-01,2.462726556705922554e-01,6.836225246841487468e-02,1.694242523444046411e-01,-1.569813143302767999e+00
2.319999999999999929e+01,1.100000000000000000e+01,3.650388998879838809e+00,1.737298709845416234e+00,2.253646370916641661e+00,3.218809183880732006e-01,-3.766510557205667298e-01,9.477610341345155121e-02,-2.031089787062000107e-01,2.497079662150846202e-01,6.374986122980001724e-02,1.740801463288970674e-01,-1.537549819795602790e+00
2.321999999999999886e+01,1.100000000000000000e+01,3.646339268960869795e+00,1.742327987335641426e+00,2.243828014685956607e+00,3.238563377873053262e-01,-3.690040873594737647e-01,1.026257252350628590e-01,-2.018789028600949387e-01,2.532347450588278703e-01,5.928319767802058687e-02,1.785685705753491115e-01,-1.503276455197302797e+00
2.323999999999999844e+01,1.100000000000000000e+01,3.642313257653101211e+00,1.747428686169433254e+00,2.234175589940705642e+00,3.259859473974756061e-01,-3.609334759388668767e-01,1.101837104673286660e-01,-2.007365843732062116e-01,2.568494921054125801e-01,5.497649800718370366e-02,1.828744549188957291e-01,-1.467323446132299480e+00
2.326000000000000156e+01,1.100000000000000000e+01,3.638309242751205375e+00,1.752602528198190734e+00,2.224697499494000308e+00,3.282636862059987726e-01,-3.525079635160557334e-01,1.174275372251383232e-01,-1.996786816059739067e-01,2.605484058551318927e-01,5.084399841139668197e-02,1.869827291946713210e-01,-1.430022329356453792e+00
2.328000000000000114e+01,1.100000000000000000e+01,3.634325571729882576e+00,1.757851156229284673e+00,2.215400681092333457e+00,3.306830488864813677e-01,-3.437972599523612671e-01,1.243352935724253427e-01,-1.987015681949559631e-01,2.643273834049818527e-01,4.689993508476663492e-02,1.908783232378107042e-01,-1.391700895752404854e+00
2.330000000000000071e+01,1.100000000000000000e+01,3.630360667438342404e+00,1.763176127997994058e+00,2.206290600957697468e+00,3.332370979488956664e-01,-3.348711266141360388e-01,1.308856685012962373e-01,-1.978013330528281544e-01,2.681820204486610182e-01,4.315854422140079361e-02,1.945461668834483349e-01,-1.352678833845646356e+00
2.332000000000000028e+01,1.100000000000000000e+01,3.626413033794779750e+00,1.768578910139437799e+00,2.197371263397417174e+00,3.359184756265330973e-01,-3.257985040168447921e-01,1.370579352306471321e-01,-1.969737803683841160e-01,2.721076112765706823e-01,3.963406201540636831e-02,1.979711899667189745e-01,-1.313263972077096664e+00
2.333999999999999986e+01,1.100000000000000000e+01,3.622481261480851256e+00,1.774060872160510893e+00,2.188645234714093668e+00,3.387194153581214451e-01,-3.166467046793299822e-01,1.428319280695511395e-01,-1.962144296065354010e-01,2.760991487758148732e-01,3.634072466089055542e-02,2.011383223227571904e-01,-1.273749160834017458e+00
2.335999999999999943e+01,1.100000000000000000e+01,3.618564033636155308e+00,1.779623280411816388e+00,2.180113679476920030e+00,3.416317527493150097e-01,-3.074806899401187343e-01,1.481880141561937592e-01,-1.955185155083112580e-01,2.801513244302002992e-01,3.329276835196057910e-02,2.040324937866976052e-01,-1.234409809043198081e+00
2.337999999999999901e+01,1.100000000000000000e+01,3.614660131552708489e+00,1.785267292059601996e+00,2.171776407116731811e+00,3.446469359243690689e-01,-2.983624460665672551e-01,1.531070613985203721e-01,-1.948809880908590197e-01,2.842585283202363478e-01,3.050442928272364268e-02,2.066386341936748416e-01,-1.195502067016301684e+00
2.339999999999999858e+01,1.100000000000000000e+01,3.610768440369421572e+00,1.790993949057690049e+00,2.163631926773965652e+00,3.477560352052556647e-01,-2.893504709153222332e-01,1.575704039155745306e-01,-1.942965126474436310e-01,2.884148491231350864e-01,2.798994364728690787e-02,2.089416733788235780e-01,-1.157261627900829204e+00
2.342000000000000171e+01,1.100000000000000000e+01,3.606887954766582638e+00,1.796804172119417453e+00,2.155677508352753957e+00,3.509497520809924942e-01,-2.804993779825661893e-01,1.615598062165179982e-01,-1.937594697474481487e-01,2.926140741128113176e-01,2.576354763975765433e-02,2.109265411772784649e-01,-1.119903104886495138e+00
2.344000000000000128e+01,1.100000000000000000e+01,3.603017784660325962e+00,1.802698754689563865e+00,2.147909247805909860e+00,3.542184274539168509e-01,-2.718596202314057519e-01,1.650574272654168340e-01,-1.932639552363732416e-01,2.968496891598825238e-01,2.383947745424302295e-02,2.125781674241740415e-01,-1.083619930302753387e+00
2.346000000000000085e+01,1.100000000000000000e+01,3.599157160897118679e+00,1.808678356916289420e+00,2.140322134784322206e+00,3.575520491716090432e-01,-2.634773318969074185e-01,1.680457854739660917e-01,-1.928037802358375796e-01,3.011148787316687558e-01,2.223196928485024482e-02,2.138814819546449864e-01,-1.048584715732151285e+00
2.348000000000000043e+01,1.100000000000000000e+01,3.595305440948231901e+00,1.814743499623067358e+00,2.132910120920033403e+00,3.609402588728753414e-01,-2.553942827930087422e-01,1.705077255476386000e-01,-1.923724711435776946e-01,3.054025258921930219e-01,2.095525932568650940e-02,2.148214146038259775e-01,-1.014950008888275690e+00
2.350000000000000000e+01,1.100000000000000000e+01,3.591462114604222489e+00,1.820894558280618636e+00,2.125666187165369259e+00,3.643723581935143785e-01,-2.476479366588840991e-01,1.724263879915461928e-01,-1.919632696334478972e-01,3.097052123021808434e-01,2.002358377085903390e-02,2.153828952068515545e-01,-9.828493827798123750e-01
2.351999999999999957e+01,1.100000000000000000e+01,3.587626809669408168e+00,1.827131756978845889e+00,2.118582408772028636e+00,3.678373143925370292e-01,-2.402716028892194766e-01,1.737851819672240339e-01,-1.915691326554203600e-01,3.140152182190603103e-01,1.945117881447503902e-02,2.155508535988563956e-01,-9.523987950550051318e-01
2.353999999999999915e+01,1.100000000000000000e+01,3.583799297656345750e+00,1.833455162398766269e+00,2.111650016656302586e+00,3.713237654722031933e-01,-2.332946696242077511e-01,1.745677620842762678e-01,-1.911827324355852287e-01,3.183245224969624698e-01,1.925228065064167604e-02,2.153102196149751790e-01,-9.236981598321513109e-01
2.355999999999999872e+01,1.100000000000000000e+01,3.579979499480310245e+00,1.839864677784448510e+00,2.104859454052945722e+00,3.748200248759079312e-01,-2.267429055985466235e-01,1.747580096171592601e-01,-1.907964564761503445e-01,3.226248025867209934e-01,1.944112547346619688e-02,2.146459230903424442e-01,-8.968330802350807929e-01
2.357999999999999829e+01,1.100000000000000000e+01,3.576167491153769529e+00,1.846360036914942881e+00,2.098200427505278132e+00,3.783140858568894704e-01,-2.206388182833960709e-01,1.743400185593468876e-01,-1.904024075554414663e-01,3.269074345358721212e-01,2.003194947705581180e-02,2.135428938600928417e-01,-8.718766967840584359e-01
2.360000000000000142e+01,1.100000000000000000e+01,3.572363509480866117e+00,1.852940798076219364e+00,2.091661951368525063e+00,3.817936256182822286e-01,-2.150020565884509516e-01,1.732980868675753072e-01,-1.899924037279022981e-01,3.311634929886548284e-01,2.103898885551769987e-02,2.119860617593611052e-01,-8.488916143291469485e-01
2.362000000000000099e+01,1.100000000000000000e+01,3.568567957751889619e+00,1.859606338033098272e+00,2.085232385113930942e+00,3.852460093315929757e-01,-2.098498475949344411e-01,1.716167132092838443e-01,-1.895579783240942118e-01,3.353837511860108256e-01,2.247647980295907483e-02,2.099603566232816632e-01,-8.279318780215694229e-01
2.364000000000000057e+01,1.100000000000000000e+01,3.564781411437760728e+00,1.866355846001186425e+00,2.078899462810364085e+00,3.886582941466534269e-01,-2.051974583351643122e-01,1.692805995084043502e-01,-1.890903799506966632e-01,3.395586809655847249e-01,2.435865851348714001e-02,2.074507082869893326e-01,-8.090449766484969496e-01
2.366000000000000014e+01,1.100000000000000000e+01,3.561004623884501896e+00,1.873188317618810661e+00,2.072650314226133883e+00,3.920172333119289476e-01,-2.010586754009594246e-01,1.662746595888098256e-01,-1.885805724905067760e-01,3.436784527617232632e-01,2.669976118120912650e-02,2.044420465856186531e-01,-7.922738593379656802e-01
2.367999999999999972e+01,1.100000000000000000e+01,3.557238532007720888e+00,1.880102548918951344e+00,2.066471477035329407e+00,3.953092805302056978e-01,-1.974462970493459923e-01,1.625840342417728124e-01,-1.880192351024396191e-01,3.477329356054764120e-01,2.951402400023216480e-02,2.009193013543043027e-01,-7.776589590784892536e-01
2.369999999999999929e+01,1.100000000000000000e+01,3.553484261987084558e+00,1.887097130301177206e+00,2.060348899629085295e+00,3.985205946815997269e-01,-1.943726343988652627e-01,1.581941130960213826e-01,-1.873967622215280959e-01,3.517116971245966006e-01,3.281568316466353108e-02,1.968674024281808488e-01,-7.652402236660116319e-01
2.371999999999999886e+01,1.100000000000000000e+01,3.549743134960799296e+00,1.894170440503579300e+00,2.054267934021917430e+00,4.016370450540464043e-01,-1.918500202147910005e-01,1.530905637463906288e-01,-1.867032635589229994e-01,3.556040035435391600e-01,3.661897486861041134e-02,1.922712796423829973e-01,-7.550591616242082749e-01
2.373999999999999844e+01,1.100000000000000000e+01,3.546016672720085694e+00,1.901320640574704068e+00,2.048213318305636133e+00,4.046442172314552721e-01,-1.898913256296539120e-01,1.472593687027128340e-01,-1.859285641018928736e-01,3.593988196834617677e-01,4.093813530617999852e-02,1.871158628320453432e-01,-7.471609174331981240e-01
2.376000000000000156e+01,1.100000000000000000e+01,3.542306603403658549e+00,1.908545667845488403e+00,2.042169148037080717e+00,4.075274198021552885e-01,-1.885104869183019949e-01,1.406868708570705451e-01,-1.850622041138242357e-01,3.630848089622249475e-01,4.578740067147953063e-02,1.813860818323024815e-01,-7.415963971875891847e-01
2.378000000000000114e+01,1.100000000000000000e+01,3.538614867192204194e+00,1.915843229901194267e+00,2.036118835849356934e+00,4.102716920657384914e-01,-1.877230461411622808e-01,1.333598283386852046e-01,-1.840934391342214371e-01,3.666503333943920695e-01,5.118100715861619715e-02,1.750668664782890904e-01,-7.384244727774393890e-01
2.380000000000000071e+01,1.100000000000000000e+01,3.534943622002856944e+00,1.923210798553340428e+00,2.030045058447030204e+00,4.128618129357026212e-01,-1.875467110930849335e-01,1.252654798377630385e-01,-1.830112399787066357e-01,3.700834535912289613e-01,5.713319096169718059e-02,1.681431466051397650e-01,-7.377143000845139964e-01
2.382000000000000028e+01,1.100000000000000000e+01,3.531295249183678653e+00,1.930645603811639521e+00,2.023929689980726643e+00,4.152823112592489152e-01,-1.880019415619029743e-01,1.163916217385132512e-01,-1.818042927390198793e-01,3.733719287607042969e-01,6.365818827482969122e-02,1.605998520479891556e-01,-7.395477948044921757e-01
2.383999999999999986e+01,1.100000000000000000e+01,3.527672359208132935e+00,1.938144627855929336e+00,2.017753720591612954e+00,4.175174778052430091e-01,-1.891125704249651540e-01,1.067266987174377846e-01,-1.804609987830190776e-01,3.765032167074894298e-01,7.077023529212093933e-02,1.524219126419719128e-01,-7.440223186990174709e-01
2.385999999999999943e+01,1.100000000000000000e+01,3.524077797369568277e+00,1.945704599008108993e+00,2.011497158665747964e+00,4.195513792079463289e-01,-1.909064696017585550e-01,9.625990984867272005e-02,-1.789694747546799469e-01,3.794644738329583378e-01,7.848356820767814213e-02,1.435942582222226316e-01,-7.512536397805352761e-01
2.387999999999999901e+01,1.100000000000000000e+01,3.520514649475688707e+00,1.953321985704071118e+00,2.005138915035332925e+00,4.213678741991898624e-01,-1.934162723304103104e-01,8.498133272802199656e-02,-1.773175525740960934e-01,3.822425551351876782e-01,8.681242321560850295e-02,1.341018186238759347e-01,-7.613792426629464316e-01
2.389999999999999858e+01,1.100000000000000000e+01,3.516986247543039124e+00,1.960992990465638464e+00,1.998656666999310438e+00,4.229506325170671599e-01,-1.966801646136738246e-01,7.288206870290814265e-02,-1.754927794374790406e-01,3.848240142089569549e-01,9.577103651001922513e-02,1.239295236820665003e-01,-7.745620807176591960e-01
2.392000000000000171e+01,1.100000000000000000e+01,3.513496175491475970e+00,1.968713543872494753e+00,1.992026699598326900e+00,4.242831569473063391e-01,-2.007427599122859341e-01,5.995441300265902385e-02,-1.734824178171581188e-01,3.871951032457481290e-01,1.053736442850173871e-01,1.130623032319290344e-01,-7.909948805579271047e-01
2.394000000000000128e+01,1.100000000000000000e+01,3.510048274838649007e+00,1.976479298534121520e+00,1.985223721054413026e+00,4.253488090371737029e-01,-2.056560721107673073e-01,4.619205443546015033e-02,-1.712734454615804092e-01,3.893417730337461191e-01,1.156344827347104143e-01,1.014850871085979656e-01,-8.109051327349767746e-01
2.396000000000000085e+01,1.100000000000000000e+01,3.506646650394478648e+00,1.984285623061730286e+00,1.978220648656126457e+00,4.261308391247247140e-01,-2.114806022021918919e-01,3.159031039911575078e-02,-1.688525553953110214e-01,3.912496729578383015e-01,1.265677880532054267e-01,8.918280514720801355e-02,-8.345609316274871237e-01
2.398000000000000043e+01,1.100000000000000000e+01,3.503295675955631072e+00,1.992127596040198068e+00,1.970988360613203039e+00,4.266124214531382686e-01,-2.182865536403273132e-01,1.614640429778724240e-02,-1.662061559190327886e-01,3.929041509996149539e-01,1.381877964346095999e-01,7.614038718289381502e-02,-8.622778639373996912e-01
2.400000000000000000e+01,1.200000000000000000e+01,3.500000000000000000e+00,2.000000000000000000e+00,1.963495408493620031e+00,4.267766952966361993e-01,-2.261551892664322994e-01,9.881598316461293052e-03,-1.633203706095465169e-01,3.942902537373682570e-01,1.505087440730301651e-01,6.234276305079111680e-02,-8.944271909999221837e-01
2.401999999999999957e+01,1.200000000000000000e+01,3.496763750860744313e+00,2.007899877063333616e+00,1.955632334295170693e+00,4.270076853857966981e-01,-2.388263119664211787e-01,2.270705114188054097e-02,-1.603017355113668663e-01,3.957763471590733384e-01,1.513510882938425839e-01,8.601164835695471189e-02,-9.464454169537425132e-01
2.403999999999999915e+01,1.200000000000000000e+01,3.493588041424139146e+00,2.015834108316246098e+00,1.947347733124551006e+00,4.276849773423113676e-01,-2.496392961983796288e-01,4.443868473061307611e-02,-1.572664736112157069e-01,3.977206257188407035e-01,1.521714525012133890e-01,1.081664407422809060e-01,-9.910893491974293035e-01
2.405999999999999872e+01,1.200000000000000000e+01,3.490473199841513274e+00,2.023811556708468462e+00,1.938695127425989595e+00,4.287852327750212300e-01,-2.586216809976605857e-01,6.500819494789489283e-02,-1.542150228155000080e-01,4.000931173913692129e-01,1.529700060813374562e-01,1.288381235183069795e-01,-1.028362381333966402e+00
2.407999999999999829e+01,1.200000000000000000e+01,3.487419545539944821e+00,2.031840491945888783e+00,1.929727245738551700e+00,4.302853051402271145e-01,-2.658293842571916588e-01,8.442402000906845672e-02,-1.511478176429025821e-01,4.028644698175879446e-01,1.537469184204095507e-01,1.480576799965701851e-01,-1.058399309081668127e+00
2.410000000000000142e+01,1.200000000000000000e+01,3.484427389290016386e+00,2.039928602883873676e+00,1.920495380159604304e+00,4.321621935753842680e-01,-2.713414979554102935e-01,1.026926524731113233e-01,-1.480652892243826124e-01,4.060059503046572482e-01,1.545023589046245482e-01,1.658560934886077476e-01,-1.081449652976258280e+00
2.412000000000000099e+01,1.200000000000000000e+01,3.481497033273567521e+00,2.048083009920599107e+00,1.911048832737040071e+00,4.343930112391517495e-01,-2.752553117354062939e-01,1.198193412147769976e-01,-1.449678653031753472e-01,4.094894458259678016e-01,1.552364969201771860e-01,1.822643473059569752e-01,-1.097859171368747333e+00
2.414000000000000057e+01,1.200000000000000000e+01,3.478628771151450749e+00,2.056310277390368313e+00,1.901434455319005901e+00,4.369549672239751992e-01,-2.776817077676762002e-01,1.358087381739583321e-01,-1.418559702347919893e-01,4.132874630211411104e-01,1.559495018532623400e-01,1.973134247601550373e-01,-1.108050563196741445e+00
2.416000000000000014e+01,1.200000000000000000e+01,3.475822888131287147e+00,2.064616425956940393e+00,1.891696283749784158e+00,4.398253607661100073e-01,-2.787410056136068182e-01,1.506654754967087229e-01,-1.387300249870200286e-01,4.173731281960298967e-01,1.566415430900748307e-01,2.110343091627393530e-01,-1.112504259873507984e+00
2.417999999999999972e+01,1.200000000000000000e+01,3.473079661035214372e+00,2.073006945006851787e+00,1.881875264090246969e+00,4.429815862438434282e-01,-2.785592899966970459e-01,1.643946638997615395e-01,-1.355904471399229094e-01,4.217201873227169329e-01,1.573127900168094229e-01,2.234579838252469530e-01,-1.111740065741855910e+00
2.419999999999999929e+01,1.200000000000000000e+01,3.470399358367650677e+00,2.081486805042745747e+00,1.872009065866295341e+00,4.464011473221002890e-01,-2.772652243793308768e-01,1.770023078972258190e-01,-1.324376508858401968e-01,4.263030060395162080e-01,1.579634120196609093e-01,2.346154320592152009e-01,-1.106300243485230927e+00
2.421999999999999886e+01,1.200000000000000000e+01,3.467782240383043391e+00,2.090060470076693377e+00,1.862131975266005046e+00,4.500616785597322811e-01,-2.749873352544409122e-01,1.884956377040758468e-01,-1.292720470293877155e-01,4.310965696509722056e-01,1.585935784848241381e-01,2.445376371761813217e-01,-1.096734470399339800e+00
2.423999999999999844e+01,1.200000000000000000e+01,3.465228559153624932e+00,2.098731910023517777e+00,1.852274859727671252e+00,4.539409728302631897e-01,-2.718517422765380775e-01,1.988833610442277688e-01,-1.260940429874571889e-01,4.360764831278602927e-01,1.592034587984939575e-01,2.532555824876826511e-01,-1.083586926940516948e+00
2.426000000000000156e+01,1.200000000000000000e+01,3.462738558637167507e+00,2.107504613094120405e+00,1.842465194459807831e+00,4.580170130015019381e-01,-2.679803045618568413e-01,2.081758406893481350e-01,-1.229040427892166137e-01,4.412189711071866638e-01,1.597932223468652158e-01,2.608002513052564142e-01,-1.067385630766074067e+00
2.428000000000000114e+01,1.200000000000000000e+01,3.460312474744735578e+00,2.116381598188805668e+00,1.832727141053692277e+00,4.622680064578376657e-01,-2.634891513273327490e-01,2.163852053548307453e-01,-1.197024470761099135e-01,4.465008778921880084e-01,1.603630385161325944e-01,2.672026269404397247e-01,-1.048634004371056250e+00
2.430000000000000071e+01,1.200000000000000000e+01,3.457950535408444104e+00,2.125365427290604625e+00,1.823081668412516176e+00,4.666724212156950213e-01,-2.584875640144435049e-01,2.235254026497273117e-01,-1.164896531018573406e-01,4.518996674523317325e-01,1.609130766924909972e-01,2.724936927047699187e-01,-1.027804565862229458e+00
2.432000000000000028e+01,1.200000000000000000e+01,3.455652960649208794e+00,2.134458217858600015e+00,1.813546706641159245e+00,4.712090225638265739e-01,-2.530771763719730783e-01,2.296122032179699346e-01,-1.132660547324550460e-01,4.573934234233165697e-01,1.614435062621352168e-01,2.767044319097842764e-01,-1.005334560969009638e+00
2.433999999999999986e+01,1.200000000000000000e+01,3.453419962644505237e+00,2.143661655221252182e+00,1.804137325227293642e+00,4.758569093444136033e-01,-2.473514583797787048e-01,2.346631651385617801e-01,-1.100320424461753849e-01,4.629608491070713594e-01,1.619544966112601292e-01,2.798658278670201893e-01,-9.816233084215179039e-01
2.435999999999999943e+01,1.200000000000000000e+01,3.451251745796120041e+00,2.152977004969720110e+00,1.794865927712403275e+00,4.805955491693688075e-01,-2.413954494230855508e-01,2.386975671959330469e-01,-1.067880033335668333e-01,4.685812674717559356e-01,1.624462171260604715e-01,2.820088638880147713e-01,-9.570310071663945539e-01
2.437999999999999901e+01,1.200000000000000000e+01,3.449148506797901526e+00,2.162405125351188229e+00,1.785742456023856839e+00,4.854048120322507209e-01,-2.352857059545514495e-01,2.417363189037029514e-01,-1.035343210974538908e-01,4.742346211517606824e-01,1.629188371927310364e-01,2.831645232843050808e-01,-9.318787485436602624e-01
2.439999999999999858e+01,1.200000000000000000e+01,3.447110434703525073e+00,2.171946479662193674e+00,1.776774598651605030e+00,4.902650019255166969e-01,-2.290904292082601990e-01,2.438018542704725178e-01,-1.002713760529371639e-01,4.799014724477070892e-01,1.633725261974667275e-01,2.833637893674286756e-01,-9.064494852459832330e-01
2.442000000000000171e+01,1.200000000000000000e+01,3.445137710994237601e+00,2.181601148641945098e+00,1.767967997853657325e+00,4.951568862030703566e-01,-2.228697394980981017e-01,2.449180153214793876e-01,-9.699954512739347723e-02,4.855630033264469181e-01,1.638074535264622544e-01,2.826376454489227252e-01,-8.809897275183888876e-01
2.444000000000000128e+01,1.200000000000000000e+01,3.443230509646618476e+00,2.191368842865653477e+00,1.759326452024430720e+00,5.000617225383765518e-01,-2.166760652949921429e-01,2.451099304020605274e-01,-9.371920186047563717e-02,4.912010154210633139e-01,1.642237885659125207e-01,2.810170748403243435e-01,-8.557117619707820255e-01
2.446000000000000085e+01,1.200000000000000000e+01,3.441388997200327982e+00,2.201248915137851814e+00,1.750852110232514525e+00,5.049612834191525845e-01,-2.105546175940611053e-01,2.444038913410331304e-01,-9.043071640411264045e-02,4.967979300308695279e-01,1.646217007020123191e-01,2.785330608531708663e-01,-8.307962165105140517e-01
2.448000000000000043e+01,1.200000000000000000e+01,3.439613332825869119e+00,2.211240372885722838e+00,1.742545656712940039e+00,5.098378781920176461e-01,-2.045439229409232451e-01,2.428272326759248756e-01,-8.713445552250950743e-02,5.023367881214100272e-01,1.650013593209564700e-01,2.752165867989996850e-01,-8.063948238588470874e-01
2.450000000000000000e+01,1.200000000000000000e+01,3.437903668392332968e+00,2.221341890552420928e+00,1.734406483775838170e+00,5.146743727261893220e-01,-1.986763917266028412e-01,2.404082153601869720e-01,-8.383078259214742090e-02,5.078012503244596632e-01,1.653629338089397383e-01,2.710986359893479136e-01,-7.826332641334564633e-01
2.451999999999999957e+01,1.200000000000000000e+01,3.436260148535163150e+00,2.231551821990400253e+00,1.726432852167257614e+00,5.194542068064249563e-01,-1.929789018043029381e-01,2.371759166954046094e-01,-8.052005760178367055e-02,5.131755969380242810e-01,1.657065935521569444e-01,2.662101917357527769e-01,-7.596139928693887988e-01
2.453999999999999915e+01,1.200000000000000000e+01,3.434682910723901639e+00,2.241868212854736253e+00,1.718622038392674689e+00,5.241614093940053509e-01,-1.874733809556841102e-01,2.331601276591648286e-01,-7.720263715245162528e-02,5.184447279263403319e-01,1.660325079368029921e-01,2.605822373497515554e-01,-7.374189839017241122e-01
2.455999999999999872e+01,1.200000000000000000e+01,3.433172085329950551e+00,2.252288812996452005e+00,1.710970468896502839e+00,5.287806119127913540e-01,-1.821773750884556897e-01,2.283912583294132048e-01,-7.387887445746073312e-02,5.235941629198751501e-01,1.663408463490726186e-01,2.542457561428816404e-01,-7.161123364098407329e-01
2.457999999999999829e+01,1.200000000000000000e+01,3.431727795694317518e+00,2.262811088855840147e+00,1.703473841290873647e+00,5.332970597271816660e-01,-1.771045921627864006e-01,2.229002517295377572e-01,-7.054911934239659066e-02,5.286100412153267314e-01,1.666317781751606719e-01,2.472317314266800625e-01,-6.957427120717301072e-01
2.460000000000000142e+01,1.200000000000000000e+01,3.430350158195381916e+00,2.273432235855792793e+00,1.696127233054356420e+00,5.376966219819734327e-01,-1.722654146389182850e-01,2.167185061256589051e-01,-6.721371824512088755e-02,5.334791217756237325e-01,1.669054728012618616e-01,2.395711465126841577e-01,-6.763455818376569173e-01
2.462000000000000099e+01,1.200000000000000000e+01,3.429039282316640236e+00,2.284149190795121687e+00,1.688925198286510776e+00,5.419657999722086172e-01,-1.676673756648282276e-01,2.098778055866024062e-01,-6.387301421577140648e-02,5.381887832299256935e-01,1.671620996135712023e-01,2.312949847124312619e-01,-6.579452725698361482e-01
2.464000000000000057e+01,1.200000000000000000e+01,3.427795270714462106e+00,2.294958644241882340e+00,1.681861853217384128e+00,5.460917342054373291e-01,-1.633155962633379699e-01,2.024102584582454512e-01,-6.052734691676202317e-02,5.427270238736228158e-01,1.674018279982833479e-01,2.224342293374584889e-01,-6.405568120400579879e-01
2.466000000000000014e+01,1.200000000000000000e+01,3.426618219285849865e+00,2.305857052926703510e+00,1.674930951241647259e+00,5.500622103105382577e-01,-1.592131824393891171e-01,1.943482432944847460e-01,-5.717705262278272721e-02,5.470824616683360730e-01,1.676248273415931467e-01,2.130198636993033412e-01,-6.241875768878116792e-01
2.467999999999999972e+01,1.200000000000000000e+01,3.425508217236185704e+00,2.316840652136104683e+00,1.668125948283529780e+00,5.538656639372165902e-01,-1.553615824343570484e-01,1.857243617183019779e-01,-5.382246422079967063e-02,5.512443342419172110e-01,1.678312670296954190e-01,2.030828711095026828e-01,-6.088387524712416399e-01
2.469999999999999929e+01,1.200000000000000000e+01,3.424465347146989913e+00,2.327905468105828657e+00,1.661440059308537442e+00,5.574911847792701769e-01,-1.517609053407513175e-01,1.765713976504947880e-01,-5.046391121005500136e-02,5.552024988884488588e-01,1.680213164487850686e-01,1.926542348795942383e-01,-5.945066164237279294e-01
2.471999999999999886e+01,1.200000000000000000e+01,3.423489685043679565e+00,2.339047330414161241e+00,1.654866306787514452e+00,5.609285198432362174e-01,-1.484102029989297911e-01,1.669222823312619397e-01,-4.710171970206707137e-02,5.589474325682440847e-01,1.681951449850567770e-01,1.817649383211149272e-01,-5.811836594578553283e-01
2.473999999999999844e+01,1.200000000000000000e+01,3.422581300463311660e+00,2.350261884375254517e+00,1.648397561893406138e+00,5.641680760725205079e-01,-1.453077175709798774e-01,1.568100645659509240e-01,-4.373621242063024939e-02,5.624702319078466184e-01,1.683529220247053926e-01,1.704459647456020299e-01,-5.688595577952481053e-01
2.476000000000000156e+01,1.200000000000000000e+01,3.421740256522350254e+00,2.361544603432455869e+00,1.642026579175540402e+00,5.672009224258746096e-01,-1.424510974679439879e-01,1.462678856455070786e-01,-4.036770870181504572e-02,5.657626132000315167e-01,1.684948169539257634e-01,1.587282974645928546e-01,-5.575220117644565931e-01
2.478000000000000114e+01,1.200000000000000000e+01,3.420966609984413154e+00,2.372890801551629014e+00,1.635746025414044125e+00,5.700187914983412263e-01,-1.398375844341956664e-01,1.353289584199561801e-01,-3.699652449396809845e-02,5.688169124038038316e-01,1.686209991589126544e-01,1.466429197896245429e-01,-5.471574647809558378e-01
2.480000000000000071e+01,1.200000000000000000e+01,3.420260411328027939e+00,2.384295645614483039e+00,1.629548503311062824e+00,5.726140807626727280e-01,-1.374641746017173372e-01,1.240265500367030427e-01,-3.362297235771211784e-02,5.716260851444003865e-01,1.687316380258609971e-01,1.342208150322346250e-01,-5.377517162494712677e-01
2.482000000000000028e+01,1.200000000000000000e+01,3.419621704814388874e+00,2.395754167811890767e+00,1.623426570628050403e+00,5.749798534998092903e-01,-1.353277562470900919e-01,1.123939678917267315e-01,-3.024736146594594888e-02,5.741837067132874450e-01,1.688269029409654176e-01,1.214929665039599649e-01,-5.292904410245932167e-01
2.483999999999999986e+01,1.200000000000000000e+01,3.419050528555106716e+00,2.407261278037218233e+00,1.617372755331295764e+00,5.771098394783417129e-01,-1.334252268399819252e-01,1.004645483783459525e-01,-2.686999760384452610e-02,5.764839720681631530e-01,1.689069632904208751e-01,1.084903575163383704e-01,-5.217596270197022434e-01
2.485999999999999943e+01,1.200000000000000000e+01,3.418546914579968732e+00,2.418811776279647052e+00,1.611379567262422041e+00,5.789984354349430040e-01,-1.317535917838676407e-01,8.827164805510356871e-02,-2.349118316885882851e-02,5.785216958329557624e-01,1.689719884604221622e-01,9.524397138090652526e-02,-5.151459414331216458e-01
2.487999999999999901e+01,1.200000000000000000e+01,3.418110888904688061e+00,2.430400365017499897e+00,1.605439506807770700e+00,5.806407054005457979e-01,-1.303100470333628524e-01,7.584863688884624366e-02,-2.011121717071603227e-02,5.802923122978242976e-01,1.690221478371640718e-01,8.178479140920187629e-02,-5.094370349123027442e-01
2.489999999999999858e+01,1.200000000000000000e+01,3.417742471598661513e+00,2.442021661611565531e+00,1.599545071001116536e+00,5.820323809104968049e-01,-1.290920475398480427e-01,6.322889326115443964e-02,-1.673039523141935797e-02,5.817918754191588881e-01,1.690576108068414241e-01,6.814380091276182883e-02,-5.046217918350829335e-01
2.492000000000000171e+01,1.200000000000000000e+01,3.417441676852724708e+00,2.453670210698422949e+00,1.593688757458521454e+00,5.831698611309921176e-01,-1.280973632367245485e-01,5.044580045572466531e-02,-1.334900958524816612e-02,5.830170588195799919e-01,1.690785467556489841e-01,5.435198320312340653e-02,-5.006905337733041916e-01
2.494000000000000128e+01,1.200000000000000000e+01,3.417208513046901430e+00,2.465340496583765528e+00,1.587863066512645416e+00,5.840502129287259425e-01,-1.273241240336945856e-01,3.753274436989073592e-02,-9.967349078757892916e-03,5.839651557879393939e-01,1.690851250697816555e-01,4.044032159182404940e-02,-4.976351821306622680e-01
2.496000000000000085e+01,1.200000000000000000e+01,3.417042982818163654e+00,2.477026955635723393e+00,1.582060501886725534e+00,5.846711709057876849e-01,-1.267708550497595454e-01,2.452311221610692371e-02,-6.585699170780101412e-03,5.846340792793187635e-01,1.690775151354341754e-01,2.643979939040096844e-02,-4.954493849189573473e-01
2.498000000000000043e+01,1.200000000000000000e+01,3.416945083128185345e+00,2.488723988678195997e+00,1.576273570225799059e+00,5.850311374173702283e-01,-1.264365030792680422e-01,1.145029199766689487e-02,-3.204341932422428638e-03,5.850223619150314303e-01,1.690558863388014199e-01,1.238139991039131915e-02,-4.941286116548008200e-01
2.500000000000000000e+01,1.200000000000000000e+01,3.416914805331093596e+00,2.500425973384166944e+00,1.570494779784669559e+00,5.851291825856943518e-01,-1.263204550550951766e-01,-1.652327442204892805e-03,1.764439529313571731e-04,5.851291559826208299e-01,1.690204080660781538e-01,-1.703893536667555608e-03,-4.936702194182883141e-01
2.501999999999999957e+01,1.200000000000000000e+01,3.416952135241225097e+00,2.512127276669034792e+00,1.564716638558621087e+00,5.849650443196819927e-01,-1.264225490476090508e-01,-1.475135598719035102e-02,3.556383189621399078e-03,5.849542334358612816e-01,1.689712497034592531e-01,-1.578509763923842055e-02,-4.940734922091396530e-01
2.503999999999999915e+01,1.200000000000000000e+01,3.417057053200881711e+00,2.523822267083935422e+00,1.558931652133970669e+00,5.845391283462068044e-01,-1.267430781164865516e-01,-2.781340161291545598e-02,6.935203869711729745e-03,5.844979858947580986e-01,1.689085806371394549e-01,-2.983122908578404731e-02,-4.953396548553616330e-01
2.505999999999999872e+01,1.200000000000000000e+01,3.417229534148082504e+00,2.535505327209067072e+00,1.553132321531234705e+00,5.838525082551654366e-01,-1.272827871131649302e-01,-4.080506972843878088e-02,1.031263747299027145e-02,5.837614246455470335e-01,1.688325702533136075e-01,-4.381130456476717977e-02,-4.974718618642254842e-01
2.507999999999999829e+01,1.200000000000000000e+01,3.417469547684319764e+00,2.547170866047015814e+00,1.547311141313960414e+00,5.829069255570692443e-01,-1.280428623129581389e-01,-5.369296267240741827e-02,1.368841886696886209e-02,5.827461806406946110e-01,1.687433879381765311e-01,-5.769434076465056876e-02,-5.004751607441324524e-01
2.510000000000000142e+01,1.200000000000000000e+01,3.417777058142314139e+00,2.558813331416078807e+00,1.541460598241146229e+00,5.817047897482688912e-01,-1.290249135357500465e-01,-6.644367954614693872e-02,1.706228630688323353e-02,5.814545044988985723e-01,1.686412030779230742e-01,-7.144935437389686450e-02,-5.043564284574277856e-01
2.512000000000000099e+01,1.200000000000000000e+01,3.418152024653767995e+00,2.570427222343588447e+00,1.535573170750665684e+00,5.802491783752232735e-01,-1.302309481909049438e-01,-7.902381657299351048e-02,2.043398143569298553e-02,5.798892665050866535e-01,1.685261850587479737e-01,-8.504536208096892536e-02,-5.091242787772722878e-01
2.514000000000000057e+01,1.200000000000000000e+01,3.418594401217119660e+00,2.582007101459239173e+00,1.529641329575208930e+00,5.785438370853491774e-01,-1.316633364541096307e-01,-9.139996818484164010e-02,2.380324928408164564e-02,5.780539566104179183e-01,1.683985032668461057e-01,-9.845138057432951950e-02,-5.147889374058971512e-01
2.516000000000000014e+01,1.200000000000000000e+01,3.419104136765298119e+00,2.593547607388411613e+00,1.523657539810990835e+00,5.765931796478297455e-01,-1.333247665503115575e-01,-1.035387290517029157e-01,2.716983827045658245e-02,5.759526844322818695e-01,1.682583270884122628e-01,-1.116364265424412555e-01,-5.213620807579983918e-01
2.517999999999999972e+01,1.200000000000000000e+01,3.419681175233479475e+00,2.605043467145494951e+00,1.517614264782803923e+00,5.744022879232811851e-01,-1.352181888775096374e-01,-1.154066972889218334e-01,3.053350020094918946e-02,5.735901792542987820e-01,1.681058259096412655e-01,-1.245695166737668946e-01,-5.288566333146834664e-01
2.519999999999999929e+01,1.200000000000000000e+01,3.420325455626837208e+00,2.616489508527213736e+00,1.511503972076886138e+00,5.719769117562729654e-01,-1.373467474617279527e-01,-1.269704790994108379e-01,3.389399026941462834e-02,5.709717900263200363e-01,1.679411691167279064e-01,-1.372196676567694895e-01,-5.372865174063456983e-01
2.521999999999999886e+01,1.200000000000000000e+01,3.421036912088299964e+00,2.627880672505951143e+00,1.505319142145383537e+00,5.693234687593048404e-01,-1.397136969862868838e-01,-1.381966951343596151e-01,3.725106705743199548e-02,5.681034853644271188e-01,1.677645260958670059e-01,-1.495558961799113573e-01,-5.466663481872814367e-01
2.523999999999999844e+01,1.200000000000000000e+01,3.421815473966307142e+00,2.639212025623076219e+00,1.499052279922751474e+00,5.664490439508986785e-01,-1.423223033925085090e-01,-1.490519888856791653e-01,4.060449253430429423e-02,5.649918535509328432e-01,1.675760662332534401e-01,-1.615472189316556617e-01,-5.570110654264731620e-01
2.526000000000000156e+01,1.200000000000000000e+01,3.422661065882558695e+00,2.650478772382264037e+00,1.492695929934888976e+00,5.633613892038772386e-01,-1.451757258105628723e-01,-1.595030374563304321e-01,4.395403205705841754e-02,5.616441025343803517e-01,1.673759589150819183e-01,-1.731626526004647060e-01,-5.683354925708526961e-01
2.528000000000000114e+01,1.200000000000000000e+01,3.423573607799774265e+00,2.661676267642826055e+00,1.486242695425673999e+00,5.600689224526450571e-01,-1.482768773573668319e-01,-1.695165650899408405e-01,4.729945437044515144e-02,5.580680599295440025e-01,1.671643735275473164e-01,-1.843712138748016260e-01,-5.806538123621178826e-01
2.530000000000000071e+01,1.200000000000000000e+01,3.424553015089444763e+00,2.672800029013027601e+00,1.479685262072111707e+00,5.565807266002797959e-01,-1.516282621457673285e-01,-1.790593598788223773e-01,5.064053160693919586e-02,5.542721730174283712e-01,1.669414794568444549e-01,-1.951419194431288917e-01,-5.939789471406897725e-01
2.532000000000000028e+01,1.200000000000000000e+01,3.425599198599587947e+00,2.683845749243418677e+00,1.473016426907551191e+00,5.529065480574922864e-01,-1.552317857020788783e-01,-1.880982941075810544e-01,5.397703928673911605e-02,5.502655087452691385e-01,1.667074460891681542e-01,-2.054437859939094446e-01,-6.083218309008878721e-01
2.533999999999999986e+01,1.200000000000000000e+01,3.426712064722503115e+00,2.694809308620157662e+00,1.466229133120955153e+00,5.490567948359766914e-01,-1.590885359083695494e-01,-1.966003487268253025e-01,5.730875631776739809e-02,5.460577537265326464e-01,1.664624428107131515e-01,-2.152458302156059489e-01,-6.236905592392673059e-01
2.535999999999999943e+01,1.200000000000000000e+01,3.427891515462524463e+00,2.705686787358331014e+00,1.459316511447247944e+00,5.450425341084194075e-01,-1.631985315975804096e-01,-2.045326424867255355e-01,6.063546499567042808e-02,5.416592142409157873e-01,1.662066390076743783e-01,-2.245170687966810963e-01,-6.400894026557485406e-01
2.537999999999999901e+01,1.200000000000000000e+01,3.429137448503778440e+00,2.716474477995284520e+00,1.452271928906919696e+00,5.408754891365078477e-01,-1.675604360647948710e-01,-2.118624662895811639e-01,6.395695100381845744e-02,5.370808162343464476e-01,1.659402040662465438e-01,-2.332265184255976898e-01,-6.575176683449343029e-01
2.539999999999999858e+01,1.200000000000000000e+01,3.430449757277933109e+00,2.727168897783942114e+00,1.445089045689337492e+00,5.365680354568364008e-01,-1.721712330530351942e-01,-2.185573233415976091e-01,6.727300341330566535e-02,5.323341053189831751e-01,1.656633073726245242e-01,-2.413431957908185599e-01,-6.759683958051574404e-01
2.542000000000000171e+01,1.200000000000000000e+01,3.431828331031959056e+00,2.737766801086137569e+00,1.437761880999831154e+00,5.321331962028432727e-01,-1.770258632677294830e-01,-2.245849756923004037e-01,7.058341468295008247e-02,5.274312467732152898e-01,1.653761183130031398e-01,-2.488361175808062320e-01,-6.954268724840744209e-01
2.544000000000000128e+01,1.200000000000000000e+01,3.433273054895876530e+00,2.748265191765928872e+00,1.430284888700945833e+00,5.275846364291437718e-01,-1.821168202146649373e-01,-2.299134977393748613e-01,7.388798065929372272e-02,5.223850255416627730e-01,1.650788062735771833e-01,-2.556743004840237310e-01,-7.158689575004822947e-01
2.546000000000000085e+01,1.200000000000000000e+01,3.434783809950517242e+00,2.758661335582933916e+00,1.422653043567681630e+00,5.229366562932684648e-01,-1.874337051871567683e-01,-2.345113372429512566e-01,7.718650057660243757e-02,5.172088462351762672e-01,1.647715406405414196e-01,-2.618267611889335544e-01,-7.372592045022299256e-01
2.548000000000000043e+01,1.200000000000000000e+01,3.436360473295274165e+00,2.768952772585646649e+00,1.414861938938418939e+00,5.182041829394259391e-01,-1.929627425925958539e-01,-2.383473843260066616e-01,8.047877705686595773e-02,5.119167331308376312e-01,1.644544908000907801e-01,-2.672625163839986162e-01,-7.595487792493587076e-01
2.550000000000000000e+01,1.200000000000000000e+01,3.438002918115857121e+00,2.779137329504766996e+00,1.406907896469860475e+00,5.134027609202284070e-01,-1.986862585432335182e-01,-2.413910488293584677e-01,8.376461610979794858e-02,5.065233301719589409e-01,1.641278261384199466e-01,-2.719505827576816914e-01,-7.826731738938256244e-01
2.551999999999999957e+01,1.200000000000000000e+01,3.439711013752047464e+00,2.789213132146521446e+00,1.398788088586881750e+00,5.085485409862517958e-01,-2.045821277657117465e-01,-2.436123462316057697e-01,8.704382713283592699e-02,5.010439009680831557e-01,1.637917160417238227e-01,-2.758599769984453332e-01,-8.065497285285908591e-01
2.553999999999999915e+01,1.200000000000000000e+01,3.441484625765452332e+00,2.799178617785991641e+00,1.390500674046999396e+00,5.036582670709643939e-01,-2.106231964144633095e-01,-2.449819921230567132e-01,9.031622291114135836e-02,4.954943287949841735e-01,1.634463298961972011e-01,-2.789597157947524275e-01,-8.310749817674379925e-01
2.555999999999999872e+01,1.200000000000000000e+01,3.443323616007261556e+00,2.809032547560436299e+00,1.382044946803771879e+00,4.987492613013297382e-01,-2.167766912861003592e-01,-2.454715049283109352e-01,9.358161961759958736e-02,4.898911165946663315e-01,1.630918370880349022e-01,-2.812188158350658052e-01,-8.561218862310790989e-01
2.557999999999999829e+01,1.200000000000000000e+01,3.445227842685995245e+00,2.818774018862614916e+00,1.373421498043139399e+00,4.938394068738321541e-01,-2.230036291735755793e-01,-2.450533161930099624e-01,9.683983681281982392e-02,4.842513869753650724e-01,1.627284070034317187e-01,-2.826062938078479636e-01,-8.815369421194322319e-01
2.560000000000000142e+01,1.200000000000000000e+01,3.447197160435268692e+00,2.828402477734116793e+00,1.364632390870991863e+00,4.889471286536087313e-01,-2.292582435816626907e-01,-2.437008872756329936e-01,1.000906974451352266e-01,4.785928822115462777e-01,1.623562090285824988e-01,-2.830911664015619000e-01,-9.071373226753883801e-01
2.562000000000000099e+01,1.200000000000000000e+01,3.449231420381535518e+00,2.837917731258680742e+00,1.355681346639837415e+00,4.840913713828061682e-01,-2.354874496223538505e-01,-2.413888307066471839e-01,1.033340278506027776e-01,4.729339642439066571e-01,1.619754125496819797e-01,-2.826424503046701675e-01,-9.327080892138046586e-01
2.564000000000000057e+01,1.200000000000000000e+01,3.451330470211852575e+00,2.847319959955523672e+00,1.346573941310147404e+00,4.792915754253430638e-01,-2.416303714589532192e-01,-2.380930337920279527e-01,1.065696577530034495e-01,4.672936146793737477e-01,1.615861869529250650e-01,-2.812291622056355966e-01,-9.579996201233053066e-01
2.566000000000000014e+01,1.200000000000000000e+01,3.453494154241626202e+00,2.856609730172660733e+00,1.337317809544279035e+00,4.745676500311252766e-01,-2.476179599859834324e-01,-2.337907812463715373e-01,1.097974202638420382e-01,4.616914347911057481e-01,1.611887016245065474e-01,-2.788203187929210181e-01,-9.827254070688763443e-01
2.567999999999999972e+01,1.200000000000000000e+01,3.455722313482371355e+00,2.865788006480235239e+00,1.327922853429487793e+00,4.699399441754883999e-01,-2.533727313280062510e-01,-2.284608727536543427e-01,1.130171518823472471e-01,4.561476455184917400e-01,1.607831259506212196e-01,-2.753849367549889848e-01,-1.006560401245516490e+00
2.569999999999999929e+01,1.200000000000000000e+01,3.458014785709464523e+00,2.874856164063838371e+00,1.318401451830231164e+00,4.654292151209792894e-01,-2.588086590431158962e-01,-2.220837303940150775e-01,1.162286924954717138e-01,4.506830874671512444e-01,1.603696293174639020e-01,-2.708920327803024386e-01,-1.029140121071332015e+00
2.571999999999999886e+01,1.200000000000000000e+01,3.460371405529899302e+00,2.883816001117838201e+00,1.308768665396546682e+00,4.610565949597280055e-01,-2.638312545040607526e-01,-2.146414898766533241e-01,1.194318853778919554e-01,4.453192209089348874e-01,1.599483811112294152e-01,-2.653106235573240435e-01,-1.050060757608534345e+00
2.573999999999999844e+01,1.200000000000000000e+01,3.462792004450038874e+00,2.892669751238700293e+00,1.299042431233522255e+00,4.568435555259133252e-01,-2.683378707561140941e-01,-2.061180685355896713e-01,1.226265771920083403e-01,4.400781257819237346e-01,1.595195507181125794e-01,-2.586097257745165745e-01,-1.068880532026987629e+00
2.576000000000000156e+01,1.200000000000000000e+01,3.465276410943372021e+00,2.901420095818314948e+00,1.289243740208039446e+00,4.528118722183038791e-01,-2.722182652644812295e-01,-1.964992021469438299e-01,1.258126179879452133e-01,4.349825016904299568e-01,1.590833075243081596e-01,-2.507583561203426403e-01,-1.085122566726898885e+00
2.578000000000000114e+01,1.200000000000000000e+01,3.467824450518268264e+00,2.910070176437320910e+00,1.279396788887798175e+00,4.489835874400350257e-01,-2.753554565044081248e-01,-1.857724419020936324e-01,1.289898612035507430e-01,4.300556679049961084e-01,1.586398209160111150e-01,-2.417255312832652381e-01,-1.098279524029621035e+00
2.580000000000000071e+01,1.200000000000000000e+01,3.470435945785729892e+00,2.918623607258430397e+00,1.269529097242282578e+00,4.453809745422203092e-01,-2.776269085072316511e-01,-1.739271024282107447e-01,1.321581636643970048e-01,4.253215633623956826e-01,1.581892602794160718e-01,-2.314802679517468931e-01,-1.107820239223562986e+00
2.582000000000000028e+01,1.200000000000000000e+01,3.473110716527148423e+00,2.927084487419752357e+00,1.259671582565942582e+00,4.420265033429067736e-01,-2.789060764219592481e-01,-1.609541517040291581e-01,1.353173855837800366e-01,4.208047466656327784e-01,1.577317950007179059e-01,-2.199915828142504359e-01,-1.113198524159767056e+00
2.583999999999999986e+01,1.200000000000000000e+01,3.475848579762058410e+00,2.935457413428119278e+00,1.249858579699435479e+00,4.389428084740592539e-01,-2.790643448948182392e-01,-1.468460341995125873e-01,1.384673905627196722e-01,4.165303960839423780e-01,1.572675944661114933e-01,-2.072284925592385862e-01,-1.113864240431176711e+00
2.585999999999999943e+01,1.200000000000000000e+01,3.478649349815893022e+00,2.943747491552410445e+00,1.240127797617954108e+00,4.361526619749264144e-01,-2.779733892875916879e-01,-1.315964196940875297e-01,1.416080455899597634e-01,4.125243095527902359e-01,1.567968280617916266e-01,-1.931600138751742024e-01,-1.109276636020234852e+00
2.587999999999999901e+01,1.200000000000000000e+01,3.481512838387735620e+00,2.951960350216875195e+00,1.230520202915745598e+00,4.336789516862958327e-01,-2.755079865941240658e-01,-1.151998720973974599e-01,1.447392210419678749e-01,4.088129046738726569e-01,1.563196651739530707e-01,-1.777551634505198930e-01,-1.098919807165645190e+00
2.589999999999999858e+01,1.200000000000000000e+01,3.484438854618078896e+00,2.960102152394462394e+00,1.221079821719816438e+00,4.315446670910306204e-01,-2.715492967905056010e-01,-9.765143527453190586e-02,1.478607906829356999e-01,4.054232187151169398e-01,1.558362751887907016e-01,-1.609829579737384331e-01,-1.082319992181022927e+00
2.592000000000000171e+01,1.200000000000000000e+01,3.487427205156572896e+00,2.968179608000138359e+00,1.211853453168229899e+00,4.297728942753143433e-01,-2.659886238363994293e-01,-7.894613637367697834e-02,1.509726316647786448e-01,4.023829086106809338e-01,1.553468274924992842e-01,-1.428124141332928476e-01,-1.059064233699940516e+00
2.594000000000000128e+01,1.200000000000000000e+01,3.490477694229786820e+00,2.976199986284217225e+00,1.202890289811452185e+00,4.283868216360832704e-01,-2.587316453917153369e-01,-5.907841140668068647e-02,1.540746245271361059e-01,3.997202509609532606e-01,1.548514914712736668e-01,-1.232125486176454537e-01,-1.028819771588578957e+00
2.596000000000000085e+01,1.200000000000000000e+01,3.493590123708957940e+00,2.984171128225681979e+00,1.194241443119566926e+00,4.274097578190471647e-01,-2.497030677904301110e-01,-3.804146269815156245e-02,1.571666531973713032e-01,3.974641420325533692e-01,1.543504365113086418e-01,-1.021523781152591515e-01,-9.913533650174876088e-01
2.598000000000000043e+01,1.200000000000000000e+01,3.496764293177748506e+00,2.992101458925510382e+00,1.185959375636445046e+00,4.268651631281572545e-01,-2.388516144140444275e-01,-1.582656306026386517e-02,1.602486049905714749e-01,3.956440977583314256e-01,1.538438319987990299e-01,-7.960091931459672976e-02,-9.465496055645901130e-01
2.600000000000000000e+01,1.300000000000000000e+01,3.500000000000000000e+00,3.000000000000000000e+00,1.178097245096170864e+00,4.267766952966365879e-01,-2.261551892664310226e-01,-4.726417853726516682e-03,1.633203706095476271e-01,3.942902537373682570e-01,1.533318473199396514e-01,-5.552718890412089436e-02,-8.944271909999169656e-01
2.601999999999999957e+01,1.300000000000000000e+01,3.503296369341996286e+00,3.007873102268836973e+00,1.170474885058495840e+00,4.266761064140082160e-01,-2.256393859339127228e-01,-1.693179686212253898e-02,1.662818183810583217e-01,3.929412890757432164e-01,1.429080943831668726e-01,-7.913288204701550421e-02,-8.923162226162837385e-01
2.603999999999999915e+01,1.300000000000000000e+01,3.506649920764432604e+00,3.015714598191933771e+00,1.162859818446143612e+00,4.260994234221516797e-01,-2.260742829683654032e-01,-3.998880298262363908e-02,1.690404629221580746e-01,3.911342998712240560e-01,1.330496220389632556e-01,-1.013343628294384319e-01,-8.940960420876468140e-01
2.605999999999999872e+01,1.300000000000000000e+01,3.510056710497922783e+00,3.023515606233050157e+00,1.155228357233202052e+00,4.250765542947032571e-01,-2.273930541810277595e-01,-6.156222951938872257e-02,1.716074957103057574e-01,3.888970871928654205e-01,1.237450168480882240e-01,-1.221599490668883042e-01,-8.994953038464387207e-01
2.607999999999999829e+01,1.300000000000000000e+01,3.513513016319942395e+00,3.031267795213764327e+00,1.147558631916378413e+00,4.236369342413762173e-01,-2.295405146909863248e-01,-8.167606412441585917e-02,1.739938799541754788e-01,3.862568857534116606e-01,1.149828653713010768e-01,-1.416379585748636649e-01,-9.082944168367362847e-01
2.610000000000000142e+01,1.300000000000000000e+01,3.517015332989452236e+00,3.038963372986345668e+00,1.139830356484267115e+00,4.218095117297263608e-01,-2.324707947797427787e-01,-1.003549445329667833e-01,1.762103505936568060e-01,3.832403639092973879e-01,1.067517541693611821e-01,-1.597967091688631269e-01,-9.203153653917334198e-01
2.612000000000000099e+01,1.300000000000000000e+01,3.520560367681525360e+00,3.046595075106628858e+00,1.132024641072957749e+00,4.196227364600573218e-01,-2.361453714966103012e-01,-1.176240727740243130e-01,1.782674142998540157e-01,3.798736236606470307e-01,9.904026980302785277e-02,-1.766645186643852061e-01,-9.354132745175457453e-01
2.614000000000000057e+01,1.300000000000000000e+01,3.524145035421966110e+00,3.054156153506889737e+00,1.124123845145857281e+00,4.171045488187654637e-01,-2.405313738095971876e-01,-1.335091511462760394e-01,1.801753494750869544e-01,3.761822006512750560e-01,9.183699883306049860e-02,-1.922697048769286265e-01,-9.534692781921091376e-01
2.616000000000000014e+01,1.300000000000000000e+01,3.527766454521941597e+00,3.061640365168717182e+00,1.116111465620646115e+00,4.142823704142064023e-01,-2.456000953791797337e-01,-1.480363364969807805e-01,1.819442062528906223e-01,3.721910641686865251e-01,8.513052782021843234e-02,-2.066405856219918624e-01,-9.743843515941216227e-01
2.617999999999999972e+01,1.300000000000000000e+01,3.531421942012592297e+00,3.069041960795882762e+00,1.107972055594028893e+00,4.111830953588864190e-01,-2.513256636765185958e-01,-1.612322101747682979e-01,1.835838064980150064e-01,3.679246171440754276e-01,7.890944332526098060e-02,-2.198054787150734157e-01,-9.980738444423286060e-01
2.619999999999999929e+01,1.300000000000000000e+01,3.535109009079676401e+00,3.076355673487222830e+00,1.099691170265501450e+00,4.078330820072157969e-01,-2.576838260992427299e-01,-1.731237616515137745e-01,1.851037438064253859e-01,3.634066961523268469e-01,7.316233190894746996e-02,-2.317927019716719828e-01,-1.024462510470441234e+00
2.621999999999999886e+01,1.300000000000000000e+01,3.538825356498179087e+00,3.083576707409508622e+00,1.091255337392825320e+00,4.042581448928260213e-01,-2.646508236922552326e-01,-1.837383842694979563e-01,1.865133835053022771e-01,3.586605714120150723e-01,6.787778013203729643e-02,-2.426305732072860932e-01,-1.053479872962445052e+00
2.623999999999999844e+01,1.300000000000000000e+01,3.542568870066940878e+00,3.090700726470318127e+00,1.082652050166369895e+00,4.004835466364360941e-01,-2.722023316252422664e-01,-1.931038819037240728e-01,1.878218626530412383e-01,3.537089467854052094e-01,6.304437455528980050e-02,-2.523474102374143602e-01,-1.085055802227314015e+00
2.626000000000000156e+01,1.300000000000000000e+01,3.546337616043283347e+00,3.097723842990912413e+00,1.073869780797062523e+00,3.965339896166765188e-01,-2.803124531326740554e-01,-2.012484855585636723e-01,1.890380900392532870e-01,3.485739597784517363e-01,5.865070173946430876e-02,-2.609715308775554243e-01,-1.119116210876968998e+00
2.628000000000000114e+01,1.300000000000000000e+01,3.550129836577632148e+00,3.104642606379107939e+00,1.064898013394757870e+00,3.924336072140930942e-01,-2.889527604743337141e-01,-2.082008790585643254e-01,1.901707461847643721e-01,3.432771815407995031e-01,5.468534824532019639e-02,-2.685312529432077322e-01,-1.155578799035626325e+00
2.630000000000000071e+01,1.300000000000000000e+01,3.553943945148141825e+00,3.111453991802152430e+00,1.055727294885238976e+00,3.882059544543341456e-01,-2.980913827922154757e-01,-2.139902330583289825e-01,1.912282833416157068e-01,3.378396168657833432e-01,5.113690063361678306e-02,-2.750548942498698968e-01,-1.194348805871258357e+00
2.632000000000000028e+01,1.300000000000000000e+01,3.557778521995319743e+00,3.118155388859593646e+00,1.046349302784972179e+00,3.838739978917601325e-01,-3.076921465765109498e-01,-2.186462465904135399e-01,1.922189254930636582e-01,3.322817041904280178e-01,4.799394546511343007e-02,-2.805707726130405311e-01,-1.235314747409948177e+00
2.633999999999999986e+01,1.300000000000000000e+01,3.561632309556650888e+00,3.124744590256161914e+00,1.036756928630089059e+00,3.794601045907178283e-01,-3.177137797559280163e-01,-2.221991953005097997e-01,1.931506683535799684e-01,3.266233155954483824e-01,4.524506930056946402e-02,-2.851072058482183591e-01,-1.278344144440059615e+00
2.635999999999999943e+01,1.300000000000000000e+01,3.565504207901223133e+00,3.131219780474635783e+00,1.026944375744889948e+00,3.749860300797399071e-01,-3.281091950449943617e-01,-2.246799853893257648e-01,1.940312793688513393e-01,3.208837568052492761e-01,4.287885870074427397e-02,-2.886925117709016608e-01,-1.323279269090016808e+00
2.637999999999999901e+01,1.300000000000000000e+01,3.569393270164343601e+00,3.137579524448716128e+00,1.016907269839667949e+00,3.704729051751449731e-01,-3.388248718817092886e-01,-2.261202120934857618e-01,1.948682977157796536e-01,3.150817671879256876e-01,4.088390022639716570e-02,-2.913550081965892158e-01,-1.369932964708254319e+00
2.639999999999999858e+01,1.300000000000000000e+01,3.573298697982179029e+00,3.143822756235907345e+00,1.006642780652490465e+00,3.659412215960006765e-01,-3.498003587870386899e-01,-2.265522212994355300e-01,1.956690343024821699e-01,3.092355197552624224e-01,3.924878043828748664e-02,-2.931230129407795815e-01,-1.418084620979910282e+00
2.642000000000000171e+01,1.300000000000000000e+01,3.577219836926363694e+00,3.149948767690383900e+00,9.961497525007833032e-01,3.614108163231669058e-01,-3.609679189714786740e-01,-2.260091726007349422e-01,1.964405717682910502e-01,3.033626211627344915e-01,3.796208589717458420e-02,-2.940248438189712044e-01,-1.467476414390480821e+00
2.644000000000000128e+01,1.300000000000000000e+01,3.581156171938634891e+00,3.155957197135868419e+00,9.854288411948053383e-01,3.569008546919706371e-01,-3.722523412357548467e-01,-2.245251017896219281e-01,1.971897644837541652e-01,2.974801117095068892e-01,3.701240316381784051e-02,-2.940888186466628640e-01,-1.517809952369932880e+00
2.646000000000000085e+01,1.300000000000000000e+01,3.585107322765449300e+00,3.161848018038501795e+00,9.744826542986222417e-01,3.524298122515822085e-01,-3.835709354877525623e-01,-2.221349804326759880e-01,1.979232385506339287e-01,2.916044653384346486e-01,3.638831879897656829e-02,-2.933432552393530068e-01,-1.568743486429831746e+00
2.648000000000000043e+01,1.300000000000000000e+01,3.589073039392614017e+00,3.167621527679720383e+00,9.633158912217579806e-01,3.480154554746637818e-01,-3.948337275034336513e-01,-2.188747698338904257e-01,1.986473918019083240e-01,2.857515896360627861e-01,3.607841936341010802e-02,-2.918164714125403014e-01,-1.619889883561802080e+00
2.650000000000000000e+01,1.300000000000000000e+01,3.593053197479909144e+00,3.173278335829126995e+00,9.519354791084166934e-01,3.436748214582267535e-01,-4.059438610759231736e-01,-2.147814663597298335e-01,1.993683938017705437e-01,2.799368258326263570e-01,3.607129141787783488e-02,-2.895367849817232497e-01,-1.670815563850371888e+00
2.651999999999999957e+01,1.300000000000000000e+01,3.597047793795705051e+00,3.178819353417368099e+00,9.403506999887338846e-01,3.394241968202748039e-01,-4.167982078364599330e-01,-2.098931348177970335e-01,2.000921858456287117e-01,2.741749488020505110e-01,3.635552152313908936e-02,-2.865325137624003538e-01,-1.721040623024993277e+00
2.653999999999999915e+01,1.300000000000000000e+01,3.601056941651597842e+00,3.184245781209002590e+00,9.285733042013704086e-01,3.352790960655150920e-01,-4.272881764345113909e-01,-2.042489263739639682e-01,2.008244809601064385e-01,2.684801670619503255e-01,3.691969623995319805e-02,-2.828319755700704485e-01,-1.770040358642311018e+00
2.655999999999999872e+01,1.300000000000000000e+01,3.605080866337026180e+00,3.189559098475382104e+00,9.166176047272831529e-01,3.312542397653163717e-01,-4.373007042583939574e-01,-1.978890773983152940e-01,2.015707639030422937e-01,2.628661227736310835e-01,3.775240212907950144e-02,-2.784634882202319806e-01,-1.817248404834330033e+00
2.657999999999999829e+01,1.300000000000000000e+01,3.609119900553895199e+00,3.194761051667516671e+00,9.045005468326855480e-01,3.273635329695825935e-01,-4.467194073896080808e-01,-1.908548856835921015e-01,2.023362911634901118e-01,2.573458917420877734e-01,3.884222575127736082e-02,-2.734553695283835073e-01,-1.862061650451706019e+00
2.660000000000000142e+01,1.300000000000000000e+01,3.613174479851209764e+00,3.199853643088958144e+00,8.922417473485134698e-01,3.236200443379722014e-01,-4.554258589253789014e-01,-1.831886607163006886e-01,2.031260909617188803e-01,2.519319834160057558e-01,4.017775366730615833e-02,-2.678359373100235308e-01,-1.903847067016193551e+00
2.662000000000000099e+01,1.300000000000000000e+01,3.617245138059685949e+00,3.204839119568665851e+00,8.798634980559213448e-01,3.200359865409300175e-01,-4.633009629378308514e-01,-1.749336451287488714e-01,2.039449632492129350e-01,2.466363408877603192e-01,4.174757243792519279e-02,-2.616335093806507750e-01,-1.941950505318170928e+00
2.664000000000000057e+01,1.300000000000000000e+01,3.621332502726384295e+00,3.209719961133884247e+00,8.673907280389464569e-01,3.166226985328223775e-01,-4.702263916526802090e-01,-1.661339051416614865e-01,2.047974797086715704e-01,2.414703408934165130e-01,4.354026862389383246e-02,-2.548764035557637420e-01,-1.975707433432126736e+00
2.666000000000000014e+01,1.300000000000000000e+01,3.625437290549330616e+00,3.214498869683017013e+00,8.548509205333468808e-01,3.133906303352637090e-01,-4.760860570402407621e-01,-1.568341887274913304e-01,2.056879837540093459e-01,2.364447938127297866e-01,4.554442878597138311e-02,-2.475929376508611557e-01,-2.004455486950838417e+00
2.667999999999999972e+01,1.300000000000000000e+01,3.629560302812144368e+00,3.219178757658498480e+00,8.422739807576076210e-01,3.103493309837228598e-01,-4.807675946068453166e-01,-1.470797513730603967e-01,2.066205905303561685e-01,2.315699436691455448e-01,4.774863948491726851e-02,-2.398114294814412684e-01,-2.027548589050351957e+00
2.669999999999999929e+01,1.300000000000000000e+01,3.633702420818654133e+00,3.223762736719667732e+00,8.296920524531286034e-01,3.075074402803414375e-01,-4.841638460233355090e-01,-1.369161506666101147e-01,2.075991869140569601e-01,2.268554681297989262e-01,5.014148728149074585e-02,-2.315601968630030538e-01,-2.044372280401629993e+00
2.671999999999999886e+01,1.300000000000000000e+01,3.637864601327533087e+00,3.228254106415648028e+00,8.171392823594472166e-01,3.048726849570585484e-01,-4.861743372288802600e-01,-1.263890124237514456e-01,2.086274315126718237e-01,2.223104785055155519e-01,5.271155873645121115e-02,-2.228675576110449030e-01,-2.054359785578889763e+00
2.673999999999999844e+01,1.300000000000000000e+01,3.642047871986913155e+00,3.232656342858210241e+00,8.046515335582931083e-01,3.024518797833914974e-01,-4.867067584283958359e-01,-1.155437726245889252e-01,2.097087546649759604e-01,2.179435197508107214e-01,5.544744041055803263e-02,-2.137618295410653735e-01,-2.057008243342736797e+00
2.676000000000000156e+01,1.300000000000000000e+01,3.646253326769016478e+00,3.236973087394656279e+00,7.922660504666177994e-01,3.002509340520747028e-01,-4.856784604275795614e-01,-1.044254009677061390e-01,2.108463584409601688e-01,2.137625704638898005e-01,5.833771886457052303e-02,-2.042713304685629949e-01,-2.051894453182916855e+00
2.678000000000000114e+01,1.300000000000000000e+01,3.650482121404776237e+00,3.241208135280686520e+00,7.800210801536978655e-01,2.982748637446829276e-01,-4.830179864564860814e-01,-9.307811324958592536e-02,2.120432166418299014e-01,2.097750428866483330e-01,6.137098065924806445e-02,-1.944243782090363526e-01,-2.038689449172385260e+00
2.680000000000000071e+01,1.300000000000000000e+01,3.654735468818465005e+00,3.245365424353280570e+00,7.679554564976452946e-01,2.965278095220913457e-01,-4.786666585524433359e-01,-8.154508094241919025e-02,2.133020748000062639e-01,2.059877829046718456e-01,6.453581235534991412e-02,-1.842492905779843371e-01,-2.017171211871117809e+00
2.682000000000000028e+01,1.300000000000000000e+01,3.659014634562309798e+00,3.249449023703561590e+00,7.561081553727670990e-01,2.950130605069862244e-01,-4.725802314707916452e-01,-6.986814716584177631e-02,2.146254501791250990e-01,2.024070700472357653e-01,6.782080051363553741e-02,-1.737743853909050340e-01,-1.987234873937187229e+00
2.683999999999999986e+01,1.300000000000000000e+01,3.663320932251128426e+00,3.253463122349677494e+00,7.445178304646903333e-01,2.937330836354577479e-01,-4.647306141227389165e-01,-5.808755864382231238e-02,2.160156317740379861e-01,1.990386174873058633e-01,7.121453169486414991e-02,-1.630279804632975837e-01,-1.948899865469359893e+00
2.685999999999999943e+01,1.300000000000000000e+01,3.667655718996944092e+00,3.257412017909672386e+00,7.332223403511091142e-01,2.926895581612333763e-01,-4.551076384447702017e-01,-4.624172314902175174e-02,2.174746803108110749e-01,1.958875720415374777e-01,7.470559245979523089e-02,-1.520383936106600442e-01,-1.902313576740027212e+00
2.687999999999999901e+01,1.300000000000000000e+01,3.672020390843615534e+00,3.261300105274359762e+00,7.222582780898246790e-01,2.918834147094969134e-01,-4.437208289507146852e-01,-3.436700133913994648e-02,2.190044282467261683e-01,1.929585141702763462e-01,7.828256936918806530e-02,-1.408339426484911672e-01,-1.847751280465199875e+00
2.689999999999999858e+01,1.300000000000000000e+01,3.676416378201457391e+00,3.265131865280197498e+00,7.116605146784416025e-01,2.913148781076678184e-01,-4.306010946666740113e-01,-2.249754079951138408e-02,2.206064797702801394e-01,1.902554579775580512e-01,8.193404898380199364e-02,-1.294429453922896489e-01,-1.785612241189764360e+00
2.692000000000000171e+01,1.300000000000000000e+01,3.680845141281869015e+00,3.268911853382160615e+00,7.014617673805447762e-01,2.909835130775164647e-01,-4.158022316946485275e-01,-1.066515857769534392e-02,2.222822108011848485e-01,1.877818512111083249e-01,8.564861786439635638e-02,-1.178937196575539775e-01,-1.716412131573046507e+00
2.694000000000000128e+01,1.300000000000000000e+01,3.685308165531953506e+00,3.272644688326616702e+00,6.916922030743268834e-01,2.908882717645599469e-01,-3.994020937289095574e-01,1.100723380463186629e-03,2.240327689903675590e-01,1.855405752623427440e-01,8.941486257173053565e-02,-1.062145832597827383e-01,-1.640772059476099720e+00
2.696000000000000085e+01,1.300000000000000000e+01,3.689806957069145188e+00,3.276335040824196021e+00,6.823790855259499466e-01,2.910275420127350077e-01,-3.815032651756564697e-01,1.277308759162121277e-02,2.258590737199706322e-01,1.835339451663672294e-01,9.322136966656380253e-02,-9.443385401447464134e-02,-1.559404671865323166e+00
2.698000000000000043e+01,1.300000000000000000e+01,3.694343038115836197e+00,3.279987622222670929e+00,6.735464739019502156e-01,2.913991952682247755e-01,-3.622330635207836047e-01,2.432727509711973823e-02,2.277618161033517774e-01,1.817637096019773524e-01,9.705672570965559465e-02,-8.257984973712806376e-02,-1.473097930190063964e+00
2.700000000000000000e+01,1.300000000000000000e+01,3.698917942433994632e+00,3.283607173179825978e+00,6.652149780115081956e-01,2.920006330166197706e-01,-3.417427103058885973e-01,3.574088629962535180e-02,2.297414589850836630e-01,1.802310508916590281e-01,1.009095172617652247e-01,-7.068088824324164632e-02,-1.382697239162575364e+00
2.701999999999999957e+01,1.300000000000000000e+01,3.703533210759792915e+00,3.287198452336329346e+00,6.574015738181506752e-01,2.928288307202097651e-01,-3.202055476959589364e-01,4.699363264974287802e-02,2.317982369409542220e-01,1.789365850015879889e-01,1.047683308836520194e-01,-5.876528734831405754e-02,-1.289086653033502561e+00
2.703999999999999915e+01,1.300000000000000000e+01,3.708190386238233049e+00,3.290766224988613597e+00,6.501194807890205984e-01,2.938803783226094368e-01,-2.978142408208110381e-01,5.806714498579435002e-02,2.339321562779666519e-01,1.778803615416300610e-01,1.086217531360753746e-01,-4.686136486784375776e-02,-1.193169880992543730e+00
2.705999999999999872e+01,1.300000000000000000e+01,3.712891009857766988e+00,3.294315251761743113e+00,6.433781007571059973e-01,2.951515165196414991e-01,-2.747769906750721081e-01,6.894474570022079973e-02,2.361429950343392481e-01,1.770618637653411931e-01,1.124583705797945615e-01,-3.499743861732945716e-02,-1.095851770450544160e+00
2.707999999999999829e+01,1.300000000000000000e+01,3.717636615884925000e+00,3.297850277282290410e+00,6.371830162415077492e-01,2.966381681506182200e-01,-2.513128789618697123e-01,7.961119286747564416e-02,2.384303029795054596e-01,1.764800085699671783e-01,1.162667697755689900e-01,-2.320182641226955708e-02,-9.980208707785093170e-01
2.710000000000000142e+01,1.300000000000000000e+01,3.722428727298936924e+00,3.301376018851210681e+00,6.315360446670873484e-01,2.983359642343407780e-01,-2.276465612096433278e-01,9.005240500151945326e-02,2.407934016141141109e-01,1.761331464964440152e-01,1.200355372841579865e-01,-1.150284606816284576e-02,-9.005335795023409196e-01
2.712000000000000099e+01,1.300000000000000000e+01,3.727268851226358315e+00,3.304897155116714558e+00,6.264353436903008499e-01,3.002402643506791868e-01,-2.040026023228250496e-01,1.002551752260671947e-01,2.432313841700289581e-01,1.760190617293976856e-01,1.237532596663208639e-01,7.118459949221651742e-05,-8.042002575829210187e-01
2.714000000000000057e+01,1.300000000000000000e+01,3.732158474375693480e+00,3.308418314747142208e+00,6.218755618940732255e-01,3.023461712433833659e-01,-1.805997956049826547e-01,1.102068833734817233e-01,2.457431156103291603e-01,1.761349720971440436e-01,1.274085234828170321e-01,1.149194777519713627e-02,-7.097735795397331904e-01
2.716000000000000014e+01,1.300000000000000000e+01,3.737099058472022062e+00,3.311944065103836099e+00,6.178480284633703912e-01,3.046485396856183914e-01,-1.576458134179993809e-01,1.198952139325442090e-01,2.483272326293088916e-01,1.764775290716892320e-01,1.309899152944058176e-01,2.273112564345307687e-02,-6.179392659912513741e-01
2.717999999999999972e+01,1.300000000000000000e+01,3.742092035691620744e+00,3.315478900914017313e+00,6.143409750808443981e-01,3.071419798006850277e-01,-1.353325035621686934e-01,1.293078869086397020e-01,2.509821436524777294e-01,1.770428177687291826e-01,1.344860216618464777e-01,3.376040038876157445e-02,-5.293092372587021588e-01
2.719999999999999929e+01,1.300000000000000000e+01,3.747138804096587616e+00,3.319027232943655203e+00,6.113397831627914725e-01,3.098208551619638373e-01,-1.138320764542853775e-01,1.384324076149345828e-01,2.537060288365601823e-01,1.778263569476500883e-01,1.378854291458985193e-01,4.455145419562425713e-02,-4.444171317258028830e-01
2.721999999999999886e+01,1.300000000000000000e+01,3.752240723069467876e+00,3.322593376670345933e+00,6.088272496557829427e-01,3.126792761052822889e-01,-9.329433655540332604e-02,1.472558402521739751e-01,2.564968400694960793e-01,1.788230990115278751e-01,1.411767243073211164e-01,5.507596924854221698e-02,-3.637160545216338026e-01
2.723999999999999844e+01,1.300000000000000000e+01,3.757399108747879968e+00,3.326181540956184346e+00,6.067838648957247782e-01,3.157110887720506742e-01,-7.384501245726676766e-02,1.557646089263204914e-01,2.593523009704405968e-01,1.800274300071287858e-01,1.443484937068738316e-01,6.530562773201720184e-02,-2.875783619757841802e-01
2.726000000000000156e+01,1.300000000000000000e+01,3.762615229459135069e+00,3.329795816720636292e+00,6.051880964545761632e-01,3.189098604623355482e-01,-5.558514812649176240e-02,1.639443285575516995e-01,2.622699068897637042e-01,1.814331696249089632e-01,1.473893239053157833e-01,7.521211183055029337e-02,-2.162972449803335362e-01
2.728000000000000114e+01,1.300000000000000000e+01,3.767890301154864119e+00,3.333440165613413608e+00,6.040166734278570315e-01,3.222688619143531663e-01,-3.859144406970971275e-02,1.717796670002735837e-01,2.652469249090508852e-01,1.830335711990145608e-01,1.502878014634064785e-01,8.476710372864318388e-02,-1.500898486411507693e-01
2.730000000000000071e+01,1.300000000000000000e+01,3.773225482845641743e+00,3.337118408687348214e+00,6.032448662137532835e-01,3.257810471423463472e-01,-2.291738765010993897e-02,1.792542386619349060e-01,2.682803938411026379e-01,1.848213217072817716e-01,1.530325129419051744e-01,9.394228561079714934e-02,-8.910165447884306478e-02
2.732000000000000028e+01,1.300000000000000000e+01,3.778621872035612839e+00,3.340834215071266211e+00,6.028467574716410704e-01,3.294390314608303671e-01,-8.594987434999168743e-03,1.863505290048852459e-01,2.713671242299348640e-01,1.867885417712368268e-01,1.556120449015712670e-01,1.027093396615136878e-01,-3.341185263131916938e-02
2.733999999999999986e+01,1.300000000000000000e+01,3.784080500157112503e+00,3.344591090642860642e+00,6.027955005983842707e-01,3.332350683025416260e-01,4.363075713214575185e-03,1.930498485580258716e-01,2.745036983507783690e-01,1.889267856560960801e-01,1.580149839031640413e-01,1.110399480652941029e-01,1.696055743137049251e-02
2.735999999999999943e+01,1.300000000000000000e+01,3.789602328005293508e+00,3.348392366701565592e+00,6.030635627035932922e-01,3.371610254031512377e-01,1.596105344247350857e-02,1.993323144619250087e-01,2.776864702100793059e-01,1.912270412707657297e-01,1.602299165074428933e-01,1.189057930066399205e-01,6.205018063311492499e-02
2.737999999999999901e+01,1.300000000000000000e+01,3.795188241172749777e+00,3.352241188641431169e+00,6.036229496834236707e-01,3.412083608810184687e-01,2.621763793231941461e-02,2.051768571213017367e-01,2.809115655454990645e-01,1.936797301678421235e-01,1.622454292751671634e-01,1.262785566700525275e-01,1.019383736025405579e-01
2.739999999999999858e+01,1.300000000000000000e+01,3.800839045484138978e+00,3.356140504623994048e+00,6.044454115735545807e-01,3.453680996880031384e-01,3.516349014515006421e-02,2.105612492366351063e-01,2.841748818259140497e-01,1.962747075436116206e-01,1.640501087670962199e-01,1.331299212400333665e-01,1.367463175736305936e-01
2.742000000000000171e+01,1.300000000000000000e+01,3.806555462430813108e+00,3.360093054251156897e+00,6.055026268963616953e-01,3.496308108504844747e-01,4.283887454271326917e-02,2.154621543207841938e-01,2.874720882514159581e-01,1.990012622380505358e-01,1.656325415439893756e-01,1.394315689010837689e-01,1.666281800620119102e-01
2.744000000000000128e+01,1.300000000000000000e+01,3.812338124605431755e+00,3.364101357238055368e+00,6.067663651984873674e-01,3.539865858608350901e-01,4.929145832765805674e-02,2.198551917615105822e-01,2.907986257533117236e-01,2.018481167348254168e-01,1.669813141666059708e-01,1.451551818377052605e-01,1.917644993517386431e-01
2.746000000000000085e+01,1.300000000000000000e+01,3.818187571136597569e+00,3.368167702085937965e+00,6.082086273989387726e-01,3.584250185209446604e-01,5.457430942219110986e-02,2.237150155516651751e-01,2.941497069941234055e-01,2.048034271612925727e-01,1.680850131957053739e-01,1.502724422343992006e-01,2.123558974071488858e-01
2.748000000000000043e+01,1.300000000000000000e+01,3.824104243123473967e+00,3.372294134755035699e+00,6.098017639324507799e-01,3.629351864829015173e-01,5.874410851300733427e-02,2.270154039560114967e-01,2.975203163675882445e-01,2.078547832884985458e-01,1.689322251920469253e-01,1.547550322756670871e-01,2.286171999361525653e-01
2.750000000000000000e+01,1.300000000000000000e+01,3.830088479070411722e+00,3.376482447337437964e+00,6.115185709776044254e-01,3.675056346791849560e-01,6.185957645194559845e-02,2.297293576006396165e-01,3.009052099986586626e-01,2.109892085311797505e-01,1.695115367163899656e-01,1.585746341460102515e-01,2.407720175451378564e-01
2.751999999999999957e+01,1.300000000000000000e+01,3.836140510321571995e+00,3.380734166729966184e+00,6.133323653049016499e-01,3.721243607869269554e-01,6.398010853138152987e-02,2.318292037419649176e-01,3.042989157435022629e-01,2.141931599477628068e-01,1.698115343294938628e-01,1.617029300299301364e-01,2.490478196114467302e-01
2.753999999999999915e+01,1.300000000000000000e+01,3.842260456495552035e+00,3.385050543307045245e+00,6.152170384683853799e-01,3.767788028288633351e-01,6.516460087064003537e-02,2.332867047801858718e-01,3.076957331895018855e-01,2.174525282403641513e-01,1.698208045921179299e-01,1.641116021119282120e-01,2.536715128570712907e-01
2.755999999999999872e+01,1.300000000000000000e+01,3.848448320920010435e+00,3.389432539593583371e+00,6.171470911979763940e-01,3.814558289781341816e-01,6.547045053622828348e-02,2.340731694154758458e-01,3.110897336552554959e-01,2.207526377547904817e-01,1.695279340650215905e-01,1.657723325765058653e-01,2.548655196948889645e-01
2.757999999999999829e+01,1.300000000000000000e+01,3.854703986066286170e+00,3.393880818937835997e+00,6.190976489314544695e-01,3.861417296054821535e-01,6.495270932301801248e-02,2.341595651919252674e-01,3.144747601905762968e-01,2.240782464805382568e-01,1.689215093089640740e-01,1.666568036081644832e-01,2.528443371779705018e-01
2.760000000000000142e+01,1.300000000000000000e+01,3.861027208984030512e+00,3.398395734184291417e+00,6.210444594582784639e-01,3.908222115858118184e-01,6.366337071279128124e-02,2.335166315262835468e-01,3.178444275764927274e-01,2.274135460507942519e-01,1.679901168847047765e-01,1.667366973914055084e-01,2.478115456608476763e-01
2.762000000000000099e+01,1.300000000000000000e+01,3.867417616735824737e+00,3.402977316346534220e+00,6.229638736356017947e-01,3.954823948665341371e-01,6.165076990202671137e-02,2.321149926690626586e-01,3.211921223252481861e-01,2.307421617424350313e-01,1.667223433530030663e-01,1.659836961107303277e-01,2.399572268530457964e-01
2.764000000000000057e+01,1.300000000000000000e+01,3.873874701831808487e+00,3.407625263280125605e+00,6.248328100832812870e-01,4.001068112925741382e-01,5.895907758080901062e-02,2.299252703920195984e-01,3.245110026803016412e-01,2.340471524760273925e-01,1.651067752746182560e-01,1.643694819506404114e-01,2.294557435268362033e-01
2.766000000000000014e+01,1.300000000000000000e+01,3.880397817664302806e+00,3.412338928355473922e+00,6.266287046724429155e-01,4.046794056822147212e-01,5.562786908655903417e-02,2.269181965356761310e-01,3.277939986163268538e-01,2.373110108158279496e-01,1.631319992103097416e-01,1.618657370956372021e-01,2.164638274084896563e-01
2.767999999999999972e+01,1.300000000000000000e+01,3.886986173942434064e+00,3.417117309130710101e+00,6.283294454939306606e-01,4.091835391540009637e-01,5.169175147332155662e-02,2.230647258851945480e-01,3.310338118392128770e-01,2.405156629697834114e-01,1.607866017208368081e-01,1.584441437302220868e-01,2.011189173803548946e-01
2.769999999999999929e+01,1.300000000000000000e+01,3.893638832126757876e+00,3.421959036024560419e+00,6.299132938307416829e-01,4.136019947176222677e-01,4.718003181687831921e-02,2.183361501764551349e-01,3.342229157860642230e-01,2.436424687895306918e-01,1.580591693669588793e-01,1.540763840388964523e-01,1.835376866733677559e-01
2.771999999999999886e+01,1.300000000000000000e+01,3.900354700863884805e+00,3.426862360989222367e+00,6.313587914635883092e-01,4.179169851610590181e-01,4.211641064934657647e-02,2.127042143713211431e-01,3.373535556252003076e-01,2.466722217703965492e-01,1.549382887094352401e-01,1.487341402061617968e-01,1.638146948433132910e-01
2.773999999999999844e+01,1.300000000000000000e+01,3.907132531421104282e+00,3.431825146183234310e+00,6.326446544112951376e-01,4.221101632924749159e-01,3.651868474372453599e-02,2.061412366903354609e-01,3.404177482561557277e-01,2.495851490513977811e-01,1.514125463090252588e-01,1.423890944165194794e-01,1.420210975918097807e-01
2.776000000000000156e+01,1.300000000000000000e+01,3.913970913121007644e+00,3.436844852644354020e+00,6.337496529469593964e-01,4.261626346286729872e-01,3.039844352488974000e-02,1.986202342631919748e-01,3.434072823096804283e-01,2.523609114152413069e-01,1.474705287264882203e-01,1.350129288544708595e-01,1.182033444902267638e-01
2.778000000000000114e+01,1.300000000000000000e+01,3.920868268776114718e+00,3.441918528962429669e+00,6.346524774344229902e-01,4.300549726630031877e-01,2.376074315284781163e-02,1.901150566649825180e-01,3.463137181477394799e-01,2.549786032883239462e-01,1.431008225225836039e-01,1.265773257045174627e-01,9.238179094355504495e-02
2.780000000000000071e+01,1.300000000000000000e+01,3.927822850123495080e+00,3.447042799952273029e+00,6.353315891937941773e-01,4.337672368952720792e-01,1.660374179435458730e-02,1.806005300671582603e-01,3.491283878635130788e-01,2.574167527407326128e-01,1.382920142580706391e-01,1.170539671511606900e-01,6.454914580868113816e-02
2.782000000000000028e+01,1.300000000000000000e+01,3.934832733259395976e+00,3.452213855326536240e+00,6.357650552238138797e-01,4.372789938656893582e-01,8.918278760902932645e-03,1.700526152654688872e-01,3.518423952813967137e-01,2.596533214862443706e-01,1.330326904937086940e-01,1.064145353789019144e-01,3.466866942246188410e-02
2.783999999999999986e+01,1.300000000000000000e+01,3.941895814073862248e+00,3.457427438368583239e+00,6.359303651749043107e-01,4.405693415058907214e-01,6.873790404091061892e-04,1.584485834789166603e-01,3.544466159570008323e-01,2.616657048823260445e-01,1.273114377902571370e-01,9.463071257224259236e-02,2.672027788800861864e-03
2.785999999999999943e+01,1.300000000000000000e+01,3.949009803685366027e+00,3.462678834605364742e+00,6.358042284692777546e-01,4.436169372048459070e-01,-8.114336704897339922e-03,1.457672145761623739e-01,3.569316971771513969e-01,2.634307319301347761e-01,1.211168427084753502e-01,8.167418091568418026e-02,-3.154330339702574731e-02
2.787999999999999901e+01,1.300000000000000000e+01,3.956172223875425331e+00,3.467962860480289677e+00,6.353623488899697858e-01,4.464000300889370831e-01,-1.752135832719299222e-02,1.319890233170113447e-01,3.592880579598893842e-01,2.649246652745174679e-01,1.144374918091226045e-01,6.751662259372803732e-02,-6.811720720974778764e-02
2.789999999999999858e+01,1.300000000000000000e+01,3.963380402523233759e+00,3.473273852026102837e+00,6.345791732918013572e-01,4.488964981375261898e-01,-2.757813213652905368e-02,1.170965203476637129e-01,3.615058890544708969e-01,2.661232012040112282e-01,1.072619716529582684e-01,5.212971979087557134e-02,-1.072308097620726236e-01
2.792000000000000171e+01,1.300000000000000000e+01,3.970631469040279526e+00,3.478605653537755860e+00,6.334276103022994375e-01,4.510838909028438981e-01,-3.834007211079244748e-02,1.010745161222121880e-01,3.635751529413673300e-01,2.670014696508431484e-01,9.957886880074180713e-02,3.548515469162844688e-02,-1.491112509305881073e-01
2.794000000000000128e+01,1.300000000000000000e+01,3.977922349804974722e+00,3.483951606245281774e+00,6.318787139522723528e-01,4.529394787824149726e-01,-4.987476355839340347e-02,8.391047772093784829e-02,3.654855838322652595e-01,2.675340341909304143e-01,9.137676981323239467e-02,1.755460948048768663e-02,-1.940375475468846256e-01
2.796000000000000085e+01,1.300000000000000000e+01,3.985249763597275674e+00,3.489304536986669092e+00,6.299013260701116224e-01,4.544403100116813365e-01,-6.226338730716029363e-02,6.559495080382760079e-02,3.672266876700663873e-01,2.676948920438800283e-01,8.264426125118941313e-02,-1.690233658045112077e-03,-2.423478006053043921e-01
2.798000000000000043e+01,1.300000000000000000e+01,3.992610217033309983e+00,3.494656746880735021e+00,6.274616699489101723e-01,4.555632768145680411e-01,-7.560239172236513094e-02,4.612206181073652544e-02,3.687877421288877078e-01,2.674574740729893096e-01,7.336992967537225852e-02,-2.227769253946851324e-02,-2.944480565469997924e-01
2.800000000000000000e+01,1.400000000000000000e+01,4.000000000000000000e+00,3.500000000000000000e+00,6.245228861991277691e-01,4.562851924841107576e-01,-9.000543600372348796e-02,3.637841315048895297e-02,3.701577966140612297e-01,2.667946447852453939e-01,6.354236164654025742e-02,-4.423608497928110950e-02,-3.508232077228159440e-01
2.801999999999999957e+01,1.400000000000000000e+01,4.007417039001356152e+00,3.505327905375844821e+00,6.213299142871975267e-01,4.570184133405875149e-01,-8.935273075081177907e-02,4.720073673690805549e-02,3.716039616349620101e-01,2.660382037030579738e-01,8.090014462586719857e-02,-3.154254366063559412e-02,-3.482654513527547180e-01
2.803999999999999915e+01,1.400000000000000000e+01,4.014866403610351853e+00,3.510643167100324646e+00,6.181585163025775653e-01,4.581732219535870065e-01,-8.843878067306740198e-02,6.763222448382677499e-02,3.733869123568347992e-01,2.655276162585735178e-01,9.722442126604027846e-02,-1.964801937895230971e-02,-3.446844569338564646e-01
2.805999999999999872e+01,1.400000000000000000e+01,4.022354624235545906e+00,3.515950543523516991e+00,6.150147974596894551e-01,4.597237023199405304e-01,-8.729684117500055573e-02,8.678090134520743959e-02,3.754861880242343353e-01,2.652470642208554219e-01,1.125361287008227185e-01,-8.536301153951970574e-03,-3.402109804014721850e-01
2.807999999999999829e+01,1.400000000000000000e+01,4.029887826257816386e+00,3.521254479873079379e+00,6.119039956932913471e-01,4.616444580073952308e-01,-8.596069980288804924e-02,1.046728181978018313e-01,3.778817466243902246e-01,2.651810535785726897e-01,1.268562040639777677e-01,1.808821994644710515e-03,-3.349778644104842162e-01
2.810000000000000142e+01,1.400000000000000000e+01,4.037471738405217003e+00,3.526559114738635703e+00,6.088304871269634155e-01,4.639106150478529700e-01,-8.446385039685522234e-02,1.213341673258820919e-01,3.805539648872076075e-01,2.653144145400003762e-01,1.402055844892686198e-01,1.140356104711698695e-02,-3.291167513096866504e-01
2.812000000000000099e+01,1.400000000000000000e+01,4.045111701127819259e+00,3.531868286556173242e+00,6.057978063501139321e-01,4.664978247004308298e-01,-8.283879192167922789e-02,1.367912746987993700e-01,3.834836382852669368e-01,2.656323015330184223e-01,1.526052071104585517e-01,2.026412698374415594e-02,-3.227552993390648273e-01
2.814000000000000057e+01,1.400000000000000000e+01,4.052812674972576801e+00,3.537185540092434355e+00,6.028086790096720549e-01,4.693822660358047960e-01,-8.111645959912731907e-02,1.510705901584294963e-01,3.866519810338236995e-01,2.661201932051129315e-01,1.640760090613107847e-01,2.840673078480547564e-02,-3.160149321533710642e-01
2.816000000000000014e+01,1.400000000000000000e+01,4.060579248958177345e+00,3.542514132929305948e+00,5.998650641972523845e-01,4.725406483067678964e-01,-7.932578825788683119e-02,1.641986761684304241e-01,3.900406260908089728e-01,2.667638924233755038e-01,1.746389274755885956e-01,3.584758343058024738e-02,-3.090091199435773262e-01
2.817999999999999972e+01,1.400000000000000000e+01,4.068415648949885721e+00,3.547857041948208501e+00,5.969682041956608787e-01,4.759502130825418731e-01,-7.749340162834074397e-02,1.762021957220305524e-01,3.936316251568287017e-01,2.675495262745029024e-01,1.843148994870551505e-01,4.260289590134773430e-02,-3.018421651437989683e-01
2.819999999999999929e+01,1.400000000000000000e+01,4.076325746034410891e+00,3.553216969814498416e+00,5.941186793150171619e-01,4.795887361356489520e-01,-7.564341672895645574e-02,1.871078999312043578e-01,3.974074486751641988e-01,2.684635460647978311e-01,1.931248622294737260e-01,4.868887917738721344e-02,-2.946084472904890172e-01
2.821999999999999886e+01,1.400000000000000000e+01,4.084313064894758760e+00,3.558596351461851715e+00,5.913164657737585150e-01,4.834345290797899541e-01,-7.379734946482476021e-02,1.969426157354732254e-01,4.013509858317723111e-01,2.694927273201687123e-01,2.010897528366075160e-01,5.412174423897796877e-02,-2.873920697243187439e-01
2.823999999999999844e+01,1.400000000000000000e+01,4.092380792185074334e+00,3.563997360576659279e+00,5.885609948405967629e-01,4.874664407650677322e-01,-7.197410592843213328e-02,2.057332340810908988e-01,4.054455445552850312e-01,2.706241697861292428e-01,2.082305084422198249e-01,5.891770206639929119e-02,-2.802668447361720272e-01
2.826000000000000156e+01,1.400000000000000000e+01,4.100531784905504296e+00,3.569421916082419433e+00,5.858512117304220945e-01,4.916638584430342296e-01,-7.019004343504829657e-02,2.135066988364169305e-01,4.096748515170093308e-01,2.718452974277987266e-01,2.145680661800739020e-01,6.309296363993044388e-02,-2.732965524485431730e-01
2.828000000000000114e+01,1.400000000000000000e+01,4.108768578777048042e+00,3.574871688624125188e+00,5.831856330241446118e-01,4.960067087185249246e-01,-6.845908578800638522e-02,2.202899966300133627e-01,4.140230521309279377e-01,2.731438584299023531e-01,2.201233631839328853e-01,6.666373993985069690e-02,-2.665354110904314955e-01
2.830000000000000071e+01,1.400000000000000000e+01,4.117093396616411383e+00,3.580348107052664819e+00,5.805624016472700211e-01,5.004754583082345887e-01,-6.679287839985845188e-02,2.261101477293880890e-01,4.184747105536984479e-01,2.745079251967704748e-01,2.249173365875600239e-01,6.964624194643931343e-02,-2.600287012929828889e-01
2.832000000000000028e+01,1.400000000000000000e+01,4.125508156710862906e+00,3.585852364909204226e+00,5.779793386859201076e-01,5.050511146277002483e-01,-6.520097046102538152e-02,2.309941980188270350e-01,4.230148096846538808e-01,2.759258943523394958e-01,2.289709235247186503e-01,7.205668063997561212e-02,-2.538134936388071750e-01
2.833999999999999986e+01,1.400000000000000000e+01,4.134014481193079682e+00,3.591385426909591061e+00,5.754339915365344060e-01,5.097152262289874614e-01,-6.369101314802309843e-02,2.349692120866926359e-01,4.276287511658025120e-01,2.773864867401510392e-01,2.323050611291719303e-01,7.391126700073889777e-02,-2.479194361294243532e-01
2.835999999999999943e+01,1.400000000000000000e+01,4.142613704416008957e+00,3.596948035428733093e+00,5.729236780738166113e-01,5.144498831111677939e-01,-6.226896473741727611e-02,2.380622673955912205e-01,4.323023553818278741e-01,2.788787474233525021e-01,2.349406865346831408e-01,7.522621200900836413e-02,-2.423695658546612675e-01
2.837999999999999901e+01,1.400000000000000000e+01,4.151306881327715637e+00,3.602540716984998337e+00,5.704455266799033364e-01,5.192377169248109103e-01,-6.093929531793553650e-02,2.403004494806459945e-01,4.370218614600887563e-01,2.803920456846967224e-01,2.368987368750155309e-01,7.601772664506334376e-02,-2.371811164865350319e-01
2.839999999999999858e+01,1.400000000000000000e+01,4.160094795846240423e+00,3.608163788724608967e+00,5.679965121071438583e-01,5.240619010903934116e-01,-5.970518548730107539e-02,2.417108481021834621e-01,4.417739272706192044e-01,2.819160750265421456e-01,2.382001492839322665e-01,7.630202188918308592e-02,-2.323662999624057091e-01
2.842000000000000171e+01,1.400000000000000000e+01,4.168977969234450853e+00,3.613817364906027674e+00,5.655734872492851339e-01,5.289061508488989150e-01,-5.856871493004706108e-02,2.423205542670938684e-01,4.465456294261283543e-01,2.834408531708529910e-01,2.388658608951965412e-01,7.609530872164689541e-02,-2.279330466806173128e-01
2.844000000000000128e+01,1.400000000000000000e+01,4.177956668474899438e+00,3.619501363384354686e+00,5.631732109739481240e-01,5.337547232610778680e-01,-5.753103807158795741e-02,2.421566580265981372e-01,4.513244632820010427e-01,2.849567220591988637e-01,2.389168088425716874e-01,7.541379812273400762e-02,-2.238856936209754067e-01
2.846000000000000085e+01,1.400000000000000000e+01,4.187030914644667590e+00,3.625215512095714132e+00,5.607923722261353161e-01,5.385924171699626450e-01,-5.659254508578691334e-02,2.412462469572851376e-01,4.560983429362969743e-01,2.864543478527549758e-01,2.383739302598208987e-01,7.427370107272374122e-02,-2.202256140124899675e-01
2.848000000000000043e+01,1.400000000000000000e+01,4.196200491290224655e+00,3.630959355541654610e+00,5.584276106512642279e-01,5.434045731393690737e-01,-5.575300740598367749e-02,2.396164052337397266e-01,4.608556012297514437e-01,2.879247209323023138e-01,2.372581622807075075e-01,7.269122855189535937e-02,-2.169517855447795074e-01
2.850000000000000000e+01,1.400000000000000000e+01,4.205464952802286938e+00,3.636732261273532885e+00,5.560755340099977628e-01,5.481770733793119854e-01,-5.501170756999559236e-02,2.372942132052457964e-01,4.655849897457745579e-01,2.893591558982272494e-01,2.355904420389945964e-01,7.068259154052816684e-02,-2.140612967334845906e-01
2.851999999999999957e+01,1.400000000000000000e+01,4.214823632790658969e+00,3.642533426376910466e+00,5.537327326687899731e-01,5.528963416675787279e-01,-5.436755374033429289e-02,2.343067473954931756e-01,4.702756788104522911e-01,2.907492915705217063e-01,2.333917066684454700e-01,6.826400101890137129e-02,-2.115497929980235670e-01
2.853999999999999915e+01,1.400000000000000000e+01,4.224275652459100527e+00,3.648361883955945295e+00,5.513957914522128467e-01,5.575493432751315037e-01,-5.381917960638223780e-02,2.306810808506636334e-01,4.749172574925452639e-01,2.920870909887833822e-01,2.306828933028234607e-01,6.545166796729433301e-02,-2.094118653925041429e-01
2.855999999999999872e+01,1.400000000000000000e+01,4.233819928980167013e+00,3.654216509617781661e+00,5.490612991380339203e-01,5.621235849016050778e-01,-5.336503062020189064e-02,2.264442837688971366e-01,4.794997336034897972e-01,2.933648414122154713e-01,2.274849390758917345e-01,6.226180336598629433e-02,-2.076413858464833118e-01
2.857999999999999829e+01,1.400000000000000000e+01,4.243455183870072034e+00,3.660096027956944109e+00,5.467258558656578060e-01,5.666071146258871982e-01,-5.300343766526272732e-02,2.216234243510708524e-01,4.840135336973971913e-01,2.945751543196266642e-01,2.238187811214134293e-01,5.871061819525653924e-02,-2.062317933136648684e-01
2.860000000000000142e+01,1.400000000000000000e+01,4.253179951363539324e+00,3.665999019039732687e+00,5.443860787145383684e-01,5.709885218756485248e-01,-5.273267932863865554e-02,2.162455698201686261e-01,4.884495030710543917e-01,2.957109654094313700e-01,2.197053565731518221e-01,5.481432343538431701e-02,-2.051763354758082414e-01
2.862000000000000099e+01,1.400000000000000000e+01,4.262992586788653782e+00,3.671923924888608415e+00,5.420386056928625518e-01,5.752569374186945472e-01,-5.255103396041242020e-02,2.103377875625636051e-01,4.927989057639231563e-01,2.967655345996495497e-01,2.151656025648703285e-01,5.058913006664894629e-02,-2.044682706772088521e-01
2.864000000000000057e+01,1.400000000000000000e+01,4.272891274941717832e+00,3.677869055966589862e+00,5.396800983592784373e-01,5.794020333781508825e-01,-5.245682267454421233e-02,2.039271463508285365e-01,4.970534245581408328e-01,2.977324460279067719e-01,2.102204562303318647e-01,4.605124906932965556e-02,-2.041010346317695123e-01
2.866000000000000014e+01,1.400000000000000000e+01,4.282874038462100685e+00,3.683832597661644392e+00,5.373072432825226619e-01,5.834140232727275110e-01,-5.244844438599602365e-02,1.970407176125856807e-01,5.012051609785197481e-01,2.986056080514341016e-01,2.048908547033000405e-01,4.121689142370579817e-02,-2.040683761987221456e-01
2.867999999999999972e+01,1.400000000000000000e+01,4.292938746207096479e+00,3.689812616771078968e+00,5.349167525261445677e-01,5.872836620826541454e-01,-5.252440389959326522e-02,1.897055767140365390e-01,5.052466352925478743e-01,2.993792532470682111e-01,1.991977351175377997e-01,3.610226811005653319e-02,-2.043644662033409221e-01
2.869999999999999929e+01,1.400000000000000000e+01,4.303083121626772645e+00,3.695807067985934946e+00,5.325053633285995458e-01,5.910022463412888394e-01,-5.268333397487989789e-02,1.819488042308439191e-01,5.091707865103882735e-01,3.000479384112513803e-01,1.931620346068085303e-01,3.072359010866131460e-02,-2.049839829157627802e-01
2.871999999999999886e+01,1.400000000000000000e+01,4.313304751138836046e+00,3.701813800375378882e+00,5.300698371331366010e-01,5.945616142518876934e-01,-5.292401219407642798e-02,1.737974871816057032e-01,5.129709723848789871e-01,3.006065445600316077e-01,1.868046903048755092e-01,2.509706839979932921e-02,-2.059221774170575392e-01
2.873999999999999844e+01,1.400000000000000000e+01,4.323601092503463583e+00,3.707830563871090224e+00,5.276069581073689063e-01,5.979541458285528854e-01,-5.324537336159483603e-02,1.652787202013339396e-01,5.166409694115337015e-01,3.010502769290621661e-01,1.801466393455017356e-01,1.923891396374976387e-02,-2.071749216936505378e-01
2.876000000000000156e+01,1.400000000000000000e+01,4.333969483198178985e+00,3.713855015751662325e+00,5.251135312793376864e-01,6.011727630599414951e-01,-5.364651806650892057e-02,1.564196066338201518e-01,5.201749728285411933e-01,3.013746649736021577e-01,1.732088188624505698e-01,1.316533778079199274e-02,-2.087387419207559214e-01
2.878000000000000114e+01,1.400000000000000000e+01,4.344407148792692297e+00,3.719884727126987922e+00,5.225863804053364481e-01,6.042109300939061400e-01,-5.412671794598126335e-02,1.472472595223255354e-01,5.235675966167656625e-01,3.015755623685162923e-01,1.660121659894852886e-01,6.892550831205233874e-03,-2.106108390302923461e-01
2.880000000000000071e+01,1.400000000000000000e+01,4.354911211323760689e+00,3.725917189422653486e+00,5.200223456748018780e-01,6.070626534408344321e-01,-5.468541809917855379e-02,1.377888024784965637e-01,5.268138734997463990e-01,3.016491470082748316e-01,1.585776178603692244e-01,4.367640952688781487e-04,-2.127890983134611835e-01
2.882000000000000028e+01,1.400000000000000000e+01,4.365478697670035046e+00,3.731949820864329581e+00,5.174182813491762234e-01,6.097224821930459226e-01,-5.532223701830205759e-02,1.280713704088061178e-01,5.299092549436977828e-01,3.015919210069532563e-01,1.509261116088653210e-01,-6.185811446737920355e-03,-2.152720894850127242e-01
2.883999999999999986e+01,1.400000000000000000e+01,4.376106547926921664e+00,3.737979972962167441e+00,5.147710534248030045e-01,6.121855082571865392e-01,-5.603696432620684786e-02,1.181221100764133780e-01,5.328496111575100613e-01,3.014007106982333206e-01,1.430785843687372161e-01,-1.295896481453570094e-02,-2.180590583357304713e-01
2.885999999999999943e+01,1.400000000000000000e+01,4.386791623781426175e+00,3.744004936995183552e+00,5.120775374045603012e-01,6.144473665961023290e-01,-5.682955653854467049e-02,1.079681804753480634e-01,5.356312310927483500e-01,3.010726666354018310e-01,1.350559732737477425e-01,-1.986648502784544093e-02,-2.211499108211255615e-01
2.887999999999999901e+01,1.400000000000000000e+01,4.397530716887015245e+00,3.750021950495659784e+00,5.093346162590427495e-01,6.165042354762003685e-01,-5.770013100207458528e-02,9.763675299146612474e-02,5.382508224436527433e-01,3.006052635913513127e-01,1.268792154576603159e-01,-2.689216110638773666e-02,-2.245451901761713054e-01
2.889999999999999858e+01,1.400000000000000000e+01,4.408320557238468496e+00,3.756028203733531079e+00,5.065391786555898390e-01,6.183528367157609118e-01,-5.864895809924031145e-02,8.715501132179426236e-02,5.407055116471392031e-01,2.999963005585799536e-01,1.185692480542382410e-01,-3.401978206988326425e-02,-2.282460474060342692e-01
2.892000000000000171e+01,1.400000000000000000e+01,4.419157821546727760e+00,3.762020846200777147e+00,5.036881175322848181e-01,6.199904359290723255e-01,-5.967645175173171002e-02,7.655015112114682552e-02,5.429928438827984483e-01,2.992439007491914937e-01,1.101470081972446557e-01,-4.123313693805281260e-02,-2.322542052787613942e-01
2.894000000000000128e+01,1.400000000000000000e+01,4.430039141613757003e+00,3.767996993095817260e+00,5.007783290941467680e-01,6.214148427606069891e-01,-6.078315820191541874e-02,6.584937934077217392e-02,5.451107830728969539e-01,2.983465115948952251e-01,1.016334330204428371e-01,-4.851601473061708386e-02,-2.365719157352418889e-01
2.896000000000000085e+01,1.400000000000000000e+01,4.440961112707384473e+00,3.773953731807899281e+00,4.978067123100538560e-01,6.226244111027031680e-01,-6.196974300015171966e-02,5.507991321982608213e-02,5.470577118823758411e-01,2.973029047470059916e-01,9.304945965759599258e-02,-5.585220446729675242e-02,-2.412019104320342888e-01
2.898000000000000043e+01,1.400000000000000000e+01,4.451920301936175051e+00,3.779888128401496239e+00,4.947701689914180134e-01,6.236180392893999613e-01,-6.323697607754526218e-02,4.426897888573932960e-02,5.488324317188520984e-01,2.961121760764443556e-01,8.441602524246738515e-02,-6.322549516781263146e-02,-2.461473439414697539e-01
2.900000000000000000e+01,1.400000000000000000e+01,4.462913256624267078e+00,3.785797234100694020e+00,4.916656045372207462e-01,6.243951702581327368e-01,-6.458571473714193323e-02,3.344380951403280733e-02,5.504341627326176933e-01,2.947737456737364314e-01,7.575406690882025007e-02,-7.061967585188538843e-02,-2.514117289487986517e-01
2.901999999999999957e+01,1.400000000000000000e+01,4.473936512686227829e+00,3.791678091773583503e+00,4.884899294346650711e-01,6.249557916699612914e-01,-6.601688435159475121e-02,2.263164299282216518e-02,5.518625438166397945e-01,2.932873578490137190e-01,6.708452179041779484e-02,-7.801853553923575324e-02,-2.569988626063066106e-01
2.903999999999999915e+01,1.400000000000000000e+01,4.484986603001917871e+00,3.797527742416656693e+00,4.852400616103493269e-01,6.253004359778455701e-01,-6.753145651162019425e-02,1.185971903055538235e-02,5.531176326065611049e-01,2.916530811320137140e-01,5.842832702102331022e-02,-8.540586324958446274e-02,-2.629127430280179256e-01
2.905999999999999872e+01,1.400000000000000000e+01,4.496060065791332327e+00,3.803343231639195299e+00,4.819129297334509565e-01,6.254301804311834800e-01,-6.913042432704842588e-02,1.155275639147745892e-03,5.541999054806993064e-01,2.898713082720789092e-01,4.980641973439999676e-02,-9.276544800265219826e-02,-2.691574747351305752e-01
2.907999999999999829e+01,1.400000000000000000e+01,4.507153452989459907e+00,3.809121616147664646e+00,4.785054775798731619e-01,6.253466470034114710e-01,-7.081477454098725199e-02,-9.454455082620327744e-03,5.551102575600473932e-01,2.879427562381579042e-01,4.123973706431102726e-02,-1.000810788181597522e-01,-2.757371616915449963e-01
2.910000000000000142e+01,1.400000000000000000e+01,4.518263338621139269e+00,3.814859970230103592e+00,4.750146695745461334e-01,6.250520022278786003e-01,-7.258545607784960829e-02,-1.994225194828480596e-02,5.558500027082737827e-01,2.858684662188048509e-01,3.274921614451979657e-02,-1.073365447158277641e-01,-2.826557864014807020e-01
2.912000000000000099e+01,1.400000000000000000e+01,4.529386327175905613e+00,3.820555392240519765e+00,4.714374976380185656e-01,6.245489569254800699e-01,-7.444334460823218147e-02,-3.028091055569959167e-02,5.564208735317219823e-01,2.836498036221789532e-01,2.435579410878940462e-02,-1.145156347153770127e-01,-2.899170733787518883e-01
2.914000000000000057e+01,1.400000000000000000e+01,4.540519061982848825e+00,3.826205011083278595e+00,4.677709894729812357e-01,6.238407658056506211e-01,-7.638920267866225466e-02,-4.044325013063776453e-02,5.568250213794108117e-01,2.812884580760457442e-01,1.608040809088309708e-02,-1.216021378365282346e-01,-2.975243351424299854e-01
2.916000000000000014e+01,1.400000000000000000e+01,4.551658233585467173e+00,3.831805992697498109e+00,4.640122184362752145e-01,6.229312269202545993e-01,-7.842363492315541917e-02,-5.040212144856326404e-02,5.570650163430345136e-01,2.787864434277756986e-01,7.943995224564194199e-03,-1.285798430990020280e-01,-3.054802987502717726e-01
2.917999999999999972e+01,1.400000000000000000e+01,4.562800588116518341e+00,3.837355546541440177e+00,4.601583151521012049e-01,6.218246809477081527e-01,-8.054703784779779219e-02,-6.013041594906454179e-02,5.571438472569624212e-01,2.761460977443453424e-01,-3.250735640405908274e-05,-1.354325395225192130e-01,-3.137869107547162084e-01
2.919999999999999929e+01,1.400000000000000000e+01,4.573942935672874022e+00,3.842850932076899539e+00,4.562064810322711272e-01,6.205260102822920398e-01,-8.275954366107614313e-02,-6.960107616515109896e-02,5.570649216982391794e-01,2.733700833123365870e-01,-7.828162518258612729e-03,-1.421440161268006097e-01,-3.224451183635654306e-01
2.921999999999999886e+01,1.400000000000000000e+01,4.585082158690373610e+00,3.848289465253602160e+00,4.521540038791944105e-01,6.190406379011021976e-01,-8.506095761375186137e-02,-7.878710759616325277e-02,5.568320659865845235e-01,2.704613866379367293e-01,-1.542203312723601158e-02,-1.486980619315667329e-01,-3.314546245176278050e-01
2.923999999999999844e+01,1.400000000000000000e+01,4.596215220318680572e+00,3.853668524993590694e+00,4.479982757564787699e-01,6.173745259784455541e-01,-8.745068831556762623e-02,-8.766159215894298029e-02,5.564495251843938339e-01,2.674233184469391733e-01,-2.279318204957319488e-02,-1.550784659565385415e-01,-3.408136145718850818e-01
2.926000000000000156e+01,1.400000000000000000e+01,4.607339172796126370e+00,3.858985559675622845e+00,4.437368133201253229e-01,6.155341742147442119e-01,-8.992767051538191891e-02,-9.619770335579502785e-02,5.559219630967375814e-01,2.642595136847423754e-01,-2.992067215150676779e-02,-1.612690172214364948e-01,-3.505184522989207019e-01
2.928000000000000114e+01,1.400000000000000000e+01,4.618451165824577487e+00,3.864238093619556835e+00,4.393672808098094129e-01,6.135266178442135843e-01,-9.249027987042927890e-02,-1.043687232994638947e-01,5.552544622713614375e-01,2.609739315163506768e-01,-3.678356629927362342e-02,-1.672535047459815238e-01,-3.605633430399814987e-01
2.930000000000000071e+01,1.400000000000000000e+01,4.629548454944278468e+00,3.869423733570750645e+00,4.348875159040108684e-01,6.113594252827657671e-01,-9.513623929386498534e-02,-1.121480617345422814e-01,5.544525239986862752e-01,2.575708553263739709e-01,-4.336092735911041551e-02,-1.730157175498942268e-01,-3.709399620297046951e-01
2.932000000000000028e+01,1.400000000000000000e+01,4.640628409908709173e+00,3.874540175184447488e+00,4.302955586440961322e-01,6.090406953748319641e-01,-9.786251656272705601e-02,-1.195092771895005512e-01,5.535220683118082796e-01,2.540548927190277029e-01,-4.963181819725402677e-02,-1.785394446528953960e-01,-3.816370462380407891e-01
2.933999999999999986e+01,1.400000000000000000e+01,4.651688523059441138e+00,3.879585209510172383e+00,4.255896836299860597e-01,6.065790541951858739e-01,-1.006652129965871917e-01,-1.264261003836750774e-01,5.524694339864990589e-01,2.504309755181327590e-01,-5.557530167994111092e-02,-1.838084750747057405e-01,-3.926399485331963368e-01
2.935999999999999943e+01,1.400000000000000000e+01,4.662726417700982395e+00,3.884556729476122960e+00,4.207684356827987027e-01,6.039836513594850631e-01,-1.035394431865631765e-01,-1.328724599981363497e-01,5.513013785412054224e-01,2.467043597671159105e-01,-6.117044067340848823e-02,-1.888065978350459417e-01,-4.039301536016794425e-01
2.937999999999999901e+01,1.400000000000000000e+01,4.673739856475642718e+00,3.889452736373561592e+00,4.158306691567156821e-01,6.012641557952604909e-01,-1.064792059713711020e-01,-1.388225108960483567e-01,5.500250782370493807e-01,2.428806257290092585e-01,-6.639629804389289569e-02,-1.935176019536367642e-01,-4.154847558976396127e-01
2.939999999999999858e+01,1.400000000000000000e+01,4.684726749738376661e+00,3.894271346341204865e+00,4.107755910620425888e-01,5.984307509236432843e-01,-1.094772471280727744e-01,-1.442506648465027297e-01,5.486481280778279235e-01,2.389656778864505948e-01,-7.123193665763115356e-02,-1.979252764501988893e-01,-4.272759009676301289e-01
2.942000000000000171e+01,1.400000000000000000e+01,4.695685163931644368e+00,3.899010796849622373e+00,4.056028081326206181e-01,5.954941292013999909e-01,-1.125249145762126507e-01,-1.491316237639566111e-01,5.471785418100141296e-01,2.349657449416834298e-01,-7.565641938085992946e-02,-2.020134103444530538e-01,-4.392701928437273695e-01
2.944000000000000128e+01,1.400000000000000000e+01,4.706613329960260828e+00,3.903669453185620863e+00,4.003123779319178177e-01,5.924654859730845713e-01,-1.156120072905070933e-01,-1.534404154208175441e-01,5.456247519227555021e-01,2.308873798165564650e-01,-7.964880907981607139e-02,-2.057657926561200223e-01,-4.514280718519980695e-01
2.946000000000000085e+01,1.400000000000000000e+01,4.717509651566249573e+00,3.908245814936643026e+00,3.949048640416753519e-01,5.893565125845674491e-01,-1.187266195833259486e-01,-1.571524315234800184e-01,5.439956096478750780e-01,2.267374596525243147e-01,-8.318816862073628859e-02,-2.091662124049204485e-01,-4.637031691762171781e-01
2.948000000000000043e+01,1.400000000000000000e+01,4.728372713703700825e+00,3.912738522475154301e+00,3.893813953132717054e-01,5.861793887121454771e-01,-1.218549829562644848e-01,-1.602434679585993393e-01,5.423003849598713177e-01,2.225231858106472282e-01,-8.625356086985740134e-02,-2.121984586105751802e-01,-4.760416468742974527e-01
2.950000000000000000e+01,1.400000000000000000e+01,4.739201290913618081e+00,3.917146363443039014e+00,3.837437290833501380e-01,5.829467738662236220e-01,-1.249813083300213151e-01,-1.626897669154931947e-01,5.405487665759178828e-01,2.182520838715908407e-01,-8.882404869341616049e-02,-2.148463202928048155e-01,-4.883815347832039522e-01
2.951999999999999957e+01,1.400000000000000000e+01,4.749994355698776261e+00,3.921468279235989840e+00,3.779943181601591040e-01,5.796717980355259314e-01,-1.280876321402722173e-01,-1.644680604722505990e-01,5.387508619558635248e-01,2.139320036356263943e-01,-9.087869495764928918e-02,-2.170935864713300356e-01,-5.006520788690805857e-01
2.953999999999999915e+01,1.400000000000000000e+01,4.760751086898574513e+00,3.925703371487901272e+00,3.721363812740818844e-01,5.763680514473337180e-01,-1.311536705269699121e-01,-1.655556150941119853e-01,5.369171973022324185e-01,2.095711191226308501e-01,-9.239656252879357989e-02,-2.189240461658717440e-01,-5.127731190647306647e-01
2.955999999999999872e+01,1.400000000000000000e+01,4.771470878063889032e+00,3.929850908555262645e+00,3.661739765538864488e-01,5.730495734317615497e-01,-1.341566866335535124e-01,-1.659302763343450948e-01,5.350587175602240508e-01,2.051779285720866652e-01,-9.335671427308581127e-02,-2.203214883961505666e-01,-5.246545184420137176e-01
2.957999999999999829e+01,1.400000000000000000e+01,4.782153345831925861e+00,3.933910332001546273e+00,3.601120774386346590e-01,5.697308403939600474e-01,-1.370713768536616639e-01,-1.655705128499871392e-01,5.331867864177132210e-01,2.007612544430817936e-01,-9.373821305676267868e-02,-2.212697021818871568e-01,-5.361956696142740064e-01
2.960000000000000142e+01,1.400000000000000000e+01,4.792798338301077266e+00,3.937881263081605354e+00,3.539566502639018841e-01,5.664267529177615668e-01,-1.398697826930433152e-01,-1.644554586488489178e-01,5.313131863052494852e-01,1.963302434143099351e-01,-9.352012174606105788e-02,-2.217524765428023348e-01,-5.472851084350546236e-01
2.962000000000000099e+01,1.400000000000000000e+01,4.803405943405770095e+00,3.941763509226060336e+00,3.477147325707209413e-01,5.631526220480056466e-01,-1.425212357243147987e-01,-1.625649522731702490e-01,5.294501183960582669e-01,1.918943663840703140e-01,-9.268150320721757485e-02,-2.217536004986167542e-01,-5.578002691879500041e-01
2.964000000000000057e+01,1.400000000000000000e+01,4.813976497291326595e+00,3.945557070525695487e+00,3.413945109782533516e-01,5.599241548268348856e-01,-1.449923438667623521e-01,-1.598795714045841976e-01,5.276102026060400796e-01,1.874634184702677897e-01,-9.120142030646910536e-02,-2.212568630690511517e-01,-5.676074193290163716e-01
2.966000000000000014e+01,1.400000000000000000e+01,4.824510592688810107e+00,3.949262146215848368e+00,3.350053972395776181e-01,5.567574391918224119e-01,-1.472470278812775812e-01,-1.563806611499138910e-01,5.258064775937706381e-01,1.830475190104126626e-01,-8.905893591005235865e-02,-2.202460532738262644e-01,-5.765618151709848149e-01
2.967999999999999972e+01,1.400000000000000000e+01,4.835009087289884100e+00,3.952879141160803744e+00,3.285581008686313531e-01,5.536689283808384765e-01,-1.492466174849148564e-01,-1.520503540481072946e-01,5.240524007605008583e-01,1.786571115616210348e-01,-8.623311288420412724e-02,-2.187049601326628290e-01,-5.845081223536637838e-01
2.969999999999999929e+01,1.400000000000000000e+01,4.845473112121662318e+00,3.956408672338183052e+00,3.220646964912828869e-01,5.506754250298981912e-01,-1.509500168084177418e-01,-1.468715796366879545e-01,5.223618482501570792e-01,1.743029639006143383e-01,-8.270301409516116198e-02,-2.166173726652816101e-01,-5.912811461404198221e-01
2.971999999999999886e+01,1.400000000000000000e+01,4.855904079921566030e+00,3.959851575323340089e+00,3.155386838425892626e-01,5.477940651953711049e-01,-1.523139489865005247e-01,-1.408280612445231839e-01,5.207491149493408411e-01,1.699961680237197237e-01,-7.844770240916024151e-02,-2.139670798914032612e-01,-5.967069160875491107e-01
2.973999999999999844e+01,1.400000000000000000e+01,4.866303693512174178e+00,3.963208910773750482e+00,3.089950381151444492e-01,5.450423025801174326e-01,-1.532932894230343290e-01,-1.339042975545972070e-01,5.192289144873287743e-01,1.657481401468700044e-01,-7.344624069243811670e-02,-2.107378708307484916e-01,-6.006041669989768961e-01
2.976000000000000156e+01,1.400000000000000000e+01,4.876673954176077075e+00,3.966481970913403376e+00,3.024502481715027891e-01,5.424378932931869235e-01,-1.538414966448861110e-01,-1.260855264235392070e-01,5.178163792360732653e-01,1.615706207056034904e-01,-6.767769181123149680e-02,-2.069135345030380102e-01,-6.027862528539215115e-01
2.978000000000000114e+01,1.400000000000000000e+01,4.887017170030732771e+00,3.969672286017197127e+00,2.959223399800217646e-01,5.399988815231754335e-01,-1.539111485764649290e-01,-1.173576684744368492e-01,5.165270603102012359e-01,1.574756743550640992e-01,-6.112111863177722981e-02,-2.024778599279926650e-01,-6.030635221702019821e-01
2.980000000000000071e+01,1.400000000000000000e+01,4.897335964403315423e+00,3.972781630895326987e+00,2.894308825324642398e-01,5.377435865542095073e-01,-1.534545904527871429e-01,-1.077072481178440455e-01,5.153769275670154748e-01,1.534756899700012167e-01,-5.375558402031203886e-02,-1.974146361253330262e-01,-6.012461717155106466e-01
2.982000000000000028e+01,1.400000000000000000e+01,4.907633284205576985e+00,3.975812031377680800e+00,2.829969734684823490e-01,5.356905915984617739e-01,-1.524246983553518009e-01,-9.712128992211965794e-02,5.143823696064939721e-01,1.495833806447700309e-01,-4.556015084307270258e-02,-1.917076521147798585e-01,-5.971475804134882548e-01
2.983999999999999986e+01,1.400000000000000000e+01,4.917912408308690253e+00,3.978765770798227575e+00,2.766432016818868300e-01,5.338587349573248320e-01,-1.507757594088071917e-01,-8.558718866673764580e-02,5.135601937712895859e-01,1.458117836933311706e-01,-3.651388196629597183e-02,-1.853406969160539541e-01,-5.905881067117876304e-01
2.985999999999999943e+01,1.400000000000000000e+01,4.928176955918112334e+00,3.981645396479414067e+00,2.703935843308577502e-01,5.322671040517923391e-01,-1.484644659204407968e-01,-7.309255198636499529e-02,5.129276261467307085e-01,1.421742606492508720e-01,-2.659584025621863218e-02,-1.782975595488759946e-01,-5.813993108303593393e-01
2.987999999999999901e+01,1.400000000000000000e+01,4.938430894948430350e+00,3.984453726216552027e+00,2.642734759315986115e-01,5.309350328778702499e-01,-1.454510160871196889e-01,-5.962501525479346753e-02,5.125023115608211555e-01,1.386844972657009789e-01,-1.578508857907741023e-02,-1.705620290329666611e-01,-5.694285387247350894e-01
2.989999999999999858e+01,1.400000000000000000e+01,4.948678550398220466e+00,3.987193854762215661e+00,2.583094475920796329e-01,5.298821034416006936e-01,-1.417003082640005962e-01,-4.517202926721175515e-02,5.123023135842398323e-01,1.353565035154589424e-01,-4.060689801109080253e-03,-1.621178943880467460e-01,-5.545437781361631790e-01
2.992000000000000171e+01,1.400000000000000000e+01,4.958924612724897152e+00,3.989869160310626661e+00,2.525291349450367040e-01,5.291281517071817486e-01,-1.371832091597260106e-01,-2.972062234466932296e-02,5.123461145303408459e-01,1.322046135909077658e-01,8.598293211449416912e-03,-1.529489446338369862e-01,-5.366386699421268336e-01
2.994000000000000128e+01,1.400000000000000000e+01,4.969174146219571320e+00,3.992483310982054334e+00,2.469610539676550531e-01,5.286932785478137831e-01,-1.318778687470747724e-01,-1.325713968169672796e-02,5.126526154551535042e-01,1.292434859040359485e-01,2.221279759236162443e-02,-1.430389687900580076e-01,-5.156375316580167345e-01
2.996000000000000085e+01,1.400000000000000000e+01,4.979432597381898695e+00,3.995040271307201074e+00,2.416343846235414483e-01,5.285978661199138839e-01,-1.257710463326335293e-01,4.233035949447128132e-03,5.132411361573827602e-01,1.264881030864377642e-01,3.680376047539064138e-02,-1.323717558764305191e-01,-4.915002261164573283e-01
2.998000000000000043e+01,1.400000000000000000e+01,4.989705803294937070e+00,3.997544308711598937e+00,2.365787231179998229e-01,5.288625999857916593e-01,-1.188594034619845224e-01,2.276577668900969798e-02,5.141314151784083242e-01,1.239537719893129275e-01,5.239211899429969954e-02,-1.209310949126753409e-01,-4.642266889674726560e-01
3.000000000000000000e+01,1.500000000000000000e+01,5.000000000000000000e+00,4.000000000000000000e+00,2.318238045004038239e-01,5.295084971874742807e-01,-1.111507107118250848e-01,3.137858887330580160e-02,5.153436098022856626e-01,1.216561236834667881e-01,6.899881028285204110e-02,-1.087007749185131544e-01,-4.338609156373128828e-01
3.001999999999999957e+01,1.500000000000000000e+01,5.010319205890683136e+00,4.002410587541531228e+00,2.271115528090366098e-01,5.301177435407238292e-01,-1.166350195491494129e-01,1.925373490860415870e-02,5.165047616966481625e-01,1.193635336331719810e-01,4.733310453115441296e-02,-1.204300821160050050e-01,-4.554589068531899598e-01
3.003999999999999915e+01,1.500000000000000000e+01,5.020657387933348481e+00,4.004773028423546322e+00,2.221676597021023103e-01,5.302786465838184027e-01,-1.220778557580154827e-01,-2.413073138781030025e-03,5.172455160172890754e-01,1.168439950651058018e-01,2.695470384305026848e-02,-1.313981893716101024e-01,-4.769210302545524027e-01
3.005999999999999872e+01,1.500000000000000000e+01,5.031006393897906825e+00,4.007082934890608961e+00,2.169971101907791911e-01,5.300212206151726502e-01,-1.274950581648683634e-01,-2.259446113205143547e-02,5.175913579214218574e-01,1.141125782175483744e-01,7.837513812700437274e-03,-1.416204727410964037e-01,-4.983105533577518731e-01
3.007999999999999829e+01,1.500000000000000000e+01,5.041358576038531325e+00,4.009336217516836776e+00,2.116045664417185168e-01,5.293748681385364030e-01,-1.328980237004965259e-01,-4.132123020193567697e-02,5.175672506781432425e-01,1.111840458076643057e-01,-1.004455996573431001e-02,-1.511123082802318385e-01,-5.196734728524206037e-01
3.010000000000000142e+01,1.500000000000000000e+01,5.051706780655896623e+00,4.011529079055478952e+00,2.059944958885067678e-01,5.283683714070950277e-01,-1.382941352897242848e-01,-5.862460719762729866e-02,5.171976356684329090e-01,1.080728530315029634e-01,-2.671761189809311945e-02,-1.598890720447842806e-01,-5.410401165790931222e-01
3.012000000000000099e+01,1.500000000000000000e+01,5.062044337659418858e+00,4.013658008288491175e+00,2.001712886577490802e-01,5.270298838506312089e-01,-1.436870809938645410e-01,-7.453625248222905952e-02,5.165064323851542571e-01,1.047931475639983651e-01,-4.220773639021521001e-02,-1.679661400905216317e-01,-5.624263150738633144e-01
3.014000000000000057e+01,1.500000000000000000e+01,5.072365050129487685e+00,4.015719773876125664e+00,1.941393663897898192e-01,5.253869213078059541e-01,-1.490770894258806045e-01,-8.908827112940187476e-02,5.155170384330536315e-01,1.013587695589690807e-01,-5.654102784793978154e-02,-1.753588884732118491e-01,-5.838342386050345834e-01
3.016000000000000014e+01,1.500000000000000000e+01,5.082663183879704505e+00,4.017711418206492802e+00,1.879032840433683405e-01,5.234663530054551872e-01,-1.544611015338087645e-01,-1.023132265647923589e-01,5.142523295287606544e-01,9.778325164911845502e-02,-6.974358067710603737e-02,-1.820826932486228622e-01,-6.052529769479347843e-01
3.017999999999999972e+01,1.500000000000000000e+01,5.092933457019122478e+00,4.019630251245143171e+00,1.814678258653591170e-01,5.212943922452143442e-01,-1.598328952479085296e-01,-1.142441557481035375e-01,5.127346595007877816e-01,9.407981894603430206e-02,-8.184148928355314268e-02,-1.881529304725225171e-01,-6.266589257176212735e-01
3.019999999999999929e+01,1.500000000000000000e+01,5.103171029514488310e+00,4.021473844384653162e+00,1.748380963608499317e-01,5.188965867755311878e-01,-1.651831768474271434e-01,-1.249145850115169765e-01,5.109858602895309687e-01,9.026138904018916886e-02,-9.286084807312031120e-02,-1.935849762006787156e-01,-6.480160335119096171e-01
3.021999999999999886e+01,1.500000000000000000e+01,5.113371492752471603e+00,4.023240024294198136e+00,1.680196068002204335e-01,5.162978088447537361e-01,-1.704996509553412531e-01,-1.343585456661831046e-01,5.090272419472697818e-01,8.634057200094027995e-02,-1.028277514516467289e-01,-1.983942064888594425e-01,-6.692759573817878005e-01
3.023999999999999844e+01,1.500000000000000000e+01,5.123530859101908419e+00,4.024926866769127365e+00,1.610183575377527321e-01,5.135222449488839880e-01,-1.757670796123786405e-01,-1.426105884673276591e-01,5.068795926381665096e-01,8.232967037652949571e-02,-1.117682938249716096e-01,-2.025959973928325719e-01,-6.903781694661174084e-01
3.026000000000000156e+01,1.500000000000000000e+01,5.133645551476035074e+00,4.026532690580543417e+00,1.538409161829830119e-01,5.105933853060601324e-01,-1.809673397609847800e-01,-1.497057959974057439e-01,5.045631786382666073e-01,7.824067919408322913e-02,-1.197085695989341808e-01,-2.062057249683660609e-01,-7.112500543969622058e-01
3.028000000000000114e+01,1.500000000000000000e+01,5.143712392894729923e+00,4.028056051324881537e+00,1.464944914564025868e-01,5.075340131089873807e-01,-1.860794875663043246e-01,-1.556797919902983551e-01,5.020977443354991410e-01,7.408528595961265395e-02,-1.266746731793735314e-01,-2.092387652712277557e-01,-7.318070348119660729e-01
3.030000000000000071e+01,1.500000000000000000e+01,5.153728596046741828e+00,4.029495735273483703e+00,1.389870023722171721e-01,5.043661936264483003e-01,-1.910798372213625140e-01,-1.605687465851328710e-01,4.995025122296761766e-01,6.987487065801348263e-02,-1.326926989721288752e-01,-2.117104943571855857e-01,-7.519527605911238144e-01
3.032000000000000028e+01,1.500000000000000000e+01,5.163691752851947037e+00,4.030850753222184224e+00,1.313271422213884709e-01,5.011112632455821947e-01,-1.959420611548168822e-01,-1.644093764702905247e-01,4.967961829324929468e-01,6.562050575306613287e-02,-1.377887413830395091e-01,-2.136362882820074804e-01,-7.715793959124548351e-01
3.033999999999999986e+01,1.500000000000000000e+01,5.173599824023565219e+00,4.032120334340874024e+00,1.235244366782429770e-01,4.977898185676368215e-01,-2.006373178265072887e-01,-1.672389388638197971e-01,4.939969351675280174e-01,6.133295618743563743e-02,-1.419888948179445498e-01,-2.150315231014614248e-01,-7.905680365800750176e-01
3.035999999999999943e+01,1.500000000000000000e+01,5.183451128630411020e+00,4.033303920023094236e+00,1.155892952248640249e-01,4.944217056910295005e-01,-2.051344125184787759e-01,-1.690952182813365567e-01,4.911224257702431761e-01,5.702267938267169961e-02,-1.453192536826832248e-01,-2.159115748713152649e-01,-8.087892880380332938e-01
3.037999999999999901e+01,1.500000000000000000e+01,5.193244333659119860e+00,4.034401157735595156e+00,1.075330549815396719e-01,4.910260098363835035e-01,-2.093999956810777829e-01,-1.700165050720414683e-01,4.881897896879829890e-01,5.269982523920860307e-02,-1.478059123830947619e-01,-2.162918196473368193e-01,-8.261040317953761702e-01
3.039999999999999858e+01,1.500000000000000000e+01,5.202978443576400380e+00,4.035411894867937832e+00,9.936801595169565682e-02,4.876210454881479972e-01,-2.133988024620808721e-01,-1.700415647646149608e-01,4.852156399799759656e-01,4.837423613636530895e-02,-1.494749653250182497e-01,-2.161876334852941839e-01,-8.423644044404370312e-01
3.042000000000000171e+01,1.500000000000000000e+01,5.212652789891262017e+00,4.036336172582045911e+00,9.110746663940441636e-02,4.842243472457984921e-01,-2.170939360304214583e-01,-1.692095973612453008e-01,4.822160678173332271e-01,4.405544693234546977e-02,-1.503525069142929160e-01,-2.156143924409551216e-01,-8.574150088480757548e-01
3.044000000000000128e+01,1.500000000000000000e+01,5.222267020717257680e+00,4.037174219661807228e+00,8.276569898030557149e-02,4.808526615936977167e-01,-2.204471962140797658e-01,-1.675601858549597978e-01,4.792066424830495608e-01,3.975268496423731146e-02,-1.504646315567579606e-01,-2.145874725700875341e-01,-8.710943714708627716e-01
3.046000000000000085e+01,1.500000000000000000e+01,5.231821090334713986e+00,4.037926446362633648e+00,7.435801154603591256e-02,4.775219398116002378e-01,-2.234194538214144821e-01,-1.651332334260526835e-01,4.762024113720026985e-01,3.547487004801370275e-02,-1.498374336582526112e-01,-2.131222499284594896e-01,-8.832366527100590226e-01
3.048000000000000043e+01,1.500000000000000000e+01,5.241315248752978384e+00,4.038593438261044000e+00,6.590070004099837786e-02,4.742473322566557736e-01,-2.259710698292864139e-01,-1.619688889978938562e-01,4.732178999909535944e-01,3.123061447853219680e-02,-1.484970076246160953e-01,-2.112341005718388343e-01,-8.936736093202792830e-01
3.050000000000000000e+01,1.500000000000000000e+01,5.250750031272651164e+00,4.039175950104248791e+00,5.741103421065935075e-02,4.710431842516846213e-01,-2.280623574244809992e-01,-1.581074611009043451e-01,4.702671119585466464e-01,2.702822302953497915e-02,-1.464694478616875017e-01,-2.089384005559934143e-01,-9.022367987382090559e-01
3.051999999999999957e+01,1.500000000000000000e+01,5.260126248047822806e+00,4.039674899659717155e+00,4.890722042356034777e-02,4.679230338126197375e-01,-2.296540837003523128e-01,-1.535893203029026211e-01,4.673635290053091418e-01,2.287569295364883654e-02,-1.437808487753060860e-01,-2.062505259366911869e-01,-9.087600053614408591e-01
3.053999999999999915e+01,1.500000000000000000e+01,5.269444973648314878e+00,4.040091361564763339e+00,4.040834937443602004e-02,4.648996114395686496e-01,-2.307080066566242760e-01,-1.484547908077633593e-01,4.645201109736518119e-01,1.878071398238524703e-02,-1.404573047713110201e-01,-2.031858527697000816e-01,-9.130818584552552464e-01
3.055999999999999872e+01,1.500000000000000000e+01,5.278707536621916496e+00,4.040426561176118092e+00,3.193432858113053052e-02,4.619848421803093297e-01,-2.311874420376684169e-01,-1.427440321946473745e-01,4.617492958178686102e-01,1.475066832614030203e-02,-1.365249102555416150e-01,-1.997597571107880277e-01,-9.150486009388728581e-01
3.057999999999999829e+01,1.500000000000000000e+01,5.287915509056617225e+00,4.040681868419508049e+00,2.350579960942877911e-02,4.591898501517828746e-01,-2.310578534751278335e-01,-1.364969126548505329e-01,4.590629996041362682e-01,1.079263067419474788e-02,-1.320097596338369317e-01,-1.959876150157228991e-01,-9.145169582782106676e-01
3.060000000000000142e+01,1.500000000000000000e+01,5.297070696142855972e+00,4.040858791639239556e+00,1.514404025156777973e-02,4.565249656741149908e-01,-2.302874583674907327e-01,-1.297528754697232500e-01,4.564726165105155165e-01,6.913368194713959830e-03,-1.269379473120360868e-01,-1.918848025402725421e-01,-9.113570476193855185e-01
3.062000000000000099e+01,1.500000000000000000e+01,5.306175125735746789e+00,4.040958971447764725e+00,6.870852198311931322e-03,4.539997351329936315e-01,-2.288478409187370555e-01,-1.225508008442339758e-01,4.539890188269499194e-01,3.119340534747962451e-03,-1.213355676959784885e-01,-1.874666957402050527e-01,-9.054552596848979285e-01
3.064000000000000057e+01,1.500000000000000000e+01,5.315231037917321544e+00,4.040984174575269705e+00,-1.291564928374942280e-03,4.516229336403457251e-01,-2.267145627549175813e-01,-1.149288655506328638e-01,4.516225569552659302e-01,-5.833001797685861143e-04,-1.152287151915031838e-01,-1.827486706712881659e-01,-8.967170403517722432e-01
3.066000000000000014e+01,1.500000000000000000e+01,5.324240874558769931e+00,4.040936287719246955e+00,-9.320751985622405256e-03,4.494025805109684302e-01,-2.238677605302386853e-01,-1.069244031270901729e-01,4.493830594091735575e-01,-4.188709344016366271e-03,-1.086434842044495253e-01,-1.777461033892899500e-01,-8.850694957072430258e-01
3.067999999999999972e+01,1.500000000000000000e+01,5.333207268882672381e+00,4.040817311394073741e+00,-1.719413964648333973e-02,4.473459575152621825e-01,-2.202927189234497041e-01,-9.857376760012925843e-02,4.472798328142662538e-01,-7.691349874291420613e-03,-1.016059691406564491e-01,-1.724743699499781679e-01,-8.704637441004157150e-01
3.069999999999999929e+01,1.500000000000000000e+01,5.342133035025239174e+00,4.040629353780590627e+00,-2.488920684830114860e-02,4.454596298069633531e-01,-2.159804064316768191e-01,-8.991220384241849217e-02,4.453216619080200278e-01,-1.108599220800518884e-02,-9.414226440596337731e-02,-1.669488464091208879e-01,-8.528769415076383753e-01
3.071999999999999886e+01,1.500000000000000000e+01,5.351021157598556677e+00,4.040374624575679974e+00,-3.238364627217416025e-02,4.437494693615655073e-01,-2.109279604400795260e-01,-8.097372772610178515e-02,4.435168095397948318e-01,-1.436771430368440419e-02,-8.627846440620952351e-02,-1.611849088224859283e-01,-8.323139124683592849e-01
3.073999999999999844e+01,1.500000000000000000e+01,5.359874781252803366e+00,4.040055428841838214e+00,-3.965553455155019363e-02,4.422206806979193106e-01,-2.051391072618945488e-01,-7.179101917715868808e-02,4.418730166708331741e-01,-1.753190164097121612e-02,-7.804066354723386556e-02,-1.551979332458411631e-01,-8.088083278079737370e-01
3.076000000000000156e+01,1.500000000000000000e+01,5.368697200238513823e+00,4.039674160856763230e+00,-4.668350473959290842e-02,4.408778285944789932e-01,-1.986245023177976576e-01,-6.239533107464190209e-02,4.403975023742612849e-01,-2.057424722062310696e-02,-6.945495623487571435e-02,-1.490032957349545217e-01,-7.824233820405621653e-01
3.078000000000000114e+01,1.500000000000000000e+01,5.377491847968797423e+00,4.039233297962923075e+00,-5.344691845685087261e-02,4.397248674549333880e-01,-1.914019754983748711e-01,-5.281641667013659003e-02,4.390969638350885607e-01,-2.349075156451290586e-02,-6.054743687497420729e-02,-1.426163723455939614e-01,-7.532519372631816257e-01
3.080000000000000071e+01,1.500000000000000000e+01,5.386262286581588121e+00,4.038735394417138913e+00,-5.992603509755804747e-02,4.387651719276735585e-01,-1.834966671893747958e-01,-4.308247783323082558e-02,4.379775763502070651e-01,-2.627772271562884426e-02,-5.134419987336872465e-02,-1.360525391335274392e-01,-7.214161158975900268e-01
3.082000000000000028e+01,1.500000000000000000e+01,5.395012196501869361e+00,4.038183075240160846e+00,-6.610217549647956492e-02,4.380015683416041972e-01,-1.749410415979668898e-01,-3.322013596992157147e-02,4.370449933283928612e-01,-2.893177623807442062e-02,-4.187133963589820956e-02,-1.293271721545227182e-01,-6.870663410874863208e-01
3.083999999999999986e+01,1.500000000000000000e+01,5.403745366003925632e+00,4.037579030066244634e+00,-7.195787754764067234e-02,4.374363664888767378e-01,-1.657747660390846423e-01,-2.325442692666612743e-02,4.363043462903046787e-01,-3.144983521706860158e-02,-3.215495056840221577e-02,-1.224556474643480192e-01,-6.503798401509143234e-01
3.085999999999999943e+01,1.500000000000000000e+01,5.412465680773566490e+00,4.036926006992730187e+00,-7.747704141785877185e-02,4.370713912645375898e-01,-1.560444478150551095e-01,-1.320882060413275383e-02,4.357602448684847474e-01,-3.382913025894566245e-02,-2.222112707671949905e-02,-1.154533411187708275e-01,-6.115586424523505871e-01
3.087999999999999901e+01,1.500000000000000000e+01,5.421177113470376341e+00,4.036226806429622727e+00,-8.264506220565234762e-02,4.369080136647114365e-01,-1.458032242647909760e-01,-3.105265382378874506e-03,4.354167768073582967e-01,-3.606719949115519408e-02,-1.209596356668943273e-02,-1.083356291735593085e-01,-5.708271176862792506e-01
3.089999999999999858e+01,1.500000000000000000e+01,5.429883713289949121e+00,4.035484274949163286e+00,-8.744894815170566049e-02,4.369471806492424282e-01,-1.351102063888173777e-01,7.035743173092967595e-03,4.352775079632339450e-01,-3.816188856226226250e-02,-1.805554444151333997e-03,-1.011178876844813779e-01,-5.284291132429778104e-01
3.092000000000000171e+01,1.500000000000000000e+01,5.438589595526116760e+00,4.034701299135412533e+00,-9.187742280105819226e-02,4.371894433916351241e-01,-1.240297819811087138e-01,1.719507047332946570e-02,4.353454823043033661e-01,-4.011135064194714522e-02,8.624005885055777490e-03,-9.381549270730485390e-02,-4.846247595832465227e-01
3.094000000000000128e+01,1.500000000000000000e+01,5.447298931133198963e+00,4.033880799433827491e+00,-9.592100983910062384e-02,4.376349834681755868e-01,-1.126307901166826025e-01,2.735482966718905118e-02,4.356232219106416226e-01,-4.191404642100559491e-02,1.916662301509258065e-02,-8.644382029779774934e-02,-4.396870200645607851e-01
3.096000000000000085e+01,1.500000000000000000e+01,5.456015936288231671e+00,4.033025724000834700e+00,-9.957209966253066646e-02,4.382836365783226995e-01,-1.009855847626397601e-01,3.749824925858646907e-02,4.361127269742068324e-01,-4.356874411134864511e-02,2.979620254011989058e-02,-7.901824651172796588e-02,-3.938980662848379222e-01
3.098000000000000043e+01,1.500000000000000000e+01,5.464744861953213295e+00,4.032139042553415820e+00,-1.028249970921675249e-01,4.391349134385190700e-01,-8.916901075087362016e-02,4.760952428784470669e-02,4.368154757988406689e-01,-4.507451944600271432e-02,4.048665005429860630e-02,-7.155414740486332192e-02,-3.475455617490728621e-01
3.100000000000000000e+01,1.500000000000000000e+01,5.473489983437338502e+00,4.031223740218676355e+00,-1.056759499771575128e-01,4.401880175498363856e-01,-7.725731991578148328e-02,5.767365414910941013e-02,4.377324248002675833e-01,-4.643075567910964763e-02,5.121187115178948979e-02,-6.406689903297180244e-02,-3.009189356674638050e-01
3.101999999999999957e+01,1.500000000000000000e+01,5.482255589959230235e+00,4.030282811383431252e+00,-1.081231587709532982e-01,4.414418596044833443e-01,-6.532705844974484588e-02,6.767627038234991232e-02,4.388640085060954155e-01,-4.763714358592652243e-02,6.194577142675330300e-02,-5.657187745182132299e-02,-2.543057252256819556e-01
3.103999999999999915e+01,1.500000000000000000e+01,5.491045974209183278e+00,4.029319253543776291e+00,-1.101667674711727801e-01,4.428950683651303732e-01,-5.345395815317403182e-02,7.760345794259393415e-02,4.402101395558152275e-01,-4.869368146282590515e-02,7.266225647335093629e-02,-4.908445871717979220e-02,-2.079880590771993887e-01
3.105999999999999872e+01,1.500000000000000000e+01,5.499865421911405150e+00,4.028336061154671910e+00,-1.118088366021482288e-01,4.445459979221870750e-01,-4.171186408787084382e-02,8.744157351002357359e-02,4.417702087008014145e-01,-4.960067512729558065e-02,8.333523188574305796e-02,-4.162001888481509093e-02,-1.622393474941293545e-01
3.107999999999999829e+01,1.500000000000000000e+01,5.508718201386247237e+00,4.027336219479515478e+00,-1.130532991762687456e-01,4.463927313055311985e-01,-3.017172918276072452e-02,9.717706436492790090e-02,4.435430848043113716e-01,-5.035873791793878118e-02,9.393860325809065548e-02,-3.419393401049515557e-02,-1.173212359979440567e-01
3.110000000000000142e+01,1.500000000000000000e+01,5.517608553112443914e+00,4.026322698439719794e+00,-1.139059007950706109e-01,4.484330804967844863e-01,-1.890070275784001483e-02,1.067962912179822865e-01,4.455271148414858273e-01,-5.096879069447414479e-02,1.044462761845543625e-01,-2.682158014998793985e-02,-7.348086979023212006e-02
3.112000000000000099e+01,1.500000000000000000e+01,5.526540679289353442e+00,4.025298446464296021e+00,-1.143741252416949628e-01,4.506645829542507697e-01,-7.961335038876318770e-03,1.162853581677083525e-01,4.477201238993486765e-01,-5.143206183773550710e-02,1.148321562592950762e-01,-1.951833335906130729e-02,-3.094850630589174312e-02
3.114000000000000057e+01,1.500000000000000000e+01,5.535518733399189983e+00,4.024266384339424185e+00,-1.144671070721086092e-01,4.530844948234927783e-01,2.589086050972294085e-03,1.256299526657951304e-01,4.501194151768072582e-01,-5.175008724967225526e-02,1.250701490764736246e-01,-1.229956969348312834e-02,1.006449693366546702e-02
3.116000000000000014e+01,1.500000000000000000e+01,5.544546809769269835e+00,4.023229399058035227e+00,-1.141955328335415437e-01,4.556897810608824817e-01,1.269905574826011435e-02,1.348151980193055266e-01,4.527217699846516341e-01,-5.192471035334896012e-02,1.351341602302507383e-01,-5.180665209021467765e-03,4.936730197995750635e-02
3.117999999999999972e+01,1.500000000000000000e+01,5.553628933134238999e+00,4.022190337669389493e+00,-1.135715326257870222e-01,4.584771027442648417e-01,2.232322705506869370e-02,1.438255205615970311e-01,4.555234477455555875e-01,-5.195808209294566771e-02,1.449980953147871343e-01,1.823004038555873368e-03,8.679081002644527254e-02
3.119999999999999929e+01,1.500000000000000000e+01,5.562769048198318522e+00,4.021152001128648124e+00,-1.126085637756656793e-01,4.614428018833462430e-01,3.142264092120614777e-02,1.526445331959607188e-01,4.585201859940758462e-01,-5.185266093375773960e-02,1.546358599242439458e-01,8.696061993481043681e-03,1.221884822595648429e-01
3.121999999999999886e+01,1.500000000000000000e+01,5.571971009197537406e+00,4.020117138146458657e+00,-1.113212884187897156e-01,4.645828840721031860e-01,3.996481879197917586e-02,1.612549365714759375e-01,4.617072003766525823e-01,-5.161121286219588766e-02,1.640213596527816398e-01,1.542313259998600618e-02,1.554367715726479027e-01
3.123999999999999844e+01,1.500000000000000000e+01,5.581238569461975274e+00,4.019088439038529970e+00,-1.097254467777326048e-01,4.678929993462051518e-01,4.792372829590506311e-02,1.696384387039628905e-01,4.650791846516088568e-01,-5.123681138578621563e-02,1.731285000945613217e-01,2.198883980230294591e-02,1.864351820452629371e-01
3.126000000000000156e+01,1.500000000000000000e+01,5.590575370977993508e+00,4.018068529575206327e+00,-1.078377278939754991e-01,4.713684216202622124e-01,5.527963575794104384e-02,1.777756934192193938e-01,4.686303106891510639e-01,-5.073283753317014283e-02,1.819311868437434587e-01,2.837780754466383629e-02,2.151059794389520163e-01
3.128000000000000114e+01,1.500000000000000000e+01,5.599984933950481469e+00,4.017059964831051211e+00,-1.056756395148841232e-01,4.750040270829744005e-01,6.201886106523344516e-02,1.856462575818795813e-01,4.723542284713689865e-01,-5.010297985410448740e-02,1.904033254944891285e-01,3.457465977130086410e-02,2.413935812773815859e-01
3.130000000000000071e+01,1.500000000000000000e+01,5.609470646365081414e+00,4.016065223034417819e+00,-1.032573787589305542e-01,4.787942719235372402e-01,6.813345126960697329e-02,1.932285666931967683e-01,4.762440660922354074e-01,-4.935123441946138306e-02,1.985188216409589645e-01,4.056402042644605133e-02,2.652636593307599600e-01
3.132000000000000028e+01,1.500000000000000000e+01,5.619035753550441825e+00,4.015086699417034666e+00,-1.006017050850336603e-01,4.827331697507020736e-01,7.362078932583210333e-02,2.004999281008572609e-01,4.802924297576066093e-01,-4.848190482122836931e-02,2.062515808773139336e-01,4.633051345433156221e-02,2.867019904993721169e-01
3.133999999999999986e+01,1.500000000000000000e+01,5.628683347740443210e+00,4.014126700063576969e+00,-9.772781697800796141e-02,4.868142690475714129e-01,7.848315370941061353e-02,2.074365307714671758e-01,4.844914037852216526e-01,-4.749960217250831507e-02,2.135755087977146693e-01,5.185876279918938403e-02,3.057130941981785477e-01
3.135999999999999943e+01,1.500000000000000000e+01,5.638416357636438114e+00,4.013187435761247812e+00,-9.465523363460050243e-02,4.910306309815605785e-01,8.272724351223534334e-02,2.140134703360860868e-01,4.888325506047032087e-01,-4.640924510751943954e-02,2.204645109963221106e-01,5.713339240525166368e-02,3.223186954127065795e-01
3.137999999999999901e+01,1.500000000000000000e+01,5.648237537969495570e+00,4.012271015849353972e+00,-9.140368279650327998e-02,4.953748078610146210e-01,8.636368214890906281e-02,2.202047879326336499e-01,4.933069107575570600e-01,-4.521605978159533301e-02,2.268924930672969742e-01,6.213902621675046478e-02,3.365560526746492753e-01
3.139999999999999858e+01,1.500000000000000000e+01,5.658149459062626896e+00,4.011379442068884416e+00,-8.799299573120597517e-02,4.998388224988657980e-01,8.940651116848910562e-02,2.259835212377243607e-01,4.979050028971719888e-01,-4.392557987118494989e-02,2.328333606048001436e-01,6.686028817791793422e-02,3.484761893615907491e-01
3.142000000000000171e+01,1.500000000000000000e+01,5.668154496393038144e+00,4.010514602412090568e+00,-8.444301021181729872e-02,5.044141487105242572e-01,9.187268397499342987e-02,2.313217660027380163e-01,5.026168237888202217e-01,-4.254364657385263648e-02,2.382610192029923080e-01,7.128180223298602458e-02,3.581420650449211873e-01
3.144000000000000128e+01,1.500000000000000000e+01,5.678254820154349680e+00,4.009678264972056816e+00,-8.077348219624903847e-02,5.090916931389759537e-01,9.378156760372594047e-02,2.361907463822330300e-01,5.074318483096572630e-01,-4.107640860827797141e-02,2.431493744560344616e-01,7.538819232618698685e-02,3.656267211951504392e-01
3.146000000000000085e+01,1.500000000000000000e+01,5.688452384818853069e+00,4.008872071792286995e+00,-7.700400675758409252e-02,5.138617785658133874e-01,9.515445913910826337e-02,2.405608923638915542e-01,5.123390294487216723e-01,-3.953032221425602927e-02,2.474723319580871550e-01,7.916408240175279443e-02,3.710114325192753193e-01
3.148000000000000043e+01,1.500000000000000000e+01,5.698748918699735100e+00,4.008097532716274891e+00,-7.315394867405332346e-02,5.187141288335314071e-01,9.601412192819919200e-02,2.444019226718658899e-01,5.173267983069352871e-01,-3.791215115269721408e-02,2.512037973033114380e-01,8.259409640391557339e-02,3.743838916747368462e-01
3.150000000000000000e+01,1.500000000000000000e+01,5.709145913513319570e+00,4.007356019237087175e+00,-6.924238295165185963e-02,5.236378554726878187e-01,9.638434545760465877e-02,2.476829316147171056e-01,5.223830640971030004e-01,-3.622896670562722465e-02,2.543176760858679719e-01,8.566285827690742205e-02,3.758364512075069164e-01
3.151999999999999957e+01,1.500000000000000000e+01,5.719644613941305522e+00,4.006648758346937456e+00,-6.528804542756988516e-02,5.286214460981198959e-01,9.628953162079932626e-02,2.503724784798784242e-01,5.274952141439133158e-01,-3.448814767618717247e-02,2.567878738999176402e-01,8.835499196496038321e-02,3.754644424266586067e-01
3.153999999999999915e+01,1.500000000000000000e+01,5.730246007193004587e+00,4.005976826386764778e+00,-6.130929349052493399e-02,5.336527546118827736e-01,9.575430909917019562e-02,2.524386782309484545e-01,5.326501138839373484e-01,-3.269738038863350543e-02,2.585882963396212153e-01,9.065512141230662457e-02,3.733645866777867139e-01
3.155999999999999872e+01,1.500000000000000000e+01,5.740950812567582773e+00,4.005341142895814777e+00,-5.732407685662748581e-02,5.387189932273576121e-01,9.480317669912413647e-02,2.538492924371862358e-01,5.378341068656302681e-01,-3.086465868833807025e-02,2.596928489991395250e-01,9.254787056317814731e-02,3.696335102265849715e-01
3.157999999999999829e+01,1.500000000000000000e+01,5.751759471016285374e+00,4.004742464461211071e+00,-5.334991825807803428e-02,5.438067263093699921e-01,9.346017571282265457e-02,2.545718195508790416e-01,5.430330147493295234e-01,-2.899828394178800839e-02,2.600754374726332863e-01,9.401786336180709136e-02,3.643663698115018335e-01
3.160000000000000142e+01,1.500000000000000000e+01,5.762672134704692084e+00,4.004181378567539085e+00,-4.940390383789390605e-02,5.489018660093935020e-01,9.174859068480868685e-02,2.545735838420366548e-01,5.482321373072565063e-01,-2.710686503658585322e-02,2.597099673542634379e-01,9.504972375242551341e-02,3.576555919531768102e-01
3.162000000000000099e+01,1.500000000000000000e+01,5.773688656574939237e+00,4.003658297446418324e+00,-4.550268299776132758e-02,5.539896696630521866e-01,8.969067735541458308e-02,2.538218224969419623e-01,5.534162524235153313e-01,-2.519931838144950226e-02,2.585703442381905859e-01,9.562807567926548402e-02,3.495897253813167183e-01
3.164000000000000057e+01,1.500000000000000000e+01,5.784808579907970483e+00,4.003173451926086202e+00,-4.166247741844630176e-02,5.590547389092709318e-01,8.730741600041783124e-02,2.522837705856098012e-01,5.585696160940938348e-01,-2.328486790621220326e-02,2.566304737185757245e-01,9.573754308655912926e-02,3.402524024984997508e-01
3.166000000000000014e+01,1.500000000000000000e+01,5.796031127885760803e+00,4.002726885280969427e+00,-3.789909896316760729e-02,5.640810204864763477e-01,8.461828788264448564e-02,2.499267437982624074e-01,5.636759624268625757e-01,-2.137304506182255773e-02,2.538642613895796263e-01,9.536274991853853356e-02,3.297214026654098351e-01
3.167999999999999972e+01,1.500000000000000000e+01,5.807355193153566297e+00,4.002318447081265163e+00,-3.422797618393549207e-02,5.690518086612011972e-01,8.164107206395364302e-02,2.467182190428047761e-01,5.687185036415755013e-01,-1.947368882034455906e-02,2.502456128453630635e-01,9.448832011943575360e-02,3.180678072618411401e-01
3.169999999999999929e+01,1.500000000000000000e+01,5.818779327382155309e+00,4.001947787042519522e+00,-3.066418917898665331e-02,5.739497492481883123e-01,7.839165938468968531e-02,2.426259131839465510e-01,5.736799300698699478e-01,-1.759694567495748152e-02,2.457484336800868641e-01,9.309887763348291545e-02,3.053552339305685148e-01
3.171999999999999886e+01,1.500000000000000000e+01,5.830301730830049323e+00,4.001614348875202509e+00,-2.722251259597947837e-02,5.787568451885588550e-01,7.488387999143911178e-02,2.376178603893972507e-01,5.785424101552663068e-01,-1.575326963995602250e-02,2.403466294879118004e-01,9.117904640491210355e-02,2.916391351052117220e-01
3.173999999999999844e+01,1.500000000000000000e+01,5.841920241905758537e+00,4.001317364134287402e+00,-2.391746664051016755e-02,5.834544636637639670e-01,7.112934037093358863e-02,2.316624887325193782e-01,5.832875904531681366e-01,-1.395342225075023659e-02,2.340141058629987003e-01,8.871345037795536070e-02,2.769661437983684804e-01
3.176000000000000156e+01,1.500000000000000000e+01,5.853632326730016544e+00,4.001055846068828359e+00,-2.076337603292258485e-02,5.880233447378602207e-01,6.713726541457071262e-02,2.247286968864425916e-01,5.878965956308623841e-01,-1.220847256386550436e-02,2.267247683995083085e-01,8.568671349684478522e-02,2.613734476047123167e-01
3.178000000000000114e+01,1.500000000000000000e+01,5.865435068698027443e+00,4.000828583471538025e+00,-1.777443695874958082e-02,5.924436115392223146e-01,6.291434057811216840e-02,2.167859319358527159e-01,5.923500284675190519e-01,-1.052979715694258266e-02,2.184525226916015361e-01,8.208345970581253093e-02,2.448881698602429768e-01
3.180000000000000071e+01,1.500000000000000000e+01,5.877325158041693420e+00,4.000634134528363361e+00,-1.496479218029863993e-02,5.966947820152941340e-01,5.846454869525835596e-02,2.078042695358508496e-01,5.966279698541914200e-01,-8.929080128737594199e-03,2.091712743334391833e-01,7.788831294909059899e-02,2.275267347803910933e-01
3.182000000000000028e+01,1.500000000000000000e+01,5.889298881391857421e+00,4.000470820668069472e+00,-1.234861462027688622e-02,6.007557823206561842e-01,5.378899542865554773e-02,1.977544978679208754e-01,6.007099787938161572e-01,-7.418313099122008508e-03,1.988549289191819391e-01,7.308589717091110161e-02,2.092941910437810249e-01
3.183999999999999986e+01,1.500000000000000000e+01,5.901352111340539608e+00,4.000336720411806546e+00,-9.940199895018392989e-03,6.046049619300107869e-01,4.888571666942363031e-02,1.866082070900851875e-01,6.045750924012125438e-01,-6.009795209082651433e-03,1.874773920429906593e-01,6.766083631550612321e-02,1.901834655401235530e-01
3.185999999999999943e+01,1.500000000000000000e+01,5.913480296003177372e+00,4.000229663222699017e+00,-7.754068467755708544e-03,6.082201106042594008e-01,4.374946039298689693e-02,1.743378862628901516e-01,6.082018259030839147e-01,-4.716133120721716435e-03,1.750125692990262272e-01,6.159775432710779680e-02,1.701745156776392487e-01
3.187999999999999901e+01,1.500000000000000000e+01,5.925678448580858237e+00,4.000147223355416060e+00,-5.805078315429214840e-03,6.115784773805262864e-01,3.837143450487422169e-02,1.609170300662796649e-01,6.115681726380161054e-01,-3.550241017256747234e-03,1.614343662814493596e-01,5.488127514994814438e-02,1.492333445305631112e-01
3.189999999999999858e+01,1.500000000000000000e+01,5.937941136922563423e+00,4.000086713705751862e+00,-4.108549260979069487e-03,6.146567918069104630e-01,3.273901101778649292e-02,1.463202580211753201e-01,6.146516040564787842e-01,-2.525340603020649523e-03,1.467166885844208846e-01,4.749602272825928506e-02,1.273108379389228106e-01
3.192000000000000171e+01,1.500000000000000000e+01,5.950262473087398973e+00,4.000045179660202344e+00,-2.680400423689915934e-03,6.174312877013736767e-01,2.683537543451936999e-02,1.305234494130775857e-01,6.174290697208243417e-01,-1.654961103461696607e-03,1.308334418021018242e-01,3.942662100627340044e-02,1.043413761304866627e-01
3.194000000000000128e+01,1.500000000000000000e+01,5.962636102906838431e+00,4.000019392945543650e+00,-1.537302591630928866e-03,6.198777297834339173e-01,2.063910840441018565e-02,1.135038977067797106e-01,6.198769973052886684e-01,-9.529392651434896071e-04,1.137585315286526039e-01,3.065769392822239453e-02,8.024116412077364480e-02
3.196000000000000085e+01,1.500000000000000000e+01,5.975055195546960185e+00,4.000005845478408872e+00,-6.968477335671362932e-04,6.219714436096447363e-01,1.412368449729928602e-02,9.524048897321257812e-02,6.219712925959907102e-01,-4.334193557450194260e-04,9.546586335823417646e-02,2.117386543833842810e-02,5.490621456119775673e-02
3.198000000000000043e+01,1.500000000000000000e+01,5.987512433070681261e+00,4.000000743214866539e+00,-1.777383568244096581e-04,6.236873493423623627e-01,7.256870211104468442e-03,7.571390975888370178e-02,6.236873394909326906e-01,-1.108531640606240582e-04,7.592934288500738371e-02,1.095975948085360294e-02,2.820990321200144563e-02
3.200000000000000000e+01,1.600000000000000000e+01,6.000000000000000000e+00,4.000000000000000000e+00,0.000000000000000000e+00,6.250000000000000000e-01,0.000000000000000000e+00,6.454572088493293336e-02,6.250000000000000000e-01,0.000000000000000000e+00,5.512287570313301188e-02,0.000000000000000000e+00,0.000000000000000000e+00
3.202000000000000313e+01,1.600000000000000000e+01,6.012512141326154413e+00,3.999999999999999556e+00,0.000000000000000000e+00,6.262691781777598443e-01,0.000000000000000000e+00,7.148025775411070981e-02,6.262691781777598443e-01,0.000000000000000000e+00,7.163684598523376024e-02,0.000000000000000000e+00,0.000000000000000000e+00
3.203999999999999915e+01,1.600000000000000000e+01,6.025052906073054437e+00,4.000000000000000000e+00,0.000000000000000000e+00,6.278592103101642286e-01,0.000000000000000000e+00,8.705771436243026073e-02,6.278592103101642286e-01,0.000000000000000000e+00,8.721128688057505629e-02,0.000000000000000000e+00,0.000000000000000000e+00
3.206000000000000227e+01,1.600000000000000000e+01,6.037628524620204828e+00,3.999999999999999556e+00,0.000000000000000000e+00,6.297514867522570059e-01,0.000000000000000000e+00,1.017137358618818155e-01,6.297514867522570059e-01,0.000000000000000000e+00,1.018642926670441790e-01,0.000000000000000000e+00,0.000000000000000000e+00
3.207999999999999829e+01,1.600000000000000000e+01,6.050244858773060841e+00,3.999999999999999112e+00,0.000000000000000000e+00,6.319277597446393280e-01,0.000000000000000000e+00,1.154664165303440626e-01,6.319277597446393280e-01,0.000000000000000000e+00,1.156139576225283516e-01,0.000000000000000000e+00,0.000000000000000000e+00
3.210000000000000142e+01,1.600000000000000000e+01,6.062907409000747982e+00,3.999999999999999112e+00,0.000000000000000000e+00,6.343701434134707551e-01,0.000000000000000000e+00,1.283338506457187833e-01,6.343701434134707551e-01,0.000000000000000000e+00,1.284783760249148810e-01,0.000000000000000000e+00,0.000000000000000000e+00
3.211999999999999744e+01,1.600000000000000000e+01,6.075621321673767561e+00,3.999999999999998668e+00,0.000000000000000000e+00,6.370611137704679239e-01,0.000000000000000000e+00,1.403341324858740080e-01,6.370611137704679239e-01,0.000000000000000000e+00,1.404756421520910181e-01,0.000000000000000000e+00,0.000000000000000000e+00
3.214000000000000057e+01,1.600000000000000000e+01,6.088391396301716441e+00,3.999999999999998224e+00,0.000000000000000000e+00,6.399835087129056577e-01,0.000000000000000000e+00,1.514853563287150706e-01,6.399835087129056577e-01,0.000000000000000000e+00,1.516238502819440004e-01,0.000000000000000000e+00,0.000000000000000000e+00
3.215999999999999659e+01,1.600000000000000000e+01,6.101222092770990812e+00,4.000000000000000000e+00,0.000000000000000000e+00,6.431205280236163002e-01,0.000000000000000000e+00,1.618056164521064488e-01,6.431205280236163002e-01,0.000000000000000000e+00,1.619410946923611205e-01,0.000000000000000000e+00,0.000000000000000000e+00
3.217999999999999972e+01,1.600000000000000000e+01,6.114117538582489075e+00,4.000000000000000888e+00,0.000000000000000000e+00,6.464557333709898268e-01,0.000000000000000000e+00,1.713130071339250549e-01,6.464557333709898268e-01,0.000000000000000000e+00,1.714454696612296436e-01,0.000000000000000000e+00,0.000000000000000000e+00
3.220000000000000284e+01,1.600000000000000000e+01,6.127081536089347580e+00,4.000000000000000000e+00,0.000000000000000000e+00,6.499730483089742883e-01,0.000000000000000000e+00,1.800256226521419478e-01,6.499730483089742883e-01,0.000000000000000000e+00,1.801550694664367791e-01,0.000000000000000000e+00,0.000000000000000000e+00
3.221999999999999886e+01,1.600000000000000000e+01,6.140117569734629299e+00,4.000000000000000000e+00,0.000000000000000000e+00,6.536567582770753670e-01,0.000000000000000000e+00,1.879615572845558802e-01,6.536567582770753670e-01,0.000000000000000000e+00,1.880879883858697921e-01,0.000000000000000000e+00,0.000000000000000000e+00
3.224000000000000199e+01,1.600000000000000000e+01,6.153228813289045362e+00,4.000000000000000000e+00,0.000000000000000000e+00,6.574915106003564880e-01,0.000000000000000000e+00,1.951389053090935022e-01,6.574915106003564880e-01,0.000000000000000000e+00,1.952623206974160031e-01,0.000000000000000000e+00,0.000000000000000000e+00
3.225999999999999801e+01,1.600000000000000000e+01,6.166418137088662377e+00,4.000000000000000888e+00,0.000000000000000000e+00,6.614623144894388185e-01,0.000000000000000000e+00,2.015757610036139624e-01,6.614623144894388185e-01,0.000000000000000000e+00,2.016961606789627048e-01,0.000000000000000000e+00,0.000000000000000000e+00
3.228000000000000114e+01,1.600000000000000000e+01,6.179688115272615967e+00,4.000000000000000000e+00,0.000000000000000000e+00,6.655545410405010465e-01,0.000000000000000000e+00,2.072902186460297003e-01,6.655545410405010465e-01,0.000000000000000000e+00,2.074076026083970237e-01,0.000000000000000000e+00,0.000000000000000000e+00
3.229999999999999716e+01,1.600000000000000000e+01,6.193041033020822539e+00,3.999999999999999556e+00,0.000000000000000000e+00,6.697539232352798244e-01,0.000000000000000000e+00,2.123003725142176279e-01,6.697539232352798244e-01,0.000000000000000000e+00,2.124147407636062801e-01,0.000000000000000000e+00,0.000000000000000000e+00
3.232000000000000028e+01,1.600000000000000000e+01,6.206478893791681273e+00,3.999999999999999112e+00,0.000000000000000000e+00,6.740465559410695473e-01,0.000000000000000000e+00,2.166243168860333412e-01,6.740465559410695473e-01,0.000000000000000000e+00,2.167356694224777391e-01,0.000000000000000000e+00,0.000000000000000000e+00
3.234000000000000341e+01,1.600000000000000000e+01,6.220003426559803650e+00,3.999999999999999556e+00,0.000000000000000000e+00,6.784188959107224637e-01,0.000000000000000000e+00,2.202801460394816502e-01,6.784188959107224637e-01,0.000000000000000000e+00,2.203884828628988324e-01,0.000000000000000000e+00,0.000000000000000000e+00
3.235999999999999943e+01,1.600000000000000000e+01,6.233616093053710117e+00,4.000000000000000888e+00,0.000000000000000000e+00,6.828577617826485646e-01,0.000000000000000000e+00,2.232859542523186747e-01,6.828577617826485646e-01,0.000000000000000000e+00,2.233912753627565195e-01,0.000000000000000000e+00,0.000000000000000000e+00
3.238000000000000256e+01,1.600000000000000000e+01,6.247318094993534743e+00,4.000000000000001776e+00,0.000000000000000000e+00,6.873503340808151396e-01,0.000000000000000000e+00,2.256598358024817230e-01,6.873503340808151396e-01,0.000000000000000000e+00,2.257621411999382877e-01,0.000000000000000000e+00,0.000000000000000000e+00
3.239999999999999858e+01,1.600000000000000000e+01,6.261110381328760965e+00,4.000000000000000888e+00,0.000000000000000000e+00,6.918841552147475538e-01,0.000000000000000000e+00,2.274198849678548129e-01,6.918841552147475538e-01,0.000000000000000000e+00,2.275191746523312908e-01,0.000000000000000000e+00,0.000000000000000000e+00
3.242000000000000171e+01,1.600000000000000000e+01,6.274993655475911147e+00,4.000000000000000888e+00,0.000000000000000000e+00,6.964471294795291367e-01,0.000000000000000000e+00,2.285841960263290673e-01,6.964471294795291367e-01,0.000000000000000000e+00,2.286804699978227662e-01,0.000000000000000000e+00,0.000000000000000000e+00
3.243999999999999773e+01,1.600000000000000000e+01,6.288968382556266334e+00,4.000000000000000888e+00,0.000000000000000000e+00,7.010275230558004056e-01,0.000000000000000000e+00,2.291708632557778458e-01,7.010275230558004056e-01,0.000000000000000000e+00,2.292641215143000899e-01,0.000000000000000000e+00,0.000000000000000000e+00
3.246000000000000085e+01,1.600000000000000000e+01,6.303034796633575354e+00,4.000000000000000000e+00,0.000000000000000000e+00,7.056139640097601751e-01,0.000000000000000000e+00,2.291979809341100349e-01,7.056139640097601751e-01,0.000000000000000000e+00,2.292882234796503882e-01,0.000000000000000000e+00,0.000000000000000000e+00
3.247999999999999687e+01,1.600000000000000000e+01,6.317192907951765690e+00,4.000000000000000000e+00,0.000000000000000000e+00,7.101954422931646693e-01,0.000000000000000000e+00,2.286836433391989942e-01,7.101954422931646693e-01,0.000000000000000000e+00,2.287708701717610926e-01,0.000000000000000000e+00,0.000000000000000000e+00
3.250000000000000000e+01,1.600000000000000000e+01,6.331442510172659688e+00,4.000000000000000000e+00,0.000000000000000000e+00,7.147613097433279661e-01,0.000000000000000000e+00,2.276459447489038723e-01,7.147613097433279661e-01,0.000000000000000000e+00,2.277301558685193017e-01,0.000000000000000000e+00,0.000000000000000000e+00
3.252000000000000313e+01,1.600000000000000000e+01,6.345783187613678322e+00,3.999999999999999556e+00,0.000000000000000000e+00,7.193012800831223297e-01,0.000000000000000000e+00,2.261029794412223737e-01,7.193012800831223297e-01,0.000000000000000000e+00,2.261841748478123360e-01,0.000000000000000000e+00,0.000000000000000000e+00
3.253999999999999915e+01,1.600000000000000000e+01,6.360214322485552962e+00,4.000000000000000000e+00,0.000000000000000000e+00,7.238054289209767678e-01,0.000000000000000000e+00,2.240728416939177237e-01,7.238054289209767678e-01,0.000000000000000000e+00,2.241510213875274882e-01,0.000000000000000000e+00,0.000000000000000000e+00
3.256000000000000227e+01,1.600000000000000000e+01,6.374735102130044240e+00,4.000000000000000000e+00,0.000000000000000000e+00,7.282641937508788077e-01,0.000000000000000000e+00,2.215736257849201252e-01,7.282641937508788077e-01,0.000000000000000000e+00,2.216487897655520234e-01,0.000000000000000000e+00,0.000000000000000000e+00
3.257999999999999829e+01,1.600000000000000000e+01,6.389344526257644041e+00,3.999999999999998668e+00,0.000000000000000000e+00,7.326683739523733863e-01,0.000000000000000000e+00,2.186234259921207013e-01,7.326683739523733863e-01,0.000000000000000000e+00,2.186955742597731511e-01,0.000000000000000000e+00,0.000000000000000000e+00
3.260000000000000142e+01,1.600000000000000000e+01,6.404041414185297043e+00,3.999999999999999556e+00,0.000000000000000000e+00,7.370091307905635158e-01,0.000000000000000000e+00,2.152403365934105750e-01,7.370091307905635158e-01,0.000000000000000000e+00,2.153094691480781087e-01,0.000000000000000000e+00,0.000000000000000000e+00
3.261999999999999744e+01,1.600000000000000000e+01,6.418824412074098262e+00,3.999999999999999556e+00,0.000000000000000000e+00,7.412779874161096183e-01,0.000000000000000000e+00,2.114424518666702113e-01,7.412779874161096183e-01,0.000000000000000000e+00,2.115085687083542443e-01,0.000000000000000000e+00,0.000000000000000000e+00
3.264000000000000057e+01,1.600000000000000000e+01,6.433692000167012814e+00,3.999999999999998668e+00,0.000000000000000000e+00,7.454668288652300800e-01,0.000000000000000000e+00,2.072478660897836278e-01,7.454668288652300800e-01,0.000000000000000000e+00,2.073109672184888508e-01,0.000000000000000000e+00,0.000000000000000000e+00
3.265999999999999659e+01,1.600000000000000000e+01,6.448642500026589452e+00,3.999999999999999556e+00,0.000000000000000000e+00,7.495679020597008080e-01,0.000000000000000000e+00,2.026746735406455002e-01,7.495679020597008080e-01,0.000000000000000000e+00,2.027347589563690822e-01,0.000000000000000000e+00,0.000000000000000000e+00
3.267999999999999972e+01,1.600000000000000000e+01,6.463674081772667002e+00,3.999999999999999556e+00,0.000000000000000000e+00,7.535738158068556736e-01,0.000000000000000000e+00,1.977409684971007664e-01,7.535738158068556736e-01,0.000000000000000000e+00,1.977980381998821757e-01,0.000000000000000000e+00,0.000000000000000000e+00
3.270000000000000284e+01,1.600000000000000000e+01,6.478784771320082569e+00,3.999999999999998668e+00,0.000000000000000000e+00,7.574775407995861798e-01,0.000000000000000000e+00,1.924648452371613416e-01,7.574775407995861798e-01,0.000000000000000000e+00,1.925188992269155630e-01,0.000000000000000000e+00,0.000000000000000000e+00
3.271999999999999886e+01,1.600000000000000000e+01,6.493972457616392191e+00,4.000000000000000000e+00,0.000000000000000000e+00,7.612724096163419052e-01,0.000000000000000000e+00,1.868643980385833459e-01,7.612724096163419052e-01,0.000000000000000000e+00,1.869154363153563980e-01,0.000000000000000000e+00,0.000000000000000000e+00
3.274000000000000199e+01,1.600000000000000000e+01,6.509234899879571934e+00,4.000000000000000000e+00,0.000000000000000000e+00,7.649521167211293937e-01,0.000000000000000000e+00,1.809577211792898765e-01,7.649521167211293937e-01,0.000000000000000000e+00,1.810057437430918903e-01,0.000000000000000000e+00,0.000000000000000000e+00
3.275999999999999801e+01,1.600000000000000000e+01,6.524569734835736767e+00,4.000000000000000000e+00,0.000000000000000000e+00,7.685107184635133759e-01,0.000000000000000000e+00,1.747629089371862676e-01,7.685107184635133759e-01,0.000000000000000000e+00,1.748079157880093604e-01,0.000000000000000000e+00,0.000000000000000000e+00
3.278000000000000114e+01,1.600000000000000000e+01,6.539974483956845219e+00,3.999999999999999556e+00,0.000000000000000000e+00,7.719426330786166579e-01,0.000000000000000000e+00,1.682980555901636421e-01,7.719426330786166579e-01,0.000000000000000000e+00,1.683400467279960178e-01,0.000000000000000000e+00,0.000000000000000000e+00
3.279999999999999716e+01,1.600000000000000000e+01,6.555446560698418246e+00,4.000000000000000000e+00,0.000000000000000000e+00,7.752426406871197884e-01,0.000000000000000000e+00,1.615812554160847014e-01,7.752426406871197884e-01,0.000000000000000000e+00,1.616202308409392663e-01,0.000000000000000000e+00,0.000000000000000000e+00
3.282000000000000028e+01,1.600000000000000000e+01,6.570983277737242112e+00,4.000000000000000000e+00,0.000000000000000000e+00,7.784058832952599483e-01,0.000000000000000000e+00,1.546306026928228050e-01,7.784058832952599483e-01,0.000000000000000000e+00,1.546665624047262044e-01,0.000000000000000000e+00,0.000000000000000000e+00
3.284000000000000341e+01,1.600000000000000000e+01,6.586581854209087261e+00,4.000000000000000888e+00,0.000000000000000000e+00,7.814278647948337264e-01,0.000000000000000000e+00,1.474641916983543410e-01,7.814278647948337264e-01,0.000000000000000000e+00,1.474971356972443470e-01,0.000000000000000000e+00,0.000000000000000000e+00
3.285999999999999943e+01,1.600000000000000000e+01,6.602239422946409420e+00,4.000000000000000888e+00,0.000000000000000000e+00,7.843044509631940109e-01,0.000000000000000000e+00,1.401001167104674039e-01,7.843044509631940109e-01,0.000000000000000000e+00,1.401300449963805428e-01,0.000000000000000000e+00,0.000000000000000000e+00
3.288000000000000256e+01,1.600000000000000000e+01,6.617953037716073794e+00,4.000000000000000888e+00,0.000000000000000000e+00,7.870318694632523204e-01,0.000000000000000000e+00,1.325564720070921965e-01,7.870318694632523204e-01,0.000000000000000000e+00,1.325833845800223343e-01,0.000000000000000000e+00,0.000000000000000000e+00
3.289999999999999858e+01,1.600000000000000000e+01,6.633719680457055290e+00,4.000000000000001776e+00,0.000000000000000000e+00,7.896067098434776943e-01,0.000000000000000000e+00,1.248513518661020782e-01,7.896067098434776943e-01,0.000000000000000000e+00,1.248752487260569588e-01,0.000000000000000000e+00,0.000000000000000000e+00
3.292000000000000171e+01,1.600000000000000000e+01,6.649536268518154714e+00,4.000000000000000888e+00,0.000000000000000000e+00,7.920259235378963592e-01,0.000000000000000000e+00,1.170028505653988304e-01,7.920259235378963592e-01,0.000000000000000000e+00,1.170237317123716536e-01,0.000000000000000000e+00,0.000000000000000000e+00
3.293999999999999773e+01,1.600000000000000000e+01,6.665399661895711425e+00,4.000000000000000888e+00,0.000000000000000000e+00,7.942868238660936164e-01,0.000000000000000000e+00,1.090290623828664707e-01,7.942868238660936164e-01,0.000000000000000000e+00,1.090469278168536560e-01,0.000000000000000000e+00,0.000000000000000000e+00
3.296000000000000085e+01,1.600000000000000000e+01,6.681306670471304443e+00,4.000000000000000000e+00,0.000000000000000000e+00,7.963870860332109558e-01,0.000000000000000000e+00,1.009480815963748057e-01,7.963870860332109558e-01,0.000000000000000000e+00,1.009629313173902865e-01,0.000000000000000000e+00,0.000000000000000000e+00
3.297999999999999687e+01,1.600000000000000000e+01,6.697254061249481971e+00,4.000000000000000000e+00,0.000000000000000000e+00,7.983247471299486087e-01,0.000000000000000000e+00,9.277800248383982762e-02,7.983247471299486087e-01,0.000000000000000000e+00,9.278983649186869909e-02,0.000000000000000000e+00,0.000000000000000000e+00
3.300000000000000000e+01,1.600000000000000000e+01,6.713238565595456286e+00,4.000000000000000000e+00,0.000000000000000000e+00,8.000982061325644379e-01,0.000000000000000000e+00,8.453691932311713231e-02,8.000982061325644379e-01,0.000000000000000000e+00,8.454573761817629762e-02,0.000000000000000000e+00,0.000000000000000000e+00
3.302000000000000313e+01,1.600000000000000000e+01,6.729256886472818167e+00,3.999999999999999556e+00,0.000000000000000000e+00,8.017062239028737158e-01,0.000000000000000000e+00,7.624292639213692269e-02,8.017062239028737158e-01,0.000000000000000000e+00,7.624872897420024997e-02,0.000000000000000000e+00,0.000000000000000000e+00
3.303999999999999915e+01,1.600000000000000000e+01,6.745305705681252206e+00,4.000000000000000000e+00,0.000000000000000000e+00,8.031479231882499015e-01,0.000000000000000000e+00,6.791411796875124196e-02,8.031479231882499015e-01,0.000000000000000000e+00,6.791690483782783505e-02,0.000000000000000000e+00,0.000000000000000000e+00
3.306000000000000227e+01,1.600000000000000000e+01,6.761381691094248580e+00,3.999999999999999556e+00,0.000000000000000000e+00,8.044227886216236412e-01,0.000000000000000000e+00,5.956858833083700233e-02,8.044227886216236412e-01,0.000000000000000000e+00,5.956835948694633176e-02,0.000000000000000000e+00,0.000000000000000000e+00
3.307999999999999829e+01,1.600000000000000000e+01,6.777481503896808590e+00,3.999999999999999556e+00,0.000000000000000000e+00,8.055306667214834349e-01,0.000000000000000000e+00,5.122443175632440671e-02,8.055306667214834349e-01,0.000000000000000000e+00,5.122118719944294268e-02,0.000000000000000000e+00,0.000000000000000000e+00
3.310000000000000142e+01,1.600000000000000000e+01,6.793601805823159090e+00,4.000000000000000000e+00,0.000000000000000000e+00,8.064717658918764132e-01,0.000000000000000000e+00,4.289974252306194558e-02,8.064717658918764132e-01,0.000000000000000000e+00,4.289348225320503000e-02,0.000000000000000000e+00,0.000000000000000000e+00
3.311999999999999744e+01,1.600000000000000000e+01,6.809739266394465140e+00,4.000000000000000000e+00,0.000000000000000000e+00,8.072466564224058949e-01,0.000000000000000000e+00,3.461261490896205828e-02,8.072466564224058949e-01,0.000000000000000000e+00,3.460333892611979628e-02,0.000000000000000000e+00,0.000000000000000000e+00
3.314000000000000057e+01,1.600000000000000000e+01,6.825890570156537329e+00,4.000000000000000000e+00,0.000000000000000000e+00,8.078562704882347179e-01,0.000000000000000000e+00,2.638114319189810431e-02,8.078562704882347179e-01,0.000000000000000000e+00,2.636885149607449269e-02,0.000000000000000000e+00,0.000000000000000000e+00
3.315999999999999659e+01,1.600000000000000000e+01,6.842052423917548865e+00,3.999999999999999556e+00,0.000000000000000000e+00,8.083019021500819079e-01,0.000000000000000000e+00,1.822342164976120671e-02,8.083019021500819079e-01,0.000000000000000000e+00,1.820811424095645364e-02,0.000000000000000000e+00,0.000000000000000000e+00
3.317999999999999972e+01,1.600000000000000000e+01,6.858221563985737568e+00,4.000000000000000000e+00,0.000000000000000000e+00,8.085852073542250107e-01,0.000000000000000000e+00,1.015754456043538312e-02,8.085852073542250107e-01,0.000000000000000000e+00,1.013922143865286785e-02,0.000000000000000000e+00,0.000000000000000000e+00
3.320000000000000284e+01,1.600000000000000000e+01,6.874394763407127407e+00,4.000000000000000000e+00,0.000000000000000000e+00,8.087082039324994254e-01,0.000000000000000000e+00,2.201606201811756591e-03,8.087082039324994254e-01,0.000000000000000000e+00,2.180267367050952622e-03,0.000000000000000000e+00,0.000000000000000000e+00
3.321999999999999886e+01,1.600000000000000000e+01,6.890568839203229601e+00,4.000000000000000000e+00,0.000000000000000000e+00,8.086732716022976275e-01,0.000000000000000000e+00,-5.626299148218549817e-03,8.086732716022976275e-01,0.000000000000000000e+00,-5.650653695961911638e-03,0.000000000000000000e+00,0.000000000000000000e+00
3.324000000000000199e+01,1.600000000000000000e+01,6.906740659608762378e+00,4.000000000000000000e+00,0.000000000000000000e+00,8.084831519665707233e-01,0.000000000000000000e+00,-1.330807721177151848e-02,8.084831519665707233e-01,0.000000000000000000e+00,-1.333544747249860649e-02,0.000000000000000000e+00,0.000000000000000000e+00
3.325999999999999801e+01,1.600000000000000000e+01,6.922907151309359186e+00,4.000000000000000000e+00,0.000000000000000000e+00,8.081409485138268955e-01,0.000000000000000000e+00,-2.082563371096313176e-02,8.081409485138268955e-01,0.000000000000000000e+00,-2.085601968467168388e-02,0.000000000000000000e+00,0.000000000000000000e+00
3.328000000000000114e+01,1.600000000000000000e+01,6.939065306679276901e+00,4.000000000000000000e+00,0.000000000000000000e+00,8.076501266181321803e-01,0.000000000000000000e+00,-2.816087436790937204e-02,8.076501266181321803e-01,0.000000000000000000e+00,-2.819427605459404532e-02,0.000000000000000000e+00,0.000000000000000000e+00
3.329999999999999716e+01,1.600000000000000000e+01,6.955212191019110257e+00,4.000000000000000000e+00,0.000000000000000000e+00,8.070145135391105784e-01,0.000000000000000000e+00,-3.529570490470490540e-02,8.070145135391105784e-01,0.000000000000000000e+00,-3.533212230437832863e-02,0.000000000000000000e+00,0.000000000000000000e+00
3.332000000000000028e+01,1.600000000000000000e+01,6.971344949793501833e+00,3.999999999999999556e+00,0.000000000000000000e+00,8.062382984219439441e-01,0.000000000000000000e+00,-4.221203104347992507e-02,8.062382984219439441e-01,0.000000000000000000e+00,-4.225146415613734163e-02,0.000000000000000000e+00,0.000000000000000000e+00
3.334000000000000341e+01,1.600000000000000000e+01,6.987460815868852926e+00,4.000000000000000000e+00,0.000000000000000000e+00,8.053260322973712082e-01,0.000000000000000000e+00,-4.889175850635396614e-02,8.053260322973712082e-01,0.000000000000000000e+00,-4.893420733198378114e-02,0.000000000000000000e+00,0.000000000000000000e+00
3.335999999999999943e+01,1.600000000000000000e+01,7.003557116751036205e+00,4.000000000000000000e+00,0.000000000000000000e+00,8.042826280816899320e-01,0.000000000000000000e+00,-5.531679301541458926e-02,8.042826280816899320e-01,0.000000000000000000e+00,-5.536225755403037518e-02,0.000000000000000000e+00,0.000000000000000000e+00
3.338000000000000256e+01,1.600000000000000000e+01,7.019631281823106583e+00,4.000000000000000000e+00,0.000000000000000000e+00,8.031133605767546424e-01,0.000000000000000000e+00,-6.146904029279909309e-02,8.031133605767546424e-01,0.000000000000000000e+00,-6.151752054438990730e-02,0.000000000000000000e+00,0.000000000000000000e+00
3.339999999999999858e+01,1.600000000000000000e+01,7.035680849583007657e+00,3.999999999999999556e+00,0.000000000000000000e+00,8.018238664699781637e-01,0.000000000000000000e+00,-6.733040606059859101e-02,8.018238664699781637e-01,0.000000000000000000e+00,-6.738190202517509164e-02,0.000000000000000000e+00,0.000000000000000000e+00
3.342000000000000171e+01,1.600000000000000000e+01,7.051703474881295008e+00,4.000000000000000000e+00,0.000000000000000000e+00,8.004201443343306188e-01,0.000000000000000000e+00,-7.288279604094682895e-02,8.004201443343306188e-01,0.000000000000000000e+00,-7.293730771849858685e-02,0.000000000000000000e+00,0.000000000000000000e+00
3.343999999999999773e+01,1.600000000000000000e+01,7.067696936158827548e+00,4.000000000000000000e+00,0.000000000000000000e+00,7.989085546283404282e-01,0.000000000000000000e+00,-7.810811595593492029e-02,7.989085546283404282e-01,0.000000000000000000e+00,-7.816564334647328749e-02,0.000000000000000000e+00,0.000000000000000000e+00
3.346000000000000085e+01,1.600000000000000000e+01,7.083659142684499699e+00,4.000000000000000000e+00,0.000000000000000000e+00,7.972958196960931998e-01,0.000000000000000000e+00,-8.298827152769305826e-02,7.972958196960931998e-01,0.000000000000000000e+00,-8.304881463121180363e-02,0.000000000000000000e+00,0.000000000000000000e+00
3.347999999999999687e+01,1.600000000000000000e+01,7.099588141792940732e+00,4.000000000000000000e+00,0.000000000000000000e+00,7.955890237672327281e-01,0.000000000000000000e+00,-8.750516847832301437e-02,7.955890237672327281e-01,0.000000000000000000e+00,-8.756872729482698126e-02,0.000000000000000000e+00,0.000000000000000000e+00
3.350000000000000000e+01,1.600000000000000000e+01,7.115482126122228301e+00,4.000000000000000000e+00,0.000000000000000000e+00,7.937956129569602171e-01,0.000000000000000000e+00,-9.164071252993366556e-02,7.937956129569602171e-01,0.000000000000000000e+00,-9.170728705943147208e-02,0.000000000000000000e+00,0.000000000000000000e+00
3.352000000000000313e+01,1.600000000000000000e+01,7.131339440851595768e+00,4.000000000000000000e+00,0.000000000000000000e+00,7.919233952660348352e-01,0.000000000000000000e+00,-9.537680940467652135e-02,7.919233952660348352e-01,0.000000000000000000e+00,-9.544639964713803881e-02,0.000000000000000000e+00,0.000000000000000000e+00
3.353999999999999915e+01,1.600000000000000000e+01,7.147158590939154621e+00,4.000000000000000000e+00,0.000000000000000000e+00,7.899805405807733827e-01,0.000000000000000000e+00,-9.869536482461072069e-02,7.899805405807733827e-01,0.000000000000000000e+00,-9.876797078005944419e-02,0.000000000000000000e+00,0.000000000000000000e+00
3.356000000000000227e+01,1.600000000000000000e+01,7.162938248359592031e+00,4.000000000000000000e+00,0.000000000000000000e+00,7.879755806730504020e-01,0.000000000000000000e+00,-1.015782845118842204e-01,7.879755806730504020e-01,0.000000000000000000e+00,-1.016539061803084232e-01,0.000000000000000000e+00,0.000000000000000000e+00
3.357999999999999829e+01,1.600000000000000000e+01,7.178677259341889716e+00,4.000000000000000000e+00,0.000000000000000000e+00,7.859174092002980672e-01,0.000000000000000000e+00,-1.040074741885916865e-01,7.859174092002980672e-01,0.000000000000000000e+00,-1.040861115699976691e-01,0.000000000000000000e+00,0.000000000000000000e+00
3.360000000000000142e+01,1.600000000000000000e+01,7.194374651607037485e+00,4.000000000000000000e+00,0.000000000000000000e+00,7.838152817055067390e-01,0.000000000000000000e+00,-1.059648395768562068e-01,7.838152817055067390e-01,0.000000000000000000e+00,-1.060464926712399586e-01,0.000000000000000000e+00,0.000000000000000000e+00
3.361999999999999744e+01,1.600000000000000000e+01,7.210029641605735229e+00,3.999999999999999112e+00,0.000000000000000000e+00,7.816788156172239654e-01,0.000000000000000000e+00,-1.074322863987866583e-01,7.816788156172239654e-01,0.000000000000000000e+00,-1.075169552061479850e-01,0.000000000000000000e+00,0.000000000000000000e+00
3.364000000000000057e+01,1.600000000000000000e+01,7.225641641756111788e+00,4.000000000000000000e+00,0.000000000000000000e+00,7.795179902495554813e-01,0.000000000000000000e+00,-1.083917203764848125e-01,7.795179902495554813e-01,0.000000000000000000e+00,-1.084794048968345387e-01,0.000000000000000000e+00,0.000000000000000000e+00
3.365999999999999659e+01,1.600000000000000000e+01,7.241210267681434054e+00,4.000000000000000000e+00,0.000000000000000000e+00,7.773431468021646529e-01,0.000000000000000000e+00,-1.088250472320808626e-01,7.773431468021646529e-01,0.000000000000000000e+00,-1.089157474654123547e-01,0.000000000000000000e+00,0.000000000000000000e+00
3.367999999999999972e+01,1.600000000000000000e+01,7.256735345447816954e+00,4.000000000000000000e+00,0.000000000000000000e+00,7.751649883602723667e-01,0.000000000000000000e+00,-1.087141726876659220e-01,7.751649883602723667e-01,0.000000000000000000e+00,-1.088078886339941265e-01,0.000000000000000000e+00,0.000000000000000000e+00
3.370000000000000284e+01,1.600000000000000000e+01,7.272216918801934327e+00,4.000000000000000000e+00,0.000000000000000000e+00,7.729945798946574742e-01,0.000000000000000000e+00,-1.080410024653950529e-01,7.729945798946574742e-01,0.000000000000000000e+00,-1.081377341246926582e-01,0.000000000000000000e+00,0.000000000000000000e+00
3.371999999999999886e+01,1.600000000000000000e+01,7.287655256408733351e+00,4.000000000000000000e+00,0.000000000000000000e+00,7.708433482616565691e-01,0.000000000000000000e+00,-1.067874422873487106e-01,7.708433482616565691e-01,0.000000000000000000e+00,-1.068871896596206711e-01,0.000000000000000000e+00,0.000000000000000000e+00
3.374000000000000199e+01,1.600000000000000000e+01,7.303050859089144531e+00,4.000000000000000000e+00,0.000000000000000000e+00,7.687230822031636546e-01,0.000000000000000000e+00,-1.049353978756357719e-01,7.687230822031636546e-01,0.000000000000000000e+00,-1.050381609608908584e-01,0.000000000000000000e+00,0.000000000000000000e+00
3.375999999999999801e+01,1.600000000000000000e+01,7.318404467057788132e+00,4.000000000000000000e+00,0.000000000000000000e+00,7.666459323466312537e-01,0.000000000000000000e+00,-1.024667749523793248e-01,7.666459323466312537e-01,0.000000000000000000e+00,-1.025725537506159690e-01,0.000000000000000000e+00,0.000000000000000000e+00
3.378000000000000114e+01,1.600000000000000000e+01,7.333717067160691272e+00,4.000000000000000000e+00,0.000000000000000000e+00,7.646244112050686326e-01,0.000000000000000000e+00,-9.936347923969179874e-02,7.646244112050686326e-01,0.000000000000000000e+00,-9.947227375090877954e-02,0.000000000000000000e+00,0.000000000000000000e+00
3.379999999999999716e+01,1.600000000000000000e+01,7.348989900112995244e+00,4.000000000000000000e+00,0.000000000000000000e+00,7.626713931770435773e-01,0.000000000000000000e+00,-9.560741645968562352e-02,7.626713931770435773e-01,0.000000000000000000e+00,-9.571922668388201105e-02,0.000000000000000000e+00,0.000000000000000000e+00
3.382000000000000028e+01,1.600000000000000000e+01,7.364224467736671720e+00,4.000000000000000000e+00,0.000000000000000000e+00,7.608001145466813941e-01,0.000000000000000000e+00,-9.118049233445191248e-02,7.608001145466813941e-01,0.000000000000000000e+00,-9.129531827164835689e-02,0.000000000000000000e+00,0.000000000000000000e+00
3.384000000000000341e+01,1.600000000000000000e+01,7.379422540198225633e+00,4.000000000000000000e+00,0.000000000000000000e+00,7.590241734836649101e-01,0.000000000000000000e+00,-8.606461258615638599e-02,7.590241734836649101e-01,0.000000000000000000e+00,-8.618245423632062141e-02,0.000000000000000000e+00,0.000000000000000000e+00
3.385999999999999943e+01,1.600000000000000000e+01,7.394586163246416710e+00,4.000000000000000000e+00,0.000000000000000000e+00,7.573575300432351387e-01,0.000000000000000000e+00,-8.024168293686884113e-02,7.573575300432351387e-01,0.000000000000000000e+00,-8.036254030001152571e-02,0.000000000000000000e+00,0.000000000000000000e+00
3.388000000000000256e+01,1.600000000000000000e+01,7.409717665449958801e+00,4.000000000000000000e+00,0.000000000000000000e+00,7.558145061661902808e-01,0.000000000000000000e+00,-7.369360910870526027e-02,7.558145061661902808e-01,0.000000000000000000e+00,-7.381748218483379087e-02,0.000000000000000000e+00,0.000000000000000000e+00
3.389999999999999858e+01,1.600000000000000000e+01,7.424819665435243188e+00,4.000000000000000000e+00,0.000000000000000000e+00,7.544097856788868350e-01,0.000000000000000000e+00,-6.640229682379228393e-02,7.544097856788868350e-01,0.000000000000000000e+00,-6.652918561290013799e-02,0.000000000000000000e+00,0.000000000000000000e+00
3.392000000000000171e+01,1.600000000000000000e+01,7.439895079124039690e+00,4.000000000000000000e+00,0.000000000000000000e+00,7.531584142932385983e-01,0.000000000000000000e+00,-5.834965180423523634e-02,7.531584142932385983e-01,0.000000000000000000e+00,-5.847955630632344082e-02,0.000000000000000000e+00,0.000000000000000000e+00
3.393999999999999773e+01,1.600000000000000000e+01,7.454947126971214644e+00,4.000000000000000000e+00,0.000000000000000000e+00,7.520757996067174433e-01,0.000000000000000000e+00,-4.951757977215009987e-02,7.520757996067174433e-01,0.000000000000000000e+00,-4.965049998721625391e-02,0.000000000000000000e+00,0.000000000000000000e+00
3.396000000000000085e+01,1.600000000000000000e+01,7.469979341202437340e+00,4.000000000000000000e+00,0.000000000000000000e+00,7.511777111023526521e-01,0.000000000000000000e+00,-3.988798644963864604e-02,7.511777111023526521e-01,0.000000000000000000e+00,-4.002392237769137467e-02,0.000000000000000000e+00,0.000000000000000000e+00
3.397999999999999687e+01,1.600000000000000000e+01,7.484995573051894446e+00,4.000000000000000000e+00,0.000000000000000000e+00,7.504802801487318042e-01,0.000000000000000000e+00,-2.944277755883106806e-02,7.504802801487318042e-01,0.000000000000000000e+00,-2.958172919986155544e-02,0.000000000000000000e+00,0.000000000000000000e+00
3.400000000000000000e+01,1.700000000000000000e+01,7.500000000000000000e+00,4.000000000000000000e+00,0.000000000000000000e+00,7.499999999999995559e-01,0.000000000000000000e+00,-1.496544858045112392e-02,7.499999999999995559e-01,0.000000000000000000e+00,-1.830582617584397553e-02,0.000000000000000000e+00,0.000000000000000000e+00
3.402000000000000313e+01,1.700000000000000000e+01,7.514997999725534505e+00,4.000001355922408131e+00,2.696824194181088969e-04,7.498816622055136660e-01,9.144771952429679718e-03,5.930842132201519235e-03,7.498816349365893252e-01,2.022298984895395013e-04,6.193456252808672395e-03,1.999177572785981391e-02,3.554918125219411890e-02
3.403999999999999915e+01,1.700000000000000000e+01,7.529998422228340260e+00,4.000010662790721483e+00,1.053691102804280542e-03,7.502372336852872747e-01,1.763092889179431952e-02,2.883680580703895657e-02,7.502368172042771510e-01,7.905181518458993892e-04,2.905458180626341314e-02,3.861061986544565838e-02,6.854326909628796760e-02
3.406000000000000227e+01,1.700000000000000000e+01,7.545010413093614865e+00,4.000035369099470550e+00,2.313732955659173092e-03,7.510351344377953486e-01,2.542913733771384743e-02,5.019077979579833482e-02,7.510331241578971362e-01,1.737693190989417647e-03,5.031159971831892369e-02,5.588523868533927519e-02,9.887121450071857665e-02
3.407999999999999829e+01,1.700000000000000000e+01,7.560042476263495459e+00,4.000082385653058736e+00,4.010882363938234919e-03,7.522448648771189461e-01,3.252163276508888284e-02,7.004361634231770495e-02,7.522388141369593662e-01,3.017157572292067380e-03,6.999855922277388454e-02,7.184433846012240610e-02,1.264649297997125221e-01
3.410000000000000142e+01,1.700000000000000000e+01,7.575102487656759642e+00,4.000158097048272410e+00,6.105984871511310232e-03,7.538368790914881101e-01,3.890116709132882683e-02,8.844014992856941149e-02,7.538228264656494648e-01,4.602887977577456435e-03,8.814950955342695793e-02,8.651662546237677553e-02,1.512956347234882815e-01
3.411999999999999744e+01,1.700000000000000000e+01,7.590197708788513964e+00,4.000268373156785628e+00,8.560021528652230621e-03,7.557824708742615361e-01,4.456984991723785677e-02,1.054198528584215921e-01,7.557547814528295937e-01,6.469435214120824312e-03,1.047984999440768339e-01,9.993080596468410792e-02,1.733698178117160649e-01
3.414000000000000057e+01,1.700000000000000000e+01,7.605334800389890404e+00,4.000418580607679075e+00,1.133443249152911621e-02,7.580536732058249516e-01,4.953793714839659079e-02,1.210175141175326985e-01,7.580049803920376750e-01,8.591924214649051053e-03,1.199795796285221816e-01,1.121155862396261693e-01,1.927249722696388057e-01
3.415999999999999659e+01,1.700000000000000000e+01,7.620519836027738414e+00,4.000613594269937678e+00,1.439139944901029686e-02,7.606231714389626308e-01,5.382261197949327752e-02,1.352639216950493051e-01,7.605444055614879462e-01,1.094605403734065160e-02,1.337267978405617397e-01,1.230996725597847119e-01,2.094252466747575370e-01
3.417999999999999972e+01,1.700000000000000000e+01,7.635758315724310741e+00,4.000857808734963328e+00,1.769408731100606189e-02,7.634642300736269593e-01,5.744679438031274205e-02,1.481865315800661165e-01,7.633447202240697393e-01,1.350809786582576194e-02,1.460742038139940802e-01,1.329117711977414462e-01,2.235571310193575911e-01
3.420000000000000284e+01,1.700000000000000000e+01,7.651055179576974119e+00,4.001155149799086708e+00,2.120684631485142066e-02,7.665506327021661681e-01,6.043800679053375202e-02,1.598101097219633004e-01,7.663782686273490352e-01,1.625490300918617376e-02,1.570558467826179694e-01,1.415805884260780967e-01,2.352252782632726913e-01
3.421999999999999886e+01,1.700000000000000000e+01,7.666414821377892430e+00,4.001509085946076461e+00,2.489537629791383280e-02,7.698566344625051849e-01,6.282731610023087332e-02,1.701573362429975589e-01,7.696180760035676860e-01,1.916389090195529804e-02,1.667057759802320072e-01,1.491348305173763877e-01,2.445485415933640883e-01
3.424000000000000199e+01,1.700000000000000000e+01,7.681841102233718743e+00,4.001922639829643913e+00,2.872685535241123814e-02,7.733569261518860039e-01,6.464836536813900469e-02,1.792493640151420209e-01,7.730378485696434154e-01,2.221305710411818068e-02,1.750580406406348766e-01,1.556032037442181271e-01,2.516562885210149592e-01
3.425999999999999801e+01,1.700000000000000000e+01,7.697337364185290021e+00,4.002398399755956682e+00,3.267003543048212916e-02,7.770266090231107148e-01,6.593650317514314352e-02,1.871063262844714359e-01,7.766119735271702629e-01,2.538097130111152330e-02,1.821466899976253995e-01,1.610144143791849836e-01,2.566850352494944310e-01
3.428000000000000114e+01,1.700000000000000000e+01,7.712906443827327152e+00,4.002938531166142511e+00,3.669530771316750067e-02,7.808411792032647902e-01,6.672801399608559170e-02,1.937477903056787909e-01,7.803155190624176951e-01,2.864677730382363466e-02,1.880057732850020646e-01,1.653971686948587094e-01,2.597754287455064093e-01
3.429999999999999716e+01,1.700000000000000000e+01,7.728550685928114561e+00,4.003544788118804654e+00,4.077474070640771386e-02,7.847765206353376488e-01,6.705944941186089969e-02,1.991931559027868559e-01,7.841242343463312725e-01,3.199019304859444801e-02,1.926693397365636384e-01,1.687801729638210291e-01,2.610695898812021021e-01
3.432000000000000028e+01,1.700000000000000000e+01,7.744271957049210897e+00,4.004218524772528376e+00,4.488209409141225015e-02,7.888089054393760957e-01,6.696705726093106492e-02,2.034619994981099467e-01,7.880145495345335371e-01,3.539151059721559744e-02,1.961714385861087762e-01,1.711921334586537224e-01,2.607088190014487661e-01
3.434000000000000341e+01,1.700000000000000000e+01,7.760071659165130420e+00,4.004960706868384790e+00,4.899281134727093839e-02,7.929150006152633212e-01,6.648630382195373778e-02,2.065743654549123676e-01,7.919635757673211263e-01,3.883159613693029644e-02,1.985461190674362164e-01,1.726617564519385417e-01,2.588316553520528807e-01
3.435999999999999943e+01,1.700000000000000000e+01,7.775950743283041255e+00,4.005771923212448904e+00,5.308399409205486613e-02,7.970718800575724572e-01,6.565148270884692272e-02,2.085510075770109495e-01,7.959491051696685471e-01,4.229188998043337949e-02,1.998274304143446423e-01,1.732177482162572113e-01,2.555722739341497740e-01
3.438000000000000256e+01,1.700000000000000000e+01,7.791909723062450333e+00,4.006652397158299017e+00,5.713436096638580680e-02,8.012570409183437103e-01,6.449540323910073203e-02,2.094135843332161073e-01,7.999496108512242909e-01,4.575440656587134725e-02,2.000494218606326258e-01,1.728888150241914001e-01,2.510591974178701391e-01
3.439999999999999858e+01,1.700000000000000000e+01,7.807948688434917628e+00,4.007601998089537432e+00,6.112419372159812875e-02,8.054484234309008395e-01,6.304915051193393793e-02,2.091848118486403507e-01,8.039442469063150520e-01,4.920173445684238034e-02,1.992461426400989055e-01,1.717036631483229159e-01,2.454142965927827158e-01
3.442000000000000171e+01,1.700000000000000000e+01,7.824067319223722450e+00,4.008620252902286296e+00,6.503527298357374142e-02,8.096244333922891778e-01,6.134190922515628253e-02,2.078885789735025469e-01,8.079128484139413979e-01,5.261703634239612432e-02,1.974516419865421091e-01,1.696909988612334275e-01,2.387520502551378765e-01
3.443999999999999773e+01,1.700000000000000000e+01,7.840264898763585677e+00,4.009706357487709205e+00,6.885080595260045788e-02,8.137639665898407371e-01,5.940084330093783893e-02,2.055500288295135647e-01,8.118359314377815439e-01,5.598404903703408514e-02,1.946999691337608918e-01,1.668795284355046871e-01,2.311790342123453967e-01
3.446000000000000085e+01,1.700000000000000000e+01,7.856540327520334266e+00,4.010859188214511484e+00,7.255534807765694205e-02,8.178464345454694584e-01,5.725102362445826099e-02,2.021956111836580305e-01,8.156946930261887996e-01,5.928708348070926837e-02,1.910251733155541032e-01,1.632979581437184469e-01,2.227936089948891474e-01
3.447999999999999687e+01,1.700000000000000000e+01,7.872892136710619049e+00,4.012077313411450241e+00,7.613472051769457072e-02,8.218517910371868629e-01,5.491539657790247414e-02,1.978531098387250609e-01,8.194710112121927903e-01,6.251102473882633181e-02,1.864613037657203154e-01,1.589749942584565701e-01,2.136857766794648672e-01
3.450000000000000000e+01,1.700000000000000000e+01,7.889318501921593452e+00,4.013359004849848866e+00,7.957592497891258221e-02,8.257605589390183409e-01,5.241478653530011467e-02,1.925516489881751170e-01,8.231474450134990128e-01,6.564133200224156472e-02,1.810424097180581837e-01,1.539393430523006145e-01,2.039371787313812301e-01
3.452000000000000313e+01,1.700000000000000000e+01,7.905817256730612641e+00,4.014702249226100861e+00,8.286705730069637843e-02,8.295538569967150222e-01,4.976792603737095061e-02,1.863216821862501149e-01,8.267072344324882804e-01,6.866403858726292941e-02,1.748025404063663635e-01,1.482197107978323325e-01,1.936212087749670518e-01
3.453999999999999915e+01,1.700000000000000000e+01,7.922385906324928229e+00,4.016104759644178124e+00,8.599722095767681207e-02,8.332134262264682123e-01,4.699150796140449948e-02,1.791949672508614810e-01,8.301343004562184991e-01,7.156575193564998494e-02,1.677757450644435377e-01,1.418448037676335594e-01,1.828032165271027409e-01
3.456000000000000227e+01,1.700000000000000000e+01,7.939021641121375872e+00,4.017563987098147216e+00,8.895644145411592263e-02,8.367216556867492772e-01,4.410025461565232618e-02,1.712045300699891470e-01,8.334132450564231132e-01,7.433365361461395648e-02,1.599960729260885839e-01,1.348433282342860196e-01,1.715407816359143800e-01
3.457999999999999829e+01,1.700000000000000000e+01,7.955721350386071755e+00,4.019077131954666982e+00,9.173558241145667036e-02,8.400616074292677204e-01,4.110699930146405334e-02,1.623846199284528780e-01,8.365293511895111056e-01,7.695549931681763822e-02,1.514975732250999629e-01,1.272439904703714375e-01,1.598840387350710934e-01
3.460000000000000142e+01,1.700000000000000000e+01,7.972481635854116178e+00,4.020641155435511038e+00,9.432626399153010155e-02,8.432170404838872368e-01,3.802277648413923683e-02,1.527706586291479596e-01,8.394685827965679970e-01,7.941961886037554597e-02,1.423142951952763025e-01,1.190754967484714266e-01,1.478760375601903265e-01
3.461999999999999744e+01,1.700000000000000000e+01,7.989298825349270494e+00,4.022252791100065394e+00,9.672078415705996635e-02,8.461724337744335189e-01,3.485691728347584811e-02,1.423991853543640218e-01,8.422175848033551793e-01,8.171491618885379227e-02,1.324802880704164798e-01,1.103665533411678501e-01,1.355531244069864971e-01
3.464000000000000057e+01,1.700000000000000000e+01,8.006168986403654486e+00,4.023908556327841168e+00,9.891204314767969297e-02,8.489130078980614558e-01,3.161714752878834467e-02,1.313077989059081574e-01,8.447636831203098051e-01,8.383086937127012805e-02,1.220296010843190254e-01,1.011458665210424046e-01,1.229453334910605572e-01
3.465999999999999659e+01,1.700000000000000000e+01,8.023087939877454389e+00,4.025604763800988195e+00,1.008934714431931612e-01,8.514247457306698408e-01,2.830968611514987285e-02,1.195350986806325011e-01,8.470948846425450096e-01,8.575753060209391487e-02,1.109962834707828028e-01,9.144214256067693947e-02,1.100767788644993611e-01
3.467999999999999972e+01,1.700000000000000000e+01,8.040051273578594504e+00,4.027337532986797974e+00,1.026589613954808494e-01,8.536944118452866048e-01,2.493934184466801290e-02,1.071206254815493253e-01,8.491998772498503545e-01,8.748552620124612489e-02,9.941438446360618963e-02,8.128408773265299869e-02,9.696603943732749753e-02
3.470000000000000284e+01,1.700000000000000000e+01,8.057054355882447894e+00,4.029102801620211949e+00,1.042028026352697506e-01,8.557095707499324799e-01,2.150960733773677955e-02,9.410480303645485378e-02,8.510680298066902738e-01,8.900605661409952130e-02,8.731795329658816052e-02,7.070040830955250100e-02,8.362653133683202455e-02
3.471999999999999886e+01,1.700000000000000000e+01,8.074092349351523978e+00,4.030896337186343104e+00,1.055196212988157023e-01,8.574586039667447812e-01,1.802274895513964609e-02,8.052888089134313532e-02,8.526893921622069605e-01,9.031089641147829750e-02,7.474103920352735686e-02,5.971981056395714998e-02,7.006686331853113903e-02
3.474000000000000199e+01,1.700000000000000000e+01,8.091160224355158803e+00,4.032713748402961151e+00,1.066043230712032802e-01,8.589307259855861743e-01,1.447989198471185540e-02,6.643487916922552472e-02,8.540546951502168138e-01,9.139239428965839629e-02,6.171769141822214255e-02,4.837100076844853130e-02,5.629117222963835043e-02
3.475999999999999801e+01,1.700000000000000000e+01,8.108252772689210630e+00,4.034550496703029232e+00,1.074520400062347197e-01,8.601159991335138866e-01,1.088110061912443347e-02,5.186553552761452579e-02,8.551553505892127705e-01,9.224347307036735721e-02,4.828195917447147822e-02,3.668268519560843877e-02,4.229943663460498243e-02
3.478000000000000114e+01,1.700000000000000000e+01,8.125364621195757309e+00,4.036401907717189985e+00,1.080580810566134503e-01,8.610053474066905466e-01,7.225452488107099273e-03,3.686425451346053705e-02,8.559834512823644159e-01,9.285762970078439982e-02,3.446789170607392205e-02,2.468357011801865231e-02,2.808776766126266228e-02
3.479999999999999716e+01,1.700000000000000000e+01,8.142490245382788316e+00,4.038263182756292480e+00,1.084178862312164537e-01,8.615905693140524235e-01,3.511107713437548912e-03,2.147505939765181893e-02,8.565317710175169852e-01,9.322893525354034039e-02,2.030953824682833753e-02,1.240236180826102472e-02,1.364867693557684884e-02
3.482000000000000028e+01,1.700000000000000000e+01,8.159623983043893247e+00,4.040129410293885392e+00,1.085269842877038260e-01,8.618643497825964062e-01,-2.646273670662887406e-04,5.742546468987086428e-03,8.567937645671906965e-01,9.335203492671759196e-02,5.840948030533074653e-03,-1.322334610829845026e-04,-1.028677835737088018e-03
3.484000000000000341e+01,1.700000000000000000e+01,8.176760047877957405e+00,4.041995577448737720e+00,1.083809538676318296e-01,8.618202711728120136e-01,-4.105241504751507876e-03,-1.028815832015439469e-02,8.567635676885833051e-01,9.322214804385033082e-02,-8.903829709012588481e-03,-1.289150941743120136e-02,-1.595826848122847141e-02
3.485999999999999943e+01,1.700000000000000000e+01,8.193892543108866278e+00,4.043856581467342615e+00,1.079753879868417810e-01,8.614528234497904613e-01,-8.014964434784605310e-03,-2.657144054224502838e-02,8.564359971235674385e-01,9.283506805392421901e-02,-2.389074573801068524e-02,-2.584675978820237530e-02,-3.115699150778576329e-02
3.488000000000000256e+01,1.700000000000000000e+01,8.211015475105174488e+00,4.045707241206427440e+00,1.073058618055274110e-01,8.607574135511221192e-01,-1.199871679554278918e-02,-4.306123657159233176e-02,8.558065505986917065e-01,9.218716253137662631e-02,-3.908575082266228795e-02,-3.896927830081459848e-02,-4.664448063729019489e-02
3.489999999999999858e+01,1.700000000000000000e+01,8.228122766999826254e+00,4.047542308615463824e+00,1.063679036194953992e-01,8.597303739869268657e-01,-1.606206339163096172e-02,-5.971107126787700281e-02,8.548714068251818121e-01,9.127537317609658862e-02,-5.445479572916855221e-02,-5.223035868268597476e-02,-6.244293417865812157e-02
3.492000000000000171e+01,1.700000000000000000e+01,8.245208272309831443e+00,4.049356480219171495e+00,1.051569690362979537e-01,8.583689707004069636e-01,-2.021116900737961880e-02,-7.647409444286168423e-02,8.536274254989382193e-01,9.009721581342465535e-02,-6.996383122373088514e-02,-6.560129466123496011e-02,-7.857695427164818058e-02
3.493999999999999773e+01,1.700000000000000000e+01,8.262265788555971824e+00,4.051144408600038993e+00,1.036684183268033604e-01,8.566714102092126693e-01,-2.445275586612113972e-02,-9.330311654323253379e-02,8.520721473005374857e-01,8.865078039415323630e-02,-8.557880807255070776e-02,-7.905337996387973298e-02,-9.507339463597096196e-02
3.496000000000000085e+01,1.700000000000000000e+01,8.279289070882477120e+00,4.052900713880817740e+00,1.018974969741521935e-01,8.546368460386776222e-01,-2.879406171589509594e-02,-1.101506440396278208e-01,8.502037938952329288e-01,8.693473099452606045e-02,-1.012656770418291774e-01,-9.255790831803846486e-02,-1.119612130434646108e-01
3.497999999999999687e+01,1.700000000000000000e+01,8.296271845676736589e+00,4.054619995207044525e+00,9.983931947778106053e-02,8.522653844476276719e-01,-3.324279740131508287e-02,-1.269689150679447209e-01,8.480212679329530712e-01,8.494830581623874499e-02,-1.169903888977677636e-01,-1.060861734511296117e-01,-1.292713242880637603e-01
3.500000000000000000e+01,1.700000000000000000e+01,8.313207824188982187e+00,4.056296842229540900e+00,9.748885651019094378e-02,8.495580894359598956e-01,-3.780710265141574988e-02,-1.437099359300866297e-01,8.455241530483030843e-01,8.269131718643851769e-02,-1.327188944065677001e-01,-1.196094690905713520e-01,-1.470364489449571266e-01
3.502000000000000313e+01,1.700000000000000000e+01,8.330090716151984154e+00,4.057925846586925900e+00,9.484092556838719101e-02,8.465169870104234384e-01,-4.249549867220482613e-02,-1.603255191244592481e-01,8.427127138605633450e-01,8.016415155772409207e-02,-1.484171443344303454e-01,-1.330990889637819197e-01,-1.652909526750571956e-01
3.503999999999999915e+01,1.700000000000000000e+01,8.346914243400748390e+00,4.059501613388126984e+00,9.189018531041359683e-02,8.431450686709818232e-01,-4.731683597884884379e-02,-1.767673236449986973e-01,8.395878959736907676e-01,7.736776950814601428e-02,-1.640510894475570580e-01,-1.465263267981796458e-01,-1.840706702336478151e-01
3.506000000000000227e+01,1.700000000000000000e+01,8.363672153492197836e+00,4.061018772694885648e+00,8.863113382016732378e-02,8.394462940646234550e-01,-5.228023573524782225e-02,-1.929868983633298285e-01,8.361513259763178052e-01,7.430370574120621907e-02,-1.795866805121490439e-01,-1.598624763211826116e-01,-2.034127076748083185e-01
3.507999999999999829e+01,1.700000000000000000e+01,8.380358233324889383e+00,4.062471991004269256e+00,8.505811110071649639e-02,8.354255927364488965e-01,-5.739502268857404887e-02,-2.089357293878535415e-01,8.324053114417535593e-01,7.097406908585851548e-02,-1.949898682944077588e-01,-1.730788312602093981e-01,-2.233552155003762640e-01
3.510000000000000142e+01,1.700000000000000000e+01,8.396966322758677492e+00,4.063855982731177541e+00,8.116530615758442424e-02,8.310888648891093800e-01,-6.267064759488057135e-02,-2.245652923833389991e-01,8.283528409279825588e-01,6.738154249650823990e-02,-2.102266035605344918e-01,-1.861466853426779477e-01,-2.439371246815222327e-01
3.511999999999999744e+01,1.700000000000000000e+01,8.413490328234434656e+00,4.065165521690851769e+00,7.694676909878406246e-02,8.264429810411155763e-01,-6.811659683252561936e-02,-2.398271109277381186e-01,8.239975839776652045e-01,6.352938305301232547e-02,-2.252628370767303934e-01,-1.990373322960066749e-01,-2.651978365844043228e-01
3.514000000000000057e+01,1.700000000000000000e+01,8.429924236393725678e+00,4.066395452581388348e+00,7.239642874749499524e-02,8.214957804520000018e-01,-7.374228669841223494e-02,-2.546728220850766888e-01,8.193438911181382123e-01,5.942142196067944082e-02,-2.400645196091971134e-01,-2.117220658476139106e-01,-2.871768568662961263e-01
3.515999999999999659e+01,1.700000000000000000e+01,8.446262127698513922e+00,4.067540702466241775e+00,6.750811633570623360e-02,8.162560681577127886e-01,-7.955693968600255350e-02,-2.690542504784012579e-01,8.143967938614140589e-01,5.506206455026985136e-02,-2.545976019241357191e-01,-2.241721797249177361e-01,-3.099133623896592193e-01
3.517999999999999972e+01,1.700000000000000000e+01,8.462498190050849800e+00,4.068596292256736469e+00,6.227559592217849632e-02,8.107336104328641824e-01,-8.556943986493519005e-02,-2.829234922565930788e-01,8.091620047041815367e-01,5.045629027799533595e-02,-2.688280347877474163e-01,-2.363589676553363994e-01,-3.334456891525600097e-01
3.520000000000000284e+01,1.700000000000000000e+01,8.478626732412559264e+00,4.069557348194576818e+00,5.669260225465063557e-02,8.049391284674473068e-01,-9.178816433474025482e-02,-2.962330104586357038e-01,8.036459171278051983e-01,4.560965272551949223e-02,-2.827217689662340216e-01,-2.482537233662885368e-01,-3.578107281898624814e-01
3.521999999999999886e+01,1.700000000000000000e+01,8.494642198424944723e+00,4.070419113334352801e+00,5.075288687285490347e-02,7.988842900145191050e-01,-9.822078762870552204e-02,-3.089357433835964173e-01,7.978556055983250239e-01,4.052827959995745216e-02,-2.962447552257963523e-01,-2.598277405851919242e-01,-3.830432154102959563e-01
3.524000000000000199e+01,1.700000000000000000e+01,8.510539180028478867e+00,4.071176959026054476e+00,4.445027332363919031e-02,7.925816987321037121e-01,-1.048740559221403162e-01,-3.209852276746758548e-01,7.917988255664580866e-01,3.521887273387599993e-02,-3.093629443326361139e-01,-2.710523130394653091e-01,-4.091749004666891953e-01
3.525999999999999801e+01,1.700000000000000000e+01,8.526312431082493148e+00,4.071826396397574932e+00,3.777872242971503508e-02,7.860448809075325505e-01,-1.117535279807508192e-01,-3.323357379026390390e-01,7.854840134675964425e-01,2.968870808529355809e-02,-3.220422870529542902e-01,-2.818987344565265230e-01,-4.362335790980650385e-01
3.528000000000000114e+01,1.700000000000000000e+01,8.541956880984873379e+00,4.072363087837223006e+00,3.073240861594039516e-02,7.792882692159983637e-01,-1.188632800030060138e-01,-3.429424444926496562e-01,7.789202867218086856e-01,2.394563573768021883e-02,-3.342487341529524203e-01,-2.923382985637940634e-01,-4.642419730446975534e-01
3.529999999999999716e+01,1.700000000000000000e+01,8.557467648291755324e+00,4.072782858476231560e+00,2.330580834744406041e-02,7.723271831278267774e-01,-1.262055719028434553e-01,-3.527615918556747943e-01,7.721174437338391705e-01,1.799807989995761900e-02,-3.459482363988317100e-01,-3.023422990886860395e-01,-4.932164417597669215e-01
3.532000000000000028e+01,1.700000000000000000e+01,8.572840054337211413e+00,4.073081707671265761e+00,1.549380176720282533e-02,7.651778055417715052e-01,-1.337804731862703989e-01,-3.617506985540437370e-01,7.650859638931082340e-01,1.185503890649914141e-02,-3.571067445567936982e-01,-3.118820297586210044e-01,-5.231655108927932840e-01
3.534000000000000341e+01,1.700000000000000000e+01,8.588069636852956990e+00,4.073255820486935797e+00,7.291788630763723807e-03,7.578571551856627675e-01,-1.415854474382898798e-01,-3.698687812311192147e-01,7.578370075737121958e-01,5.526085217129709203e-03,-3.676902093930394244e-01,-3.209287843010167895e-01,-5.540882041003281078e-01
3.535999999999999943e+01,1.700000000000000000e+01,8.603152163588029921e+00,4.073301579178297160e+00,-1.304180384538625821e-03,7.503830542925270519e-01,-1.496148955930692581e-01,-3.770766038455661828e-01,7.503824161344232468e-01,-9.786345828740536379e-04,-3.776645816737702610e-01,-3.294538564432920036e-01,-5.859721673781136397e-01
3.538000000000000256e+01,1.700000000000000000e+01,8.618083645928495073e+00,4.073215574673370476e+00,-1.029725597757367474e-02,7.427740910318403333e-01,-1.578596596403635810e-01,-3.833369534554016411e-01,7.427347119186900049e-01,-7.648399782783974095e-03,-3.869958121651877470e-01,-3.374285399128648111e-01,-6.187915790611759892e-01
3.539999999999999858e+01,1.700000000000000000e+01,8.632860352517125690e+00,4.072994618055643556e+00,-1.968962521735396001e-02,7.350495761543114348e-01,-1.663064902407037082e-01,-3.886149433571013390e-01,7.349070982546366260e-01,-1.447191554642013496e-02,-3.956498516334929771e-01,-3.448241284371534321e-01,-6.525048441761268636e-01
3.542000000000000171e+01,1.700000000000000000e+01,8.647478822873113202e+00,4.072635752046583235e+00,-2.948232848676072063e-02,7.272294932975567061e-01,-1.749374838745903493e-01,-3.928783437879594942e-01,7.269134594550631379e-01,-2.143731291215091386e-02,-4.035926508448872685e-01,-3.516119157435760867e-01,-6.870520792270290444e-01
3.543999999999999773e+01,1.700000000000000000e+01,8.661935881011745053e+00,4.072136262488141867e+00,-3.967505786360700504e-02,7.193344424027934281e-01,-1.837294976003868707e-01,-3.960979396032229261e-01,7.187683608174457728e-01,-2.853214879289344558e-02,-4.107901605655721600e-01,-3.577631955595512170e-01,-7.223524030059410572e-01
3.546000000000000085e+01,1.700000000000000000e+01,8.676228649064107401e+00,4.071493689825267381e+00,-5.026593673941932849e-02,7.113855757134280866e-01,-1.926535521663843564e-01,-3.982479133214233968e-01,7.104870486239368566e-01,-3.574340597611280756e-02,-4.172083315617487465e-01,-3.632492616124968765e-01,-7.583010608433267130e-01
3.547999999999999687e+01,1.700000000000000000e+01,8.690354560896778935e+00,4.070705840588416891e+00,-6.125128087801873233e-02,7.034045258699368475e-01,-2.016742369933058887e-01,-3.993062506622315766e-01,7.020854501413646975e-01,-4.305749312382257943e-02,-4.228131145996185669e-01,-3.680414076298315629e-01,-7.947664239606923031e-01
3.550000000000000000e+01,1.700000000000000000e+01,8.704311375731517586e+00,4.069770798876056972e+00,-7.262534161454127501e-02,6.954133256869391433e-01,-2.107491332433204523e-01,-3.992551641605466273e-01,6.935801736212330315e-01,-5.046024477258478913e-02,-4.275704604453827717e-01,-3.721109273389733296e-01,-8.315869222233757130e-01
3.552000000000000313e+01,1.700000000000000000e+01,8.718097191764956122e+00,4.068686937837181716e+00,-8.438003249604603129e-02,6.874343193035125088e-01,-2.198282736014403882e-01,-3.980815286163554845e-01,6.849885082997220209e-01,-5.793692133350969442e-02,-4.314463198652426779e-01,-3.754291144673405078e-01,-8.685679873777896187e-01
3.553999999999999915e+01,1.700000000000000000e+01,8.731710459788304846e+00,4.067452931153814788e+00,-9.650464136798370118e-02,6.794900645422853325e-01,-2.288536592576628781e-01,-3.957773200311081041e-01,6.763284243976879218e-01,-6.547220909225605345e-02,-4.344066436253997132e-01,-3.779672627423513731e-01,-9.054791042907097687e-01
3.556000000000000227e+01,1.700000000000000000e+01,8.745149996807034753e+00,4.066067764523522143e+00,-1.089855307112036903e-01,6.716032265022686687e-01,-2.377588556172464396e-01,-3.923400473156597457e-01,6.676185731206627505e-01,-7.305022020903086111e-02,-4.364173824920553058e-01,-3.796966658914242565e-01,-9.420510889560920198e-01
3.557999999999999829e+01,1.700000000000000000e+01,8.758414999660569578e+00,4.064530747141918532e+00,-1.218058299188133908e-01,6.637964626496593024e-01,-2.464686882176112814e-01,-3.877731634628354129e-01,6.588782866588543952e-01,-8.065449271858954328e-02,-4.374444872314104393e-01,-3.805886176419772671e-01,-9.779737328866967561e-01
3.560000000000000142e+01,1.700000000000000000e+01,8.771505058641992036e+00,4.062841523185181103e+00,-1.349451241486585296e-01,6.560922999637556208e-01,-2.548990589812474283e-01,-3.820864401498731411e-01,6.501275781871469484e-01,-8.826799053023595687e-02,-4.374539086096667639e-01,-3.806144117214288469e-01,-1.012893972348875682e+00
3.561999999999999744e+01,1.700000000000000000e+01,8.784420171117723442e+00,4.061000083292552354e+00,-1.483791453624218604e-01,6.485130050436646032e-01,-2.629569001723058852e-01,-3.752962869651561562e-01,6.413871418651002632e-01,-9.587310342782218164e-02,-4.364115973930252634e-01,-3.797453418571969941e-01,-1.046414755726551071e+00
3.564000000000000057e+01,1.700000000000000000e+01,8.797160755147224620e+00,4.059006776048855514e+00,-1.620794721219256385e-01,6.410804484851497786e-01,-2.705402792865687633e-01,-3.674259937903965323e-01,6.326783528369505083e-01,-1.034516470697487422e-01,-4.342835043476875323e-01,-3.779527017767002617e-01,-1.078094790797684555e+00
3.565999999999999659e+01,1.700000000000000000e+01,8.809727663102689732e+00,4.056862319466997491e+00,-1.760132456016448299e-01,6.338159652920489773e-01,-2.775386628175029458e-01,-3.585058724891005966e-01,6.240232672316093909e-01,-1.109848629889645527e-01,-4.310355802398547764e-01,-3.752077852073567588e-01,-1.107449353390591806e+00
3.567999999999999972e+01,1.700000000000000000e+01,8.822122195288736535e+00,4.054567812470481591e+00,-1.901429100285966789e-01,6.267402135855861811e-01,-2.838333408494819743e-01,-3.485732721620955488e-01,6.154446221626650448e-01,-1.184534185929667638e-01,-4.266337758357284793e-01,-3.714818858765847609e-01,-1.133952327342526489e+00
3.570000000000000284e+01,1.700000000000000000e+01,8.834346113562098424e+00,4.052124746375915798e+00,-2.044259863051398896e-01,6.198730344055629615e-01,-2.892980083961060322e-01,-3.376724410610005833e-01,6.069658357283809202e-01,-1.258374071638011238e-01,-4.210440419015098468e-01,-3.667462975118025437e-01,-1.157039620877535091e+00
3.571999999999999886e+01,1.700000000000000000e+01,8.846401654951325355e+00,4.049535016375522822e+00,-2.188148878337837222e-01,6.132333159431463399e-01,-2.937994941800944892e-01,-3.258542080295647736e-01,5.986110070116972270e-01,-1.331163478580616177e-01,-4.142323292034001403e-01,-3.609723138404284937e-01,-1.176114065192560121e+00
3.574000000000000199e+01,1.700000000000000000e+01,8.858291545276470558e+00,4.046800933019646607e+00,-2.332567874781736050e-01,6.068388660843807569e-01,-2.971986241251075578e-01,-3.131754572968183936e-01,5.904049160802294915e-01,-1.402691857068904535e-01,-4.061645885076008433e-01,-3.541312285898806089e-01,-1.190551847114161621e+00
3.575999999999999801e+01,1.700000000000000000e+01,8.870019012768787903e+00,4.043925233699262378e+00,-2.476935441068113808e-01,6.007062976512737018e-01,-2.993512062267945639e-01,-2.996983727373478956e-01,5.823730239862697777e-01,-1.472742916159784643e-01,-3.968067705803129952e-01,-3.461943354875773315e-01,-1.199710460661831402e+00
3.578000000000000114e+01,1.700000000000000000e+01,8.881587801690422168e+00,4.040911094128487591e+00,-2.620616962444062836e-01,5.948509311748871875e-01,-3.001091266591781603e-01,-2.854894314677309808e-01,5.745414727667855770e-01,-1.541094623655646645e-01,-3.861248261877381904e-01,-3.371329282609369371e-01,-1.202938085587281103e+00
3.579999999999999716e+01,1.700000000000000000e+01,8.893002185954102856e+00,4.037762139827087537e+00,-2.762925290004874523e-01,5.892867203925645780e-01,-2.993215547538036758e-01,-2.706181318692433280e-01,5.669370854434206963e-01,-1.607519206104364717e-01,-3.740847060960776904e-01,-3.269183006373776457e-01,-1.199584219767804161e+00
3.582000000000000028e+01,1.700000000000000000e+01,8.904266982742845116e+00,4.034482457602988958e+00,-2.903122186961129558e-01,5.840262059001177786e-01,-2.968362673884814562e-01,-2.551554477265778331e-01,5.595873660224950363e-01,-1.671783148799297902e-01,-3.606523610715326456e-01,-3.155217463443176218e-01,-1.189011313815045989e+00
3.584000000000000341e+01,1.700000000000000000e+01,8.915387566129629349e+00,4.031076607034783876e+00,-3.040420575518289481e-01,5.790805024834998482e-01,-2.925011214849232988e-01,-2.391720079376717933e-01,5.525204994950040360e-01,-1.733647195779286498e-01,-3.457937418803045393e-01,-3.029145591091752521e-01,-1.170607088808244267e+00
3.585999999999999943e+01,1.700000000000000000e+01,8.926369880697109238e+00,4.027549631954242315e+00,-3.173987585634288067e-01,5.744593255826110356e-01,-2.861657263876307145e-01,-2.227360098519923781e-01,5.457653518366194501e-01,-1.792866349828656780e-01,-3.294747992885948551e-01,-2.890680326593688121e-01,-1.143797170537396601e+00
3.588000000000000256e+01,1.700000000000000000e+01,8.937220455157293131e+00,4.023907071928819690e+00,-3.302948384473156640e-01,5.701710620894204773e-01,-2.776833948741391223e-01,-2.059108833291656282e-01,5.393514700076886825e-01,-1.849189872477217667e-01,-3.116614840626045768e-01,-2.739534607223164664e-01,-1.108057654301928041e+00
3.589999999999999858e+01,1.700000000000000000e+01,8.947946415971250289e+00,4.020154973744166860e+00,-3.426390744856863124e-01,5.662228902494444993e-01,-2.669134805382498699e-01,-1.887527316097923347e-01,5.333090819532357862e-01,-1.902361284000261832e-01,-2.923197469685351879e-01,-2.575421370254366016e-01,-1.062927229573966015e+00
3.592000000000000171e+01,1.700000000000000000e+01,8.958555500968788721e+00,4.016299902886638407e+00,-3.543370294593699565e-01,5.626209528250291081e-01,-2.537242371748712477e-01,-1.713075836249338124e-01,5.276690966029599084e-01,-1.952118363418564595e-01,-2.714155387725882829e-01,-2.398053552961476043e-01,-1.008018547090923533e+00
3.593999999999999773e+01,1.700000000000000000e+01,8.969056072968161430e+00,4.012348955025801800e+00,-3.652916378335862579e-01,5.593705869044471868e-01,-2.379963577695868304e-01,-1.536085000710709636e-01,5.224631038712367337e-01,-1.998193148498387806e-01,-2.489148102409646512e-01,-2.207144092618673337e-01,-9.430286015768201136e-01
3.596000000000000085e+01,1.700000000000000000e+01,8.979457133395758461e+00,4.008309767496945675e+00,-3.754038461416813743e-01,5.564766128221865227e-01,-2.196273597333871508e-01,-1.356725822328375131e-01,5.177233746571178186e-01,-2.040311935751473460e-01,-2.247835121398658598e-01,-2.002405926500142319e-01,-8.677480261179646437e-01
3.597999999999999687e+01,1.700000000000000000e+01,8.989768335905791830e+00,4.004190530783591662e+00,-3.845733012255636019e-01,5.539436836151336863e-01,-1.985369694639042004e-01,-1.174979381387757371e-01,5.134828608443305908e-01,-2.078195280435049808e-01,-1.989875952354933086e-01,-1.783551991880066578e-01,-7.820693394049116343e-01
3.600000000000000000e+01,1.800000000000000000e+01,9.000000000000000000e+00,4.000000000000000000e+00,-3.926990816987239175e-01,5.517766952966357552e-01,-1.746736109148150640e-01,-1.112862457054930587e-01,5.097751953012785719e-01,-2.111557996551827188e-01,-1.714930102940481760e-01,-1.550295226032627482e-01,-6.859943405700337227e-01
3.602000000000000313e+01,1.800000000000000000e+01,9.010159104797857310e+00,3.995746382384816719e+00,-4.003924135964324060e-01,5.494922337869132534e-01,-1.809999824367450605e-01,-1.286739428036902666e-01,5.060318544973845256e-01,-2.141809450583071206e-01,-2.025226364025900228e-01,-1.475244205669141717e-01,-7.113811940603707029e-01
3.603999999999999915e+01,1.800000000000000000e+01,9.020237263597966404e+00,3.991433747181429403e+00,-4.083382624651654691e-01,5.466297375844885176e-01,-1.877788463060232338e-01,-1.565984934403541473e-01,5.016869012069526956e-01,-2.170583404733668620e-01,-2.316605582444605238e-01,-1.402539178567072664e-01,-7.386492125603961734e-01
3.606000000000000227e+01,1.800000000000000000e+01,9.030222819971724491e+00,3.987065002712109951e+00,-4.165463674075082778e-01,5.432282940492990653e-01,-1.950217121026698031e-01,-1.825869462232230234e-01,4.967777915575189440e-01,-2.197926415304796433e-01,-2.589445715994109776e-01,-1.332143788321331623e-01,-7.678614781946099255e-01
3.607999999999999829e+01,1.800000000000000000e+01,9.040104859053935016e+00,3.982642964913655881e+00,-4.250264704841298369e-01,5.393262597355599208e-01,-2.027402290492424930e-01,-2.066759474440260647e-01,4.913412257610240141e-01,-2.223884311469530306e-01,-2.844124722471926825e-01,-1.264021678526829895e-01,-7.990843809042684764e-01
3.610000000000000142e+01,1.800000000000000000e+01,9.049873192424474411e+00,3.978170358791647043e+00,-4.337882830153788616e-01,5.349612561515380005e-01,-2.109457649427232684e-01,-2.289023794941460466e-01,4.854131481138139748e-01,-2.248502195272844284e-01,-3.081020559675570203e-01,-1.198136492778478918e-01,-8.323862965619768239e-01
3.611999999999999744e+01,1.800000000000000000e+01,9.059518342989997919e+00,3.973649819874701894e+00,-4.428414424119817561e-01,5.301701645557944653e-01,-2.196489496252220508e-01,-2.493034123612858366e-01,4.790287469966394984e-01,-2.271824441631609404e-01,-3.300511185402550396e-01,-1.134451874671190130e-01,-8.678361343515679227e-01
3.614000000000000057e+01,1.800000000000000000e+01,9.069031529865624108e+00,3.969083895668732875e+00,-4.521954589164823846e-01,5.249891196570866114e-01,-2.288591753365332437e-01,-2.679165620339638565e-01,4.722224548746565276e-01,-2.293894698334597582e-01,-3.502974557450383997e-01,-1.072931467799875249e-01,-9.055017102398007500e-01
3.615999999999999659e+01,1.800000000000000000e+01,9.078404653256603396e+00,3.964475047111204020e+00,-4.618596515477437769e-01,5.194535020744363019e-01,-2.385840481452702333e-01,-2.847797563319431902e-01,4.650279482974259415e-01,-2.314755886042477728e-01,-3.688788633616584267e-01,-1.013538915759445852e-01,-9.454479052660442751e-01
3.617999999999999972e+01,1.800000000000000000e+01,9.087630279340030981e+00,3.959825650025381005e+00,-4.718430724778320262e-01,5.135979294038089948e-01,-2.488287868062528940e-01,-2.999314086371356325e-01,4.574781478989130568e-01,-2.334450198287815470e-01,-3.858331371698661139e-01,-9.562378621448126836e-02,-9.877345692307459846e-01
3.620000000000000284e+01,1.800000000000000000e+01,9.096701625146520698e+00,3.955137996574598969e+00,-4.821544190367329508e-01,5.074562457289489847e-01,-2.595955679721010934e-01,-3.134104999232878441e-01,4.496052183974889038e-01,-2.353019101475075092e-01,-4.011980729494128983e-01,-9.009919505508877380e-02,-1.032414132685066210e+00
3.621999999999999886e+01,1.800000000000000000e+01,9.105612543441909068e+00,3.950414296716509899e+00,-4.928019325400604944e-01,5.010615094068778808e-01,-2.708828197972910634e-01,-3.252566693676168796e-01,4.414405685959292835e-01,-2.370503334880620927e-01,-4.150114664800501618e-01,-8.477648245725824538e-02,-1.079528893430895753e+00
3.624000000000000199e+01,1.800000000000000000e+01,9.114357507608918496e+00,3.945656679657340238e+00,-5.037932831740576933e-01,4.944459789542445249e-01,-2.826844696710357763e-01,-3.355103136691734989e-01,4.330148513814147115e-01,-2.386942910652715133e-01,-4.273111135415290640e-01,-7.965201278048081313e-02,-1.129107948573465636e+00
3.625999999999999801e+01,1.800000000000000000e+01,9.122931596528868425e+00,3.940867195306149373e+00,-5.151354402579310099e-01,4.876410968601112561e-01,-2.949891560996812379e-01,-3.442126949788804069e-01,4.243579637255308068e-01,-2.402377113811516030e-01,-4.381348099136011531e-01,-7.472215038424762090e-02,-1.181163750097071974e+00
3.628000000000000114e+01,1.800000000000000000e+01,9.131330479463349192e+00,3.936047815729082799e+00,-5.268345273440321330e-01,4.806774711550895751e-01,-3.077794195492190021e-01,-3.514060570691892593e-01,4.154990466842683472e-01,-2.416844502249082816e-01,-4.475203513760175889e-01,-6.998325962804984035e-02,-1.235688271548759154e+00
3.629999999999999716e+01,1.800000000000000000e+01,9.139550400935918972e+00,3.931200436603631942e+00,-5.388956618204421289e-01,4.735848545773440055e-01,-3.210308921742059396e-01,-3.571337490167021400e-01,4.064664853980227144e-01,-2.430382906729370851e-01,-4.555055337085296419e-01,-6.543170487137861535e-02,-1.292648786307670550e+00
3.632000000000000028e+01,1.800000000000000000e+01,9.147588165613784739e+00,3.926326878672887322e+00,-5.513227789571601978e-01,4.663921211944218048e-01,-3.347115115054426493e-01,-3.614403552392602137e-01,3.972879090915947820e-01,-2.443029430888235543e-01,-4.621281526908887494e-01,-6.106385047372506897e-02,-1.351983274646936906e+00
3.634000000000000341e+01,1.800000000000000000e+01,9.155441123189493879e+00,3.921428889199796597e+00,-5.641184406949231178e-01,4.591272403677713609e-01,-3.487807879273112643e-01,-3.643718302117946450e-01,3.879901910741898607e-01,-2.454820451233428735e-01,-4.674260041028462931e-01,-5.687606079458037978e-02,-1.413595497829577496e+00
3.635999999999999943e+01,1.800000000000000000e+01,9.163107153262622262e+00,3.916508143421419952e+00,-5.772836299219503697e-01,4.518172479859502988e-01,-3.631891596152700963e-01,-3.659756355795469318e-01,3.785994487394187535e-01,-2.465791617144602044e-01,-4.714368837241533772e-01,-5.286470019343568472e-02,-1.477349803125143746e+00
3.638000000000000256e+01,1.800000000000000000e+01,9.170584650221458745e+00,3.911566246003182812e+00,-5.908175315235418834e-01,4.444882149445898434e-01,-3.778774709113352781e-01,-3.663008767034394708e-01,3.691410435652964783e-01,-2.475977850873302688e-01,-4.741985873345613833e-01,-4.902613302978209298e-02,-1.543065753936989415e+00
3.639999999999999858e+01,1.800000000000000000e+01,9.177872508124702122e+00,3.906604732493140997e+00,-6.047173021236570412e-01,4.371652129178130730e-01,-3.927766102536646708e-01,-3.653984349077550320e-01,3.596395811142438781e-01,-2.485413347542980156e-01,-4.757489107138216378e-01,-4.535672366311079701e-02,-1.610512713866923962e+00
3.642000000000000171e+01,1.800000000000000000e+01,9.184970105583140310e+00,3.901625070776227666e+00,-6.189778311624932750e-01,4.298722775482799463e-01,-4.078073411714761010e-01,-3.633210908889985546e-01,3.501189110330862886e-01,-2.494131575148978153e-01,-4.761256496416854112e-01,-4.185283645291291293e-02,-1.679404551696148218e+00
3.643999999999999773e+01,1.800000000000000000e+01,9.191877290641347287e+00,3.896628662528517140e+00,-6.335914967590198232e-01,4.226323692822534506e-01,-4.228803541037892688e-01,-3.601236339032674039e-01,3.406021270530540934e-01,-2.502165274558542651e-01,-4.753665998979040297e-01,-3.851083575867961240e-02,-1.749394674491348445e+00
3.646000000000000085e+01,1.800000000000000000e+01,9.198594365659355176e+00,3.891616844671472730e+00,-6.485479206734953150e-01,4.154673321921495965e-01,-4.378965577790313590e-01,-3.558629505264203630e-01,3.311115669897827241e-01,-2.509546459510814120e-01,-4.735095572622287641e-01,-3.532708593990202539e-02,-1.820071636192669873e+00
3.647999999999999687e+01,1.800000000000000000e+01,9.205122072194363625e+00,3.886590890826212341e+00,-6.638337275836476703e-01,4.083978512611969314e-01,-4.527476168643896348e-01,-3.505980860272597255e-01,3.216688127433125488e-01,-2.516306416616833075e-01,-4.705923175144111625e-01,-3.229795135607129580e-02,-1.890955606159854474e+00
3.650000000000000000e+01,1.800000000000000000e+01,9.211461575882410102e+00,3.881552012767755855e+00,-6.794323147802135976e-01,4.014434087510594940e-01,-4.673167282627124219e-01,-3.443902707768078386e-01,3.122946902980888173e-01,-2.522475705359538689e-01,-4.666526764342022737e-01,-2.941979636667858139e-02,-1.961496012523155308e+00
3.652000000000000313e+01,1.800000000000000000e+01,9.217614451320066848e+00,3.876501361879288066e+00,-6.953236392229685814e-01,3.946222404301224507e-01,-4.814796129397909130e-01,-3.373029037141463959e-01,3.030092697229619381e-01,-2.528084158093766298e-01,-4.617284298013534793e-01,-2.668898533121502950e-02,-2.031070694426503565e+00
3.653999999999999915e+01,1.800000000000000000e+01,9.223582666946130715e+00,3.871440030606410065e+00,-7.114840296172275647e-01,3.879512926024938912e-01,-4.951056849935451254e-01,-3.294014847838422355e-01,2.938318651711873120e-01,-2.533160880046252394e-01,-4.558573733956161611e-01,-2.410188260917177014e-02,-2.098986900572699543e+00
3.656000000000000227e+01,1.800000000000000000e+01,9.229368569923302346e+00,3.866369053911400400e+00,-7.278860317052092688e-01,3.814461810387690943e-01,-5.080593464996616682e-01,-3.207534885462095531e-01,2.847810348804248881e-01,-2.537734249315629631e-01,-4.490773029967415897e-01,-2.165485256003996800e-02,-2.164484454092827193e+00
3.657999999999999829e+01,1.800000000000000000e+01,9.234974871019879572e+00,3.861289410727463789e+00,-7.444982952446571600e-01,3.751211530606456956e-01,-5.202013471168530634e-01,-3.114281719084761590e-01,2.758745811727401076e-01,-2.541831916872427932e-01,-4.414260143844810913e-01,-1.934425954331075309e-02,-2.226741361432430732e+00
3.660000000000000142e+01,1.800000000000000000e+01,9.240404629491454358e+00,3.856202025412997614e+00,-7.612855110978457018e-01,3.689890541624303855e-01,-5.235999999999999543e-01,-3.014963102133112471e-01,2.671295504546031818e-01,-2.545480806559079490e-01,-4.329413033385857146e-01,-1.716646791847529704e-02,-2.284882072691740262e+00
3.661999999999999744e+01,1.800000000000000000e+01,9.245661237962584877e+00,3.851107769205838860e+00,-7.782084064146259639e-01,3.630613006521135055e-01,-5.235999999999999543e-01,-2.910298577784562468e-01,2.585622332168892590e-01,-2.548707115089910435e-01,-4.236609656388073408e-01,-1.511784204502472292e-02,-2.337988501693751164e+00
3.664000000000000057e+01,1.800000000000000000e+01,9.250748407308483579e+00,3.846007461677525718e+00,-7.952238050164335270e-01,3.573478598512924709e-01,-5.235999999999999543e-01,-2.801015314158092906e-01,2.501881640348784797e-01,-2.551536312051147504e-01,-4.136227970648967966e-01,-1.319474628245018849e-02,-2.385113787713107669e+00
3.665999999999999659e+01,1.800000000000000000e+01,9.255670151536728341e+00,3.840901872187550303e+00,-8.122847587509590683e-01,3.518572393954812472e-01,-5.235999999999999543e-01,-2.687843184226359483e-01,2.420221215682558658e-01,-2.553993139900915255e-01,-4.028645933966056303e-01,-1.139354499024282028e-02,-2.425298632262797849e+00
3.667999999999999972e+01,1.800000000000000000e+01,9.260430772668925670e+00,3.835791721337618476e+00,-8.293407537978232380e-01,3.465964871143873416e-01,-5.235999999999999543e-01,-2.571509139306300540e-01,2.340781285611117646e-01,-2.556101613969235520e-01,-3.914241504136849459e-01,-9.710602527893803793e-03,-2.457589882051859576e+00
3.670000000000000284e+01,1.800000000000000000e+01,9.265034845622405868e+00,3.830677682425901232e+00,-8.463379937093944427e-01,3.415712028382544285e-01,-5.235999999999999543e-01,-2.452730961661764297e-01,2.263694518419409885e-01,-2.557885022458029067e-01,-3.793392638958863472e-01,-8.142283254894246494e-03,-2.481060864864128579e+00
3.671999999999999886e+01,1.800000000000000000e+01,9.269487203091927086e+00,3.825560382901299405e+00,-8.632197584526553058e-01,3.367855632677404509e-01,-5.235999999999999543e-01,-2.332210519061614917e-01,2.189086023236438971e-01,-2.559365926441116157e-01,-3.666477296229611049e-01,-6.684951530735320883e-03,-2.494832832765050412e+00
3.674000000000000199e+01,1.800000000000000000e+01,9.273792920431324305e+00,3.820440405817686180e+00,-8.799268360003622558e-01,3.322423607620082486e-01,-5.235999999999999543e-01,-2.210626679689191576e-01,2.117073350035252044e-01,-2.560566159864212654e-01,-3.533873433746601567e-01,-5.334971714908159565e-03,-2.498096741918598429e+00
3.675999999999999801e+01,1.800000000000000000e+01,9.277957300535245366e+00,3.815318291288179342e+00,-8.963980202564384436e-01,3.279430565489837579e-01,-5.235999999999999543e-01,-2.088628076835110647e-01,2.047766489632949494e-01,-2.561506829544934472e-01,-3.395959009307349952e-01,-4.088708166903912491e-03,-2.490134514914388753e+00
3.678000000000000114e+01,1.800000000000000000e+01,9.281985858720810612e+00,3.810194537939382897e+00,-9.125706664655072187e-01,3.238878484546681147e-01,-5.235999999999999543e-01,-1.966825936842493405e-01,1.981267873690681913e-01,-2.562208315172794793e-01,-3.253111980709370021e-01,-2.942525246213733084e-03,-2.470338901736093273e+00
3.679999999999999716e+01,1.800000000000000000e+01,9.285884307609302724e+00,3.805069604365656666e+00,-9.283812929284338544e-01,3.200757528016138775e-01,-5.235999999999999543e-01,-1.845787198465647094e-01,1.917672374713649541e-01,-2.562690269309206847e-01,-3.105710305750177258e-01,-1.892787312328742455e-03,-2.438231086672828507e+00
3.682000000000000028e+01,1.800000000000000000e+01,9.289658542007856568e+00,3.799943910583360562e+00,-9.437662159909915305e-01,3.165046996608057439e-01,-5.235999999999999543e-01,-1.726028155533869679e-01,1.857067306051100042e-01,-2.562971617387479473e-01,-2.954131942227279373e-01,-9.358587247401303462e-04,-2.393475281925848464e+00
3.684000000000000341e+01,1.800000000000000000e+01,9.293314623791159690e+00,3.794817839485117972e+00,-9.586622040275250001e-01,3.131716401794772953e-01,-5.235999999999999543e-01,-1.608008846755808463e-01,1.799532421896333223e-01,-2.563070557712822106e-01,-2.798754847938197954e-01,-6.810384293899887013e-05,-2.335889699052317692e+00
3.685999999999999943e+01,1.800000000000000000e+01,9.296858766783120842e+00,3.789691738294068912e+00,-9.730071355967393476e-01,3.100726642737825500e-01,-5.235999999999999543e-01,-1.492128396751972730e-01,1.745139917286697429e-01,-2.563004561462340902e-01,-2.639956980680435161e-01,7.141129735834760277e-04,-2.265453484945390894e+00
3.688000000000000256e+01,1.800000000000000000e+01,9.300297321638572257e+00,3.784565920018128082e+00,-9.867406471376082289e-01,3.072031265924696219e-01,-5.115527761355453951e-01,-1.378721482116436192e-01,1.693954428103590648e-01,-2.562790372685040396e-01,-2.478116298251510918e-01,1.414427365336153259e-03,-2.182309432795986659e+00
3.689999999999999858e+01,1.800000000000000000e+01,9.303636760724950605e+00,3.779440664904241132e+00,-9.998047564746481708e-01,3.045577783453168319e-01,-4.926676609738624979e-01,-1.268056057386077740e-01,1.646033031072461350e-01,-2.562444008301824061e-01,-2.313610758448937932e-01,2.036474972827901925e-03,-2.086762510259787096e+00
3.692000000000000171e+01,1.800000000000000000e+01,9.306883663003992169e+00,3.774316221892637824e+00,-1.012144449930426626e+00,3.021309023629255019e-01,-4.709553635080404033e-01,-1.160332430944803761e-01,1.601425243762807371e-01,-2.561980758105492639e-01,-2.146818319070227521e-01,2.583891436567557331e-03,-1.979274466045662706e+00
3.693999999999999773e+01,1.800000000000000000e+01,9.310044698913406691e+00,3.769192810071093191e+00,-1.023708222867359519e+00,2.999164486215376568e-01,-4.463831717851445280e-01,-1.055683733069994190e-01,1.560173024588175639e-01,-2.561415184760746366e-01,-1.978116937912894335e-01,3.060312397063984051e-03,-1.860454963451579680e+00
3.696000000000000085e+01,1.800000000000000000e+01,9.313126615248584983e+00,3.764070620129176703e+00,-1.034448565834395373e+00,2.979081674306456873e-01,-4.189490245749868946e-01,-9.541777706199905396e-02,1.522310772806164947e-01,-2.560761123804182748e-01,-1.807884572774451359e-01,3.469373494826029532e-03,-1.731049830251729205e+00
3.697999999999999687e+01,1.800000000000000000e+01,9.316136220044274552e+00,3.758949815812518747e+00,-1.044322390993837057e+00,2.960997375390577169e-01,-3.886890182611713040e-01,-8.558202180747365162e-02,1.487865328518422070e-01,-2.560031683644297118e-01,-1.636499181452409635e-01,3.814710370362538183e-03,-1.591927099714901539e+00
3.700000000000000000e+01,1.800000000000000000e+01,9.319080367456267666e+00,3.753830535377056687e+00,-1.053291395967250077e+00,2.944848865583468700e-01,-3.556853236002739393e-01,-7.605590550490948232e-02,1.456855972670642596e-01,-2.559239245561484855e-01,-1.464338721744284921e-01,4.099958664182390411e-03,-1.444061544671187081e+00
3.702000000000000313e+01,1.800000000000000000e+01,9.321965942643091196e+00,3.748712893043295136e+00,-1.061322364502873317e+00,2.930575013188608802e-01,-3.200738370127561572e-01,-6.682901276196950846e-02,1.429294427052574534e-01,-2.558395463708038053e-01,-1.291781151447588816e-01,4.328754016794419783e-03,-1.288518378793471753e+00
3.703999999999999915e+01,1.800000000000000000e+01,9.324799846647700008e+00,3.743596980450563105e+00,-1.068387405296980619e+00,2.918117260478680919e-01,-2.820506459327756232e-01,-5.788636856600870573e-02,1.405184854298012209e-01,-2.557511265108147192e-01,-1.119204428359835135e-01,4.504732068707485021e-03,-1.126436725067865074e+00
3.706000000000000227e+01,1.800000000000000000e+01,9.327588981279159697e+00,3.738482868111271173e+00,-1.074464131804693245e+00,2.907420465762206585e-01,-2.418762050379001660e-01,-4.920917310023220637e-02,1.384523857884804310e-01,-2.556596849657901127e-01,-9.469865102785374189e-02,4.631528460430434438e-03,-9.590133428387291881e-01
3.707999999999999829e+01,1.800000000000000000e+01,9.330340233994329324e+00,3.733370606865161534e+00,-1.079535786902096728e+00,2.898433591238587792e-01,-1.998760778954383477e-01,-4.077560010790559630e-02,1.367300482134844730e-01,-2.555661690125287100e-01,-7.755053550012064312e-02,4.712778832472120684e-03,-7.874869757691556060e-01
3.710000000000000142e+01,1.800000000000000000e+01,9.333060462779565469e+00,3.728260229333573150e+00,-1.083591316804329852e+00,2.891110225719045190e-01,-1.564372721353664286e-01,-3.256164088008350888e-02,1.353496212214079231e-01,-2.554714532150190731e-01,-6.051389203253591115e-02,4.752118825341416358e-03,-6.131235477421035363e-01
3.711999999999999744e+01,1.800000000000000000e+01,9.335756481032394305e+00,3.723151751373689589e+00,-1.086625398735715731e+00,2.885408934886554144e-01,-1.119996266178407557e-01,-2.454197605173824570e-02,1.343084974132503773e-01,-2.553763394244394913e-01,-4.362651640485052523e-02,4.753184079547152427e-03,-4.372023051839216690e-01
3.714000000000000057e+01,1.800000000000000000e+01,9.338435042443204992e+00,3.718045173532801506e+00,-1.088638426551936433e+00,2.881293435298350469e-01,-6.704236876505162424e-02,-1.669085786778357061e-02,1.336033134744162298e-01,-2.552815567791582030e-01,-2.692620439681583239e-02,4.719610235598186744e-03,-2.610028934024954395e-01
3.715999999999999659e+01,1.800000000000000000e+01,9.341102825876946625e+00,3.712940482502559369e+00,-1.089636457918419898e+00,2.878732591739440183e-01,-2.206673612249922950e-02,-8.982986302400242096e-03,1.332299501747150339e-01,-2.551877617047331737e-01,-1.045075178818344851e-02,4.655032934003382368e-03,-8.579326939541558061e-02
3.717999999999999972e+01,1.800000000000000000e+01,9.343766420254798533e+00,3.707837652573230169e+00,-1.089631125856061367e+00,2.877700240777391061e-01,2.242373336620726021e-02,-1.394363281406185706e-03,1.331835323683612238e-01,-2.550955379139122625e-01,5.762045641295525725e-03,4.563087815271593684e-03,8.718170075035085176e-02
3.720000000000000284e+01,1.800000000000000000e+01,9.346432309435876107e+00,3.702736647087954580e+00,-1.088639516583989941e+00,2.878174846426877487e-01,6.594318774001534100e-02,6.096889798303806174e-03,1.334584289939741708e-01,-2.550053964066332224e-01,2.167439211187000697e-02,4.447410519911654259e-03,2.567111332640391597e-01
3.721999999999999886e+01,1.800000000000000000e+01,9.349106857098904655e+00,3.697637419897001898e+00,-1.086684014726678082e+00,2.880138996696711695e-01,1.080416135451427867e-01,1.350976507057133347e-02,1.340482530745783218e-01,-2.549177754700233112e-01,3.724849184378834638e-02,4.311636688432444499e-03,4.216286698238020381e-01
3.724000000000000199e+01,1.800000000000000000e+01,9.351796291623921675e+00,3.692539916812027645e+00,-1.083792116208132983e+00,2.883578752455106531e-01,1.483193994090934997e-01,2.085966450769927150e-02,1.349458617176030051e-01,-2.548330406783999580e-01,5.244654905729950051e-02,4.159401961342791033e-03,5.808227962097504138e-01
3.725999999999999801e+01,1.800000000000000000e+01,9.354506690973952487e+00,3.687444077060330727e+00,-1.079996208613607678e+00,2.888482862499790471e-01,1.864372149655794397e-01,2.815777121142204464e-02,1.361433561148825966e-01,-2.547514848932702636e-01,6.723076797265176152e-02,3.994341979151576003e-03,7.332469979561504481e-01
3.728000000000000114e+01,1.800000000000000000e+01,9.357243967576701849e+00,3.682349834739104821e+00,-1.075333318524355430e+00,2.894841860939675882e-01,2.221208867717087421e-01,3.541050613511398382e-02,1.376320815426563537e-01,-2.546733282633311668e-01,8.156335281009426119e-02,3.820092382367629939e-03,8.779297361390875354e-01
3.729999999999999716e+01,1.800000000000000000e+01,9.360013853206247347e+00,3.677257120269698643e+00,-1.069844825365330543e+00,2.902647064953835510e-01,2.551616564281371513e-01,4.261907927685903985e-02,1.394026273615686096e-01,-2.545987182244694447e-01,9.540650778987538883e-02,3.640288811499816334e-03,1.013984140415641111e+00
3.732000000000000028e+01,1.800000000000000000e+01,9.362821883864718586e+00,3.672165861851873103e+00,-1.063576141665554697e+00,2.911889492650419631e-01,2.854127015939191270e-01,4.977914274526451521e-02,1.414448270166686061e-01,-2.545277294997617124e-01,1.087224371322440125e-01,3.458566907056984368e-03,1.140617231711356760e+00
3.734000000000000341e+01,1.800000000000000000e+01,9.365673384663999457e+00,3.667075986918054031e+00,-1.056576360305204076e+00,2.922558722051944446e-01,3.127830387466769557e-01,5.688055119506341128e-02,1.437477580374106056e-01,-2.544603640994742566e-01,1.214733450574486950e-01,3.278562309547993631e-03,1.257138412495914848e+00
3.735999999999999943e+01,1.800000000000000000e+01,9.368573454707394887e+00,3.661987423587589774e+00,-1.048897870274782651e+00,2.934641713128444129e-01,3.372299334865187515e-01,6.390723294866251791e-02,1.462997420376537794e-01,-2.543965513210634244e-01,1.336214357857381241e-01,3.103910659481695471e-03,1.362966906626460029e+00
3.738000000000000256e+01,1.800000000000000000e+01,9.371526951971340225e+00,3.656900102121009244e+00,-1.040595943638057408e+00,2.948121615231409365e-01,3.587507898467364731e-01,7.083717268584610594e-02,1.490883447156623742e-01,-2.543361477491753453e-01,1.451289135373610983e-01,2.938247597366939936e-03,1.457637800041252207e+00
3.739999999999999858e+01,1.800000000000000000e+01,9.374538478187071533e+00,3.651813956374274639e+00,-1.031728297689629814e+00,2.962976582202781484e-01,3.773752543615591093e-01,7.764250395506877567e-02,1.521003758541054629e-01,-2.542789372556457095e-01,1.559579825325662916e-01,2.785208763712578809e-03,1.540806332758593911e+00
3.742000000000000171e+01,1.800000000000000000e+01,9.377612363722334976e+00,3.646728925253042597e+00,-1.022354637633859475e+00,2.979178616813436542e-01,3.931580199812590437e-01,8.428970703221683181e-02,1.553218893200571937e-01,-2.542246309995003783e-01,1.660708469916021834e-01,2.648429799027479051e-03,1.612250123559179960e+00
3.743999999999999773e+01,1.800000000000000000e+01,9.380752652463048236e+00,3.641644954166912918e+00,-1.012536186381774339e+00,2.996692465015666773e-01,4.061725924441310087e-01,9.073990494756500880e-02,1.587381830649967074e-01,-2.541728674269547739e-01,1.754297111347176696e-01,2.531546343820476400e-03,1.671869070232244736e+00
3.746000000000000085e+01,1.800000000000000000e+01,9.383963086695013445e+00,3.636561996483692383e+00,-1.002335209166276053e+00,3.015474578792462501e-01,4.165061078695494468e-01,9.694924796207171624e-02,1.623337991248080814e-01,-2.541232122714142672e-01,1.839967791821614518e-01,2.438194038600438249e-03,1.719682756102485444e+00
3.747999999999999687e+01,1.800000000000000000e+01,9.387247091985591041e+00,3.631480014983647475e+00,-9.918145415242017870e-01,3.035472164200493927e-01,4.242551688384125219e-01,1.028693745452740060e-01,1.660925236197803578e-01,-2.540751585534741230e-01,1.917342553541821482e-01,2.372008523876209876e-03,1.755825300744982220e+00
3.750000000000000000e+01,1.800000000000000000e+01,9.390607762065386055e+00,3.626398983313759317e+00,-9.810371297167164162e-01,3.056622328610571482e-01,4.295225910246014411e-01,1.084479351280824844e-01,1.699973867546075712e-01,-2.540281265809192224e-01,1.986043438710284603e-01,2.336625440156649136e-03,1.780537710300863941e+00
3.752000000000000313e+01,1.800000000000000000e+01,9.394047843709948609e+00,3.621318887441983048e+00,-9.700655928127744909e-01,3.078851338251733516e-01,4.324149134153671969e-01,1.136291636865127685e-01,1.740306628183886650e-01,-2.539814639487244508e-01,2.045692489529490343e-01,2.335680427950609546e-03,1.794157900483852375e+00
3.753999999999999915e+01,1.800000000000000000e+01,9.397569721621453098e+00,3.616239727111501434e+00,-9.589618154293062524e-01,3.102073994085175479e-01,4.330405118182775182e-01,1.183544816359294316e-01,1.781738701846276585e-01,-2.539344455390543653e-01,2.095911748201926827e-01,2.372809127766936817e-03,1.797108673070991092e+00
3.756000000000000227e+01,1.800000000000000000e+01,9.401175403310384482e+00,3.611161517294983359e+00,-9.477865795222956136e-01,3.126193130906104733e-01,4.315081587245399031e-01,1.225631186153703922e-01,1.824077713112335353e-01,-2.538862735212635835e-01,2.136323256930079684e-01,2.451647180114495308e-03,1.789884015348987223e+00
3.757999999999999829e+01,1.800000000000000000e+01,9.404866503977233450e+00,3.606084289648836094e+00,-9.365992426995479736e-01,3.151099241531322148e-01,4.279258858625508144e-01,1.261927355031096099e-01,1.867123727405201328e-01,-2.538360773518961722e-01,2.166549057916435927e-01,2.575830225502135067e-03,1.773034154623886582e+00
3.760000000000000142e+01,1.800000000000000000e+01,9.408644231394180935e+00,3.601008093967467794e+00,-9.254574693472259472e-01,3.176670225107348089e-01,4.224000241759628960e-01,1.291800363769475268e-01,1.910669250992064194e-01,-2.537829137746864805e-01,2.186211193363483130e-01,2.748993904438704842e-03,1.747149832158799487e+00
3.761999999999999744e+01,1.800000000000000000e+01,9.412509370786786178e+00,3.595932999637536653e+00,-9.144170195138162649e-01,3.202771256082099782e-01,4.150343163989225759e-01,1.314613580191492659e-01,1.954499230984161895e-01,-2.537257668205582517e-01,2.194931705473707473e-01,2.974773857433064220e-03,1.712846261400070791e+00
3.764000000000000057e+01,1.800000000000000000e+01,9.416462269715673017e+00,3.590859097092212515e+00,-9.035315990721196622e-01,3.229254768315006352e-01,4.059290179521136133e-01,1.329732278510480370e-01,1.998391055336783406e-01,-2.536635478076253447e-01,2.192332636449595973e-01,3.256805724994064986e-03,1.670747205546871506e+00
3.765999999999999659e+01,1.800000000000000000e+01,9.420502822958221500e+00,3.585786499265430027e+00,-8.928527732784370397e-01,3.255960547222517265e-01,3.951799213644021647e-01,1.336528837327772834e-01,2.042114552849266795e-01,-2.535950953411913456e-01,2.178036028493635645e-01,3.598725147630561956e-03,1.621469553261487562e+00
3.767999999999999972e+01,1.800000000000000000e+01,9.424630457390254179e+00,3.580715343046146693e+00,-8.824299445588201785e-01,3.282715921808116444e-01,3.828772570712398182e-01,1.334387517494448616e-01,2.085431993164999220e-01,-2.535191753137495674e-01,2.151663923808313506e-01,4.004167765851400843e-03,1.565608694142976764e+00
3.770000000000000284e+01,1.800000000000000000e+01,9.428844116867724168e+00,3.575645790732596918e+00,-8.723103942539135458e-01,3.309336047922303847e-01,3.691044386945951383e-01,1.322708808067272201e-01,2.128098086771419706e-01,-2.534344809049833280e-01,2.112838364596116847e-01,4.476769220165444270e-03,1.503724903888692399e+00
3.771999999999999886e+01,1.800000000000000000e+01,9.433142247108403211e+00,3.570578031486551840e+00,-8.625393872102270487e-01,3.335624274130806199e-01,3.539366333116037433e-01,1.300913354803707733e-01,2.169859985000014979e-01,-2.533396325817656169e-01,2.061181393059531852e-01,5.020165151081541419e-03,1.436330849264363829e+00
3.774000000000000199e+01,1.800000000000000000e+01,9.437522780573569747e+00,3.565512282787570708e+00,-8.531603375636442887e-01,3.361372582114450780e-01,3.374391463857305817e-01,1.268445510419091704e-01,2.210457280026321691e-01,-2.532331780981593172e-01,1.996315051401045537e-01,5.637991199108548408e-03,1.363880220800262055e+00
3.775999999999999801e+01,1.800000000000000000e+01,9.441983121349700525e+00,3.560448791887261155e+00,-8.442150338516077879e-01,3.386362094547569201e-01,3.196656166870459614e-01,1.224776568809904376e-01,2.249622004869927527e-01,-2.531135924954171501e-01,1.917861381823144085e-01,6.333883004755319623e-03,1.286757400952998065e+00
3.778000000000000114e+01,1.800000000000000000e+01,9.446520130030151563e+00,3.555387837263533690e+00,-8.357439217311856128e-01,3.410363644866846178e-01,3.006560185650455908e-01,1.169407766744345878e-01,2.287078633394468152e-01,-2.529792781019815640e-01,1.825442426528315898e-01,7.111476208530706847e-03,1.205267980085901636e+00
3.779999999999999716e+01,1.800000000000000000e+01,9.451130108596851542e+00,3.550329730074857082e+00,-8.277864430788572925e-01,3.433138405217341926e-01,2.804344675212435689e-01,1.101873156498633932e-01,2.322544080307630265e-01,-2.528285645334850118e-01,1.718680227719046882e-01,7.974406450943560126e-03,1.119629842941324727e+00
3.782000000000000028e+01,1.800000000000000000e+01,9.455808785301989872e+00,3.545274815614517294e+00,-8.203814311071860876e-01,3.454438571126790536e-01,2.590068206908491821e-01,1.021742472375457567e-01,2.355727701161150489e-01,-2.526597086927495073e-01,1.597196827597823776e-01,8.926309372502739051e-03,1.029964463325466095e+00
3.784000000000000341e+01,1.800000000000000000e+01,9.460551299549701199e+00,3.540223474764870648e+00,-8.135675623567637516e-01,3.474008104112366602e-01,2.363580576068277928e-01,9.286241340979373149e-02,2.386331292350813427e-01,-2.524708947697871797e-01,1.460614268367134150e-01,9.970820613717092801e-03,9.362879616654770087e-01
3.785999999999999943e+01,1.800000000000000000e+01,9.465352186777758803e+00,3.535176125451601425e+00,-8.073838680180374094e-01,3.491583536490707740e-01,2.124494201733562182e-01,8.221685522043920002e-02,2.414049091116456103e-01,-2.522602342417997745e-01,1.308554592229464464e-01,1.111157581509547576e-02,8.385013943053641894e-01
3.788000000000000256e+01,1.800000000000000000e+01,9.470205363339255555e+00,3.530133224097977696e+00,-8.018703090275829393e-01,3.506894846200540594e-01,1.872152867384496711e-01,7.020719266833985728e-02,2.438567775541962412e-01,-2.520257658731788752e-01,1.140639841387301734e-01,1.235221061714674232e-02,7.363796484866512726e-01
3.789999999999999858e+01,1.800000000000000000e+01,9.475104111384300865e+00,3.525095267079109362e+00,-7.970684218049456371e-01,3.519666413558044105e-01,1.605597575171651969e-01,5.680807625059536292e-02,2.459566464555268117e-01,-2.517654557155060147e-01,9.564920580431325592e-02,1.369636066037974859e-02,6.295582046594723202e-01
3.792000000000000171e+01,1.800000000000000000e+01,9.480041063741698082e+00,3.520062792176200883e+00,-7.930220444103128763e-01,3.529618076700776763e-01,1.323529434513089909e-01,4.199973674356272113e-02,2.476716717928357236e-01,-2.514771971075523971e-01,7.557332843994464533e-02,1.514766158530332640e-02,5.175168877303265580e-01
3.793999999999999773e+01,1.800000000000000000e+01,9.485008188800645001e+00,3.515036380030811092e+00,-7.897781364000812099e-01,3.536466308255470370e-01,1.024269871738723303e-01,2.576866522727172537e-02,2.489682536277265656e-01,-2.511588106752792315e-01,5.379855626587257134e-02,1.670974903242636311e-02,3.995595481453153019e-01
3.796000000000000085e+01,1.800000000000000000e+01,9.489996775392413042e+00,3.510016655599105917e+00,-7.873877098626900217e-01,3.539925542791684809e-01,7.057191720000187407e-02,8.108462639562219465e-03,2.498120361062075856e-01,-2.508080443318372876e-01,3.028709350234593672e-02,1.838625864225770096e-02,2.747883761178317452e-01
3.797999999999999687e+01,1.800000000000000000e+01,9.494997417672033535e+00,3.505004289606117762e+00,-7.859068941997815472e-01,3.539709693311295924e-01,3.653156599204279015e-02,-1.097909214737669004e-02,2.501679074586923290e-01,-2.504225732775674507e-01,5.001144369613446522e-03,2.018082605530618912e-02,1.420712373324948818e-01
3.800000000000000000e+01,1.900000000000000000e+01,9.500000000000000000e+00,3.500000000000000000e+00,-7.853981633974504994e-01,3.535533905932732868e-01,6.316084531631247449e-15,-2.677191107790477531e-02,2.499999999999991118e-01,-2.500000000000002220e-01,-2.209708691207623588e-02,2.209708691208067677e-02,2.455232082266762980e-14
3.802000000000000313e+01,1.900000000000000000e+01,9.504996125634106008e+00,3.495005233856663729e+00,-7.849918498725996230e-01,3.529000928880132726e-01,2.930578620746708898e-02,-3.397393923438229990e-02,2.496394188456606267e-01,-2.494366374828870803e-01,-1.404031083703035851e-02,3.409045673464645987e-02,1.139521035747154132e-01
3.803999999999999915e+01,1.900000000000000000e+01,9.509986619433057342e+00,3.490024074469014970e+00,-7.838060867034045698e-01,3.521944330238980236e-01,5.687947968392723791e-02,-3.642557222826781071e-02,2.494352454014882314e-01,-2.486422671319667987e-01,-6.454859516432301728e-03,4.520101635434506382e-02,2.213446041823218247e-01
3.806000000000000227e+01,1.900000000000000000e+01,9.514974515868649618e+00,3.485060966690112672e+00,-7.818896459595532367e-01,3.514430699988825846e-01,8.273781729954800268e-02,-3.853658016243777240e-02,2.493781405551351860e-01,-2.476343563876037268e-01,6.680053239457536297e-04,5.544764214047591400e-02,3.223600811967732849e-01
3.807999999999999829e+01,1.900000000000000000e+01,9.519962664378097017e+00,3.480120009799485103e+00,-7.792901280808964826e-01,3.506529698174005172e-01,1.069008592673243857e-01,-4.029462812016681994e-02,2.494589399597393897e-01,-2.464299951627762497e-01,7.337021958331627590e-03,6.484921046233839415e-02,4.171426355479080361e-01
3.810000000000000142e+01,1.900000000000000000e+01,9.524953732859330557e+00,3.475204965053671824e+00,-7.760541413702241043e-01,3.498312848740759429e-01,1.293903510587943451e-01,-4.169311009274068169e-02,2.496686540339233540e-01,-2.450458958430766221e-01,1.356092866095311156e-02,7.342459768923188801e-02,5.058009645657924880e-01
3.811999999999999744e+01,1.900000000000000000e+01,9.529950211166307028e+00,3.470319263236777196e+00,-7.722274639848767386e-01,3.489852454136909143e-01,1.502285249572073156e-01,-4.273056836564137484e-02,2.499984679617939520e-01,-2.434983932867113288e-01,1.934846370603804377e-02,8.119268019045586260e-02,5.884119379075235523e-01
3.814000000000000057e+01,1.900000000000000000e+01,9.534954414604321471e+00,3.465466012211014135e+00,-7.678551864111217151e-01,3.481220621394503500e-01,1.694372702437139389e-01,-4.341015563279526646e-02,2.504397416929428077e-01,-2.418034448245008350e-01,2.470836536781422302e-02,8.817233433530968778e-02,6.650245553949110100e-01
3.815999999999999659e+01,1.900000000000000000e+01,9.539968487425314336e+00,3.460648004467253180e+00,-7.629818330170606844e-01,3.472488391883791214e-01,1.870376038145903363e-01,-4.373913291611053467e-02,2.509840099424460735e-01,-2.399766302598795309e-01,2.964937192050948883e-02,9.438243649309277505e-02,7.356641853084757710e-01
3.817999999999999972e+01,1.900000000000000000e+01,9.544994406323180414e+00,3.455867724675568020e+00,-7.576514618092280440e-01,3.463724968228059642e-01,2.030493792854719814e-01,-4.372839723209231977e-02,2.516229821908642639e-01,-2.380331518688956760e-01,3.418022163835163219e-02,9.984186303310452204e-02,8.003369927899421921e-01
3.820000000000000284e+01,1.900000000000000000e+01,9.550033983929079540e+00,3.451127357235787674e+00,-7.519077419888023917e-01,3.454997032990951289e-01,2.174911806056353258e-01,-4.339203385840839644e-02,2.523485426842426160e-01,-2.359878344002117601e-01,3.830965279556847181e-02,1.045694903246443402e-01,8.590344743398299343e-01
3.821999999999999886e+01,1.900000000000000000e+01,9.555088872306754411e+00,3.446428793828040682e+00,-7.457940093321370201e-01,3.446368154684696372e-01,2.303803546923712808e-01,-4.274688898107470436e-02,2.531527504341110069e-01,-2.338551250751043642e-01,4.204640366638782989e-02,1.085841947370116273e-01,9.117380175921355745e-01
3.824000000000000199e+01,1.900000000000000000e+01,9.560160566447830632e+00,3.441773640963304182e+00,-7.393532998175770254e-01,3.437898277398522273e-01,2.417331458444332282e-01,-4.181215942482729986e-02,2.540278392174836197e-01,-2.316490935874638002e-01,4.539921252503750088e-02,1.119048526395058085e-01,9.584234070387462889e-01
3.825999999999999801e+01,1.900000000000000000e+01,9.565250407767122098e+00,3.437163227533953869e+00,-7.326283622914635529e-01,3.429643290914765608e-01,2.515649022597480911e-01,-4.060899706317577795e-02,2.549662175768594996e-01,-2.293834321037946100e-01,4.837681764574535553e-02,1.145503404014262955e-01,9.990651973968830424e-01
3.828000000000000114e+01,1.900000000000000000e+01,9.570359587597959461e+00,3.432598612364303747e+00,-7.256616513117245537e-01,3.421654678573252117e-01,2.598903316373890604e-01,-3.916012635315624379e-02,2.559604688202220535e-01,-2.270714552632152605e-01,5.098795730273913973e-02,1.165395343920724580e-01,1.033640877890949827e+00
3.829999999999999716e+01,1.900000000000000000e+01,9.575489150687475970e+00,3.428080591761164087e+00,-7.184953016250217317e-01,3.413979240373503088e-01,2.667237885003443387e-01,-3.748947422465143120e-02,2.570033510210391059e-01,-2.247261001774581990e-01,5.324136977024668954e-02,1.178913109807436799e-01,1.062134753663562581e+00
3.832000000000000028e+01,1.900000000000000000e+01,9.580639998691939496e+00,3.423609707064381613e+00,-7.111710860182142158e-01,3.406658888883392078e-01,2.720795805354738750e-01,-3.562181225990812550e-02,2.580877970182634540e-01,-2.223599264308699919e-01,5.514579332249584104e-02,1.186245465367394281e-01,1.084541475414941614e+00
3.834000000000000341e+01,1.900000000000000000e+01,9.585812893672043700e+00,3.419186252197393472e+00,-7.037303585305706433e-01,3.399730515469537862e-01,2.759722849636228603e-01,-3.358241171095777133e-02,2.592069144163321459e-01,-2.199851160804111583e-01,5.670996623371441642e-02,1.187581174293591418e-01,1.100869155528996890e+00
3.835999999999999943e+01,1.900000000000000000e+01,9.591008461588231171e+00,3.414810281217768750e+00,-6.962139852128870210e-01,3.393225924199009258e-01,2.784170688074074085e-01,-3.139671240925068219e-02,2.603539855851667584e-01,-2.176134736556561977e-01,5.794262677813019624e-02,1.183109000279021494e-01,1.111142018468694426e+00
3.838000000000000256e+01,1.900000000000000000e+01,9.596227195795991705e+00,3.410481615867754002e+00,-6.886622647669742303e-01,3.387171830505837922e-01,2.794300090106960344e-01,-2.909000701466979422e-02,2.615224676601735632e-01,-2.152564261587936179e-01,5.885251322997102352e-02,1.173017707016679179e-01,1.115402544969140486e+00
3.839999999999999858e+01,1.900000000000000000e+01,9.601469460541183665e+00,3.406199853124836530e+00,-6.811148414885032087e-01,3.381589921393141629e-01,2.790284097799596297e-01,-2.668714232353330829e-02,2.627059925422433051e-01,-2.129250230646260178e-01,5.944836386346469270e-02,1.157496058199557754e-01,1.113713083168969664e+00
3.842000000000000171e+01,1.900000000000000000e+01,9.606735494455330482e+00,3.401964372752273480e+00,-6.736106129643304463e-01,3.376496973576424421e-01,2.772311153599586464e-01,-2.421223950791606683e-02,2.638983668977513131e-01,-2.106299363205699493e-01,5.973891695283900516e-02,1.136732817520651889e-01,1.106156914768366750e+00
3.843999999999999773e+01,1.900000000000000000e+01,9.612025414050958005e+00,3.397774344849650685e+00,-6.661876349408072384e-01,3.371905025589975180e-01,2.740588168175008832e-01,-2.168843519360486027e-02,2.650935721585575555e-01,-2.083814603466559445e-01,5.973291077232178309e-02,1.110916748672954729e-01,1.092838779925856096e+00
3.846000000000000085e+01,1.900000000000000000e+01,9.617339217216855474e+00,3.393628737403425966e+00,-6.588830256832807208e-01,3.367821599498982410e-01,2.695343513758049481e-01,-1.913764520978311623e-02,2.662857645220064184e-01,-2.061895120355286271e-01,5.943908359614087644e-02,1.080236615349461360e-01,1.073884880174073464e+00
3.847999999999999687e+01,1.900000000000000000e+01,9.622676786713434183e+00,3.389526323837479982e+00,-6.517328719926923641e-01,3.364249967506062200e-01,2.636829925027603383e-01,-1.658035267151092285e-02,2.674692749509269274e-01,-2.040636307524465731e-01,5.886617369852410048e-02,1.044881181243166035e-01,1.049442393401792462e+00
3.850000000000000000e+01,1.900000000000000000e+01,9.628037893668011549e+00,3.385465690563660424e+00,-6.447721388389259234e-01,3.361189458430379196e-01,2.565327283902789079e-01,-1.403542180193007027e-02,2.686386091736326920e-01,-2.020129783352824782e-01,5.802291935369921494e-02,1.005039210047062037e-01,1.019678548215791736e+00
3.852000000000000313e+01,1.900000000000000000e+01,9.633422201070125368e+00,3.381445244532331085e+00,-6.380345843205159628e-01,3.358635798785289395e-01,2.481145257477634924e-01,-1.151993858260524917e-02,2.697884476839216839e-01,-2.000463390945228792e-01,5.691805883589405590e-02,9.608994654541432034e-02,9.847793161586276822e-01
3.853999999999999915e+01,1.900000000000000000e+01,9.638829267266846301e+00,3.377463220782920938e+00,-6.315526813763225888e-01,3.356581482997337273e-01,2.384625750477772643e-01,-9.049078957087175468e-03,2.709136457410767362e-01,-1.981721198132684325e-01,5.556033041933648720e-02,9.126507111574046205e-02,9.449477888522133107e-01
3.856000000000000227e+01,1.900000000000000000e+01,9.644258549458077923e+00,3.373517689994470548e+00,-6.253575473676948882e-01,3.355016167202454214e-01,2.276145125824118320e-01,-6.636004925324456849e-03,2.720092333698649889e-01,-1.963983497472338302e-01,5.395847237825428244e-02,8.604817108498402645e-02,9.004023128622448136e-01
3.857999999999999829e+01,1.900000000000000000e+01,9.649709407191881638e+00,3.369606566036179363e+00,-6.194788823308934322e-01,3.353927081027207602e-01,2.156116139894075634e-01,-4.291788473564039919e-03,2.730704153605382767e-01,-1.947326806247476061e-01,5.212122298687525690e-02,8.045812282244432789e-02,8.513744578115691741e-01
3.860000000000000142e+01,1.900000000000000000e+01,9.655181105859778512e+00,3.365727613517954797e+00,-6.139449163804152620e-01,3.353299451813028798e-01,2.024989533600491109e-01,-2.025362905170524641e-03,2.740925712688328519e-01,-1.931823866467525241e-01,5.005732051942719113e-02,7.451380269742077789e-02,7.981068930605196288e-01
3.861999999999999744e+01,1.900000000000000000e+01,9.660672820192056420e+00,3.361878455340960414e+00,-6.087823664349714115e-01,3.353116935865139148e-01,1.883255217140138438e-01,1.564992130411724247e-04,2.750712554159696621e-01,-1.917543644868053010e-01,4.777550325013798366e-02,6.823408707921282956e-02,7.408512453234289419e-01
3.864000000000000057e+01,1.900000000000000000e+01,9.666183637753082536e+00,3.358056580248159673e+00,-6.040164021487617330e-01,3.353362051498245400e-01,1.731442985797982115e-01,2.249182583581088579e-03,2.760021968886542387e-01,-1.904551332910766059e-01,4.528450945323536647e-02,6.163785233711990830e-02,6.798660042340842757e-01
3.865999999999999659e+01,1.900000000000000000e+01,9.671712562436617588e+00,3.354259350374868998e+00,-5.996706206693873664e-01,3.354016608898571228e-01,1.570122707017087837e-01,4.250201543184672914e-03,2.768812995390765863e-01,-1.892908346783511164e-01,4.259307740294723810e-02,5.474397484044141171e-02,6.154145355321636313e-01
3.867999999999999972e+01,1.900000000000000000e+01,9.677258517961112361e+00,3.350484008799301527e+00,-5.957670296166081014e-01,3.355062132115519402e-01,1.399903925382940395e-01,6.159149815053055477e-03,2.777046419849111270e-01,-1.882672327400275458e-01,3.970994537350131665e-02,4.757133095847672355e-02,5.477632526950063641e-01
3.870000000000000284e+01,1.900000000000000000e+01,9.682820351365034384e+00,3.346727687093116632e+00,-5.923260374877350465e-01,3.356480268824593161e-01,1.221434842346571098e-01,7.977629346902048724e-03,2.784684776093170333e-01,-1.873897140401186157e-01,3.664385163912550064e-02,4.013879706052524143e-02,4.771799879788405363e-01
3.871999999999999886e+01,1.900000000000000000e+01,9.688396836502166209e+00,3.342987412871968989e+00,-5.893664505485392002e-01,3.358253183854280066e-01,1.035400641300687069e-01,9.709160019117035745e-03,2.791692345609381731e-01,-1.866632876152511389e-01,3.340353447404759146e-02,3.246524951588646013e-02,4.039325934391337913e-01
3.874000000000000199e+01,1.900000000000000000e+01,9.693986677536910790e+00,3.339260117346050105e+00,-5.869054751642470702e-01,3.360363932832240441e-01,8.425211456342703020e-02,1.135907203926045383e-02,2.798035157539025541e-01,-1.860925849746657978e-01,2.999773215249534539e-02,2.456956469385963848e-02,3.282877920064772859e-01
3.875999999999999801e+01,1.900000000000000000e+01,9.699588512439625276e+00,3.335542642870646723e+00,-5.849587244631422323e-01,3.362796812669984203e-01,6.435478169554473271e-02,1.293438282295333863e-02,2.803680988678229902e-01,-1.856818601002173663e-01,2.643518294869661237e-02,1.647061896374422268e-02,2.505102884757565151e-01
3.878000000000000114e+01,1.900000000000000000e+01,9.705200916481894424e+00,3.331831750496676126e+00,-5.835402282039002797e-01,3.365537685961421666e-01,4.392601218649452161e-02,1.444366010532682765e-02,2.808599363477969346e-01,-1.854349894463745985e-01,2.272462513687920765e-02,8.187288694839657197e-03,1.708621406223565786e-01
3.879999999999999716e+01,1.900000000000000000e+01,9.710822405731876827e+00,3.328124127521245423e+00,-5.826624447344928015e-01,3.368574276712115179e-01,2.304613173509942672e-02,1.589687294004882290e-02,2.812761554044062584e-01,-1.853554719402203399e-01,1.887479699127098814e-02,-2.615497435546108667e-04,8.960238181317882467e-02
3.882000000000000028e+01,1.900000000000000000e+01,9.716451440549585428e+00,3.324416395038189975e+00,-5.823362739820254763e-01,3.371896435137440862e-01,1.797372579684041859e-03,1.730523213418422301e-02,2.816140580137173055e-01,-1.854464289814513889e-01,1.489443678609967889e-02,-8.857019982139292466e-03,6.986878581870247483e-03
3.884000000000000341e+01,1.900000000000000000e+01,9.722086429082219539e+00,3.320705115488628234e+00,-5.825710704955155972e-01,3.375496369565789689e-01,-1.973664105532325561e-02,1.868102154654138758e-02,2.818711209172813925e-01,-1.857106044423785518e-01,1.079228279559322698e-02,-1.758024565161475997e-02,-7.673160022876658604e-02
3.885999999999999943e+01,1.900000000000000000e+01,9.727725730759452460e+00,3.316986800211503272e+00,-5.833746556733669930e-01,3.379368843756057061e-01,-4.147143902544957184e-02,2.003742155402044034e-02,2.820449956221337540e-01,-1.861503646679266155e-01,6.577073293979299358e-03,-2.641235038268190810e-02,-1.613031319578364098e-01
3.888000000000000256e+01,1.900000000000000000e+01,9.733367659788761728e+00,3.313257916994134966e+00,-5.847533284400711073e-01,3.383511338187398243e-01,-6.332227117817691708e-02,2.138832587356986892e-02,2.821335084007946525e-01,-1.867676984756344583e-01,2.257546555485767659e-03,-3.533445780604117098e-02,-2.464802402004540038e-01
3.889999999999999858e+01,1.900000000000000000e+01,9.739010488650725605e+00,3.309514897622767293e+00,-5.867118737884512436e-01,3.387924174105484965e-01,-8.520468082515610109e-02,2.274815282416398077e-02,2.821346602912688240e-01,-1.875642171556549109e-01,-2.157559145659525106e-03,-4.432769155239313363e-02,-3.320173841416232396e-01
3.892000000000000171e+01,1.900000000000000000e+01,9.744652451594342679e+00,3.305754145433113411e+00,-5.892535687705472425e-01,3.392610599317063547e-01,-1.070350734148707156e-01,2.413165203114431279e-02,2.820466270970454770e-01,-1.885411544707547848e-01,-6.659505535228784495e-03,-5.337317525243842620e-02,-4.176703775749942560e-01
3.893999999999999773e+01,1.900000000000000000e+01,9.750291748132333680e+00,3.301972042860906065e+00,-5.923801856982026104e-01,3.397576834917942490e-01,-1.287312685165743209e-01,2.555370751855257083e-02,2.818677593870984044e-01,-1.896993666563150382e-01,-1.123955433899419959e-02,-6.245203253687762329e-02,-5.031957798426612838e-01
3.896000000000000085e+01,1.900000000000000000e+01,9.755926546536445088e+00,3.298164958992442219e+00,-5.960919924997826191e-01,3.402832082324483975e-01,-1.502130242024928286e-01,2.702913810863627475e-02,2.815965824958859276e-01,-1.910393324203304710e-01,-1.588896728272791437e-02,-7.154538703641127873e-02,-5.883503018353425373e-01
3.897999999999999687e+01,1.900000000000000000e+01,9.761554987332786482e+00,3.294329257115136134e+00,-6.003877503684953432e-01,3.408388490161396445e-01,-1.714025243239543084e-01,2.857249605330558495e-02,2.812317965233509520e-01,-1.925611529434101132e-01,-2.059900609220218989e-02,-8.063436238174007120e-02,-6.728902701987550250e-01
3.900000000000000000e+01,1.900000000000000000e+01,9.767175186797103947e+00,3.290461302268062216e+00,-6.052647090267525565e-01,3.414261080745806254e-01,-1.922248209188538448e-01,3.019786486080988652e-02,2.807722763349210227e-01,-1.942645518787767256e-01,-2.536093249318915888e-02,-8.970008220356456841e-02,-7.565711919911268790e-01
3.902000000000000313e+01,1.900000000000000000e+01,9.772785240450113875e+00,3.286557468792503212e+00,-6.107186001160473943e-01,3.420467636105722353e-01,-2.126082259469193048e-01,3.191865735161947271e-02,2.802170715615081020e-01,-1.961488753522673545e-01,-3.016600821146101646e-02,-9.872367013258533108e-02,-8.391474601968585967e-01
3.903999999999999915e+01,1.900000000000000000e+01,9.778383226552803009e+00,3.282614147882498834e+00,-6.167436293988786122e-01,3.427028543686453377e-01,-2.324846486041644567e-01,3.374741507737688551e-02,2.795654065995089033e-01,-1.982130919623327769e-01,-3.500549497278996475e-02,-1.076862497995030310e-01,-9.203722376733985966e-01
3.906000000000000227e+01,1.900000000000000000e+01,9.783967209601746262e+00,3.278627755135397059e+00,-6.233324686241120682e-01,3.433966602136673263e-01,-2.517898765019169205e-01,3.569561036221635675e-02,2.788166806108043905e-01,-2.004557927800380834e-01,-3.987065450294813296e-02,-1.165689448350181040e-01,-9.999975532344780316e-01
3.907999999999999829e+01,1.900000000000000000e+01,9.789535243824403210e+00,3.274594738102393876e+00,-6.304762480552812409e-01,3.441306787831339142e-01,-2.704638009052527381e-01,3.777345236967732944e-02,2.779704675227602229e-01,-2.028751913490621506e-01,-4.475274852770780298e-02,-1.253528788698313468e-01,-1.077774638596538548e+00
3.910000000000000142e+01,1.900000000000000000e+01,9.795085376674443012e+00,3.270511583839088576e+00,-6.381645507880484569e-01,3.449075983084544106e-01,-2.884505879263755124e-01,3.998969875451230394e-02,2.770265160282269212e-01,-2.054691236856980296e-01,-4.964303877284106936e-02,-1.340191755346431812e-01,-1.153454528795667233e+00
3.911999999999999744e+01,1.900000000000000000e+01,9.800615652327042682e+00,3.266374826456027947e+00,-6.463854100834686145e-01,3.457302667333144175e-01,-3.056987989991511445e-01,4.235147461664467983e-02,2.759847495855389798e-01,-2.082350482788525858e-01,-5.453278696412014459e-02,-1.425489584601542792e-01,-1.226788941409789890e+00
3.914000000000000057e+01,1.900000000000000000e+01,9.806124115174197797e+00,3.262181054669252234e+00,-6.551253110129995338e-01,3.466016572931202022e-01,-3.221614650840524674e-01,4.486410062480139516e-02,2.748452664185159211e-01,-2.111700460900468868e-01,-5.941325482731725505e-02,-1.509233512770652985e-01,-1.297531441532382424e+00
3.915999999999999659e+01,1.900000000000000000e+01,9.811608813320045641e+00,3.257926919350849104e+00,-6.643691977447042651e-01,3.475248307583063689e-01,-3.377961198529196296e-01,4.753093230814720016e-02,2.736083395164616849e-01,-2.142708205534158139e-01,-6.427570408820450221e-02,-1.591234776160767028e-01,-1.365438890039607500e+00
3.917999999999999972e+01,1.900000000000000000e+01,9.817067802076151040e+00,3.253609141079495171e+00,-6.741004877935452555e-01,3.485028945854460880e-01,-3.525647975840703885e-01,5.035321261419589689e-02,2.722744166341646843e-01,-2.175336975757085622e-01,-6.911139647255411245e-02,-1.671304611078890945e-01,-1.430273162447825763e+00
3.920000000000000284e+01,1.900000000000000000e+01,9.822499147456841939e+00,3.249224517691005065e+00,-6.843010945085585828e-01,3.495389592628744824e-01,-3.664340016794312982e-01,5.332993988808887309e-02,2.708441202918980273e-01,-2.209546255362880851e-01,-7.391159370613833990e-02,-1.749254253832032147e-01,-1.491803114832808586e+00
3.921999999999999886e+01,1.900000000000000000e+01,9.827900929674495245e+00,3.244769931828880072e+00,-6.949514589735488190e-01,3.506360921809695275e-01,-3.793746496262440648e-01,5.645775343130843282e-02,2.693182477754190729e-01,-2.245291752871313440e-01,-7.866755751472927216e-02,-1.824894940727194714e-01,-1.549806762222389001e+00
3.924000000000000199e+01,1.900000000000000000e+01,9.833271246634868845e+00,3.240242358494858532e+00,-7.060305923546195128e-01,3.517972694001267886e-01,-3.913619999028989382e-01,5.973083873720597126e-02,2.676977711359702639e-01,-2.282525401528295583e-01,-8.337054962409917724e-02,-1.898037908071386892e-01,-1.604073624009640930e+00
3.925999999999999801e+01,1.900000000000000000e+01,9.838608217432391001e+00,3.235638872599457816e+00,-7.175161295379413051e-01,3.530253257304576953e-01,-4.023755658109047784e-01,6.314085436805605411e-02,2.659838371902781273e-01,-2.321195359305876504e-01,-8.801183176002014275e-02,-1.968494392171611651e-01,-1.654407180760586904e+00
3.928000000000000114e+01,1.900000000000000000e+01,9.843909985845483490e+00,3.230956656512527392e+00,-7.293843946671082490e-01,3.543229035748490241e-01,-4.123990205427147115e-01,6.667688223009271553e-02,2.641777675205539966e-01,-2.361246008902247173e-01,-9.258266564826443668e-02,-2.036075629334878068e-01,-1.700627377850617794e+00
3.929999999999999716e+01,1.900000000000000000e+01,9.849174723831866984e+00,3.226193007613792130e+00,-7.416104789158567412e-01,3.556924010196612640e-01,-4.214200970064119756e-01,7.032540271609377669e-02,2.622810584744935669e-01,-2.402617957741738641e-01,-9.707431301460420214e-02,-2.100592855868189113e-01,-1.742573104211644131e+00
3.932000000000000028e+01,1.900000000000000000e+01,9.854400635023871757e+00,3.221345345843403152e+00,-7.541683305255186820e-01,3.571359196834927308e-01,-4.294304850591422751e-01,7.407029582387458788e-02,2.602953811652773952e-01,-2.445248037974821487e-01,-1.014780355848116378e-01,-2.161857308078553308e-01,-1.780104569635429179e+00
3.934000000000000341e+01,1.900000000000000000e+01,9.859585958223744839e+00,3.216411221252484687e+00,-7.670308568061893206e-01,3.586552128526167005e-01,-4.364257278851031985e-01,7.789286892882429925e-02,2.582225814715701784e-01,-2.489069306478107757e-01,-1.057850950846589283e-01,-2.219680222272974457e-01,-1.813105502015612824e+00
3.935999999999999943e+01,1.900000000000000000e+01,9.864728970898960725e+00,3.211388321553680480e+00,-7.801700374567971386e-01,3.602516344406456184e-01,-4.424051183221388017e-01,8.177191140142880954e-02,2.560646800375216414e-01,-2.534011044854347916e-01,-1.099867532399182446e-01,-2.273872834758459971e-01,-1.841485086965730433e+00
3.938000000000000256e+01,1.900000000000000000e+01,9.869827992677537409e+00,3.206274479671704647e+00,-7.935570482141800497e-01,3.619260893086738151e-01,-4.473715950230592875e-01,8.568377573228858068e-02,2.538238722727655383e-01,-2.579998759432433619e-01,-1.140742717763617853e-01,-2.324246381842015319e-01,-1.865179576612596479e+00
3.939999999999999858e+01,1.900000000000000000e+01,9.874881388843331109e+00,3.201067681293884082e+00,-8.071623935078002798e-01,3.636789854699370439e-01,-4.513316374623042027e-01,8.960248427402817128e-02,2.515025283524207067e-01,-2.626954181267395771e-01,-1.180389124197617490e-01,-2.370612099830646247e-01,-1.884153502037770433e+00
3.942000000000000171e+01,1.900000000000000000e+01,9.879887573831364733e+00,3.195766072420714643e+00,-8.209560464881082709e-01,3.655101886796348620e-01,-4.542951579934914608e-01,9.349986015616984503e-02,2.491031932170902907e-01,-2.674795266140406191e-01,-1.218719368958902510e-01,-2.412781225031358778e-01,-1.898400434623796373e+00
3.943999999999999773e+01,1.900000000000000000e+01,9.884845014723119050e+00,3.190367966916397791e+00,-8.349075945254194053e-01,3.674189798761837156e-01,-4.562753884564066942e-01,9.734568039529101213e-02,2.466285865728617965e-01,-2.723436194558776502e-01,-1.255646069305195733e-01,-2.450564993751159215e-01,-1.907943255049328046e+00
3.946000000000000085e+01,1.900000000000000000e+01,9.889752234741859382e+00,3.184871854059398100e+00,-8.489863880539662011e-01,3.694040158954464137e-01,-4.572887582500791415e-01,1.011078487332621734e-01,2.440816028913076197e-01,-2.772787371755959795e-01,-1.291081842494218590e-01,-2.483774642297052471e-01,-1.912833904270110574e+00
3.947999999999999687e+01,1.900000000000000000e+01,9.894607816747932105e+00,3.179276406092986562e+00,-8.631616904719381367e-01,3.714632938255140737e-01,-4.573547603573052678e-01,1.047525853118731476e-01,2.414653114094846287e-01,-2.822755427691546193e-01,-1.324939305783693066e-01,-2.512221406976046234e-01,-1.913152607766220648e+00
3.950000000000000000e+01,1.900000000000000000e+01,9.899410406734084233e+00,3.173580485775787441e+00,-8.774028267096980471e-01,3.735941193079212463e-01,-4.564958015479415043e-01,1.082446299518355914e-01,2.387829561299341097e-01,-2.873243217051268950e-01,-1.357131076431340733e-01,-2.535716524095145141e-01,-1.909006581767086930e+00
3.952000000000000313e+01,1.900000000000000000e+01,9.904158717320761696e+00,3.167783153932329121e+00,-8.916793280487281814e-01,3.757930790235882168e-01,-4.547370329215851825e-01,1.115474555628761522e-01,2.360379558206819883e-01,-2.924149819246999460e-01,-1.387569771694883713e-01,-2.554071229961354939e-01,-1.900528247175166774e+00
3.953999999999999915e+01,1.900000000000000000e+01,9.908851531251432476e+00,3.161883677003588300e+00,-9.059610708137284529e-01,3.780560175304362169e-01,-4.521061570860291368e-01,1.146234880790899524e-01,2.332339040152388021e-01,-2.975370538416750588e-01,-1.416168008832043579e-01,-2.567096760881682482e-01,-1.887872992605583944e+00
3.956000000000000227e+01,1.900000000000000000e+01,9.913487704887886665e+00,3.155881534597542171e+00,-9.202184066667220552e-01,3.803780185467516839e-01,-4.486332086083287818e-01,1.174343292966941732e-01,2.303745690125995615e-01,-3.026796903424674445e-01,-1.442838405100542454e-01,-2.574604353163134074e-01,-1.871216541535662969e+00
3.957999999999999829e+01,1.900000000000000000e+01,9.918066171705548939e+00,3.149776427039709059e+00,-9.344222823989805082e-01,3.827533907023039084e-01,-4.443503049113989856e-01,1.199409790849887969e-01,2.274638938772439167e-01,-3.078316667861063505e-01,-1.467493577758102186e-01,-2.576405243112713794e-01,-1.850751989348548232e+00
3.960000000000000142e+01,1.900000000000000000e+01,9.922585945788787498e+00,3.143568282923705937e+00,-9.485443473351736765e-01,3.851756577101511092e-01,-4.392913654991247308e-01,1.221040536442110636e-01,2.245059964391359908e-01,-3.129813810042350597e-01,-1.490046144062444344e-01,-2.572310667037429610e-01,-1.826686583577620482e+00
3.961999999999999744e+01,1.900000000000000000e+01,9.927046125326228321e+00,3.137257266661785948e+00,-9.625570467232748006e-01,3.876375528480722754e-01,-4.334917982417251792e-01,1.238839967811902198e-01,2.215051692937244632e-01,-3.181168533011108357e-01,-1.510408721271290777e-01,-2.562131861244285047e-01,-1.799238324642342901e+00
3.964000000000000057e+01,1.900000000000000000e+01,9.931445896106056992e+00,3.130843786035395482e+00,-9.764336997707508958e-01,3.901310175813986203e-01,-4.269881523921775224e-01,1.252412815520997924e-01,2.184658798019426251e-01,-3.232257264536050334e-01,-1.528493926642363610e-01,-2.545680062040288627e-01,-1.768632464759663403e+00
3.965999999999999659e+01,1.900000000000000000e+01,9.935784535011336516e+00,3.124328499745713472e+00,-9.901485612889527888e-01,3.926472041101561339e-01,-4.198177389736072462e-01,1.261366000633596940e-01,2.153927700902083797e-01,-3.282952657112028216e-01,-1.544214377433384411e-01,-2.522766505732444431e-01,-1.735097979672203250e+00
3.967999999999999972e+01,1.900000000000000000e+01,9.940061413515309141e+00,3.117712324964204917e+00,-1.003676866209818996e+00,3.951764815839329259e-01,-4.120182201075067163e-01,1.265310397071424120e-01,2.122906570504240198e-01,-3.333123587960034606e-01,-1.557482690902075306e-01,-2.493202428627759593e-01,-1.698864081688076233e+00
3.970000000000000284e+01,1.900000000000000000e+01,9.944276001176712398e+00,3.110996444883165513e+00,-1.016994856529044977e+00,3.977084456984426586e-01,-4.036271696689509025e-01,1.263862446183594557e-01,2.091645323399765055e-01,-3.382635159027205241e-01,-1.568211484306158421e-01,-2.456799067033239858e-01,-1.660156833746820215e+00
3.971999999999999886e+01,1.900000000000000000e+01,9.948427869135086254e+00,3.104182316266272501e+00,-1.030079790495910919e+00,4.002319313686672486e-01,-3.946816082825125305e-01,1.256645616560483347e-01,2.060195623817373256e-01,-3.431348696986812885e-01,-1.576313374903354769e-01,-2.413367657255891252e-01,-1.619195913369558593e+00
3.974000000000000199e+01,1.900000000000000000e+01,9.952516693606082043e+00,3.097271676999128864e+00,-1.042909934101741820e+00,4.027350281646844832e-01,-3.852175160402595000e-01,1.243291707200864238e-01,2.028610883640624973e-01,-3.479121753238268444e-01,-1.581700979951387032e-01,-2.362719435602718687e-01,-1.576191563013290109e+00
3.975999999999999801e+01,1.900000000000000000e+01,9.956542259376773174e+00,3.090266553639812841e+00,-1.055464535108068480e+00,4.052050981974705812e-01,-3.752693263685908942e-01,1.223441996959948597e-01,1.996946262407927053e-01,-3.525808103907129287e-01,-1.584286916707976500e-01,-2.304665638380729020e-01,-1.531341750109997957e+00
3.978000000000000114e+01,1.900000000000000000e+01,9.960504463300967615e+00,3.083169268969426113e+00,-1.067723779995414901e+00,4.076287961525241754e-01,-3.648694041433860891e-01,1.196748247724990222e-01,1.965258667312530794e-01,-3.571257749845085927e-01,-1.583983802430845578e-01,-2.239017501896927997e-01,-1.484829546454483840e+00
3.979999999999999716e+01,1.900000000000000000e+01,9.964403317794511494e+00,3.075982449542639774e+00,-1.079668734299610966e+00,4.099920911883704333e-01,-3.540475104167981057e-01,1.162873572869749239e-01,1.933606753202533057e-01,-3.615316916629974231e-01,-1.580704254377715556e-01,-2.165586262458321365e-01,-1.436820723040129533e+00
3.982000000000000028e+01,1.900000000000000000e+01,9.968238954330601587e+00,3.068709033238243844e+00,-1.091281266831492403e+00,4.122802904440030503e-01,-3.428302549523655762e-01,1.121493186237660922e-01,1.902050922580877657e-01,-3.657828054565767095e-01,-1.574360889806308283e-01,-2.084183156371915424e-01,-1.387461543239693285e+00
3.984000000000000341e+01,1.900000000000000000e+01,9.972011626935096018e+00,3.061352276809694128e+00,-1.102543958246066769e+00,4.144780639333217609e-01,-3.312405361587067998e-01,1.072295050205340772e-01,1.870653325605351192e-01,-3.698629838682578885e-01,-1.564866325974345607e-01,-1.994619419944715366e-01,-1.336876724561054441e+00
3.985999999999999943e+01,1.900000000000000000e+01,9.975721715681824975e+00,3.053915763435660402e+00,-1.113439994337705796e+00,4.165694706448244133e-01,-3.192969659656416659e-01,1.014980444323398956e-01,1.839477860088589434e-01,-3.737557168736663771e-01,-1.552133180139550206e-01,-1.896706289483728325e-01,-1.285167527101976903e+00
3.988000000000000256e+01,1.900000000000000000e+01,9.979369730187897858e+00,3.046403410270572820e+00,-1.123953044288136693e+00,4.185379857106151791e-01,-3.070132747030445697e-01,9.492644787381365745e-02,1.808590171498070109e-01,-3.774441169210416280e-01,-1.536074069559642818e-01,-1.790255001295959492e-01,-1.232409915158318547e+00
3.989999999999999858e+01,1.900000000000000000e+01,9.982956313109013990e+00,3.038819475995171437e+00,-1.134067123883114370e+00,4.203665285597769086e-01,-2.943976881215884522e-01,8.748765791397516978e-02,1.778057652956119283e-01,-3.809109189312370747e-01,-1.516601611492346124e-01,-1.675076791688414890e-01,-1.178652726929712902e+00
3.992000000000000171e+01,1.900000000000000000e+01,9.986482243634769773e+00,3.031168568367053062e+00,-1.143766443440163760e+00,4.220374920271739994e-01,-2.814522653245096206e-01,7.915609725594485724e-02,1.747949445239907751e-01,-3.841384802977201307e-01,-1.493628423195381694e-01,-1.550982896968101654e-01,-1.123915775484119584e+00
3.993999999999999773e+01,1.900000000000000000e+01,9.989948440983974720e+00,3.023455651771218555e+00,-1.153035239850676907e+00,4.235327724500146940e-01,-2.681721825313261309e-01,6.990772061018724060e-02,1.718336436781450760e-01,-3.871087808865722457e-01,-1.467067121926471096e-01,-1.417784553442023587e-01,-1.068187791495614158e+00
3.996000000000000085e+01,1.900000000000000000e+01,9.993355967899955061e+00,3.015686054770621460e+00,-1.161857591729931416e+00,4.248338008515813446e-01,-2.545449432146525970e-01,5.972007338772655771e-02,1.689291263667609955e-01,-3.898034230364889607e-01,-1.436830324943336457e-01,-1.275292997417187268e-01,-1.011424103991115153e+00
3.997999999999999687e+01,1.900000000000000000e+01,9.996706034145864450e+00,3.007865477656714859e+00,-1.170217216180464037e+00,4.259215753855237763e-01,-2.405494901581210487e-01,4.857236112636265091e-02,1.660888309640093652e-01,-3.922036315587798527e-01,-1.402830649503699900e-01,-1.123319465200599276e-01,-9.535439384619786019e-01
4.000000000000000000e+01,2.000000000000000000e+01,1.000000000000000000e+01,3.000000000000000000e+00,-1.178097245096175527e+00,4.267766952966357552e-01,-2.261551892664279140e-01,4.089758993631065209e-02,1.633203706095454066e-01,-3.942902537373682570e-01,-1.364980712865282442e-01,-9.616751930992650799e-02,-8.944271909999043091e-01
4.002000000000000313e+01,2.000000000000000000e+01,1.000323798481259630e+01,2.992094245125787033e+00,-1.186175509516433024e+00,4.275574789829764688e-01,-2.506486334963737850e-01,4.153825531820132255e-02,1.604228513827275771e-01,-3.963204594624325505e-01,-1.530762049602542585e-01,-1.067354921213247987e-01,-9.952690372943181485e-01
4.003999999999999915e+01,2.000000000000000000e+01,1.000641477431903326e+01,2.984145819327672644e+00,-1.195095879913405712e+00,4.284382255093637237e-01,-2.727907133319047439e-01,4.664549990537025792e-02,1.572043575759271283e-01,-3.985550188327233179e-01,-1.685990639151925818e-01,-1.166052765080347747e-01,-1.087521610077498702e+00
4.006000000000000227e+01,2.000000000000000000e+01,1.000952415866879974e+01,2.976150774213367267e+00,-1.204790388342605656e+00,4.294232989791913480e-01,-2.926483282040839851e-01,5.196936503452853628e-02,1.536857826056955700e-01,-4.009801116402742505e-01,-1.830878559337759115e-01,-1.257912285227956728e-01,-1.171231241211979635e+00
4.007999999999999829e+01,2.000000000000000000e+01,1.001256034163816544e+01,2.968105434923529629e+00,-1.215191723715594474e+00,4.305170001107447297e-01,-3.102956434989730394e-01,5.750218877396484629e-02,1.498875957329355857e-01,-4.035822047981737493e-01,-1.965637887984366117e-01,-1.343077042183467018e-01,-1.246466531989531834e+00
4.010000000000000142e+01,2.000000000000000000e+01,1.001551793214705732e+01,2.960006394389347761e+00,-1.226233357765889265e+00,4.317233865301499662e-01,-3.258117598642967794e-01,6.322788886449082213e-02,1.458298420629013659e-01,-4.063480523405649802e-01,-2.090480702916073241e-01,-1.421690596474270707e-01,-1.313321382595076026e+00
4.011999999999999744e+01,2.000000000000000000e+01,1.001839193577595388e+01,2.951850507590113359e+00,-1.237849688322468777e+00,4.330461156653243049e-01,-3.392790124953345976e-01,6.912308151283319546e-02,1.415321425451983306e-01,-4.092646954226458744e-01,-2.205619081957205241e-01,-1.493896508627760578e-01,-1.371917901744105661e+00
4.014000000000000057e+01,2.000000000000000000e+01,1.002117774628276514e+01,2.943634885810807233e+00,-1.249976198895387691e+00,4.344883097906633296e-01,-3.507817745733091130e-01,7.515817591179008161e-02,1.370136939737833515e-01,-4.123194623206693499e-01,-2.311265102932087701e-01,-1.559838339171328858e-01,-1.422408904404299790e+00
4.015999999999999659e+01,2.000000000000000000e+01,1.002387113711973043e+01,2.935356890899671445e+00,-1.262549632137951683e+00,4.360524427017958282e-01,-3.604056497907074386e-01,8.129844031534005921e-02,1.322932689869646405e-01,-4.154999684319429232e-01,-2.407630843665046205e-01,-1.619659648632367777e-01,-1.464979763972662941e+00
4.017999999999999972e+01,2.000000000000000000e+01,1.002646825295028776e+01,2.927014129525792097e+00,-1.275508173612796003e+00,4.377402474032768276e-01,-3.682369535017454010e-01,8.750503427730826900e-02,1.273892160674016116e-01,-4.187941162748288204e-01,-2.494928381980404952e-01,-1.673503997538269561e-01,-1.499849446821441390e+00
4.020000000000000284e+01,2.000000000000000000e+01,1.002896560116597513e+01,2.918604447436675464e+00,-1.288791641462847970e+00,4.395526440728887430e-01,-3.743623977031142469e-01,9.373600067350729148e-02,1.223194595421051856e-01,-4.221900954887441437e-01,-2.573369795702489249e-01,-1.721514946416426162e-01,-1.527270620024326675e+00
4.021999999999999886e+01,2.000000000000000000e+01,1.003136004340332832e+01,2.910125923715836116e+00,-1.302341677072557991e+00,4.414896874302170482e-01,-3.788689101777746315e-01,9.994721047903531996e-02,1.171014995824375959e-01,-4.256763828341608713e-01,-2.643167162655625235e-01,-1.763836055794230084e-01,-1.547528785105248161e+00
4.024000000000000199e+01,2.000000000000000000e+01,1.003364878706073959e+01,2.901576865040360609e+00,-1.316101931590532681e+00,4.435505324920501202e-01,-3.818435319312180054e-01,1.060932530332241441e-01,1.117524122041124585e-01,-4.292417421926056909e-01,-2.704532560664137941e-01,-1.800610886199073557e-01,-1.560940449303769961e+00
4.025999999999999801e+01,2.000000000000000000e+01,1.003582937681536258e+01,2.892955799938499162e+00,-1.330018243251781529e+00,4.457334175515459407e-01,-3.833733492366335760e-01,1.121282647169028479e-01,1.062888492671945767e-01,-4.328752245666601106e-01,-2.757678067552352674e-01,-1.831982998158349363e-01,-1.567850398589796024e+00
4.028000000000000114e+01,2.000000000000000000e+01,1.003789968613998695e+01,2.884261473047236901e+00,-1.344038800755869456e+00,4.480356630807262319e-01,-3.835454271959798933e-01,1.180066895822680095e-01,1.007270384761003307e-01,-4.365661680799604039e-01,-2.802815761144593631e-01,-1.858095952199449452e-01,-1.568628181206055627e+00
4.029999999999999716e+01,2.000000000000000000e+01,1.003985790881995399e+01,2.875492839369878428e+00,-1.358114288486835353e+00,4.504536851348364679e-01,-3.824467208698195120e-01,1.236839664656130822e-01,9.508278337959730209e-02,-4.403041979771973313e-01,-2.840157719265187231e-01,-1.879093308849765220e-01,-1.563663945088369589e+00
4.032000000000000028e+01,2.000000000000000000e+01,1.004170255047001348e+01,2.866649058533622174e+00,-1.372198010055315276e+00,4.529830217393506220e-01,-3.801639479216206152e-01,1.291171384082083762e-01,8.937146337080442704e-02,-4.440792266241171404e-01,-2.869916019738458779e-01,-1.895118628636690838e-01,-1.553363796009175291e+00
4.034000000000000341e+01,2.000000000000000000e+01,1.004343242005121439e+01,2.857729489047141858e+00,-1.386245987452249917e+00,4.556183706711655623e-01,-3.767834135358060776e-01,1.342653817211783007e-01,8.360803368719213480e-02,-4.478814535075201775e-01,-2.892302740388733584e-01,-1.906315472087617702e-01,-1.538144855381690990e+00
4.035999999999999943e+01,2.000000000000000000e+01,1.004504662138780802e+01,2.848733682558165281e+00,-1.400217033975213354e+00,4.583536370081975897e-01,-3.723907842305836380e-01,1.390904536581860640e-01,7.780702541058201471e-02,-4.517013652352620534e-01,-2.907529959040336398e-01,-1.912827399729937761e-01,-1.518430197798893655e+00
4.038000000000000256e+01,2.000000000000000000e+01,1.004654454468411906e+01,2.839661378111048240e+00,-1.414072799973233652e+00,4.611819888174928939e-01,-3.670708121703525340e-01,1.435570593094883662e-01,7.198254546714705215e-02,-4.555297355362525891e-01,-2.915809753517591973e-01,-1.914797972091042966e-01,-1.494643839705100730e+00
4.039999999999999858e+01,2.000000000000000000e+01,1.004792585804144167e+01,2.830512496404365308e+00,-1.427777791309414290e+00,4.640959193805769822e-01,-3.609070157146834212e-01,1.476331399082511098e-01,6.614827662741165626e-02,-4.593576252604569810e-01,-2.917354201644827838e-01,-1.912370749698327210e-01,-1.467205933792423034e+00
4.042000000000000171e+01,2.000000000000000000e+01,1.004919049897492656e+01,2.821287134048472645e+00,-1.441299361225164111e+00,4.670873144138228406e-01,-3.539813252157296142e-01,1.512900861735602120e-01,6.031747750625153504e-02,-4.631763823788948575e-01,-2.912375381246365968e-01,-1.905689293079180224e-01,-1.436528300814809977e+00
4.043999999999999773e+01,2.000000000000000000e+01,1.005033866593046810e+01,2.811985557823104109e+00,-1.454607676976477526e+00,4.701475228275192042e-01,-3.463737054744608357e-01,1.545028815402957889e-01,5.450298256289377169e-02,-4.669776419836410009e-01,-2.901085370146533338e-01,-1.894897162760996734e-01,-1.403010403699641362e+00
4.046000000000000085e+01,2.000000000000000000e+01,1.005137080980157549e+01,2.802608198934936290e+00,-1.467675663181729151e+00,4.732674296754346144e-01,-3.381617677754946150e-01,1.572501811073312439e-01,4.871720210091675524e-02,-4.707533262878244029e-01,-2.883696246169654698e-01,-1.880137919271167302e-01,-1.367035840244267497e+00
4.047999999999999687e+01,2.000000000000000000e+01,1.005228762544628474e+01,2.793155647275171738e+00,-1.480478924261181106e+00,4.764375300718122763e-01,-3.294203850505749709e-01,1.595143328504224911e-01,4.297212226825028458e-02,-4.744956446256293758e-01,-2.860420087140058132e-01,-1.861555123137085266e-01,-1.328969402238554309e+00
4.050000000000000000e+01,2.000000000000000000e+01,1.005309004320403865e+01,2.783628645677122648e+00,-1.492995648658582253e+00,4.796480029894514274e-01,-3.202213235162190696e-01,1.612813480935884058e-01,3.727930505717545057e-02,-4.781970934522948857e-01,-2.831468970882064506e-01,-1.839292334886143132e-01,-1.289154722156463206e+00
4.052000000000000313e+01,2.000000000000000000e+01,1.005377922041255090e+01,2.774028084173783437e+00,-1.505206497719702607e+00,4.828887839955567918e-01,-3.106329031755068470e-01,1.625408284249889590e-01,3.164988830432472616e-02,-4.818504563441143862e-01,-2.797054975220001349e-01,-1.813493115045732018e-01,-1.247912504822166868e+00
4.053999999999999915e+01,2.000000000000000000e+01,1.005435653292473042e+01,2.764354994255412645e+00,-1.517094482171880365e+00,4.861496361264509014e-01,-3.007196979890131572e-01,1.632858562047285744e-01,2.609458569068193526e-02,-4.854488039984363734e-01,-2.757390177978193968e-01,-1.784301024143244985e-01,-1.205539321481340576e+00
4.056000000000000227e+01,2.000000000000000000e+01,1.005482356662553656e+01,2.754610543127111733e+00,-1.528644829117190573e+00,4.894202182437457638e-01,-2.905422844575030195e-01,1.635128555784532978e-01,2.062368674158222837e-02,-4.889854942336642196e-01,-2.712686656980968225e-01,-1.751859622706075093e-01,-1.162306927908658638e+00
4.057999999999999829e+01,2.000000000000000000e+01,1.005518210894887687e+01,2.744796027966401208e+00,-1.539844842336580255e+00,4.926901503495889068e-01,-2.801570449897220483e-01,1.632214305146106881e-01,1.524705682671212079e-02,-4.924541719892557845e-01,-2.663156490052648318e-01,-1.716312471261612904e-01,-1.118462056629382806e+00
4.060000000000000142e+01,2.000000000000000000e+01,1.005543414039451200e+01,2.734912870180806088e+00,-1.550683758521244959e+00,4.959490754643300359e-01,-2.696160299274624195e-01,1.624141858699772456e-01,9.974137160109482203e-03,-4.958487693257240259e-01,-2.609011755017558998e-01,-1.677803130337251758e-01,-1.074226625823793135e+00
4.061999999999999744e+01,2.000000000000000000e+01,1.005558182604491435e+01,2.724962609665427138e+00,-1.561152601818333263e+00,4.991867177843878345e-01,-2.589668796324826050e-01,1.610965368906445150e-01,4.813944800163515864e-03,-4.991635054246363890e-01,-2.550464529700026128e-01,-1.636475160460383604e-01,-1.029798303615367061e+00
4.064000000000000057e+01,2.000000000000000000e+01,1.005562750708217301e+01,2.714946899060524999e+00,-1.571244038817421362e+00,5.023929369399556810e-01,-2.482528057494469420e-01,1.592765119115213679e-01,-2.249273503852196549e-04,-5.023928865886153616e-01,-2.487726891924375572e-01,-1.592472122158400671e-01,-9.853513656874147708e-01
4.065999999999999659e+01,2.000000000000000000e+01,1.005557369230486664e+01,2.704867498009095872e+00,-1.580952235826891039e+00,5.055577782608485782e-01,-2.375126287587416563e-01,1.569645523559373146e-01,-5.134310544444805648e-03,-5.055317062413381413e-01,-2.421010919514932636e-01,-1.545937575958695742e-01,-9.410377859364376096e-01
4.067999999999999972e+01,2.000000000000000000e+01,1.005542304964496836e+01,2.694726267414452536e+00,-1.590272720008039986e+00,5.086715190341929427e-01,-2.267808673002387476e-01,1.541733134835148178e-01,-9.906460190571961602e-03,-5.085750449275366902e-01,-2.350528690296021517e-01,-1.497015082388660490e-01,-8.969885035538817109e-01
4.070000000000000284e+01,2.000000000000000000e+01,1.005517839768472399e+01,2.684525163697803585e+00,-1.599202245659739008e+00,5.117247108001901079e-01,-2.160878735248107918e-01,1.509174687092933453e-01,-1.453405585297213795e-02,-5.115182703129975694e-01,-2.276492282091968355e-01,-1.445848201975687974e-01,-8.533148149634069979e-01
4.071999999999999886e+01,2.000000000000000000e+01,1.005484269717353563e+01,2.674266233055830888e+00,-1.607738666685686324e+00,5.147082177825645921e-01,-2.054600079220118558e-01,1.472135197329329515e-01,-1.901020125149928755e-02,-5.143570371845624933e-01,-2.199113772727099292e-01,-1.392580495247170425e-01,-8.101098449206181051e-01
4.074000000000000199e+01,2.000000000000000000e+01,1.005441904254484520e+01,2.663951605718267057e+00,-1.615880816035536682e+00,5.176132515895073283e-01,-1.949198466588503709e-01,1.430796141876857774e-01,-2.332842426165617974e-02,-5.170872874501275529e-01,-2.118605240025737135e-01,-1.337355522730498680e-01,-7.674500573748096466e-01
4.075999999999999801e+01,2.000000000000000000e+01,1.005391065343304113e+01,2.653583490205477347e+00,-1.623628392694187461e+00,5.204314023500719033e-01,-1.844864144035110731e-01,1.385353720437301206e-01,-2.748267691459413062e-02,-5.197052501386438816e-01,-2.035178761812208581e-01,-1.280316844953066358e-01,-7.253967730483815712e-01
4.078000000000000114e+01,2.000000000000000000e+01,1.005332086619032239e+01,2.643164167586038893e+00,-1.630981856602364832e+00,5.231546664712564132e-01,-1.741754358426903238e-01,1.336017215891160959e-01,-3.146733539711312616e-02,-5.222074414001175446e-01,-1.949046415910837549e-01,-1.221608022442265129e-01,-6.839976668414481376e-01
4.079999999999999716e+01,2.000000000000000000e+01,1.005265312540359979e+01,2.632695985734317290e+00,-1.637942331727080258e+00,5.257754712136365471e-01,-1.639995995682497487e-01,1.283007454573947825e-01,-3.527720005166183614e-02,-5.245906645056090944e-01,-1.860420280145952399e-01,-1.161372615725488194e-01,-6.432882239242484479e-01
4.082000000000000028e+01,2.000000000000000000e+01,1.005191097541137779e+01,2.622181353588045383e+00,-1.644511517362103659e+00,5.282866962895520491e-01,-1.539688286435418330e-01,1.226555368748964980e-01,-3.890749537633747535e-02,-5.268520098472337931e-01,-1.769512432341875385e-01,-1.099754185330126532e-01,-6.032931386118181027e-01
4.084000000000000341e+01,2.000000000000000000e+01,1.005109805182064697e+01,2.611622735405904283e+00,-1.650691607625142554e+00,5.306816926886331887e-01,-1.440905529010348129e-01,1.166900660575240778e-01,-4.235387002488606029e-02,-5.289888549381621674e-01,-1.676534950322934314e-01,-1.036896291783574731e-01,-5.640276447524628090e-01
4.085999999999999943e+01,2.000000000000000000e+01,1.005021807302375514e+01,2.601022645025100388e+00,-1.656485219028112965e+00,5.329542989318529767e-01,-1.343699788168332965e-01,1.104290564911369898e-01,-4.561239680670219065e-02,-5.309988644126188984e-01,-1.581699911913451717e-01,-9.729424956132218250e-02,-5.254987703765965357e-01
4.088000000000000256e+01,2.000000000000000000e+01,1.004927483171531399e+01,2.590383640118945952e+00,-1.661895325927612355e+00,5.350988549482784684e-01,-1.248103536092281668e-01,1.038978706786899409e-01,-4.867957268682904931e-02,-5.328799900258841538e-01,-1.485219394937753734e-01,-9.080363573464615701e-02,-4.877065127512281162e-01
4.089999999999999858e+01,2.000000000000000000e+01,1.004827218640907915e+01,2.579708316454436101e+00,-1.666925203612091178e+00,5.371102137590005876e-01,-1.154132209820649679e-01,9.712240482076239800e-02,-5.155231878595861739e-02,-5.346304706542923668e-01,-1.387305477220166783e-01,-8.423214375106875818e-02,-4.506449327977120056e-01
4.092000000000000171e+01,2.000000000000000000e+01,1.004721405295482839e+01,2.568999302149828967e+00,-1.671578378747879290e+00,5.389837511411088578e-01,-1.061786666534181023e-01,9.012899181439593121e-02,-5.422798038043134816e-02,-5.362488322952324582e-01,-1.288170236585015060e-01,-7.759412966332900063e-02,-4.143031701017431123e-01
4.093999999999999773e+01,2.000000000000000000e+01,1.004610439605526828e+01,2.558259251932224476e+00,-1.675858586885777379e+00,5.407153734315763849e-01,-9.710555245835482407e-02,8.294431189858286757e-02,-5.670432690223652789e-02,-5.377338880671491683e-01,-1.188025750856624152e-01,-7.090394952416623209e-02,-3.786663815297099389e-01
4.096000000000000085e+01,2.000000000000000000e+01,1.004494722078289293e+01,2.547490841395143146e+00,-1.679769736721101969e+00,5.423015236170520836e-01,-8.819173838136590282e-02,7.559531024140220268e-02,-5.897955193901191495e-02,-5.390847382095411700e-01,-1.087084097859319920e-01,-6.417595938631970309e-02,-3.437166078228832689e-01
4.097999999999999687e+01,2.000000000000000000e+01,1.004374656409690658e+01,2.536696761256106658e+00,-1.683315880800785980e+00,5.437391858412324863e-01,-7.943429235523027931e-02,6.810912074837993657e-02,-6.105227323404403827e-02,-5.403007700829621784e-01,-9.855573554174265616e-02,-5.742451530252855318e-02,-3.094335735290600353e-01
4.100000000000000000e+01,2.000000000000000000e+01,1.004250648636007526e+01,2.525879711614212209e+00,-1.686501192379420866e+00,5.450258884469871834e-01,-7.082968805914763299e-02,6.051299537076637591e-02,-6.292153268626810014e-02,-5.413816581690209517e-01,-8.836576013552699393e-02,-5.066397332553207455e-02,-2.757954263059527733e-01
4.102000000000000313e+01,2.000000000000000000e+01,1.004123106285563338e+01,2.515042396207715303e+00,-1.689329948140286586e+00,5.461597056560635322e-01,-6.237399126360907570e-02,5.283423820403143623e-02,-6.458679635026783050e-02,-5.423273640703804022e-01,-7.815969134971753607e-02,-4.390868950806946919e-02,-2.427794220426952587e-01
4.103999999999999915e+01,2.000000000000000000e+01,1.003992437530417270e+01,2.504187516671608105e+00,-1.691806516515837799e+00,5.471392579751485075e-01,-5.406303550855695583e-02,4.510014368625370196e-02,-6.604795443627574369e-02,-5.431381365107588177e-01,-6.795873696674674391e-02,-3.717301990287997376e-02,-2.103625624406510741e-01
4.106000000000000227e+01,2.000000000000000000e+01,1.003859050338052228e+01,2.493317766795197787e+00,-1.693935351363481390e+00,5.479637114035136314e-01,-4.589258807187874406e-02,3.733793823450604066e-02,-6.730532131017286090e-02,-5.438145113349289739e-01,-5.778410476904728699e-02,-3.047132056270285966e-02,-1.785221917109300338e-01
4.107999999999999829e+01,2.000000000000000000e+01,1.003723351623062854e+01,2.482435826779684884e+00,-1.695720990775529291e+00,5.486327755045288246e-01,-3.785850729462783559e-02,2.957472468966493295e-02,-6.835963549348897383e-02,-5.443573115087185776e-01,-4.765700253905148787e-02,-2.381794754027723865e-02,-1.472365589159594923e-01
4.110000000000000142e+01,2.000000000000000000e+01,1.003585746398846013e+01,2.471544357495743416e+00,-1.697168060825902547e+00,5.491467003911001399e-01,-2.995689238485318984e-02,2.183742897826945750e-02,-6.921205966340249205e-02,-5.447676471190100456e-01,-3.759863805919205770e-02,-1.722725688834245844e-02,-1.164853522319861251e-01
4.111999999999999744e+01,2.000000000000000000e+01,1.003446636929288793e+01,2.460645994741099241e+00,-1.698281284079525388e+00,5.495062726636595896e-01,-2.218422683033190526e-02,1.415274844181979574e-02,-6.986418065274045686e-02,-5.450469153737405037e-01,-2.763021911190147867e-02,-1.071360465963769500e-02,-8.625021105832948731e-02
4.114000000000000057e+01,2.000000000000000000e+01,1.003306421880455623e+01,2.449743343498108850e+00,-1.699065492712556802e+00,5.497128103287728385e-01,-1.453751651790289798e-02,6.547101328644444607e-03,-7.031800944997856906e-02,-5.451968006019020097e-01,-1.777295347961214966e-02,-4.291346906902159843e-03,-5.651522146197159036e-02
4.115999999999999659e+01,2.000000000000000000e+01,1.003165495472279645e+01,2.438838972191338161e+00,-1.699525646111871291e+00,5.497681567168054562e-01,-7.014423588695533826e-03,-9.534230072976157544e-04,-7.057598119924117508e-02,-5.452192742535413306e-01,-8.048048944756783576e-03,2.025160317124816665e-03,-2.726739993199671364e-02
4.117999999999999972e+01,2.000000000000000000e+01,1.003024246630249650e+01,2.427935406945141317e+00,-1.699666852839841313e+00,5.496746734084808628e-01,3.866030413022071089e-04,-8.323113604378207242e-03,-7.064095520030128084e-02,-5.451165948997600541e-01,1.523286710232121376e-03,8.221560959704088054e-03,1.502830167397543664e-03
4.120000000000000284e+01,2.000000000000000000e+01,1.002883058137099326e+01,2.417035125841241250e+00,-1.699494396864822177e+00,5.494352321726302391e-01,7.666199693616779741e-03,-1.553668743490810300e-02,-7.051621490858055175e-02,-5.448913082327144775e-01,1.091984570292225780e-02,1.428349896809650611e-02,2.980116571264515915e-02
4.121999999999999886e+01,2.000000000000000000e+01,1.002742305784495436e+01,2.406140553176304486e+00,-1.699013767968186484e+00,5.490532059110845298e-01,1.482396182361328009e-02,-2.256933927633042458e-02,-7.020546793514925721e-02,-5.445462470656157183e-01,2.012042025088084732e-02,2.019661828956270666e-02,5.762895150049280463e-02
4.124000000000000199e+01,2.000000000000000000e+01,1.002602357524727772e+01,2.395254053719526155e+00,-1.698230696244690918e+00,5.485324586015769555e-01,2.185831932715762843e-02,-2.939679213098855826e-02,-6.971284604672640939e-02,-5.440845313327297150e-01,2.910380257167553483e-02,2.594656287136355363e-02,8.498270629018001010e-02
4.125999999999999801e+01,2.000000000000000000e+01,1.002463572622396093e+01,2.384377926970203010e+00,-1.697151190613837901e+00,5.478773342258450585e-01,2.876641298002777930e-02,-3.599534834012274587e-02,-6.904290516567954117e-02,-5.435095680893771153e-01,3.784878488287361092e-02,3.151897666075972881e-02,1.118536458907874731e-01
4.128000000000000114e+01,2.000000000000000000e+01,1.002326300806100434e+01,2.373514401415316666e+00,-1.695781581255120907e+00,5.470926446679720279e-01,3.554397194734899151e-02,-4.234194145735159509e-02,-6.820062537002498371e-02,-5.428250515119336095e-01,4.633415940204273220e-02,3.689950360501208920e-02,1.382272029471874331e-01
4.129999999999999716e+01,2.000000000000000000e+01,1.002190881420129109e+01,2.362665628787108396e+00,-1.694128565869120084e+00,5.461836565675510791e-01,4.218519253218099008e-02,-4.841418885722070797e-02,-6.719141089342757500e-02,-5.420349628978292644e-01,5.453871834675028119e-02,4.207378765138132526e-02,1.640825441410470042e-01
4.132000000000000028e+01,2.000000000000000000e+01,1.002057642576146890e+01,2.351833678320662813e+00,-1.692199259648810905e+00,5.451560771136831907e-01,4.868261857923070202e-02,-5.419044495593716704e-02,-6.602109012520092357e-02,-5.411435706655491895e-01,6.244125393456374101e-02,4.702747274712829051e-02,1.893920866831763083e-01
4.134000000000000341e+01,2.000000000000000000e+01,1.001926900304884960e+01,2.341020531011481776e+00,-1.690001248820701241e+00,5.440160387693132593e-01,5.502702420915431269e-02,-5.964985481186779737e-02,-6.469591561030720028e-02,-5.401554303546332036e-01,7.002055838305056013e-02,5.174620283951369970e-02,2.141210172324418959e-01
4.135999999999999943e+01,2.000000000000000000e+01,1.001798957707828563e+01,2.330228073873068517e+00,-1.687542647583123001e+00,5.427700829212085409e-01,6.120729982830058757e-02,-6.477240775254600180e-02,-6.322256404935730489e-02,-5.390753846256759463e-01,7.725542390977824247e-02,5.621562187579834391e-02,2.382268177335777060e-01
4.138000000000000256e+01,2.000000000000000000e+01,1.001674104108906427e+01,2.319458094194502440e+00,-1.684832158228829035e+00,5.414251424592113615e-01,6.721034263480267501e-02,-6.953899054257206558e-02,-6.160813629861067869e-02,-5.379085632603268774e-01,8.412464273231426426e-02,6.042137380324298646e-02,2.616588041161124756e-01
4.139999999999999858e+01,2.000000000000000000e+01,1.001552614206178404e+01,2.308712273798017911e+00,-1.681879134190776837e+00,5.399885232995057516e-01,7.302095312099035618e-02,-7.393143946103641895e-02,-5.986015736997554043e-02,-5.366603831612900555e-01,9.060700706822612249e-02,6.434910256910841841e-02,2.843576853283603101e-01
4.142000000000000171e+01,2.000000000000000000e+01,1.001434747223525790e+01,2.297992183296588387e+00,-1.678693645693522862e+00,5.384678848807699092e-01,7.862173935018086646e-02,-7.793259050046152936e-02,-5.798657643100871284e-02,-5.353365483523246926e-01,9.668130913508116153e-02,6.798445212065534760e-02,3.062551517762903686e-01
4.143999999999999773e+01,2.000000000000000000e+01,1.001320746062338252e+01,2.287299276351497657e+00,-1.675286547628101363e+00,5.368712196794873659e-01,8.399303105891831045e-02,-8.152632672943305181e-02,-5.599576680491557407e-02,-5.339430499782442663e-01,1.023263411504470310e-01,7.131306640514466222e-02,3.272735038716876321e-01
4.146000000000000085e+01,2.000000000000000000e+01,1.001210836453203967e+01,2.276634883929924413e+00,-1.671669549195915261e+00,5.352068318115925649e-01,8.911280589977337019e-02,-8.469762168198613494e-02,-5.389652597055028665e-02,-5.324861663049174076e-01,1.075208953318911170e-01,7.432058936983701458e-02,3.473253330332869426e-01
4.147999999999999687e+01,2.000000000000000000e+01,1.001105226107597446e+01,2.266000208562521046e+00,-1.667855284787548964e+00,5.334833148122080093e-01,9.395663039162445440e-02,-8.743257744834131984e-02,-5.169807556241563795e-02,-5.309724627192677904e-01,1.122437638969809304e-01,7.699266496199326515e-02,3.663132690854355999e-01
4.150000000000000000e+01,2.000000000000000000e+01,1.001004103869568951e+01,2.255396318600987549e+00,-1.663857385476354978e+00,5.317095287136589521e-01,9.849761838175867534e-02,-8.971845594737715146e-02,-4.941006137066297071e-02,-5.294087917292729095e-01,1.164737390632838987e-01,7.931493712887413561e-02,3.841298095089613063e-01
4.152000000000000313e+01,2.000000000000000000e+01,1.000907638867432503e+01,2.244824142475656537e+00,-1.659690550415264143e+00,5.298945765743123815e-01,1.027064100466809071e-01,-9.154370166519498753e-02,-4.704255334109239128e-02,-5.278022929639660799e-01,1.201896130483674913e-01,8.127304981774038928e-02,4.006572473573549176e-01
4.153999999999999915e+01,2.000000000000000000e+01,1.000815979665454591e+01,2.234284462953068484e+00,-1.655370617329956495e+00,5.280477806470512681e-01,1.065511746679522059e-01,-9.289795395005207013e-02,-4.460604557515260304e-02,-5.261603931734349926e-01,1.233701780697992467e-01,8.285264697585284499e-02,4.157677157897829989e-01
4.156000000000000227e+01,2.000000000000000000e+01,1.000729253415543774e+01,2.223777911393550966e+00,-1.650914631204058791e+00,5.261786584163103964e-01,1.099976406201057799e-01,-9.377204676916583992e-02,-4.211145632994098276e-02,-5.244908062288220485e-01,1.259942263451466204e-01,8.403937255047227994e-02,4.293233680170714939e-01
4.157999999999999829e+01,2.000000000000000000e+01,1.000647565008938145e+01,2.213304962008799226e+00,-1.646340910154447057e+00,5.242968987762847144e-01,1.130091562071430522e-01,-9.415799366220944933e-02,-3.957012801820353198e-02,-5.228015331223243578e-01,1.280405500919770123e-01,8.481887048885938807e-02,4.411767119317688834e-01
4.160000000000000142e+01,2.000000000000000000e+01,1.000570996227895293e+01,2.202865926119453643e+00,-1.641669107399372329e+00,5.224123386698220628e-01,1.155467851926654244e-01,-9.404895548033209707e-02,-3.699382720833489790e-02,-5.211008619671940734e-01,1.294879415278579748e-01,8.517678473827502983e-02,4.511711187244102361e-01
4.161999999999999744e+01,2.000000000000000000e+01,1.000499604897379768e+01,2.192460946412678524e+00,-1.636920268131499823e+00,5.205349405570715016e-01,1.175694410992583344e-01,-9.343918838471232391e-02,-3.439474462437841495e-02,-5.193973679977380575e-01,1.303151928703568940e-01,8.509875924597988528e-02,4.591415243074851715e-01
4.164000000000000057e+01,2.000000000000000000e+01,1.000433424036753038e+01,2.182089991199741785e+00,-1.632116880024750305e+00,5.186747711344337208e-01,1.190340646196807600e-01,-9.232396950694088389e-02,-3.178549514602604237e-02,-5.176999135693178822e-01,1.305010963370413501e-01,8.457043795923477325e-02,4.649153413207856023e-01
4.165999999999999659e+01,2.000000000000000000e+01,1.000372461011460778e+01,2.171752848673594194e+00,-1.627282916030705628e+00,5.168419817767939684e-01,1.198958487997371369e-01,-9.069949765411777776e-02,-2.917911780861839541e-02,-5.160176481583499397e-01,1.300244441454787570e-01,8.357746482530048482e-02,4.683135978391524401e-01
4.167999999999999972e+01,2.000000000000000000e+01,1.000316696684723006e+01,2.161449121166446830e+00,-1.622443868059854966e+00,5.150467912282691296e-01,1.201085170313094252e-01,-8.856276648567629195e-02,-2.658907580314478353e-02,-5.143600083623053321e-01,1.288640285132365837e-01,8.210548379143775555e-02,4.691523166321794336e-01
4.170000000000000284e+01,2.000000000000000000e+01,1.000266084569221547e+01,2.151178219407350323e+00,-1.617626770097392086e+00,5.132994711173664015e-01,1.196246593378852974e-01,-8.591140770818661565e-02,-2.402925647624303690e-02,-5.127367178997102037e-01,1.269986416578823829e-01,8.014013880490739039e-02,4.672441459497757577e-01
4.171999999999999886e+01,2.000000000000000000e+01,1.000220549978789819e+01,2.140939356779775871e+00,-1.612860209274483925e+00,5.116103349199416783e-01,1.183961329361390702e-01,-8.274350203774361034e-02,-2.151397133019977009e-02,-5.111577876101450757e-01,1.244070757969835406e-01,7.766707381297018042e-02,4.624002493741296571e-01
4.174000000000000199e+01,2.000000000000000000e+01,1.000179989180100648e+01,2.130731543579191367e+00,-1.608174323405140438e+00,5.099897310358567637e-01,1.163745335898292849e-01,-7.905735597918805979e-02,-1.905795602295021207e-02,-5.096335154542456225e-01,1.210681231481075398e-01,7.467193276288681958e-02,4.544324583667282424e-01
4.175999999999999801e+01,2.000000000000000000e+01,1.000144268544355342e+01,2.120553581270641530e+00,-1.603600783506593519e+00,5.084480406807742048e-01,1.135117447855104045e-01,-7.485124287280875421e-02,-1.667637036807820619e-02,-5.081744865137022282e-01,1.169605759288218499e-01,7.114035960191809893e-02,4.431556868581628117e-01
4.178000000000000114e+01,2.000000000000000000e+01,1.000113223698972931e+01,2.110404056746327583e+00,-1.599172759847089287e+00,5.069956813209445246e-01,1.097605721695210368e-01,-7.012310717261094339e-02,-1.438479833481627959e-02,-5.067915729912597644e-01,1.120632263566939818e-01,6.705799827732485119e-02,4.283906027118364879e-01
4.179999999999999716e+01,2.000000000000000000e+01,1.000086658679277640e+01,2.100281336583183389e+00,-1.594924870108059611e+00,5.056431163938698292e-01,1.050754708679382671e-01,-6.487023154859450358e-02,-1.219924804804560503e-02,-5.054959342107183673e-01,1.063548666492914047e-01,6.241049273636779110e-02,4.099665462863604226e-01
4.182000000000000028e+01,2.000000000000000000e+01,1.000064345080188488e+01,2.090183561300458237e+00,-1.590893108305783121e+00,5.044008720590008599e-01,9.941337309391758137e-02,-5.908886715269723311e-02,-1.013615178829600089e-02,-5.042990166169324384e-01,9.981428902418154614e-02,5.718348692630770280e-02,3.877246817684713576e-01
4.184000000000000341e+01,2.000000000000000000e+01,1.000046021207907820e+01,2.080108639617292976e+00,-1.587114753188201943e+00,5.032795617077615580e-01,9.273462260700947313e-02,-5.277382825492260565e-02,-8.212365991745938093e-03,-5.032125537758116440e-01,9.242028569893193102e-02,5.136262479440537043e-02,3.615213625684858822e-01
4.185999999999999943e+01,2.000000000000000000e+01,1.000031391231610556e+01,2.070054242710299697e+00,-1.583628254902487598e+00,5.022899189288040356e-01,8.500402085357162962e-02,-4.591805344037425129e-02,-6.445171250222535807e-03,-5.022485663743201378e-01,8.415164889111001467e-02,4.493355028792155037e-02,3.312316879367313560e-01
4.188000000000000256e+01,2.000000000000000000e+01,1.000020124335130944e+01,2.060017798471140082e+00,-1.580473098815248223e+00,5.014428395701466812e-01,7.619198667274772185e-02,-3.851213665706687550e-02,-4.852272311201567476e-03,-5.014193622204768941e-01,7.498717081828326636e-02,3.788190735411701981e-02,2.967532240732055904e-01
4.189999999999999858e+01,2.000000000000000000e+01,1.000011853868654299e+01,2.049996485764107312e+00,-1.577689645457466261e+00,5.007494334625213206e-01,6.627582696645470395e-02,-3.054383260938031697e-02,-3.451798077807452167e-03,-5.007375362433558186e-01,6.490564369801914146e-02,3.019333994025254209e-02,2.580098592685027281e-01
4.192000000000000171e+01,2.000000000000000000e+01,1.000006176500402510e+01,2.039987228683698639e+00,-1.575318945659161418e+00,5.002210862657715529e-01,5.524110939180091467e-02,-2.199754229724604215e-02,-2.262301608813276250e-03,-5.002159704930854156e-01,5.388585974788528965e-02,2.185349199358901234e-02,2.149557588194316859e-01
4.193999999999999773e+01,2.000000000000000000e+01,1.000002651368325424e+01,2.029986690812201289e+00,-1.573402530035201918e+00,4.998695317706313701e-01,4.308311970538691860e-02,-1.285378589304286834e-02,-1.302760118640735720e-03,-4.998678341408491765e-01,4.190661118544890262e-02,1.284800746138698400e-02,1.675793812653662562e-01
4.196000000000000085e+01,2.000000000000000000e+01,1.000000799231787774e+01,2.019991269477267704e+00,-1.571982172087286855e+00,4.997069348300499092e-01,2.980837579311945706e-02,-3.088671612088589313e-03,-5.925749773602184819e-04,-4.997065834788850802e-01,2.894669022827756413e-02,3.162530290907330545e-03,1.159075124180689725e-01
4.197999999999999687e+01,2.000000000000000000e+01,1.000000101623258608e+01,2.009997090009493448e+00,-1.571099624305216880e+00,4.997459849061477444e-01,1.543615783314345423e-02,7.326629248746385770e-03,-1.515717106907483601e-04,-4.997459619204863146e-01,1.498488909393877987e-02,-7.217295570589170838e-03,6.000926712023692267e-02
4.200000000000000000e+01,2.100000000000000000e+01,1.000000000000000000e+01,2.000000000000000000e+00,-1.570796326794896558e+00,4.999999999999998890e-01,0.000000000000000000e+00,1.509687821083183223e-02,0.000000000000000000e+00,-4.999999999999998890e-01,0.000000000000000000e+00,-1.830582617583953464e-02,0.000000000000000000e+00
4.202000000000000313e+01,2.100000000000000000e+01,9.999999999999998224e+00,1.989996447575033356e+00,-1.570796326794896558e+00,5.003498600345811509e-01,0.000000000000000000e+00,1.670186968631526270e-02,0.000000000000000000e+00,-5.003498600345811509e-01,0.000000000000000000e+00,-1.669106924886869930e-02,0.000000000000000000e+00
4.203999999999999915e+01,2.100000000000000000e+01,1.000000000000000000e+01,1.979986216562279688e+00,-1.570796326794896558e+00,5.006680747874524551e-01,0.000000000000000000e+00,1.515173232574440476e-02,0.000000000000000000e+00,-5.006680747874524551e-01,0.000000000000000000e+00,-1.514111494656033251e-02,0.000000000000000000e+00
4.206000000000000227e+01,2.100000000000000000e+01,1.000000000000000000e+01,1.969969926980071673e+00,-1.570796326794896558e+00,5.009559293276109049e-01,0.000000000000000000e+00,1.366529924026416154e-02,0.000000000000000000e+00,-5.009559293276109049e-01,0.000000000000000000e+00,-1.365486491934389014e-02,0.000000000000000000e+00
4.207999999999999829e+01,2.100000000000000000e+01,9.999999999999996447e+00,1.959948173365031465e+00,-1.570796326794896558e+00,5.012146867570630437e-01,0.000000000000000000e+00,1.224147208031034495e-02,0.000000000000000000e+00,-5.012146867570630437e-01,0.000000000000000000e+00,-1.223122081764881769e-02,0.000000000000000000e+00
4.210000000000000142e+01,2.100000000000000000e+01,9.999999999999996447e+00,1.949921525211411932e+00,-1.570796326794896558e+00,5.014455882108233009e-01,0.000000000000000000e+00,1.087915249629745063e-02,0.000000000000000000e+00,-5.014455882108233009e-01,0.000000000000000000e+00,-1.086908429190457104e-02,0.000000000000000000e+00
4.211999999999999744e+01,2.100000000000000000e+01,9.999999999999996447e+00,1.939890527410434773e+00,-1.570796326794896558e+00,5.016498528569148796e-01,0.000000000000000000e+00,9.577242138671948624e-03,0.000000000000000000e+00,-5.016498528569148796e-01,0.000000000000000000e+00,-9.567356992540595670e-03,0.000000000000000000e+00
4.214000000000000057e+01,2.100000000000000000e+01,9.999999999999998224e+00,1.929855700689631748e+00,-1.570796326794896558e+00,5.018286778963702011e-01,0.000000000000000000e+00,8.334642657867874505e-03,0.000000000000000000e+00,-5.018286778963702011e-01,0.000000000000000000e+00,-8.324940569986342270e-03,0.000000000000000000e+00
4.215999999999999659e+01,2.100000000000000000e+01,1.000000000000000178e+01,1.919817542052183468e+00,-1.570796326794896558e+00,5.019832385632295724e-01,0.000000000000000000e+00,7.150255704292618475e-03,0.000000000000000000e+00,-5.019832385632295724e-01,0.000000000000000000e+00,-7.140736674671261525e-03,0.000000000000000000e+00
4.217999999999999972e+01,2.100000000000000000e+01,1.000000000000000355e+01,1.909776525216258625e+00,-1.570796326794896558e+00,5.021146881245418525e-01,0.000000000000000000e+00,6.022982928373110667e-03,0.000000000000000000e+00,-5.021146881245418525e-01,0.000000000000000000e+00,-6.013646957024800649e-03,0.000000000000000000e+00
4.220000000000000284e+01,2.100000000000000000e+01,1.000000000000000178e+01,1.899733101054356332e+00,-1.570796326794896558e+00,5.022241578803645634e-01,0.000000000000000000e+00,4.951725980562926566e-03,0.000000000000000000e+00,-5.022241578803645634e-01,0.000000000000000000e+00,-4.942573067476405124e-03,0.000000000000000000e+00
4.221999999999999886e+01,2.100000000000000000e+01,9.999999999999998224e+00,1.889687698032645136e+00,-1.570796326794896558e+00,5.023127571637643340e-01,0.000000000000000000e+00,3.935386511283667232e-03,0.000000000000000000e+00,-5.023127571637643340e-01,0.000000000000000000e+00,-3.926416656455532575e-03,0.000000000000000000e+00
4.224000000000000199e+01,2.100000000000000000e+01,1.000000000000000178e+01,1.879640722650300022e+00,-1.570796326794896558e+00,5.023815733408159012e-01,0.000000000000000000e+00,2.972866170951604659e-03,0.000000000000000000e+00,-5.023815733408159012e-01,0.000000000000000000e+00,-2.964079374391626748e-03,0.000000000000000000e+00
4.225999999999999801e+01,2.100000000000000000e+01,1.000000000000000178e+01,1.869592559878845872e+00,-1.570796326794896558e+00,5.024316718106024426e-01,0.000000000000000000e+00,2.063066610016761615e-03,0.000000000000000000e+00,-5.024316718106024426e-01,0.000000000000000000e+00,-2.054462871714140496e-03,0.000000000000000000e+00
4.228000000000000114e+01,2.100000000000000000e+01,9.999999999999998224e+00,1.859543573601495137e+00,-1.570796326794896558e+00,5.024640960052165761e-01,0.000000000000000000e+00,1.204889478891857379e-03,0.000000000000000000e+00,-5.024640960052165761e-01,0.000000000000000000e+00,-1.196468798852525807e-03,0.000000000000000000e+00
4.229999999999999716e+01,2.100000000000000000e+01,9.999999999999996447e+00,1.849494107052488845e+00,-1.570796326794896558e+00,5.024798673897581391e-01,0.000000000000000000e+00,3.972364280162565819e-04,0.000000000000000000e+00,-5.024798673897581391e-01,0.000000000000000000e+00,-3.889988062362299500e-04,0.000000000000000000e+00
4.232000000000000028e+01,2.100000000000000000e+01,1.000000000000000000e+01,1.839444483256436058e+00,-1.570796326794896558e+00,5.024799854623371864e-01,0.000000000000000000e+00,-3.609908921813342886e-04,0.000000000000000000e+00,-5.024799854623371864e-01,0.000000000000000000e+00,3.690454557053004549e-04,0.000000000000000000e+00
4.234000000000000341e+01,2.100000000000000000e+01,1.000000000000000000e+01,1.829395005467653101e+00,-1.570796326794896558e+00,5.024654277540708813e-01,0.000000000000000000e+00,-1.070890831282866884e-03,0.000000000000000000e+00,-5.024654277540708813e-01,0.000000000000000000e+00,1.078762336542615210e-03,0.000000000000000000e+00
4.235999999999999943e+01,2.100000000000000000e+01,1.000000000000000355e+01,1.819345957609503905e+00,-1.570796326794896558e+00,5.024371498290859384e-01,0.000000000000000000e+00,-1.733561738850752931e-03,0.000000000000000000e+00,-5.024371498290859384e-01,0.000000000000000000e+00,1.741250185846258481e-03,0.000000000000000000e+00
4.238000000000000256e+01,2.100000000000000000e+01,1.000000000000000355e+01,1.809297604713739460e+00,-1.570796326794896558e+00,5.023960852845168468e-01,0.000000000000000000e+00,-2.350101964454509584e-03,0.000000000000000000e+00,-5.023960852845168468e-01,0.000000000000000000e+00,2.357607353186789555e-03,0.000000000000000000e+00
4.239999999999999858e+01,2.100000000000000000e+01,1.000000000000000355e+01,1.799250193359837935e+00,-1.570796326794896558e+00,5.023431457505077580e-01,0.000000000000000000e+00,-2.921609857665430354e-03,0.000000000000000000e+00,-5.023431457505077580e-01,0.000000000000000000e+00,2.928932188134753846e-03,0.000000000000000000e+00
4.242000000000000171e+01,2.100000000000000000e+01,1.000000000000000000e+01,1.789203952114345686e+00,-1.570796326794896558e+00,5.022792208902102651e-01,0.000000000000000000e+00,-3.449183768053032395e-03,0.000000000000000000e+00,-5.022792208902102651e-01,0.000000000000000000e+00,3.456323040260700016e-03,0.000000000000000000e+00
4.243999999999999773e+01,2.100000000000000000e+01,1.000000000000000355e+01,1.779159091970215156e+00,-1.570796326794896558e+00,5.022051783997856234e-01,0.000000000000000000e+00,-3.933922045188609218e-03,0.000000000000000000e+00,-5.022051783997856234e-01,0.000000000000000000e+00,3.940878259135181284e-03,0.000000000000000000e+00
4.246000000000000085e+01,2.100000000000000000e+01,1.000000000000000000e+01,1.769115806786145662e+00,-1.570796326794896558e+00,5.021218640084027518e-01,0.000000000000000000e+00,-4.376923038647007047e-03,0.000000000000000000e+00,-5.021218640084027518e-01,0.000000000000000000e+00,4.383696194328746965e-03,0.000000000000000000e+00
4.247999999999999687e+01,2.100000000000000000e+01,9.999999999999998224e+00,1.759074273725922843e+00,-1.570796326794896558e+00,5.020301014782397875e-01,0.000000000000000000e+00,-4.779285097988861253e-03,0.000000000000000000e+00,-5.020301014782397875e-01,0.000000000000000000e+00,4.785875195411948974e-03,0.000000000000000000e+00
4.250000000000000000e+01,2.100000000000000000e+01,1.000000000000000000e+01,1.749034653697758346e+00,-1.570796326794896558e+00,5.019306926044831973e-01,0.000000000000000000e+00,-5.142106572794347130e-03,0.000000000000000000e+00,-5.019306926044831973e-01,0.000000000000000000e+00,5.148513611955337493e-03,0.000000000000000000e+00
4.252000000000000313e+01,2.100000000000000000e+01,9.999999999999998224e+00,1.738997091793630823e+00,-1.570796326794896558e+00,5.018244172153280003e-01,0.000000000000000000e+00,-5.466485812629429120e-03,0.000000000000000000e+00,-5.018244172153280003e-01,0.000000000000000000e+00,5.472709793529460104e-03,0.000000000000000000e+00
4.253999999999999915e+01,2.100000000000000000e+01,1.000000000000000000e+01,1.728961717728624947e+00,-1.570796326794896558e+00,5.017120331719779891e-01,0.000000000000000000e+00,-5.753521167065400732e-03,0.000000000000000000e+00,-5.017120331719779891e-01,0.000000000000000000e+00,5.759562089704870456e-03,0.000000000000000000e+00
4.256000000000000227e+01,2.100000000000000000e+01,1.000000000000000178e+01,1.718928646280270423e+00,-1.570796326794896558e+00,5.015942763686453976e-01,0.000000000000000000e+00,-6.004310985678884549e-03,0.000000000000000000e+00,-5.015942763686453976e-01,0.000000000000000000e+00,6.010168850052120468e-03,0.000000000000000000e+00
4.257999999999999829e+01,2.100000000000000000e+01,9.999999999999998224e+00,1.708897977727882100e+00,-1.570796326794896558e+00,5.014718607325509003e-01,0.000000000000000000e+00,-6.219953618030515941e-03,0.000000000000000000e+00,-5.014718607325509003e-01,0.000000000000000000e+00,6.225628424141755116e-03,0.000000000000000000e+00
4.260000000000000142e+01,2.100000000000000000e+01,9.999999999999998224e+00,1.698869798291902988e+00,-1.570796326794896558e+00,5.013454782239241680e-01,0.000000000000000000e+00,-6.401547413691588417e-03,0.000000000000000000e+00,-5.013454782239241680e-01,0.000000000000000000e+00,6.407039161544325449e-03,0.000000000000000000e+00
4.261999999999999744e+01,2.100000000000000000e+01,9.999999999999996447e+00,1.688844180573238818e+00,-1.570796326794896558e+00,5.012157988360032013e-01,0.000000000000000000e+00,-6.550190722238724561e-03,0.000000000000000000e+00,-5.012157988360032013e-01,0.000000000000000000e+00,6.555499411830385120e-03,0.000000000000000000e+00
4.264000000000000057e+01,2.100000000000000000e+01,9.999999999999998224e+00,1.678821183992601718e+00,-1.570796326794896558e+00,5.010834705950346635e-01,0.000000000000000000e+00,-6.666981893241441526e-03,0.000000000000000000e+00,-5.010834705950346635e-01,0.000000000000000000e+00,6.672107524570484310e-03,0.000000000000000000e+00
4.265999999999999659e+01,2.100000000000000000e+01,9.999999999999998224e+00,1.668800855229848112e+00,-1.570796326794896558e+00,5.009491195602735480e-01,0.000000000000000000e+00,-6.753019276269256466e-03,0.000000000000000000e+00,-5.009491195602735480e-01,0.000000000000000000e+00,6.757961849335174069e-03,0.000000000000000000e+00
4.267999999999999972e+01,2.100000000000000000e+01,9.999999999999996447e+00,1.658783228663319509e+00,-1.570796326794896558e+00,5.008133498239839554e-01,0.000000000000000000e+00,-6.809401220884581107e-03,0.000000000000000000e+00,-5.008133498239839554e-01,0.000000000000000000e+00,6.814160735694997639e-03,0.000000000000000000e+00
4.270000000000000284e+01,2.100000000000000000e+01,9.999999999999996447e+00,1.648768326809182172e+00,-1.570796326794896558e+00,5.006767435114380937e-01,0.000000000000000000e+00,-6.837226076672919817e-03,0.000000000000000000e+00,-5.006767435114380937e-01,0.000000000000000000e+00,6.841802533220517346e-03,0.000000000000000000e+00
4.271999999999999886e+01,2.100000000000000000e+01,1.000000000000000000e+01,1.638756160760767466e+00,-1.570796326794896558e+00,5.005398607809170564e-01,0.000000000000000000e+00,-6.837592193196684320e-03,0.000000000000000000e+00,-5.005398607809170564e-01,0.000000000000000000e+00,6.841985591482277300e-03,0.000000000000000000e+00
4.274000000000000199e+01,2.100000000000000000e+01,9.999999999999998224e+00,1.628746730627909312e+00,-1.570796326794896558e+00,5.004032398237102663e-01,0.000000000000000000e+00,-6.811597920032497200e-03,0.000000000000000000e+00,-5.004032398237102663e-01,0.000000000000000000e+00,6.815808260050823346e-03,0.000000000000000000e+00
4.275999999999999801e+01,2.100000000000000000e+01,1.000000000000000000e+01,1.618740025976286523e+00,-1.570796326794896558e+00,5.002673968641158098e-01,0.000000000000000000e+00,-6.760341606739217468e-03,0.000000000000000000e+00,-5.002673968641158098e-01,0.000000000000000000e+00,6.764368888496711738e-03,0.000000000000000000e+00
4.278000000000000114e+01,2.100000000000000000e+01,1.000000000000000000e+01,1.608736026266763375e+00,-1.570796326794896558e+00,5.001328261594406577e-01,0.000000000000000000e+00,-6.684921602889914993e-03,0.000000000000000000e+00,-5.001328261594406577e-01,0.000000000000000000e+00,6.688765826390488320e-03,0.000000000000000000e+00
4.279999999999999716e+01,2.100000000000000000e+01,1.000000000000000000e+01,1.598734701294725946e+00,-1.570796326794896558e+00,5.000000000000002220e-01,0.000000000000000000e+00,-6.586436258068317784e-03,0.000000000000000000e+00,-5.000000000000002220e-01,0.000000000000000000e+00,6.590097423302713683e-03,0.000000000000000000e+00
4.282000000000000028e+01,2.100000000000000000e+01,1.000000000000000000e+01,1.588736011629424683e+00,-1.570796326794896558e+00,4.998693687091179116e-01,0.000000000000000000e+00,-6.465983921829732139e-03,0.000000000000000000e+00,-4.998693687091179116e-01,0.000000000000000000e+00,6.469462028803921530e-03,0.000000000000000000e+00
4.284000000000000341e+01,2.100000000000000000e+01,1.000000000000000178e+01,1.578739909053313850e+00,-1.570796326794896558e+00,4.997413606431269639e-01,0.000000000000000000e+00,-6.324662943749004285e-03,0.000000000000000000e+00,-4.997413606431269639e-01,0.000000000000000000e+00,6.327957992464686328e-03,0.000000000000000000e+00
4.285999999999999943e+01,2.100000000000000000e+01,1.000000000000000355e+01,1.568746337001390545e+00,-1.570796326794896558e+00,4.996163821913679470e-01,0.000000000000000000e+00,-6.163571673408085871e-03,0.000000000000000000e+00,-4.996163821913679470e-01,0.000000000000000000e+00,6.166683663855530503e-03,0.000000000000000000e+00
4.288000000000000256e+01,2.100000000000000000e+01,1.000000000000000355e+01,1.558755231000533925e+00,-1.570796326794896558e+00,4.994948177761907027e-01,0.000000000000000000e+00,-5.983808460356954129e-03,0.000000000000000000e+00,-4.994948177761907027e-01,0.000000000000000000e+00,5.986737392547019851e-03,0.000000000000000000e+00
4.289999999999999858e+01,2.100000000000000000e+01,1.000000000000000355e+01,1.548766519108848216e+00,-1.570796326794896558e+00,4.993770298529536800e-01,0.000000000000000000e+00,-5.786471654181113422e-03,0.000000000000000000e+00,-4.993770298529536800e-01,0.000000000000000000e+00,5.789217528109708022e-03,0.000000000000000000e+00
4.292000000000000171e+01,2.100000000000000000e+01,1.000000000000000178e+01,1.538780122354999058e+00,-1.570796326794896558e+00,4.992633589100234359e-01,0.000000000000000000e+00,-5.572659604451857263e-03,0.000000000000000000e+00,-4.992633589100234359e-01,0.000000000000000000e+00,5.575222420114134790e-03,0.000000000000000000e+00
4.293999999999999773e+01,2.100000000000000000e+01,1.000000000000000355e+01,1.528795955177554511e+00,-1.570796326794896558e+00,4.991541234687756345e-01,0.000000000000000000e+00,-5.343470660729821020e-03,0.000000000000000000e+00,-4.991541234687756345e-01,0.000000000000000000e+00,5.345850418130859011e-03,0.000000000000000000e+00
4.296000000000000085e+01,2.100000000000000000e+01,9.999999999999998224e+00,1.518813925864325176e+00,-1.570796326794896558e+00,4.990496200835942142e-01,0.000000000000000000e+00,-5.100003172591627276e-03,0.000000000000000000e+00,-4.990496200835942142e-01,0.000000000000000000e+00,5.102199871730429999e-03,0.000000000000000000e+00
4.297999999999999687e+01,2.100000000000000000e+01,1.000000000000000000e+01,1.508833936991705649e+00,-1.570796326794896558e+00,4.989501233418719428e-01,0.000000000000000000e+00,-4.843355489601464114e-03,0.000000000000000000e+00,-4.989501233418719428e-01,0.000000000000000000e+00,4.845369130483390130e-03,0.000000000000000000e+00
4.300000000000000000e+01,2.100000000000000000e+01,1.000000000000000000e+01,1.498855885864009974e+00,-1.570796326794896558e+00,4.988558858640100846e-01,0.000000000000000000e+00,-4.574625961341283187e-03,0.000000000000000000e+00,-4.988558858640100846e-01,0.000000000000000000e+00,4.576456543960299994e-03,0.000000000000000000e+00
4.302000000000000313e+01,2.100000000000000000e+01,9.999999999999998224e+00,1.488879664952815096e+00,-1.570796326794896558e+00,4.987671383034182337e-01,0.000000000000000000e+00,-4.294912937378825291e-03,0.000000000000000000e+00,-4.987671383034182337e-01,0.000000000000000000e+00,4.296560461731704569e-03,0.000000000000000000e+00
4.303999999999999915e+01,2.100000000000000000e+01,9.999999999999998224e+00,1.478905162336300094e+00,-1.570796326794896558e+00,4.986840893465149804e-01,0.000000000000000000e+00,-4.005314767272949439e-03,0.000000000000000000e+00,-4.986840893465149804e-01,0.000000000000000000e+00,4.006779233368156640e-03,0.000000000000000000e+00
4.306000000000000227e+01,2.100000000000000000e+01,1.000000000000000000e+01,1.468932262138585410e+00,-1.570796326794896558e+00,4.986069257127273557e-01,0.000000000000000000e+00,-3.706929800609159997e-03,0.000000000000000000e+00,-4.986069257127273557e-01,0.000000000000000000e+00,3.708211208440205086e-03,0.000000000000000000e+00
4.307999999999999829e+01,2.100000000000000000e+01,1.000000000000000000e+01,1.458960844969072745e+00,-1.570796326794896558e+00,4.985358121544906096e-01,0.000000000000000000e+00,-3.400856386951645050e-03,0.000000000000000000e+00,-4.985358121544906096e-01,0.000000000000000000e+00,3.401954736518398789e-03,0.000000000000000000e+00
4.310000000000000142e+01,2.100000000000000000e+01,1.000000000000000000e+01,1.448990788361784299e+00,-1.570796326794896558e+00,4.984708914572493765e-01,0.000000000000000000e+00,-3.088192875862816322e-03,0.000000000000000000e+00,-4.984708914572493765e-01,0.000000000000000000e+00,3.089108167173291401e-03,0.000000000000000000e+00
4.311999999999999744e+01,2.100000000000000000e+01,1.000000000000000178e+01,1.439021967214704656e+00,-1.570796326794896558e+00,4.984122844394561214e-01,0.000000000000000000e+00,-2.770037616926401824e-03,0.000000000000000000e+00,-4.984122844394561214e-01,0.000000000000000000e+00,2.770769849975432235e-03,0.000000000000000000e+00
4.314000000000000057e+01,2.100000000000000000e+01,1.000000000000000000e+01,1.429054254229118692e+00,-1.570796326794896558e+00,4.983600899525723049e-01,0.000000000000000000e+00,-2.447488959710142353e-03,0.000000000000000000e+00,-4.983600899525723049e-01,0.000000000000000000e+00,2.448038134495370173e-03,0.000000000000000000e+00
4.315999999999999659e+01,2.100000000000000000e+01,1.000000000000000000e+01,1.419087520348951026e+00,-1.570796326794896558e+00,4.983143848810677734e-01,0.000000000000000000e+00,-2.121645253781778706e-03,0.000000000000000000e+00,-4.983143848810677734e-01,0.000000000000000000e+00,2.122011370303660167e-03,0.000000000000000000e+00
4.317999999999999972e+01,2.100000000000000000e+01,1.000000000000000000e+01,1.409121635200108802e+00,-1.570796326794896558e+00,4.982752241424210360e-01,0.000000000000000000e+00,-1.793604848709051680e-03,0.000000000000000000e+00,-4.982752241424210360e-01,0.000000000000000000e+00,1.793787906970848714e-03,0.000000000000000000e+00
4.320000000000000284e+01,2.100000000000000000e+01,1.000000000000000000e+01,1.399156467529817371e+00,-1.570796326794896558e+00,4.982426406871194313e-01,0.000000000000000000e+00,-1.464466094065031143e-03,0.000000000000000000e+00,-4.982426406871194313e-01,0.000000000000000000e+00,1.464466094067482741e-03,0.000000000000000000e+00
4.321999999999999886e+01,2.100000000000000000e+01,9.999999999999998224e+00,1.389191885645963298e+00,-1.570796326794896558e+00,4.982166454986584059e-01,0.000000000000000000e+00,-1.135327339428116034e-03,0.000000000000000000e+00,-4.982166454986584059e-01,0.000000000000000000e+00,1.135144281164119804e-03,0.000000000000000000e+00
4.324000000000000199e+01,2.100000000000000000e+01,1.000000000000000000e+01,1.379227757856433811e+00,-1.570796326794896558e+00,4.981972275935423466e-01,0.000000000000000000e+00,-8.072869343536126507e-04,0.000000000000000000e+00,-4.981972275935423466e-01,0.000000000000000000e+00,8.069208178313033632e-04,0.000000000000000000e+00
4.325999999999999801e+01,2.100000000000000000e+01,1.000000000000000000e+01,1.369263952908454263e+00,-1.570796326794896558e+00,4.981843540212842480e-01,0.000000000000000000e+00,-4.814432284234726467e-04,0.000000000000000000e+00,-4.981843540212842480e-01,0.000000000000000000e+00,4.808940536395918397e-04,0.000000000000000000e+00
4.328000000000000114e+01,2.100000000000000000e+01,1.000000000000000000e+01,1.359300340427931575e+00,-1.570796326794896558e+00,4.981779698644053789e-01,0.000000000000000000e+00,-1.588945712089895324e-04,0.000000000000000000e+00,-4.981779698644053789e-01,0.000000000000000000e+00,1.581623381595294526e-04,0.000000000000000000e+00
4.329999999999999716e+01,2.100000000000000000e+01,1.000000000000000000e+01,1.349336791358790588e+00,-1.570796326794896558e+00,4.981779982384358929e-01,0.000000000000000000e+00,1.592606877274249655e-04,0.000000000000000000e+00,-4.981779982384358929e-01,0.000000000000000000e+00,-1.601759790383316105e-04,0.000000000000000000e+00
4.332000000000000028e+01,2.100000000000000000e+01,1.000000000000000000e+01,1.339373178402316178e+00,-1.570796326794896558e+00,4.981843402919144959e-01,0.000000000000000000e+00,4.719241988127009790e-04,0.000000000000000000e+00,-4.981843402919144959e-01,0.000000000000000000e+00,-4.730225483834407879e-04,0.000000000000000000e+00
4.334000000000000341e+01,2.100000000000000000e+01,1.000000000000000000e+01,1.329409376456492486e+00,-1.570796326794896558e+00,4.981968752063883898e-01,0.000000000000000000e+00,7.779976124755449973e-04,0.000000000000000000e+00,-4.981968752063883898e-01,0.000000000000000000e+00,-7.792790203052481690e-04,0.000000000000000000e+00
4.335999999999999943e+01,2.100000000000000000e+01,1.000000000000000000e+01,1.319445263055342155e+00,-1.570796326794896558e+00,4.982154601964134955e-01,0.000000000000000000e+00,1.076382579137558082e-03,0.000000000000000000e+00,-4.982154601964134955e-01,0.000000000000000000e+00,-1.077847045233201132e-03,0.000000000000000000e+00
4.338000000000000256e+01,2.100000000000000000e+01,1.000000000000000000e+01,1.309480718808267108e+00,-1.570796326794896558e+00,4.982399305095539521e-01,0.000000000000000000e+00,1.365980749239881220e-03,0.000000000000000000e+00,-4.982399305095539521e-01,0.000000000000000000e+00,-1.367628273596752531e-03,0.000000000000000000e+00
4.339999999999999858e+01,2.100000000000000000e+01,1.000000000000000000e+01,1.299515627839387122e+00,-1.570796326794896558e+00,4.982700994263830618e-01,0.000000000000000000e+00,1.645693773209444544e-03,0.000000000000000000e+00,-4.982700994263830618e-01,0.000000000000000000e+00,-1.647524355825350992e-03,0.000000000000000000e+00
4.342000000000000171e+01,2.100000000000000000e+01,1.000000000000000178e+01,1.289549878226881718e+00,-1.570796326794896558e+00,4.983057582604822899e-01,0.000000000000000000e+00,1.914423301469625471e-03,0.000000000000000000e+00,-4.983057582604822899e-01,0.000000000000000000e+00,-1.916436942348440911e-03,0.000000000000000000e+00
4.343999999999999773e+01,2.100000000000000000e+01,1.000000000000000000e+01,1.279583362442327399e+00,-1.570796326794896558e+00,4.983466763584418202e-01,0.000000000000000000e+00,2.171070984452683206e-03,0.000000000000000000e+00,-4.983466763584418202e-01,0.000000000000000000e+00,-2.173267683595481864e-03,0.000000000000000000e+00
4.346000000000000085e+01,2.100000000000000000e+01,1.000000000000000000e+01,1.269615977790039318e+00,-1.570796326794896558e+00,4.983926010998604439e-01,0.000000000000000000e+00,2.414538472594429663e-03,0.000000000000000000e+00,-4.983926010998604439e-01,0.000000000000000000e+00,-2.416918229995915646e-03,0.000000000000000000e+00
4.347999999999999687e+01,2.100000000000000000e+01,1.000000000000000000e+01,1.259647626846410962e+00,-1.570796326794896558e+00,4.984432578973455596e-01,0.000000000000000000e+00,2.643727416314689549e-03,0.000000000000000000e+00,-4.984432578973455596e-01,0.000000000000000000e+00,-2.646290231979196630e-03,0.000000000000000000e+00
4.350000000000000000e+01,2.100000000000000000e+01,1.000000000000000000e+01,1.249678217899252708e+00,-1.570796326794896558e+00,4.984983501965131181e-01,0.000000000000000000e+00,2.857539466047498422e-03,0.000000000000000000e+00,-4.984983501965131181e-01,0.000000000000000000e+00,-2.860285339974771163e-03,0.000000000000000000e+00
4.352000000000000313e+01,2.100000000000000000e+01,1.000000000000000000e+01,1.239707665387133284e+00,-1.570796326794896558e+00,4.985575594759875107e-01,0.000000000000000000e+00,3.054876272221562772e-03,0.000000000000000000e+00,-4.985575594759875107e-01,0.000000000000000000e+00,-3.057805204412089931e-03,0.000000000000000000e+00
4.353999999999999915e+01,2.100000000000000000e+01,1.000000000000000000e+01,1.229735890338718773e+00,-1.570796326794896558e+00,4.986205452474019584e-01,0.000000000000000000e+00,3.234639485270918158e-03,0.000000000000000000e+00,-4.986205452474019584e-01,0.000000000000000000e+00,-3.237751475720603185e-03,0.000000000000000000e+00
4.356000000000000227e+01,2.100000000000000000e+01,1.000000000000000000e+01,1.219762820812111848e+00,-1.570796326794896558e+00,4.986869450553983452e-01,0.000000000000000000e+00,3.395730755618941998e-03,0.000000000000000000e+00,-4.986869450553983452e-01,0.000000000000000000e+00,-3.399025804329759877e-03,0.000000000000000000e+00
4.357999999999999829e+01,2.100000000000000000e+01,1.000000000000000000e+01,1.209788392334192997e+00,-1.570796326794896558e+00,4.987563744776267738e-01,0.000000000000000000e+00,3.537051733696117140e-03,0.000000000000000000e+00,-4.987563744776267738e-01,0.000000000000000000e+00,-3.540529840669008957e-03,0.000000000000000000e+00
4.360000000000000142e+01,2.100000000000000000e+01,1.000000000000000000e+01,1.199812548339959317e+00,-1.570796326794896558e+00,4.988284271247461765e-01,0.000000000000000000e+00,3.657504069931150070e-03,0.000000000000000000e+00,-4.988284271247461765e-01,0.000000000000000000e+00,-3.661165235167801978e-03,0.000000000000000000e+00
4.361999999999999744e+01,2.100000000000000000e+01,9.999999999999998224e+00,1.189835240611864409e+00,-1.570796326794896558e+00,4.989026746404240376e-01,0.000000000000000000e+00,3.755989414759852707e-03,0.000000000000000000e+00,-4.989026746404240376e-01,0.000000000000000000e+00,-3.759833638255585288e-03,0.000000000000000000e+00
4.364000000000000057e+01,2.100000000000000000e+01,1.000000000000000000e+01,1.179856429719159161e+00,-1.570796326794896558e+00,4.989786667013365040e-01,0.000000000000000000e+00,3.831409418603826111e-03,0.000000000000000000e+00,-4.989786667013365040e-01,0.000000000000000000e+00,-3.835436700361811307e-03,0.000000000000000000e+00
4.365999999999999659e+01,2.100000000000000000e+01,1.000000000000000000e+01,1.169876085457230097e+00,-1.570796326794896558e+00,4.990559310171681640e-01,0.000000000000000000e+00,3.882665731898882200e-03,0.000000000000000000e+00,-4.990559310171681640e-01,0.000000000000000000e+00,-3.886876071915928987e-03,0.000000000000000000e+00
4.367999999999999972e+01,2.100000000000000000e+01,1.000000000000000000e+01,1.159894187286940159e+00,-1.570796326794896558e+00,4.991339733306123794e-01,0.000000000000000000e+00,3.908660005063069320e-03,0.000000000000000000e+00,-4.991339733306123794e-01,0.000000000000000000e+00,-3.913053403347386411e-03,0.000000000000000000e+00
4.370000000000000284e+01,2.100000000000000000e+01,1.000000000000000000e+01,1.149910724773968607e+00,-1.570796326794896558e+00,4.992122774173707311e-01,0.000000000000000000e+00,3.908293888541081174e-03,0.000000000000000000e+00,-4.992122774173707311e-01,0.000000000000000000e+00,-3.912870345085635998e-03,0.000000000000000000e+00
4.371999999999999886e+01,2.100000000000000000e+01,1.000000000000000000e+01,1.139925698028150247e+00,-1.570796326794896558e+00,4.992903050861540182e-01,0.000000000000000000e+00,3.880469032756295178e-03,0.000000000000000000e+00,-4.992903050861540182e-01,0.000000000000000000e+00,-3.885228547560126700e-03,0.000000000000000000e+00
4.374000000000000199e+01,2.100000000000000000e+01,1.000000000000000000e+01,1.129939118142816001e+00,-1.570796326794896558e+00,4.993674961786809252e-01,0.000000000000000000e+00,3.824087088132088752e-03,0.000000000000000000e+00,-4.993674961786809252e-01,0.000000000000000000e+00,-3.829029661200306599e-03,0.000000000000000000e+00
4.375999999999999801e+01,2.100000000000000000e+01,1.000000000000000000e+01,1.119951007634131690e+00,-1.570796326794896558e+00,4.994432685696792995e-01,0.000000000000000000e+00,3.738049705106050169e-03,0.000000000000000000e+00,-4.994432685696792995e-01,0.000000000000000000e+00,-3.743175336435625514e-03,0.000000000000000000e+00
4.378000000000000114e+01,2.100000000000000000e+01,1.000000000000000000e+01,1.109961400880439264e+00,-1.570796326794896558e+00,4.995170181668852072e-01,0.000000000000000000e+00,3.621258534105109561e-03,0.000000000000000000e+00,-4.995170181668852072e-01,0.000000000000000000e+00,-3.626567223695534130e-03,0.000000000000000000e+00
4.379999999999999716e+01,2.100000000000000000e+01,1.000000000000000000e+01,1.099970344561595148e+00,-1.570796326794896558e+00,4.995881189110434883e-01,0.000000000000000000e+00,3.472615225557973417e-03,0.000000000000000000e+00,-4.995881189110434883e-01,0.000000000000000000e+00,-3.478106973409481398e-03,0.000000000000000000e+00
4.382000000000000028e+01,2.100000000000000000e+01,1.000000000000000000e+01,1.089977898098311249e+00,-1.570796326794896558e+00,4.996559227759075350e-01,0.000000000000000000e+00,3.291021429891571870e-03,0.000000000000000000e+00,-4.996559227759075350e-01,0.000000000000000000e+00,-3.296696236006916268e-03,0.000000000000000000e+00
4.384000000000000341e+01,2.100000000000000000e+01,1.000000000000000000e+01,1.079984134091493964e+00,-1.570796326794896558e+00,4.997197597682391246e-01,0.000000000000000000e+00,3.075378797539940479e-03,0.000000000000000000e+00,-4.997197597682391246e-01,0.000000000000000000e+00,-3.081236661917289860e-03,0.000000000000000000e+00
4.385999999999999943e+01,2.100000000000000000e+01,1.000000000000000000e+01,1.069989138761585190e+00,-1.570796326794896558e+00,4.997789379278091415e-01,0.000000000000000000e+00,2.824588978933562089e-03,0.000000000000000000e+00,-4.997789379278091415e-01,0.000000000000000000e+00,-2.830629901570051125e-03,0.000000000000000000e+00
4.388000000000000256e+01,2.100000000000000000e+01,1.000000000000000000e+01,1.059993012387900002e+00,-1.570796326794896558e+00,4.998327433273964115e-01,0.000000000000000000e+00,2.537553624497590476e-03,0.000000000000000000e+00,-4.998327433273964115e-01,0.000000000000000000e+00,-2.543777605394649012e-03,0.000000000000000000e+00
4.389999999999999858e+01,2.100000000000000000e+01,1.000000000000000000e+01,1.049995869747968991e+00,-1.570796326794896558e+00,4.998804400727889785e-01,0.000000000000000000e+00,2.213174384660732130e-03,0.000000000000000000e+00,-4.998804400727889785e-01,0.000000000000000000e+00,-2.219581423820533340e-03,0.000000000000000000e+00
4.392000000000000171e+01,2.100000000000000000e+01,1.000000000000000000e+01,1.039997840556876385e+00,-1.570796326794896558e+00,4.999212703027828275e-01,0.000000000000000000e+00,1.850352909853469896e-03,0.000000000000000000e+00,-4.999212703027828275e-01,0.000000000000000000e+00,-1.856943007277158698e-03,0.000000000000000000e+00
4.393999999999999773e+01,2.100000000000000000e+01,1.000000000000000000e+01,1.029999069906600173e+00,-1.570796326794896558e+00,4.999544541891831062e-01,0.000000000000000000e+00,1.447990850508062977e-03,0.000000000000000000e+00,-4.999544541891831062e-01,0.000000000000000000e+00,-1.454764006193966230e-03,0.000000000000000000e+00
4.396000000000000085e+01,2.100000000000000000e+01,1.000000000000000000e+01,1.019999718705352665e+00,-1.570796326794896558e+00,4.999791899368031256e-01,0.000000000000000000e+00,1.004989857051441504e-03,0.000000000000000000e+00,-4.999791899368031256e-01,0.000000000000000000e+00,-1.011946071000408790e-03,0.000000000000000000e+00
4.397999999999999687e+01,2.100000000000000000e+01,1.000000000000000000e+01,1.009999964116919502e+00,-1.570796326794896558e+00,4.999946537834651927e-01,0.000000000000000000e+00,5.202515799176410383e-04,0.000000000000000000e+00,-4.999946537834651927e-01,0.000000000000000000e+00,-5.273908521259371715e-04,0.000000000000000000e+00
4.400000000000000000e+01,2.200000000000000000e+01,1.000000000000000000e+01,1.000000000000000000e+00,-1.570796326794896558e+00,4.999999999999998890e-01,0.000000000000000000e+00,1.336554133661849164e-04,0.000000000000000000e+00,-4.999999999999998890e-01,0.000000000000000000e+00,0.000000000000000000e+00,0.000000000000000000e+00
4.402000000000000313e+01,2.200000000000000000e+01,9.999999999999998224e+00,9.899999999999999911e-01,-1.570796326794896558e+00,4.999999999999998335e-01,0.000000000000000000e+00,0.000000000000000000e+00,0.000000000000000000e+00,-4.999999999999998335e-01,0.000000000000000000e+00,-1.632194379652673963e-17,0.000000000000000000e+00
4.403999999999999915e+01,2.200000000000000000e+01,1.000000000000000000e+01,9.799999999999999822e-01,-1.570796326794896558e+00,4.999999999999998890e-01,0.000000000000000000e+00,0.000000000000000000e+00,0.000000000000000000e+00,-4.999999999999998890e-01,0.000000000000000000e+00,-3.198774578550000882e-17,0.000000000000000000e+00
4.406000000000000227e+01,2.200000000000000000e+01,1.000000000000000000e+01,9.699999999999998623e-01,-1.570796326794896558e+00,4.999999999999998335e-01,0.000000000000000000e+00,0.000000000000000000e+00,0.000000000000000000e+00,-4.999999999999998335e-01,0.000000000000000000e+00,-4.700739797414143782e-17,0.000000000000000000e+00
4.407999999999999829e+01,2.200000000000000000e+01,9.999999999999996447e+00,9.599999999999997424e-01,-1.570796326794896558e+00,4.999999999999998335e-01,0.000000000000000000e+00,0.000000000000000000e+00,0.000000000000000000e+00,-4.999999999999998335e-01,0.000000000000000000e+00,-6.139089236967265684e-17,0.000000000000000000e+00
4.410000000000000142e+01,2.200000000000000000e+01,9.999999999999996447e+00,9.499999999999997335e-01,-1.570796326794896558e+00,4.999999999999998890e-01,0.000000000000000000e+00,-5.329070518200751394e-15,0.000000000000000000e+00,-4.999999999999998890e-01,0.000000000000000000e+00,-7.514822097931528382e-17,0.000000000000000000e+00
4.411999999999999744e+01,2.200000000000000000e+01,9.999999999999996447e+00,9.399999999999997247e-01,-1.570796326794896558e+00,4.999999999999996669e-01,0.000000000000000000e+00,-5.329070518200751394e-15,0.000000000000000000e+00,-4.999999999999996669e-01,0.000000000000000000e+00,-8.828937581029094283e-17,0.000000000000000000e+00
4.414000000000000057e+01,2.200000000000000000e+01,9.999999999999998224e+00,9.299999999999998268e-01,-1.570796326794896558e+00,4.999999999999996669e-01,0.000000000000000000e+00,7.105427357601001859e-15,0.000000000000000000e+00,-4.999999999999996669e-01,0.000000000000000000e+00,-1.008243488698212764e-16,0.000000000000000000e+00
4.415999999999999659e+01,2.200000000000000000e+01,1.000000000000000178e+01,9.200000000000002620e-01,-1.570796326794896558e+00,4.999999999999999445e-01,0.000000000000000000e+00,8.881784197001252323e-15,0.000000000000000000e+00,-4.999999999999999445e-01,0.000000000000000000e+00,-1.127631321651279148e-16,0.000000000000000000e+00
4.417999999999999972e+01,2.200000000000000000e+01,1.000000000000000355e+01,9.100000000000002531e-01,-1.570796326794896558e+00,5.000000000000000000e-01,0.000000000000000000e+00,-1.776356839400250465e-15,0.000000000000000000e+00,-5.000000000000000000e-01,0.000000000000000000e+00,-1.241157177034324514e-16,0.000000000000000000e+00
4.420000000000000284e+01,2.200000000000000000e+01,1.000000000000000178e+01,9.000000000000001332e-01,-1.570796326794896558e+00,4.999999999999998890e-01,0.000000000000000000e+00,-1.776356839400250465e-15,0.000000000000000000e+00,-4.999999999999998890e-01,0.000000000000000000e+00,-1.348920974919565285e-16,0.000000000000000000e+00
4.421999999999999886e+01,2.200000000000000000e+01,9.999999999999998224e+00,8.900000000000001243e-01,-1.570796326794896558e+00,4.999999999999999445e-01,0.000000000000000000e+00,0.000000000000000000e+00,0.000000000000000000e+00,-4.999999999999999445e-01,0.000000000000000000e+00,-1.451022635379217643e-16,0.000000000000000000e+00
4.424000000000000199e+01,2.200000000000000000e+01,1.000000000000000178e+01,8.800000000000000044e-01,-1.570796326794896558e+00,4.999999999999998890e-01,0.000000000000000000e+00,-1.776356839400250465e-15,0.000000000000000000e+00,-4.999999999999998890e-01,0.000000000000000000e+00,-1.547562078485498011e-16,0.000000000000000000e+00
4.425999999999999801e+01,2.200000000000000000e+01,1.000000000000000178e+01,8.699999999999999956e-01,-1.570796326794896558e+00,4.999999999999998335e-01,0.000000000000000000e+00,1.776356839400250465e-15,0.000000000000000000e+00,-4.999999999999998335e-01,0.000000000000000000e+00,-1.638639224310623064e-16,0.000000000000000000e+00
4.428000000000000114e+01,2.200000000000000000e+01,9.999999999999998224e+00,8.599999999999998757e-01,-1.570796326794896558e+00,4.999999999999999445e-01,0.000000000000000000e+00,0.000000000000000000e+00,0.000000000000000000e+00,-4.999999999999999445e-01,0.000000000000000000e+00,-1.724353992926808239e-16,0.000000000000000000e+00
4.429999999999999716e+01,2.200000000000000000e+01,9.999999999999996447e+00,8.499999999999999778e-01,-1.570796326794896558e+00,4.999999999999998335e-01,0.000000000000000000e+00,-1.776356839400250465e-15,0.000000000000000000e+00,-4.999999999999998335e-01,0.000000000000000000e+00,-1.804806304406269716e-16,0.000000000000000000e+00
4.432000000000000028e+01,2.200000000000000000e+01,1.000000000000000000e+01,8.399999999999998579e-01,-1.570796326794896558e+00,4.999999999999998890e-01,0.000000000000000000e+00,1.776356839400250465e-15,0.000000000000000000e+00,-4.999999999999998890e-01,0.000000000000000000e+00,-1.880096078821224661e-16,0.000000000000000000e+00
4.434000000000000341e+01,2.200000000000000000e+01,1.000000000000000000e+01,8.299999999999999600e-01,-1.570796326794896558e+00,4.999999999999999445e-01,0.000000000000000000e+00,7.105427357601001859e-15,0.000000000000000000e+00,-4.999999999999999445e-01,0.000000000000000000e+00,-1.950323236243889499e-16,0.000000000000000000e+00
4.435999999999999943e+01,2.200000000000000000e+01,1.000000000000000355e+01,8.200000000000002842e-01,-1.570796326794896558e+00,5.000000000000001110e-01,0.000000000000000000e+00,1.776356839400250465e-15,0.000000000000000000e+00,-5.000000000000001110e-01,0.000000000000000000e+00,-2.015587696746479423e-16,0.000000000000000000e+00
4.438000000000000256e+01,2.200000000000000000e+01,1.000000000000000355e+01,8.100000000000002753e-01,-1.570796326794896558e+00,5.000000000000000000e-01,0.000000000000000000e+00,0.000000000000000000e+00,0.000000000000000000e+00,-5.000000000000000000e-01,0.000000000000000000e+00,-2.075989380401211106e-16,0.000000000000000000e+00
4.439999999999999858e+01,2.200000000000000000e+01,1.000000000000000355e+01,8.000000000000002665e-01,-1.570796326794896558e+00,5.000000000000001110e-01,0.000000000000000000e+00,-3.552713678800500929e-15,0.000000000000000000e+00,-5.000000000000001110e-01,0.000000000000000000e+00,-2.131628207280301218e-16,0.000000000000000000e+00
4.442000000000000171e+01,2.200000000000000000e+01,1.000000000000000000e+01,7.900000000000001465e-01,-1.570796326794896558e+00,4.999999999999998890e-01,0.000000000000000000e+00,-3.552713678800500929e-15,0.000000000000000000e+00,-4.999999999999998890e-01,0.000000000000000000e+00,-2.182604097455964954e-16,0.000000000000000000e+00
4.443999999999999773e+01,2.200000000000000000e+01,1.000000000000000355e+01,7.800000000000002487e-01,-1.570796326794896558e+00,5.000000000000000000e-01,0.000000000000000000e+00,3.552713678800500929e-15,0.000000000000000000e+00,-5.000000000000000000e-01,0.000000000000000000e+00,-2.229016971000419233e-16,0.000000000000000000e+00
4.446000000000000085e+01,2.200000000000000000e+01,1.000000000000000000e+01,7.700000000000001288e-01,-1.570796326794896558e+00,5.000000000000000000e-01,0.000000000000000000e+00,-1.776356839400250465e-15,0.000000000000000000e+00,-5.000000000000000000e-01,0.000000000000000000e+00,-2.270966747985880726e-16,0.000000000000000000e+00
4.447999999999999687e+01,2.200000000000000000e+01,9.999999999999998224e+00,7.600000000000000089e-01,-1.570796326794896558e+00,4.999999999999999445e-01,0.000000000000000000e+00,-1.776356839400250465e-15,0.000000000000000000e+00,-4.999999999999999445e-01,0.000000000000000000e+00,-2.308553348484565858e-16,0.000000000000000000e+00
4.450000000000000000e+01,2.200000000000000000e+01,1.000000000000000000e+01,7.500000000000000000e-01,-1.570796326794896558e+00,4.999999999999999445e-01,0.000000000000000000e+00,0.000000000000000000e+00,0.000000000000000000e+00,-4.999999999999999445e-01,0.000000000000000000e+00,-2.341876692568689577e-16,0.000000000000000000e+00
4.452000000000000313e+01,2.200000000000000000e+01,9.999999999999998224e+00,7.399999999999998801e-01,-1.570796326794896558e+00,4.999999999999999445e-01,0.000000000000000000e+00,-1.776356839400250465e-15,0.000000000000000000e+00,-4.999999999999999445e-01,0.000000000000000000e+00,-2.371036700310468802e-16,0.000000000000000000e+00
4.453999999999999915e+01,2.200000000000000000e+01,1.000000000000000000e+01,7.299999999999999822e-01,-1.570796326794896558e+00,4.999999999999998890e-01,0.000000000000000000e+00,0.000000000000000000e+00,0.000000000000000000e+00,-4.999999999999998890e-01,0.000000000000000000e+00,-2.396133291782120943e-16,0.000000000000000000e+00
4.456000000000000227e+01,2.200000000000000000e+01,1.000000000000000178e+01,7.200000000000000844e-01,-1.570796326794896558e+00,4.999999999999999445e-01,0.000000000000000000e+00,0.000000000000000000e+00,0.000000000000000000e+00,-4.999999999999999445e-01,0.000000000000000000e+00,-2.417266387055860948e-16,0.000000000000000000e+00
4.457999999999999829e+01,2.200000000000000000e+01,9.999999999999998224e+00,7.099999999999998535e-01,-1.570796326794896558e+00,4.999999999999998890e-01,0.000000000000000000e+00,-1.776356839400250465e-15,0.000000000000000000e+00,-4.999999999999998890e-01,0.000000000000000000e+00,-2.434535906203905242e-16,0.000000000000000000e+00
4.460000000000000142e+01,2.200000000000000000e+01,9.999999999999998224e+00,6.999999999999997335e-01,-1.570796326794896558e+00,4.999999999999998890e-01,0.000000000000000000e+00,0.000000000000000000e+00,0.000000000000000000e+00,-4.999999999999998890e-01,0.000000000000000000e+00,-2.448041769298469757e-16,0.000000000000000000e+00
4.461999999999999744e+01,2.200000000000000000e+01,9.999999999999996447e+00,6.899999999999999467e-01,-1.570796326794896558e+00,4.999999999999998335e-01,0.000000000000000000e+00,0.000000000000000000e+00,0.000000000000000000e+00,-4.999999999999998335e-01,0.000000000000000000e+00,-2.457883896411771907e-16,0.000000000000000000e+00
4.464000000000000057e+01,2.200000000000000000e+01,9.999999999999998224e+00,6.799999999999998268e-01,-1.570796326794896558e+00,4.999999999999998890e-01,0.000000000000000000e+00,0.000000000000000000e+00,0.000000000000000000e+00,-4.999999999999998890e-01,0.000000000000000000e+00,-2.464162207616027129e-16,0.000000000000000000e+00
4.465999999999999659e+01,2.200000000000000000e+01,9.999999999999998224e+00,6.699999999999998179e-01,-1.570796326794896558e+00,4.999999999999998890e-01,0.000000000000000000e+00,1.776356839400250465e-15,0.000000000000000000e+00,-4.999999999999998890e-01,0.000000000000000000e+00,-2.466976622983451849e-16,0.000000000000000000e+00
4.467999999999999972e+01,2.200000000000000000e+01,9.999999999999996447e+00,6.599999999999999201e-01,-1.570796326794896558e+00,4.999999999999999445e-01,0.000000000000000000e+00,0.000000000000000000e+00,0.000000000000000000e+00,-4.999999999999999445e-01,0.000000000000000000e+00,-2.466427062586262001e-16,0.000000000000000000e+00
4.470000000000000284e+01,2.200000000000000000e+01,9.999999999999996447e+00,6.499999999999998002e-01,-1.570796326794896558e+00,4.999999999999998890e-01,0.000000000000000000e+00,1.776356839400250465e-15,0.000000000000000000e+00,-4.999999999999998890e-01,0.000000000000000000e+00,-2.462613446496674996e-16,0.000000000000000000e+00
4.471999999999999886e+01,2.200000000000000000e+01,1.000000000000000000e+01,6.400000000000001243e-01,-1.570796326794896558e+00,5.000000000000000000e-01,0.000000000000000000e+00,3.552713678800500929e-15,0.000000000000000000e+00,-5.000000000000000000e-01,0.000000000000000000e+00,-2.455635694786906274e-16,0.000000000000000000e+00
4.474000000000000199e+01,2.200000000000000000e+01,9.999999999999998224e+00,6.300000000000000044e-01,-1.570796326794896558e+00,5.000000000000000000e-01,0.000000000000000000e+00,-1.776356839400250465e-15,0.000000000000000000e+00,-5.000000000000000000e-01,0.000000000000000000e+00,-2.445593727529171766e-16,0.000000000000000000e+00
4.475999999999999801e+01,2.200000000000000000e+01,1.000000000000000000e+01,6.199999999999999956e-01,-1.570796326794896558e+00,4.999999999999999445e-01,0.000000000000000000e+00,0.000000000000000000e+00,0.000000000000000000e+00,-4.999999999999999445e-01,0.000000000000000000e+00,-2.432587464795687900e-16,0.000000000000000000e+00
4.478000000000000114e+01,2.200000000000000000e+01,1.000000000000000000e+01,6.099999999999998757e-01,-1.570796326794896558e+00,5.000000000000000000e-01,0.000000000000000000e+00,1.776356839400250465e-15,0.000000000000000000e+00,-5.000000000000000000e-01,0.000000000000000000e+00,-2.416716826658671100e-16,0.000000000000000000e+00
4.479999999999999716e+01,2.200000000000000000e+01,1.000000000000000000e+01,6.000000000000000888e-01,-1.570796326794896558e+00,5.000000000000000000e-01,0.000000000000000000e+00,-3.552713678800500929e-15,0.000000000000000000e+00,-5.000000000000000000e-01,0.000000000000000000e+00,-2.398081733190338285e-16,0.000000000000000000e+00
4.482000000000000028e+01,2.200000000000000000e+01,1.000000000000000000e+01,5.899999999999999689e-01,-1.570796326794896558e+00,4.999999999999998890e-01,0.000000000000000000e+00,3.552713678800500929e-15,0.000000000000000000e+00,-4.999999999999998890e-01,0.000000000000000000e+00,-2.376782104462904402e-16,0.000000000000000000e+00
4.484000000000000341e+01,2.200000000000000000e+01,1.000000000000000178e+01,5.800000000000001821e-01,-1.570796326794896558e+00,5.000000000000001110e-01,0.000000000000000000e+00,7.105427357601001859e-15,0.000000000000000000e+00,-5.000000000000001110e-01,0.000000000000000000e+00,-2.352917860548587355e-16,0.000000000000000000e+00
4.485999999999999943e+01,2.200000000000000000e+01,1.000000000000000355e+01,5.700000000000001732e-01,-1.570796326794896558e+00,5.000000000000001110e-01,0.000000000000000000e+00,0.000000000000000000e+00,0.000000000000000000e+00,-5.000000000000001110e-01,0.000000000000000000e+00,-2.326588921519601598e-16,0.000000000000000000e+00
4.488000000000000256e+01,2.200000000000000000e+01,1.000000000000000355e+01,5.600000000000001643e-01,-1.570796326794896558e+00,5.000000000000001110e-01,0.000000000000000000e+00,1.776356839400250465e-15,0.000000000000000000e+00,-5.000000000000001110e-01,0.000000000000000000e+00,-2.297895207448164050e-16,0.000000000000000000e+00
4.489999999999999858e+01,2.200000000000000000e+01,1.000000000000000355e+01,5.500000000000002665e-01,-1.570796326794896558e+00,5.000000000000002220e-01,0.000000000000000000e+00,0.000000000000000000e+00,0.000000000000000000e+00,-5.000000000000002220e-01,0.000000000000000000e+00,-2.266936638406492122e-16,0.000000000000000000e+00
4.492000000000000171e+01,2.200000000000000000e+01,1.000000000000000178e+01,5.400000000000001465e-01,-1.570796326794896558e+00,5.000000000000001110e-01,0.000000000000000000e+00,-1.776356839400250465e-15,0.000000000000000000e+00,-5.000000000000001110e-01,0.000000000000000000e+00,-2.233813134466800268e-16,0.000000000000000000e+00
4.493999999999999773e+01,2.200000000000000000e+01,1.000000000000000355e+01,5.300000000000002487e-01,-1.570796326794896558e+00,5.000000000000001110e-01,0.000000000000000000e+00,-3.552713678800500929e-15,0.000000000000000000e+00,-5.000000000000001110e-01,0.000000000000000000e+00,-2.198624615701305900e-16,0.000000000000000000e+00
4.496000000000000085e+01,2.200000000000000000e+01,9.999999999999998224e+00,5.200000000000000178e-01,-1.570796326794896558e+00,5.000000000000000000e-01,0.000000000000000000e+00,-5.329070518200751394e-15,0.000000000000000000e+00,-5.000000000000000000e-01,0.000000000000000000e+00,-2.161471002182224950e-16,0.000000000000000000e+00
4.497999999999999687e+01,2.200000000000000000e+01,1.000000000000000000e+01,5.100000000000001199e-01,-1.570796326794896558e+00,4.999999999999999445e-01,0.000000000000000000e+00,0.000000000000000000e+00,0.000000000000000000e+00,-4.999999999999999445e-01,0.000000000000000000e+00,-2.122452213981773597e-16,0.000000000000000000e+00
4.500000000000000000e+01,2.200000000000000000e+01,1.000000000000000000e+01,5.000000000000000000e-01,-1.570796326794896558e+00,5.000000000000000000e-01,0.000000000000000000e+00,0.000000000000000000e+00,0.000000000000000000e+00,-5.000000000000000000e-01,0.000000000000000000e+00,-2.081668171172168513e-16,0.000000000000000000e+00
4.502000000000000313e+01,2.200000000000000000e+01,9.999999999999998224e+00,4.900000000000000466e-01,-1.570796326794896558e+00,4.999999999999999445e-01,0.000000000000000000e+00,3.552713678800500929e-15,0.000000000000000000e+00,-4.999999999999999445e-01,0.000000000000000000e+00,-2.039218793825625632e-16,0.000000000000000000e+00
4.503999999999999915e+01,2.200000000000000000e+01,9.999999999999998224e+00,4.799999999999999822e-01,-1.570796326794896558e+00,5.000000000000001110e-01,0.000000000000000000e+00,5.329070518200751394e-15,0.000000000000000000e+00,-5.000000000000001110e-01,0.000000000000000000e+00,-1.995204002014361378e-16,0.000000000000000000e+00
4.506000000000000227e+01,2.200000000000000000e+01,1.000000000000000000e+01,4.699999999999999734e-01,-1.570796326794896558e+00,5.000000000000001110e-01,0.000000000000000000e+00,0.000000000000000000e+00,0.000000000000000000e+00,-5.000000000000001110e-01,0.000000000000000000e+00,-1.949723715810591931e-16,0.000000000000000000e+00
4.507999999999999829e+01,2.200000000000000000e+01,1.000000000000000000e+01,4.600000000000000200e-01,-1.570796326794896558e+00,5.000000000000001110e-01,0.000000000000000000e+00,0.000000000000000000e+00,0.000000000000000000e+00,-5.000000000000001110e-01,0.000000000000000000e+00,-1.902877855286532978e-16,0.000000000000000000e+00
4.510000000000000142e+01,2.200000000000000000e+01,1.000000000000000000e+01,4.500000000000000111e-01,-1.570796326794896558e+00,5.000000000000001110e-01,0.000000000000000000e+00,-5.329070518200751394e-15,0.000000000000000000e+00,-5.000000000000001110e-01,0.000000000000000000e+00,-1.854766340514402175e-16,0.000000000000000000e+00
4.511999999999999744e+01,2.200000000000000000e+01,1.000000000000000178e+01,4.400000000000000022e-01,-1.570796326794896558e+00,4.999999999999999445e-01,0.000000000000000000e+00,0.000000000000000000e+00,0.000000000000000000e+00,-4.999999999999999445e-01,0.000000000000000000e+00,-1.805489091566414470e-16,0.000000000000000000e+00
4.514000000000000057e+01,2.200000000000000000e+01,1.000000000000000000e+01,4.299999999999999933e-01,-1.570796326794896558e+00,5.000000000000001110e-01,0.000000000000000000e+00,1.776356839400250465e-15,0.000000000000000000e+00,-5.000000000000001110e-01,0.000000000000000000e+00,-1.755146028514786535e-16,0.000000000000000000e+00
4.515999999999999659e+01,2.200000000000000000e+01,1.000000000000000000e+01,4.200000000000000400e-01,-1.570796326794896558e+00,5.000000000000000000e-01,0.000000000000000000e+00,-3.552713678800500929e-15,0.000000000000000000e+00,-5.000000000000000000e-01,0.000000000000000000e+00,-1.703837071431735535e-16,0.000000000000000000e+00
4.517999999999999972e+01,2.200000000000000000e+01,1.000000000000000000e+01,4.100000000000000866e-01,-1.570796326794896558e+00,5.000000000000000000e-01,0.000000000000000000e+00,3.552713678800500929e-15,0.000000000000000000e+00,-5.000000000000000000e-01,0.000000000000000000e+00,-1.651662140389476417e-16,0.000000000000000000e+00
4.520000000000000284e+01,2.200000000000000000e+01,1.000000000000000000e+01,4.000000000000000777e-01,-1.570796326794896558e+00,5.000000000000001110e-01,0.000000000000000000e+00,0.000000000000000000e+00,0.000000000000000000e+00,-5.000000000000001110e-01,0.000000000000000000e+00,-1.598721155460225606e-16,0.000000000000000000e+00
4.521999999999999886e+01,2.200000000000000000e+01,9.999999999999998224e+00,3.900000000000000688e-01,-1.570796326794896558e+00,5.000000000000000000e-01,0.000000000000000000e+00,0.000000000000000000e+00,0.000000000000000000e+00,-5.000000000000000000e-01,0.000000000000000000e+00,-1.545114036716199774e-16,0.000000000000000000e+00
4.524000000000000199e+01,2.200000000000000000e+01,1.000000000000000000e+01,3.800000000000000600e-01,-1.570796326794896558e+00,5.000000000000001110e-01,0.000000000000000000e+00,0.000000000000000000e+00,0.000000000000000000e+00,-5.000000000000001110e-01,0.000000000000000000e+00,-1.490940704229615101e-16,0.000000000000000000e+00
4.525999999999999801e+01,2.200000000000000000e+01,1.000000000000000000e+01,3.700000000000000511e-01,-1.570796326794896558e+00,5.000000000000000000e-01,0.000000000000000000e+00,-3.552713678800500929e-15,0.000000000000000000e+00,-5.000000000000000000e-01,0.000000000000000000e+00,-1.436301078072688259e-16,0.000000000000000000e+00
4.528000000000000114e+01,2.200000000000000000e+01,1.000000000000000000e+01,3.599999999999999867e-01,-1.570796326794896558e+00,5.000000000000000000e-01,0.000000000000000000e+00,3.552713678800500929e-15,0.000000000000000000e+00,-5.000000000000000000e-01,0.000000000000000000e+00,-1.381295078317634687e-16,0.000000000000000000e+00
4.529999999999999716e+01,2.200000000000000000e+01,1.000000000000000000e+01,3.500000000000000333e-01,-1.570796326794896558e+00,5.000000000000001110e-01,0.000000000000000000e+00,0.000000000000000000e+00,0.000000000000000000e+00,-5.000000000000001110e-01,0.000000000000000000e+00,-1.326022625036671304e-16,0.000000000000000000e+00
4.532000000000000028e+01,2.200000000000000000e+01,1.000000000000000000e+01,3.399999999999999689e-01,-1.570796326794896558e+00,5.000000000000000000e-01,0.000000000000000000e+00,0.000000000000000000e+00,0.000000000000000000e+00,-5.000000000000000000e-01,0.000000000000000000e+00,-1.270583638302014042e-16,0.000000000000000000e+00
4.534000000000000341e+01,2.200000000000000000e+01,1.000000000000000000e+01,3.300000000000000155e-01,-1.570796326794896558e+00,5.000000000000001110e-01,0.000000000000000000e+00,0.000000000000000000e+00,0.000000000000000000e+00,-5.000000000000001110e-01,0.000000000000000000e+00,-1.215078038185879081e-16,0.000000000000000000e+00
4.535999999999999943e+01,2.200000000000000000e+01,1.000000000000000000e+01,3.200000000000000067e-01,-1.570796326794896558e+00,5.000000000000000000e-01,0.000000000000000000e+00,0.000000000000000000e+00,0.000000000000000000e+00,-5.000000000000000000e-01,0.000000000000000000e+00,-1.159605744760483340e-16,0.000000000000000000e+00
4.538000000000000256e+01,2.200000000000000000e+01,1.000000000000000000e+01,3.099999999999999978e-01,-1.570796326794896558e+00,5.000000000000001110e-01,0.000000000000000000e+00,0.000000000000000000e+00,0.000000000000000000e+00,-5.000000000000001110e-01,0.000000000000000000e+00,-1.104266678098042258e-16,0.000000000000000000e+00
4.539999999999999858e+01,2.200000000000000000e+01,1.000000000000000000e+01,2.999999999999999334e-01,-1.570796326794896558e+00,5.000000000000000000e-01,0.000000000000000000e+00,0.000000000000000000e+00,0.000000000000000000e+00,-5.000000000000000000e-01,0.000000000000000000e+00,-1.049160758270772507e-16,0.000000000000000000e+00
4.542000000000000171e+01,2.200000000000000000e+01,1.000000000000000178e+01,2.900000000000000355e-01,-1.570796326794896558e+00,5.000000000000001110e-01,0.000000000000000000e+00,0.000000000000000000e+00,0.000000000000000000e+00,-5.000000000000001110e-01,0.000000000000000000e+00,-9.943879053508910054e-17,0.000000000000000000e+00
4.543999999999999773e+01,2.200000000000000000e+01,1.000000000000000000e+01,2.800000000000000266e-01,-1.570796326794896558e+00,5.000000000000000000e-01,0.000000000000000000e+00,-3.552713678800500929e-15,0.000000000000000000e+00,-5.000000000000000000e-01,0.000000000000000000e+00,-9.400480394106124539e-17,0.000000000000000000e+00
4.546000000000000085e+01,2.200000000000000000e+01,1.000000000000000000e+01,2.700000000000000178e-01,-1.570796326794896558e+00,5.000000000000000000e-01,0.000000000000000000e+00,0.000000000000000000e+00,0.000000000000000000e+00,-5.000000000000000000e-01,0.000000000000000000e+00,-8.862410805221542640e-17,0.000000000000000000e+00
4.547999999999999687e+01,2.200000000000000000e+01,1.000000000000000000e+01,2.600000000000000089e-01,-1.570796326794896558e+00,5.000000000000000000e-01,0.000000000000000000e+00,3.552713678800500929e-15,0.000000000000000000e+00,-5.000000000000000000e-01,0.000000000000000000e+00,-8.330669487577324916e-17,0.000000000000000000e+00
4.550000000000000000e+01,2.200000000000000000e+01,1.000000000000000000e+01,2.500000000000000555e-01,-1.570796326794896558e+00,5.000000000000001110e-01,0.000000000000000000e+00,3.552713678800500929e-15,0.000000000000000000e+00,-5.000000000000001110e-01,0.000000000000000000e+00,-7.806255641895631925e-17,0.000000000000000000e+00
4.552000000000000313e+01,2.200000000000000000e+01,1.000000000000000000e+01,2.399999999999999911e-01,-1.570796326794896558e+00,5.000000000000001110e-01,0.000000000000000000e+00,-3.552713678800500929e-15,0.000000000000000000e+00,-5.000000000000001110e-01,0.000000000000000000e+00,-7.290168468898627923e-17,0.000000000000000000e+00
4.553999999999999915e+01,2.200000000000000000e+01,1.000000000000000000e+01,2.300000000000000100e-01,-1.570796326794896558e+00,5.000000000000000000e-01,0.000000000000000000e+00,-3.552713678800500929e-15,0.000000000000000000e+00,-5.000000000000000000e-01,0.000000000000000000e+00,-6.783407169308473470e-17,0.000000000000000000e+00
4.556000000000000227e+01,2.200000000000000000e+01,1.000000000000000000e+01,2.200000000000000011e-01,-1.570796326794896558e+00,5.000000000000000000e-01,0.000000000000000000e+00,0.000000000000000000e+00,0.000000000000000000e+00,-5.000000000000000000e-01,0.000000000000000000e+00,-6.286970943847335286e-17,0.000000000000000000e+00
4.557999999999999829e+01,2.200000000000000000e+01,1.000000000000000000e+01,2.099999999999999645e-01,-1.570796326794896558e+00,5.000000000000000000e-01,0.000000000000000000e+00,0.000000000000000000e+00,0.000000000000000000e+00,-5.000000000000000000e-01,0.000000000000000000e+00,-5.801858993237373932e-17,0.000000000000000000e+00
4.560000000000000142e+01,2.200000000000000000e+01,1.000000000000000000e+01,1.999999999999999833e-01,-1.570796326794896558e+00,5.000000000000000000e-01,0.000000000000000000e+00,0.000000000000000000e+00,0.000000000000000000e+00,-5.000000000000000000e-01,0.000000000000000000e+00,-5.329070518200749348e-17,0.000000000000000000e+00
4.561999999999999744e+01,2.200000000000000000e+01,9.999999999999998224e+00,1.899999999999999467e-01,-1.570796326794896558e+00,5.000000000000000000e-01,0.000000000000000000e+00,0.000000000000000000e+00,0.000000000000000000e+00,-5.000000000000000000e-01,0.000000000000000000e+00,-4.869604719459627641e-17,0.000000000000000000e+00
4.564000000000000057e+01,2.200000000000000000e+01,1.000000000000000000e+01,1.799999999999999378e-01,-1.570796326794896558e+00,5.000000000000000000e-01,0.000000000000000000e+00,0.000000000000000000e+00,0.000000000000000000e+00,-5.000000000000000000e-01,0.000000000000000000e+00,-4.424460797736170601e-17,0.000000000000000000e+00
4.565999999999999659e+01,2.200000000000000000e+01,1.000000000000000000e+01,1.699999999999999289e-01,-1.570796326794896558e+00,5.000000000000000000e-01,0.000000000000000000e+00,0.000000000000000000e+00,0.000000000000000000e+00,-5.000000000000000000e-01,0.000000000000000000e+00,-3.994637953752541253e-17,0.000000000000000000e+00
4.567999999999999972e+01,2.200000000000000000e+01,1.000000000000000000e+01,1.600000000000000588e-01,-1.570796326794896558e+00,5.000000000000000000e-01,0.000000000000000000e+00,-1.776356839400250465e-15,0.000000000000000000e+00,-5.000000000000000000e-01,0.000000000000000000e+00,-3.581135388230906318e-17,0.000000000000000000e+00
4.570000000000000284e+01,2.200000000000000000e+01,1.000000000000000000e+01,1.500000000000000222e-01,-1.570796326794896558e+00,4.999999999999999445e-01,0.000000000000000000e+00,0.000000000000000000e+00,0.000000000000000000e+00,-4.999999999999999445e-01,0.000000000000000000e+00,-3.184952301893418959e-17,0.000000000000000000e+00
4.571999999999999886e+01,2.200000000000000000e+01,1.000000000000000000e+01,1.400000000000000133e-01,-1.570796326794896558e+00,5.000000000000000000e-01,0.000000000000000000e+00,1.776356839400250465e-15,0.000000000000000000e+00,-5.000000000000000000e-01,0.000000000000000000e+00,-2.807087895462245899e-17,0.000000000000000000e+00
4.574000000000000199e+01,2.200000000000000000e+01,1.000000000000000000e+01,1.300000000000000044e-01,-1.570796326794896558e+00,5.000000000000000000e-01,0.000000000000000000e+00,0.000000000000000000e+00,0.000000000000000000e+00,-5.000000000000000000e-01,0.000000000000000000e+00,-2.448541369659552009e-17,0.000000000000000000e+00
4.575999999999999801e+01,2.200000000000000000e+01,1.000000000000000000e+01,1.199999999999999956e-01,-1.570796326794896558e+00,5.000000000000000000e-01,0.000000000000000000e+00,0.000000000000000000e+00,0.000000000000000000e+00,-5.000000000000000000e-01,0.000000000000000000e+00,-2.110311925207497541e-17,0.000000000000000000e+00
4.578000000000000114e+01,2.200000000000000000e+01,1.000000000000000000e+01,1.100000000000000006e-01,-1.570796326794896558e+00,5.000000000000000000e-01,0.000000000000000000e+00,0.000000000000000000e+00,0.000000000000000000e+00,-5.000000000000000000e-01,0.000000000000000000e+00,-1.793398762828246442e-17,0.000000000000000000e+00
4.579999999999999716e+01,2.200000000000000000e+01,1.000000000000000000e+01,9.999999999999997780e-02,-1.570796326794896558e+00,5.000000000000000000e-01,0.000000000000000000e+00,0.000000000000000000e+00,0.000000000000000000e+00,-5.000000000000000000e-01,0.000000000000000000e+00,-1.498801083243960504e-17,0.000000000000000000e+00
4.582000000000000028e+01,2.200000000000000000e+01,1.000000000000000000e+01,8.999999999999996891e-02,-1.570796326794896558e+00,5.000000000000000000e-01,0.000000000000000000e+00,0.000000000000000000e+00,0.000000000000000000e+00,-5.000000000000000000e-01,0.000000000000000000e+00,-1.227518087176803367e-17,0.000000000000000000e+00
4.584000000000000341e+01,2.200000000000000000e+01,1.000000000000000000e+01,7.999999999999996003e-02,-1.570796326794896558e+00,5.000000000000000000e-01,0.000000000000000000e+00,0.000000000000000000e+00,0.000000000000000000e+00,-5.000000000000000000e-01,0.000000000000000000e+00,-9.805489753489372847e-18,0.000000000000000000e+00
4.585999999999999943e+01,2.200000000000000000e+01,1.000000000000000000e+01,6.999999999999996503e-02,-1.570796326794896558e+00,5.000000000000000000e-01,0.000000000000000000e+00,0.000000000000000000e+00,0.000000000000000000e+00,-5.000000000000000000e-01,0.000000000000000000e+00,-7.588929484825248187e-18,0.000000000000000000e+00
4.588000000000000256e+01,2.200000000000000000e+01,1.000000000000000000e+01,5.999999999999994227e-02,-1.570796326794896558e+00,5.000000000000000000e-01,0.000000000000000000e+00,0.000000000000000000e+00,0.000000000000000000e+00,-5.000000000000000000e-01,0.000000000000000000e+00,-5.635492072997284536e-18,0.000000000000000000e+00
4.589999999999999858e+01,2.200000000000000000e+01,1.000000000000000000e+01,4.999999999999993339e-02,-1.570796326794896558e+00,5.000000000000000000e-01,0.000000000000000000e+00,0.000000000000000000e+00,0.000000000000000000e+00,-5.000000000000000000e-01,0.000000000000000000e+00,-3.955169525227109821e-18,0.000000000000000000e+00
4.592000000000000171e+01,2.200000000000000000e+01,1.000000000000000000e+01,4.000000000000004247e-02,-1.570796326794896558e+00,5.000000000000000000e-01,0.000000000000000000e+00,0.000000000000000000e+00,0.000000000000000000e+00,-5.000000000000000000e-01,0.000000000000000000e+00,-2.557953848736365452e-18,0.000000000000000000e+00
4.593999999999999773e+01,2.200000000000000000e+01,1.000000000000000000e+01,3.000000000000003011e-02,-1.570796326794896558e+00,5.000000000000000000e-01,0.000000000000000000e+00,0.000000000000000000e+00,0.000000000000000000e+00,-5.000000000000000000e-01,0.000000000000000000e+00,-1.453837050746645075e-18,0.000000000000000000e+00
4.596000000000000085e+01,2.200000000000000000e+01,1.000000000000000000e+01,2.000000000000001776e-02,-1.570796326794896558e+00,5.000000000000000000e-01,0.000000000000000000e+00,0.000000000000000000e+00,0.000000000000000000e+00,-5.000000000000000000e-01,0.000000000000000000e+00,-6.528111384795931802e-19,0.000000000000000000e+00
4.597999999999999687e+01,2.200000000000000000e+01,1.000000000000000000e+01,1.000000000000000888e-02,-1.570796326794896558e+00,5.000000000000000000e-01,0.000000000000000000e+00,0.000000000000000000e+00,0.000000000000000000e+00,-5.000000000000000000e-01,0.000000000000000000e+00,-1.648681191568360583e-19,0.000000000000000000e+00
4.600000000000000000e+01,2.300000000000000000e+01,1.000000000000000000e+01,0.000000000000000000e+00,-1.570796326794896558e+00,5.000000000000000000e-01,0.000000000000000000e+00,5.386222877135082854e-05,0.000000000000000000e+00,-5.000000000000000000e-01,0.000000000000000000e+00,0.000000000000000000e+00,0.000000000000000000e+00
4.602000000000000313e+01,2.300000000000000000e+01,9.999999999999998224e+00,-1.000001446063904578e-02,-1.570796326794896558e+00,5.000021544891508629e-01,0.000000000000000000e+00,2.096578725190312298e-04,0.000000000000000000e+00,-5.000021544891508629e-01,0.000000000000000000e+00,-2.125349509927875109e-04,0.000000000000000000e+00
4.603999999999999915e+01,2.300000000000000000e+01,1.000000000000000000e+01,-2.000011335984279090e-02,-1.570796326794896558e+00,5.000083863149007435e-01,0.000000000000000000e+00,4.050041238983226322e-04,0.000000000000000000e+00,-5.000083863149007435e-01,0.000000000000000000e+00,-4.078074311309021855e-04,0.000000000000000000e+00
4.606000000000000227e+01,2.300000000000000000e+01,1.000000000000000000e+01,-3.000037482135754774e-02,-1.570796326794896558e+00,5.000183546541068225e-01,0.000000000000000000e+00,5.835305318786510043e-04,0.000000000000000000e+00,-5.000183546541068225e-01,0.000000000000000000e+00,-5.862600678721562606e-04,0.000000000000000000e+00
4.607999999999999829e+01,2.300000000000000000e+01,9.999999999999996447e+00,-4.000087024099224786e-02,-1.570796326794896558e+00,5.000317275361758629e-01,0.000000000000000000e+00,7.456797239253631915e-04,0.000000000000000000e+00,-5.000317275361758629e-01,0.000000000000000000e+00,-7.483354886743617557e-04,0.000000000000000000e+00
4.610000000000000142e+01,2.300000000000000000e+01,9.999999999999996447e+00,-5.000166446366948597e-02,-1.570796326794896558e+00,5.000481818430638770e-01,0.000000000000000000e+00,8.918943274931478982e-04,0.000000000000000000e+00,-5.000481818430638770e-01,0.000000000000000000e+00,-8.944763209953308534e-04,0.000000000000000000e+00
4.611999999999999744e+01,2.300000000000000000e+01,9.999999999999996447e+00,-6.000281596047640081e-02,-1.570796326794896558e+00,5.000674033092755710e-01,0.000000000000000000e+00,1.022616970033141115e-03,0.000000000000000000e+00,-5.000674033092755710e-01,0.000000000000000000e+00,-1.025125192292875628e-03,0.000000000000000000e+00
4.614000000000000057e+01,2.300000000000000000e+01,9.999999999999998224e+00,-7.000437700571578159e-02,-1.570796326794896558e+00,5.000890865218651227e-01,0.000000000000000000e+00,1.138290279008913330e-03,0.000000000000000000e+00,-5.000890865218651227e-01,0.000000000000000000e+00,-1.140724730024808261e-03,0.000000000000000000e+00
4.615999999999999659e+01,2.300000000000000000e+01,1.000000000000000178e+01,-8.000639385395699743e-02,-1.570796326794896558e+00,5.001129349204359587e-01,0.000000000000000000e+00,1.239356881880482320e-03,0.000000000000000000e+00,-5.001129349204359587e-01,0.000000000000000000e+00,-1.241717561648941152e-03,0.000000000000000000e+00
4.617999999999999972e+01,2.300000000000000000e+01,1.000000000000000355e+01,-9.000890691708690605e-02,-1.570796326794896558e+00,5.001386607971403109e-01,0.000000000000000000e+00,1.326259406090102289e-03,0.000000000000000000e+00,-5.001386607971403109e-01,0.000000000000000000e+00,-1.328546314623085941e-03,0.000000000000000000e+00
4.620000000000000284e+01,2.300000000000000000e+01,1.000000000000000178e+01,-1.000119509413609359e-01,-1.570796326794896558e+00,5.001659852966795494e-01,0.000000000000000000e+00,1.399440479112001867e-03,0.000000000000000000e+00,-5.001659852966795494e-01,0.000000000000000000e+00,-1.401653616405054269e-03,0.000000000000000000e+00
4.621999999999999886e+01,2.300000000000000000e+01,9.999999999999998224e+00,-1.100155551844540780e-01,-1.570796326794896558e+00,5.001946384163048487e-01,0.000000000000000000e+00,1.459342728406198830e-03,0.000000000000000000e+00,-5.001946384163048487e-01,0.000000000000000000e+00,-1.461482094452659511e-03,0.000000000000000000e+00
4.624000000000000199e+01,2.300000000000000000e+01,1.000000000000000178e+01,-1.200197435925118017e-01,-1.570796326794896558e+00,5.002243590058157441e-01,0.000000000000000000e+00,1.506408781418500098e-03,0.000000000000000000e+00,-5.002243590058157441e-01,0.000000000000000000e+00,-1.508474376223712873e-03,0.000000000000000000e+00
4.625999999999999801e+01,2.300000000000000000e+01,1.000000000000000178e+01,-1.300245349772010117e-01,-1.570796326794896558e+00,5.002548947675615754e-01,0.000000000000000000e+00,1.541081265619581586e-03,0.000000000000000000e+00,-5.002548947675615754e-01,0.000000000000000000e+00,-1.543073089176027514e-03,0.000000000000000000e+00
4.628000000000000114e+01,2.300000000000000000e+01,9.999999999999998224e+00,-1.400299431927612692e-01,-1.570796326794896558e+00,5.002860022564404874e-01,0.000000000000000000e+00,1.563802808451697501e-03,0.000000000000000000e+00,-5.002860022564404874e-01,0.000000000000000000e+00,-1.565720860767414206e-03,0.000000000000000000e+00
4.629999999999999716e+01,2.300000000000000000e+01,9.999999999999996447e+00,-1.500359773130552909e-01,-1.570796326794896558e+00,5.003174468798996521e-01,0.000000000000000000e+00,1.575016037376641975e-03,0.000000000000000000e+00,-5.003174468798996521e-01,0.000000000000000000e+00,-1.576860318455685240e-03,0.000000000000000000e+00
4.632000000000000028e+01,2.300000000000000000e+01,1.000000000000000000e+01,-1.600426418086204894e-01,-1.570796326794896558e+00,5.003490028979356019e-01,0.000000000000000000e+00,1.575163579868643637e-03,0.000000000000000000e+00,-5.003490028979356019e-01,0.000000000000000000e+00,-1.576934089698653558e-03,0.000000000000000000e+00
4.634000000000000341e+01,2.300000000000000000e+01,1.000000000000000000e+01,-1.700499367237196802e-01,-1.570796326794896558e+00,5.003804534230944512e-01,0.000000000000000000e+00,1.564688063373509408e-03,0.000000000000000000e+00,-5.003804534230944512e-01,0.000000000000000000e+00,-1.566384801954131233e-03,0.000000000000000000e+00
4.635999999999999943e+01,2.300000000000000000e+01,1.000000000000000355e+01,-1.800578578533919005e-01,-1.570796326794896558e+00,5.004115904204705645e-01,0.000000000000000000e+00,1.544032115333493493e-03,0.000000000000000000e+00,-5.004115904204705645e-01,0.000000000000000000e+00,-1.545655082679930773e-03,0.000000000000000000e+00
4.638000000000000256e+01,2.300000000000000000e+01,1.000000000000000355e+01,-1.900663969205036719e-01,-1.570796326794896558e+00,5.004422147077077776e-01,0.000000000000000000e+00,1.513638363229929951e-03,0.000000000000000000e+00,-5.004422147077077776e-01,0.000000000000000000e+00,-1.515187559333862517e-03,0.000000000000000000e+00
4.639999999999999858e+01,2.300000000000000000e+01,1.000000000000000355e+01,-2.000755417528000124e-01,-1.570796326794896558e+00,5.004721359549997306e-01,0.000000000000000000e+00,1.473949434513954770e-03,0.000000000000000000e+00,-5.004721359549997306e-01,0.000000000000000000e+00,-1.475424859373739841e-03,0.000000000000000000e+00
4.642000000000000171e+01,2.300000000000000000e+01,1.000000000000000000e+01,-2.100852764599550615e-01,-1.570796326794896558e+00,5.005011726850883136e-01,0.000000000000000000e+00,1.425407956640256657e-03,0.000000000000000000e+00,-5.005011726850883136e-01,0.000000000000000000e+00,-1.426809610257375252e-03,0.000000000000000000e+00
4.643999999999999773e+01,2.300000000000000000e+01,1.000000000000000355e+01,-2.200955816106235363e-01,-1.570796326794896558e+00,5.005291522732653320e-01,0.000000000000000000e+00,1.368456557068853385e-03,0.000000000000000000e+00,-5.005291522732653320e-01,0.000000000000000000e+00,-1.369784439442578872e-03,0.000000000000000000e+00
4.646000000000000085e+01,2.300000000000000000e+01,1.000000000000000000e+01,-2.301064344094913006e-01,-1.570796326794896558e+00,5.005559109473710633e-01,0.000000000000000000e+00,1.303537863252657303e-03,0.000000000000000000e+00,-5.005559109473710633e-01,0.000000000000000000e+00,-1.304791974387165161e-03,0.000000000000000000e+00
4.647999999999999687e+01,2.300000000000000000e+01,9.999999999999998224e+00,-2.401178088743265715e-01,-1.570796326794896558e+00,5.005812937877954782e-01,0.000000000000000000e+00,1.231094502660567969e-03,0.000000000000000000e+00,-5.005812937877954782e-01,0.000000000000000000e+00,-1.232274842548945325e-03,0.000000000000000000e+00
4.650000000000000000e+01,2.300000000000000000e+01,1.000000000000000000e+01,-2.501296760130309327e-01,-1.570796326794896558e+00,5.006051547274774638e-01,0.000000000000000000e+00,1.151569102738392303e-03,0.000000000000000000e+00,-5.006051547274774638e-01,0.000000000000000000e+00,-1.152675671385731439e-03,0.000000000000000000e+00
4.652000000000000313e+01,2.300000000000000000e+01,9.999999999999998224e+00,-2.601420040006900969e-01,-1.570796326794896558e+00,5.006273565519050450e-01,0.000000000000000000e+00,1.065404290956806221e-03,0.000000000000000000e+00,-5.006273565519050450e-01,0.000000000000000000e+00,-1.066437088355334925e-03,0.000000000000000000e+00
4.653999999999999915e+01,2.300000000000000000e+01,1.000000000000000000e+01,-2.701547583566251132e-01,-1.570796326794896558e+00,5.006477708991157183e-01,0.000000000000000000e+00,9.730426947616166444e-04,0.000000000000000000e+00,-5.006477708991157183e-01,0.000000000000000000e+00,-9.740017209155695920e-04,0.000000000000000000e+00
4.656000000000000227e+01,2.300000000000000000e+01,1.000000000000000178e+01,-2.801679021214433241e-01,-1.570796326794896558e+00,5.006662782596955630e-01,0.000000000000000000e+00,8.749269416039595626e-04,0.000000000000000000e+00,-5.006662782596955630e-01,0.000000000000000000e+00,-8.758121965242468641e-04,0.000000000000000000e+00
4.657999999999999829e+01,2.300000000000000000e+01,9.999999999999998224e+00,-2.901813960340889897e-01,-1.570796326794896558e+00,5.006827679767799077e-01,0.000000000000000000e+00,7.714996589633926760e-04,0.000000000000000000e+00,-5.006827679767799077e-01,0.000000000000000000e+00,-7.723111426391785980e-04,0.000000000000000000e+00
4.660000000000000142e+01,2.300000000000000000e+01,9.999999999999998224e+00,-3.001951987088950502e-01,-1.570796326794896558e+00,5.006971382460541076e-01,0.000000000000000000e+00,6.632034742857229048e-04,0.000000000000000000e+00,-5.006971382460541076e-01,0.000000000000000000e+00,-6.639411867181758920e-04,0.000000000000000000e+00
4.661999999999999744e+01,2.300000000000000000e+01,9.999999999999996447e+00,-3.102092668126333885e-01,-1.570796326794896558e+00,5.007092961157513233e-01,0.000000000000000000e+00,5.504810150291916671e-04,0.000000000000000000e+00,-5.007092961157513233e-01,0.000000000000000000e+00,-5.511449562190526633e-04,0.000000000000000000e+00
4.664000000000000057e+01,2.300000000000000000e+01,9.999999999999998224e+00,-3.202235552415659270e-01,-1.570796326794896558e+00,5.007191574866552974e-01,0.000000000000000000e+00,4.337749086591458081e-04,0.000000000000000000e+00,-5.007191574866552974e-01,0.000000000000000000e+00,-4.343650785996195762e-04,0.000000000000000000e+00
4.665999999999999659e+01,2.300000000000000000e+01,9.999999999999998224e+00,-3.302380172984960005e-01,-1.570796326794896558e+00,5.007266471120976892e-01,0.000000000000000000e+00,3.135277826178395344e-04,0.000000000000000000e+00,-5.007266471120976892e-01,0.000000000000000000e+00,-3.140441813176904394e-04,0.000000000000000000e+00
4.667999999999999972e+01,2.300000000000000000e+01,9.999999999999996447e+00,-3.402526048698187866e-01,-1.570796326794896558e+00,5.007316985979599622e-01,0.000000000000000000e+00,1.901822643723960482e-04,0.000000000000000000e+00,-5.007316985979599622e-01,0.000000000000000000e+00,-1.906248918310755652e-04,0.000000000000000000e+00
4.670000000000000284e+01,2.300000000000000000e+01,9.999999999999996447e+00,-3.502672686025728455e-01,-1.570796326794896558e+00,5.007342544026726072e-01,0.000000000000000000e+00,6.418098138460948121e-05,0.000000000000000000e+00,-5.007342544026726072e-01,0.000000000000000000e+00,-6.454983759758904681e-05,0.000000000000000000e+00
4.671999999999999886e+01,2.300000000000000000e+01,1.000000000000000000e+01,-3.602819580814907718e-01,-1.570796326794896558e+00,5.007342658372153643e-01,0.000000000000000000e+00,-6.403343889260781907e-05,0.000000000000000000e+00,-5.007342658372153643e-01,0.000000000000000000e+00,6.373835392495778721e-05,0.000000000000000000e+00
4.674000000000000199e+01,2.300000000000000000e+01,9.999999999999998224e+00,-3.702966220060499580e-01,-1.570796326794896558e+00,5.007316930651168896e-01,0.000000000000000000e+00,-1.940183690063435051e-04,0.000000000000000000e+00,-5.007316930651168896e-01,0.000000000000000000e+00,1.937970552787548822e-04,0.000000000000000000e+00
4.675999999999999801e+01,2.300000000000000000e+01,1.000000000000000000e+01,-3.803112083675244115e-01,-1.570796326794896558e+00,5.007265051024550884e-01,0.000000000000000000e+00,-3.253311814948034453e-04,0.000000000000000000e+00,-5.007265051024550884e-01,0.000000000000000000e+00,3.251836390059879823e-04,0.000000000000000000e+00
4.678000000000000114e+01,2.300000000000000000e+01,1.000000000000000000e+01,-3.903256646260347407e-01,-1.570796326794896558e+00,5.007186798178571152e-01,0.000000000000000000e+00,-4.575292488873117236e-04,0.000000000000000000e+00,-5.007186798178571152e-01,0.000000000000000000e+00,4.574554776488453387e-04,0.000000000000000000e+00
4.679999999999999716e+01,2.300000000000000000e+01,1.000000000000000000e+01,-4.003399378875997505e-01,-1.570796326794896558e+00,5.007082039324995959e-01,0.000000000000000000e+00,-5.901699437487195610e-04,0.000000000000000000e+00,-5.007082039324995959e-01,0.000000000000000000e+00,5.901699437495143896e-04,0.000000000000000000e+00
4.682000000000000028e+01,2.300000000000000000e+01,1.000000000000000000e+01,-4.103539750811873166e-01,-1.570796326794896558e+00,5.006950730201071842e-01,0.000000000000000000e+00,-7.228106386083510415e-04,0.000000000000000000e+00,-5.006950730201071842e-01,0.000000000000000000e+00,7.228844098501848500e-04,0.000000000000000000e+00
4.684000000000000341e+01,2.300000000000000000e+01,1.000000000000000178e+01,-4.203677231357650368e-01,-1.570796326794896558e+00,5.006792915069552263e-01,0.000000000000000000e+00,-8.550087060008593198e-04,0.000000000000000000e+00,-5.006792915069552263e-01,0.000000000000000000e+00,8.551562484930403090e-04,0.000000000000000000e+00
4.685999999999999943e+01,2.300000000000000000e+01,1.000000000000000355e+01,-4.303811291573520492e-01,-1.570796326794896558e+00,5.006608726718670965e-01,0.000000000000000000e+00,-9.863215184910956168e-04,0.000000000000000000e+00,-5.006608726718670965e-01,0.000000000000000000e+00,9.865428322202735717e-04,0.000000000000000000e+00
4.688000000000000256e+01,2.300000000000000000e+01,1.000000000000000355e+01,-4.403941406060688513e-01,-1.570796326794896558e+00,5.006398386462155292e-01,0.000000000000000000e+00,-1.116306448603054946e-03,0.000000000000000000e+00,-5.006398386462155292e-01,0.000000000000000000e+00,1.116601533574071914e-03,0.000000000000000000e+00
4.689999999999999858e+01,2.300000000000000000e+01,1.000000000000000355e+01,-4.504067054731891728e-01,-1.570796326794896558e+00,5.006162204139229521e-01,0.000000000000000000e+00,-1.244520868878495889e-03,0.000000000000000000e+00,-5.006162204139229521e-01,0.000000000000000000e+00,1.244889725096620225e-03,0.000000000000000000e+00
4.692000000000000171e+01,2.300000000000000000e+01,1.000000000000000178e+01,-4.604187724581906838e-01,-1.570796326794896558e+00,5.005900578114603761e-01,0.000000000000000000e+00,-1.370522151873387884e-03,0.000000000000000000e+00,-5.005900578114603761e-01,0.000000000000000000e+00,1.370964779330108166e-03,0.000000000000000000e+00
4.693999999999999773e+01,2.300000000000000000e+01,1.000000000000000355e+01,-4.704302911458060898e-01,-1.570796326794896558e+00,5.005613995278480610e-01,0.000000000000000000e+00,-1.493867670120607727e-03,0.000000000000000000e+00,-5.005613995278480610e-01,0.000000000000000000e+00,1.494384068816723447e-03,0.000000000000000000e+00
4.696000000000000085e+01,2.300000000000000000e+01,9.999999999999998224e+00,-4.804412121830733962e-01,-1.570796326794896558e+00,5.005303031046555162e-01,0.000000000000000000e+00,-1.614114796158361287e-03,0.000000000000000000e+00,-5.005303031046555162e-01,0.000000000000000000e+00,1.614704966098653776e-03,0.000000000000000000e+00
4.697999999999999687e+01,2.300000000000000000e+01,1.000000000000000000e+01,-4.904514874563884463e-01,-1.570796326794896558e+00,5.004968349360017221e-01,0.000000000000000000e+00,-1.730820902531959860e-03,0.000000000000000000e+00,-5.004968349360017221e-01,0.000000000000000000e+00,1.731484843718086863e-03,0.000000000000000000e+00
4.700000000000000000e+01,2.300000000000000000e+01,1.000000000000000000e+01,-5.004610702685543533e-01,-1.570796326794896558e+00,5.004610702685542423e-01,0.000000000000000000e+00,-1.843543361786714740e-03,0.000000000000000000e+00,-5.004610702685542423e-01,0.000000000000000000e+00,1.844281074217211935e-03,0.000000000000000000e+00
4.702000000000000313e+01,2.300000000000000000e+01,9.999999999999998224e+00,-5.104699155158329837e-01,-1.570796326794896558e+00,5.004230932015302225e-01,0.000000000000000000e+00,-1.951839546462608155e-03,0.000000000000000000e+00,-5.004230932015302225e-01,0.000000000000000000e+00,1.952651030138214967e-03,0.000000000000000000e+00
4.703999999999999915e+01,2.300000000000000000e+01,9.999999999999998224e+00,-5.204779798649962208e-01,-1.570796326794896558e+00,5.003829966866957246e-01,0.000000000000000000e+00,-2.055266829106727755e-03,0.000000000000000000e+00,-5.003829966866957246e-01,0.000000000000000000e+00,2.056152084023286052e-03,0.000000000000000000e+00
4.706000000000000227e+01,2.300000000000000000e+01,1.000000000000000000e+01,-5.304852219303768379e-01,-1.570796326794896558e+00,5.003408825283659489e-01,0.000000000000000000e+00,-2.153382582255503053e-03,0.000000000000000000e+00,-5.003408825283659489e-01,0.000000000000000000e+00,2.154341608414610514e-03,0.000000000000000000e+00
4.707999999999999829e+01,2.300000000000000000e+01,1.000000000000000000e+01,-5.404916024509195394e-01,-1.570796326794896558e+00,5.002968613834054556e-01,0.000000000000000000e+00,-2.245744178454245343e-03,0.000000000000000000e+00,-5.002968613834054556e-01,0.000000000000000000e+00,2.246776975854378015e-03,0.000000000000000000e+00
4.710000000000000142e+01,2.300000000000000000e+01,1.000000000000000000e+01,-5.504970844672311125e-01,-1.570796326794896558e+00,5.002510527612278324e-01,0.000000000000000000e+00,-2.331908990242936852e-03,0.000000000000000000e+00,-5.002510527612278324e-01,0.000000000000000000e+00,2.333015558884775614e-03,0.000000000000000000e+00
4.711999999999999744e+01,2.300000000000000000e+01,1.000000000000000178e+01,-5.605016334986330229e-01,-1.570796326794896558e+00,5.002035850237958048e-01,0.000000000000000000e+00,-2.411434390159783447e-03,0.000000000000000000e+00,-5.002035850237958048e-01,0.000000000000000000e+00,2.412614730047990801e-03,0.000000000000000000e+00
4.714000000000000057e+01,2.300000000000000000e+01,1.000000000000000000e+01,-5.705052177202107888e-01,-1.570796326794896558e+00,5.001545953856214588e-01,0.000000000000000000e+00,-2.483877750753649138e-03,0.000000000000000000e+00,-5.001545953856214588e-01,0.000000000000000000e+00,2.485131861886214107e-03,0.000000000000000000e+00
4.715999999999999659e+01,2.300000000000000000e+01,1.000000000000000000e+01,-5.805078081398659107e-01,-1.570796326794896558e+00,5.001042299137656855e-01,0.000000000000000000e+00,-2.548796444571621578e-03,0.000000000000000000e+00,-5.001042299137656855e-01,0.000000000000000000e+00,2.550124326941630420e-03,0.000000000000000000e+00
4.717999999999999972e+01,2.300000000000000000e+01,1.000000000000000000e+01,-5.905093787753670220e-01,-1.570796326794896558e+00,5.000526435278386250e-01,0.000000000000000000e+00,-2.605747844141248493e-03,0.000000000000000000e+00,-5.000526435278386250e-01,0.000000000000000000e+00,2.607149497756426366e-03,0.000000000000000000e+00
4.720000000000000284e+01,2.300000000000000000e+01,1.000000000000000000e+01,-6.005099068313995980e-01,-1.570796326794896558e+00,5.000000000000000000e-01,0.000000000000000000e+00,-2.654289322011393892e-03,0.000000000000000000e+00,-5.000000000000000000e-01,0.000000000000000000e+00,2.655764746872795509e-03,0.000000000000000000e+00
4.721999999999999886e+01,2.300000000000000000e+01,9.999999999999998224e+00,-6.105093728766184391e-01,-1.570796326794896558e+00,4.999464719549581715e-01,0.000000000000000000e+00,-2.693978250730921786e-03,0.000000000000000000e+00,-4.999464719549581715e-01,0.000000000000000000e+00,2.695527446832919703e-03,0.000000000000000000e+00
4.724000000000000199e+01,2.300000000000000000e+01,1.000000000000000000e+01,-6.205077610206976013e-01,-1.570796326794896558e+00,4.998922408699708053e-01,0.000000000000000000e+00,-2.724372002832708972e-03,0.000000000000000000e+00,-4.998922408699708053e-01,0.000000000000000000e+00,2.725994970178992078e-03,0.000000000000000000e+00
4.725999999999999801e+01,2.300000000000000000e+01,1.000000000000000000e+01,-6.305050590913824360e-01,-1.570796326794896558e+00,4.998374970748448165e-01,0.000000000000000000e+00,-2.745027950865619459e-03,0.000000000000000000e+00,-4.998374970748448165e-01,0.000000000000000000e+00,2.746724689453195357e-03,0.000000000000000000e+00
4.728000000000000114e+01,2.300000000000000000e+01,1.000000000000000000e+01,-6.405012588115390759e-01,-1.570796326794896558e+00,4.997824397519362027e-01,0.000000000000000000e+00,-2.755503467366082759e-03,0.000000000000000000e+00,-4.997824397519362027e-01,0.000000000000000000e+00,2.757273977197721802e-03,0.000000000000000000e+00
4.729999999999999716e+01,2.300000000000000000e+01,1.000000000000000000e+01,-6.504963559762068082e-01,-1.570796326794896558e+00,4.997272769361501554e-01,0.000000000000000000e+00,-2.755355924882962881e-03,0.000000000000000000e+00,-4.997272769361501554e-01,0.000000000000000000e+00,2.757200205954755869e-03,0.000000000000000000e+00
4.732000000000000028e+01,2.300000000000000000e+01,1.000000000000000000e+01,-6.604903506296483373e-01,-1.570796326794896558e+00,4.996722255149409486e-01,0.000000000000000000e+00,-2.744142695949136623e-03,0.000000000000000000e+00,-4.996722255149409486e-01,0.000000000000000000e+00,2.746060748266488955e-03,0.000000000000000000e+00
4.734000000000000341e+01,2.300000000000000000e+01,1.000000000000000000e+01,-6.704832472424011591e-01,-1.570796326794896558e+00,4.996175112283121611e-01,0.000000000000000000e+00,-2.721421153113467994e-03,0.000000000000000000e+00,-4.996175112283121611e-01,0.000000000000000000e+00,2.723412976675105516e-03,0.000000000000000000e+00
4.735999999999999943e+01,2.300000000000000000e+01,1.000000000000000000e+01,-6.804750548883278238e-01,-1.570796326794896558e+00,4.995633686688163988e-01,0.000000000000000000e+00,-2.686748668919491934e-03,0.000000000000000000e+00,-4.995633686688163988e-01,0.000000000000000000e+00,2.688814263722794345e-03,0.000000000000000000e+00
4.738000000000000256e+01,2.300000000000000000e+01,1.000000000000000000e+01,-6.904657874216681979e-01,-1.570796326794896558e+00,4.995100412815553503e-01,0.000000000000000000e+00,-2.639682615907190666e-03,0.000000000000000000e+00,-4.995100412815553503e-01,0.000000000000000000e+00,2.641821981951744235e-03,0.000000000000000000e+00
4.739999999999999858e+01,2.300000000000000000e+01,1.000000000000000000e+01,-7.004554636540887280e-01,-1.570796326794896558e+00,4.994577813641801201e-01,0.000000000000000000e+00,-2.579780366612993703e-03,0.000000000000000000e+00,-4.994577813641801201e-01,0.000000000000000000e+00,2.581993503904143547e-03,0.000000000000000000e+00
4.742000000000000171e+01,2.300000000000000000e+01,1.000000000000000178e+01,-7.104441075317352583e-01,-1.570796326794896558e+00,4.994068500668907840e-01,0.000000000000000000e+00,-2.506599293589317767e-03,0.000000000000000000e+00,-4.994068500668907840e-01,0.000000000000000000e+00,2.508886202122178905e-03,0.000000000000000000e+00
4.743999999999999773e+01,2.300000000000000000e+01,1.000000000000000000e+01,-7.204317483122826271e-01,-1.570796326794896558e+00,4.993575173924365007e-01,0.000000000000000000e+00,-2.419696769374368728e-03,0.000000000000000000e+00,-4.993575173924365007e-01,0.000000000000000000e+00,2.422057449148038669e-03,0.000000000000000000e+00
4.746000000000000085e+01,2.300000000000000000e+01,1.000000000000000000e+01,-7.304184207419863739e-01,-1.570796326794896558e+00,4.993100621961157892e-01,0.000000000000000000e+00,-2.318630166506352452e-03,0.000000000000000000e+00,-4.993100621961157892e-01,0.000000000000000000e+00,2.321064617523909464e-03,0.000000000000000000e+00
4.747999999999999687e+01,2.300000000000000000e+01,1.000000000000000000e+01,-7.404041652327332246e-01,-1.570796326794896558e+00,4.992647721857762511e-01,0.000000000000000000e+00,-2.202956857530580237e-03,0.000000000000000000e+00,-4.992647721857762511e-01,0.000000000000000000e+00,2.205465079791982252e-03,0.000000000000000000e+00
4.750000000000000000e+01,2.300000000000000000e+01,1.000000000000000000e+01,-7.503890280390926870e-01,-1.570796326794896558e+00,4.992219439218145705e-01,0.000000000000000000e+00,-2.072234214987034306e-03,0.000000000000000000e+00,-4.992219439218145705e-01,0.000000000000000000e+00,2.074816208494441490e-03,0.000000000000000000e+00
4.752000000000000313e+01,2.300000000000000000e+01,1.000000000000000000e+01,-7.603730614353674255e-01,-1.570796326794896558e+00,4.991818828171767364e-01,0.000000000000000000e+00,-1.926019611426355027e-03,0.000000000000000000e+00,-4.991818828171767364e-01,0.000000000000000000e+00,1.928675376173476837e-03,0.000000000000000000e+00
4.753999999999999915e+01,2.300000000000000000e+01,1.000000000000000000e+01,-7.703563238926446344e-01,-1.570796326794896558e+00,4.991449031373574874e-01,0.000000000000000000e+00,-1.763870419381419197e-03,0.000000000000000000e+00,-4.991449031373574874e-01,0.000000000000000000e+00,1.766599955371276004e-03,0.000000000000000000e+00
4.756000000000000227e+01,2.300000000000000000e+01,1.000000000000000000e+01,-7.803388802558470783e-01,-1.570796326794896558e+00,4.991113280004014774e-01,0.000000000000000000e+00,-1.585344011395761754e-03,0.000000000000000000e+00,-4.991113280004014774e-01,0.000000000000000000e+00,1.588147318630026917e-03,0.000000000000000000e+00
4.757999999999999829e+01,2.300000000000000000e+01,1.000000000000000000e+01,-7.903208019207832447e-01,-1.570796326794896558e+00,4.990814893769016658e-01,0.000000000000000000e+00,-1.389997760014693995e-03,0.000000000000000000e+00,-4.990814893769016658e-01,0.000000000000000000e+00,1.392874838491917067e-03,0.000000000000000000e+00
4.760000000000000142e+01,2.300000000000000000e+01,1.000000000000000000e+01,-8.003021670111998276e-01,-1.570796326794896558e+00,4.990557280900008719e-01,0.000000000000000000e+00,-1.177389037781750858e-03,0.000000000000000000e+00,-4.990557280900008719e-01,0.000000000000000000e+00,1.180339887499134814e-03,0.000000000000000000e+00
4.761999999999999744e+01,2.300000000000000000e+01,9.999999999999998224e+00,-8.102830605558313248e-01,-1.570796326794896558e+00,4.990343938153904424e-01,0.000000000000000000e+00,-9.470752172351382114e-04,0.000000000000000000e+00,-4.990343938153904424e-01,0.000000000000000000e+00,9.500998381938678683e-04,0.000000000000000000e+00
4.764000000000000057e+01,2.300000000000000000e+01,1.000000000000000000e+01,-8.202635746654517446e-01,-1.570796326794896558e+00,4.990178450813114730e-01,0.000000000000000000e+00,-6.986136709148382806e-04,0.000000000000000000e+00,-4.990178450813114730e-01,0.000000000000000000e+00,7.017120631183032878e-04,0.000000000000000000e+00
4.765999999999999659e+01,2.300000000000000000e+01,1.000000000000000000e+01,-8.302438087099253128e-01,-1.570796326794896558e+00,4.990064492685538644e-01,0.000000000000000000e+00,-4.315617713661623611e-04,0.000000000000000000e+00,-4.990064492685538644e-01,0.000000000000000000e+00,4.347339348146295407e-04,0.000000000000000000e+00
4.767999999999999972e+01,2.300000000000000000e+01,1.000000000000000000e+01,-8.402238694952577358e-01,-1.570796326794896558e+00,4.990005826104568221e-01,0.000000000000000000e+00,-1.454768911344217486e-04,0.000000000000000000e+00,-4.990005826104568221e-01,0.000000000000000000e+00,1.487228258250379684e-04,0.000000000000000000e+00
4.770000000000000284e+01,2.300000000000000000e+01,1.000000000000000000e+01,-8.502038714406465747e-01,-1.570796326794896558e+00,4.990006301929084676e-01,0.000000000000000000e+00,1.600835972404013319e-04,0.000000000000000000e+00,-4.990006301929084676e-01,0.000000000000000000e+00,-1.567638913082892223e-04,0.000000000000000000e+00
4.771999999999999886e+01,2.300000000000000000e+01,1.000000000000000000e+01,-8.601839367555332849e-01,-1.570796326794896558e+00,4.990069859543464492e-01,0.000000000000000000e+00,4.855623212201010119e-04,0.000000000000000000e+00,-4.990069859543464492e-01,0.000000000000000000e+00,-4.821688440431615304e-04,0.000000000000000000e+00
4.774000000000000199e+01,2.300000000000000000e+01,1.000000000000000000e+01,-8.701641956166530356e-01,-1.570796326794896558e+00,4.990200526857573315e-01,0.000000000000000000e+00,8.314019082593659959e-04,0.000000000000000000e+00,-4.990200526857573315e-01,0.000000000000000000e+00,-8.279346598373916533e-04,0.000000000000000000e+00
4.775999999999999801e+01,2.300000000000000000e+01,1.000000000000000000e+01,-8.801447863450864162e-01,-1.570796326794896558e+00,4.990402420306767617e-01,0.000000000000000000e+00,1.198044985809332275e-03,0.000000000000000000e+00,-4.990402420306767617e-01,0.000000000000000000e+00,-1.194503966148792234e-03,0.000000000000000000e+00
4.778000000000000114e+01,2.300000000000000000e+01,1.000000000000000000e+01,-8.901258555833102548e-01,-1.570796326794896558e+00,4.990679744851897470e-01,0.000000000000000000e+00,1.585934181340675764e-03,0.000000000000000000e+00,-4.990679744851897470e-01,0.000000000000000000e+00,-1.582319390435174425e-03,0.000000000000000000e+00
4.779999999999999716e+01,2.300000000000000000e+01,1.000000000000000000e+01,-9.001075584722484368e-01,-1.570796326794896558e+00,4.991036793979303776e-01,0.000000000000000000e+00,1.995512122304532454e-03,0.000000000000000000e+00,-4.991036793979303776e-01,0.000000000000000000e+00,-1.991823560154349759e-03,0.000000000000000000e+00
4.782000000000000028e+01,2.300000000000000000e+01,1.000000000000000000e+01,-9.100900588283230563e-01,-1.570796326794896558e+00,4.991477949700818817e-01,0.000000000000000000e+00,2.427221436155591050e-03,0.000000000000000000e+00,-4.991477949700818817e-01,0.000000000000000000e+00,-2.423459102764132476e-03,0.000000000000000000e+00
4.784000000000000341e+01,2.300000000000000000e+01,1.000000000000000000e+01,-9.200735293205053456e-01,-1.570796326794896558e+00,4.992007682553766257e-01,0.000000000000000000e+00,2.881504750357422040e-03,0.000000000000000000e+00,-4.992007682553766257e-01,0.000000000000000000e+00,-2.877668645722331400e-03,0.000000000000000000e+00
4.785999999999999943e+01,2.300000000000000000e+01,1.000000000000000000e+01,-9.300581516473670485e-01,-1.570796326794896558e+00,4.992630551600961697e-01,0.000000000000000000e+00,3.358804692362937772e-03,0.000000000000000000e+00,-4.992630551600961697e-01,0.000000000000000000e+00,-3.354894816486761640e-03,0.000000000000000000e+00
4.788000000000000256e+01,2.300000000000000000e+01,1.000000000000000000e+01,-9.400441167141303511e-01,-1.570796326794896558e+00,4.993351204430711565e-01,0.000000000000000000e+00,3.859563889635708733e-03,0.000000000000000000e+00,-4.993351204430711565e-01,0.000000000000000000e+00,-3.855580242515233534e-03,0.000000000000000000e+00
4.789999999999999858e+01,2.300000000000000000e+01,1.000000000000000000e+01,-9.500316248097202543e-01,-1.570796326794896558e+00,4.994174377156815336e-01,0.000000000000000000e+00,4.384224969626870916e-03,0.000000000000000000e+00,-4.994174377156815336e-01,0.000000000000000000e+00,-4.380167551265561759e-03,0.000000000000000000e+00
4.792000000000000171e+01,2.300000000000000000e+01,1.000000000000000000e+01,-9.600208857838141707e-01,-1.570796326794896558e+00,4.995104894418562758e-01,0.000000000000000000e+00,4.933230559803547521e-03,0.000000000000000000e+00,-4.995104894418562758e-01,0.000000000000000000e+00,-4.929099370195548849e-03,0.000000000000000000e+00
4.793999999999999773e+01,2.300000000000000000e+01,1.000000000000000000e+01,-9.700121192238940759e-01,-1.570796326794896558e+00,4.996147669380736067e-01,0.000000000000000000e+00,5.507023287613321827e-03,0.000000000000000000e+00,-4.996147669380736067e-01,0.000000000000000000e+00,-5.502818326763021621e-03,0.000000000000000000e+00
4.796000000000000085e+01,2.300000000000000000e+01,1.000000000000000000e+01,-9.800055546322969935e-01,-1.570796326794896558e+00,4.997307703733607775e-01,0.000000000000000000e+00,6.106045780519764321e-03,0.000000000000000000e+00,-4.997307703733607775e-01,0.000000000000000000e+00,-6.101767048425784344e-03,0.000000000000000000e+00
4.797999999999999687e+01,2.300000000000000000e+01,1.000000000000000000e+01,-9.900014316032655914e-01,-1.570796326794896558e+00,4.998590087692943440e-01,0.000000000000000000e+00,6.730740665977563708e-03,0.000000000000000000e+00,-4.998590087692943440e-01,0.000000000000000000e+00,-6.726388162641649959e-03,0.000000000000000000e+00
4.800000000000000000e+01,2.400000000000000000e+01,1.000000000000000000e+01,-1.000000000000000000e+00,-1.570796326794896558e+00,4.999999999999998890e-01,0.000000000000000000e+00,6.318514741517233801e-03,0.000000000000000000e+00,-4.999999999999998890e-01,0.000000000000000000e+00,-7.377124296867876296e-03,0.000000000000000000e+00
4.802000000000000313e+01,2.400000000000000000e+01,1.000000072914106219e+01,-1.010001235359401894e+00,-1.570578862776768059e+00,5.001117493589550822e-01,1.105849078827146267e-02,3.882451351609361723e-03,1.087563096716905801e-04,-5.001117375336630033e-01,1.075291005457327913e-02,-3.837510345823667585e-03,4.298908296238942300e-02
4.803999999999999915e+01,2.400000000000000000e+01,1.000000573515105451e+01,-1.020004013807204624e+00,-1.569946076010519498e+00,5.001552980540642235e-01,2.136249424557021964e-02,6.014832677578851872e-04,4.252573832425727792e-04,-5.001551172663414313e-01,2.077696726809280178e-02,-5.404242710722001290e-04,8.305440028827863752e-02
4.806000000000000227e+01,2.400000000000000000e+01,1.000001902815103527e+01,-1.030007016324993030e+00,-1.568926682300129327e+00,5.001358086896653399e-01,3.093774814015324767e-02,-2.419658184448891802e-03,9.350756165819903813e-04,-5.001349345599213070e-01,3.008711690960047189e-02,2.519653491370465320e-03,1.203017397473822719e-01
4.807999999999999829e+01,2.400000000000000000e+01,1.000004433269903181e+01,-1.040009018697676035e+00,-1.567548536530291914e+00,5.000585117266862500e-01,3.980785563345703298e-02,-5.178843787243536667e-03,1.624082310940125643e-03,-5.000558743850087584e-01,3.869830424813816561e-02,5.348242505488275816e-03,1.548256417777044702e-01
4.810000000000000142e+01,2.400000000000000000e+01,1.000008509376816335e+01,-1.050008889305663384e+00,-1.565838703739978355e+00,4.999286549381756206e-01,4.799440514155153131e-02,-7.676331568324812338e-03,2.478447672947996748e-03,-4.999225113209305738e-01,4.662547455274776431e-02,7.950862335265165837e-03,1.867105548620176525e-01
4.811999999999999744e+01,2.400000000000000000e+01,1.000014448272472478e+01,-1.060005586917037279e+00,-1.563823522628015272e+00,4.997514584639532464e-01,5.551711639765979922e-02,-9.914497398884947188e-03,3.484640814617460947e-03,-4.997393095557337572e-01,5.388357309247117366e-02,1.033303254468508764e-02,2.160319695573571508e-01
4.814000000000000057e+01,2.400000000000000000e+01,1.000022540330630783e+01,-1.069998158479728234e+00,-1.561528661603214463e+00,4.995320750422201916e-01,6.239400401273954844e-02,-1.189758553724651335e-02,4.629429753341214940e-03,-4.995106228861856401e-01,6.048754513635025420e-02,1.250027269773197613e-02,2.428575205326098108e-01
4.815999999999999659e+01,2.400000000000000000e+01,1.000033049759990611e+01,-1.079985736913690486e+00,-1.558979167573673941e+00,4.992755550424634037e-01,6.864155160417922952e-02,-1.363147694540067789e-02,5.899881411892789890e-03,-4.992406947177738807e-01,6.645233595342692201e-02,1.445810235838977664e-02,2.672480483831099485e-01
4.817999999999999972e+01,2.400000000000000000e+01,1.000046215202001854e+01,-1.089967538903073407e+00,-1.556199507735457566e+00,4.989868159644041401e-01,7.427489100783968290e-02,-1.512347350016618464e-02,7.283361618426555974e-03,-4.989336580647063535e-01,7.179289081274303763e-02,1.621204109064243448e-02,2.892586147903939420e-01
4.820000000000000284e+01,2.400000000000000000e+01,1.000062250328676328e+01,-1.099942862688398693e+00,-1.553213604673345793e+00,4.986706161024566653e-01,7.930798225873153529e-02,-1.638209649529187573e-02,8.767535106477722384e-03,-4.985935355499110377e-01,7.652415498334051713e-02,1.776760845847388803e-02,3.089394659447429747e-01
4.821999999999999886e+01,2.400000000000000000e+01,1.000081344440398645e+01,-1.109911085858733992e+00,-1.550044865128290539e+00,4.983315321045924673e-01,8.375379096868176831e-02,-1.741689808445556764e-02,1.034036551496233039e-02,-4.982242394050368506e-01,8.066107373426119331e-02,1.913032402586807915e-02,3.263369401789614210e-01
4.824000000000000199e+01,2.400000000000000000e+01,1.000103663063737081e+01,-1.119871663143866991e+00,-1.546716202819472086e+00,4.979739401790784226e-01,8.762446048767882911e-02,-1.823828454606513105e-02,1.199011538817726548e-02,-4.978295714704527031e-01,8.421859233454702387e-02,2.030570735680895314e-02,3.414943165768409283e-01
4.825999999999999801e+01,2.400000000000000000e+01,1.000129348549251951e+01,-1.129824124206479263e+00,-1.543250055734793902e+00,4.976020007227499042e-01,9.093147684526675656e-02,-1.885735045884651129e-02,1.370534617580025996e-02,-4.974132231952475003e-01,8.721165605323986936e-02,2.129927801528045880e-02,3.544526019980039355e-01
4.828000000000000114e+01,2.400000000000000000e+01,1.000158520669310569e+01,-1.139768071434322794e+00,-1.539668398323179810e+00,4.972196461607245599e-01,9.368582495953972633e-02,-1.928572306309561668e-02,1.547491823288985567e-02,-4.969787756372313070e-01,8.965521015938157645e-02,2.211655556526652758e-02,3.652512545615256290e-01
4.829999999999999716e+01,2.400000000000000000e+01,1.000191277215894203e+01,-1.149703177732391390e+00,-1.535992749035785199e+00,4.968305718002260507e-01,9.589813499867576307e-02,-1.953541624464172344e-02,1.728799081988545427e-02,-4.965296994629335714e-01,9.156419992201406122e-02,2.276305957075109784e-02,3.739288421962553288e-01
4.832000000000000028e+01,2.400000000000000000e+01,1.000227694598411787e+01,-1.159629184315097872e+00,-1.532244173671631904e+00,4.964382295109389109e-01,9.757881810348476015e-02,-1.961869371944757745e-02,1.913402210260730166e-02,-4.960693549476046793e-01,9.295357061017923972e-02,2.324430959571812880e-02,3.805236354244270758e-01
4.834000000000000341e+01,2.400000000000000000e+01,1.000267828441507234e+01,-1.169545898498446590e+00,-1.528443284986457762e+00,4.960458240514480366e-01,9.873819094501420923e-02,-1.954794111573754378e-02,2.100276915225646537e-02,-4.956009919752150106e-01,9.383826749291897251e-02,2.356582520415156576e-02,3.850741341136238449e-01
4.835999999999999943e+01,2.400000000000000000e+01,1.000311714182874390e+01,-1.179453191492209063e+00,-1.524610239021971569e+00,4.956563118663093737e-01,9.938658881126680167e-02,-1.933554674849347066e-02,2.288428794541483985e-02,-4.951277500384557162e-01,9.423323583927514790e-02,2.373312596003532976e-02,3.876195285173036353e-01
4.838000000000000256e+01,2.400000000000000000e+01,1.000359367671063815e+01,-1.189350996192096721e+00,-1.520764728606355254e+00,4.952724021815083089e-01,9.953446710117154483e-02,-1.899379095999620404e-02,2.476893336404519322e-02,-4.946526582387374971e-01,9.415342091828965421e-02,2.375173142735338000e-02,3.882000955251678764e-01
4.839999999999999858e+01,2.400000000000000000e+01,1.000410785763296673e+01,-1.199239304971937869e+00,-1.516925974465948901e+00,4.948965602279095100e-01,9.919249125941444201e-02,-1.853474395987930734e-02,2.664735919549110488e-02,-4.941786352861921583e-01,9.361376799900436585e-02,2.362716117008964445e-02,3.868575316547443466e-01
4.842000000000000171e+01,2.400000000000000000e+01,1.000465946923273464e+01,-1.209118167475849104e+00,-1.513112714372788048e+00,4.945310124231131477e-01,9.837161531805360681e-02,-1.797017214090956827e-02,2.851051813247697242e-02,-4.937084894996712769e-01,9.262922235046119890e-02,2.336493475222808924e-02,3.836352249234301071e-01
4.843999999999999773e+01,2.400000000000000000e+01,1.000524811818986670e+01,-1.218987688410413162e+00,-1.509343190733315243e+00,4.941777533422731516e-01,9.708314932401584940e-02,-1.731145287381608000e-02,3.034966177310810184e-02,-4.932449188067470347e-01,9.121472924170195840e-02,2.297057173775261460e-02,3.785784683316566479e-01
4.846000000000000085e+01,2.400000000000000000e+01,1.000587323920528249e+01,-1.228848025336849892e+00,-1.505635137000488344e+00,4.938385543081604823e-01,9.533881602847371628e-02,-1.656949779739669282e-02,3.215634062087055489e-02,-4.927905107437119958e-01,8.938523394176861592e-02,2.244959169064721094e-02,3.717346182471166771e-01
4.847999999999999687e+01,2.400000000000000000e+01,1.000653410097904761e+01,-1.238699386463192109e+00,-1.502005763265066074e+00,4.935149734303772573e-01,9.315079729669359376e-02,-1.575468462050544360e-02,3.392240408463129131e-02,-4.923477424555788295e-01,8.715568171970305977e-02,2.180751417489579583e-02,3.631532014910077155e-01
4.850000000000000000e+01,2.400000000000000000e+01,1.000722981218844509e+01,-1.248542028436461671e+00,-1.498471741352551456e+00,4.932083669233402468e-01,9.053177076655792577e-02,-1.487679744257341952e-02,3.564000047863807863e-02,-4.919189806960805877e-01,8.454101784454715052e-02,2.104985875448231458e-02,3.528859753748154193e-01
4.852000000000000313e+01,2.400000000000000000e+01,1.000795932746610184e+01,-1.258376254134840888e+00,-1.495049189720652150e+00,4.929199015326742317e-01,8.749493734139800194e-02,-1.394497558018592542e-02,3.730157702251953034e-02,-4.915064818276706493e-01,8.155618758534274870e-02,2.018214499339070558e-02,3.409869453066425304e-01
4.853999999999999915e+01,2.400000000000000000e+01,1.000872145337809016e+01,-1.268202410459848384e+00,-1.491753658418761619e+00,4.926505679001328408e-01,8.405404014850155481e-02,-1.296767086131112023e-02,3.889987984128506771e-02,-4.911123918215228867e-01,7.821613621113181203e-02,1.920989245560492456e-02,3.275123448683470717e-01
4.856000000000000227e+01,2.400000000000000000e+01,1.000951485440203470e+01,-1.278020886128514277e+00,-1.488600114336519731e+00,4.924011946982217447e-01,8.022337562892009610e-02,-1.195261331755048673e-02,4.042795396532503083e-02,-4.907387462575312220e-01,7.453580899095615941e-02,1.813862070510891336e-02,3.125205834505382363e-01
4.857999999999999829e+01,2.400000000000000000e+01,1.001033805890521755e+01,-1.287832109465552710e+00,-1.485602926933611956e+00,4.921724633674308680e-01,7.601779744709624698e-02,-1.090678516970911005e-02,4.187914333041050513e-02,-4.903874703243099598e-01,7.053015119385773468e-02,1.697384930588661037e-02,2.960721666167764887e-01
4.860000000000000142e+01,2.400000000000000000e+01,1.001118946512270469e+01,-1.297636546195538365e+00,-1.482775854608251898e+00,4.919649232914333759e-01,7.145271392042591707e-02,-9.836402965442303525e-03,4.324709077769346016e-02,-4.900603788191939536e-01,6.621410808887834287e-02,1.572109782192193661e-02,2.782295943494839663e-01
4.861999999999999744e+01,2.400000000000000000e+01,1.001206734713542623e+01,-1.307434697235079435e+00,-1.480132031827929184e+00,4.917790072488132380e-01,6.654407966925482421e-02,-8.746907689820559995e-03,4.452573805370670795e-02,-4.897591761482381623e-01,6.160262494505995556e-02,1.438588581719886690e-02,2.590572422097601191e-01
4.864000000000000057e+01,2.400000000000000000e+01,1.001296986084830110e+01,-1.317227096484992144e+00,-1.477683957113549162e+00,4.916150469838405646e-01,6.130838217715239152e-02,-7.642962632942840173e-03,4.570932581036386833e-02,-4.894854563262178715e-01,5.671064703144441249e-02,1.297373285570132748e-02,2.386212302262154805e-01
4.865999999999999659e+01,2.400000000000000000e+01,1.001389504996833679e+01,-1.327014308622475713e+00,-1.475443481937642742e+00,4.914732887434954955e-01,5.576262392993129591e-02,-6.528458763316535851e-03,4.679239360495945910e-02,-4.892407029766286941e-01,5.155311961707363666e-02,1.149015850141327059e-02,2.169892840215953134e-01
4.867999999999999972e+01,2.400000000000000000e+01,1.001484085198274698e+01,-1.336796926893286441e+00,-1.473421800569328033e+00,4.913539086333078565e-01,4.992430077027355806e-02,-5.406527322913134981e-03,4.776977990016872955e-02,-4.890262893316866255e-01,4.614498797098946781e-02,9.940682318318615554e-03,1.942305923001239332e-01
4.870000000000000284e+01,2.400000000000000000e+01,1.001580510413704417e+01,-1.346575570903911778e+00,-1.471629440873638339e+00,4.912570276505789368e-01,4.381137706368676971e-02,-4.279559329951609925e-03,4.863662206404789634e-02,-4.888434782323280992e-01,4.050119736223384975e-02,8.330823870401351042e-03,1.704156643647803393e-01
4.871999999999999886e+01,2.400000000000000000e+01,1.001678554941316968e+01,-1.356350884413746183e+00,-1.470076256050986574e+00,4.911827262601098365e-01,3.744225822177126711e-02,-3.149231649121730925e-03,4.938835637003390067e-02,-4.886934221282096535e-01,3.463669305984867774e-02,6.666102721645389417e-03,1.456161908250203640e-01
4.874000000000000199e+01,2.400000000000000000e+01,1.001777984250756504e+01,-1.366123533127262757e+00,-1.468771417284223002e+00,4.911310583846140720e-01,3.083576107158777016e-02,-2.016539266335826142e-03,5.002071799694458865e-02,-4.885771630777080432e-01,2.856642033287571519e-02,4.952038436034651714e-03,1.199049101054993488e-01
4.875999999999999801e+01,2.400000000000000000e+01,1.001878555580932328e+01,-1.375894202486190654e+00,-1.467723407246116052e+00,4.911020646894563857e-01,2.401108249665867556e-02,-8.818333861082550129e-04,5.052974102897861419e-02,-4.884956327479206828e-01,2.230532445035694408e-02,3.194150577553109705e-03,9.335548278915470344e-02
4.878000000000000114e+01,2.400000000000000000e+01,1.001980018537826567e+01,-1.385663595461687603e+00,-1.466940014409245485e+00,4.910957850491697863e-01,1.698776670740057698e-02,2.551350457604684152e-04,5.091175845571549452e-02,-4.884496524146652030e-01,1.586835068133422844e-02,1.397958710184687894e-03,6.604237523749389993e-02
4.879999999999999716e+01,2.400000000000000000e+01,1.002082115692305742e+01,-1.395432430346515762e+00,-1.466428328093280387e+00,4.911122700912867733e-01,9.785671428344610775e-03,1.395166803721537008e-03,5.116340217211558933e-02,-4.884399329624793951e-01,9.270444294849512074e-03,-4.310176020866383689e-04,3.804075334060712937e-02
4.882000000000000028e+01,2.400000000000000000e+01,1.002184583177932531e+01,-1.405201438547214021e+00,-1.466194734181329729e+00,4.911515917213186144e-01,2.424933218247386519e-03,2.539561247033361724e-03,5.128160297852001059e-02,-4.884670748846213773e-01,2.526550559944556237e-03,-2.287258795276975263e-03,9.426386671996375352e-03
4.884000000000000341e+01,2.400000000000000000e+01,1.002287151288775036e+01,-1.414971362376274300e+00,-1.466244911437392773e+00,4.912138525411681167e-01,-5.074067930871953118e-03,3.690059012880553269e-03,5.126359058065085156e-02,-4.885315682830699835e-01,-4.348385254338492725e-03,-4.165245305402302117e-03,-1.972443722935312421e-02
4.885999999999999943e+01,2.400000000000000000e+01,1.002389545077217647e+01,-1.424742952844314958e+00,-1.466583828360688013e+00,4.912991940818338676e-01,-1.269074463661075229e-02,4.848780968835342264e-03,5.110689358961091611e-02,-4.886337928685240417e-01,-1.133941787895808434e-02,-6.059457568478766529e-03,-4.933498924442333844e-02
4.888000000000000256e+01,2.400000000000000000e+01,1.002491484951773337e+01,-1.434516967452256209e+00,-1.467215740519549838e+00,4.914078037799215481e-01,-2.040433879350837809e-02,6.018163859003777816e-03,5.080933952188389224e-02,-4.887740179604024293e-01,-1.843160204487218415e-02,-7.964376020522388050e-03,-7.932816699389648452e-02
4.889999999999999858e+01,2.400000000000000000e+01,1.002592687274892924e+01,-1.444294167983493082e+00,-1.468144188317341614e+00,4.915399206361939499e-01,-2.819395890199062615e-02,7.200893080961279225e-03,5.036905479933435209e-02,-4.889524024868447949e-01,-2.560999248303884313e-02,-9.874481097549221362e-03,-1.096265567773161836e-01
4.892000000000000171e+01,2.400000000000000000e+01,1.002692864960776653e+01,-1.454075318296070840e+00,-1.469371995155064781e+00,4.916958395031600371e-01,-3.603861814195550434e-02,8.399833033367443136e-03,4.978446474920760617e-02,-4.891689949847110030e-01,-3.285964392441625970e-02,-1.178425323557531941e-02,-1.401524911740760493e-01
4.893999999999999773e+01,2.400000000000000000e+01,1.002791728073184352e+01,-1.463861182114859716e+00,-1.470901265969681848e+00,4.918759139575286099e-01,-4.391727330961190529e-02,9.617955476670658754e-03,4.905429360412990464e-02,-4.894237335995812455e-01,-4.016561109996250739e-02,-1.368817287061674728e-02,-1.708281046384954593e-01
4.896000000000000085e+01,2.400000000000000000e+01,1.002888984423245944e+01,-1.473652520823727441e+00,-1.472733386143145307e+00,4.920805577222268079e-01,-5.180886476029113868e-02,1.085826635273967611e-02,4.817756450210827074e-02,-4.897164460857558188e-01,-4.751294874063567014e-02,-1.558072043868955099e-02,-2.015753896383342403e-01
4.897999999999999687e+01,2.400000000000000000e+01,1.002984340167274269e+01,-1.483450091257716430e+00,-1.474869020794284946e+00,4.923102446116381925e-01,-5.969235751169633258e-02,1.212373151299139806e-02,4.715359948653054939e-02,-4.900468498062556799e-01,-5.488671157739392903e-02,-1.745637637580980256e-02,-2.323162560260507437e-01
4.900000000000000000e+01,2.400000000000000000e+01,1.003077500404573286e+01,-1.493254643495215861e+00,-1.477308114483588453e+00,4.925655069827464261e-01,-6.754678366092839448e-02,1.341720180958283493e-02,4.598201950616553901e-02,-4.904145517328218906e-01,-6.227195434119536799e-02,-1.930962111799355840e-02,-2.629725963915425790e-01
4.902000000000000313e+01,2.400000000000000000e+01,1.003168169775249474e+01,-1.503066918650137529e+00,-1.480049891378958593e+00,4.928469326840216325e-01,-7.535128625449712125e-02,1.474133801009003264e-02,4.466274441516272786e-02,-4.908190484459159508e-01,-6.965373176299809177e-02,-2.113493510125686453e-02,-2.934663601215717899e-01
4.903999999999999915e+01,2.400000000000000000e+01,1.003256053058024122e+01,-1.512887646664088592e+00,-1.483092855948281885e+00,4.931551605031500030e-01,-8.308516472367169503e-02,1.609853600238686511e-02,4.319599297305256463e-02,-4.912597261347195210e-01,-7.701709857376022594e-02,-2.292679876161580338e-02,-3.237196387831769440e-01
4.906000000000000227e+01,2.400000000000000000e+01,1.003340855768042061e+01,-1.522717544098548315e+00,-1.486434794261545012e+00,4.934908741241170738e-01,-9.072792195861317799e-02,1.749085276387241095e-02,4.158228284474621561e-02,-4.917358605971346996e-01,-8.434710950443986832e-02,-2.467969253508639493e-02,-3.536547652558396093e-01
4.907999999999999829e+01,2.400000000000000000e+01,1.003422284754683425e+01,-1.532557311927040367e+00,-1.490072776000757049e+00,4.938547946137049061e-01,-9.825931304481544393e-02,1.891993357613763749e-02,3.982243060053576589e-02,-4.922466172397837458e-01,-9.162881928599515835e-02,-2.638809685768473551e-02,-3.831944287609947430e-01
4.910000000000000142e+01,2.400000000000000000e+01,1.003500048799374866e+01,-1.542407633327308458e+00,-1.494003157289600647e+00,4.942476714671625859e-01,-1.056593956258463779e-01,2.038694097320004062e-02,3.791755171609418468e-02,-4.927910510780097453e-01,-9.884728264938416609e-02,-2.804649216542684509e-02,-4.122618075800580928e-01
4.911999999999999744e+01,2.400000000000000000e+01,1.003573859213399544e+01,-1.552269171473489973e+00,-1.498221584466000955e+00,4.946702722526328255e-01,-1.129085817889253357e-01,2.189248591736436822e-02,3.586906057247512408e-02,-4.933681067358752781e-01,-1.059875543255650449e-01,-2.964935889432880264e-02,-4.407807208175382185e-01
4.914000000000000057e+01,2.400000000000000000e+01,1.003643430435707451e+01,-1.562142567328290932e+00,-1.502722998929226339e+00,4.951233709038571629e-01,-1.199876912964180642e-01,2.343656170087804469e-02,3.367867045611324522e-02,-4.939766184461639176e-01,-1.130346890454959341e-01,-3.119117748040668020e-02,-4.686758000597871510e-01
4.915999999999999659e+01,2.400000000000000000e+01,1.003708480630727529e+01,-1.572028437435160297e+00,-1.507501643198274621e+00,4.956077347206678807e-01,-1.268780059089943957e-01,2.501848107321791304e-02,3.134839355882394069e-02,-4.946153100503794531e-01,-1.199737415401348206e-01,-3.266642835967650121e-02,-4.958726812103660397e-01
4.917999999999999972e+01,2.400000000000000000e+01,1.003768732286177823e+01,-1.581927371710464936e+00,-1.512551068319763825e+00,4.961241101467859238e-01,-1.335613244671713384e-01,2.663681709256593422e-02,2.888054097780342472e-02,-4.952827949987457234e-01,-1.267897665404398855e-01,-3.406959196815432384e-02,-5.222982161596646522e-01
4.920000000000000284e+01,2.400000000000000000e+01,1.003823912810875818e+01,-1.591839931235662364e+00,-1.517864142761007562e+00,4.966732074043707090e-01,-1.400200183195039749e-01,2.828934819391371036e-02,2.627772271562884079e-02,-4.959775763502071722e-01,-1.334678187773693792e-01,-3.539514874185625826e-02,-5.478807032814082545e-01
4.921999999999999886e+01,2.400000000000000000e+01,1.003873755132549128e+01,-1.601766646049476606e+00,-1.523433062917169067e+00,4.972556840745424589e-01,-1.462370866099737821e-01,2.997300795585466915e-02,2.354284768025810895e-02,-4.966980467724282922e-01,-1.399929529818812191e-01,-3.663757911679828977e-02,-5.725501350561446046e-01
4.924000000000000199e+01,2.400000000000000000e+01,1.003917998295647962e+01,-1.611708012940071821e+00,-1.529249365350157097e+00,4.978721277226048070e-01,-1.521962108662405222e-01,3.168384003175894748e-02,2.067912368502997783e-02,-4.974424885417941256e-01,-1.463502238849336556e-01,-3.779136352899654938e-02,-5.962384604179297165e-01
4.925999999999999801e+01,2.400000000000000000e+01,1.003956388059152971e+01,-1.621664493237228166e+00,-1.535303940861202809e+00,4.985230376758127968e-01,-1.578818082662588884e-01,3.341695868818739257e-02,1.769005744866407673e-02,-4.982090735434099305e-01,-1.525246862174846618e-01,-3.885098241446701545e-02,-6.188798587231082449e-01
4.928000000000000114e+01,2.400000000000000000e+01,1.003988677494388781e+01,-1.631636510604513646e+00,-1.541587050478839371e+00,4.992088060701323493e-01,-1.632790829050034531e-01,3.516651536406278922e-02,1.457945459526086701e-02,-4.989958632711014030e-01,-1.585013947104925158e-01,-3.981091620922580510e-02,-6.404110215686910079e-01
4.929999999999999716e+01,2.400000000000000000e+01,1.004014627582833263e+01,-1.641624448831461081e+00,-1.548088343419459445e+00,4.999296982903752018e-01,-1.683740743370681636e-01,3.692567162742932396e-02,1.135141965430161437e-02,-4.998008088274142890e-01,-1.642654040949151351e-01,-4.066564534928895913e-02,-6.607714380624171158e-01
4.932000000000000028e+01,2.400000000000000000e+01,1.004034007813928397e+01,-1.651628649625740630e+00,-1.554796877048980397e+00,5.006858329352295023e-01,-1.731537026358321019e-01,3.868657886273219049e-02,8.010356060648440857e-03,-5.006217509236151608e-01,-1.698017691017108532e-01,-4.140965027067253917e-02,-6.799036785875813838e-01
4.934000000000000341e+01,2.400000000000000000e+01,1.004046596782891854e+01,-1.661649410405336091e+00,-1.561701138841795178e+00,5.014771614448847448e-01,-1.776058091864704813e-01,4.044036497061043178e-02,4.560966154544297130e-03,-5.014564198796901406e-01,-1.750955444618376156e-01,-4.203741140939257909e-02,-6.977536716327888966e-01
4.935999999999999943e+01,2.400000000000000000e+01,1.004052182788526437e+01,-1.671686982090716977e+00,-1.568789070297619936e+00,5.023034475340538707e-01,-1.817191924188060748e-01,4.217712830435971227e-02,1.008251181613007991e-03,-5.023024356243465105e-01,-1.801317849062535892e-01,-4.254340920146516131e-02,-7.142709678883473190e-01
4.938000000000000256e+01,2.400000000000000000e+01,1.004050564431032022e+01,-1.681741566897014817e+00,-1.576048092738634887e+00,5.031642465770590489e-01,-1.854836376869797299e-01,4.388593900384130109e-02,-2.642488707140832997e-03,-5.031573076950112133e-01,-1.848955451659168858e-01,-4.292212408290632664e-02,-7.294089855630234709e-01
4.939999999999999858e+01,2.400000000000000000e+01,1.004041551209815886e+01,-1.691813316126196343e+00,-1.583465134869190827e+00,5.040588850942074872e-01,-1.888899405159810974e-01,4.555484781841023789e-02,-6.385654455331729942e-03,-5.040184352378319632e-01,-1.893718799717856727e-01,-4.316803648973215751e-02,-7.431252307601080576e-01
4.942000000000000171e+01,2.400000000000000000e+01,1.004024964121303398e+01,-1.701902327959239569e+00,-1.591026661939042741e+00,5.049864404897953518e-01,-1.919299224597795506e-01,4.717090243802246619e-02,-1.021534810119330283e-02,-5.048831070076765792e-01,-1.935458440548179226e-01,-4.327562685795868086e-02,-7.553814867789789833e-01
4.943999999999999773e+01,2.400000000000000000e+01,1.004000636256748535e+01,-1.712008645248305649e+00,-1.598718706309435245e+00,5.059457211917283148e-01,-1.945964388513541365e-01,4.872017127672556569e-02,-1.412537277757854384e-02,-5.057485013681330965e-01,-1.974024921459718862e-01,-4.323937562360197218e-02,-7.661439663814144652e-01
4.946000000000000085e+01,2.400000000000000000e+01,1.003968413400045279e+01,-1.722132253308915617e+00,-1.606526899180239942e+00,5.069352473408643700e-01,-1.968833777703511700e-01,5.018777457652667806e-02,-1.810923271195939710e-02,-5.066116862915100993e-01,-2.009268789762055918e-01,-4.305376322267808614e-02,-7.753834213794824626e-01
4.947999999999999687e+01,2.400000000000000000e+01,1.003928154625538127e+01,-1.732273077712123799e+00,-1.614436503196592598e+00,5.079532321747892709e-01,-1.987856496081288338e-01,5.155792262522318481e-02,-2.216013322642702843e-02,-5.074696193588364990e-01,-2.041040592764772899e-01,-4.271327009120307744e-02,-7.830752043567332787e-01
4.950000000000000000e+01,2.400000000000000000e+01,1.003879732895832788e+01,-1.742430982076691892e+00,-1.622432445615937580e+00,5.089975642458732796e-01,-2.002991666710415286e-01,5.281396081001155096e-02,-2.627098073769179587e-02,-5.083191477598613117e-01,-2.069190877777449256e-01,-4.221237666519300769e-02,-7.891992779136236535e-01
4.952000000000000313e+01,2.400000000000000000e+01,1.003823035659606333e+01,-1.752605765861264153e+00,-1.630499351681802933e+00,5.100657906071900394e-01,-2.014208123292441366e-01,5.393842116166780443e-02,-3.043438275708319068e-02,-5.091570082930541030e-01,-2.093570192109666661e-01,-4.154556338066392462e-02,-7.937401675131293688e-01
4.953999999999999915e+01,2.400000000000000000e+01,1.003757965449419309e+01,-1.762797162156541031e+00,-1.638621577819703967e+00,5.111551010923399696e-01,-2.021483992880007685e-01,5.491307998441108396e-02,-3.464264789054988941e-02,-5.099798273656044323e-01,-2.114029083071006510e-01,-4.070731067363189681e-02,-7.966868547694182512e-01
4.956000000000000227e+01,2.400000000000000000e+01,1.003684440479525364e+01,-1.773004835477455021e+00,-1.646783244243819722e+00,5.122623138065663939e-01,-2.024806166292017207e-01,5.571902111562820892e-02,-3.888778583865969835e-02,-5.107841209934228521e-01,-2.130418097971050750e-01,-3.969209898011299281e-02,-7.980326088430037546e-01
4.957999999999999829e+01,2.400000000000000000e+01,1.003602395243682466e+01,-1.783228379555342080e+00,-1.654968266540944644e+00,5.133838619369650580e-01,-2.024169653399659763e-01,5.633670431896931063e-02,-4.316150739659961599e-02,-5.115662948011392430e-01,-2.142587784119378558e-01,-3.849440873612323955e-02,-7.977747544481179620e-01
4.960000000000000142e+01,2.400000000000000000e+01,1.003511781112963597e+01,-1.793467315130120143e+00,-1.663160385780879436e+00,5.145157819793251264e-01,-2.019576821099770547e-01,5.674603828608226763e-02,-4.745522445417579838e-02,-5.123226440221047007e-01,-2.150388688825572159e-01,-3.710872037767870557e-02,-7.959143758076694386e-01
4.961999999999999744e+01,2.400000000000000000e+01,1.003412566933567263e+01,-1.803721087742459872e+00,-1.671343196689947908e+00,5.156537034684083309e-01,-2.011036512364819118e-01,5.692645770729143351e-02,-5.176004999581353822e-02,-5.130493534983902038e-01,-2.153671359399212393e-01,-3.552951434079545251e-02,-7.924559566726629978e-01
4.964000000000000057e+01,2.400000000000000000e+01,1.003304739624629249e+01,-1.813989065525961397e+00,-1.679500173416549114e+00,5.167928402876167393e-01,-1.998563045222237489e-01,5.685700387115666388e-02,-5.606679810055734126e-02,-5.137424976807870580e-01,-2.152286343149881209e-01,-3.375127106148954198e-02,-7.874069572205153467e-01
4.965999999999999659e+01,2.400000000000000000e+01,1.003188304776031536e+01,-1.824270536999327064e+00,-1.687614692414202811e+00,5.179279836232545398e-01,-1.982175090833534492e-01,5.651640826749115831e-02,-6.036598394207081525e-02,-5.143980406288071183e-01,-2.146084187387158893e-01,-3.176847097577702173e-02,-7.807773292260435927e-01
4.967999999999999972e+01,2.400000000000000000e+01,1.003063287246215296e+01,-1.834564708858537285e+00,-1.695670051967867131e+00,5.190534966183163457e-01,-1.961894429976109300e-01,5.588317869908365765e-02,-6.464782378863673240e-02,-5.150118360106822335e-01,-2.134915439420626559e-01,-2.957559451967397765e-02,-7.725789713276115522e-01
4.970000000000000284e+01,2.400000000000000000e+01,1.002929731759989451e+01,-1.844870703769024178e+00,-1.703649487892623382e+00,5.201633107712182458e-01,-1.937744587136765451e-01,5.493568745384180829e-02,-6.890223500315711957e-02,-5.155796271033648015e-01,-2.118630646559865882e-01,-2.716712212919642974e-02,-7.628251264598748804e-01
4.971999999999999886e+01,2.400000000000000000e+01,1.002787703506343142e+01,-1.855187558157846528e+00,-1.711536184939215666e+00,5.212509241164700047e-01,-1.909749341062284556e-01,5.365226115127619266e-02,-7.311883604315309870e-02,-5.160970467925276584e-01,-2.097080356114457977e-01,-2.453753424036045350e-02,-7.515297235680348242e-01
4.974000000000000199e+01,2.400000000000000000e+01,1.002637288736256060e+01,-1.865514220005862533e+00,-1.719313283447281071e+00,5.223094012172692091e-01,-1.877931109934687370e-01,5.201127195616805921e-02,-7.728694646076492147e-02,-5.165596175725636341e-01,-2.070115115393983407e-01,-2.168131128918210013e-02,-7.387066655347124255e-01
4.975999999999999801e+01,2.400000000000000000e+01,1.002478595360508251e+01,-1.875849546639906773e+00,-1.726963880793161321e+00,5.233313749947167137e-01,-1.842309208301371459e-01,4.999122994544258347e-02,-8.139558690275204567e-02,-5.169627515465861078e-01,-2.037585471708023288e-01,-1.859293371167742431e-02,-7.243690648211867922e-01
4.978000000000000114e+01,2.400000000000000000e+01,1.002311753547492224e+01,-1.886192302524963171e+00,-1.734471027183588143e+00,5.243090504150869080e-01,-1.802897971447564585e-01,4.757087652392755217e-02,-8.543347911049309351e-02,-5.173017504264286748e-01,-1.999341972366159847e-01,-1.526688194386248421e-02,-7.085284276348745580e-01
4.979999999999999716e+01,2.400000000000000000e+01,1.002136916321022753e+01,-1.896541157056338189e+00,-1.741817715347782514e+00,5.252342100556738336e-01,-1.759704741004383677e-01,4.472927890901345904e-02,-8.938904591998581006e-02,-5.175718055326452571e-01,-1.955235164677972537e-01,-1.169763642175334663e-02,-6.911937864716795055e-01
4.982000000000000028e+01,2.400000000000000000e+01,1.001954260158148458e+01,-1.906894682351838011e+00,-1.748986863677041592e+00,5.260982215714473664e-01,-1.712727703195070506e-01,4.144592584369455324e-02,-9.325041126184716034e-02,-5.177679977945103262e-01,-1.905115595953043861e-01,-7.879677581366066261e-03,-6.723707796335939291e-01
4.984000000000000341e+01,2.400000000000000000e+01,1.001763985586961248e+01,-1.917251351043940844e+00,-1.755961292351062353e+00,5.268920470894218333e-01,-1.661953568190130404e-01,3.770082485300996211e-02,-9.700540016131323218e-02,-5.178852977500182364e-01,-1.848833813500954104e-01,-3.807485858716699520e-03,-6.520606747764383648e-01
4.985999999999999943e+01,2.400000000000000000e+01,1.001566317784409144e+01,-1.927609534071972552e+00,-1.762723691972318152e+00,5.276062545655677560e-01,-1.607355075526665233e-01,3.347460152995829219e-02,-1.006415387382392779e-01,-5.179185655458840021e-01,-1.786240364631284938e-01,5.244583101786982633e-04,-6.302593316854669947e-01
4.988000000000000256e+01,2.400000000000000000e+01,1.001361507174104659e+01,-1.937967498474279404e+00,-1.769256584202017812e+00,5.282310311506200895e-01,-1.548888306408596482e-01,2.874860152700797755e-02,-1.041460542070997142e-01,-5.178625509375428537e-01,-1.717185796653617480e-01,5.121674489304068288e-03,-6.069560972889296302e-01
4.989999999999999858e+01,2.400000000000000000e+01,1.001149830024137799e+01,-1.948323405180405254e+00,-1.775542273851598685e+00,5.287561986266481329e-01,-1.486489778908180182e-01,2.350499613816481315e-02,-1.075058748769881223e-01,-5.177118932891504599e-01,-1.641520656877532569e-01,9.989682242643365198e-03,-5.821326233760731883e-01
4.992000000000000171e+01,2.400000000000000000e+01,1.000931589044884618e+01,-1.958675306803262295e+00,-1.781562791830416437e+00,5.291712309961466021e-01,-1.420073296610060154e-01,1.772689258906368082e-02,-1.107076301516172478e-01,-5.174611215735824832e-01,-1.559095492612612432e-01,1.513400113418044909e-02,-5.557615945520453238e-01
4.993999999999999773e+01,2.400000000000000000e+01,1.000707113986820218e+01,-1.969021145431309350e+00,-1.787299828281168956e+00,5.294652743302107334e-01,-1.349526515066346299e-01,1.139845041219800237e-02,-1.137376505293190426e-01,-5.171046543724353572e-01,-1.469760851168436522e-01,2.056015072789939280e-02,-5.278053505913373744e-01
4.996000000000000085e+01,2.400000000000000000e+01,1.000476762238327666e+01,-1.979358750420722846e+00,-1.792734655147375067e+00,5.296271690126344023e-01,-1.274707183580018055e-01,4.505005576280751711e-03,-1.165819676030445395e-01,-5.166367998760253988e-01,-1.373367279854586231e-01,2.627365058778408091e-02,-4.982143834830163320e-01
4.997999999999999687e+01,2.400000000000000000e+01,1.000240919423509922e+01,-1.989685836187573331e+00,-1.797848037309494496e+00,5.296454745532619413e-01,-1.195439012360106495e-01,-2.966795629003371459e-03,-1.192263140603640054e-01,-5.160517558833895846e-01,-1.269765325980643511e-01,3.228002027781845529e-02,-4.669256850165280914e-01
5.000000000000000000e+01,2.500000000000000000e+01,1.000000000000000000e+01,-2.000000000000000000e+00,-1.802620131295300521e+00,5.295084971874742807e-01,-1.111507107118256538e-01,-4.640821850287579764e-03,-1.216561236834667881e-01,-5.153436098022856626e-01,-1.158805536856188922e-01,3.858477936198534408e-02,-4.338609156373151032e-01
5.002000000000000313e+01,2.500000000000000000e+01,9.997542915405166042e+00,-2.010300098845819505e+00,-1.807369686225624994e+00,5.294598416792504203e-01,-1.184713489543205017e-01,5.744729177800778075e-03,-1.240909915621209031e-01,-5.147126866166663595e-01,-1.274775453947344372e-01,2.466090974096266791e-02,-4.626967740935303275e-01
5.003999999999999915e+01,2.500000000000000000e+01,9.995034865266932300e+00,-2.020590302972173458e+00,-1.812409590532569004e+00,5.297382863545861964e-01,-1.250073403092298308e-01,2.162809810378796271e-02,-1.267501305484989849e-01,-5.143511022986458903e-01,-1.383102944902785125e-01,1.164770722012340581e-02,-4.884843257101909586e-01
5.006000000000000227e+01,2.500000000000000000e+01,9.992471515959646666e+00,-2.030875818297145585e+00,-1.817710803411706211e+00,5.303249656034020321e-01,-1.307611796557777151e-01,3.657556540166950754e-02,-1.296184135922652247e-01,-5.142408346291396093e-01,-1.483945811658044511e-01,-4.739404924404300732e-04,-5.112209334531226945e-01
5.007999999999999829e+01,2.500000000000000000e+01,9.989848833242632509e+00,-2.041161494116897401e+00,-1.823244642086732981e+00,5.312013089706528746e-01,-1.357445115776772515e-01,5.060124448620229032e-02,-1.326810292469547403e-01,-5.143642436349009639e-01,-1.577461856148654196e-01,-1.172314568863683584e-02,-5.309406097107299827e-01
5.010000000000000142e+01,2.500000000000000000e+01,9.987163075948110702e+00,-2.051451830750583571e+00,-1.828983011080540733e+00,5.323490153828501770e-01,-1.399769463361827671e-01,6.371810029120617003e-02,-1.359234816699737558e-01,-5.147040715885220497e-01,-1.663808880310146954e-01,-2.211902066037376921e-02,-5.477099459239148649e-01
5.011999999999999744e+01,2.500000000000000000e+01,9.984410789669103892e+00,-2.061750987185269057e+00,-1.834898603392194794e+00,5.337500329823009482e-01,-1.434848559325648254e-01,7.593822316749943013e-02,-1.393315906225995882e-01,-5.152434430084322781e-01,-1.743144686078055838e-01,-3.168067769955923429e-02,-5.616237793937896017e-01
5.014000000000000057e+01,2.500000000000000000e+01,9.981588800447378063e+00,-2.072062788720848037e+00,-1.840965073013134390e+00,5.353865443095501275e-01,-1.463001871054443737e-01,8.727308747429596281e-02,-1.428914914699806471e-01,-5.159658646589000419e-01,-1.815627075387912792e-01,-4.042722909810120974e-02,-5.728007472665698208e-01
5.015999999999999659e+01,2.500000000000000000e+01,9.978694208461352133e+00,-2.082390734614954386e+00,-1.847157178901241759e+00,5.372409564812726801e-01,-1.484593204523708410e-01,9.773379078380273199e-02,-1.465896351811362963e-01,-5.168552255500316051e-01,-1.881413850175250591e-01,-4.837778714790769152e-02,-5.813788615922594882e-01
5.017999999999999972e+01,2.500000000000000000e+01,9.975724381714023536e+00,-2.092738005727883710e+00,-1.853450901131172390e+00,5.392958959409022146e-01,-1.500019977244074487e-01,1.073312707565410307e-01,-1.504127883289570478e-01,-5.178957969377708803e-01,-1.940662812375601731e-01,-5.555146414088664442e-02,-5.875112202722992949e-01
5.020000000000000284e+01,2.500000000000000000e+01,9.972676949720902684e+00,-2.103107472167510483e+00,-1.859823530445174233e+00,5.415342073115350097e-01,-1.509703329680953943e-01,1.160764978089332544e-01,-1.543480330902043951e-01,-5.190722323239008729e-01,-1.993531763924498712e-01,-6.196737236894608175e-02,-5.913619479674646628e-01
5.021999999999999886e+01,2.500000000000000000e+01,9.969549797197920782e+00,-2.113501700934202976e+00,-1.866253732836805179e+00,5.439389558532593538e-01,-1.514079176928255221e-01,1.239806426551890439e-01,-1.583827672455110358e-01,-5.203695674560420148e-01,-2.040178506757473198e-01,-6.764462412399392666e-02,-5.931024398329367564e-01
5.024000000000000199e+01,2.500000000000000000e+01,9.966341057749357191e+00,-2.123922963565738176e+00,-1.872721591110921624e+00,5.464934330177425581e-01,-1.513590256371455112e-01,1.310552186417730525e-01,-1.625047041793806768e-01,-5.217732203276532754e-01,-2.080760842810058797e-01,-7.260233169793822716e-02,-5.929079603147550115e-01
5.025999999999999801e+01,2.500000000000000000e+01,9.963049107555766781e+00,-2.134373243782223817e+00,-1.879208625581130665e+00,5.491811645989300716e-01,-1.508679189471815452e-01,1.373121994896440157e-01,-1.667018728801880345e-01,-5.232689911780314951e-01,-2.115436574017787730e-01,-7.685960738268697579e-02,-5.909546300091002013e-01
5.028000000000000114e+01,2.500000000000000000e+01,9.959672559061889530e+00,-2.144854245131008419e+00,-1.885697796197490783e+00,5.519859209973282388e-01,-1.499782545835557923e-01,1.427641136198420924e-01,-1.709626179401789459e-01,-5.248430624923121623e-01,-2.144363502316193049e-01,-8.043556347014807484e-02,-5.874168163627414563e-01
5.029999999999999716e+01,2.500000000000000000e+01,9.956210254664590309e+00,-2.155367398631604647e+00,-1.892173488451692087e+00,5.548917291437236443e-01,-1.487325874467773645e-01,1.474241166601277797e-01,-1.752755995554702573e-01,-5.264819990014681927e-01,-2.167699429640805586e-01,-8.334931225222956541e-02,-5.824649291743707602e-01
5.032000000000000028e+01,2.500000000000000000e+01,9.952661260400770260e+00,-2.165913870420601128e+00,-1.898621485394727859e+00,5.578828856637332301e-01,-1.471719649620457371e-01,1.513060440274305307e-01,-1.796297935260499634e-01,-5.281727476823114831e-01,-2.185602157927159506e-01,-8.561996602083943309e-02,-5.762636096399453844e-01
5.034000000000000341e+01,2.500000000000000000e+01,9.949024859635290596e+00,-2.176494569396583145e+00,-1.905028928034345981e+00,5.609439709048218425e-01,-1.453356066066268659e-01,1.544244456641816754e-01,-1.840144912557771240e-01,-5.299026377574913571e-01,-2.198229489110787027e-01,-8.726663706788567731e-02,-5.689702920983503720e-01
5.035999999999999943e+01,2.500000000000000000e+01,9.945300546748898185e+00,-2.187110154865044898e+00,-1.911384266267612597e+00,5.640598634903003505e-01,-1.432606610198787211e-01,1.567946050914219569e-01,-1.884192997523817248e-01,-5.316593806954960089e-01,-2.205739225127220648e-01,-8.830843768527626980e-02,-5.607341105680301308e-01
5.038000000000000256e+01,2.500000000000000000e+01,9.941488020826142247e+00,-2.197761044183307533e+00,-1.917677202358576860e+00,5.672157551084785476e-01,-1.409820328407220547e-01,1.584325449469261571e-01,-1.928341416274649278e-01,-5.334310702106508373e-01,-2.208289167911992312e-01,-8.876448016491916837e-02,-5.516951174109243627e-01
5.039999999999999858e+01,2.500000000000000000e+01,9.937587179343307042e+00,-2.208447420405442507e+00,-1.923898628802361399e+00,5.703971652881772991e-01,-1.385322712114632759e-01,1.593550211134164840e-01,-1.972492550964989599e-01,-5.352061822631205557e-01,-2.206037119400635071e-01,-8.865387679872237248e-02,-5.419837787400239026e-01
5.042000000000000171e+01,2.500000000000000000e+01,9.933598111856326796e+00,-2.219169239927177628e+00,-1.930040562234016654e+00,5.735899559530150960e-01,-1.359415119189695820e-01,1.595795074327863716e-01,-2.016551939788270575e-01,-5.369735750589068601e-01,-2.199140881528680314e-01,-8.799573987859388158e-02,-5.317207101874984465e-01
5.043999999999999773e+01,2.500000000000000000e+01,9.929521093688711275e+00,-2.229926240130822190e+00,-1.936096074850926163e+00,5.767803455854886296e-01,-1.332374653684090526e-01,1.591241728554280144e-01,-2.060428276976636053e-01,-5.387224890498507612e-01,-2.187758256231661647e-01,-8.680918169644162574e-02,-5.210166170468357727e-01
5.046000000000000085e+01,2.500000000000000000e+01,9.925356579619464270e+00,-2.240717947030179236e+00,-1.942059224627942671e+00,5.799549228672320478e-01,-1.304454429598483900e-01,1.580078527048769388e-01,-2.104033412800939973e-01,-5.404425469336304744e-01,-2.172047045445111846e-01,-8.511331454417363218e-02,-5.099724042791663470e-01
5.047999999999999687e+01,2.500000000000000000e+01,9.921105197571009171e+00,-2.251543682915466249e+00,-1.947924985419934751e+00,5.831006596936836317e-01,-1.275884149266503509e-01,1.562500155567470017e-01,-2.147282353570746649e-01,-5.421237536537628632e-01,-2.152165051104562854e-01,-8.292725071369791423e-02,-4.986794241388255444e-01
5.050000000000000000e+01,2.500000000000000000e+01,9.916767742297116328e+00,-2.262402573998225197e+00,-1.953689177871058336e+00,5.862049234895018168e-01,-1.246870932633176166e-01,1.538707270455628162e-01,-2.190093261634332433e-01,-5.437564963996031064e-01,-2.128270075145546891e-01,-8.027010249692240196e-02,-4.872198319673019529e-01
5.052000000000000313e+01,2.500000000000000000e+01,9.912345169070817974e+00,-2.273293558056245889e+00,-1.959348401886656266e+00,5.892554887755071524e-01,-1.217600339893845224e-01,1.508906117316701767e-01,-2.232387455378682661e-01,-5.453315446063438099e-01,-2.100519919503596733e-01,-7.716098218575506706e-02,-4.756670238071127321e-01
5.053999999999999915e+01,2.500000000000000000e+01,9.907838587372333805e+00,-2.284215392078480900e+00,-1.964899971274189694e+00,5.922405479587685706e-01,-1.188237536392465626e-01,1.473308139851532417e-01,-2.274089409229493597e-01,-5.468400499550165605e-01,-2.069072386114245432e-01,-7.361900207210400615e-02,-4.640861327166783123e-01
5.056000000000000227e+01,2.500000000000000000e+01,9.903249254576989458e+00,-2.295166659909961826e+00,-1.970341851025037450e+00,5.951487213349131444e-01,-1.158928555134255689e-01,1.432129586831649704e-01,-2.315126753651173264e-01,-5.482735463724908165e-01,-2.034085276913025209e-01,-6.966327444787709378e-02,-4.525345638811414939e-01
5.057999999999999829e+01,2.500000000000000000e+01,9.898578569643143865e+00,-2.306145779896713766e+00,-1.975672597589790858e+00,5.979690663060950317e-01,-1.129801618566681626e-01,1.385591123669467351e-01,-2.355430275146838670e-01,-5.496239500314737958e-01,-1.995716393835468283e-01,-6.531291160498238491e-02,-4.410625517050208999e-01
5.060000000000000142e+01,2.500000000000000000e+01,9.893828066800121945e+00,-2.317151012530676901e+00,-1.980891302395633158e+00,6.006910858295908540e-01,-1.100968487282948105e-01,1.333917453727142544e-01,-2.394933916258319417e-01,-5.508835593505116979e-01,-1.954123538817106875e-01,-6.058702583532775410e-02,-4.297137249646549861e-01
5.061999999999999744e+01,2.500000000000000000e+01,9.888999409236113536e+00,-2.328180468094620093e+00,-1.985997538765001513e+00,6.033047361210035486e-01,-1.072525808898701638e-01,1.277336953329246683e-01,-2.433574775566154647e-01,-5.520450549939879270e-01,-1.909464513793474594e-01,-5.550472943082127714e-02,-4.185256687423424826e-01
5.064000000000000057e+01,2.500000000000000000e+01,9.884094382786114963e+00,-2.339232114307057575e+00,-1.990991312319078110e+00,6.058004336429076986e-01,-1.044556445473604767e-01,1.216081323422297800e-01,-2.471293107689593316e-01,-5.531014998721248688e-01,-1.861897120700102826e-01,-5.008513468337091185e-02,-4.075304742323916374e-01
5.065999999999999659e+01,2.500000000000000000e+01,9.879114889619840412e+00,-2.350303783967166549e+00,-1.995873014886729191e+00,6.081690614146926244e-01,-1.017130762453100357e-01,1.150385259953328188e-01,-2.508032323286597531e-01,-5.540463391409824467e-01,-1.811579161472525179e-01,-4.434735388488472707e-02,-3.967552695919596140e-01
5.067999999999999972e+01,2.500000000000000000e+01,9.874062941929656390e+00,-2.361393182599703877e+00,-2.000643381888090211e+00,6.104019746827208381e-01,-9.903078661744271760e-02,1.080486144304639851e-01,-2.543738989053836996e-01,-5.548734002024593437e-01,-1.758668438046273041e-01,-3.831049932727052104e-02,-3.862227268094013954e-01
5.070000000000000284e+01,2.500000000000000000e+01,9.868940655618487767e+00,-2.372497896099923231e+00,-2.005303453120890644e+00,6.124910059919118632e-01,-9.641367805183984063e-02,1.006623754515310054e-01,-2.578362827726694007e-01,-5.555768927042918914e-01,-1.703322752356880021e-01,-3.199368330243645281e-02,-3.759515410924346712e-01
5.071999999999999886e+01,2.500000000000000000e+01,9.863750243987766453e+00,-2.383615398378492678e+00,-2.009854536845558926e+00,6.144284697007820206e-01,-9.386575563133038591e-02,9.290399975189167492e-02,-2.611856718079261785e-01,-5.561514085400549590e-01,-1.645699906339878338e-01,-2.541601810229049407e-02,-3.659568805564862304e-01
5.074000000000000199e+01,2.500000000000000000e+01,9.858494011425312564e+00,-2.394743059006404717e+00,-2.014298177040986015e+00,6.162071659819874370e-01,-9.139023096404269575e-02,8.479786622432428089e-02,-2.644176694924342264e-01,-5.565919218491609533e-01,-1.585957701930799657e-01,-1.859661601874049858e-02,-3.562508050429395445e-01
5.075999999999999801e+01,2.500000000000000000e+01,9.853174347093306196e+00,-2.405878150859905862e+00,-2.018636123685410233e+00,6.178203843497549475e-01,-8.898961872903569936e-02,7.636851930955401713e-02,-2.675281949113449964e-01,-5.568937890168611515e-01,-1.524253941065176199e-01,-1.155458934369451435e-02,-3.468426537422593658e-01
5.078000000000000114e+01,2.500000000000000000e+01,9.847793718616170366e+00,-2.417017857765400457e+00,-2.022870305905174249e+00,6.192619067543694289e-01,-8.666582593188283667e-02,6.764064831341265460e-02,-2.705134827536809228e-01,-5.570527486742448131e-01,-1.460746425678541849e-01,-4.309050369060520025e-03,-3.377394019632959932e-01
5.079999999999999716e+01,2.500000000000000000e+01,9.842354665768517918e+00,-2.428159282144376263e+00,-2.027002807827166464e+00,6.205260102822914847e-01,-8.442023399951735507e-02,5.863906860532885901e-02,-2.733700833123355878e-01,-5.570649216982390683e-01,-1.395592957706428827e-01,3.120888613253416412e-03,-3.289459879018861721e-01
5.082000000000000028e+01,2.500000000000000000e+01,9.836859794163057558e+00,-2.439299452658315825e+00,-2.031035846967694347e+00,6.216074694985824767e-01,-8.225377394708824341e-02,4.938870459887745312e-02,-2.760948624840733334e-01,-5.569268112116094738e-01,-1.328951339084369077e-01,1.071611531133943862e-02,-3.204656106423081074e-01
5.084000000000000341e+01,2.500000000000000000e+01,9.831311768938531870e+00,-2.450435331853617615e+00,-2.034971754990662962e+00,6.225015584662468848e-01,-8.016699492634150881e-02,3.991457440830359360e-02,-2.786850017695300941e-01,-5.566353025829597900e-01,-1.260979371747897038e-01,1.845751743328936934e-02,-3.123000008953520923e-01
5.085999999999999943e+01,2.500000000000000000e+01,9.825713308447625138e+00,-2.461563823806507845e+00,-2.038812960670501440e+00,6.232040524749146160e-01,-7.816012651921609711e-02,3.024177607034950199e-02,-2.811379982732123972e-01,-5.561876634267316488e-01,-1.191834857632541600e-01,2.632598268719546497e-02,-3.044496661558701578e-01
5.088000000000000256e+01,2.500000000000000000e+01,9.820067177944894254e+00,-2.472681781767961162e+00,-2.042561974899793409e+00,6.237112295090607716e-01,-7.623313517563645725e-02,2.039547522054441231e-02,-2.834516647034980297e-01,-5.555815436032049970e-01,-1.121675598673837343e-01,3.430239878114965668e-02,-2.969141120674672063e-01
5.089999999999999858e+01,2.500000000000000000e+01,9.814376183274692522e+00,-2.483786015808617798e+00,-2.046221377587488899e+00,6.240198714837364991e-01,-7.438577521422563843e-02,1.040089411353051219e-02,-2.856241293726359265e-01,-5.548149752184982075e-01,-1.050659396807317458e-01,4.236765342324387562e-02,-2.896920418270935715e-01
5.092000000000000171e+01,2.500000000000000000e+01,9.808643164559089911e+00,-2.494873300463696264e+00,-2.049793806300501675e+00,6.241272652736019610e-01,-7.261763481179045465e-02,2.833018803265474617e-04,-2.876538361967457824e-01,-5.538863726245670804e-01,-9.789440539685134723e-02,5.050263432157023336e-02,-2.827815354601936892e-01
5.093999999999999773e+01,2.500000000000000000e+01,9.802870989885791531e+00,-2.505940382377914499e+00,-2.053281946509085021e+00,6.240312035589495876e-01,-7.092817740445513108e-02,-9.931994080453421248e-03,-2.895395446958187735e-01,-5.527945324192065080e-01,-9.066873720929581604e-02,5.868822918422071655e-02,-2.761802107581815546e-01
5.096000000000000085e+01,2.500000000000000000e+01,9.797062548996063214e+00,-2.516983987950401680e+00,-2.056688523304312621e+00,6.237299855103837221e-01,-6.931677891239106104e-02,-2.021965567567285404e-02,-2.912803299937167800e-01,-5.515386334460488094e-01,-8.340471531161838814e-02,6.690532571928724248e-02,-2.698853676030272819e-01
5.097999999999999687e+01,2.500000000000000000e+01,9.791220746972662425e+00,-2.528000830979622471e+00,-2.060016294464049658e+00,6.232224173319227400e-01,-6.778276118297422992e-02,-3.055432074719632851e-02,-2.928755828181729415e-01,-5.501182367945647300e-01,-7.611811989737234108e-02,7.513481163486201986e-02,-2.638941173156280628e-01
5.100000000000000000e+01,2.500000000000000000e+01,9.785348497927749634e+00,-2.538987620308287507e+00,-2.063268044751778163e+00,6.225078126804958201e-01,-6.632542202533900366e-02,-4.091060884456432234e-02,-2.943250095007915457e-01,-5.485332858000635525e-01,-6.882473116011089687e-02,8.335757463903692432e-02,-2.582034985609363287e-01
5.102000000000000313e+01,2.500000000000000000e+01,9.779448718690808562e+00,-2.549941067468269651e+00,-2.066446581340347866e+00,6.215859929781398785e-01,-6.494406218382342555e-02,-5.126312622080497761e-02,-2.956286319770476956e-01,-5.467841060436919864e-01,-6.154032929338731917e-02,9.155450243990399806e-02,-2.528105812277914310e-01
5.103999999999999915e+01,2.500000000000000000e+01,9.773524322496580652e+00,-2.560857894325525574e+00,-2.069554730260053876e+00,6.204572876316637453e-01,-6.363800956957088584e-02,-6.158647012552087574e-02,-2.967867877862876980e-01,-5.448714053524355005e-01,-5.428069449075486469e-02,9.970648274555532486e-02,-2.477125595781428657e-01
5.106000000000000227e+01,2.500000000000000000e+01,9.767578212672983540e+00,-2.571734840725009352e+00,-2.072595333777281557e+00,6.191225341731190213e-01,-6.240664103919179445e-02,-7.185523246341141146e-02,-2.978001300717288413e-01,-5.427962737991173237e-01,-4.706160694576684567e-02,1.077944032640827804e-01,-2.429068358310509101e-01
5.107999999999999829e+01,2.500000000000000000e+01,9.761613276329025979e+00,-2.582568672135590493e+00,-2.075571248616170816e+00,6.175830783331274221e-01,-6.124940197728965391e-02,-8.204400287989521701e-02,-2.986696275804596179e-01,-5.405601837023989997e-01,-3.989884685197634534e-02,1.157991517035785178e-01,-2.383910952127653027e-01
5.110000000000000142e+01,2.500000000000000000e+01,9.755632378042738750e+00,-2.593356187294969306e+00,-2.078485344941315205e+00,6.158407740579231460e-01,-6.016582390603546215e-02,-9.212737133063875206e-02,-2.993965646634395572e-01,-5.381649896267804989e-01,-3.280819440293680084e-02,1.237016157721345100e-01,-2.341633733659120586e-01
5.111999999999999744e+01,2.500000000000000000e+01,9.749638353549094916e+00,-2.604094225854594491e+00,-2.081340506024305093e+00,6.138979834799019875e-01,-5.915554030987377199e-02,-1.020799301855497276e-01,-2.999825412754991150e-01,-5.356129283825993292e-01,-2.580542979220135785e-02,1.314826831778427019e-01,-2.302221168682717645e-01
5.114000000000000057e+01,2.500000000000000000e+01,9.743634003427931844e+00,-2.614779676024580279e+00,-2.084139628520914389e+00,6.117575768505011391e-01,-5.821830082676286711e-02,-1.118762759136462392e-01,-3.004294729753399507e-01,-5.329066190260318692e-01,-1.890633321332324882e-02,1.391232416287952467e-01,-2.265662374642090637e-01
5.115999999999999659e+01,2.500000000000000000e+01,9.737622086791880349e+00,-2.625409482218623136e+00,-2.086885623288839309e+00,6.094229324433563244e-01,-5.735398391885589836e-02,-1.214910103896915672e-01,-3.007395909255348165e-01,-5.300490628590919240e-01,-1.212668485985585014e-02,1.466041788330840201e-01,-2.231951604583979898e-01
5.117999999999999972e+01,2.500000000000000000e+01,9.731605314974267174e+00,-2.635980652698917570e+00,-2.089581416678074177e+00,6.068979364349135208e-01,-5.656260809487864694e-02,-1.308987418597862273e-01,-3.009154418925273355e-01,-5.270436434296322803e-01,-5.482264925352343943e-03,1.539063824988010365e-01,-2.201088675605785139e-01
5.120000000000000284e+01,2.500000000000000000e+01,9.725586345217067219e+00,-2.646490267221073278e+00,-2.092229952227190104e+00,6.041869827689640982e-01,-5.584434171322102264e-02,-1.400740855989059952e-01,-3.009598882466323344e-01,-5.238941265313432627e-01,1.011146396634144892e-03,1.610107403340385324e-01,-2.173079342998433805e-01
5.121999999999999886e+01,2.500000000000000000e+01,9.719567774358793599e+00,-2.656935484679031845e+00,-2.094834192698902697e+00,6.012949730109574675e-01,-5.519951134841206281e-02,-1.489916642894240084e-01,-3.008761079620357881e-01,-5.206046602037532889e-01,7.337768912550177505e-03,1.678981400468882168e-01,-2.147935619452230327e-01
5.124000000000000199e+01,2.500000000000000000e+01,9.713552132522456972e+00,-2.667313550749986550e+00,-2.097397122387316237e+00,5.982273161973872266e-01,-5.462860865363584201e-02,-1.576261081477170478e-01,-3.006675946167945424e-01,-5.171797747322295358e-01,1.348182242884265504e-02,1.745494693454424096e-01,-2.125676036738215202e-01
5.125999999999999801e+01,2.500000000000000000e+01,9.707541876803448488e+00,-2.677621805539292854e+00,-2.099921749627043255e+00,5.949899286850489633e-01,-5.413229559766512267e-02,-1.659520548215454028e-01,-3.003381573928365356e-01,-5.136243826479769403e-01,1.942752675195815251e-02,1.809456159377928475e-01,-2.106325845160003929e-01
5.128000000000000114e+01,2.500000000000000000e+01,9.701539384957495571e+00,-2.687857691225390866e+00,-2.102411109430937675e+00,5.915892340045254549e-01,-5.371140789544321531e-02,-1.739441490799382706e-01,-2.998919210759610210e-01,-5.099437787280385326e-01,2.515910168834359362e-02,1.870674675320317393e-01,-2.089917143766748531e-01
5.129999999999999716e+01,2.500000000000000000e+01,9.695546949088566180e+00,-2.698018759704718939e+00,-2.104868266178400837e+00,5.880321627218516589e-01,-5.336695638698142619e-02,-1.815770423146130241e-01,-2.993333260558380671e-01,-5.061436399952957688e-01,3.066076704444561235e-02,1.928959118362509884e-01,-2.076488931804262028e-01
5.132000000000000028e+01,2.500000000000000000e+01,9.689566769336794394e+00,-2.708102680236631699e+00,-2.107296316270033554e+00,5.843261523119410716e-01,-5.310012604879454229e-02,-1.888253918709761336e-01,-2.986671283260087795e-01,-5.022300257184680872e-01,3.591674262671101098e-02,1.984118365585426924e-01,-2.066087069139185828e-01
5.134000000000000341e+01,2.500000000000000000e+01,9.683600947566409545e+00,-2.718107247088317635e+00,-2.109698390656745914e+00,5.804791470470114234e-01,-5.291227224546759395e-02,-1.956638602255846848e-01,-2.978983994838855232e-01,-4.982093774121130192e-01,4.091124824158651196e-02,2.035961294069988103e-01,-2.058764130407333137e-01
5.135999999999999943e+01,2.500000000000000000e+01,9.677651481053645810e+00,-2.728030387179712246e+00,-2.112077657142269249e+00,5.764995979029179374e-01,-5.280491374608153876e-02,-2.020671140259846510e-01,-2.970325267307516448e-01,-4.940885188366264114e-01,4.562850369551888635e-02,2.084296780897113566e-01,-2.054579134408378582e-01
5.138000000000000256e+01,2.500000000000000000e+01,9.671720256174685559e+00,-2.737870167728419624e+00,-2.114437322347287651e+00,5.723964624859722017e-01,-5.277972194142289963e-02,-2.080098230105580370e-01,-2.960752128717614173e-01,-4.898746559982422033e-01,5.005272879495484967e-02,2.128933703147724288e-01,-2.053597126804721784e-01
5.139999999999999858e+01,2.500000000000000000e+01,9.665809042093556513e+00,-2.747624803894625600e+00,-2.116780633211098994e+00,5.681792049824958557e-01,-5.283850560395594170e-02,-2.134666588243465668e-01,-2.950324763159404284e-01,-4.855753771490324278e-01,5.416814334634119377e-02,2.169680937902739304e-01,-2.055888590511137370e-01
5.142000000000000171e+01,2.500000000000000000e+01,9.659919484450075089e+00,-2.757292666426018002e+00,-2.119110877892885103e+00,5.638577961329984678e-01,-5.298319043490156560e-02,-2.184122937502923634e-01,-2.939106510761851920e-01,-4.811986527869077657e-01,5.795896715612459948e-02,2.206347362243079036e-01,-2.061528654337571043e-01
5.143999999999999773e+01,2.500000000000000000e+01,9.654053099047757769e+00,-2.766872289302697574e+00,-2.121431385919380297e+00,5.594427132324844010e-01,-5.321579254375143064e-02,-2.228213993759364797e-01,-2.927163867692631483e-01,-4.767528356556161029e-01,6.140942003075190725e-02,2.238741853249664460e-01,-2.070596066556380233e-01
5.146000000000000085e+01,2.500000000000000000e+01,9.648211265541748460e+00,-2.776362377382101787e+00,-2.123745527409098610e+00,5.549449401579612529e-01,-5.353838490855626631e-02,-2.266686452191652990e-01,-2.914566486158131076e-01,-4.722466607447442510e-01,6.450372177666979789e-02,2.266673288003414610e-01,-2.083171896235775922e-01
5.147999999999999687e+01,2.500000000000000000e+01,9.642395221126740523e+00,-2.785761814043916207e+00,-2.126056711185604353e+00,5.503759674237179711e-01,-5.395305577512828771e-02,-2.299286973397745015e-01,-2.901387174403448066e-01,-4.676892452897171149e-01,6.722609220032507715e-02,2.289950543585250464e-01,-2.099337921593601441e-01
5.150000000000000000e+01,2.500000000000000000e+01,9.636606054224893469e+00,-2.795069668834994303e+00,-2.128368381573889412e+00,5.457477922643704238e-01,-5.446185787629707203e-02,-2.325762169679652658e-01,-2.887701896712389082e-01,-4.630900887717973036e-01,6.956075110816445362e-02,2.308382497076091888e-01,-2.119174661523403613e-01
5.152000000000000313e+01,2.500000000000000000e+01,9.630844698173765650e+00,-2.804285205114272816e+00,-2.130684013655249398e+00,5.410729187449978550e-01,-5.506674729693054188e-02,-2.345858591866356591e-01,-2.873589773407473347e-01,-4.584590729180860191e-01,7.149191830663466363e-02,2.321778025556858749e-01,-2.142759004147604673e-01
5.153999999999999915e+01,2.500000000000000000e+01,9.625111924914232731e+00,-2.813407887697688459e+00,-2.133007106737809355e+00,5.363643578969052861e-01,-5.576951078719597638e-02,-2.359322717090517330e-01,-2.859133080849929343e-01,-4.538064617015225011e-01,7.300381360218251292e-02,2.329946006108471745e-01,-2.170161385167101720e-01
5.156000000000000227e+01,2.500000000000000000e+01,9.619408338678402615e+00,-2.822437390503096388e+00,-2.135341175782855760e+00,5.316356278766359855e-01,-5.657168034860816236e-02,-2.365900938027927225e-01,-2.844417251439698147e-01,-4.491429013408843041e-01,7.408065680125469621e-02,2.332695315811851577e-01,-2.201442469407376423e-01
5.157999999999999829e+01,2.500000000000000000e+01,9.613734369677549907e+00,-2.831373604195183802e+00,-2.137689740512516590e+00,5.269007541447937593e-01,-5.747443400058524499e-02,-2.365339554154317625e-01,-2.829530873615430098e-01,-4.444794203007867428e-01,7.470666771029797759e-02,2.329834831747916724e-01,-2.236649291918407223e-01
5.160000000000000142e+01,2.500000000000000000e+01,9.608090267790032613e+00,-2.840216643830390630e+00,-2.140056311913407949e+00,5.221742696600188971e-01,-5.847848179796145962e-02,-2.357384765680539118e-01,-2.814565691854484797e-01,-4.398274292916836137e-01,7.486606613575910729e-02,2.321173430997588716e-01,-2.275810820986692573e-01
5.161999999999999744e+01,2.500000000000000000e+01,9.602476096249212389e+00,-2.848966856501822686e+00,-2.142444375845310223e+00,5.174712150820718337e-01,-5.958393643307687698e-02,-2.341782670898648888e-01,-2.799616606672934993e-01,-4.351987212698666396e-01,7.454307188408482165e-02,2.306519990641786311e-01,-2.318932915280244866e-01
5.164000000000000057e+01,2.500000000000000000e+01,9.596891725331385459e+00,-2.857624828984171472e+00,-2.144857373465676176e+00,5.128071389764244925e-01,-6.079016814241756245e-02,-2.318279267760470219e-01,-2.784781674625563253e-01,-4.306054714374660808e-01,7.372190476172187090e-02,2.285683387761431318e-01,-2.365992661970515443e-01
5.165999999999999659e+01,2.500000000000000000e+01,9.591336826043693975e+00,-2.866191395378627771e+00,-2.147298678192098187e+00,5.081980980110301083e-01,-6.209564417085062377e-02,-2.286620460587620585e-01,-2.770162108305862514e-01,-4.260602372424499573e-01,7.238678457511703301e-02,2.258472499437443048e-01,-2.416932103001732390e-01
5.167999999999999972e+01,2.500000000000000000e+01,9.585810863812056937e+00,-2.874667644757800566e+00,-2.149771568948291467e+00,5.036606571340742633e-01,-6.349775374895796909e-02,-2.246552072880074746e-01,-2.755862276346036088e-01,-4.215759583786248266e-01,7.052193113071705821e-02,2.224696202750741925e-01,-2.471651383635078969e-01
5.170000000000000284e+01,2.500000000000000000e+01,9.580313092169090439e+00,-2.883054928810634188e+00,-2.152279199477546090e+00,4.992118897195084171e-01,-6.499262043027891067e-02,-2.197819867243637759e-01,-2.741989703416998769e-01,-4.171659567856349504e-01,6.811156423496866896e-02,2.184163374782247535e-01,-2.530001391806708244e-01
5.171999999999999886e+01,2.500000000000000000e+01,9.574842546442029700e+00,-2.891354869487324564e+00,-2.154824563563841888e+00,4.948693776650998633e-01,-6.657490472842605977e-02,-2.140169573463275299e-01,-2.728655070228375723e-01,-4.128439366489630724e-01,6.513990369431862937e-02,2.136682892612881135e-01,-2.591775999304225531e-01
5.174000000000000199e+01,2.500000000000000000e+01,9.569398037440651095e+00,-2.899569366644233703e+00,-2.157410456078002969e+00,4.906512114256555424e-01,-6.823760129157074861e-02,-2.073346925753796199e-01,-2.715972213528501378e-01,-4.086239843999300292e-01,6.159116931521367577e-02,2.082063633323562035e-01,-2.656704066505944928e-01
5.175999999999999801e+01,2.500000000000000000e+01,9.563978145145199505e+00,-2.907700605688809947e+00,-2.160039429867109284e+00,4.865759899620848428e-01,-6.997183634086807935e-02,-1.997097710119479785e-01,-2.704058126104424420e-01,-4.045205687156948615e-01,5.744958090410053064e-02,2.020114473995210103e-01,-2.724441431088820420e-01
5.178000000000000114e+01,2.500000000000000000e+01,9.558581212394301474e+00,-2.915751065224503336e+00,-2.162713748632343336e+00,4.826628205851778430e-01,-7.176667274639142446e-02,-1.911167822637089841e-01,-2.693032956781898912e-01,-4.005485405192546478e-01,5.269935826742601359e-02,1.950644291708746314e-01,-2.794563166550255162e-01
5.179999999999999716e+01,2.500000000000000000e+01,9.553205338572894334e+00,-2.923723524695680975e+00,-2.165435336095132612e+00,4.789313186715365989e-01,-7.360893185909435366e-02,-1.815303339250249337e-01,-2.683020010425394286e-01,-3.967231329794446704e-01,4.732472121163683321e-02,1.873461963545089981e-01,-2.866556466433442529e-01
5.182000000000000028e+01,2.500000000000000000e+01,9.547848373300155345e+00,-2.931621072032546405e+00,-2.168205721934338470e+00,4.754016072281771477e-01,-7.548304296878709241e-02,-1.709250597354348145e-01,-2.674145747938088680e-01,-3.930599615109384715e-01,4.130988954317970502e-02,1.788376366585162081e-01,-2.939814581365353674e-01
5.184000000000000341e+01,2.500000000000000000e+01,9.542507910117402403e+00,-2.939447111296053627e+00,-2.171025985187190699e+00,4.720943162821181205e-01,-7.737093288967386573e-02,-1.592756289042362994e-01,-2.666539786261870604e-01,-3.895750237742475752e-01,3.463908306850143476e-02,1.695196377909882479e-01,-3.013632303539652835e-01
5.185999999999999943e+01,2.500000000000000000e+01,9.537181280176046272e+00,-2.947205370322827367e+00,-2.173896696040454213e+00,4.690305820720077068e-01,-7.925196952423034513e-02,-1.465567565349399359e-01,-2.660334898377340052e-01,-3.862846996757218765e-01,2.729652159404875184e-02,1.593730874600171321e-01,-3.087203550695642451e-01
5.188000000000000256e+01,2.500000000000000000e+01,9.531865545925485961e+00,-2.954899908370074879e+00,-2.176817857190091132e+00,4.662320460207207695e-01,-8.110297412784392423e-02,-1.327432150223231133e-01,-2.655667013303806279e-01,-3.832057513675491967e-01,1.926642492626839953e-02,1.483788733736948473e-01,-3.159621641072067333e-01
5.189999999999999858e+01,2.500000000000000000e+01,9.526557494801052073e+00,-2.962535123760508426e+00,-2.179788846208644770e+00,4.637208534711147467e-01,-8.289831717098068709e-02,-1.178098462198349239e-01,-2.652675216099291688e-01,-3.803553232477557833e-01,1.053301287160711246e-02,1.365178832401134634e-01,-3.229882863154365791e-01
5.192000000000000171e+01,2.500000000000000000e+01,9.521253632911914622e+00,-2.970115761527256648e+00,-2.182808360617567001e+00,4.615196521719275857e-01,-8.461011194348763698e-02,-1.017315740956465930e-01,-2.651501747860525726e-01,-3.777509419602058660e-01,1.080505236511785250e-03,1.237710047673650782e-01,-3.296893919527170147e-01
5.193999999999999773e+01,2.500000000000000000e+01,9.515950178729010389e+00,-2.977646921058785701e+00,-2.185874367601310375e+00,4.596515905072888764e-01,-8.620851815014987651e-02,-8.448341751040544523e-02,-2.652292005722952650e-01,-3.754105163946017121e-01,-9.106878172571070823e-03,1.101191256635414978e-01,-3.359483753235399939e-01
5.196000000000000085e+01,2.500000000000000000e+01,9.510643056772972059e+00,-2.985134063743813737e+00,-2.188984060502546125e+00,4.581403154715115167e-01,-8.766216453178207746e-02,-6.604050266447281103e-02,-2.655194542860723761e-01,-3.733523376864840149e-01,-2.004491754919459495e-02,9.554313363673480608e-02,-3.416420139593941974e-01
5.197999999999999687e+01,2.500000000000000000e+01,9.505327891302043142e+00,-2.992583020616227163e+00,-2.192133824382435314e+00,4.570099704007098973e-01,-8.893869491001370198e-02,-4.637807468500732000e-02,-2.660361068486702951e-01,-3.715950792172315609e-01,-3.174939308691204776e-02,8.002391639503705911e-02,-3.466431241097285287e-01
5.200000000000000000e+01,2.600000000000000000e+01,9.500000000000000000e+00,-3.000000000000000000e+00,-2.195319212994026437e+00,4.562851924841114237e-01,-9.000543600371888053e-02,-3.683119075179774882e-02,-2.667946447852465042e-01,-3.701577966140612297e-01,-4.423608497927666861e-02,6.354236164654025742e-02,-3.508232077227978474e-01
5.202000000000000313e+01,2.600000000000000000e+01,9.494656940102673914e+00,-3.007389702931541731e+00,-2.198222206364456977e+00,4.555367227706377808e-01,-7.362628218634426069e-02,-4.870987313002039798e-02,-2.674286859558393514e-01,-3.687758177003285787e-01,-1.943781698692068766e-02,7.454624464468750933e-02,-2.867234588844940757e-01
5.203999999999999915e+01,2.600000000000000000e+01,9.489306051692107502e+00,-3.014749608991188268e+00,-2.200558526886890576e+00,4.543367975589107655e-01,-5.846277990914222622e-02,-7.060143976861077419e-02,-2.675828347537687613e-01,-3.671802720207391069e-01,3.758857648609740566e-03,8.490134877301330762e-02,-2.275198354776504228e-01
5.206000000000000227e+01,2.600000000000000000e+01,9.483956614579229338e+00,-3.022075575675179593e+00,-2.202370441353204367e+00,4.527126651798933366e-01,-4.437363268483443535e-02,-9.113287574989925588e-02,-2.672887807244784253e-01,-3.653839965202415052e-01,2.538817109661924837e-02,9.462153727631750222e-02,-1.726055580989340199e-01
5.207999999999999829e+01,2.600000000000000000e+01,9.478617281630484115e+00,-3.029363714446006384e+00,-2.203696398768678399e+00,4.506914825289149440e-01,-3.123953013466130094e-02,-1.103112301812121387e-01,-2.665775287700254959e-01,-3.633995508788879225e-01,4.548435552641248020e-02,1.037206733993998597e-01,-1.214759821504714787e-01
5.210000000000000142e+01,2.600000000000000000e+01,9.473296092460724793e+00,-3.036610385187111127e+00,-2.204571631830478662e+00,4.483002159726448554e-01,-1.896059543438950029e-02,-1.281481423765775673e-01,-2.654793991490812521e-01,-3.612392175118349646e-01,6.408164310729407009e-02,1.122126203870601746e-01,-7.371377220190744595e-02
5.211999999999999744e+01,2.600000000000000000e+01,9.468000487126053244e+00,-3.043812190657590566e+00,-2.205028680342757230e+00,4.455655568338521277e-01,-7.454198985733894237e-03,-1.446591754844934741e-01,-2.640240274769311002e-01,-3.589150015693429174e-01,8.121426600856865297e-02,1.201112414840982412e-01,-2.897701478404861308e-02
5.214000000000000057e+01,2.600000000000000000e+01,9.462737319816699966e+00,-3.050965970946898587e+00,-2.205097849601532989e+00,4.425138489532650654e-01,3.346889390431650579e-03,-1.598632628137721667e-01,-2.622403647254738512e-01,-3.564386309367764682e-01,9.691645639954087066e-02,1.274303999353138539e-01,1.301030860020564034e-02
5.215999999999999659e+01,2.600000000000000000e+01,9.457512872549900251e+00,-3.058068797929547333e+00,-2.204807614387954473e+00,4.391710263213014498e-01,1.349604559406776018e-02,-1.737822446621368755e-01,-2.601566772232228320e-01,-3.538215562346040954e-01,1.112224464495154136e-01,1.341839589855068626e-01,5.246594774846400494e-02
5.217999999999999972e+01,2.600000000000000000e+01,9.452332868862740156e+00,-3.065117969719804769e+00,-2.204184977241497201e+00,4.355625591667796614e-01,2.303407204217658780e-02,-1.864404778555002196e-01,-2.578005466553046632e-01,-3.510749508183979017e-01,1.241664683277968750e-01,1.403857818794770063e-01,8.955547764589964765e-02
5.220000000000000284e+01,2.600000000000000000e+01,9.447202487505037993e+00,-3.072111005126408667e+00,-2.203255788058385622e+00,4.317134072070802908e-01,3.199025185100744934e-02,-1.978645036318589234e-01,-2.551988700634602036e-01,-3.482097107788343360e-01,1.357827542036898760e-01,1.460497318620240514e-01,1.243971584356664967e-01
5.221999999999999886e+01,2.600000000000000000e+01,9.442126376132225829e+00,-3.079045638107255289e+00,-2.202045030705712669e+00,4.276479790215055310e-01,4.038321205817591020e-02,-2.080827621830501073e-01,-2.523778598460442169e-01,-3.452364549416942485e-01,1.461055362464990792e-01,1.511896721779478758e-01,1.570658066203274861e-01
5.224000000000000199e+01,2.600000000000000000e+01,9.437108664998190122e+00,-3.085919812224112047e+00,-2.200577081203189067e+00,4.233900967197584686e-01,4.822162890500700239e-02,-2.171253442761944541e-01,-2.493630437580254544e-01,-3.421655248678620032e-01,1.551690466255291334e-01,1.558194660720481906e-01,1.875958822063600040e-01
5.225999999999999801e+01,2.600000000000000000e+01,9.432152980648153218e+00,-3.092731675097312838e+00,-2.198875941058521022e+00,4.189629652504580082e-01,5.550480553071758527e-02,-2.250237720430359190e-01,-2.461792649109861841e-01,-3.390069848533256991e-01,1.630075175100847429e-01,1.599529767891249565e-01,2.159839661344702677e-01
5.228000000000000114e+01,2.600000000000000000e+01,9.427262459611545964e+00,-3.099479572860462273e+00,-2.196965448514535790e+00,4.143891458380370985e-01,6.222315000674598362e-02,-2.318108023603322465e-01,-2.428506817731231338e-01,-3.357706219291784477e-01,1.696551810694704454e-01,1.636040675739777184e-01,2.421907798384577981e-01
5.229999999999999716e+01,2.600000000000000000e+01,9.422439762094859006e+00,-3.106162044615138118e+00,-2.194869469749487045e+00,4.096905331560449781e-01,6.835857960120131360e-02,-2.375202473202691067e-01,-2.394007681692464917e-01,-3.324659458616161523e-01,1.751462694729908065e-01,1.667866016714064370e-01,2.661428824067614829e-01
5.232000000000000028e+01,2.600000000000000000e+01,9.417687085674527836e+00,-3.112777816885592852e+00,-2.192612071445646293e+00,4.048883359452264963e-01,7.388487557237471970e-02,-2.421868071758837004e-01,-2.358523132807806011e-01,-3.291021891519396725e-01,1.795150148899506970e-01,1.695144423262109623e-01,2.877341691789721545e-01
5.234000000000000341e+01,2.600000000000000000e+01,9.413006178989792971e+00,-3.119325798073458333e+00,-2.190217675589709589e+00,4.000030608690081091e-01,7.876801167136504578e-02,-2.458459118896350049e-01,-2.322274216457634877e-01,-3.256883070365532706e-01,1.827956494896546547e-01,1.718014527831909499e-01,3.068272875272112232e-01
5.235999999999999943e+01,2.600000000000000000e+01,9.408398355435572569e+00,-3.125805072912443361e+00,-2.187711196880353537e+00,3.950544994696413292e-01,8.296647889875832793e-02,-2.485335680540377012e-01,-2.285475131588474706e-01,-3.222329774869656105e-01,1.850224054414072450e-01,1.736614962871463053e-01,3.232550800464540908e-01
5.238000000000000256e+01,2.600000000000000000e+01,9.403864506855304839e+00,-3.132214896923035674e+00,-2.185118162685713017e+00,3.900617181468468142e-01,8.643162892100129946e-02,-2.502862085284984772e-01,-2.248333230712982189e-01,-3.187446012097889803e-01,1.862295149145132278e-01,1.751084360828767117e-01,3.368221615151679171e-01
5.239999999999999858e+01,2.600000000000000000e+01,9.399405117233861517e+00,-3.138554690867209729e+00,-2.182464815111970768e+00,3.850430511285016233e-01,8.910805892666830152e-02,-2.511405426643218419e-01,-2.211049019909959168e-01,-3.152313016467400697e-01,1.864512100782771964e-01,1.761561354151821024e-01,3.473067329645050938e-01
5.242000000000000171e+01,2.600000000000000000e+01,9.395020276390376068e+00,-3.144824035203125145e+00,-2.179778194411620795e+00,3.800160964402741759e-01,9.093406161349773531e-02,-2.511334055023297651e-01,-2.173816158824340428e-01,-3.117009249746391930e-01,1.857217231020036607e-01,1.768184575288621330e-01,3.544627332300883116e-01
5.243999999999999773e+01,2.600000000000000000e+01,9.390709693671134062e+00,-3.151022664539828710e+00,-2.177086202676559612e+00,3.749977149084086081e-01,9.184216546069839948e-02,-2.503016048324848697e-01,-2.136821460667206463e-01,-3.081610401054110659e-01,1.840752861549974362e-01,1.771092656687166533e-01,3.580224247009097249e-01
5.246000000000000085e+01,2.600000000000000000e+01,9.386472711642426248e+00,-3.157150462091955045e+00,-2.174417646528989057e+00,3.700040322469750342e-01,9.175979245065957191e-02,-2.486817655205779687e-01,-2.100244892215770154e-01,-3.046189386860840287e-01,1.815461314065631160e-01,1.770424230795454856e-01,3.576995048918149012e-01
5.247999999999999687e+01,2.600000000000000000e+01,9.382308319783428274e+00,-3.163207454134433494e+00,-2.171802257345922360e+00,3.650504442875857070e-01,9.061006289976092365e-02,-2.463101710399886457e-01,-2.064259573813388704e-01,-3.010816350987907120e-01,1.781684910260053212e-01,1.766317930061484520e-01,3.531928282391642027e-01
5.250000000000000000e+01,2.600000000000000000e+01,9.378215168179057315e+00,-3.169193804457183017e+00,-2.169270687435587153e+00,3.601516254053756527e-01,8.831277988500084442e-02,-2.432226027015893521e-01,-2.029031779369555866e-01,-2.975558664607675929e-01,1.739765971826287561e-01,1.758912386933253469e-01,3.441908124777617872e-01
5.252000000000000313e+01,2.600000000000000000e+01,9.374191581212851787e+00,-3.175109808819821744e+00,-2.166854480531935412e+00,3.553215401795206119e-01,8.478562860813088076e-02,-2.394541776527905341e-01,-1.994720936359904440e-01,-2.940480926243551618e-01,1.690046820457379306e-01,1.748346233858758536e-01,3.303765904770176731e-01
5.253999999999999915e+01,2.600000000000000000e+01,9.370235571259822649e+00,-3.180955889406365422e+00,-2.164586014992823326e+00,3.505734582992641735e-01,7.994562840310082130e-02,-2.350391873111323804e-01,-1.961479625826207940e-01,-2.905644961769980328e-01,1.632869777846376325e-01,1.734758103285999054e-01,3.114339509477919155e-01
5.256000000000000227e+01,2.600000000000000000e+01,9.366344852379347330e+00,-3.186732589279927197e+00,-2.162498418184490401e+00,3.459199726870754721e-01,7.371087615855709263e-02,-2.300109385041579912e-01,-1.929453582376376708e-01,-2.871109824412446665e-01,1.568577165686324548e-01,1.718286627662972688e-01,2.870540895353859145e-01
5.257999999999999829e+01,2.600000000000000000e+01,9.362516854008001488e+00,-3.192440566837424054e+00,-2.160625450715571105e+00,3.413730207590979782e-01,6.600261853088348896e-02,-2.244016001832029872e-01,-1.898781694184461799e-01,-2.836931794747476476e-01,1.497511305670269632e-01,1.699070439437677105e-01,2.569431651835490937e-01
5.260000000000000142e+01,2.600000000000000000e+01,9.358748734652465373e+00,-3.198080590264277490e+00,-2.159001359453361246e+00,3.369439086797476057e-01,5.674768490206217458e-02,-2.182420591549849576e-01,-1.869596002990651928e-01,-2.803164380702634628e-01,1.420014519491258065e-01,1.677248171058109694e-01,2.208306251575622436e-01
5.261999999999999744e+01,2.600000000000000000e+01,9.355037395582360915e+00,-3.203653531989114622e+00,-2.157660698617645423e+00,3.326433383928986687e-01,4.588130164777937114e-02,-2.115617887994218904e-01,-1.842021704101277080e-01,-2.769858317556527227e-01,1.336429128842337444e-01,1.652958454972269231e-01,1.784782258321127857e-01
5.264000000000000057e+01,2.600000000000000000e+01,9.351379494523131441e+00,-3.209160363138470196e+00,-2.156638118705975327e+00,3.284814371277710032e-01,3.335028873086652579e-02,-2.043887351913813433e-01,-1.816177146388804342e-01,-2.737061567938798845e-01,1.247097455416553008e-01,1.626339923628153383e-01,1.296896356159737695e-01
5.265999999999999659e+01,2.600000000000000000e+01,9.347771459348916068e+00,-3.214602147991490355e+00,-2.155968123560059624e+00,3.244677889852435326e-01,1.911660977753347132e-02,-1.967492253856484297e-01,-1.792173832291840130e-01,-2.704819321830135292e-01,1.152361820906952633e-01,1.597531209473760372e-01,7.432046183221441282e-02
5.267999999999999972e+01,2.600000000000000000e+01,9.344209501775408100e+00,-3.219980038434632874e+00,-2.155684796534856229e+00,3.206114681123452548e-01,3.161205059853613216e-03,-1.886679028237150391e-01,-1.770116417815131293e-01,-2.673173996562263621e-01,1.052564547006580725e-01,1.566670944957088141e-01,1.228849597706073611e-02
5.270000000000000284e+01,2.600000000000000000e+01,9.340689631052718767e+00,-3.225295268416369154e+00,-2.155821497476542614e+00,3.169210728722937631e-01,-1.451201700697004812e-02,-1.801676948452550775e-01,-1.750102712529562343e-01,-2.642165236817947682e-01,9.480479554084855764e-02,1.533897762526134911e-01,-5.641607708376585040e-02
5.271999999999999886e+01,2.600000000000000000e+01,9.337207667658264043e+00,-3.230549148401891557e+00,-2.156410533046023925e+00,3.134047603185351472e-01,-3.387221797845920562e-02,-1.712698171003124159e-01,-1.732223679572156561e-01,-2.611829914630994232e-01,8.391543678057128419e-02,1.499350294628898628e-01,-1.317208089332238263e-01
5.274000000000000199e+01,2.600000000000000000e+01,9.333759256989603514e+00,-3.235743059827802970e+00,-2.157482803830586882e+00,3.100702801882814774e-01,-5.485795331997483232e-02,-1.619938192351844108e-01,-1.716563435646077940e-01,-2.582202129386247380e-01,7.262261058913081768e-02,1.463167173713376124e-01,-2.134618052252150733e-01
5.275999999999999801e+01,2.600000000000000000e+01,9.330339883057337858e+00,-3.240878449556835683e+00,-2.159067432652586493e+00,3.069250075491278262e-01,-7.737410113810712364e-02,-1.523576755342554989e-01,-1.703199251020628691e-01,-2.553313207819594144e-01,6.096054913583186241e-02,1.425487032227565898e-01,-3.013756202125724148e-01
5.278000000000000114e+01,2.600000000000000000e+01,9.326944882177953033e+00,-3.245956824332539181e+00,-2.161191379490102094e+00,3.039759731669114395e-01,-1.012897583999405882e-01,-1.423779232349895452e-01,-1.692201549531248683e-01,-2.525191704017960004e-01,4.896348458997900471e-02,1.386448502619466450e-01,-3.950926486766595525e-01
5.279999999999999716e+01,2.600000000000000000e+01,9.323569456666708888e+00,-3.250979745233990137e+00,-2.163879049443226510e+00,3.012298906197283244e-01,-1.264374758915821073e-01,-1.320698499844565887e-01,-1.683633908579519889e-01,-2.497863399419311403e-01,3.666564912087701134e-02,1.346190217337076278e-01,-4.941324543418846305e-01
5.282000000000000028e+01,2.600000000000000000e+01,9.320208688530488672e+00,-3.255948822130492637e+00,-2.167151901176564532e+00,2.986931791675333514e-01,-1.526141612524247460e-01,-1.214477303878043202e-01,-1.677553059133161106e-01,-2.471351302812652140e-01,2.410127489783033330e-02,1.304850808828391107e-01,-5.979014753728136844e-01
5.284000000000000341e+01,2.600000000000000000e+01,9.316857553160675209e+00,-3.260865708136277075e+00,-2.171028064201035335e+00,2.963719814042153899e-01,-1.795838774315404729e-01,-1.105251098425670264e-01,-1.674008885726030738e-01,-2.445675650338031137e-01,1.130459409014402533e-02,1.262568909541412210e-01,-7.056935275738119850e-01
5.285999999999999943e+01,2.600000000000000000e+01,9.313510933026018179e+00,-3.265732094065208369e+00,-2.175521974175331330e+00,2.942721747738306637e-01,-2.070826031797362021e-01,-9.931513190556717774e-02,-1.673044426458125955e-01,-2.420853905486531898e-01,-1.690161132877852305e-03,1.219483151924134479e-01,-8.166934802236340829e-01
5.288000000000000256e+01,2.600000000000000000e+01,9.310163631365497849e+00,-3.270549702885481747e+00,-2.180644036050820578e+00,2.923993761279928827e-01,-2.348248186421575401e-01,-8.783090337779775325e-02,-1.674695872995584089e-01,-2.396900759100281386e-01,-1.484875860193037717e-02,1.175732168424556690e-01,-9.299844045589708008e-01
5.289999999999999858e+01,2.600000000000000000e+01,9.306810385881203018e+00,-3.275320284174329633e+00,-2.186400325288857527e+00,2.907589386387187669e-01,-2.625115631247473269e-01,-7.608588920611580875e-02,-1.678992570570680409e-01,-2.373828129372445028e-01,-2.813696614770876819e-02,1.131454591490677897e-01,-1.044558388575121954e+00
5.292000000000000171e+01,2.600000000000000000e+01,9.303445882431180536e+00,-3.280045608572721427e+00,-2.192792337479039677e+00,2.893559405597483924e-01,-2.898394232031391016e-01,-6.409432730782604892e-02,-1.685957017981828954e-01,-2.351645161847229493e-01,-4.152055160090858260e-02,1.086789053570495073e-01,-1.159331073881253671e+00
5.293999999999999773e+01,2.600000000000000000e+01,9.300064768722329234e+00,-3.284727462240065510e+00,-2.199816796415603903e+00,2.881951655464056739e-01,-3.165097864507140923e-01,-5.187165165203566630e-02,-1.695604867593584197e-01,-2.330358229419880467e-01,-5.496528279222516467e-02,1.041874187112006717e-01,-1.273159803438239868e+00
5.296000000000000085e+01,2.600000000000000000e+01,9.296661668003240564e+00,-3.289367641308910795e+00,-2.207465529989579345e+00,2.872810744936670768e-01,-3.422376662430919314e-01,-3.943491051826608640e-02,-1.707944925336639386e-01,-2.309970932336684046e-01,-6.843692755235375458e-02,9.968486245632104947e-02,-1.384865079094835805e+00
5.297999999999999687e+01,2.600000000000000000e+01,9.293231192757085424e+00,-3.293967946339653174e+00,-2.215725422084885654e+00,2.866177691256749926e-01,-3.667594730408852977e-01,-2.680316593577813933e-02,-1.722979150707826257e-01,-2.290484098194967011e-01,-8.190125371198980764e-02,9.518509983721044898e-02,-1.493254824610192211e+00
5.300000000000000000e+01,2.600000000000000000e+01,9.289767958394472558e+00,-3.298530176775231304e+00,-2.224578447009188498e+00,2.862089478562360734e-01,-3.898392613867684431e-01,-1.399786000659108964e-02,-1.740702656770115597e-01,-2.271895781943095161e-01,-9.532402910182868894e-02,9.070199409866863682e-02,-1.597150746619484529e+00
5.302000000000000313e+01,2.600000000000000000e+01,9.286266596946317620e+00,-3.303056125395832598e+00,-2.234001790858143544e+00,2.860578547254112869e-01,-4.112731861941303357e-01,-1.043134227534991965e-03,-1.761103710152617519e-01,-2.254201265880474703e-01,-1.086710215525657358e-01,8.624940848549546291e-02,-1.695415899054949715e+00
5.303999999999999915e+01,2.600000000000000000e+01,9.282721770756710455e+00,-3.307547572773593902e+00,-2.243968061655105650e+00,2.861672224871345538e-01,-4.308921160131450878e-01,1.203391089781646883e-02,-1.784163731050581181e-01,-2.237393059657552530e-01,-1.219079988948962856e-01,8.184120624249066611e-02,-1.786982403871762326e+00
5.306000000000000227e+01,2.600000000000000000e+01,9.279128186175784165e+00,-3.312006281727304824e+00,-2.254445587218057767e+00,2.865392111613240256e-01,-4.485625378863934976e-01,2.520302672726337789e-02,-1.809857293225395347e-01,-2.221460900275813999e-01,-1.350007289595156479e-01,7.749125061445413798e-02,-1.870878180388702017e+00
5.307999999999999829e+01,2.600000000000000000e+01,9.275480607252594822e+00,-3.316433991777107515e+00,-2.265398796611459264e+00,2.871753435562249823e-01,-4.641860231907963263e-01,3.843070595939135359e-02,-1.838152124004586718e-01,-2.206391752087785985e-01,-1.479149795771193543e-01,7.321340484618552025e-02,-1.946251502555859547e+00
5.310000000000000142e+01,2.600000000000000000e+01,9.271773869427960335e+00,-3.320832413599201782e+00,-2.276788677906162572e+00,2.880764393996997352e-01,-4.776975967094432285e-01,5.168015564377004267e-02,-1.869009104281821598e-01,-2.192169806797035214e-01,-1.606165185784025895e-01,6.902153218248480160e-02,-2.012392248624624624e+00
5.311999999999999744e+01,2.600000000000000000e+01,9.268002893227352601e+00,-3.325203223480544867e+00,-2.288573301981307928e+00,2.892425497819756663e-01,-4.890633658422257057e-01,6.491135504034062365e-02,-1.902382268516906172e-01,-2.178776483458167434e-01,-1.730711137940607880e-01,6.492949586815162377e-02,-2.068748834754204680e+00
5.314000000000000057e+01,2.600000000000000000e+01,9.264162697953757686e+00,-3.329548057773553893e+00,-2.300708399451058650e+00,2.906728936013133757e-01,-4.982777361042929343e-01,7.808119588769901753e-02,-1.938218804735784007e-01,-2.166190428476830188e-01,-1.852445330547893843e-01,6.095115914798582279e-02,-2.114940028527044102e+00
5.315999999999999659e+01,2.600000000000000000e+01,9.260248415380548437e+00,-3.333868507350809196e+00,-2.313147975668380152e+00,2.923657976174834361e-01,-5.053604793734559619e-01,9.114369897667007336e-02,-1.976459054530539383e-01,-2.154387515609709203e-01,-1.971025441912835352e-01,5.710038526678723469e-02,-2.150761107091653468e+00
5.317999999999999972e+01,2.600000000000000000e+01,9.256255303444339333e+00,-3.338166112059755442e+00,-2.325844947300452770e+00,2.943186415603801787e-01,-5.103538486769078064e-01,1.040502976151689296e-01,-2.017036513059394798e-01,-2.143340845964530894e-01,-2.086109150342386753e-01,5.339103746935567468e-02,-2.176184137034891553e+00
5.320000000000000284e+01,2.600000000000000000e+01,9.252178759937862651e+00,-3.342442355177402291e+00,-2.338751783292540409e+00,2.965278095220908461e-01,-5.133198604604009008e-01,1.167501758412594626e-01,-2.059877829046711795e-01,-2.133020748000062361e-01,-2.197354134143503779e-01,4.983697900049082613e-02,-2.191352483003088825e+00
5.321999999999999886e+01,2.600000000000000000e+01,9.248014336202842856e+00,-3.346698657865029514e+00,-2.351821133187791624e+00,2.989886485940304039e-01,-5.143378009910489768e-01,1.291906472750428136e-01,-2.104902804782991799e-01,-2.123394777526109722e-01,-2.304418071623137165e-01,4.645207310499260833e-02,-2.196569971097477314e+00
5.324000000000000199e+01,2.600000000000000000e+01,9.243757750822851449e+00,-3.350936373622888542e+00,-2.365006426734248990e+00,3.016954354130925164e-01,-5.135019626904225865e-01,1.413175594097344501e-01,-2.152024396124873895e-01,-2.114427717703520893e-01,-2.406958641088242923e-01,4.325018302766070466e-02,-2.192285413902235192e+00
5.325999999999999801e+01,2.600000000000000000e+01,9.239404903316181361e+00,-3.355156782744900923e+00,-2.378262430409645134e+00,3.046413509704195555e-01,-5.109195806180827359e-01,1.530757079602445003e-01,-2.201148712495137882e-01,-2.106081579044181140e-01,-2.504633520845772066e-01,4.024517201329504135e-02,-2.179073423949771549e+00
5.328000000000000114e+01,2.600000000000000000e+01,9.234951887828716011e+00,-3.359361086773364313e+00,-2.391545748797862192e+00,3.078184637315022343e-01,-5.067089187599793654e-01,1.644092465746940235e-01,-2.252175016882701220e-01,-2.098315599411018362e-01,-2.597100389202680049e-01,3.745090330669530870e-02,-2.157612585966213192e+00
5.329999999999999716e+01,2.600000000000000000e+01,9.230395006826794813e+00,-3.363550402953653151e+00,-2.404815261487423861e+00,3.112177208334070966e-01,-5.009974486407158256e-01,1.752620786538265918e-01,-2.304995725842620413e-01,-2.091086244017998919e-01,-2.684016924465919551e-01,3.488124015266134970e-02,-2.128662118542982817e+00
5.332000000000000028e+01,2.600000000000000000e+01,9.225730784790073358e+00,-3.367725758688920656e+00,-2.418032489139777752e+00,3.148289468776552247e-01,-4.939200667420918789e-01,1.855782200536362225e-01,-2.359496409496092961e-01,-2.084347205430129302e-01,-2.765040804942445196e-01,3.255004579599294484e-02,-2.093038134998030930e+00
5.334000000000000341e+01,2.600000000000000000e+01,9.220955981904412013e+00,-3.371888085994802164e+00,-2.431161885398849698e+00,3.186408496355537245e-01,-4.856173095408678475e-01,1.953021238687906447e-01,-2.415555791530453467e-01,-2.078049403563457243e-01,-2.839829708939209940e-01,3.047118348148990241e-02,-2.051590520988030519e+00
5.335999999999999943e+01,2.600000000000000000e+01,9.216067607754718338e+00,-3.376038215954114019e+00,-2.444171054204022919e+00,3.226410318324066662e-01,-4.762335427590044801e-01,2.043789611037629683e-01,-2.473045749199175858e-01,-2.072140985685069214e-01,-2.908041314763166185e-01,2.865851645395203068e-02,-2.005181298580393179e+00
5.338000000000000256e+01,2.600000000000000000e+01,9.211062935017835684e+00,-3.380176873171560903e+00,-2.457030894676249133e+00,3.268160080797041234e-01,-4.659151217068793760e-01,2.127548536435543980e-01,-2.531831313321874499e-01,-2.066567326413092098e-01,-2.969333300721269664e-01,2.712590795817911710e-02,-1.954665161934141748e+00
5.339999999999999858e+01,2.600000000000000000e+01,9.205939513155396270e+00,-3.384304670228431178e+00,-2.469715677959947175e+00,3.311512259781486112e-01,-4.548085395908154083e-01,2.203770583650559445e-01,-2.591770668284301138e-01,-2.061271027716693183e-01,-3.023363345120473333e-01,2.588722123897092137e-02,-1.900872668096865503e+00
5.342000000000000171e+01,2.600000000000000000e+01,9.200695182106693792e+00,-3.388422102137305991e+00,-2.482203062152752437e+00,3.356310904143061657e-01,-4.430585978792402901e-01,2.271941033650932695e-01,-2.652715152038346291e-01,-2.056191918916079608e-01,-3.069789126267729040e-01,2.495631954112730033e-02,-1.844596365754763267e+00
5.343999999999999773e+01,2.600000000000000000e+01,9.195328085981559596e+00,-3.392529540796755061e+00,-2.494474052713901546e+00,3.402389901127521044e-01,-4.308066453429129639e-01,2.331558790320382712e-01,-2.714509256102042856e-01,-2.051267056682498091e-01,-3.108268322469991962e-01,2.434706610944800328e-02,-1.786579959904859516e+00
5.346000000000000085e+01,2.600000000000000000e+01,9.189836686753213968e+00,-3.396627229446043117e+00,-2.506512916520006407e+00,3.449573255755875589e-01,-4.181889389871879525e-01,2.382136880197069928e-01,-2.776990625559559445e-01,-2.046430725038235754e-01,-3.138458612034216166e-01,2.407332418873286625e-02,-1.727510452030192933e+00
5.347999999999999687e+01,2.600000000000000000e+01,9.184219777951147634e+00,-3.400715277119830571e+00,-2.518307058073710802e+00,3.497675376335401820e-01,-4.053351803853456614e-01,2.423202590912829635e-01,-2.839990059061204275e-01,-2.041614435356620405e-01,-3.160017673267354610e-01,2.414895702378165587e-02,-1.668013069737029230e+00
5.350000000000000000e+01,2.600000000000000000e+01,9.178476498353987267e+00,-3.404793653102875517e+00,-2.529846866326876942e+00,3.546501359392386643e-01,-3.923672753307059780e-01,2.454297303170118738e-01,-2.903331508823426277e-01,-2.036746926362019150e-01,-3.172603184476360805e-01,2.458782785939417348e-02,-1.608648709186252468e+00
5.352000000000000313e+01,2.600000000000000000e+01,9.172606345682350337e+00,-3.408862181384734846e+00,-2.541125540228438062e+00,3.595847268462221691e-01,-3.793983543816351611e-01,2.474976072824883744e-01,-2.966832080628811208e-01,-2.031754164129838669e-01,-3.175872823968187708e-01,2.540379994037024469e-02,-1.549913556905442302e+00
5.353999999999999915e+01,2.600000000000000000e+01,9.166609190291731935e+00,-3.412920535114468024e+00,-2.552138900525271037e+00,3.645500402305379972e-01,-3.665320783885935296e-01,2.484807018555841296e-01,-3.030302033826085539e-01,-2.026559342086526883e-01,-3.169484270049790497e-01,2.661073651150960839e-02,-1.492240531160474948e+00
5.356000000000000227e+01,2.600000000000000000e+01,9.160485288865364950e+00,-3.416968231055339977e+00,-2.562885194607856132e+00,3.695239549204453189e-01,-3.538622382825028501e-01,2.483370567417271246e-01,-3.093544781330114235e-01,-2.021082881009570453e-01,-3.153095201028122130e-01,2.822250081761210061e-02,-1.436002181963251356e+00
5.357999999999999829e+01,2.600000000000000000e+01,9.154235298107076702e+00,-3.421004624039517328e+00,-2.573364900369972119e+00,3.744835225002068335e-01,-3.414726440154042808e-01,2.470258605861381795e-01,-3.156356889621901862e-01,-2.015242429027497562e-01,-3.126363295210135007e-01,3.025295610347752615e-02,-1.381514707319768442e+00
5.360000000000000142e+01,2.600000000000000000e+01,9.147860288434177534e+00,-3.425028901422780159e+00,-2.583580534202531087e+00,3.794049893438906640e-01,-3.294372850290102073e-01,2.445073578281462545e-01,-3.218528078748590371e-01,-2.008952861619875407e-01,-3.088946230902784307e-01,3.271596561390567592e-02,-1.329042775841564161e+00
5.361999999999999744e+01,2.600000000000000000e+01,9.141361757670308563e+00,-3.429040077539214693e+00,-2.593536467414340851e+00,3.842638168133324927e-01,-3.178207349990019304e-01,2.407427569189017902e-01,-3.279841222323464089e-01,-2.002126281617311043e-01,-3.040501686413021876e-01,3.562539259369632005e-02,-1.278804887236423937e+00
5.364000000000000057e+01,2.600000000000000000e+01,9.134741644738321398e+00,-3.433036988155921510e+00,-2.603238754604457306e+00,3.890346996206464070e-01,-3.066787673934365799e-01,2.356941399259522285e-01,-3.340072347525941954e-01,-1.994672019201452762e-01,-2.980687340047802891e-01,3.899510028764929803e-02,-1.230979048162027745e+00
5.365999999999999659e+01,2.600000000000000000e+01,9.128002343353145420e+00,-3.437018284927714884e+00,-2.612694976829173399e+00,3.936915824103703887e-01,-2.960591456753882134e-01,2.293243759954872729e-01,-3.398990635101586388e-01,-1.986496631904987042e-01,-2.909160870114080866e-01,4.283895194056439037e-02,-1.185708588124253060e+00
5.367999999999999972e+01,2.600000000000000000e+01,9.121146715714649744e+00,-3.440982429851824786e+00,-2.621914101830012722e+00,3.982076746604656381e-01,-2.860025525039134875e-01,2.215970406483958044e-01,-3.456358419362093870e-01,-1.977503904611642715e-01,-2.825579954918809311e-01,4.717081079724132209e-02,-1.143107986155314171e+00
5.370000000000000284e+01,2.600000000000000000e+01,9.114178106200512275e+00,-3.444927689722601105e+00,-2.630906363129125403e+00,4.025554640363076531e-01,-2.765436255475891558e-01,2.124763424650062404e-01,-3.511931188185307140e-01,-1.967594849556186520e-01,-2.729602272768941185e-01,5.200454010247998471e-02,-1.103268622446221370e+00
5.371999999999999886e+01,2.600000000000000000e+01,9.107100355059094099e+00,-3.448852130586212983e+00,-2.639683159461785777e+00,4.067067283590658500e-01,-2.677120729260547560e-01,2.019270583722754253e-01,-3.565457583015201326e-01,-1.956667706324426992e-01,-2.620885501971430553e-01,5.735400310108016569e-02,-1.066264409262518420e+00
5.374000000000000199e+01,2.600000000000000000e+01,9.099917812102297887e+00,-3.452753612195353483e+00,-2.648256975806235314e+00,4.106325463711983925e-01,-2.595338482535393121e-01,1.899144784964654775e-01,-3.616679398861892825e-01,-1.944617941853210574e-01,-2.499087320833230375e-01,6.323306303784163862e-02,-1.032157292350544209e+00
5.375999999999999801e+01,2.600000000000000000e+01,9.092635350398442284e+00,-3.456629782463939371e+00,-2.656641327191526791e+00,4.143033074989243558e-01,-2.520323732864472865e-01,1.764043613779282538e-01,-3.665331584301639301e-01,-1.931338250430426062e-01,-2.363865407661294438e-01,6.965558315756420482e-02,-1.001002648226713809e+00
5.378000000000000114e+01,2.600000000000000000e+01,9.085258379965125641e+00,-3.460478071921814447e+00,-2.664850726518137147e+00,4.176887208263152518e-01,-2.452298049381203271e-01,1.613629002747192231e-01,-3.711142241476833026e-01,-1.916718553695000993e-01,-2.214877440762577088e-01,7.663542670504766563e-02,-9.728546353145889336e-01
5.379999999999999716e+01,2.600000000000000000e+01,9.077792861462095075e+00,-3.464295688169451992e+00,-2.672900677820383653e+00,4.207578235099131425e-01,-2.391483527645861251e-01,1.447567013035868655e-01,-3.753832626096009761e-01,-1.900646000636903032e-01,-2.051781098444030726e-01,8.418645692509178768e-02,-9.477715894003373442e-01
5.382000000000000028e+01,2.600000000000000000e+01,9.070245319884119084e+00,-3.468079610332655882e+00,-2.680807696745334479e+00,4.234789888784584733e-01,-2.338116629912664612e-01,1.265527742899159591e-01,-3.793117147433842096e-01,-1.883004967597140256e-01,-1.874234059012609976e-01,9.232253706249640701e-02,-9.258215883542799673e-01
5.384000000000000341e+01,2.600000000000000000e+01,9.062622858253844171e+00,-3.471826583517262144e+00,-2.688589360538383044e+00,4.258199344815105647e-01,-2.292462959965236302e-01,1.067185374336911963e-01,-3.828703368331141110e-01,-1.863677058267760034e-01,-1.681894000775267795e-01,1.010575303620613041e-01,-9.070883501415071271e-01
5.385999999999999943e+01,2.600000000000000000e+01,9.054933171314674567e+00,-3.475533113263843621e+00,-2.696264390538979150e+00,4.277477303758061566e-01,-2.254833363681112701e-01,8.522183726047316554e-02,-3.860292005194859710e-01,-1.842541103691851534e-01,-1.474418602038958526e-01,1.104053000685862873e-01,-8.916776752265791472e-01
5.388000000000000256e+01,2.600000000000000000e+01,9.047184559223628852e+00,-3.479195460002408868e+00,-2.703852771142782441e+00,4.292288079719293048e-01,-2.225601889198228489e-01,6.203098584791533199e-02,-3.887576927998086518e-01,-1.819473162263541832e-01,-1.251465541110635127e-01,1.203797094268711232e-01,-8.797247040756825953e-01
5.389999999999999858e+01,2.600000000000000000e+01,9.039385941244219680e+00,-3.482809633507107261e+00,-2.711375910438370340e+00,4.302289698097229165e-01,-2.205226313960945150e-01,3.711481803403238189e-02,-3.910245160280051424e-01,-1.794346519727998968e-01,-1.012692496297250971e-01,1.309946216817156617e-01,-8.714023386869927945e-01
5.392000000000000171e+01,2.600000000000000000e+01,9.031546869439310399e+00,-3.486371387350927886e+00,-2.718856849362439654e+00,4.307134006932904491e-01,-2.194272163427245792e-01,1.044277229030399212e-02,-3.927976879146122258e-01,-1.767031689181431942e-01,-7.577571459057633185e-02,1.422639000779195029e-01,-8.669312824223905922e-01
5.393999999999999773e+01,2.600000000000000000e+01,9.023677542363987669e+00,-3.489876213360404655e+00,-2.726320528356569906e+00,4.306466807013352716e-01,-2.193441425503313003e-01,-1.801499973267972621e-02,-3.940445415267807561e-01,-1.737396411071087665e-01,-4.863171682431195741e-02,1.542014078602827465e-01,-8.665922969094002060e-01
5.396000000000000085e+01,2.600000000000000000e+01,9.015788818758434076e+00,-3.493319336070316528e+00,-2.733794123319382763e+00,4.299928007039831024e-01,-2.203607528829642503e-01,-4.828748817711669972e-02,-3.947317252882752703e-01,-1.705305653195254567e-01,-1.980302416162760953e-02,1.668210082736050481e-01,-8.707414758371243568e-01
5.397999999999999687e+01,2.600000000000000000e+01,9.007892231240782976e+00,-3.496695707178389068e+00,-2.741307466368095636e+00,4.287151811742508922e-01,-2.225858631194791715e-01,-8.040263518360646344e-02,-3.948252029794743767e-01,-1.670621610703261484e-01,1.074459556678132414e-02,1.801365645626862022e-01,-8.798296186813524544e-01
5.400000000000000000e+01,2.700000000000000000e+01,9.000000000000000000e+00,-3.500000000000000000e+00,-2.748893571891069421e+00,4.267766952966386418e-01,-2.261551892664293573e-01,-8.892065057272269257e-02,-3.942902537373704774e-01,-1.633203706095476271e-01,4.304537453021950455e-02,1.941619399723260031e-01,-8.944271909999101933e-01
5.402000000000000313e+01,2.700000000000000000e+01,8.992117784618512744e+00,-3.503226795239953173e+00,-2.757483840518747176e+00,4.251583551513414272e-01,-2.803133315578286711e-01,-4.878506830708495556e-02,-3.941782383915799493e-01,-1.593208816618366108e-01,-3.104246629592553181e-02,2.056437526078047084e-01,-1.119119908568641408e+00
5.403999999999999915e+01,2.700000000000000000e+01,8.984223310878450164e+00,-3.506371361323841640e+00,-2.767861097198705878e+00,4.248252925643548616e-01,-3.270486212864662234e-01,1.399905406877088865e-02,-3.955002268003046662e-01,-1.551002895010105964e-01,-1.003714687866517907e-01,2.162752158770070987e-01,-1.318680443557311843e+00
5.406000000000000227e+01,2.700000000000000000e+01,8.976288843885242841e+00,-3.509429445075439968e+00,-2.779820526319078500e+00,4.257183173140927090e-01,-3.657968051367900264e-01,7.386889141026919958e-02,-3.981620302687578494e-01,-1.506754238388041955e-01,-1.650404401341375171e-01,2.260740573390302988e-01,-1.488962057228453206e+00
5.407999999999999829e+01,2.700000000000000000e+01,8.968288512756782183e+00,-3.512397126367243771e+00,-2.793140278925171138e+00,4.277800482207651522e-01,-3.964782942505970520e-01,1.308851633699603667e-01,-4.020714362459963942e-01,-1.460627598357699120e-01,-2.251481875305611224e-01,2.350580045529711004e-01,-1.627398049782807554e+00
5.410000000000000142e+01,2.700000000000000000e+01,8.960198271100535905e+00,-3.515270811029449494e+00,-2.807589735733219349e+00,4.309537238488914124e-01,-4.193671610885710832e-01,1.850543205405585923e-01,-4.071382083249210915e-01,-1.412784181012785578e-01,-2.807935181681006087e-01,2.432447850779264620e-01,-1.732997926271181655e+00
5.411999999999999744e+01,2.700000000000000000e+01,8.951995857490668840e+00,-3.518047223758928421e+00,-2.822937362278757245e+00,4.351822210423869630e-01,-4.349711644380944708e-01,2.363397585434459103e-01,-4.132740862422756845e-01,-1.363381646935188096e-01,-3.320752392389344498e-01,2.506521264729933418e-01,-1.806225802546237658e+00
5.414000000000000057e+01,2.700000000000000000e+01,8.943660755945192165e+00,-3.520723401028203803e+00,-2.838957745734735472e+00,4.404073141906293398e-01,-4.439379807451982463e-01,2.846740739838455880e-01,-4.203927858786482008e-01,-1.312574111194974025e-01,-3.790921579352407589e-01,2.572977562972685872e-01,-1.848786239002772058e+00
5.415999999999999659e+01,2.700000000000000000e+01,8.935174156403050461e+00,-3.523296683994429745e+00,-2.855437506077360243e+00,4.465691840017402270e-01,-4.469890010807259229e-01,3.299712353113459784e-01,-4.284099992584697869e-01,-1.260512143350394076e-01,-4.219430814491980652e-01,2.631994021098492675e-01,-1.863350265890002966e+00
5.417999999999999972e+01,2.700000000000000000e+01,8.926518915201256732e+00,-3.525764711408357677e+00,-2.872179895843756103e+00,4.536061636030832012e-01,-4.448753825203526358e-01,3.721377470727986747e-01,-4.372433945500150965e-01,-1.207342767447874832e-01,-4.607268169729842322e-01,2.683747914698321191e-01,-1.853256407930808924e+00
5.420000000000000284e+01,2.700000000000000000e+01,8.917679515552032754e+00,-3.528125412523327231e+00,-2.889008026446518329e+00,4.614546938846544877e-01,-4.383494146268164249e-01,4.110821594889664254e-01,-4.468126160654025680e-01,-1.153209462022027620e-01,-4.955421716987777891e-01,2.728416519363142112e-01,-1.822218384441249617e+00
5.421999999999999886e+01,2.700000000000000000e+01,8.908642028019917447e+00,-3.530377000004234933e+00,-2.905766769824356111e+00,4.700494499826412542e-01,-4.281452171903208925e-01,4.467225658363762619e-01,-4.570392842605940920e-01,-1.098252160095642693e-01,-5.264879528187568214e-01,2.766177110683923357e-01,-1.774064231723047946e+00
5.424000000000000199e+01,2.700000000000000000e+01,8.899394070998887685e+00,-3.532517962836506431e+00,-2.922323471057936217e+00,4.793235965181094071e-01,-4.149646259877534660e-01,4.789919946627314573e-01,-4.678469957353952324e-01,-1.042607249179691026e-01,-5.536629675250996918e-01,2.797206964251635619e-01,-1.712522768435625453e+00
5.425999999999999801e+01,2.700000000000000000e+01,8.889924771189489761e+00,-3.534547059235082500e+00,-2.938567664866879703e+00,4.892091297691498197e-01,-3.994659390713700686e-01,5.078418135186240079e-01,-4.791613232334549499e-01,-9.864075712733244572e-02,-5.771660230099850963e-01,2.821683355657247372e-01,-1.641064467557955986e+00
5.428000000000000114e+01,2.700000000000000000e+01,8.880224724075954867e+00,-3.536463309553386392e+00,-2.954410016436241015e+00,4.996372690588540832e-01,-3.822545939679438121e-01,5.332434028429471340e-01,-4.909098156422659898e-01,-9.297824228638754129e-02,-5.970959264655903986e-01,2.839783560491728198e-01,-1.562796317665054557e+00
5.429999999999999716e+01,2.700000000000000000e+01,8.870285954403323458e+00,-3.538265989192307615e+00,-2.969780708805697333e+00,5.105388658828670101e-01,-3.638757171220769471e-01,5.551884340058848011e-01,-5.030219979931644936e-01,-8.728575549268563494e-02,-6.135514850840941836e-01,2.851684854346047127e-01,-1.480404912058074007e+00
5.432000000000000028e+01,2.700000000000000000e+01,8.860101876654587372e+00,-3.539954621509172839e+00,-2.984627481535487625e+00,5.218448064190891467e-01,-3.448088708738915598e-01,5.736881049817661449e-01,-5.154293714613302768e-01,-8.157551729259612805e-02,-6.266315060576752582e-01,2.857564512811173185e-01,-1.396138943587184933e+00
5.434000000000000341e+01,2.700000000000000000e+01,8.849667255527773335e+00,-3.541528970726726122e+00,-2.998913495684887298e+00,5.334863900821412708e-01,-3.254653375247943958e-01,5.887716659921409246e-01,-5.280654133657867177e-01,-7.585939368130642513e-02,-6.364347965785116523e-01,2.857599811478076512e-01,-1.311821210807904370e+00
5.435999999999999943e+01,2.700000000000000000e+01,8.838978166413108184e+00,-3.542989034842101592e+00,-3.012615164826809799e+00,5.453956730587742330e-01,-3.061880732162902685e-01,6.004845215302481165e-01,-5.408655771694005354e-01,-7.014889610282204480e-02,-6.430601638387811736e-01,2.851968025937726137e-01,-1.228880634563501273e+00
5.438000000000000256e+01,2.700000000000000000e+01,8.828031955870102365e+00,-3.544335038535800120e+00,-3.025720056015316128e+00,5.575057709433507425e-01,-2.872541791985457338e-01,6.088861380422763148e-01,-5.537672924788821227e-01,-6.445518144996641163e-02,-6.466064150306622960e-01,2.840846431781090531e-01,-1.148396076337046434e+00
5.439999999999999858e+01,2.700000000000000000e+01,8.816827202104720484e+00,-3.545567426080671769e+00,-3.038224931819773378e+00,5.697511185804646772e-01,-2.688794836892517415e-01,6.140479282731998723e-01,-5.667099650447856574e-01,-5.878905206438119618e-02,-6.471723573463337154e-01,2.824412304599139278e-01,-1.071145450046486536e+00
5.442000000000000171e+01,2.700000000000000000e+01,8.805363675446448823e+00,-3.546686854250882703e+00,-3.050133976707252614e+00,5.820676880742782222e-01,-2.512246657837710062e-01,6.160512303631886510e-01,-5.796349767615084358e-01,-5.316095573652608597e-02,-6.448567979779730175e-01,2.802842919982840852e-01,-9.976553675809501920e-01
5.443999999999999773e+01,2.700000000000000000e+01,8.793642298825472992e+00,-3.547694185230901631e+00,-3.061457228937607855e+00,5.943931677949917392e-01,-2.344023003107029435e-01,6.149854555190383820e-01,-5.924856856672920946e-01,-4.758098570567875774e-02,-6.397585441177587873e-01,2.776315553523166502e-01,-9.282481321840547750e-01
5.446000000000000085e+01,2.700000000000000000e+01,8.781665108249759655e+00,-3.548590479524465380e+00,-3.072209222624647573e+00,6.066671062950391713e-01,-2.184842431514942840e-01,6.109464435277853767e-01,-6.052074259442209447e-01,-4.205888065993500929e-02,-6.319764029578691655e-01,2.745007480811083589e-01,-8.630841839870057042e-01
5.447999999999999687e+01,2.700000000000000000e+01,8.769435213282200436e+00,-3.549376988863567117e+00,-3.082407833092820404e+00,6.188310255361026968e-01,-2.035088783545192237e-01,6.040350400638470063e-01,-6.177475079182235262e-01,-3.660402473620870401e-02,-6.216091816904826262e-01,2.709095977437562253e-01,-8.021990813344399562e-01
5.450000000000000000e+01,2.700000000000000000e+01,8.756956757517727397e+00,-3.550055149117421482e+00,-3.092073311263546120e+00,6.308285078975924831e-01,-1.894878774160521917e-01,5.943558924068348404e-01,-6.300552180590714979e-01,-3.122544752023173609e-02,-6.087556875077773100e-01,2.668758318993571521e-01,-7.455347925681544696e-01
5.452000000000000313e+01,2.700000000000000000e+01,8.744234879060442722e+00,-3.550626573201447478e+00,-3.101227488630472262e+00,6.426052612323798208e-01,-1.764122501212427585e-01,5.820164492668613576e-01,-6.420818189803801923e-01,-2.593182404655407572e-02,-5.935147276019314688e-01,2.624171781070081533e-01,-6.929655227433764164e-01
5.453999999999999915e+01,2.700000000000000000e+01,8.731275671000734206e+00,-3.551093043986243369e+00,-3.109893132585336506e+00,6.541091658682665066e-01,-1.642575780166895538e-01,5.671261443381219181e-01,-6.537805494396088379e-01,-2.073147479854376210e-02,-5.759851091651234656e-01,2.575513639258059650e-01,-6.443185627380135783e-01
5.456000000000000227e+01,2.700000000000000000e+01,8.718086141892408492e+00,-3.551456507206564694e+00,-3.118093431716033148e+00,6.652903070059039692e-01,-1.529884079524828910e-01,5.497957406010804959e-01,-6.651066243380600040e-01,-1.563236570838687570e-02,-5.562656393895316631e-01,2.522961169148477678e-01,-5.993907758071347347e-01
5.457999999999999829e+01,2.700000000000000000e+01,8.704674176229792337e+00,-3.551719064370293832e+00,-3.125851591638737492e+00,6.761009954923092868e-01,-1.425618431359594596e-01,5.301368121129215183e-01,-6.760172347208793786e-01,-1.064210815708757987e-02,-5.344551254673339802e-01,2.466691646332302701e-01,-5.579613723272888182e-01
5.460000000000000142e+01,2.700000000000000000e+01,8.691048494924890733e+00,-3.551882965667426895e+00,-3.133190523506907521e+00,6.864957794904201771e-01,-1.329304058684316614e-01,5.082613412178993428e-01,-6.864715477770571006e-01,-5.767958974468087932e-03,-5.106523745907087797e-01,2.406882346400504302e-01,-5.198016012995347879e-01
5.461999999999999744e+01,2.700000000000000000e+01,8.677218615784479283e+00,-3.551950602879042851e+00,-3.140132609242733519e+00,6.964314491410249497e-01,-1.240442645009906947e-01,4.842814111153224133e-01,-6.964307068394259836e-01,-1.016820439168669406e-03,-4.849561939518343689e-01,2.343710544944052065e-01,-4.846819321452184304e-01
5.464000000000000057e+01,2.700000000000000000e+01,8.663194813987237453e+00,-3.551924502286281538e+00,-3.146699529540478490e+00,7.058670359350325274e-01,-1.158529223184752710e-01,4.583089761065899381e-01,-7.058578313846632923e-01,3.604759721352335418e-03,-4.574653907428891664e-01,2.277353517553915574e-01,-4.523772297896462846e-01
5.465999999999999659e+01,2.700000000000000000e+01,8.648988082560878254e+00,-3.551807317579319001e+00,-3.152912142652311900e+00,7.147638081852883962e-01,-1.083064626095403410e-01,4.304556943095647625e-01,-7.147180170332890770e-01,8.090588330818535012e-03,-4.282787721560514793e-01,2.207988539821064689e-01,-4.226703513317575656e-01
5.467999999999999972e+01,2.700000000000000000e+01,8.634610092859263730e+00,-3.551601822766345951e+00,-3.158790403798394930e+00,7.230852637074145495e-01,-1.013564357168900837e-01,4.008328099939255651e-01,-7.229783355496671726e-01,1.243482676413542980e-02,-3.974951453834990045e-01,2.135792887336466772e-01,-3.953545206436324677e-01
5.470000000000000284e+01,2.700000000000000000e+01,8.620073155039529311e+00,-3.551310905082543101e+00,-3.164353316697701590e+00,7.307971205850479768e-01,-9.495646300668476869e-02,3.695510748571173565e-01,-7.306078348420054214e-01,1.663199094739055070e-02,-3.652133176174107154e-01,2.060943835691092241e-01,-3.702347718116312802e-01
5.471999999999999886e+01,2.700000000000000000e+01,8.605390178539209955e+00,-3.550937557899058739e+00,-3.169618910175377557e+00,7.378673067016990883e-01,-8.906262120935272419e-02,3.367206994732683256e-01,-7.375775389623548950e-01,2.067695135785325294e-02,-3.315320960499646419e-01,1.983618660475911510e-01,-3.471286951159977541e-01
5.474000000000000199e+01,2.700000000000000000e+01,8.590574632553355627e+00,-3.550484873631980509e+00,-3.174604234065563357e+00,7.442659485639783190e-01,-8.363365954907403532e-02,3.024513278056950583e-01,-7.438604481066095619e-01,2.456493302397494763e-02,-2.965502878733386471e-01,1.903994637281891389e-01,-3.258666706271156621e-01
5.475999999999999801e+01,2.700000000000000000e+01,8.575640506511664540e+00,-3.549956036651320535e+00,-3.179325369705725102e+00,7.499653598139267574e-01,-7.863109208916682635e-02,2.668520290687830254e-01,-7.494315386145083968e-01,2.829151552538891612e-02,-2.603667002797113161e-01,1.822249041700002015e-01,-3.062917340807168598e-01
5.478000000000000114e+01,2.700000000000000000e+01,8.560602270555602189e+00,-3.549354316189980096e+00,-3.183797451225844455e+00,7.549400297267292448e-01,-7.401919903610046370e-02,2.300313023976912064e-01,-7.542677629696324937e-01,3.185263299291035688e-02,-2.230801404612607619e-01,1.738559149321212971e-01,-2.882591866820716220e-01
5.479999999999999716e+01,2.700000000000000000e+01,8.545474836015523934e+00,-3.548683059252738747e+00,-3.188034694592264184e+00,7.591666119098344767e-01,-6.976496341601931550e-02,1.920970907456762689e-01,-7.583480497994078418e-01,3.524457410853649997e-02,-1.847894156101657082e-01,1.653102235736494396e-01,-2.716360339127130707e-01
5.482000000000000028e+01,2.700000000000000000e+01,8.530273515887795810e+00,-3.547945683525219440e+00,-3.192050431991146464e+00,7.626239133565558825e-01,-6.583796349214771082e-02,1.531568012132495937e-01,-7.616533038751027718e-01,3.846398210544636764e-02,-1.455933329186036851e-01,1.566055576536812821e-01,-2.563003172807067354e-01
5.484000000000000341e+01,2.700000000000000000e+01,8.515013985311924216e+00,-3.547145670282872754e+00,-3.195857149649073747e+00,7.652928839583654774e-01,-6.221023639423417517e-02,1.133173296488614312e-01,-7.641664061118302875e-01,4.150785476800106233e-02,-1.055906995787541519e-01,1.477596447313141992e-01,-2.421403863328602801e-01
5.485999999999999943e+01,2.700000000000000000e+01,8.499712242047669619e+00,-3.546286557299947795e+00,-3.199466527605622890e+00,7.671566065425103886e-01,-5.885612452291802410e-02,7.268508786699001689e-02,-7.658722135685457344e-01,4.437354443174358620e-02,-6.488032278279380616e-02,1.387902123656446496e-01,-2.290541452991911309e-01
5.488000000000000256e+01,2.700000000000000000e+01,8.484384566952174467e+00,-3.545371931758473316e+00,-3.202889480290176394e+00,7.682002874730446962e-01,-5.575211321190785829e-02,3.136603223574496724e-02,-7.667575594480490198e-01,4.705875798339879956e-02,-2.356100972290168377e-02,1.297149881157697304e-01,-2.169482987447327316e-01
5.489999999999999858e+01,2.700000000000000000e+01,8.469047484457092878e+00,-3.544405423157229507e+00,-3.206136197026309365e+00,7.684112478319403694e-01,-5.287666572982648722e-02,-1.053430729709248226e-02,-7.668112530969835028e-01,4.956155686087367063e-02,1.826843240874371013e-02,1.205516995407864139e-01,-2.057376129530809894e-01
5.492000000000000171e+01,2.700000000000000000e+01,8.453717723045704346e+00,-3.543390696220728220e+00,-3.209216181803298706e+00,7.677789151811607038e-01,-5.021005984945668688e-02,-5.291079841933310490e-02,-7.660240800058354393e-01,5.188035705325687308e-02,6.050919641996460596e-02,1.113180741997916307e-01,-1.953442039566865573e-01
5.493999999999999773e+01,2.700000000000000000e+01,8.438412175730039877e+00,-3.542331443808187430e+00,-3.212138291825579195e+00,7.662948158951674582e-01,-4.773422879194369473e-02,-9.565867839617681057e-02,-7.643888018089356473e-01,5.401392910081923709e-02,1.030624751185823251e-01,1.020318396518822557e-01,-1.856968587500301970e-01
5.496000000000000085e+01,2.700000000000000000e+01,8.423147860528004571e+00,-3.541231379822506131e+00,-3.214910774485408407e+00,7.639525680453134182e-01,-4.543260827282927933e-02,-1.386735270745234061e-01,-7.619001562844573971e-01,5.596139809501339546e-02,1.458294613124187511e-01,9.271072345615526122e-02,-1.767303929416832731e-01
5.497999999999999687e+01,2.700000000000000000e+01,8.407941880940507318e+00,-3.540094232119246342e+00,-3.217541302508545087e+00,7.607478748121869749e-01,-4.328999055788414901e-02,-1.818512411690065278e-01,-7.585548573544182993e-01,5.772224367847394316e-02,1.887113478092957153e-01,8.337245317170755010e-02,-1.683850456535972429e-01
5.500000000000000000e+01,2.700000000000000000e+01,8.392811386428569165e+00,-3.538923735415602234e+00,-3.220037007102939164e+00,7.566785183985529351e-01,-4.129238581628665722e-02,-2.250880099639722687e-01,-7.543515950846796381e-01,5.929630004501751372e-02,2.316093274170349936e-01,7.403475635763601126e-02,-1.606059106479253429e-01
5.502000000000000313e+01,2.700000000000000000e+01,8.377773532890463670e+00,-3.537723624199380801e+00,-3.222404509000931672e+00,7.517443544136267475e-01,-3.942689058543747543e-02,-2.682802924980691728e-01,-7.492910356849455944e-01,6.068375593964253634e-02,2.744245929434581677e-01,6.471536057303761691e-02,-1.533424012827614702e-01
5.503999999999999915e+01,2.700000000000000000e+01,8.362845443138823498e+00,-3.536497625637977205e+00,-3.224649947329937483e+00,7.459473066986307410e-01,-3.768156279392022995e-02,-3.113247962511245248e-01,-7.433758215087648002e-01,6.188515465852951342e-02,3.170583371963870967e-01,5.543199337700927681e-02,-1.465477458308957204e-01
5.506000000000000227e+01,2.700000000000000000e+01,8.348044167377782543e+00,-3.535249452487351451e+00,-3.226779006278095441e+00,7.392913625635817443e-01,-3.604530249260364666e-02,-3.541184573186662021e-01,-7.366105710535280071e-01,6.290139404904070142e-02,3.594117529836433067e-01,4.620238232864795624e-02,-1.401785088273238833e-01
5.507999999999999829e+01,2.700000000000000000e+01,8.333386643680078976e+00,-3.533982796001003734e+00,-3.228796939542211142e+00,7.317825684058846258e-01,-3.450773718991418521e-02,-3.965584220323954412e-01,-7.290018789604710836e-01,6.373372650972047859e-02,4.013860331130489345e-01,3.704425498705047476e-02,-1.341941333466434849e-01
5.510000000000000142e+01,2.700000000000000000e+01,8.318889658464192038e+00,-3.532701318838952886e+00,-3.230708592557411052e+00,7.234290256822859533e-01,-3.305911045091672329e-02,-4.385420299711206837e-01,-7.205583160146729060e-01,6.438375899029513683e-02,4.428823703924252841e-01,2.797533891131385661e-02,-1.285564983667788486e-01
5.511999999999999744e+01,2.700000000000000000e+01,8.304569806971459300e+00,-3.531408647976709503e+00,-3.232518422512612233e+00,7.142408872070403758e-01,-3.169017217807698628e-02,-4.799667982929847199e-01,-7.112904291450554695e-01,6.485345299167276367e-02,4.838019576295942703e-01,1.901336166053501850e-02,-1.232294845720140891e-01
5.514000000000000057e+01,2.700000000000000000e+01,8.290443453743206348e+00,-3.530108367614255727e+00,-3.234230516154289248e+00,7.042303537505666400e-01,-3.039206872192543041e-02,-5.207304073160727853e-01,-7.012107414243851089e-01,6.514512456594356848e-02,5.240459876323779742e-01,1.017605079381080080e-02,-1.181785410068718900e-01
5.515999999999999659e+01,2.700000000000000000e+01,8.276526693097856935e+00,-3.528804012085019259e+00,-3.235848605373708331e+00,6.934116709143981483e-01,-2.915623064844301282e-02,-5.607306872692525701e-01,-6.903337520692709450e-01,6.526144431637956322e-02,5.635156532085973113e-01,1.481133870238291947e-03,-1.133702438267808477e-01
5.517999999999999972e+01,2.700000000000000000e+01,8.262835309608073331e+00,-3.527499058764852258e+00,-3.237376080560230296e+00,6.818011262597967193e-01,-2.797425558974611648e-02,-5.998656061366673953e-01,-6.786759364401661054e-01,6.520543739743475675e-02,6.021121471660744184e-01,-7.053661551085681561e-03,-1.087718369015485687e-01
5.520000000000000284e+01,2.700000000000000000e+01,8.249384738577859366e+00,-3.526196920981003124e+00,-3.238816001685568047e+00,6.694170466689276511e-01,-2.683778309288004441e-02,-6.380332585198438267e-01,-6.662557460413675026e-01,6.498048351474509932e-02,6.397366623126319318e-01,-1.541060791106430884e-02,-1.043507420904241090e-01
5.521999999999999886e+01,2.700000000000000000e+01,8.236190026519704332e+00,-3.524900940921097181e+00,-3.240171107060796807e+00,6.562797959190037611e-01,-2.573835771700239486e-02,-6.751318554422844898e-01,-6.530936085210149455e-01,6.459031692512845479e-02,6.762903914560898233e-01,-2.357197765060044942e-02,-1.000740244659096972e-01
5.524000000000000199e+01,2.700000000000000000e+01,8.223265791631691357e+00,-3.523614382542112899e+00,-3.241443819679033389e+00,6.424117724512365957e-01,-2.466727575825469407e-02,-7.110597150305082437e-01,-6.392119276710923614e-01,6.403902643658467009e-02,7.116745274042717284e-01,-3.152004321059739128e-02,-9.590779441129869409e-02
5.525999999999999801e+01,2.700000000000000000e+01,8.210626184274627093e+00,-3.522340424479355026e+00,-3.242636251021174143e+00,6.278374073177842574e-01,-2.361540983265026858e-02,-7.457152540020661746e-01,-6.246350834274270181e-01,6.333105540829547797e-02,7.457902629649979520e-01,-3.923707703195799396e-02,-9.181652407815246719e-02
5.528000000000000114e+01,2.700000000000000000e+01,8.198284847449166080e+00,-3.521082152955433031e+00,-3.243750202158768303e+00,6.125831622911543928e-01,-2.257300402349242743e-02,-7.789969799025584507e-01,-6.093894318696899681e-01,6.247120175062456648e-02,7.785387909460910194e-01,-4.670535155558548646e-02,-8.776224978972885227e-02
5.529999999999999716e+01,2.700000000000000000e+01,8.186254877272920893e+00,-3.519842554689238234e+00,-3.244787161935335451e+00,5.966775281216828430e-01,-2.152943026839042664e-02,-8.108034840344302552e-01,-5.935033052213954941e-01,6.146461792511757893e-02,8.098213041553720126e-01,-5.390713922238288269e-02,-8.370362409984033469e-02
5.532000000000000028e+01,2.700000000000000000e+01,8.174548783457606049e+00,-3.518624509804918254e+00,-3.245748301943012670e+00,5.801510229297776045e-01,-2.047289393784860675e-02,-8.410334350276329474e-01,-5.770070118499016631e-01,6.031681094450209307e-02,8.395389954006633459e-01,-6.082471247325327290e-02,-7.959477064935792379e-02
5.534000000000000341e+01,2.700000000000000000e+01,8.163178449786148150e+00,-3.517430784740855465e+00,-3.246634467932420609e+00,5.630361907205723160e-01,-1.939007288525948156e-02,-8.695855730072796774e-01,-5.599328362664099945e-01,5.903364237268760722e-02,8.675930574897862124e-01,-6.744034374909972651e-02,-7.538388070429963284e-02
5.535999999999999943e+01,2.700000000000000000e+01,8.152155094589806694e+00,-3.516264025158640560e+00,-3.247446167196136990e+00,5.453676000094873633e-01,-1.826566926350097972e-02,-8.963587043161069801e-01,-5.423150391259657921e-01,5.762132832476558886e-02,8.938846832305629153e-01,-7.373630549082531294e-02,-7.101147089665353629e-02
5.538000000000000256e+01,2.700000000000000000e+01,8.141489231225305545e+00,-3.515126748852052785e+00,-3.248183551345086073e+00,5.271818425479285475e-01,-1.708184658839465714e-02,-9.212516967629778009e-01,-5.241898572274575896e-01,5.608643946700937744e-02,9.183150654308145366e-01,-7.969487013933310160e-02,-6.640819520593724268e-02
5.539999999999999858e+01,2.700000000000000000e+01,8.131190628551953736e+00,-3.514021338656031279e+00,-3.248846393745632888e+00,5.085175321389692193e-01,-1.581751513924273961e-02,-9.441634753645864464e-01,-5.055955035136177056e-01,5.443590101687434402e-02,9.407853968983634907e-01,-8.529831013552620356e-02,-6.149206771338428662e-02
5.542000000000000171e+01,2.700000000000000000e+01,8.121268271408762729e+00,-3.512950035355658418e+00,-3.249434060694162962e+00,4.894153035333457247e-01,-1.444741573987199171e-02,-9.649930185635344770e-01,-4.865721670710225766e-01,5.267699274299777329e-02,9.611968704410306374e-01,-9.052889792030760496e-02,-5.616490190997835280e-02
5.543999999999999773e+01,2.700000000000000000e+01,8.111730321091577878e+00,-3.511914930595127160e+00,-3.249945475163289021e+00,4.699178113964287973e-01,-1.294093367325375998e-02,-9.836393549081812182e-01,-4.671620131300904810e-01,5.081734896519878031e-02,9.794506788666386132e-01,-9.536890593458050014e-02,-5.030770113919732361e-02
5.546000000000000085e+01,2.700000000000000000e+01,8.102584075830195687e+00,-3.510917959786725273e+00,-3.250379071643092921e+00,4.500697293370192198e-01,-1.126054859625717081e-02,-1.000000000000000000e+00,-4.474091830650850921e-01,4.886495855447856029e-02,9.954480149830087221e-01,-9.980060661924784748e-02,-4.377463388175818065e-02
5.547999999999999687e+01,2.700000000000000000e+01,8.093835931265489947e+00,-3.509960895019808902e+00,-3.250732740199746118e+00,4.299177489887718306e-01,-9.359789312202777822e-03,-1.000000000000000000e+00,-4.273597943941129240e-01,4.682816493302022209e-02,1.009090071597962712e+00,-1.038062724152128413e-01,-3.638508316919390750e-02
5.550000000000000000e+01,2.700000000000000000e+01,8.085491340926534320e+00,-3.509045337969776135e+00,-3.251003757351683454e+00,4.095105791348073732e-01,-7.180508781835504700e-03,-1.000000000000000000e+00,-4.070619407791239430e-01,4.471566607418871880e-02,1.020278041519322665e+00,-1.073681757633784817e-01,-2.791305031171558218e-02
5.552000000000000313e+01,2.700000000000000000e+01,8.077554776707723150e+00,-3.508172712807049454e+00,-3.251188700677902776e+00,3.888989448654960879e-01,-4.649216608770131813e-03,-1.000000000000000000e+00,-3.865656920259118445e-01,4.253651450253104205e-02,1.028913117554909773e+00,-1.104685891046478241e-01,-1.807288671330898808e-02
5.553999999999999915e+01,2.700000000000000000e+01,8.070029689345897594e+00,-3.507344259106044859e+00,-3.251283343164427464e+00,3.681355867584432673e-01,-1.672090697022724252e-03,-1.000000000000000000e+00,-3.659230940841137758e-01,4.030011729377607627e-02,1.034896492512546340e+00,-1.130897848799240213e-01,-6.499872712731512119e-03
5.556000000000000227e+01,2.700000000000000000e+01,8.062918468897469992e+00,-3.506561024754155653e+00,-3.251282522079531390e+00,3.472752600682394442e-01,1.871883141627725140e-03,-1.000000000000000000e+00,-3.451881690472107800e-01,3.801623607483468198e-02,1.038129359200053781e+00,-1.152140355301101149e-01,7.276522168928725720e-03
5.557999999999999829e+01,2.700000000000000000e+01,8.056222405215537563e+00,-3.505823858860721121e+00,-3.251179975525837484e+00,3.263747339113601265e-01,6.140456903668565190e-03,-1.000000000000000000e+00,-3.244169151525270189e-01,3.569498702379959865e-02,1.038512910425253732e+00,-1.168236134961091327e-01,2.386990896238518414e-02
5.560000000000000142e+01,2.700000000000000000e+01,8.049941648427022756e+00,-3.505133404666011199e+00,-3.250968137573867711e+00,3.054927904284672757e-01,1.134156683537065197e-02,-1.000000000000000000e+00,-3.036673067812304949e-01,3.334684086994554181e-02,1.035948338995968054e+00,-1.179007912188241858e-01,4.408961381254380280e-02
5.561999999999999744e+01,2.700000000000000000e+01,8.044075169409776294e+00,-3.504490092450194716e+00,-3.250637879781924866e+00,2.846902239018563874e-01,1.775252058385196757e-02,-1.000000000000000000e+00,-2.829992944583326620e-01,3.098262289372915798e-02,1.030336837720018384e+00,-1.184278411391583297e-01,6.901607670756230994e-02
5.564000000000000057e+01,2.700000000000000000e+01,8.038620720269717523e+00,-3.503894132442322729e+00,-3.250178182571785701e+00,2.640298397993464108e-01,2.574774562027998953e-02,-1.000000000000000000e+00,-2.624748048526886479e-01,2.861351292678905242e-02,1.021579599405226579e+00,-1.183870356980146754e-01,1.001105419680867609e-01
5.565999999999999659e+01,2.700000000000000000e+01,8.033574794817946341e+00,-3.503345507729298536e+00,-3.249575713785561426e+00,2.435764537066117674e-01,3.583947102180457672e-02,-1.000000000000000000e+00,-2.421577407769970047e-01,2.625104535194573013e-02,1.009577816859414501e+00,-1.177606473362962924e-01,1.393773519559815544e-01
5.567999999999999972e+01,2.700000000000000000e+01,8.028932589047869328e+00,-3.502843967164860128e+00,-3.248814282916840490e+00,2.233968900964533599e-01,4.873817367479545137e-02,-1.000000000000000000e+00,-2.221139811878002357e-01,2.390710910320169996e-02,9.942326828904036740e-01,-1.165309484949061947e-01,1.896085575095745601e-01
5.570000000000000284e+01,2.700000000000000000e+01,8.024687961612331222e+00,-3.502389018278551092e+00,-3.247874126615356793e+00,2.035599808636410490e-01,6.544347404298464510e-02,-9.815081643029044400e-01,-2.024113811854835743e-01,2.159394766574129418e-02,9.754453903060161801e-01,-1.146802116147475625e-01,2.547602042116557386e-01
5.571999999999999886e+01,2.700000000000000000e+01,8.020833394300719732e+00,-3.501979920184701722e+00,-3.246730961922310588e+00,1.841365635243378540e-01,8.738197218726968807e-02,-9.590125482374434185e-01,-1.831197720142765661e-01,1.932415907593089399e-02,9.531171319140734344e-01,-1.121907091367234099e-01,3.405444448256294554e-01
5.574000000000000199e+01,2.700000000000000000e+01,8.017359952516109445e+00,-3.501615676491401707e+00,-3.245354714748590386e+00,1.651994789341443004e-01,1.166163033547184813e-01,-9.328248803769851882e-01,-1.643109610622521810e-01,1.711069592131877690e-02,9.271491005223970738e-01,-1.090447135017367786e-01,4.553851533454535971e-01
5.575999999999999801e+01,2.700000000000000000e+01,8.014257245752364867e+00,-3.501295028209478577e+00,-3.243707786448917663e+00,1.468235683092590504e-01,1.561564349064626656e-01,-9.028452427212876330e-01,-1.460587318613267849e-01,1.496686534063515484e-02,8.974424889388088467e-01,-1.052244971506907656e-01,6.120047488447981632e-01
5.578000000000000114e+01,2.700000000000000000e+01,8.011513388071286101e+00,-3.501016446661473047e+00,-3.241742650889340105e+00,1.290856692252937976e-01,2.103945765210232521e-01,-8.689739554777813346e-01,-1.284388440872603898e-01,1.290632902379218287e-02,8.638984899711309451e-01,-1.007123325244884682e-01,8.301456991776046124e-01
5.579999999999999716e+01,2.700000000000000000e+01,8.009114958579708343e+00,-3.500778126390616585e+00,-3.239398460473909225e+00,1.120646100901482728e-01,2.856014532845330689e-01,-8.311116733642851528e-01,-1.115290335596566262e-01,1.094310321188396440e-02,8.264182964271846732e-01,-9.549049206403298351e-02,1.141414176704032446e+00
5.582000000000000028e+01,2.700000000000000000e+01,8.007046961906644000e+00,-3.500577978069805862e+00,-3.236596150212315948e+00,9.584120229072337627e-02,3.900875612265674031e-01,-7.891595346607358508e-01,-9.540901224196261798e-02,9.091558697186528579e-03,7.849031011147917791e-01,-8.954124821022728387e-02,1.598279008536356960e+00
5.584000000000000341e+01,2.700000000000000000e+01,8.005292788680391070e+00,-3.500413621410580323e+00,-3.233231204200286868e+00,8.049822870371389771e-02,5.235999999999999543e-01,-7.430193984174446875e-01,-8.016046824146909333e-02,7.366420823157849435e-03,7.392540968417742331e-01,-8.284687340397456357e-02,2.291657435124073494e+00
5.585999999999999943e+01,2.700000000000000000e+01,8.003834176005671708e+00,-3.500282378072100187e+00,-3.229162672274661805e+00,6.612042635402588797e-02,5.235999999999999543e-01,-6.925942344820201768e-01,-6.586706580931031563e-02,5.782769484437837171e-03,6.893724764159536722e-01,-7.538964008617783652e-02,3.387426717306357915e+00
5.588000000000000256e+01,2.700000000000000000e+01,8.002651167940740606e+00,-3.500181264570117801e+00,-3.224195958815837759e+00,5.279445932443404405e-02,5.235999999999999543e-01,-6.377887898838510150e-01,-5.261444534046412491e-02,4.356039126848340777e-03,6.351594326451517336e-01,-6.715182069774018603e-02,5.208073640140145955e+00
5.589999999999999858e+01,2.700000000000000000e+01,8.001722075974516457e+00,-3.500106985185960973e+00,-3.218054842463107690e+00,4.060887475867199642e-02,5.235999999999999543e-01,-5.785107802915545605e-01,-4.049022337375195180e-02,3.102018747393147161e-03,5.765161583371903875e-01,-5.811568767956466069e-02,8.433267329745753216e+00
5.592000000000000171e+01,2.700000000000000000e+01,8.001023439503700985e+00,-3.500055924875502544e+00,-3.210333969855007297e+00,2.965402811277279352e-02,5.235999999999999543e-01,-5.146731395079684468e-01,-2.958399259183886257e-02,2.036851894257994157e-03,5.133438462998919372e-01,-4.826351347255450341e-02,8.433267329745753216e+00
5.593999999999999773e+01,2.700000000000000000e+01,8.000529986309910413e+00,-3.500024142178141950e+00,-3.200413884024613242e+00,2.002194917835322871e-02,5.235999999999999543e-01,-4.461985583118876497e-01,-1.998732182123315673e-02,1.177036666810522825e-03,4.455436893410766874e-01,-3.757757051761253381e-02,8.433267329745753216e+00
5.596000000000000085e+01,2.700000000000000000e+01,8.000214593036783839e+00,-3.500007362125777899e+00,-3.187299045035173251e+00,1.180608578029816898e-02,5.235999999999999543e-01,-3.730294345649108889e-01,-1.179375603228707131e-02,5.394257156003490032e-04,3.730168802685671081e-01,-2.604013125564193232e-02,8.433267329745753216e+00
5.597999999999999687e+01,2.700000000000000000e+01,8.000048245667121805e+00,-3.500000969151786823e+00,-3.169283422328553090e+00,5.100771795756573954e-03,5.235999999999999543e-01,-2.951521445074747896e-01,-5.098816339196274305e-03,1.412262423590146315e-04,2.956646118901850029e-01,-1.363346812754578918e-02,8.433267329745753216e+00
5.600000000000000000e+01,2.700000000000000000e+01,8.000000000000000000e+00,-3.500000000000000000e+00,-3.143185307179586108e+00,0.000000000000000000e+00,5.235999999999999543e-01,-2.550385897877888164e-01,0.000000000000000000e+00,0.000000000000000000e+00,2.133880770137519534e-01,-3.398535742271668880e-04,8.433267329745753216e+00
