t,segment,X,Y,psi,vx,delta,ax,Xd,Yd,Xdd,Ydd,kappa
0.000000000000000000e+00,0.000000000000000000e+00,0.000000000000000000e+00,0.000000000000000000e+00,0.000000000000000000e+00,0.000000000000000000e+00,0.000000000000000000e+00,3.645865432098765457e-01,0.000000000000000000e+00,0.000000000000000000e+00,3.333333333333333148e-01,0.000000000000000000e+00,0.000000000000000000e+00
2.000000000000000042e-02,0.000000000000000000e+00,7.084751604938271810e-05,0.000000000000000000e+00,0.000000000000000000e+00,7.291730864197530984e-03,0.000000000000000000e+00,3.950182716049384091e-01,7.291730864197530984e-03,0.000000000000000000e+00,3.954276543209875872e-01,0.000000000000000000e+00,0.000000000000000000e+00
4.000000000000000083e-02,0.000000000000000000e+00,2.997842172839505857e-04,0.000000000000000000e+00,0.000000000000000000e+00,1.580073086419753539e-02,0.000000000000000000e+00,4.546617283950618593e-01,1.580073086419753539e-02,0.000000000000000000e+00,4.550656790123457363e-01,0.000000000000000000e+00,0.000000000000000000e+00
5.999999999999999778e-02,0.000000000000000000e+00,7.106663999999999082e-04,0.000000000000000000e+00,0.000000000000000000e+00,2.547819999999999946e-02,0.000000000000000000e+00,5.118814814814814929e-01,2.547819999999999946e-02,0.000000000000000000e+00,5.122799999999999576e-01,0.000000000000000000e+00,0.000000000000000000e+00
8.000000000000000167e-02,0.000000000000000000e+00,1.326380879012346034e-03,0.000000000000000000e+00,0.000000000000000000e+00,3.627599012345679441e-02,0.000000000000000000e+00,5.667101234567898382e-01,3.627599012345679441e-02,0.000000000000000000e+00,5.671032098765432794e-01,0.000000000000000000e+00,0.000000000000000000e+00
1.000000000000000056e-01,0.000000000000000000e+00,2.168858024691357970e-03,0.000000000000000000e+00,0.000000000000000000e+00,4.814660493827160187e-02,0.000000000000000000e+00,6.191802469135802012e-01,4.814660493827160187e-02,0.000000000000000000e+00,6.195679012345678416e-01,0.000000000000000000e+00,0.000000000000000000e+00
1.199999999999999956e-01,0.000000000000000000e+00,3.259084799999999171e-03,0.000000000000000000e+00,0.000000000000000000e+00,6.104319999999999885e-02,0.000000000000000000e+00,6.693244444444446106e-01,6.104319999999999885e-02,0.000000000000000000e+00,6.697066666666666723e-01,0.000000000000000000e+00,0.000000000000000000e+00
1.400000000000000133e-01,0.000000000000000000e+00,4.617117797530864709e-03,0.000000000000000000e+00,0.000000000000000000e+00,7.491958271604939879e-02,0.000000000000000000e+00,7.171753086419758727e-01,7.491958271604939879e-02,0.000000000000000000e+00,7.175520987654320226e-01,0.000000000000000000e+00,0.000000000000000000e+00
1.600000000000000033e-01,0.000000000000000000e+00,6.262096276543211056e-03,0.000000000000000000e+00,0.000000000000000000e+00,8.973021234567903071e-02,0.000000000000000000e+00,7.627654320987653502e-01,8.973021234567903071e-02,0.000000000000000000e+00,7.631367901234565876e-01,0.000000000000000000e+00,0.000000000000000000e+00
1.799999999999999933e-01,0.000000000000000000e+00,8.212255199999997368e-03,0.000000000000000000e+00,0.000000000000000000e+00,1.054301999999999878e-01,0.000000000000000000e+00,8.061274074074060714e-01,1.054301999999999878e-01,0.000000000000000000e+00,8.064933333333332843e-01,0.000000000000000000e+00,0.000000000000000000e+00
2.000000000000000111e-01,0.000000000000000000e+00,1.048493827160494087e-02,0.000000000000000000e+00,0.000000000000000000e+00,1.219753086419752969e-01,0.000000000000000000e+00,8.472938271604943949e-01,1.219753086419752969e-01,0.000000000000000000e+00,8.476543209876541418e-01,0.000000000000000000e+00,0.000000000000000000e+00
2.200000000000000011e-01,0.000000000000000000e+00,1.309661097283950498e-02,0.000000000000000000e+00,0.000000000000000000e+00,1.393219530864197586e-01,0.000000000000000000e+00,8.862972839506184641e-01,1.393219530864197586e-01,0.000000000000000000e+00,8.866523456790121882e-01,0.000000000000000000e+00,0.000000000000000000e+00
2.399999999999999911e-01,0.000000000000000000e+00,1.606287360000000289e-02,0.000000000000000000e+00,0.000000000000000000e+00,1.574272000000000171e-01,0.000000000000000000e+00,9.231703703703693087e-01,1.574272000000000171e-01,0.000000000000000000e+00,9.235199999999998965e-01,0.000000000000000000e+00,0.000000000000000000e+00
2.600000000000000089e-01,0.000000000000000000e+00,1.939847430123456742e-02,0.000000000000000000e+00,0.000000000000000000e+00,1.762487679012345598e-01,0.000000000000000000e+00,9.579456790123437315e-01,1.762487679012345598e-01,0.000000000000000000e+00,9.582898765432098509e-01,0.000000000000000000e+00,0.000000000000000000e+00
2.800000000000000266e-01,0.000000000000000000e+00,2.311732211358024855e-02,0.000000000000000000e+00,0.000000000000000000e+00,1.957450271604938008e-01,0.000000000000000000e+00,9.906558024691367592e-01,1.957450271604938008e-01,0.000000000000000000e+00,9.909945679012344133e-01,0.000000000000000000e+00,0.000000000000000000e+00
2.999999999999999889e-01,0.000000000000000000e+00,2.723249999999999629e-02,0.000000000000000000e+00,0.000000000000000000e+00,2.158750000000000113e-01,0.000000000000000000e+00,1.000000000000000000e+00,2.158750000000000113e-01,0.000000000000000000e+00,1.021666666666666501e+00,0.000000000000000000e+00,0.000000000000000000e+00
3.200000000000000067e-01,0.000000000000000000e+00,3.175627788641975646e-02,0.000000000000000000e+00,0.000000000000000000e+00,2.365983604938271534e-01,0.000000000000000000e+00,1.000000000000000000e+00,2.365983604938271534e-01,0.000000000000000000e+00,1.050338765432098587e+00,0.000000000000000000e+00,0.000000000000000000e+00
3.400000000000000244e-01,0.000000000000000000e+00,3.670012569876544145e-02,0.000000000000000000e+00,0.000000000000000000e+00,2.578754345679012960e-01,0.000000000000000000e+00,1.000000000000000000e+00,2.578754345679012960e-01,0.000000000000000000e+00,1.077043456790123699e+00,0.000000000000000000e+00,0.000000000000000000e+00
3.599999999999999867e-01,0.000000000000000000e+00,4.207472639999998432e-02,0.000000000000000000e+00,0.000000000000000000e+00,2.796671999999999492e-01,0.000000000000000000e+00,1.000000000000000000e+00,2.796671999999999492e-01,0.000000000000000000e+00,1.101813333333333089e+00,0.000000000000000000e+00,0.000000000000000000e+00
3.800000000000000044e-01,0.000000000000000000e+00,4.788998902716049000e-02,0.000000000000000000e+00,0.000000000000000000e+00,3.019352864197531461e-01,0.000000000000000000e+00,1.000000000000000000e+00,3.019352864197531461e-01,0.000000000000000000e+00,1.124680987654320896e+00,0.000000000000000000e+00,0.000000000000000000e+00
4.000000000000000222e-01,0.000000000000000000e+00,5.415506172839507082e-02,0.000000000000000000e+00,0.000000000000000000e+00,3.246419753086419724e-01,0.000000000000000000e+00,1.000000000000000000e+00,3.246419753086419724e-01,0.000000000000000000e+00,1.145679012345679038e+00,0.000000000000000000e+00,0.000000000000000000e+00
4.199999999999999845e-01,0.000000000000000000e+00,6.087834479999996995e-02,0.000000000000000000e+00,0.000000000000000000e+00,3.477501999999998983e-01,0.000000000000000000e+00,1.000000000000000000e+00,3.477501999999998983e-01,0.000000000000000000e+00,1.164839999999999876e+00,0.000000000000000000e+00,0.000000000000000000e+00
4.400000000000000022e-01,0.000000000000000000e+00,6.806750372345676814e-02,0.000000000000000000e+00,0.000000000000000000e+00,3.712235456790123345e-01,0.000000000000000000e+00,1.000000000000000000e+00,3.712235456790123345e-01,0.000000000000000000e+00,1.182196543209876216e+00,0.000000000000000000e+00,0.000000000000000000e+00
4.600000000000000200e-01,0.000000000000000000e+00,7.572948220246915330e-02,0.000000000000000000e+00,0.000000000000000000e+00,3.950262493827161325e-01,0.000000000000000000e+00,1.000000000000000000e+00,3.950262493827161325e-01,0.000000000000000000e+00,1.197781234567901532e+00,0.000000000000000000e+00,0.000000000000000000e+00
4.799999999999999822e-01,0.000000000000000000e+00,8.387051519999998150e-02,0.000000000000000000e+00,0.000000000000000000e+00,4.191231999999999736e-01,0.000000000000000000e+00,1.000000000000000000e+00,4.191231999999999736e-01,0.000000000000000000e+00,1.211626666666666186e+00,0.000000000000000000e+00,0.000000000000000000e+00
5.000000000000000000e-01,0.000000000000000000e+00,9.249614197530862947e-02,0.000000000000000000e+00,0.000000000000000000e+00,4.434799382716049232e-01,0.000000000000000000e+00,1.000000000000000000e+00,4.434799382716049232e-01,0.000000000000000000e+00,1.223765432098765427e+00,0.000000000000000000e+00,0.000000000000000000e+00
5.200000000000000178e-01,0.000000000000000000e+00,1.016112191209876670e-01,0.000000000000000000e+00,0.000000000000000000e+00,4.680626567901234325e-01,0.000000000000000000e+00,1.000000000000000000e+00,4.680626567901234325e-01,0.000000000000000000e+00,1.234230123456789618e+00,0.000000000000000000e+00,0.000000000000000000e+00
5.400000000000000355e-01,0.000000000000000000e+00,1.112199336000000149e-01,0.000000000000000000e+00,0.000000000000000000e+00,4.928382000000000041e-01,0.000000000000000000e+00,1.000000000000000000e+00,4.928382000000000041e-01,0.000000000000000000e+00,1.243053333333333565e+00,0.000000000000000000e+00,0.000000000000000000e+00
5.600000000000000533e-01,0.000000000000000000e+00,1.213258157827160622e-01,0.000000000000000000e+00,0.000000000000000000e+00,5.177740641975310254e-01,0.000000000000000000e+00,1.000000000000000000e+00,5.177740641975310254e-01,0.000000000000000000e+00,1.250267654320987853e+00,0.000000000000000000e+00,0.000000000000000000e+00
5.799999999999999600e-01,0.000000000000000000e+00,1.319317524839505873e-01,0.000000000000000000e+00,0.000000000000000000e+00,5.428383975308640474e-01,0.000000000000000000e+00,1.000000000000000000e+00,5.428383975308640474e-01,0.000000000000000000e+00,1.255905679012345288e+00,0.000000000000000000e+00,0.000000000000000000e+00
5.999999999999999778e-01,0.000000000000000000e+00,1.430399999999999727e-01,0.000000000000000000e+00,0.000000000000000000e+00,5.680000000000000604e-01,0.000000000000000000e+00,1.000000000000000000e+00,5.680000000000000604e-01,0.000000000000000000e+00,1.260000000000000231e+00,0.000000000000000000e+00,0.000000000000000000e+00
6.199999999999999956e-01,0.000000000000000000e+00,1.546521971456789879e-01,0.000000000000000000e+00,0.000000000000000000e+00,5.932283234567901076e-01,0.000000000000000000e+00,1.000000000000000000e+00,5.932283234567901076e-01,0.000000000000000000e+00,1.262583209876543267e+00,0.000000000000000000e+00,0.000000000000000000e+00
6.400000000000000133e-01,0.000000000000000000e+00,1.667693782913580447e-01,0.000000000000000000e+00,0.000000000000000000e+00,6.184934716049382830e-01,0.000000000000000000e+00,1.000000000000000000e+00,6.184934716049382830e-01,0.000000000000000000e+00,1.263687901234567867e+00,0.000000000000000000e+00,0.000000000000000000e+00
6.600000000000000311e-01,0.000000000000000000e+00,1.793919863999999809e-01,0.000000000000000000e+00,0.000000000000000000e+00,6.437661999999999551e-01,0.000000000000000000e+00,1.000000000000000000e+00,6.437661999999999551e-01,0.000000000000000000e+00,1.263346666666666396e+00,0.000000000000000000e+00,0.000000000000000000e+00
6.800000000000000488e-01,0.000000000000000000e+00,1.925198860641975651e-01,0.000000000000000000e+00,0.000000000000000000e+00,6.690179160493827659e-01,0.000000000000000000e+00,1.000000000000000000e+00,6.690179160493827659e-01,0.000000000000000000e+00,1.261592098765431880e+00,0.000000000000000000e+00,0.000000000000000000e+00
7.000000000000000666e-01,0.000000000000000000e+00,2.061523765432099198e-01,0.000000000000000000e+00,0.000000000000000000e+00,6.942206790123457427e-01,0.000000000000000000e+00,1.000000000000000000e+00,6.942206790123457427e-01,0.000000000000000000e+00,1.258456790123456681e+00,0.000000000000000000e+00,0.000000000000000000e+00
7.199999999999999734e-01,0.000000000000000000e+00,2.202882047999999426e-01,0.000000000000000000e+00,0.000000000000000000e+00,7.193471999999999644e-01,0.000000000000000000e+00,1.000000000000000000e+00,7.193471999999999644e-01,0.000000000000000000e+00,1.253973333333333162e+00,0.000000000000000000e+00,0.000000000000000000e+00
7.399999999999999911e-01,0.000000000000000000e+00,2.349255785382715900e-01,0.000000000000000000e+00,0.000000000000000000e+00,7.443708419753086725e-01,0.000000000000000000e+00,1.000000000000000000e+00,7.443708419753086725e-01,0.000000000000000000e+00,1.248174320987654351e+00,0.000000000000000000e+00,0.000000000000000000e+00
7.600000000000000089e-01,0.000000000000000000e+00,2.500621792395061327e-01,0.000000000000000000e+00,0.000000000000000000e+00,7.692656197530862716e-01,0.000000000000000000e+00,1.000000000000000000e+00,7.692656197530862716e-01,0.000000000000000000e+00,1.241092345679012166e+00,0.000000000000000000e+00,0.000000000000000000e+00
7.800000000000000266e-01,0.000000000000000000e+00,2.656951752000000222e-01,0.000000000000000000e+00,0.000000000000000000e+00,7.940061999999999953e-01,0.000000000000000000e+00,1.000000000000000000e+00,7.940061999999999953e-01,0.000000000000000000e+00,1.232759999999999634e+00,0.000000000000000000e+00,0.000000000000000000e+00
8.000000000000000444e-01,0.000000000000000000e+00,2.818212345679012576e-01,0.000000000000000000e+00,0.000000000000000000e+00,8.185679012345680183e-01,0.000000000000000000e+00,1.000000000000000000e+00,8.185679012345680183e-01,0.000000000000000000e+00,1.223209876543210006e+00,0.000000000000000000e+00,0.000000000000000000e+00
8.200000000000000622e-01,0.000000000000000000e+00,2.984365383802469740e-01,0.000000000000000000e+00,0.000000000000000000e+00,8.429266938271603449e-01,0.000000000000000000e+00,1.000000000000000000e+00,8.429266938271603449e-01,0.000000000000000000e+00,1.212474567901234090e+00,0.000000000000000000e+00,0.000000000000000000e+00
8.399999999999999689e-01,0.000000000000000000e+00,3.155367935999998652e-01,0.000000000000000000e+00,0.000000000000000000e+00,8.670591999999998079e-01,0.000000000000000000e+00,1.000000000000000000e+00,8.670591999999998079e-01,0.000000000000000000e+00,1.200586666666666691e+00,0.000000000000000000e+00,0.000000000000000000e+00
8.599999999999999867e-01,0.000000000000000000e+00,3.331172461530864659e-01,0.000000000000000000e+00,0.000000000000000000e+00,8.909426938271607366e-01,0.000000000000000000e+00,1.000000000000000000e+00,8.909426938271607366e-01,0.000000000000000000e+00,1.187578765432099059e+00,0.000000000000000000e+00,0.000000000000000000e+00
8.800000000000000044e-01,0.000000000000000000e+00,3.511726939654321034e-01,0.000000000000000000e+00,0.000000000000000000e+00,9.145551012345676245e-01,0.000000000000000000e+00,1.000000000000000000e+00,9.145551012345676245e-01,0.000000000000000000e+00,1.173483456790123114e+00,0.000000000000000000e+00,0.000000000000000000e+00
9.000000000000000222e-01,0.000000000000000000e+00,3.696974999999999012e-01,0.000000000000000000e+00,0.000000000000000000e+00,9.378749999999996811e-01,0.000000000000000000e+00,1.000000000000000000e+00,9.378749999999996811e-01,0.000000000000000000e+00,1.158333333333332771e+00,0.000000000000000000e+00,0.000000000000000000e+00
9.200000000000000400e-01,0.000000000000000000e+00,3.886856052938272854e-01,0.000000000000000000e+00,0.000000000000000000e+00,9.608816197530867242e-01,0.000000000000000000e+00,1.000000000000000000e+00,9.608816197530867242e-01,0.000000000000000000e+00,1.142160987654321280e+00,0.000000000000000000e+00,0.000000000000000000e+00
9.400000000000000577e-01,0.000000000000000000e+00,4.081305419950617130e-01,0.000000000000000000e+00,0.000000000000000000e+00,9.835548419753087357e-01,0.000000000000000000e+00,1.000000000000000000e+00,9.835548419753087357e-01,0.000000000000000000e+00,1.124999012345679006e+00,0.000000000000000000e+00,0.000000000000000000e+00
9.599999999999999645e-01,0.000000000000000000e+00,4.280254463999998982e-01,0.000000000000000000e+00,0.000000000000000000e+00,1.005875199999999969e+00,0.000000000000000000e+00,1.000000000000000000e+00,1.005875199999999969e+00,0.000000000000000000e+00,1.106879999999999420e+00,0.000000000000000000e+00,0.000000000000000000e+00
9.799999999999999822e-01,0.000000000000000000e+00,4.483630719901233186e-01,0.000000000000000000e+00,0.000000000000000000e+00,1.027823879012345731e+00,0.000000000000000000e+00,1.000000000000000000e+00,1.027823879012345731e+00,0.000000000000000000e+00,1.087836543209876217e+00,0.000000000000000000e+00,0.000000000000000000e+00
1.000000000000000000e+00,0.000000000000000000e+00,4.691358024691357764e-01,0.000000000000000000e+00,0.000000000000000000e+00,1.049382716049382713e+00,0.000000000000000000e+00,1.000000000000000000e+00,1.049382716049382713e+00,0.000000000000000000e+00,1.067901234567901092e+00,0.000000000000000000e+00,0.000000000000000000e+00
1.020000000000000018e+00,0.000000000000000000e+00,4.903356648000000151e-01,0.000000000000000000e+00,0.000000000000000000e+00,1.070534199999999547e+00,0.000000000000000000e+00,1.000000000000000000e+00,1.070534199999999547e+00,0.000000000000000000e+00,1.047106666666666186e+00,0.000000000000000000e+00,0.000000000000000000e+00
1.040000000000000036e+00,0.000000000000000000e+00,5.119543422419752243e-01,0.000000000000000000e+00,0.000000000000000000e+00,1.091261471604938249e+00,0.000000000000000000e+00,1.000000000000000000e+00,1.091261471604938249e+00,0.000000000000000000e+00,1.025485432098765193e+00,0.000000000000000000e+00,0.000000000000000000e+00
1.060000000000000053e+00,0.000000000000000000e+00,5.339831873876543789e-01,0.000000000000000000e+00,0.000000000000000000e+00,1.111548323456790444e+00,0.000000000000000000e+00,1.000000000000000000e+00,1.111548323456790444e+00,0.000000000000000000e+00,1.003070123456790474e+00,0.000000000000000000e+00,0.000000000000000000e+00
1.080000000000000071e+00,0.000000000000000000e+00,5.564132351999999671e-01,0.000000000000000000e+00,0.000000000000000000e+00,1.131379199999999807e+00,0.000000000000000000e+00,9.797718518518436781e-01,1.131379199999999807e+00,0.000000000000000000e+00,9.798933333333330609e-01,0.000000000000000000e+00,0.000000000000000000e+00
1.100000000000000089e+00,0.000000000000000000e+00,5.792352160493828839e-01,0.000000000000000000e+00,0.000000000000000000e+00,1.150739197530864288e+00,0.000000000000000000e+00,9.558716049382844915e-01,1.150739197530864288e+00,0.000000000000000000e+00,9.559876543209874233e-01,0.000000000000000000e+00,0.000000000000000000e+00
1.120000000000000107e+00,0.000000000000000000e+00,6.024395687506174379e-01,0.000000000000000000e+00,0.000000000000000000e+00,1.169614064197531222e+00,0.000000000000000000e+00,9.312750617283924726e-01,1.169614064197531222e+00,0.000000000000000000e+00,9.313856790123457019e-01,0.000000000000000000e+00,0.000000000000000000e+00
1.140000000000000124e+00,0.000000000000000000e+00,6.260164536000000224e-01,0.000000000000000000e+00,0.000000000000000000e+00,1.187990199999999996e+00,0.000000000000000000e+00,9.060148148148030600e-01,1.187990199999999996e+00,0.000000000000000000e+00,9.061199999999992594e-01,0.000000000000000000e+00,0.000000000000000000e+00
1.159999999999999920e+00,0.000000000000000000e+00,6.499557654123455652e-01,0.000000000000000000e+00,0.000000000000000000e+00,1.205854656790123158e+00,0.000000000000000000e+00,8.801234567901197181e-01,1.205854656790123158e+00,0.000000000000000000e+00,8.802232098765431223e-01,0.000000000000000000e+00,0.000000000000000000e+00
1.179999999999999938e+00,0.000000000000000000e+00,6.742471465580245349e-01,0.000000000000000000e+00,0.000000000000000000e+00,1.223195138271604865e+00,0.000000000000000000e+00,8.536335802469245948e-01,1.223195138271604865e+00,0.000000000000000000e+00,8.537279012345678764e-01,0.000000000000000000e+00,0.000000000000000000e+00
1.199999999999999956e+00,0.000000000000000000e+00,6.988799999999999457e-01,0.000000000000000000e+00,0.000000000000000000e+00,1.240000000000000213e+00,0.000000000000000000e+00,8.265777777777749691e-01,1.240000000000000213e+00,0.000000000000000000e+00,8.266666666666671048e-01,0.000000000000000000e+00,0.000000000000000000e+00
1.219999999999999973e+00,0.000000000000000000e+00,7.238435023308641414e-01,0.000000000000000000e+00,0.000000000000000000e+00,1.256258249382715908e+00,0.000000000000000000e+00,7.989886419752956215e-01,1.256258249382715908e+00,0.000000000000000000e+00,7.990720987654318375e-01,0.000000000000000000e+00,0.000000000000000000e+00
1.239999999999999991e+00,0.000000000000000000e+00,7.491266168098765776e-01,0.000000000000000000e+00,0.000000000000000000e+00,1.271959545679012038e+00,0.000000000000000000e+00,7.708987654321077798e-01,1.271959545679012038e+00,0.000000000000000000e+00,7.709767901234568788e-01,0.000000000000000000e+00,0.000000000000000000e+00
1.260000000000000009e+00,0.000000000000000000e+00,7.747181064000000505e-01,0.000000000000000000e+00,0.000000000000000000e+00,1.287094200000000077e+00,0.000000000000000000e+00,7.423407407407545122e-01,1.287094200000000077e+00,0.000000000000000000e+00,7.424133333333339246e-01,0.000000000000000000e+00,0.000000000000000000e+00
1.280000000000000027e+00,0.000000000000000000e+00,8.006065468049382572e-01,0.000000000000000000e+00,0.000000000000000000e+00,1.301653175308642219e+00,0.000000000000000000e+00,7.133471604938250721e-01,1.301653175308642219e+00,0.000000000000000000e+00,7.134143209876538938e-01,0.000000000000000000e+00,0.000000000000000000e+00
1.300000000000000044e+00,0.000000000000000000e+00,8.267803395061726901e-01,0.000000000000000000e+00,0.000000000000000000e+00,1.315628086419753151e+00,0.000000000000000000e+00,6.839506172839477927e-01,1.315628086419753151e+00,0.000000000000000000e+00,6.840123456790120349e-01,0.000000000000000000e+00,0.000000000000000000e+00
1.320000000000000062e+00,0.000000000000000000e+00,8.532277248000000869e-01,0.000000000000000000e+00,0.000000000000000000e+00,1.329011200000000059e+00,0.000000000000000000e+00,6.541837037036941638e-01,1.329011200000000059e+00,0.000000000000000000e+00,6.542399999999999327e-01,0.000000000000000000e+00,0.000000000000000000e+00
1.340000000000000080e+00,0.000000000000000000e+00,8.799367948345679924e-01,0.000000000000000000e+00,0.000000000000000000e+00,1.341795434567901069e+00,0.000000000000000000e+00,6.240790123456676497e-01,1.341795434567901069e+00,0.000000000000000000e+00,6.241298765432092832e-01,0.000000000000000000e+00,0.000000000000000000e+00
1.360000000000000098e+00,0.000000000000000000e+00,9.068955066469136517e-01,0.000000000000000000e+00,0.000000000000000000e+00,1.353974360493827023e+00,0.000000000000000000e+00,5.936691358024859255e-01,1.353974360493827023e+00,0.000000000000000000e+00,5.937145679012343358e-01,0.000000000000000000e+00,0.000000000000000000e+00
1.380000000000000115e+00,0.000000000000000000e+00,9.340916952000000162e-01,0.000000000000000000e+00,0.000000000000000000e+00,1.365542200000000372e+00,0.000000000000000000e+00,5.629866666666742958e-01,1.365542200000000372e+00,0.000000000000000000e+00,5.630266666666667863e-01,0.000000000000000000e+00,0.000000000000000000e+00
1.400000000000000133e+00,0.000000000000000000e+00,9.615130864197530824e-01,0.000000000000000000e+00,0.000000000000000000e+00,1.376493827160493844e+00,0.000000000000000000e+00,5.320641975308575411e-01,1.376493827160493844e+00,0.000000000000000000e+00,5.320987654320982196e-01,0.000000000000000000e+00,0.000000000000000000e+00
1.419999999999999929e+00,0.000000000000000000e+00,9.891473102320984534e-01,0.000000000000000000e+00,0.000000000000000000e+00,1.386824767901234434e+00,0.000000000000000000e+00,5.009343209876604419e-01,1.386824767901234434e+00,0.000000000000000000e+00,5.009634567901233293e-01,0.000000000000000000e+00,0.000000000000000000e+00
1.439999999999999947e+00,0.000000000000000000e+00,1.016981913599999787e+00,0.000000000000000000e+00,0.000000000000000000e+00,1.396531200000000306e+00,0.000000000000000000e+00,4.696296296296296191e-01,1.396531200000000306e+00,0.000000000000000000e+00,4.696533333333334781e-01,0.000000000000000000e+00,0.000000000000000000e+00
1.459999999999999964e+00,0.000000000000000000e+00,1.045004373560493693e+00,0.000000000000000000e+00,0.000000000000000000e+00,1.405609953086419672e+00,0.000000000000000000e+00,4.381827160493685369e-01,1.405609953086419672e+00,0.000000000000000000e+00,4.382009876543212501e-01,0.000000000000000000e+00,0.000000000000000000e+00
1.479999999999999982e+00,0.000000000000000000e+00,1.073202110261728404e+00,0.000000000000000000e+00,0.000000000000000000e+00,1.414058508641975243e+00,0.000000000000000000e+00,4.066261728395090813e-01,1.414058508641975243e+00,0.000000000000000000e+00,4.066390123456788408e-01,0.000000000000000000e+00,0.000000000000000000e+00
1.500000000000000000e+00,0.000000000000000000e+00,1.101562499999999778e+00,0.000000000000000000e+00,0.000000000000000000e+00,1.421875000000000000e+00,0.000000000000000000e+00,3.749925925926049786e-01,1.421875000000000000e+00,0.000000000000000000e+00,3.750000000000000000e-01,0.000000000000000000e+00,0.000000000000000000e+00
1.520000000000000018e+00,0.000000000000000000e+00,1.130072888256790309e+00,0.000000000000000000e+00,0.000000000000000000e+00,1.429058212345679202e+00,0.000000000000000000e+00,3.433145679012383766e-01,1.429058212345679202e+00,0.000000000000000000e+00,3.433165432098762015e-01,0.000000000000000000e+00,0.000000000000000000e+00
1.540000000000000036e+00,0.000000000000000000e+00,1.158720602735802352e+00,0.000000000000000000e+00,0.000000000000000000e+00,1.435607582716049491e+00,0.000000000000000000e+00,3.116246913580198452e-01,1.435607582716049491e+00,0.000000000000000000e+00,3.116212345679014173e-01,0.000000000000000000e+00,0.000000000000000000e+00
1.560000000000000053e+00,0.000000000000000000e+00,1.187492966399999794e+00,0.000000000000000000e+00,0.000000000000000000e+00,1.441523200000000227e+00,0.000000000000000000e+00,2.799555555555528485e-01,1.441523200000000227e+00,0.000000000000000000e+00,2.799466666666665660e-01,0.000000000000000000e+00,0.000000000000000000e+00
1.580000000000000071e+00,0.000000000000000000e+00,1.216377310508642173e+00,0.000000000000000000e+00,0.000000000000000000e+00,1.446805804938271711e+00,0.000000000000000000e+00,2.483397530864195346e-01,1.446805804938271711e+00,0.000000000000000000e+00,2.483254320987649533e-01,0.000000000000000000e+00,0.000000000000000000e+00
1.600000000000000089e+00,0.000000000000000000e+00,1.245360987654321239e+00,0.000000000000000000e+00,0.000000000000000000e+00,1.451456790123456964e+00,0.000000000000000000e+00,2.168098765432020514e-01,1.451456790123456964e+00,0.000000000000000000e+00,2.167901234567901902e-01,0.000000000000000000e+00,0.000000000000000000e+00
1.620000000000000107e+00,0.000000000000000000e+00,1.274431384800000178e+00,0.000000000000000000e+00,0.000000000000000000e+00,1.455478199999999944e+00,0.000000000000000000e+00,1.853985185185180740e-01,1.455478199999999944e+00,0.000000000000000000e+00,1.853733333333331956e-01,0.000000000000000000e+00,0.000000000000000000e+00
1.640000000000000124e+00,0.000000000000000000e+00,1.303575936316049511e+00,0.000000000000000000e+00,0.000000000000000000e+00,1.458872730864197775e+00,0.000000000000000000e+00,1.541382716049426449e-01,1.458872730864197775e+00,0.000000000000000000e+00,1.541076543209874139e-01,0.000000000000000000e+00,0.000000000000000000e+00
1.660000000000000142e+00,0.000000000000000000e+00,1.332782137017284096e+00,0.000000000000000000e+00,0.000000000000000000e+00,1.461643730864197632e+00,0.000000000000000000e+00,1.230617283950650176e-01,1.461643730864197632e+00,0.000000000000000000e+00,1.230256790123459842e-01,0.000000000000000000e+00,0.000000000000000000e+00
1.679999999999999938e+00,0.000000000000000000e+00,1.362037555199999472e+00,0.000000000000000000e+00,0.000000000000000000e+00,1.463795200000000074e+00,0.000000000000000000e+00,9.220148148146734002e-02,1.463795200000000074e+00,0.000000000000000000e+00,9.216000000000036663e-02,0.000000000000000000e+00,0.000000000000000000e+00
1.699999999999999956e+00,0.000000000000000000e+00,1.391329845679012189e+00,0.000000000000000000e+00,0.000000000000000000e+00,1.465331790123456601e+00,0.000000000000000000e+00,6.159012345679570899e-02,1.465331790123456601e+00,0.000000000000000000e+00,6.154320987654356145e-02,0.000000000000000000e+00,0.000000000000000000e+00
1.719999999999999973e+00,0.000000000000000000e+00,1.420646762824691489e+00,0.000000000000000000e+00,0.000000000000000000e+00,1.466258804938271654e+00,0.000000000000000000e+00,3.126024691358963992e-02,1.466258804938271654e+00,0.000000000000000000e+00,3.120790123456790646e-02,0.000000000000000000e+00,0.000000000000000000e+00
1.739999999999999991e+00,0.000000000000000000e+00,1.449976173599999640e+00,0.000000000000000000e+00,0.000000000000000000e+00,1.466582200000000169e+00,0.000000000000000000e+00,1.244444444438386199e-03,1.466582200000000169e+00,0.000000000000000000e+00,1.186666666666605233e-03,0.000000000000000000e+00,0.000000000000000000e+00
1.760000000000000009e+00,0.000000000000000000e+00,1.479306070597530720e+00,0.000000000000000000e+00,0.000000000000000000e+00,1.466308582716049358e+00,0.000000000000000000e+00,-2.842469135802616620e-02,1.466308582716049358e+00,0.000000000000000000e+00,-2.848790123456805892e-02,0.000000000000000000e+00,0.000000000000000000e+00
1.780000000000000027e+00,0.000000000000000000e+00,1.508624585076543401e+00,0.000000000000000000e+00,0.000000000000000000e+00,1.465445212345678927e+00,0.000000000000000000e+00,-5.771456790122186931e-02,1.465445212345678927e+00,0.000000000000000000e+00,-5.778320987654331914e-02,0.000000000000000000e+00,0.000000000000000000e+00
1.800000000000000044e+00,0.000000000000000000e+00,1.537919999999999732e+00,0.000000000000000000e+00,0.000000000000000000e+00,1.464000000000000412e+00,0.000000000000000000e+00,-8.659259259259499686e-02,1.464000000000000412e+00,0.000000000000000000e+00,-8.666666666666657248e-02,0.000000000000000000e+00,0.000000000000000000e+00
1.820000000000000062e+00,0.000000000000000000e+00,1.567180763071605032e+00,0.000000000000000000e+00,0.000000000000000000e+00,1.461981508641975402e+00,0.000000000000000000e+00,-1.150261728395136629e-01,1.461981508641975402e+00,0.000000000000000000e+00,-1.151056790123455575e-01,0.000000000000000000e+00,0.000000000000000000e+00
1.840000000000000080e+00,0.000000000000000000e+00,1.596395499772839566e+00,0.000000000000000000e+00,0.000000000000000000e+00,1.459398953086419981e+00,0.000000000000000000e+00,-1.429827160493744032e-01,1.459398953086419981e+00,0.000000000000000000e+00,-1.430676543209874751e-01,0.000000000000000000e+00,0.000000000000000000e+00
1.860000000000000098e+00,0.000000000000000000e+00,1.625553026399999768e+00,0.000000000000000000e+00,0.000000000000000000e+00,1.456262200000000284e+00,0.000000000000000000e+00,-1.704296296296305968e-01,1.456262200000000284e+00,0.000000000000000000e+00,-1.705200000000000604e-01,0.000000000000000000e+00,0.000000000000000000e+00
1.880000000000000115e+00,0.000000000000000000e+00,1.654642363101234581e+00,0.000000000000000000e+00,0.000000000000000000e+00,1.452581767901234722e+00,0.000000000000000000e+00,-1.973343209876574633e-01,1.452581767901234722e+00,0.000000000000000000e+00,-1.974301234567903407e-01,0.000000000000000000e+00,0.000000000000000000e+00
1.900000000000000133e+00,0.000000000000000000e+00,1.683652746913580467e+00,0.000000000000000000e+00,0.000000000000000000e+00,1.448368827160493977e+00,0.000000000000000000e+00,-2.236641975308515384e-01,1.448368827160493977e+00,0.000000000000000000e+00,-2.237654320987654266e-01,0.000000000000000000e+00,0.000000000000000000e+00
1.919999999999999929e+00,0.000000000000000000e+00,1.712573644799999739e+00,0.000000000000000000e+00,0.000000000000000000e+00,1.443635200000000340e+00,0.000000000000000000e+00,-2.493866666666662013e-01,1.443635200000000340e+00,0.000000000000000000e+00,-2.494933333333333447e-01,0.000000000000000000e+00,0.000000000000000000e+00
1.939999999999999947e+00,0.000000000000000000e+00,1.741394766686419571e+00,0.000000000000000000e+00,0.000000000000000000e+00,1.438393360493827489e+00,0.000000000000000000e+00,-2.744691358024766714e-01,1.438393360493827489e+00,0.000000000000000000e+00,-2.745812345679009558e-01,0.000000000000000000e+00,0.000000000000000000e+00
1.959999999999999964e+00,0.000000000000000000e+00,1.770106078498765223e+00,0.000000000000000000e+00,0.000000000000000000e+00,1.432656434567901371e+00,0.000000000000000000e+00,-2.988790123456865899e-01,1.432656434567901371e+00,0.000000000000000000e+00,-2.989965432098763420e-01,0.000000000000000000e+00,0.000000000000000000e+00
1.979999999999999982e+00,0.000000000000000000e+00,1.798697815199999717e+00,0.000000000000000000e+00,0.000000000000000000e+00,1.426438200000000212e+00,0.000000000000000000e+00,-3.225837037037067034e-01,1.426438200000000212e+00,0.000000000000000000e+00,-3.227066666666668082e-01,0.000000000000000000e+00,0.000000000000000000e+00
2.000000000000000000e+00,0.000000000000000000e+00,1.827160493827160170e+00,0.000000000000000000e+00,0.000000000000000000e+00,1.419753086419752952e+00,0.000000000000000000e+00,-3.455506172839548640e-01,1.419753086419752952e+00,0.000000000000000000e+00,-3.456790123456788266e-01,0.000000000000000000e+00,0.000000000000000000e+00
2.020000000000000018e+00,0.000000000000000000e+00,1.855484926528394807e+00,0.000000000000000000e+00,0.000000000000000000e+00,1.412616175308641919e+00,0.000000000000000000e+00,-3.677471604938205019e-01,1.412616175308641919e+00,0.000000000000000000e+00,-3.678809876543208679e-01,0.000000000000000000e+00,0.000000000000000000e+00
2.040000000000000036e+00,0.000000000000000000e+00,1.883662233599999958e+00,0.000000000000000000e+00,0.000000000000000000e+00,1.405043200000000159e+00,0.000000000000000000e+00,-3.891407407407356800e-01,1.405043200000000159e+00,0.000000000000000000e+00,-3.892800000000000704e-01,0.000000000000000000e+00,0.000000000000000000e+00
2.060000000000000053e+00,0.000000000000000000e+00,1.911683856523456626e+00,0.000000000000000000e+00,0.000000000000000000e+00,1.397050545679012545e+00,0.000000000000000000e+00,-4.096987654320969341e-01,1.397050545679012545e+00,0.000000000000000000e+00,-4.098434567901234060e-01,0.000000000000000000e+00,0.000000000000000000e+00
2.080000000000000071e+00,0.000000000000000000e+00,1.939541571002469045e+00,0.000000000000000000e+00,0.000000000000000000e+00,1.388655249382716228e+00,0.000000000000000000e+00,-4.293886419753150108e-01,1.388655249382716228e+00,0.000000000000000000e+00,-4.295387654320986792e-01,0.000000000000000000e+00,0.000000000000000000e+00
2.100000000000000089e+00,0.000000000000000000e+00,1.967227500000000129e+00,0.000000000000000000e+00,0.000000000000000000e+00,1.379874999999999963e+00,0.000000000000000000e+00,-4.481777777777793403e-01,1.379874999999999963e+00,0.000000000000000000e+00,-4.483333333333335835e-01,0.000000000000000000e+00,0.000000000000000000e+00
2.120000000000000107e+00,0.000000000000000000e+00,1.994734126775308702e+00,0.000000000000000000e+00,0.000000000000000000e+00,1.370728138271605001e+00,0.000000000000000000e+00,-4.660335802469006694e-01,1.370728138271605001e+00,0.000000000000000000e+00,-4.661945679012344246e-01,0.000000000000000000e+00,0.000000000000000000e+00
2.140000000000000124e+00,0.000000000000000000e+00,2.022054307920987615e+00,0.000000000000000000e+00,0.000000000000000000e+00,1.361233656790123758e+00,0.000000000000000000e+00,-4.829234567901323771e-01,1.361233656790123758e+00,0.000000000000000000e+00,-4.830898765432099506e-01,0.000000000000000000e+00,0.000000000000000000e+00
2.160000000000000142e+00,0.000000000000000000e+00,2.049181286400000079e+00,0.000000000000000000e+00,0.000000000000000000e+00,1.351411199999999813e+00,0.000000000000000000e+00,-4.988148148148212613e-01,1.351411199999999813e+00,0.000000000000000000e+00,-4.989866666666667450e-01,0.000000000000000000e+00,0.000000000000000000e+00
2.180000000000000160e+00,0.000000000000000000e+00,2.076108704582716236e+00,0.000000000000000000e+00,0.000000000000000000e+00,1.341281064197531014e+00,0.000000000000000000e+00,-5.136750617283851739e-01,1.341281064197531014e+00,0.000000000000000000e+00,-5.138523456790122790e-01,0.000000000000000000e+00,0.000000000000000000e+00
2.200000000000000178e+00,0.000000000000000000e+00,2.102830617283951042e+00,0.000000000000000000e+00,0.000000000000000000e+00,1.330864197530864379e+00,0.000000000000000000e+00,-5.274716049382632832e-01,1.330864197530864379e+00,0.000000000000000000e+00,-5.276543209876544127e-01,0.000000000000000000e+00,0.000000000000000000e+00
2.220000000000000195e+00,0.000000000000000000e+00,2.129341504800000173e+00,0.000000000000000000e+00,0.000000000000000000e+00,1.320182200000000305e+00,0.000000000000000000e+00,-5.401718518518450196e-01,1.320182200000000305e+00,0.000000000000000000e+00,-5.403600000000001735e-01,0.000000000000000000e+00,0.000000000000000000e+00
2.240000000000000213e+00,0.000000000000000000e+00,2.155636285945679465e+00,0.000000000000000000e+00,0.000000000000000000e+00,1.309257323456790356e+00,0.000000000000000000e+00,-5.517432098765482351e-01,1.309257323456790356e+00,0.000000000000000000e+00,-5.519367901234568663e-01,0.000000000000000000e+00,0.000000000000000000e+00
2.260000000000000231e+00,0.000000000000000000e+00,2.181710331091358146e+00,0.000000000000000000e+00,0.000000000000000000e+00,1.298112471604938367e+00,0.000000000000000000e+00,-5.621530864197623600e-01,1.298112471604938367e+00,0.000000000000000000e+00,-5.623520987654319070e-01,0.000000000000000000e+00,0.000000000000000000e+00
2.280000000000000249e+00,0.000000000000000000e+00,2.207559475200000065e+00,0.000000000000000000e+00,0.000000000000000000e+00,1.286771200000000004e+00,0.000000000000000000e+00,-5.713688888888910355e-01,1.286771200000000004e+00,0.000000000000000000e+00,-5.715733333333334887e-01,0.000000000000000000e+00,0.000000000000000000e+00
2.300000000000000266e+00,0.000000000000000000e+00,2.233180030864197807e+00,0.000000000000000000e+00,0.000000000000000000e+00,1.275257716049382761e+00,0.000000000000000000e+00,-5.793580246913556664e-01,1.275257716049382761e+00,0.000000000000000000e+00,-5.795679012345678061e-01,0.000000000000000000e+00,0.000000000000000000e+00
2.319999999999999840e+00,0.000000000000000000e+00,2.258568801343209920e+00,0.000000000000000000e+00,0.000000000000000000e+00,1.263596879012345742e+00,0.000000000000000000e+00,-5.860879012345669992e-01,1.263596879012345742e+00,0.000000000000000000e+00,-5.863032098765429412e-01,0.000000000000000000e+00,0.000000000000000000e+00
2.339999999999999858e+00,0.000000000000000000e+00,2.283723093599999920e+00,0.000000000000000000e+00,0.000000000000000000e+00,1.251814200000000321e+00,0.000000000000000000e+00,-5.915259259259180169e-01,1.251814200000000321e+00,0.000000000000000000e+00,-5.917466666666665320e-01,0.000000000000000000e+00,0.000000000000000000e+00
2.359999999999999876e+00,0.000000000000000000e+00,2.308640731338271301e+00,0.000000000000000000e+00,0.000000000000000000e+00,1.239935841975309039e+00,0.000000000000000000e+00,-5.956395061728407825e-01,1.239935841975309039e+00,0.000000000000000000e+00,-5.958656790123455504e-01,0.000000000000000000e+00,0.000000000000000000e+00
2.379999999999999893e+00,0.000000000000000000e+00,2.333320068039506090e+00,0.000000000000000000e+00,0.000000000000000000e+00,1.227988619753086708e+00,0.000000000000000000e+00,-5.983960493827211735e-01,1.227988619753086708e+00,0.000000000000000000e+00,-5.986276543209876344e-01,0.000000000000000000e+00,0.000000000000000000e+00
2.399999999999999911e+00,0.000000000000000000e+00,2.357759999999999856e+00,0.000000000000000000e+00,0.000000000000000000e+00,1.216000000000000192e+00,0.000000000000000000e+00,-5.997629629629699366e-01,1.216000000000000192e+00,0.000000000000000000e+00,-5.999999999999998668e-01,0.000000000000000000e+00,0.000000000000000000e+00
2.419999999999999929e+00,0.000000000000000000e+00,2.381959979367901159e+00,0.000000000000000000e+00,0.000000000000000000e+00,1.203998101234567963e+00,0.000000000000000000e+00,-5.997076543209907129e-01,1.203998101234567963e+00,0.000000000000000000e+00,-5.999501234567899965e-01,0.000000000000000000e+00,0.000000000000000000e+00
2.439999999999999947e+00,0.000000000000000000e+00,2.405920027180247001e+00,0.000000000000000000e+00,0.000000000000000000e+00,1.192011693827160546e+00,0.000000000000000000e+00,-5.981975308641906963e-01,1.192011693827160546e+00,0.000000000000000000e+00,-5.984454320987653286e-01,0.000000000000000000e+00,0.000000000000000000e+00
2.459999999999999964e+00,0.000000000000000000e+00,2.429640746399999607e+00,0.000000000000000000e+00,0.000000000000000000e+00,1.180070200000000291e+00,0.000000000000000000e+00,-5.951999999999948443e-01,1.180070200000000291e+00,0.000000000000000000e+00,-5.954533333333331679e-01,0.000000000000000000e+00,0.000000000000000000e+00
2.479999999999999982e+00,0.000000000000000000e+00,2.453123334953086321e+00,0.000000000000000000e+00,0.000000000000000000e+00,1.168203693827160716e+00,0.000000000000000000e+00,-5.906824691358032453e-01,1.168203693827160716e+00,0.000000000000000000e+00,-5.909412345679010414e-01,0.000000000000000000e+00,0.000000000000000000e+00
2.500000000000000000e+00,0.000000000000000000e+00,2.476369598765432389e+00,0.000000000000000000e+00,0.000000000000000000e+00,1.156442901234568055e+00,0.000000000000000000e+00,-5.846123456790124351e-01,1.156442901234568055e+00,0.000000000000000000e+00,-5.848765432098765871e-01,0.000000000000000000e+00,0.000000000000000000e+00
2.520000000000000018e+00,0.000000000000000000e+00,2.499381964799999967e+00,0.000000000000000000e+00,0.000000000000000000e+00,1.144819200000000148e+00,0.000000000000000000e+00,-5.769570370370367129e-01,1.144819200000000148e+00,0.000000000000000000e+00,-5.772266666666665547e-01,0.000000000000000000e+00,0.000000000000000000e+00
2.540000000000000036e+00,0.000000000000000000e+00,2.522163494093827119e+00,0.000000000000000000e+00,0.000000000000000000e+00,1.133364619753086666e+00,0.000000000000000000e+00,-5.676839506172868255e-01,1.133364619753086666e+00,0.000000000000000000e+00,-5.679590123456789152e-01,0.000000000000000000e+00,0.000000000000000000e+00
2.560000000000000053e+00,0.000000000000000000e+00,2.544717894795061497e+00,0.000000000000000000e+00,0.000000000000000000e+00,1.122111841975308666e+00,0.000000000000000000e+00,-5.567604938271628612e-01,1.122111841975308666e+00,0.000000000000000000e+00,-5.570409876543208627e-01,0.000000000000000000e+00,0.000000000000000000e+00
2.580000000000000071e+00,0.000000000000000000e+00,2.567049535199999788e+00,0.000000000000000000e+00,0.000000000000000000e+00,1.111094200000000143e+00,0.000000000000000000e+00,-5.441540740740720139e-01,1.111094200000000143e+00,0.000000000000000000e+00,-5.444400000000000350e-01,0.000000000000000000e+00,0.000000000000000000e+00
2.600000000000000089e+00,0.000000000000000000e+00,2.589163456790123607e+00,0.000000000000000000e+00,0.000000000000000000e+00,1.100345679012345812e+00,0.000000000000000000e+00,-5.298320987654285830e-01,1.100345679012345812e+00,0.000000000000000000e+00,-5.301234567901232930e-01,0.000000000000000000e+00,0.000000000000000000e+00
2.620000000000000107e+00,0.000000000000000000e+00,2.611065387269135840e+00,0.000000000000000000e+00,0.000000000000000000e+00,1.089900916049382884e+00,0.000000000000000000e+00,-5.137619753086397623e-01,1.089900916049382884e+00,0.000000000000000000e+00,-5.140587654320984967e-01,0.000000000000000000e+00,0.000000000000000000e+00
2.640000000000000124e+00,0.000000000000000000e+00,2.632761753599999643e+00,0.000000000000000000e+00,0.000000000000000000e+00,1.079795200000000177e+00,0.000000000000000000e+00,-4.959111111111127457e-01,1.079795200000000177e+00,0.000000000000000000e+00,-4.962133333333331731e-01,0.000000000000000000e+00,0.000000000000000000e+00
2.660000000000000142e+00,0.000000000000000000e+00,2.654259695041975675e+00,0.000000000000000000e+00,0.000000000000000000e+00,1.070064471604938339e+00,0.000000000000000000e+00,-4.762469135802476217e-01,1.070064471604938339e+00,0.000000000000000000e+00,-4.765545679012343494e-01,0.000000000000000000e+00,0.000000000000000000e+00
2.680000000000000160e+00,0.000000000000000000e+00,2.675567076187654436e+00,0.000000000000000000e+00,0.000000000000000000e+00,1.060745323456790290e+00,0.000000000000000000e+00,-4.547367901234551368e-01,1.060745323456790290e+00,0.000000000000000000e+00,-4.550498765432094972e-01,0.000000000000000000e+00,0.000000000000000000e+00
2.700000000000000178e+00,0.000000000000000000e+00,2.696692500000000159e+00,0.000000000000000000e+00,0.000000000000000000e+00,1.051875000000000115e+00,0.000000000000000000e+00,-4.313481481481460378e-01,1.051875000000000115e+00,0.000000000000000000e+00,-4.316666666666665875e-01,0.000000000000000000e+00,0.000000000000000000e+00
2.720000000000000195e+00,0.000000000000000000e+00,2.717645320849382706e+00,0.000000000000000000e+00,0.000000000000000000e+00,1.043491397530864395e+00,0.000000000000000000e+00,-4.060483950617310711e-01,1.043491397530864395e+00,0.000000000000000000e+00,-4.063723456790120925e-01,0.000000000000000000e+00,0.000000000000000000e+00
2.740000000000000213e+00,0.000000000000000000e+00,2.738435657550617464e+00,0.000000000000000000e+00,0.000000000000000000e+00,1.035633064197530873e+00,0.000000000000000000e+00,-3.788049382716103253e-01,1.035633064197530873e+00,0.000000000000000000e+00,-3.791343209876538167e-01,0.000000000000000000e+00,0.000000000000000000e+00
2.760000000000000231e+00,0.000000000000000000e+00,2.759074406399999901e+00,0.000000000000000000e+00,0.000000000000000000e+00,1.028339200000000009e+00,0.000000000000000000e+00,-3.495851851851874414e-01,1.028339200000000009e+00,0.000000000000000000e+00,-3.499199999999997313e-01,0.000000000000000000e+00,0.000000000000000000e+00
2.780000000000000249e+00,0.000000000000000000e+00,2.779573254212345912e+00,0.000000000000000000e+00,0.000000000000000000e+00,1.021649656790123428e+00,0.000000000000000000e+00,-3.183565432098731662e-01,1.021649656790123428e+00,0.000000000000000000e+00,-3.186967901234564193e-01,0.000000000000000000e+00,0.000000000000000000e+00
2.800000000000000266e+00,0.000000000000000000e+00,2.799944691358025040e+00,0.000000000000000000e+00,0.000000000000000000e+00,1.015604938271605029e+00,0.000000000000000000e+00,-2.850864197530746935e-01,1.015604938271605029e+00,0.000000000000000000e+00,-2.854320987654314079e-01,0.000000000000000000e+00,0.000000000000000000e+00
2.819999999999999840e+00,0.000000000000000000e+00,2.820202024799999485e+00,0.000000000000000000e+00,0.000000000000000000e+00,1.010246200000000316e+00,0.000000000000000000e+00,-2.497422222222240862e-01,1.010246200000000316e+00,0.000000000000000000e+00,-2.500933333333336672e-01,0.000000000000000000e+00,0.000000000000000000e+00
2.839999999999999858e+00,0.000000000000000000e+00,2.840359391130863997e+00,0.000000000000000000e+00,0.000000000000000000e+00,1.005615249382716181e+00,0.000000000000000000e+00,-2.122913580246965637e-01,1.005615249382716181e+00,0.000000000000000000e+00,-2.126479012345679209e-01,0.000000000000000000e+00,0.000000000000000000e+00
2.859999999999999876e+00,0.000000000000000000e+00,2.860431769609875996e+00,0.000000000000000000e+00,0.000000000000000000e+00,1.001754545679012454e+00,0.000000000000000000e+00,-1.727012345678993199e-01,1.001754545679012454e+00,0.000000000000000000e+00,-1.730632098765437499e-01,0.000000000000000000e+00,0.000000000000000000e+00
2.879999999999999893e+00,0.000000000000000000e+00,2.880434995199999904e+00,0.000000000000000000e+00,0.000000000000000000e+00,9.987072000000002392e-01,0.000000000000000000e+00,-1.309392592592573124e-01,9.987072000000002392e-01,0.000000000000000000e+00,-1.313066666666669324e-01,0.000000000000000000e+00,0.000000000000000000e+00
2.899999999999999911e+00,0.000000000000000000e+00,2.900385771604938157e+00,0.000000000000000000e+00,0.000000000000000000e+00,9.965169753086421389e-01,0.000000000000000000e+00,-8.697283950617062942e-02,9.965169753086421389e-01,0.000000000000000000e+00,-8.734567901234567555e-02,0.000000000000000000e+00,0.000000000000000000e+00
2.919999999999999929e+00,0.000000000000000000e+00,2.920301684306172429e+00,0.000000000000000000e+00,0.000000000000000000e+00,9.952282864197533607e-01,0.000000000000000000e+00,-4.076938271605001773e-02,9.952282864197533607e-01,0.000000000000000000e+00,-4.114765432098813069e-02,0.000000000000000000e+00,0.000000000000000000e+00
2.939999999999999947e+00,0.000000000000000000e+00,2.940201213599999974e+00,0.000000000000000000e+00,0.000000000000000000e+00,9.948862000000001649e-01,0.000000000000000000e+00,7.703703703704434247e-03,9.948862000000001649e-01,0.000000000000000000e+00,7.319999999999820574e-03,0.000000000000000000e+00,0.000000000000000000e+00
2.959999999999999964e+00,0.000000000000000000e+00,2.960103747634567739e+00,0.000000000000000000e+00,0.000000000000000000e+00,9.955364345679015292e-01,0.000000000000000000e+00,5.847901234568197992e-02,9.955364345679015292e-01,0.000000000000000000e+00,5.808987654320999644e-02,0.000000000000000000e+00,0.000000000000000000e+00
2.979999999999999982e+00,0.000000000000000000e+00,2.980029595446913149e+00,0.000000000000000000e+00,0.000000000000000000e+00,9.972253604938273730e-01,0.000000000000000000e+00,1.115891358024683200e-01,9.972253604938273730e-01,0.000000000000000000e+00,1.111945679012341509e-01,0.000000000000000000e+00,0.000000000000000000e+00
3.000000000000000000e+00,1.000000000000000000e+00,3.000000000000000000e+00,0.000000000000000000e+00,0.000000000000000000e+00,1.000000000000000222e+00,0.000000000000000000e+00,1.494029012345663432e-01,1.000000000000000222e+00,0.000000000000000000e+00,1.666666666666670737e-01,0.000000000000000000e+00,0.000000000000000000e+00
3.020000000000000018e+00,1.000000000000000000e+00,3.020032451832097564e+00,0.000000000000000000e+00,0.000000000000000000e+00,1.003201476543210013e+00,0.000000000000000000e+00,1.536276543209851297e-01,1.003201476543210013e+00,0.000000000000000000e+00,1.535545679012348952e-01,0.000000000000000000e+00,0.000000000000000000e+00
3.040000000000000036e+00,1.000000000000000000e+00,3.040126340108642022e+00,0.000000000000000000e+00,0.000000000000000000e+00,1.006145106172839698e+00,0.000000000000000000e+00,1.409530864197456879e-01,1.006145106172839698e+00,0.000000000000000000e+00,1.408809876543213879e-01,0.000000000000000000e+00,0.000000000000000000e+00
3.060000000000000053e+00,1.000000000000000000e+00,3.060276595199999505e+00,0.000000000000000000e+00,0.000000000000000000e+00,1.008839599999999947e+00,0.000000000000000000e+00,1.287111111111194361e-01,1.008839599999999947e+00,0.000000000000000000e+00,1.286400000000003374e-01,0.000000000000000000e+00,0.000000000000000000e+00
3.080000000000000071e+00,1.000000000000000000e+00,3.080478320513580837e+00,0.000000000000000000e+00,0.000000000000000000e+00,1.011293550617284431e+00,0.000000000000000000e+00,1.168958024691484354e-01,1.011293550617284431e+00,0.000000000000000000e+00,1.168256790123460426e-01,0.000000000000000000e+00,0.000000000000000000e+00
3.100000000000000089e+00,1.000000000000000000e+00,3.100726790123457199e+00,0.000000000000000000e+00,0.000000000000000000e+00,1.013515432098765823e+00,0.000000000000000000e+00,1.055012345678818519e-01,1.013515432098765823e+00,0.000000000000000000e+00,1.054320987654324276e-01,0.000000000000000000e+00,0.000000000000000000e+00
3.120000000000000107e+00,1.000000000000000000e+00,3.121017446399999340e+00,0.000000000000000000e+00,0.000000000000000000e+00,1.015513599999999794e+00,0.000000000000000000e+00,9.452148148147898610e-02,1.015513599999999794e+00,0.000000000000000000e+00,9.445333333333361114e-02,0.000000000000000000e+00,0.000000000000000000e+00
3.140000000000000124e+00,1.000000000000000000e+00,3.141345897639507001e+00,0.000000000000000000e+00,0.000000000000000000e+00,1.017296291358025018e+00,0.000000000000000000e+00,8.395061728396413514e-02,1.017296291358025018e+00,0.000000000000000000e+00,8.388345679012376710e-02,0.000000000000000000e+00,0.000000000000000000e+00
3.160000000000000142e+00,1.000000000000000000e+00,3.161707915693827697e+00,0.000000000000000000e+00,0.000000000000000000e+00,1.018871624691358280e+00,0.000000000000000000e+00,7.378271604937580719e-02,1.018871624691358280e+00,0.000000000000000000e+00,7.371654320987684750e-02,0.000000000000000000e+00,0.000000000000000000e+00
3.180000000000000160e+00,1.000000000000000000e+00,3.182099433599999028e+00,0.000000000000000000e+00,0.000000000000000000e+00,1.020247600000000032e+00,0.000000000000000000e+00,6.401185185185198634e-02,1.020247600000000032e+00,0.000000000000000000e+00,6.394666666666692922e-02,0.000000000000000000e+00,0.000000000000000000e+00
3.200000000000000178e+00,1.000000000000000000e+00,3.202516543209876776e+00,0.000000000000000000e+00,0.000000000000000000e+00,1.021432098765432395e+00,0.000000000000000000e+00,5.463209876543473342e-02,1.021432098765432395e+00,0.000000000000000000e+00,5.456790123456820019e-02,0.000000000000000000e+00,0.000000000000000000e+00
3.220000000000000195e+00,1.000000000000000000e+00,3.222955492819752354e+00,0.000000000000000000e+00,0.000000000000000000e+00,1.022432883950617377e+00,0.000000000000000000e+00,4.563753086420163640e-02,1.022432883950617377e+00,0.000000000000000000e+00,4.557432098765457074e-02,0.000000000000000000e+00,0.000000000000000000e+00
3.240000000000000213e+00,1.000000000000000000e+00,3.243412684800000889e+00,0.000000000000000000e+00,0.000000000000000000e+00,1.023257600000000433e+00,0.000000000000000000e+00,3.702222222222673054e-02,1.023257600000000433e+00,0.000000000000000000e+00,3.696000000000026348e-02,0.000000000000000000e+00,0.000000000000000000e+00
3.259999999999999787e+00,1.000000000000000000e+00,3.263884673224691113e+00,0.000000000000000000e+00,0.000000000000000000e+00,1.023913772839506464e+00,0.000000000000000000e+00,2.878024691357339293e-02,1.023913772839506464e+00,0.000000000000000000e+00,2.871901234567925468e-02,0.000000000000000000e+00,0.000000000000000000e+00
3.280000000000000249e+00,1.000000000000000000e+00,3.284368161501234784e+00,0.000000000000000000e+00,0.000000000000000000e+00,1.024408809876543369e+00,0.000000000000000000e+00,2.090567901235118597e-02,1.024408809876543369e+00,0.000000000000000000e+00,2.084543209876564898e-02,0.000000000000000000e+00,0.000000000000000000e+00
3.299999999999999822e+00,1.000000000000000000e+00,3.304860000000000131e+00,0.000000000000000000e+00,0.000000000000000000e+00,1.024750000000000494e+00,0.000000000000000000e+00,1.339259259259151236e-02,1.024750000000000494e+00,0.000000000000000000e+00,1.333333333333356144e-02,0.000000000000000000e+00,0.000000000000000000e+00
3.319999999999999840e+00,1.000000000000000000e+00,3.325357183683950613e+00,0.000000000000000000e+00,0.000000000000000000e+00,1.024944513580247074e+00,0.000000000000000000e+00,6.235061728396829039e-03,1.024944513580247074e+00,0.000000000000000000e+00,6.176790123456983063e-03,0.000000000000000000e+00,0.000000000000000000e+00
3.339999999999999858e+00,1.000000000000000000e+00,3.345856849738272132e+00,0.000000000000000000e+00,0.000000000000000000e+00,1.024999402469136456e+00,0.000000000000000000e+00,-5.728395061694868673e-04,1.024999402469136456e+00,0.000000000000000000e+00,-6.301234567899480004e-04,0.000000000000000000e+00,0.000000000000000000e+00
3.359999999999999876e+00,1.000000000000000000e+00,3.366356275200000248e+00,0.000000000000000000e+00,0.000000000000000000e+00,1.024921600000000321e+00,0.000000000000000000e+00,-7.037037037044058252e-03,1.024921600000000321e+00,0.000000000000000000e+00,-7.093333333333142615e-03,0.000000000000000000e+00,0.000000000000000000e+00
3.379999999999999893e+00,1.000000000000000000e+00,3.386852874587653606e+00,0.000000000000000000e+00,0.000000000000000000e+00,1.024717920987654685e+00,0.000000000000000000e+00,-1.316345679011377001e-02,1.024717920987654685e+00,0.000000000000000000e+00,-1.321876543209860380e-02,0.000000000000000000e+00,0.000000000000000000e+00
3.399999999999999911e+00,1.000000000000000000e+00,3.407344197530864705e+00,0.000000000000000000e+00,0.000000000000000000e+00,1.024395061728395673e+00,0.000000000000000000e+00,-1.895802469135432489e-02,1.024395061728395673e+00,0.000000000000000000e+00,-1.901234567901217629e-02,0.000000000000000000e+00,0.000000000000000000e+00
3.419999999999999929e+00,1.000000000000000000e+00,3.427827926399998670e+00,0.000000000000000000e+00,0.000000000000000000e+00,1.023959600000000414e+00,0.000000000000000000e+00,-2.442666666667747677e-02,1.023959600000000414e+00,0.000000000000000000e+00,-2.447999999999985257e-02,0.000000000000000000e+00,0.000000000000000000e+00
3.439999999999999947e+00,1.000000000000000000e+00,3.448301873935802231e+00,0.000000000000000000e+00,0.000000000000000000e+00,1.023417995061728591e+00,0.000000000000000000e+00,-2.957530864197721598e-02,1.023417995061728591e+00,0.000000000000000000e+00,-2.962765432098752108e-02,0.000000000000000000e+00,0.000000000000000000e+00
3.459999999999999964e+00,1.000000000000000000e+00,3.468763980879013609e+00,0.000000000000000000e+00,0.000000000000000000e+00,1.022776587654321334e+00,0.000000000000000000e+00,-3.440987654321503442e-02,1.022776587654321334e+00,0.000000000000000000e+00,-3.446123456790112921e-02,0.000000000000000000e+00,0.000000000000000000e+00
3.479999999999999982e+00,1.000000000000000000e+00,3.489212313599999504e+00,0.000000000000000000e+00,0.000000000000000000e+00,1.022041600000000106e+00,0.000000000000000000e+00,-3.893629629628847511e-02,1.022041600000000106e+00,0.000000000000000000e+00,-3.898666666666653763e-02,0.000000000000000000e+00,0.000000000000000000e+00
3.500000000000000000e+00,1.000000000000000000e+00,3.509645061728396076e+00,0.000000000000000000e+00,0.000000000000000000e+00,1.021219135802469813e+00,0.000000000000000000e+00,-4.316049382715192451e-02,1.021219135802469813e+00,0.000000000000000000e+00,-4.320987654320975618e-02,0.000000000000000000e+00,0.000000000000000000e+00
3.520000000000000018e+00,1.000000000000000000e+00,3.530060535782716613e+00,0.000000000000000000e+00,0.000000000000000000e+00,1.020315180246913922e+00,0.000000000000000000e+00,-4.708839506173845280e-02,1.020315180246913922e+00,0.000000000000000000e+00,-4.713679012345667330e-02,0.000000000000000000e+00,0.000000000000000000e+00
3.540000000000000036e+00,1.000000000000000000e+00,3.550457164799999177e+00,0.000000000000000000e+00,0.000000000000000000e+00,1.019335600000000230e+00,0.000000000000000000e+00,-5.072592592591718130e-02,1.019335600000000230e+00,0.000000000000000000e+00,-5.077333333333328147e-02,0.000000000000000000e+00,0.000000000000000000e+00
3.560000000000000053e+00,1.000000000000000000e+00,3.570833493965432481e+00,0.000000000000000000e+00,0.000000000000000000e+00,1.018286143209877315e+00,0.000000000000000000e+00,-5.407901234568157633e-02,1.018286143209877315e+00,0.000000000000000000e+00,-5.412543209876537198e-02,0.000000000000000000e+00,0.000000000000000000e+00
3.580000000000000071e+00,1.000000000000000000e+00,3.591188182241975113e+00,0.000000000000000000e+00,0.000000000000000000e+00,1.017172439506172976e+00,0.000000000000000000e+00,-5.715358024691852279e-02,1.017172439506172976e+00,0.000000000000000000e+00,-5.719901234567894427e-02,0.000000000000000000e+00,0.000000000000000000e+00
3.600000000000000089e+00,1.000000000000000000e+00,3.611520000000000952e+00,0.000000000000000000e+00,0.000000000000000000e+00,1.016000000000000458e+00,0.000000000000000000e+00,-5.995555555554687999e-02,1.016000000000000458e+00,0.000000000000000000e+00,-5.999999999999995615e-02,0.000000000000000000e+00,0.000000000000000000e+00
3.620000000000000107e+00,1.000000000000000000e+00,3.631827826646914392e+00,0.000000000000000000e+00,0.000000000000000000e+00,1.014774217283951119e+00,0.000000000000000000e+00,-6.249086419754235067e-02,1.014774217283951119e+00,0.000000000000000000e+00,-6.253432098765429603e-02,0.000000000000000000e+00,0.000000000000000000e+00
3.640000000000000124e+00,1.000000000000000000e+00,3.652110648256790437e+00,0.000000000000000000e+00,0.000000000000000000e+00,1.013500365432098871e+00,0.000000000000000000e+00,-6.476543209877050344e-02,1.013500365432098871e+00,0.000000000000000000e+00,-6.480790123456788010e-02,0.000000000000000000e+00,0.000000000000000000e+00
3.660000000000000142e+00,1.000000000000000000e+00,3.672367555200000577e+00,0.000000000000000000e+00,0.000000000000000000e+00,1.012183600000000405e+00,0.000000000000000000e+00,-6.678518518517506664e-02,1.012183600000000405e+00,0.000000000000000000e+00,-6.682666666666665922e-02,0.000000000000000000e+00,0.000000000000000000e+00
3.680000000000000160e+00,1.000000000000000000e+00,3.692597739772840448e+00,0.000000000000000000e+00,0.000000000000000000e+00,1.010828958024691859e+00,0.000000000000000000e+00,-6.855604938271397941e-02,1.010828958024691859e+00,0.000000000000000000e+00,-6.859654320987654263e-02,0.000000000000000000e+00,0.000000000000000000e+00
3.700000000000000178e+00,1.000000000000000000e+00,3.712800493827160597e+00,0.000000000000000000e+00,0.000000000000000000e+00,1.009441358024691704e+00,0.000000000000000000e+00,-7.008395061727767938e-02,1.009441358024691704e+00,0.000000000000000000e+00,-7.012345679012346733e-02,0.000000000000000000e+00,0.000000000000000000e+00
3.719999999999999751e+00,1.000000000000000000e+00,3.732975206400000356e+00,0.000000000000000000e+00,0.000000000000000000e+00,1.008025600000000521e+00,0.000000000000000000e+00,-7.137481481480989487e-02,1.008025600000000521e+00,0.000000000000000000e+00,-7.141333333333334255e-02,0.000000000000000000e+00,0.000000000000000000e+00
3.740000000000000213e+00,1.000000000000000000e+00,3.753121361343209283e+00,0.000000000000000000e+00,0.000000000000000000e+00,1.006586365432099228e+00,0.000000000000000000e+00,-7.243456790124014333e-02,1.006586365432099228e+00,0.000000000000000000e+00,-7.247209876543216078e-02,0.000000000000000000e+00,0.000000000000000000e+00
3.759999999999999787e+00,1.000000000000000000e+00,3.773238534953085033e+00,0.000000000000000000e+00,0.000000000000000000e+00,1.005128217283950853e+00,0.000000000000000000e+00,-7.326913580247307323e-02,1.005128217283950853e+00,0.000000000000000000e+00,-7.330567901234570638e-02,0.000000000000000000e+00,0.000000000000000000e+00
3.780000000000000249e+00,1.000000000000000000e+00,3.793326393600000124e+00,0.000000000000000000e+00,0.000000000000000000e+00,1.003655600000000314e+00,0.000000000000000000e+00,-7.388444444443820203e-02,1.003655600000000314e+00,0.000000000000000000e+00,-7.392000000000002735e-02,0.000000000000000000e+00,0.000000000000000000e+00
3.799999999999999822e+00,1.000000000000000000e+00,3.813384691358026490e+00,0.000000000000000000e+00,0.000000000000000000e+00,1.002172839506173307e+00,0.000000000000000000e+00,-7.428641975309346890e-02,1.002172839506173307e+00,0.000000000000000000e+00,-7.432098765432110232e-02,0.000000000000000000e+00,0.000000000000000000e+00
3.820000000000000284e+00,1.000000000000000000e+00,3.833413267634567578e+00,0.000000000000000000e+00,0.000000000000000000e+00,1.000684143209876531e+00,0.000000000000000000e+00,-7.448098765432931145e-02,1.000684143209876531e+00,0.000000000000000000e+00,-7.451456790123461849e-02,0.000000000000000000e+00,0.000000000000000000e+00
3.839999999999999858e+00,1.000000000000000000e+00,3.853412044799999325e+00,0.000000000000000000e+00,0.000000000000000000e+00,9.991936000000000151e-01,0.000000000000000000e+00,-7.447407407406458901e-02,9.991936000000000151e-01,0.000000000000000000e+00,-7.450666666666674876e-02,0.000000000000000000e+00,0.000000000000000000e+00
3.859999999999999876e+00,1.000000000000000000e+00,3.873381025817285384e+00,0.000000000000000000e+00,0.000000000000000000e+00,9.977051802469141251e-01,0.000000000000000000e+00,-7.427160493826434617e-02,9.977051802469141251e-01,0.000000000000000000e+00,-7.430320987654331910e-02,0.000000000000000000e+00,0.000000000000000000e+00
3.879999999999999893e+00,1.000000000000000000e+00,3.893320291871605665e+00,0.000000000000000000e+00,0.000000000000000000e+00,9.962227358024694501e-01,0.000000000000000000e+00,-7.387950617284744226e-02,9.962227358024694501e-01,0.000000000000000000e+00,-7.391012345679022488e-02,0.000000000000000000e+00,0.000000000000000000e+00
3.899999999999999911e+00,1.000000000000000000e+00,3.913229999999999542e+00,0.000000000000000000e+00,0.000000000000000000e+00,9.947500000000002451e-01,0.000000000000000000e+00,-7.330370370369720945e-02,9.947500000000002451e-01,0.000000000000000000e+00,-7.333333333333343085e-02,0.000000000000000000e+00,0.000000000000000000e+00
3.919999999999999929e+00,1.000000000000000000e+00,3.933110380720989063e+00,0.000000000000000000e+00,0.000000000000000000e+00,9.932905876543215440e-01,0.000000000000000000e+00,-7.255012345678935048e-02,9.932905876543215440e-01,0.000000000000000000e+00,-7.257876543209892950e-02,0.000000000000000000e+00,0.000000000000000000e+00
3.939999999999999947e+00,1.000000000000000000e+00,3.952961735664197729e+00,0.000000000000000000e+00,0.000000000000000000e+00,9.918479950617286045e-01,0.000000000000000000e+00,-7.162469135803206655e-02,9.918479950617286045e-01,0.000000000000000000e+00,-7.165234567901249130e-02,0.000000000000000000e+00,0.000000000000000000e+00
3.959999999999999964e+00,1.000000000000000000e+00,3.972784435199999020e+00,0.000000000000000000e+00,0.000000000000000000e+00,9.904256000000002391e-01,0.000000000000000000e+00,-7.053333333333000610e-02,9.904256000000002391e-01,0.000000000000000000e+00,-7.056000000000008099e-02,0.000000000000000000e+00,0.000000000000000000e+00
3.979999999999999982e+00,1.000000000000000000e+00,3.992578916069136064e+00,0.000000000000000000e+00,0.000000000000000000e+00,9.890266617283954842e-01,0.000000000000000000e+00,-6.928197530863400289e-02,9.890266617283954842e-01,0.000000000000000000e+00,-6.930765432098778822e-02,0.000000000000000000e+00,0.000000000000000000e+00
4.000000000000000000e+00,1.000000000000000000e+00,4.012345679012346622e+00,0.000000000000000000e+00,0.000000000000000000e+00,9.876543209876548213e-01,0.000000000000000000e+00,-6.787654320988778522e-02,9.876543209876548213e-01,0.000000000000000000e+00,-6.790123456790141121e-02,0.000000000000000000e+00,0.000000000000000000e+00
4.019999999999999574e+00,1.000000000000000000e+00,4.032085286399999191e+00,0.000000000000000000e+00,0.000000000000000000e+00,9.863115999999999550e-01,0.000000000000000000e+00,-6.632296296297113258e-02,9.863115999999999550e-01,0.000000000000000000e+00,-6.634666666666677592e-02,0.000000000000000000e+00,0.000000000000000000e+00
4.040000000000000036e+00,1.000000000000000000e+00,4.051798359861728649e+00,0.000000000000000000e+00,0.000000000000000000e+00,9.850014024691360337e-01,0.000000000000000000e+00,-6.462716049381000971e-02,9.850014024691360337e-01,0.000000000000000000e+00,-6.464987654321006916e-02,0.000000000000000000e+00,0.000000000000000000e+00
4.060000000000000497e+00,1.000000000000000000e+00,4.071485577916050147e+00,0.000000000000000000e+00,0.000000000000000000e+00,9.837265135802474303e-01,0.000000000000000000e+00,-6.279506172840143563e-02,9.837265135802474303e-01,0.000000000000000000e+00,-6.281679012345701973e-02,0.000000000000000000e+00,0.000000000000000000e+00
4.080000000000000071e+00,1.000000000000000000e+00,4.091147673599999202e+00,0.000000000000000000e+00,0.000000000000000000e+00,9.824895999999999630e-01,0.000000000000000000e+00,-6.083259259260032081e-02,9.824895999999999630e-01,0.000000000000000000e+00,-6.085333333333351608e-02,0.000000000000000000e+00,0.000000000000000000e+00
4.099999999999999645e+00,1.000000000000000000e+00,4.110785432098766456e+00,0.000000000000000000e+00,0.000000000000000000e+00,9.812932098765435596e-01,0.000000000000000000e+00,-5.874567901233618272e-02,9.812932098765435596e-01,0.000000000000000000e+00,-5.876543209876562007e-02,0.000000000000000000e+00,0.000000000000000000e+00
4.120000000000000107e+00,1.000000000000000000e+00,4.130399688375310241e+00,0.000000000000000000e+00,0.000000000000000000e+00,9.801397728395065956e-01,0.000000000000000000e+00,-5.654024691358472410e-02,9.801397728395065956e-01,0.000000000000000000e+00,-5.655901234567923402e-02,0.000000000000000000e+00,0.000000000000000000e+00
4.140000000000000568e+00,1.000000000000000000e+00,4.149991324800000214e+00,0.000000000000000000e+00,0.000000000000000000e+00,9.790316000000001129e-01,0.000000000000000000e+00,-5.422222222223282984e-02,9.790316000000001129e-01,0.000000000000000000e+00,-5.424000000000017002e-02,0.000000000000000000e+00,0.000000000000000000e+00
4.160000000000000142e+00,1.000000000000000000e+00,4.169561268780246799e+00,0.000000000000000000e+00,0.000000000000000000e+00,9.779708839506172646e-01,0.000000000000000000e+00,-5.179753086419935926e-02,9.779708839506172646e-01,0.000000000000000000e+00,-5.181432098765458016e-02,0.000000000000000000e+00,0.000000000000000000e+00
4.179999999999999716e+00,1.000000000000000000e+00,4.189110490390122621e+00,0.000000000000000000e+00,0.000000000000000000e+00,9.769596987654322051e-01,0.000000000000000000e+00,-4.927209876542093525e-02,9.769596987654322051e-01,0.000000000000000000e+00,-4.928790123456811695e-02,0.000000000000000000e+00,0.000000000000000000e+00
4.200000000000000178e+00,1.000000000000000000e+00,4.208640000000001713e+00,0.000000000000000000e+00,0.000000000000000000e+00,9.760000000000004228e-01,0.000000000000000000e+00,-4.665185185185194428e-02,9.760000000000004228e-01,0.000000000000000000e+00,-4.666666666666696717e-02,0.000000000000000000e+00,0.000000000000000000e+00
4.219999999999999751e+00,1.000000000000000000e+00,4.228150845906172073e+00,0.000000000000000000e+00,0.000000000000000000e+00,9.750936246913581851e-01,0.000000000000000000e+00,-4.394271604938637665e-02,9.750936246913581851e-01,0.000000000000000000e+00,-4.395654320987680413e-02,0.000000000000000000e+00,0.000000000000000000e+00
4.240000000000000213e+00,1.000000000000000000e+00,4.247644111960493518e+00,0.000000000000000000e+00,0.000000000000000000e+00,9.742422913580249810e-01,0.000000000000000000e+00,-4.115061728394309171e-02,9.742422913580249810e-01,0.000000000000000000e+00,-4.116345679012373138e-02,0.000000000000000000e+00,0.000000000000000000e+00
4.259999999999999787e+00,1.000000000000000000e+00,4.267120915200001363e+00,0.000000000000000000e+00,0.000000000000000000e+00,9.734476000000005236e-01,0.000000000000000000e+00,-3.828148148149423946e-02,9.734476000000005236e-01,0.000000000000000000e+00,-3.829333333333367895e-02,0.000000000000000000e+00,0.000000000000000000e+00
4.280000000000000249e+00,1.000000000000000000e+00,4.286582403476542069e+00,0.000000000000000000e+00,0.000000000000000000e+00,9.727110320987653047e-01,0.000000000000000000e+00,-3.534123456790894124e-02,9.727110320987653047e-01,0.000000000000000000e+00,-3.535209876543234792e-02,0.000000000000000000e+00,0.000000000000000000e+00
4.299999999999999822e+00,1.000000000000000000e+00,4.306029753086420442e+00,0.000000000000000000e+00,0.000000000000000000e+00,9.720339506172842592e-01,0.000000000000000000e+00,-3.233580246912026723e-02,9.720339506172842592e-01,0.000000000000000000e+00,-3.234567901234593895e-02,0.000000000000000000e+00,0.000000000000000000e+00
4.320000000000000284e+00,1.000000000000000000e+00,4.325464166400000643e+00,0.000000000000000000e+00,0.000000000000000000e+00,9.714176000000004363e-01,0.000000000000000000e+00,-2.927111111111813102e-02,9.714176000000004363e-01,0.000000000000000000e+00,-2.928000000000029884e-02,0.000000000000000000e+00,0.000000000000000000e+00
4.339999999999999858e+00,1.000000000000000000e+00,4.344886869491356940e+00,0.000000000000000000e+00,0.000000000000000000e+00,9.708631061728395517e-01,0.000000000000000000e+00,-2.615308641976099580e-02,9.708631061728395517e-01,0.000000000000000000e+00,-2.616098765432124315e-02,0.000000000000000000e+00,0.000000000000000000e+00
4.360000000000000320e+00,1.000000000000000000e+00,4.364299109767901363e+00,0.000000000000000000e+00,0.000000000000000000e+00,9.703714765432099876e-01,0.000000000000000000e+00,-2.298765432098193173e-02,9.703714765432099876e-01,0.000000000000000000e+00,-2.299456790123487193e-02,0.000000000000000000e+00,0.000000000000000000e+00
4.379999999999999893e+00,1.000000000000000000e+00,4.383702153600001594e+00,0.000000000000000000e+00,0.000000000000000000e+00,9.699436000000002389e-01,0.000000000000000000e+00,-1.978074074074598343e-02,9.699436000000002389e-01,0.000000000000000000e+00,-1.978666666666697993e-02,0.000000000000000000e+00,0.000000000000000000e+00
4.400000000000000355e+00,1.000000000000000000e+00,4.403097283950616614e+00,0.000000000000000000e+00,0.000000000000000000e+00,9.695802469135802459e-01,0.000000000000000000e+00,-1.653827160494358850e-02,9.695802469135802459e-01,0.000000000000000000e+00,-1.654320987654350067e-02,0.000000000000000000e+00,0.000000000000000000e+00
4.419999999999999929e+00,1.000000000000000000e+00,4.422485798004936797e+00,0.000000000000000000e+00,0.000000000000000000e+00,9.692820691358025043e-01,0.000000000000000000e+00,-1.326617283950071169e-02,9.692820691358025043e-01,0.000000000000000000e+00,-1.327012345679044920e-02,0.000000000000000000e+00,0.000000000000000000e+00
4.439999999999999503e+00,1.000000000000000000e+00,4.441869004800000909e+00,0.000000000000000000e+00,0.000000000000000000e+00,9.690496000000002885e-01,0.000000000000000000e+00,-9.970370370361081314e-03,9.690496000000002885e-01,0.000000000000000000e+00,-9.973333333333694872e-03,0.000000000000000000e+00,0.000000000000000000e+00
4.459999999999999964e+00,1.000000000000000000e+00,4.461248222854322876e+00,0.000000000000000000e+00,0.000000000000000000e+00,9.688832543209879855e-01,0.000000000000000000e+00,-6.656790123461320263e-03,9.688832543209879855e-01,0.000000000000000000e+00,-6.658765432099138237e-03,0.000000000000000000e+00,0.000000000000000000e+00
4.480000000000000426e+00,1.000000000000000000e+00,4.480624777797530101e+00,0.000000000000000000e+00,0.000000000000000000e+00,9.687833283950618712e-01,0.000000000000000000e+00,-3.331358024695418862e-03,9.687833283950618712e-01,0.000000000000000000e+00,-3.332345679012673357e-03,0.000000000000000000e+00,0.000000000000000000e+00
4.500000000000000000e+00,1.000000000000000000e+00,4.500000000000000000e+00,0.000000000000000000e+00,0.000000000000000000e+00,9.687500000000001110e-01,0.000000000000000000e+00,0.000000000000000000e+00,9.687500000000001110e-01,0.000000000000000000e+00,-3.700743415417188632e-16,0.000000000000000000e+00,0.000000000000000000e+00
4.519999999999999574e+00,1.000000000000000000e+00,4.519375222202469899e+00,0.000000000000000000e+00,0.000000000000000000e+00,9.687833283950618712e-01,0.000000000000000000e+00,3.331358024691866149e-03,9.687833283950618712e-01,0.000000000000000000e+00,3.332345679011989008e-03,0.000000000000000000e+00,0.000000000000000000e+00
4.540000000000000036e+00,1.000000000000000000e+00,4.538751777145679789e+00,0.000000000000000000e+00,0.000000000000000000e+00,9.688832543209878745e-01,0.000000000000000000e+00,6.656790123461320263e-03,9.688832543209878745e-01,0.000000000000000000e+00,6.658765432098360214e-03,0.000000000000000000e+00,0.000000000000000000e+00
4.560000000000000497e+00,1.000000000000000000e+00,4.558130995199999980e+00,0.000000000000000000e+00,0.000000000000000000e+00,9.690496000000002885e-01,0.000000000000000000e+00,9.970370370364634027e-03,9.690496000000002885e-01,0.000000000000000000e+00,9.973333333332962819e-03,0.000000000000000000e+00,0.000000000000000000e+00
4.580000000000000071e+00,1.000000000000000000e+00,4.577514201995062315e+00,0.000000000000000000e+00,0.000000000000000000e+00,9.692820691358025043e-01,0.000000000000000000e+00,1.326617283950071169e-02,9.692820691358025043e-01,0.000000000000000000e+00,1.327012345678977960e-02,0.000000000000000000e+00,0.000000000000000000e+00
4.599999999999999645e+00,1.000000000000000000e+00,4.596902716049383386e+00,0.000000000000000000e+00,0.000000000000000000e+00,9.695802469135802459e-01,0.000000000000000000e+00,1.653827160494003579e-02,9.695802469135802459e-01,0.000000000000000000e+00,1.654320987654280678e-02,0.000000000000000000e+00,0.000000000000000000e+00
4.620000000000000107e+00,1.000000000000000000e+00,4.616297846400000182e+00,0.000000000000000000e+00,0.000000000000000000e+00,9.699436000000000169e-01,0.000000000000000000e+00,1.978074074074243072e-02,9.699436000000000169e-01,0.000000000000000000e+00,1.978666666666627216e-02,0.000000000000000000e+00,0.000000000000000000e+00
4.640000000000000568e+00,1.000000000000000000e+00,4.635700890232098637e+00,0.000000000000000000e+00,0.000000000000000000e+00,9.703714765432099876e-01,0.000000000000000000e+00,2.298765432098903716e-02,9.703714765432099876e-01,0.000000000000000000e+00,2.299456790123420927e-02,0.000000000000000000e+00,0.000000000000000000e+00
4.660000000000000142e+00,1.000000000000000000e+00,4.655113130508642172e+00,0.000000000000000000e+00,0.000000000000000000e+00,9.708631061728395517e-01,0.000000000000000000e+00,2.615308641975389037e-02,9.708631061728395517e-01,0.000000000000000000e+00,2.616098765432051457e-02,0.000000000000000000e+00,0.000000000000000000e+00
4.679999999999999716e+00,1.000000000000000000e+00,4.674535833600000245e+00,0.000000000000000000e+00,0.000000000000000000e+00,9.714176000000001032e-01,0.000000000000000000e+00,2.927111111111457831e-02,9.714176000000001032e-01,0.000000000000000000e+00,2.927999999999953556e-02,0.000000000000000000e+00,0.000000000000000000e+00
4.700000000000000178e+00,1.000000000000000000e+00,4.693970246913580446e+00,0.000000000000000000e+00,0.000000000000000000e+00,9.720339506172841482e-01,0.000000000000000000e+00,3.233580246913447809e-02,9.720339506172841482e-01,0.000000000000000000e+00,3.234567901234522425e-02,0.000000000000000000e+00,0.000000000000000000e+00
4.719999999999999751e+00,1.000000000000000000e+00,4.713417596523457043e+00,0.000000000000000000e+00,0.000000000000000000e+00,9.727110320987655268e-01,0.000000000000000000e+00,3.534123456789828310e-02,9.727110320987655268e-01,0.000000000000000000e+00,3.535209876543166790e-02,0.000000000000000000e+00,0.000000000000000000e+00
4.740000000000000213e+00,1.000000000000000000e+00,4.732879084799999525e+00,0.000000000000000000e+00,0.000000000000000000e+00,9.734475999999999685e-01,0.000000000000000000e+00,3.828148148147647589e-02,9.734475999999999685e-01,0.000000000000000000e+00,3.829333333333292955e-02,0.000000000000000000e+00,0.000000000000000000e+00
4.759999999999999787e+00,1.000000000000000000e+00,4.752355888039506482e+00,0.000000000000000000e+00,0.000000000000000000e+00,9.742422913580245369e-01,0.000000000000000000e+00,4.115061728395730256e-02,9.742422913580245369e-01,0.000000000000000000e+00,4.116345679012303749e-02,0.000000000000000000e+00,0.000000000000000000e+00
4.780000000000000249e+00,1.000000000000000000e+00,4.771849154093827039e+00,0.000000000000000000e+00,0.000000000000000000e+00,9.750936246913581851e-01,0.000000000000000000e+00,4.394271604938992937e-02,9.750936246913581851e-01,0.000000000000000000e+00,4.395654320987610331e-02,0.000000000000000000e+00,0.000000000000000000e+00
4.799999999999999822e+00,1.000000000000000000e+00,4.791360000000000952e+00,0.000000000000000000e+00,0.000000000000000000e+00,9.760000000000000897e-01,0.000000000000000000e+00,4.665185185184839156e-02,9.760000000000000897e-01,0.000000000000000000e+00,4.666666666666622471e-02,0.000000000000000000e+00,0.000000000000000000e+00
4.820000000000000284e+00,1.000000000000000000e+00,4.810889509609876491e+00,0.000000000000000000e+00,0.000000000000000000e+00,9.769596987654320941e-01,0.000000000000000000e+00,4.927209876542804068e-02,9.769596987654320941e-01,0.000000000000000000e+00,4.928790123456742306e-02,0.000000000000000000e+00,0.000000000000000000e+00
4.839999999999999858e+00,1.000000000000000000e+00,4.830438731219753201e+00,0.000000000000000000e+00,0.000000000000000000e+00,9.779708839506172646e-01,0.000000000000000000e+00,5.179753086420291197e-02,9.779708839506172646e-01,0.000000000000000000e+00,5.181432098765381689e-02,0.000000000000000000e+00,0.000000000000000000e+00
4.860000000000000320e+00,1.000000000000000000e+00,4.850008675200000674e+00,0.000000000000000000e+00,0.000000000000000000e+00,9.790316000000001129e-01,0.000000000000000000e+00,5.422222222222217169e-02,9.790316000000001129e-01,0.000000000000000000e+00,5.423999999999955940e-02,0.000000000000000000e+00,0.000000000000000000e+00
4.879999999999999893e+00,1.000000000000000000e+00,4.869600311624691535e+00,0.000000000000000000e+00,0.000000000000000000e+00,9.801397728395061515e-01,0.000000000000000000e+00,5.654024691357761867e-02,9.801397728395061515e-01,0.000000000000000000e+00,5.655901234567856095e-02,0.000000000000000000e+00,0.000000000000000000e+00
4.900000000000000355e+00,1.000000000000000000e+00,4.889214567901235320e+00,0.000000000000000000e+00,0.000000000000000000e+00,9.812932098765431155e-01,0.000000000000000000e+00,5.874567901234684086e-02,9.812932098765431155e-01,0.000000000000000000e+00,5.876543209876494006e-02,0.000000000000000000e+00,0.000000000000000000e+00
4.919999999999999929e+00,1.000000000000000000e+00,4.908852326400000798e+00,0.000000000000000000e+00,0.000000000000000000e+00,9.824895999999999630e-01,0.000000000000000000e+00,6.083259259259676810e-02,9.824895999999999630e-01,0.000000000000000000e+00,6.085333333333286382e-02,0.000000000000000000e+00,0.000000000000000000e+00
4.939999999999999503e+00,1.000000000000000000e+00,4.928514422083951629e+00,0.000000000000000000e+00,0.000000000000000000e+00,9.837265135802468752e-01,0.000000000000000000e+00,6.279506172839077749e-02,9.837265135802468752e-01,0.000000000000000000e+00,6.281679012345628421e-02,0.000000000000000000e+00,0.000000000000000000e+00
4.959999999999999964e+00,1.000000000000000000e+00,4.948201640138271351e+00,0.000000000000000000e+00,0.000000000000000000e+00,9.850014024691355896e-01,0.000000000000000000e+00,6.462716049382422057e-02,9.850014024691355896e-01,0.000000000000000000e+00,6.464987654320937527e-02,0.000000000000000000e+00,0.000000000000000000e+00
4.980000000000000426e+00,1.000000000000000000e+00,4.967914713599999921e+00,0.000000000000000000e+00,0.000000000000000000e+00,9.863115999999998440e-01,0.000000000000000000e+00,6.632296296296757987e-02,9.863115999999998440e-01,0.000000000000000000e+00,6.634666666666619306e-02,0.000000000000000000e+00,0.000000000000000000e+00
5.000000000000000000e+00,1.000000000000000000e+00,4.987654320987655154e+00,0.000000000000000000e+00,0.000000000000000000e+00,9.876543209876542662e-01,0.000000000000000000e+00,6.787654320988067980e-02,9.876543209876542662e-01,0.000000000000000000e+00,6.790123456790074508e-02,0.000000000000000000e+00,0.000000000000000000e+00
5.019999999999999574e+00,1.000000000000000000e+00,5.007421083930863936e+00,0.000000000000000000e+00,0.000000000000000000e+00,9.890266617283949291e-01,0.000000000000000000e+00,6.928197530864110831e-02,9.890266617283949291e-01,0.000000000000000000e+00,6.930765432098714984e-02,0.000000000000000000e+00,0.000000000000000000e+00
5.040000000000000036e+00,1.000000000000000000e+00,5.027215564800000536e+00,0.000000000000000000e+00,0.000000000000000000e+00,9.904255999999999061e-01,0.000000000000000000e+00,7.053333333333000610e-02,9.904255999999999061e-01,0.000000000000000000e+00,7.055999999999951200e-02,0.000000000000000000e+00,0.000000000000000000e+00
5.060000000000000497e+00,1.000000000000000000e+00,5.047038264335802715e+00,0.000000000000000000e+00,0.000000000000000000e+00,9.918479950617281604e-01,0.000000000000000000e+00,7.162469135802140840e-02,9.918479950617281604e-01,0.000000000000000000e+00,7.165234567901185292e-02,0.000000000000000000e+00,0.000000000000000000e+00
5.080000000000000071e+00,1.000000000000000000e+00,5.066889619279012713e+00,0.000000000000000000e+00,0.000000000000000000e+00,9.932905876543207668e-01,0.000000000000000000e+00,7.255012345679290320e-02,9.932905876543207668e-01,0.000000000000000000e+00,7.257876543209827724e-02,0.000000000000000000e+00,0.000000000000000000e+00
5.099999999999999645e+00,1.000000000000000000e+00,5.086769999999999570e+00,0.000000000000000000e+00,0.000000000000000000e+00,9.947499999999998010e-01,0.000000000000000000e+00,7.330370370370431488e-02,9.947499999999998010e-01,0.000000000000000000e+00,7.333333333333284798e-02,0.000000000000000000e+00,0.000000000000000000e+00
5.120000000000000107e+00,1.000000000000000000e+00,5.106679708128395667e+00,0.000000000000000000e+00,0.000000000000000000e+00,9.962227358024688950e-01,0.000000000000000000e+00,7.387950617283678412e-02,9.962227358024688950e-01,0.000000000000000000e+00,7.391012345678961426e-02,0.000000000000000000e+00,0.000000000000000000e+00
5.140000000000000568e+00,1.000000000000000000e+00,5.126618974182716393e+00,0.000000000000000000e+00,0.000000000000000000e+00,9.977051802469133479e-01,0.000000000000000000e+00,7.427160493827500432e-02,9.977051802469133479e-01,0.000000000000000000e+00,7.430320987654270848e-02,0.000000000000000000e+00,0.000000000000000000e+00
5.160000000000000142e+00,1.000000000000000000e+00,5.146587955200000231e+00,0.000000000000000000e+00,0.000000000000000000e+00,9.991936000000000151e-01,0.000000000000000000e+00,7.447407407408235258e-02,9.991936000000000151e-01,0.000000000000000000e+00,7.450666666666615201e-02,0.000000000000000000e+00,0.000000000000000000e+00
5.179999999999999716e+00,1.000000000000000000e+00,5.166586732365432866e+00,0.000000000000000000e+00,0.000000000000000000e+00,1.000684143209876531e+00,0.000000000000000000e+00,7.448098765431510060e-02,1.000684143209876531e+00,0.000000000000000000e+00,7.451456790123403562e-02,0.000000000000000000e+00,0.000000000000000000e+00
5.200000000000000178e+00,1.000000000000000000e+00,5.186615308641975730e+00,0.000000000000000000e+00,0.000000000000000000e+00,1.002172839506172641e+00,0.000000000000000000e+00,7.428641975307925804e-02,1.002172839506172641e+00,0.000000000000000000e+00,7.432098765432046394e-02,0.000000000000000000e+00,0.000000000000000000e+00
5.220000000000000639e+00,1.000000000000000000e+00,5.206673606400000764e+00,0.000000000000000000e+00,0.000000000000000000e+00,1.003655599999999870e+00,0.000000000000000000e+00,7.388444444444530745e-02,1.003655599999999870e+00,0.000000000000000000e+00,7.391999999999947224e-02,0.000000000000000000e+00,0.000000000000000000e+00
5.240000000000000213e+00,1.000000000000000000e+00,5.226761465046914523e+00,0.000000000000000000e+00,0.000000000000000000e+00,1.005128217283950409e+00,0.000000000000000000e+00,7.326913580246952051e-02,1.005128217283950409e+00,0.000000000000000000e+00,7.330567901234516515e-02,0.000000000000000000e+00,0.000000000000000000e+00
5.259999999999999787e+00,1.000000000000000000e+00,5.246878638656790272e+00,0.000000000000000000e+00,0.000000000000000000e+00,1.006586365432098562e+00,0.000000000000000000e+00,7.243456790123303790e-02,1.006586365432098562e+00,0.000000000000000000e+00,7.247209876543155016e-02,0.000000000000000000e+00,0.000000000000000000e+00
5.280000000000000249e+00,1.000000000000000000e+00,5.267024793600000088e+00,0.000000000000000000e+00,0.000000000000000000e+00,1.008025599999999855e+00,0.000000000000000000e+00,7.137481481481700030e-02,1.008025599999999855e+00,0.000000000000000000e+00,7.141333333333282907e-02,0.000000000000000000e+00,0.000000000000000000e+00
5.300000000000000711e+00,1.000000000000000000e+00,5.287199506172840735e+00,0.000000000000000000e+00,0.000000000000000000e+00,1.009441358024691260e+00,0.000000000000000000e+00,7.008395061728478481e-02,1.009441358024691260e+00,0.000000000000000000e+00,7.012345679012291222e-02,0.000000000000000000e+00,0.000000000000000000e+00
5.320000000000000284e+00,1.000000000000000000e+00,5.307402260227160440e+00,0.000000000000000000e+00,0.000000000000000000e+00,1.010828958024691193e+00,0.000000000000000000e+00,6.855604938271397941e-02,1.010828958024691193e+00,0.000000000000000000e+00,6.859654320987601528e-02,0.000000000000000000e+00,0.000000000000000000e+00
5.339999999999999858e+00,1.000000000000000000e+00,5.327632444800000755e+00,0.000000000000000000e+00,0.000000000000000000e+00,1.012183599999999739e+00,0.000000000000000000e+00,6.678518518518217206e-02,1.012183599999999739e+00,0.000000000000000000e+00,6.682666666666615962e-02,0.000000000000000000e+00,0.000000000000000000e+00
5.359999999999999432e+00,1.000000000000000000e+00,5.347889351743210007e+00,0.000000000000000000e+00,0.000000000000000000e+00,1.013500365432098427e+00,0.000000000000000000e+00,6.476543209876339802e-02,1.013500365432098427e+00,0.000000000000000000e+00,6.480790123456739438e-02,0.000000000000000000e+00,0.000000000000000000e+00
5.379999999999999893e+00,1.000000000000000000e+00,5.368172173353086940e+00,0.000000000000000000e+00,0.000000000000000000e+00,1.014774217283950453e+00,0.000000000000000000e+00,6.249086419753169253e-02,1.014774217283950453e+00,0.000000000000000000e+00,6.253432098765381031e-02,0.000000000000000000e+00,0.000000000000000000e+00
5.400000000000000355e+00,1.000000000000000000e+00,5.388480000000000381e+00,0.000000000000000000e+00,0.000000000000000000e+00,1.015999999999999792e+00,0.000000000000000000e+00,5.995555555555753813e-02,1.015999999999999792e+00,0.000000000000000000e+00,5.999999999999950512e-02,0.000000000000000000e+00,0.000000000000000000e+00
5.419999999999999929e+00,1.000000000000000000e+00,5.408811817758024887e+00,0.000000000000000000e+00,0.000000000000000000e+00,1.017172439506172754e+00,0.000000000000000000e+00,5.715358024691141736e-02,1.017172439506172754e+00,0.000000000000000000e+00,5.719901234567849324e-02,0.000000000000000000e+00,0.000000000000000000e+00
5.439999999999999503e+00,1.000000000000000000e+00,5.429166506034568407e+00,0.000000000000000000e+00,0.000000000000000000e+00,1.018286143209876204e+00,0.000000000000000000e+00,5.407901234567091819e-02,1.018286143209876204e+00,0.000000000000000000e+00,5.412543209876493483e-02,0.000000000000000000e+00,0.000000000000000000e+00
5.459999999999999964e+00,1.000000000000000000e+00,5.449542835199999935e+00,0.000000000000000000e+00,0.000000000000000000e+00,1.019335599999999564e+00,0.000000000000000000e+00,5.072592592592428673e-02,1.019335599999999564e+00,0.000000000000000000e+00,5.077333333333283044e-02,0.000000000000000000e+00,0.000000000000000000e+00
5.480000000000000426e+00,1.000000000000000000e+00,5.469939464217284275e+00,0.000000000000000000e+00,0.000000000000000000e+00,1.020315180246913256e+00,0.000000000000000000e+00,4.708839506173134737e-02,1.020315180246913256e+00,0.000000000000000000e+00,4.713679012345627084e-02,0.000000000000000000e+00,0.000000000000000000e+00
5.500000000000000000e+00,1.000000000000000000e+00,5.490354938271605256e+00,0.000000000000000000e+00,0.000000000000000000e+00,1.021219135802468925e+00,0.000000000000000000e+00,4.316049382716258265e-02,1.021219135802468925e+00,0.000000000000000000e+00,4.320987654320934679e-02,0.000000000000000000e+00,0.000000000000000000e+00
5.519999999999999574e+00,1.000000000000000000e+00,5.510787686400000496e+00,0.000000000000000000e+00,0.000000000000000000e+00,1.022041599999999661e+00,0.000000000000000000e+00,3.893629629629558053e-02,1.022041599999999661e+00,0.000000000000000000e+00,3.898666666666615599e-02,0.000000000000000000e+00,0.000000000000000000e+00
5.540000000000000036e+00,1.000000000000000000e+00,5.531236019120988168e+00,0.000000000000000000e+00,0.000000000000000000e+00,1.022776587654320668e+00,0.000000000000000000e+00,3.440987654321148170e-02,1.022776587654320668e+00,0.000000000000000000e+00,3.446123456790074063e-02,0.000000000000000000e+00,0.000000000000000000e+00
5.560000000000000497e+00,1.000000000000000000e+00,5.551698126064197325e+00,0.000000000000000000e+00,0.000000000000000000e+00,1.023417995061728147e+00,0.000000000000000000e+00,2.957530864197011056e-02,1.023417995061728147e+00,0.000000000000000000e+00,2.962765432098711169e-02,0.000000000000000000e+00,0.000000000000000000e+00
5.580000000000000071e+00,1.000000000000000000e+00,5.572172073599999997e+00,0.000000000000000000e+00,0.000000000000000000e+00,1.023959599999999526e+00,0.000000000000000000e+00,2.442666666666326591e-02,1.023959599999999526e+00,0.000000000000000000e+00,2.447999999999951257e-02,0.000000000000000000e+00,0.000000000000000000e+00
5.599999999999999645e+00,1.000000000000000000e+00,5.592655802469136184e+00,0.000000000000000000e+00,0.000000000000000000e+00,1.024395061728394563e+00,0.000000000000000000e+00,1.895802469136143031e-02,1.024395061728394563e+00,0.000000000000000000e+00,1.901234567901180852e-02,0.000000000000000000e+00,0.000000000000000000e+00
5.620000000000000107e+00,1.000000000000000000e+00,5.613147125412345062e+00,0.000000000000000000e+00,0.000000000000000000e+00,1.024717920987654018e+00,0.000000000000000000e+00,1.316345679012798087e-02,1.024717920987654018e+00,0.000000000000000000e+00,1.321876543209821522e-02,0.000000000000000000e+00,0.000000000000000000e+00
5.640000000000000568e+00,1.000000000000000000e+00,5.633643724799999752e+00,0.000000000000000000e+00,0.000000000000000000e+00,1.024921599999999655e+00,0.000000000000000000e+00,7.037037037029847397e-03,1.024921599999999655e+00,0.000000000000000000e+00,7.093333333332824293e-03,0.000000000000000000e+00,0.000000000000000000e+00
5.660000000000000142e+00,1.000000000000000000e+00,5.654143150261728756e+00,0.000000000000000000e+00,0.000000000000000000e+00,1.024999402469135346e+00,0.000000000000000000e+00,5.728395061765922947e-04,1.024999402469135346e+00,0.000000000000000000e+00,6.301234567895817569e-04,0.000000000000000000e+00,0.000000000000000000e+00
5.679999999999999716e+00,1.000000000000000000e+00,5.674642816316049831e+00,0.000000000000000000e+00,0.000000000000000000e+00,1.024944513580246630e+00,0.000000000000000000e+00,-6.235061728389723612e-03,1.024944513580246630e+00,0.000000000000000000e+00,-6.176790123457383784e-03,0.000000000000000000e+00,0.000000000000000000e+00
5.700000000000000178e+00,1.000000000000000000e+00,5.695140000000000313e+00,0.000000000000000000e+00,0.000000000000000000e+00,1.024749999999999606e+00,0.000000000000000000e+00,-1.339259259259861778e-02,1.024749999999999606e+00,0.000000000000000000e+00,-1.333333333333384767e-02,0.000000000000000000e+00,0.000000000000000000e+00
5.720000000000000639e+00,1.000000000000000000e+00,5.715631838498765660e+00,0.000000000000000000e+00,0.000000000000000000e+00,1.024408809876542703e+00,0.000000000000000000e+00,-2.090567901234408055e-02,1.024408809876542703e+00,0.000000000000000000e+00,-2.084543209876598899e-02,0.000000000000000000e+00,0.000000000000000000e+00
5.740000000000000213e+00,1.000000000000000000e+00,5.736115326775308887e+00,0.000000000000000000e+00,0.000000000000000000e+00,1.023913772839505798e+00,0.000000000000000000e+00,-2.878024691358049836e-02,1.023913772839505798e+00,0.000000000000000000e+00,-2.871901234567961550e-02,0.000000000000000000e+00,0.000000000000000000e+00
5.759999999999999787e+00,1.000000000000000000e+00,5.756587315199999999e+00,0.000000000000000000e+00,0.000000000000000000e+00,1.023257599999999545e+00,0.000000000000000000e+00,-3.702222222222673054e-02,1.023257599999999545e+00,0.000000000000000000e+00,-3.696000000000052021e-02,0.000000000000000000e+00,0.000000000000000000e+00
5.780000000000000249e+00,1.000000000000000000e+00,5.777044507180247201e+00,0.000000000000000000e+00,0.000000000000000000e+00,1.022432883950616711e+00,0.000000000000000000e+00,-4.563753086420163640e-02,1.022432883950616711e+00,0.000000000000000000e+00,-4.557432098765489686e-02,0.000000000000000000e+00,0.000000000000000000e+00
5.800000000000000711e+00,1.000000000000000000e+00,5.797483456790123668e+00,0.000000000000000000e+00,0.000000000000000000e+00,1.021432098765431506e+00,0.000000000000000000e+00,-5.463209876542762800e-02,1.021432098765431506e+00,0.000000000000000000e+00,-5.456790123456852631e-02,0.000000000000000000e+00,0.000000000000000000e+00
5.820000000000000284e+00,1.000000000000000000e+00,5.817900566399999640e+00,0.000000000000000000e+00,0.000000000000000000e+00,1.020247599999999588e+00,0.000000000000000000e+00,-6.401185185185553905e-02,1.020247599999999588e+00,0.000000000000000000e+00,-6.394666666666705412e-02,0.000000000000000000e+00,0.000000000000000000e+00
5.839999999999999858e+00,1.000000000000000000e+00,5.838292084306172747e+00,0.000000000000000000e+00,0.000000000000000000e+00,1.018871624691357392e+00,0.000000000000000000e+00,-7.378271604938646533e-02,1.018871624691357392e+00,0.000000000000000000e+00,-7.371654320987698628e-02,0.000000000000000000e+00,0.000000000000000000e+00
5.859999999999999432e+00,1.000000000000000000e+00,5.858654102360492999e+00,0.000000000000000000e+00,0.000000000000000000e+00,1.017296291358024130e+00,0.000000000000000000e+00,-8.395061728394281886e-02,1.017296291358024130e+00,0.000000000000000000e+00,-8.388345679012378098e-02,0.000000000000000000e+00,0.000000000000000000e+00
5.879999999999999893e+00,1.000000000000000000e+00,5.878982553600000216e+00,0.000000000000000000e+00,0.000000000000000000e+00,1.015513599999999572e+00,0.000000000000000000e+00,-9.452148148147543338e-02,1.015513599999999572e+00,0.000000000000000000e+00,-9.445333333333370829e-02,0.000000000000000000e+00,0.000000000000000000e+00
5.900000000000000355e+00,1.000000000000000000e+00,5.899273209876543689e+00,0.000000000000000000e+00,0.000000000000000000e+00,1.013515432098764935e+00,0.000000000000000000e+00,-1.055012345678996155e-01,1.013515432098764935e+00,0.000000000000000000e+00,-1.054320987654325387e-01,0.000000000000000000e+00,0.000000000000000000e+00
5.919999999999999929e+00,1.000000000000000000e+00,5.919521679486419607e+00,0.000000000000000000e+00,0.000000000000000000e+00,1.011293550617283543e+00,0.000000000000000000e+00,-1.168958024691377773e-01,1.011293550617283543e+00,0.000000000000000000e+00,-1.168256790123460148e-01,0.000000000000000000e+00,0.000000000000000000e+00
5.939999999999999503e+00,1.000000000000000000e+00,5.939723404799999606e+00,0.000000000000000000e+00,0.000000000000000000e+00,1.008839599999999503e+00,0.000000000000000000e+00,-1.287111111111123307e-01,1.008839599999999503e+00,0.000000000000000000e+00,-1.286400000000003929e-01,0.000000000000000000e+00,0.000000000000000000e+00
5.959999999999999964e+00,1.000000000000000000e+00,5.959873659891357534e+00,0.000000000000000000e+00,0.000000000000000000e+00,1.006145106172839032e+00,0.000000000000000000e+00,-1.409530864197492406e-01,1.006145106172839032e+00,0.000000000000000000e+00,-1.408809876543214434e-01,0.000000000000000000e+00,0.000000000000000000e+00
5.980000000000000426e+00,1.000000000000000000e+00,5.979967548167900659e+00,0.000000000000000000e+00,0.000000000000000000e+00,1.003201476543209347e+00,0.000000000000000000e+00,-1.536276543209886825e-01,1.003201476543209347e+00,0.000000000000000000e+00,-1.535545679012348952e-01,0.000000000000000000e+00,0.000000000000000000e+00
6.000000000000000000e+00,2.000000000000000000e+00,6.000000000000000000e+00,0.000000000000000000e+00,0.000000000000000000e+00,9.999999999999994449e-01,0.000000000000000000e+00,-1.494029012345805540e-01,9.999999999999994449e-01,0.000000000000000000e+00,-1.666666666666670737e-01,0.000000000000000000e+00,0.000000000000000000e+00
6.019999999999999574e+00,2.000000000000000000e+00,6.019970404553085075e+00,0.000000000000000000e+00,0.000000000000000000e+00,9.972253604938263738e-01,0.000000000000000000e+00,-1.115891358024683200e-01,9.972253604938263738e-01,0.000000000000000000e+00,-1.111945679012349142e-01,0.000000000000000000e+00,0.000000000000000000e+00
6.040000000000000036e+00,2.000000000000000000e+00,6.039896252365432261e+00,0.000000000000000000e+00,0.000000000000000000e+00,9.955364345679007521e-01,0.000000000000000000e+00,-5.847901234568197992e-02,9.955364345679007521e-01,0.000000000000000000e+00,-5.808987654321015603e-02,0.000000000000000000e+00,0.000000000000000000e+00
6.059999999999999609e+00,2.000000000000000000e+00,6.059798786399999138e+00,0.000000000000000000e+00,0.000000000000000000e+00,9.948861999999990546e-01,0.000000000000000000e+00,-7.703703703697328820e-03,9.948861999999990546e-01,0.000000000000000000e+00,-7.320000000000240377e-03,0.000000000000000000e+00,0.000000000000000000e+00
6.080000000000000071e+00,2.000000000000000000e+00,6.079698315693828903e+00,0.000000000000000000e+00,0.000000000000000000e+00,9.952282864197528056e-01,0.000000000000000000e+00,4.076938271606067588e-02,9.952282864197528056e-01,0.000000000000000000e+00,4.114765432098750619e-02,0.000000000000000000e+00,0.000000000000000000e+00
6.099999999999999645e+00,2.000000000000000000e+00,6.099614228395061843e+00,0.000000000000000000e+00,0.000000000000000000e+00,9.965169753086413618e-01,0.000000000000000000e+00,8.697283950615997128e-02,9.965169753086413618e-01,0.000000000000000000e+00,8.734567901234555065e-02,0.000000000000000000e+00,0.000000000000000000e+00
6.120000000000000107e+00,2.000000000000000000e+00,6.119565004799999208e+00,0.000000000000000000e+00,0.000000000000000000e+00,9.987071999999993510e-01,0.000000000000000000e+00,1.309392592592679705e-01,9.987071999999993510e-01,0.000000000000000000e+00,1.313066666666666549e-01,0.000000000000000000e+00,0.000000000000000000e+00
6.139999999999999680e+00,2.000000000000000000e+00,6.139568230390123560e+00,0.000000000000000000e+00,0.000000000000000000e+00,1.001754545679012010e+00,0.000000000000000000e+00,1.727012345679028726e-01,1.001754545679012010e+00,0.000000000000000000e+00,1.730632098765431670e-01,0.000000000000000000e+00,0.000000000000000000e+00
6.160000000000000142e+00,2.000000000000000000e+00,6.159640608869135114e+00,0.000000000000000000e+00,0.000000000000000000e+00,1.005615249382715515e+00,0.000000000000000000e+00,2.122913580246788001e-01,1.005615249382715515e+00,0.000000000000000000e+00,2.126479012345678654e-01,0.000000000000000000e+00,0.000000000000000000e+00
6.179999999999999716e+00,2.000000000000000000e+00,6.179797975199996962e+00,0.000000000000000000e+00,0.000000000000000000e+00,1.010246199999999206e+00,0.000000000000000000e+00,2.497422222222240862e-01,1.010246199999999206e+00,0.000000000000000000e+00,2.500933333333333897e-01,0.000000000000000000e+00,0.000000000000000000e+00
6.200000000000000178e+00,2.000000000000000000e+00,6.200055308641975849e+00,0.000000000000000000e+00,0.000000000000000000e+00,1.015604938271604585e+00,0.000000000000000000e+00,2.850864197530889044e-01,1.015604938271604585e+00,0.000000000000000000e+00,2.854320987654321851e-01,0.000000000000000000e+00,0.000000000000000000e+00
6.219999999999999751e+00,2.000000000000000000e+00,6.220426745787654532e+00,0.000000000000000000e+00,0.000000000000000000e+00,1.021649656790122762e+00,0.000000000000000000e+00,3.183565432098696135e-01,1.021649656790122762e+00,0.000000000000000000e+00,3.186967901234569744e-01,0.000000000000000000e+00,0.000000000000000000e+00
6.240000000000000213e+00,2.000000000000000000e+00,6.240925593600000987e+00,0.000000000000000000e+00,0.000000000000000000e+00,1.028339199999999343e+00,0.000000000000000000e+00,3.495851851851838887e-01,1.028339199999999343e+00,0.000000000000000000e+00,3.499200000000002309e-01,0.000000000000000000e+00,0.000000000000000000e+00
6.259999999999999787e+00,2.000000000000000000e+00,6.261564342449382536e+00,0.000000000000000000e+00,0.000000000000000000e+00,1.035633064197530206e+00,0.000000000000000000e+00,3.788049382715996671e-01,1.035633064197530206e+00,0.000000000000000000e+00,3.791343209876545939e-01,0.000000000000000000e+00,0.000000000000000000e+00
6.280000000000000249e+00,2.000000000000000000e+00,6.282354679150615517e+00,0.000000000000000000e+00,0.000000000000000000e+00,1.043491397530863507e+00,0.000000000000000000e+00,4.060483950617310711e-01,1.043491397530863507e+00,0.000000000000000000e+00,4.063723456790126476e-01,0.000000000000000000e+00,0.000000000000000000e+00
6.299999999999999822e+00,2.000000000000000000e+00,6.303307499999999841e+00,0.000000000000000000e+00,0.000000000000000000e+00,1.051874999999999449e+00,0.000000000000000000e+00,4.313481481481531432e-01,1.051874999999999449e+00,0.000000000000000000e+00,4.316666666666668650e-01,0.000000000000000000e+00,0.000000000000000000e+00
6.320000000000000284e+00,2.000000000000000000e+00,6.324432923812344676e+00,0.000000000000000000e+00,0.000000000000000000e+00,1.060745323456789624e+00,0.000000000000000000e+00,4.547367901234657950e-01,1.060745323456789624e+00,0.000000000000000000e+00,4.550498765432102743e-01,0.000000000000000000e+00,0.000000000000000000e+00
6.339999999999999858e+00,2.000000000000000000e+00,6.345740304958026989e+00,0.000000000000000000e+00,0.000000000000000000e+00,1.070064471604938117e+00,0.000000000000000000e+00,4.762469135802476217e-01,1.070064471604938117e+00,0.000000000000000000e+00,4.765545679012350710e-01,0.000000000000000000e+00,0.000000000000000000e+00
6.360000000000000320e+00,2.000000000000000000e+00,6.367238246399999468e+00,0.000000000000000000e+00,0.000000000000000000e+00,1.079795199999999511e+00,0.000000000000000000e+00,4.959111111110949821e-01,1.079795199999999511e+00,0.000000000000000000e+00,4.962133333333336727e-01,0.000000000000000000e+00,0.000000000000000000e+00
6.379999999999999893e+00,2.000000000000000000e+00,6.388934612730863272e+00,0.000000000000000000e+00,0.000000000000000000e+00,1.089900916049381996e+00,0.000000000000000000e+00,5.137619753086397623e-01,1.089900916049381996e+00,0.000000000000000000e+00,5.140587654320991629e-01,0.000000000000000000e+00,0.000000000000000000e+00
6.400000000000000355e+00,2.000000000000000000e+00,6.410836543209877725e+00,0.000000000000000000e+00,0.000000000000000000e+00,1.100345679012345146e+00,0.000000000000000000e+00,5.298320987654356884e-01,1.100345679012345146e+00,0.000000000000000000e+00,5.301234567901239592e-01,0.000000000000000000e+00,0.000000000000000000e+00
6.419999999999999929e+00,2.000000000000000000e+00,6.432950464799998436e+00,0.000000000000000000e+00,0.000000000000000000e+00,1.111094199999999477e+00,0.000000000000000000e+00,5.441540740740684612e-01,1.111094199999999477e+00,0.000000000000000000e+00,5.444400000000004791e-01,0.000000000000000000e+00,0.000000000000000000e+00
6.440000000000000391e+00,2.000000000000000000e+00,6.455282105204936727e+00,0.000000000000000000e+00,0.000000000000000000e+00,1.122111841975308000e+00,0.000000000000000000e+00,5.567604938271699666e-01,1.122111841975308000e+00,0.000000000000000000e+00,5.570409876543214178e-01,0.000000000000000000e+00,0.000000000000000000e+00
6.459999999999999964e+00,2.000000000000000000e+00,6.477836505906172881e+00,0.000000000000000000e+00,0.000000000000000000e+00,1.133364619753086222e+00,0.000000000000000000e+00,5.676839506172797201e-01,1.133364619753086222e+00,0.000000000000000000e+00,5.679590123456796924e-01,0.000000000000000000e+00,0.000000000000000000e+00
6.480000000000000426e+00,2.000000000000000000e+00,6.500618035199998701e+00,0.000000000000000000e+00,0.000000000000000000e+00,1.144819199999999260e+00,0.000000000000000000e+00,5.769570370370331602e-01,1.144819199999999260e+00,0.000000000000000000e+00,5.772266666666671098e-01,0.000000000000000000e+00,0.000000000000000000e+00
6.500000000000000000e+00,2.000000000000000000e+00,6.523630401234568943e+00,0.000000000000000000e+00,0.000000000000000000e+00,1.156442901234567611e+00,0.000000000000000000e+00,5.846123456790337514e-01,1.156442901234567611e+00,0.000000000000000000e+00,5.848765432098770312e-01,0.000000000000000000e+00,0.000000000000000000e+00
6.519999999999999574e+00,2.000000000000000000e+00,6.546876665046913679e+00,0.000000000000000000e+00,0.000000000000000000e+00,1.168203693827160050e+00,0.000000000000000000e+00,5.906824691357961399e-01,1.168203693827160050e+00,0.000000000000000000e+00,5.909412345679017076e-01,0.000000000000000000e+00,0.000000000000000000e+00
6.540000000000000036e+00,2.000000000000000000e+00,6.570359253599998617e+00,0.000000000000000000e+00,0.000000000000000000e+00,1.180070199999999403e+00,0.000000000000000000e+00,5.951999999999948443e-01,1.180070199999999403e+00,0.000000000000000000e+00,5.954533333333340561e-01,0.000000000000000000e+00,0.000000000000000000e+00
6.560000000000000497e+00,2.000000000000000000e+00,6.594079972819753444e+00,0.000000000000000000e+00,0.000000000000000000e+00,1.192011693827160324e+00,0.000000000000000000e+00,5.981975308642013545e-01,1.192011693827160324e+00,0.000000000000000000e+00,5.984454320987663278e-01,0.000000000000000000e+00,0.000000000000000000e+00
6.580000000000000071e+00,2.000000000000000000e+00,6.618040020632098397e+00,0.000000000000000000e+00,0.000000000000000000e+00,1.203998101234567519e+00,0.000000000000000000e+00,5.997076543209978183e-01,1.203998101234567519e+00,0.000000000000000000e+00,5.999501234567905517e-01,0.000000000000000000e+00,0.000000000000000000e+00
6.599999999999999645e+00,2.000000000000000000e+00,6.642240000000001032e+00,0.000000000000000000e+00,0.000000000000000000e+00,1.215999999999999748e+00,0.000000000000000000e+00,5.997629629629628312e-01,1.215999999999999748e+00,0.000000000000000000e+00,6.000000000000009770e-01,0.000000000000000000e+00,0.000000000000000000e+00
6.620000000000000107e+00,2.000000000000000000e+00,6.666679931960493910e+00,0.000000000000000000e+00,0.000000000000000000e+00,1.227988619753086041e+00,0.000000000000000000e+00,5.983960493827105154e-01,1.227988619753086041e+00,0.000000000000000000e+00,5.986276543209885226e-01,0.000000000000000000e+00,0.000000000000000000e+00
6.639999999999999680e+00,2.000000000000000000e+00,6.691359268661727810e+00,0.000000000000000000e+00,0.000000000000000000e+00,1.239935841975308151e+00,0.000000000000000000e+00,5.956395061728478879e-01,1.239935841975308151e+00,0.000000000000000000e+00,5.958656790123462166e-01,0.000000000000000000e+00,0.000000000000000000e+00
6.660000000000000142e+00,2.000000000000000000e+00,6.716276906400000968e+00,0.000000000000000000e+00,0.000000000000000000e+00,1.251814199999999877e+00,0.000000000000000000e+00,5.915259259259286750e-01,1.251814199999999877e+00,0.000000000000000000e+00,5.917466666666675312e-01,0.000000000000000000e+00,0.000000000000000000e+00
6.679999999999999716e+00,2.000000000000000000e+00,6.741431198656790968e+00,0.000000000000000000e+00,0.000000000000000000e+00,1.263596879012345298e+00,0.000000000000000000e+00,5.860879012345669992e-01,1.263596879012345298e+00,0.000000000000000000e+00,5.863032098765439404e-01,0.000000000000000000e+00,0.000000000000000000e+00
6.700000000000000178e+00,2.000000000000000000e+00,6.766819969135801749e+00,0.000000000000000000e+00,0.000000000000000000e+00,1.275257716049382539e+00,0.000000000000000000e+00,5.793580246913556664e-01,1.275257716049382539e+00,0.000000000000000000e+00,5.795679012345685832e-01,0.000000000000000000e+00,0.000000000000000000e+00
6.719999999999999751e+00,2.000000000000000000e+00,6.792440524799999046e+00,0.000000000000000000e+00,0.000000000000000000e+00,1.286771199999999560e+00,0.000000000000000000e+00,5.713688888888839301e-01,1.286771199999999560e+00,0.000000000000000000e+00,5.715733333333341548e-01,0.000000000000000000e+00,0.000000000000000000e+00
6.740000000000000213e+00,2.000000000000000000e+00,6.818289668908641410e+00,0.000000000000000000e+00,0.000000000000000000e+00,1.298112471604937923e+00,0.000000000000000000e+00,5.621530864197481492e-01,1.298112471604937923e+00,0.000000000000000000e+00,5.623520987654329062e-01,0.000000000000000000e+00,0.000000000000000000e+00
6.759999999999999787e+00,2.000000000000000000e+00,6.844363714054318315e+00,0.000000000000000000e+00,0.000000000000000000e+00,1.309257323456789690e+00,0.000000000000000000e+00,5.517432098765411297e-01,1.309257323456789690e+00,0.000000000000000000e+00,5.519367901234574214e-01,0.000000000000000000e+00,0.000000000000000000e+00
6.780000000000000249e+00,2.000000000000000000e+00,6.870658495199998939e+00,0.000000000000000000e+00,0.000000000000000000e+00,1.320182199999999861e+00,0.000000000000000000e+00,5.401718518518592305e-01,1.320182199999999861e+00,0.000000000000000000e+00,5.403600000000005066e-01,0.000000000000000000e+00,0.000000000000000000e+00
6.799999999999999822e+00,2.000000000000000000e+00,6.897169382716050734e+00,0.000000000000000000e+00,0.000000000000000000e+00,1.330864197530864157e+00,0.000000000000000000e+00,5.274716049382632832e-01,1.330864197530864157e+00,0.000000000000000000e+00,5.276543209876553009e-01,0.000000000000000000e+00,0.000000000000000000e+00
6.820000000000000284e+00,2.000000000000000000e+00,6.923891295417281988e+00,0.000000000000000000e+00,0.000000000000000000e+00,1.341281064197530348e+00,0.000000000000000000e+00,5.136750617283851739e-01,1.341281064197530348e+00,0.000000000000000000e+00,5.138523456790130561e-01,0.000000000000000000e+00,0.000000000000000000e+00
6.839999999999999858e+00,2.000000000000000000e+00,6.950818713599997700e+00,0.000000000000000000e+00,0.000000000000000000e+00,1.351411199999999369e+00,0.000000000000000000e+00,4.988148148148283667e-01,1.351411199999999369e+00,0.000000000000000000e+00,4.989866666666675221e-01,0.000000000000000000e+00,0.000000000000000000e+00
6.860000000000000320e+00,2.000000000000000000e+00,6.977945692079014606e+00,0.000000000000000000e+00,0.000000000000000000e+00,1.361233656790123536e+00,0.000000000000000000e+00,4.829234567901394826e-01,1.361233656790123536e+00,0.000000000000000000e+00,4.830898765432108388e-01,0.000000000000000000e+00,0.000000000000000000e+00
6.879999999999999893e+00,2.000000000000000000e+00,7.005265873224691298e+00,0.000000000000000000e+00,0.000000000000000000e+00,1.370728138271604779e+00,0.000000000000000000e+00,4.660335802469006694e-01,1.370728138271604779e+00,0.000000000000000000e+00,4.661945679012352572e-01,0.000000000000000000e+00,0.000000000000000000e+00
6.900000000000000355e+00,2.000000000000000000e+00,7.032772499999997429e+00,0.000000000000000000e+00,0.000000000000000000e+00,1.379874999999999519e+00,0.000000000000000000e+00,4.481777777777864458e-01,1.379874999999999519e+00,0.000000000000000000e+00,4.483333333333341386e-01,0.000000000000000000e+00,0.000000000000000000e+00
6.919999999999999929e+00,2.000000000000000000e+00,7.060458428997532287e+00,0.000000000000000000e+00,0.000000000000000000e+00,1.388655249382716228e+00,0.000000000000000000e+00,4.293886419753221162e-01,1.388655249382716228e+00,0.000000000000000000e+00,4.295387654320997339e-01,0.000000000000000000e+00,0.000000000000000000e+00
6.940000000000000391e+00,2.000000000000000000e+00,7.088316143476543374e+00,0.000000000000000000e+00,0.000000000000000000e+00,1.397050545679012323e+00,0.000000000000000000e+00,4.096987654320827232e-01,1.397050545679012323e+00,0.000000000000000000e+00,4.098434567901242942e-01,0.000000000000000000e+00,0.000000000000000000e+00
6.959999999999999964e+00,2.000000000000000000e+00,7.116337766399997378e+00,0.000000000000000000e+00,0.000000000000000000e+00,1.405043199999999715e+00,0.000000000000000000e+00,3.891407407407356800e-01,1.405043199999999715e+00,0.000000000000000000e+00,3.892800000000004590e-01,0.000000000000000000e+00,0.000000000000000000e+00
6.980000000000000426e+00,2.000000000000000000e+00,7.144515073471604083e+00,0.000000000000000000e+00,0.000000000000000000e+00,1.412616175308641697e+00,0.000000000000000000e+00,3.677471604938347127e-01,1.412616175308641697e+00,0.000000000000000000e+00,3.678809876543215895e-01,0.000000000000000000e+00,0.000000000000000000e+00
7.000000000000000000e+00,2.000000000000000000e+00,7.172839506172841162e+00,0.000000000000000000e+00,0.000000000000000000e+00,1.419753086419753174e+00,0.000000000000000000e+00,3.455506172839548640e-01,1.419753086419753174e+00,0.000000000000000000e+00,3.456790123456798258e-01,0.000000000000000000e+00,0.000000000000000000e+00
7.019999999999999574e+00,2.000000000000000000e+00,7.201302184799997619e+00,0.000000000000000000e+00,0.000000000000000000e+00,1.426438199999999545e+00,0.000000000000000000e+00,3.225837037036995980e-01,1.426438199999999545e+00,0.000000000000000000e+00,3.227066666666671413e-01,0.000000000000000000e+00,0.000000000000000000e+00
7.040000000000000036e+00,2.000000000000000000e+00,7.229893921501234111e+00,0.000000000000000000e+00,0.000000000000000000e+00,1.432656434567901149e+00,0.000000000000000000e+00,2.988790123456865899e-01,1.432656434567901149e+00,0.000000000000000000e+00,2.989965432098773412e-01,0.000000000000000000e+00,0.000000000000000000e+00
7.060000000000000497e+00,2.000000000000000000e+00,7.258605233313581095e+00,0.000000000000000000e+00,0.000000000000000000e+00,1.438393360493827489e+00,0.000000000000000000e+00,2.744691358024695660e-01,1.438393360493827489e+00,0.000000000000000000e+00,2.745812345679022326e-01,0.000000000000000000e+00,0.000000000000000000e+00
7.080000000000000071e+00,2.000000000000000000e+00,7.287426355199998262e+00,0.000000000000000000e+00,0.000000000000000000e+00,1.443635199999999674e+00,0.000000000000000000e+00,2.493866666666590959e-01,1.443635199999999674e+00,0.000000000000000000e+00,2.494933333333339553e-01,0.000000000000000000e+00,0.000000000000000000e+00
7.099999999999999645e+00,2.000000000000000000e+00,7.316347253086420643e+00,0.000000000000000000e+00,0.000000000000000000e+00,1.448368827160493755e+00,0.000000000000000000e+00,2.236641975308870656e-01,1.448368827160493755e+00,0.000000000000000000e+00,2.237654320987660650e-01,0.000000000000000000e+00,0.000000000000000000e+00
7.120000000000000107e+00,2.000000000000000000e+00,7.345357636898767417e+00,0.000000000000000000e+00,0.000000000000000000e+00,1.452581767901235166e+00,0.000000000000000000e+00,1.973343209876432525e-01,1.452581767901235166e+00,0.000000000000000000e+00,1.974301234567908958e-01,0.000000000000000000e+00,0.000000000000000000e+00
7.140000000000000568e+00,2.000000000000000000e+00,7.374446973599998678e+00,0.000000000000000000e+00,0.000000000000000000e+00,1.456262199999999618e+00,0.000000000000000000e+00,1.704296296296092805e-01,1.456262199999999618e+00,0.000000000000000000e+00,1.705200000000004490e-01,0.000000000000000000e+00,0.000000000000000000e+00
7.160000000000000142e+00,2.000000000000000000e+00,7.403604500227157992e+00,0.000000000000000000e+00,0.000000000000000000e+00,1.459398953086419537e+00,0.000000000000000000e+00,1.429827160494028249e-01,1.459398953086419537e+00,0.000000000000000000e+00,1.430676543209885299e-01,0.000000000000000000e+00,0.000000000000000000e+00
7.179999999999999716e+00,2.000000000000000000e+00,7.432819236928393636e+00,0.000000000000000000e+00,0.000000000000000000e+00,1.461981508641975402e+00,0.000000000000000000e+00,1.150261728395278737e-01,1.461981508641975402e+00,0.000000000000000000e+00,1.151056790123464180e-01,0.000000000000000000e+00,0.000000000000000000e+00
7.200000000000000178e+00,2.000000000000000000e+00,7.462080000000002045e+00,0.000000000000000000e+00,0.000000000000000000e+00,1.464000000000000412e+00,0.000000000000000000e+00,8.659259259259499686e-02,1.464000000000000412e+00,0.000000000000000000e+00,8.666666666666777985e-02,0.000000000000000000e+00,0.000000000000000000e+00
7.219999999999999751e+00,2.000000000000000000e+00,7.491375414923454379e+00,0.000000000000000000e+00,0.000000000000000000e+00,1.465445212345679149e+00,0.000000000000000000e+00,5.771456790122186931e-02,1.465445212345679149e+00,0.000000000000000000e+00,5.778320987654382568e-02,0.000000000000000000e+00,0.000000000000000000e+00
7.240000000000000213e+00,2.000000000000000000e+00,7.520693929402470168e+00,0.000000000000000000e+00,0.000000000000000000e+00,1.466308582716049136e+00,0.000000000000000000e+00,2.842469135803327163e-02,1.466308582716049136e+00,0.000000000000000000e+00,2.848790123456867648e-02,0.000000000000000000e+00,0.000000000000000000e+00
7.259999999999999787e+00,2.000000000000000000e+00,7.550023826400001248e+00,0.000000000000000000e+00,0.000000000000000000e+00,1.466582200000000391e+00,0.000000000000000000e+00,-1.244444444438386199e-03,1.466582200000000391e+00,0.000000000000000000e+00,-1.186666666665478747e-03,0.000000000000000000e+00,0.000000000000000000e+00
7.280000000000000249e+00,2.000000000000000000e+00,7.579353237175307179e+00,0.000000000000000000e+00,0.000000000000000000e+00,1.466258804938271654e+00,0.000000000000000000e+00,-3.126024691358253449e-02,1.466258804938271654e+00,0.000000000000000000e+00,-3.120790123456746584e-02,0.000000000000000000e+00,0.000000000000000000e+00
7.299999999999999822e+00,2.000000000000000000e+00,7.608670154320986256e+00,0.000000000000000000e+00,0.000000000000000000e+00,1.465331790123456823e+00,0.000000000000000000e+00,-6.159012345678149813e-02,1.465331790123456823e+00,0.000000000000000000e+00,-6.154320987654265940e-02,0.000000000000000000e+00,0.000000000000000000e+00
7.320000000000000284e+00,2.000000000000000000e+00,7.637962444800000306e+00,0.000000000000000000e+00,0.000000000000000000e+00,1.463795200000000296e+00,0.000000000000000000e+00,-9.220148148148865630e-02,1.463795200000000296e+00,0.000000000000000000e+00,-9.215999999999927028e-02,0.000000000000000000e+00,0.000000000000000000e+00
7.339999999999999858e+00,2.000000000000000000e+00,7.667217862982713683e+00,0.000000000000000000e+00,0.000000000000000000e+00,1.461643730864197188e+00,0.000000000000000000e+00,-1.230617283950721230e-01,1.461643730864197188e+00,0.000000000000000000e+00,-1.230256790123452904e-01,0.000000000000000000e+00,0.000000000000000000e+00
7.360000000000000320e+00,2.000000000000000000e+00,7.696424063683950045e+00,0.000000000000000000e+00,0.000000000000000000e+00,1.458872730864197553e+00,0.000000000000000000e+00,-1.541382716049142232e-01,1.458872730864197553e+00,0.000000000000000000e+00,-1.541076543209870253e-01,0.000000000000000000e+00,0.000000000000000000e+00
7.379999999999999893e+00,2.000000000000000000e+00,7.725568615200001155e+00,0.000000000000000000e+00,0.000000000000000000e+00,1.455478200000000610e+00,0.000000000000000000e+00,-1.853985185185180740e-01,1.455478200000000610e+00,0.000000000000000000e+00,-1.853733333333327515e-01,0.000000000000000000e+00,0.000000000000000000e+00
7.400000000000000355e+00,2.000000000000000000e+00,7.754639012345676541e+00,0.000000000000000000e+00,0.000000000000000000e+00,1.451456790123456742e+00,0.000000000000000000e+00,-2.168098765432304731e-01,1.451456790123456742e+00,0.000000000000000000e+00,-2.167901234567899404e-01,0.000000000000000000e+00,0.000000000000000000e+00
7.419999999999999929e+00,2.000000000000000000e+00,7.783622689491354940e+00,0.000000000000000000e+00,0.000000000000000000e+00,1.446805804938271489e+00,0.000000000000000000e+00,-2.483397530864124292e-01,1.446805804938271489e+00,0.000000000000000000e+00,-2.483254320987647867e-01,0.000000000000000000e+00,0.000000000000000000e+00
7.439999999999999503e+00,2.000000000000000000e+00,7.812507033599999318e+00,0.000000000000000000e+00,0.000000000000000000e+00,1.441523200000000449e+00,0.000000000000000000e+00,-2.799555555555457431e-01,1.441523200000000449e+00,0.000000000000000000e+00,-2.799466666666660108e-01,0.000000000000000000e+00,0.000000000000000000e+00
7.459999999999999964e+00,2.000000000000000000e+00,7.841279397264198536e+00,0.000000000000000000e+00,0.000000000000000000e+00,1.435607582716049713e+00,0.000000000000000000e+00,-3.116246913580340561e-01,1.435607582716049713e+00,0.000000000000000000e+00,-3.116212345679005846e-01,0.000000000000000000e+00,0.000000000000000000e+00
7.480000000000000426e+00,2.000000000000000000e+00,7.869927111743208137e+00,0.000000000000000000e+00,0.000000000000000000e+00,1.429058212345678980e+00,0.000000000000000000e+00,-3.433145679012454821e-01,1.429058212345678980e+00,0.000000000000000000e+00,-3.433165432098762015e-01,0.000000000000000000e+00,0.000000000000000000e+00
7.500000000000000000e+00,2.000000000000000000e+00,7.898437499999999112e+00,0.000000000000000000e+00,0.000000000000000000e+00,1.421875000000000222e+00,0.000000000000000000e+00,-3.749925925925907677e-01,1.421875000000000222e+00,0.000000000000000000e+00,-3.749999999999994449e-01,0.000000000000000000e+00,0.000000000000000000e+00
7.519999999999999574e+00,2.000000000000000000e+00,7.926797889738271152e+00,0.000000000000000000e+00,0.000000000000000000e+00,1.414058508641975465e+00,0.000000000000000000e+00,-4.066261728394948705e-01,1.414058508641975465e+00,0.000000000000000000e+00,-4.066390123456786743e-01,0.000000000000000000e+00,0.000000000000000000e+00
7.540000000000000036e+00,2.000000000000000000e+00,7.954995626439505862e+00,0.000000000000000000e+00,0.000000000000000000e+00,1.405609953086420338e+00,0.000000000000000000e+00,-4.381827160493614315e-01,1.405609953086420338e+00,0.000000000000000000e+00,-4.382009876543203064e-01,0.000000000000000000e+00,0.000000000000000000e+00
7.560000000000000497e+00,2.000000000000000000e+00,7.983018086399999547e+00,0.000000000000000000e+00,0.000000000000000000e+00,1.396531200000000528e+00,0.000000000000000000e+00,-4.696296296296296191e-01,1.396531200000000528e+00,0.000000000000000000e+00,-4.696533333333329230e-01,0.000000000000000000e+00,0.000000000000000000e+00
7.580000000000000071e+00,2.000000000000000000e+00,8.010852689767901325e+00,0.000000000000000000e+00,0.000000000000000000e+00,1.386824767901234878e+00,0.000000000000000000e+00,-5.009343209876746528e-01,1.386824767901234878e+00,0.000000000000000000e+00,-5.009634567901234403e-01,0.000000000000000000e+00,0.000000000000000000e+00
7.599999999999999645e+00,2.000000000000000000e+00,8.038486913580248583e+00,0.000000000000000000e+00,0.000000000000000000e+00,1.376493827160494066e+00,0.000000000000000000e+00,-5.320641975308717520e-01,1.376493827160494066e+00,0.000000000000000000e+00,-5.320987654320982196e-01,0.000000000000000000e+00,0.000000000000000000e+00
7.620000000000000107e+00,2.000000000000000000e+00,8.065908304800000650e+00,0.000000000000000000e+00,0.000000000000000000e+00,1.365542200000000150e+00,0.000000000000000000e+00,-5.629866666666529795e-01,1.365542200000000150e+00,0.000000000000000000e+00,-5.630266666666663422e-01,0.000000000000000000e+00,0.000000000000000000e+00
7.640000000000000568e+00,2.000000000000000000e+00,8.093104493353086681e+00,0.000000000000000000e+00,0.000000000000000000e+00,1.353974360493827467e+00,0.000000000000000000e+00,-5.936691358024646092e-01,1.353974360493827467e+00,0.000000000000000000e+00,-5.937145679012345578e-01,0.000000000000000000e+00,0.000000000000000000e+00
7.660000000000000142e+00,2.000000000000000000e+00,8.120063205165431341e+00,0.000000000000000000e+00,0.000000000000000000e+00,1.341795434567901513e+00,0.000000000000000000e+00,-6.240790123456818606e-01,1.341795434567901513e+00,0.000000000000000000e+00,-6.241298765432091722e-01,0.000000000000000000e+00,0.000000000000000000e+00
7.679999999999999716e+00,2.000000000000000000e+00,8.146772275199998248e+00,0.000000000000000000e+00,0.000000000000000000e+00,1.329011200000000725e+00,0.000000000000000000e+00,-6.541837037037083746e-01,1.329011200000000725e+00,0.000000000000000000e+00,-6.542399999999992666e-01,0.000000000000000000e+00,0.000000000000000000e+00
7.700000000000000178e+00,2.000000000000000000e+00,8.173219660493826311e+00,0.000000000000000000e+00,0.000000000000000000e+00,1.315628086419753151e+00,0.000000000000000000e+00,-6.839506172839620035e-01,1.315628086419753151e+00,0.000000000000000000e+00,-6.840123456790117018e-01,0.000000000000000000e+00,0.000000000000000000e+00
7.719999999999999751e+00,2.000000000000000000e+00,8.199393453195060744e+00,0.000000000000000000e+00,0.000000000000000000e+00,1.301653175308642219e+00,0.000000000000000000e+00,-7.133471604938108612e-01,1.301653175308642219e+00,0.000000000000000000e+00,-7.134143209876540048e-01,0.000000000000000000e+00,0.000000000000000000e+00
7.740000000000000213e+00,2.000000000000000000e+00,8.225281893599998284e+00,0.000000000000000000e+00,0.000000000000000000e+00,1.287094200000000521e+00,0.000000000000000000e+00,-7.423407407407296432e-01,1.287094200000000521e+00,0.000000000000000000e+00,-7.424133333333330365e-01,0.000000000000000000e+00,0.000000000000000000e+00
7.759999999999999787e+00,2.000000000000000000e+00,8.250873383190123533e+00,0.000000000000000000e+00,0.000000000000000000e+00,1.271959545679012926e+00,0.000000000000000000e+00,-7.708987654321077798e-01,1.271959545679012926e+00,0.000000000000000000e+00,-7.709767901234565457e-01,0.000000000000000000e+00,0.000000000000000000e+00
7.780000000000000249e+00,2.000000000000000000e+00,8.276156497669136414e+00,0.000000000000000000e+00,0.000000000000000000e+00,1.256258249382716352e+00,0.000000000000000000e+00,-7.989886419753062796e-01,1.256258249382716352e+00,0.000000000000000000e+00,-7.990720987654319485e-01,0.000000000000000000e+00,0.000000000000000000e+00
7.799999999999999822e+00,2.000000000000000000e+00,8.301119999999999166e+00,0.000000000000000000e+00,0.000000000000000000e+00,1.240000000000000657e+00,0.000000000000000000e+00,-8.265777777777714164e-01,1.240000000000000657e+00,0.000000000000000000e+00,-8.266666666666665497e-01,0.000000000000000000e+00,0.000000000000000000e+00
7.820000000000000284e+00,2.000000000000000000e+00,8.325752853441976242e+00,0.000000000000000000e+00,0.000000000000000000e+00,1.223195138271605309e+00,0.000000000000000000e+00,-8.536335802469174894e-01,1.223195138271605309e+00,0.000000000000000000e+00,-8.537279012345675433e-01,0.000000000000000000e+00,0.000000000000000000e+00
7.839999999999999858e+00,2.000000000000000000e+00,8.350044234587654657e+00,0.000000000000000000e+00,0.000000000000000000e+00,1.205854656790123824e+00,0.000000000000000000e+00,-8.801234567901126127e-01,1.205854656790123824e+00,0.000000000000000000e+00,-8.802232098765427892e-01,0.000000000000000000e+00,0.000000000000000000e+00
7.860000000000000320e+00,2.000000000000000000e+00,8.373983546399999867e+00,0.000000000000000000e+00,0.000000000000000000e+00,1.187990200000000662e+00,0.000000000000000000e+00,-9.060148148148137182e-01,1.187990200000000662e+00,0.000000000000000000e+00,-9.061199999999999255e-01,0.000000000000000000e+00,0.000000000000000000e+00
7.879999999999999893e+00,2.000000000000000000e+00,8.397560431249381452e+00,0.000000000000000000e+00,0.000000000000000000e+00,1.169614064197531222e+00,0.000000000000000000e+00,-9.312750617284066834e-01,1.169614064197531222e+00,0.000000000000000000e+00,-9.313856790123458129e-01,0.000000000000000000e+00,0.000000000000000000e+00
7.900000000000000355e+00,2.000000000000000000e+00,8.420764783950616561e+00,0.000000000000000000e+00,0.000000000000000000e+00,1.150739197530864288e+00,0.000000000000000000e+00,-9.558716049382667279e-01,1.150739197530864288e+00,0.000000000000000000e+00,-9.559876543209874233e-01,0.000000000000000000e+00,0.000000000000000000e+00
7.919999999999999929e+00,2.000000000000000000e+00,8.443586764799999145e+00,0.000000000000000000e+00,0.000000000000000000e+00,1.131379200000000473e+00,0.000000000000000000e+00,-9.797718518518614417e-01,1.131379200000000473e+00,0.000000000000000000e+00,-9.798933333333333939e-01,0.000000000000000000e+00,0.000000000000000000e+00
7.939999999999999503e+00,2.000000000000000000e+00,8.466016812612346953e+00,0.000000000000000000e+00,0.000000000000000000e+00,1.111548323456790666e+00,0.000000000000000000e+00,-1.000000000000000000e+00,1.111548323456790666e+00,0.000000000000000000e+00,-1.003070123456789808e+00,0.000000000000000000e+00,0.000000000000000000e+00
7.959999999999999964e+00,2.000000000000000000e+00,8.488045657758023665e+00,0.000000000000000000e+00,0.000000000000000000e+00,1.091261471604938693e+00,0.000000000000000000e+00,-1.000000000000000000e+00,1.091261471604938693e+00,0.000000000000000000e+00,-1.025485432098765193e+00,0.000000000000000000e+00,0.000000000000000000e+00
7.980000000000000426e+00,2.000000000000000000e+00,8.509664335200000096e+00,0.000000000000000000e+00,0.000000000000000000e+00,1.070534200000000435e+00,0.000000000000000000e+00,-1.000000000000000000e+00,1.070534200000000435e+00,0.000000000000000000e+00,-1.047106666666666630e+00,0.000000000000000000e+00,0.000000000000000000e+00
8.000000000000000000e+00,2.000000000000000000e+00,8.530864197530863891e+00,0.000000000000000000e+00,0.000000000000000000e+00,1.049382716049383157e+00,0.000000000000000000e+00,-1.000000000000000000e+00,1.049382716049383157e+00,0.000000000000000000e+00,-1.067901234567901092e+00,0.000000000000000000e+00,0.000000000000000000e+00
8.019999999999999574e+00,2.000000000000000000e+00,8.551636928009875405e+00,0.000000000000000000e+00,0.000000000000000000e+00,1.027823879012345953e+00,0.000000000000000000e+00,-1.000000000000000000e+00,1.027823879012345953e+00,0.000000000000000000e+00,-1.087836543209876661e+00,0.000000000000000000e+00,0.000000000000000000e+00
8.039999999999999147e+00,2.000000000000000000e+00,8.571974553599998714e+00,0.000000000000000000e+00,0.000000000000000000e+00,1.005875200000000191e+00,0.000000000000000000e+00,-1.000000000000000000e+00,1.005875200000000191e+00,0.000000000000000000e+00,-1.106880000000000086e+00,0.000000000000000000e+00,0.000000000000000000e+00
8.060000000000000497e+00,2.000000000000000000e+00,8.591869458004937954e+00,0.000000000000000000e+00,0.000000000000000000e+00,9.835548419753092908e-01,0.000000000000000000e+00,-1.000000000000000000e+00,9.835548419753092908e-01,0.000000000000000000e+00,-1.124999012345679006e+00,0.000000000000000000e+00,0.000000000000000000e+00
8.080000000000000071e+00,2.000000000000000000e+00,8.611314394706173658e+00,0.000000000000000000e+00,0.000000000000000000e+00,9.608816197530867242e-01,0.000000000000000000e+00,-1.000000000000000000e+00,9.608816197530867242e-01,0.000000000000000000e+00,-1.142160987654321058e+00,0.000000000000000000e+00,0.000000000000000000e+00
8.099999999999999645e+00,2.000000000000000000e+00,8.630302499999999100e+00,0.000000000000000000e+00,0.000000000000000000e+00,9.378750000000001252e-01,0.000000000000000000e+00,-1.000000000000000000e+00,9.378750000000001252e-01,0.000000000000000000e+00,-1.158333333333333659e+00,0.000000000000000000e+00,0.000000000000000000e+00
8.120000000000000995e+00,2.000000000000000000e+00,8.648827306034569062e+00,0.000000000000000000e+00,0.000000000000000000e+00,9.145551012345684017e-01,0.000000000000000000e+00,-1.000000000000000000e+00,9.145551012345684017e-01,0.000000000000000000e+00,-1.173483456790123336e+00,0.000000000000000000e+00,0.000000000000000000e+00
8.140000000000000568e+00,2.000000000000000000e+00,8.666882753846913090e+00,0.000000000000000000e+00,0.000000000000000000e+00,8.909426938271608476e-01,0.000000000000000000e+00,-1.000000000000000000e+00,8.909426938271608476e-01,0.000000000000000000e+00,-1.187578765432099059e+00,0.000000000000000000e+00,0.000000000000000000e+00
8.160000000000000142e+00,2.000000000000000000e+00,8.684463206399998469e+00,0.000000000000000000e+00,0.000000000000000000e+00,8.670591999999999189e-01,0.000000000000000000e+00,-1.000000000000000000e+00,8.670591999999999189e-01,0.000000000000000000e+00,-1.200586666666666913e+00,0.000000000000000000e+00,0.000000000000000000e+00
8.179999999999999716e+00,2.000000000000000000e+00,8.701563461619752360e+00,0.000000000000000000e+00,0.000000000000000000e+00,8.429266938271606779e-01,0.000000000000000000e+00,-1.000000000000000000e+00,8.429266938271606779e-01,0.000000000000000000e+00,-1.212474567901234757e+00,0.000000000000000000e+00,0.000000000000000000e+00
8.199999999999999289e+00,2.000000000000000000e+00,8.718178765432099908e+00,0.000000000000000000e+00,0.000000000000000000e+00,8.185679012345682404e-01,0.000000000000000000e+00,-1.000000000000000000e+00,8.185679012345682404e-01,0.000000000000000000e+00,-1.223209876543210006e+00,0.000000000000000000e+00,0.000000000000000000e+00
8.220000000000000639e+00,2.000000000000000000e+00,8.734304824799998812e+00,0.000000000000000000e+00,0.000000000000000000e+00,7.940062000000002174e-01,0.000000000000000000e+00,-1.000000000000000000e+00,7.940062000000002174e-01,0.000000000000000000e+00,-1.232760000000000522e+00,0.000000000000000000e+00,0.000000000000000000e+00
8.240000000000000213e+00,2.000000000000000000e+00,8.749937820760495200e+00,0.000000000000000000e+00,0.000000000000000000e+00,7.692656197530867157e-01,0.000000000000000000e+00,-1.000000000000000000e+00,7.692656197530867157e-01,0.000000000000000000e+00,-1.241092345679012832e+00,0.000000000000000000e+00,0.000000000000000000e+00
8.259999999999999787e+00,2.000000000000000000e+00,8.765074421461727994e+00,0.000000000000000000e+00,0.000000000000000000e+00,7.443708419753087835e-01,0.000000000000000000e+00,-1.000000000000000000e+00,7.443708419753087835e-01,0.000000000000000000e+00,-1.248174320987654351e+00,0.000000000000000000e+00,0.000000000000000000e+00
8.280000000000001137e+00,2.000000000000000000e+00,8.779711795200000779e+00,0.000000000000000000e+00,0.000000000000000000e+00,7.193471999999999644e-01,0.000000000000000000e+00,-1.000000000000000000e+00,7.193471999999999644e-01,0.000000000000000000e+00,-1.253973333333333828e+00,0.000000000000000000e+00,0.000000000000000000e+00
8.300000000000000711e+00,2.000000000000000000e+00,8.793847623456791496e+00,0.000000000000000000e+00,0.000000000000000000e+00,6.942206790123458537e-01,0.000000000000000000e+00,-1.000000000000000000e+00,6.942206790123458537e-01,0.000000000000000000e+00,-1.258456790123456903e+00,0.000000000000000000e+00,0.000000000000000000e+00
8.320000000000000284e+00,2.000000000000000000e+00,8.807480113935801214e+00,0.000000000000000000e+00,0.000000000000000000e+00,6.690179160493830990e-01,0.000000000000000000e+00,-1.000000000000000000e+00,6.690179160493830990e-01,0.000000000000000000e+00,-1.261592098765432102e+00,0.000000000000000000e+00,0.000000000000000000e+00
8.339999999999999858e+00,2.000000000000000000e+00,8.820608013600001129e+00,0.000000000000000000e+00,0.000000000000000000e+00,6.437662000000006213e-01,0.000000000000000000e+00,-1.000000000000000000e+00,6.437662000000006213e-01,0.000000000000000000e+00,-1.263346666666666840e+00,0.000000000000000000e+00,0.000000000000000000e+00
8.359999999999999432e+00,2.000000000000000000e+00,8.833230621708642261e+00,0.000000000000000000e+00,0.000000000000000000e+00,6.184934716049389491e-01,0.000000000000000000e+00,-1.000000000000000000e+00,6.184934716049389491e-01,0.000000000000000000e+00,-1.263687901234568312e+00,0.000000000000000000e+00,0.000000000000000000e+00
8.379999999999999005e+00,2.000000000000000000e+00,8.845347802854320207e+00,0.000000000000000000e+00,0.000000000000000000e+00,5.932283234567904406e-01,0.000000000000000000e+00,-1.000000000000000000e+00,5.932283234567904406e-01,0.000000000000000000e+00,-1.262583209876543711e+00,0.000000000000000000e+00,0.000000000000000000e+00
8.400000000000000355e+00,2.000000000000000000e+00,8.856959999999999056e+00,0.000000000000000000e+00,0.000000000000000000e+00,5.680000000000006155e-01,0.000000000000000000e+00,-1.000000000000000000e+00,5.680000000000006155e-01,0.000000000000000000e+00,-1.260000000000000453e+00,0.000000000000000000e+00,0.000000000000000000e+00
8.419999999999999929e+00,2.000000000000000000e+00,8.868068247516049496e+00,0.000000000000000000e+00,0.000000000000000000e+00,5.428383975308646026e-01,0.000000000000000000e+00,-1.000000000000000000e+00,5.428383975308646026e-01,0.000000000000000000e+00,-1.255905679012345955e+00,0.000000000000000000e+00,0.000000000000000000e+00
8.439999999999999503e+00,2.000000000000000000e+00,8.878674184217283383e+00,0.000000000000000000e+00,0.000000000000000000e+00,5.177740641975312474e-01,0.000000000000000000e+00,-1.000000000000000000e+00,5.177740641975312474e-01,0.000000000000000000e+00,-1.250267654320988298e+00,0.000000000000000000e+00,0.000000000000000000e+00
8.460000000000000853e+00,2.000000000000000000e+00,8.888780066399998958e+00,0.000000000000000000e+00,0.000000000000000000e+00,4.928382000000005592e-01,0.000000000000000000e+00,-1.000000000000000000e+00,4.928382000000005592e-01,0.000000000000000000e+00,-1.243053333333333788e+00,0.000000000000000000e+00,0.000000000000000000e+00
8.480000000000000426e+00,2.000000000000000000e+00,8.898388780879013638e+00,0.000000000000000000e+00,0.000000000000000000e+00,4.680626567901238211e-01,0.000000000000000000e+00,-1.000000000000000000e+00,4.680626567901238211e-01,0.000000000000000000e+00,-1.234230123456790285e+00,0.000000000000000000e+00,0.000000000000000000e+00
8.500000000000000000e+00,2.000000000000000000e+00,8.907503858024691468e+00,0.000000000000000000e+00,0.000000000000000000e+00,4.434799382716052008e-01,0.000000000000000000e+00,-1.000000000000000000e+00,4.434799382716052008e-01,0.000000000000000000e+00,-1.223765432098766093e+00,0.000000000000000000e+00,0.000000000000000000e+00
8.519999999999999574e+00,2.000000000000000000e+00,8.916129484799999005e+00,0.000000000000000000e+00,0.000000000000000000e+00,4.191232000000004176e-01,0.000000000000000000e+00,-1.000000000000000000e+00,4.191232000000004176e-01,0.000000000000000000e+00,-1.211626666666667074e+00,0.000000000000000000e+00,0.000000000000000000e+00
8.539999999999999147e+00,2.000000000000000000e+00,8.924270517797530999e+00,0.000000000000000000e+00,0.000000000000000000e+00,3.950262493827163546e-01,0.000000000000000000e+00,-1.000000000000000000e+00,3.950262493827163546e-01,0.000000000000000000e+00,-1.197781234567901754e+00,0.000000000000000000e+00,0.000000000000000000e+00
8.560000000000000497e+00,2.000000000000000000e+00,8.931932496276543176e+00,0.000000000000000000e+00,0.000000000000000000e+00,3.712235456790125010e-01,0.000000000000000000e+00,-1.000000000000000000e+00,3.712235456790125010e-01,0.000000000000000000e+00,-1.182196543209876882e+00,0.000000000000000000e+00,0.000000000000000000e+00
8.580000000000000071e+00,2.000000000000000000e+00,8.939121655199999239e+00,0.000000000000000000e+00,0.000000000000000000e+00,3.477502000000002869e-01,0.000000000000000000e+00,-1.000000000000000000e+00,3.477502000000002869e-01,0.000000000000000000e+00,-1.164840000000000542e+00,0.000000000000000000e+00,0.000000000000000000e+00
8.599999999999999645e+00,2.000000000000000000e+00,8.945844938271605429e+00,0.000000000000000000e+00,0.000000000000000000e+00,3.246419753086422499e-01,0.000000000000000000e+00,-1.000000000000000000e+00,3.246419753086422499e-01,0.000000000000000000e+00,-1.145679012345679482e+00,0.000000000000000000e+00,0.000000000000000000e+00
8.620000000000000995e+00,2.000000000000000000e+00,8.952110010972839760e+00,0.000000000000000000e+00,0.000000000000000000e+00,3.019352864197530906e-01,0.000000000000000000e+00,-1.000000000000000000e+00,3.019352864197530906e-01,0.000000000000000000e+00,-1.124680987654321562e+00,0.000000000000000000e+00,0.000000000000000000e+00
8.640000000000000568e+00,2.000000000000000000e+00,8.957925273599999016e+00,0.000000000000000000e+00,0.000000000000000000e+00,2.796672000000002822e-01,0.000000000000000000e+00,-1.000000000000000000e+00,2.796672000000002822e-01,0.000000000000000000e+00,-1.101813333333333755e+00,0.000000000000000000e+00,0.000000000000000000e+00
8.660000000000000142e+00,2.000000000000000000e+00,8.963299874301235093e+00,0.000000000000000000e+00,0.000000000000000000e+00,2.578754345679012960e-01,0.000000000000000000e+00,-1.000000000000000000e+00,2.578754345679012960e-01,0.000000000000000000e+00,-1.077043456790123699e+00,0.000000000000000000e+00,0.000000000000000000e+00
8.679999999999999716e+00,2.000000000000000000e+00,8.968243722113580674e+00,0.000000000000000000e+00,0.000000000000000000e+00,2.365983604938270979e-01,0.000000000000000000e+00,-1.000000000000000000e+00,2.365983604938270979e-01,0.000000000000000000e+00,-1.050338765432099031e+00,0.000000000000000000e+00,0.000000000000000000e+00
8.699999999999999289e+00,2.000000000000000000e+00,8.972767499999999785e+00,0.000000000000000000e+00,0.000000000000000000e+00,2.158750000000001501e-01,0.000000000000000000e+00,-1.000000000000000000e+00,2.158750000000001501e-01,0.000000000000000000e+00,-1.021666666666667389e+00,0.000000000000000000e+00,0.000000000000000000e+00
8.720000000000000639e+00,2.000000000000000000e+00,8.976882677886418804e+00,0.000000000000000000e+00,0.000000000000000000e+00,1.957450271604938286e-01,0.000000000000000000e+00,-9.906558024691189956e-01,1.957450271604938286e-01,0.000000000000000000e+00,-9.909945679012349684e-01,0.000000000000000000e+00,0.000000000000000000e+00
8.740000000000000213e+00,2.000000000000000000e+00,8.980601525698764576e+00,0.000000000000000000e+00,0.000000000000000000e+00,1.762487679012344488e-01,0.000000000000000000e+00,-9.579456790123641596e-01,1.762487679012344488e-01,0.000000000000000000e+00,-9.582898765432100729e-01,0.000000000000000000e+00,0.000000000000000000e+00
8.759999999999999787e+00,2.000000000000000000e+00,8.983937126399998974e+00,0.000000000000000000e+00,0.000000000000000000e+00,1.574272000000000726e-01,0.000000000000000000e+00,-9.231703703703484365e-01,1.574272000000000726e-01,0.000000000000000000e+00,-9.235200000000004517e-01,0.000000000000000000e+00,0.000000000000000000e+00
8.780000000000001137e+00,2.000000000000000000e+00,8.986903389027160571e+00,0.000000000000000000e+00,0.000000000000000000e+00,1.393219530864197031e-01,0.000000000000000000e+00,-8.862972839506011447e-01,1.393219530864197031e-01,0.000000000000000000e+00,-8.866523456790127433e-01,0.000000000000000000e+00,0.000000000000000000e+00
8.800000000000000711e+00,2.000000000000000000e+00,8.989515061728393874e+00,0.000000000000000000e+00,0.000000000000000000e+00,1.219753086419751581e-01,0.000000000000000000e+00,-8.472938271605037208e-01,1.219753086419751581e-01,0.000000000000000000e+00,-8.476543209876542528e-01,0.000000000000000000e+00,0.000000000000000000e+00
8.820000000000000284e+00,2.000000000000000000e+00,8.991787744799999871e+00,0.000000000000000000e+00,0.000000000000000000e+00,1.054302000000002792e-01,0.000000000000000000e+00,-8.061274074074167295e-01,1.054302000000002792e-01,0.000000000000000000e+00,-8.064933333333343946e-01,0.000000000000000000e+00,0.000000000000000000e+00
8.839999999999999858e+00,2.000000000000000000e+00,8.993737903723456384e+00,0.000000000000000000e+00,0.000000000000000000e+00,8.973021234567916948e-02,0.000000000000000000e+00,-7.627654320987815595e-01,8.973021234567916948e-02,0.000000000000000000e+00,-7.631367901234574758e-01,0.000000000000000000e+00,0.000000000000000000e+00
8.859999999999999432e+00,2.000000000000000000e+00,8.995382882202468622e+00,0.000000000000000000e+00,0.000000000000000000e+00,7.491958271604966246e-02,0.000000000000000000e+00,-7.171753086419903056e-01,7.491958271604966246e-02,0.000000000000000000e+00,-7.175520987654334659e-01,0.000000000000000000e+00,0.000000000000000000e+00
8.879999999999999005e+00,2.000000000000000000e+00,8.996740915200000188e+00,0.000000000000000000e+00,0.000000000000000000e+00,6.104320000000017232e-02,0.000000000000000000e+00,-6.693244444444363950e-01,6.104320000000017232e-02,0.000000000000000000e+00,-6.697066666666677826e-01,0.000000000000000000e+00,0.000000000000000000e+00
8.900000000000000355e+00,2.000000000000000000e+00,8.997831141975309421e+00,0.000000000000000000e+00,0.000000000000000000e+00,4.814660493827167126e-02,0.000000000000000000e+00,-6.191802469135639919e-01,4.814660493827167126e-02,0.000000000000000000e+00,-6.195679012345686187e-01,0.000000000000000000e+00,0.000000000000000000e+00
8.919999999999999929e+00,2.000000000000000000e+00,8.998673619120987510e+00,0.000000000000000000e+00,0.000000000000000000e+00,3.627599012345695401e-02,0.000000000000000000e+00,-5.667101234568019397e-01,3.627599012345695401e-02,0.000000000000000000e+00,-5.671032098765445006e-01,0.000000000000000000e+00,0.000000000000000000e+00
8.939999999999999503e+00,2.000000000000000000e+00,8.999289333600000163e+00,0.000000000000000000e+00,0.000000000000000000e+00,2.547820000000007579e-02,0.000000000000000000e+00,-5.118814814814762748e-01,2.547820000000007579e-02,0.000000000000000000e+00,-5.122800000000009568e-01,0.000000000000000000e+00,0.000000000000000000e+00
8.960000000000000853e+00,2.000000000000000000e+00,8.999700215782715063e+00,0.000000000000000000e+00,0.000000000000000000e+00,1.580073086419752845e-02,0.000000000000000000e+00,-4.546617283950489252e-01,1.580073086419752845e-02,0.000000000000000000e+00,-4.550656790123462359e-01,0.000000000000000000e+00,0.000000000000000000e+00
8.980000000000000426e+00,2.000000000000000000e+00,8.999929152483950645e+00,0.000000000000000000e+00,0.000000000000000000e+00,7.291730864197597771e-03,0.000000000000000000e+00,-3.950182716049466247e-01,7.291730864197597771e-03,0.000000000000000000e+00,-3.954276543209888639e-01,0.000000000000000000e+00,0.000000000000000000e+00
9.000000000000000000e+00,2.000000000000000000e+00,9.000000000000000000e+00,0.000000000000000000e+00,0.000000000000000000e+00,0.000000000000000000e+00,0.000000000000000000e+00,-3.645865432098876480e-01,0.000000000000000000e+00,0.000000000000000000e+00,-3.333333333333341475e-01,0.000000000000000000e+00,0.000000000000000000e+00
