time,reference_index,obstacle_id,edge_id,x1,y1,x2,y2,g1,g2,f,active
6.00004568696022e-07,0,0,0,2.9998310735814497,-0.42426403508176974,3.4242640350817695,-0.00016892641855012817,0.7068251811053662,-0.7073882691671997,2.4204755433160985,1
6.00004568696022e-07,0,0,1,3.4242640350817695,-0.00016892641855012817,3.0001689264185503,0.42426403508176974,0.7073882691672001,0.7068251811053656,2.4221648075016002,1
6.00004568696022e-07,0,0,2,3.0001689264185503,0.42426403508176974,2.5757359649182305,0.00016892641855012817,-0.7068251811053662,0.7073882691671997,-1.8204755433160988,1
6.00004568696022e-07,0,0,3,2.5757359649182305,0.00016892641855012817,2.9998310735814497,-0.42426403508176974,-0.7073882691672001,-0.7068251811053656,-1.8221648075016004,1
6.00004568696022e-07,0,1,0,5.99983107358145,-0.42426403508176974,6.4242640350817695,-0.00016892641855012817,0.7068251811053662,-0.7073882691671997,4.540951086632197,1
6.00004568696022e-07,0,1,1,6.4242640350817695,-0.00016892641855012817,6.00016892641855,0.42426403508176974,0.7073882691672001,0.7068251811053656,4.544329615003201,1
6.00004568696022e-07,0,1,2,6.00016892641855,0.42426403508176974,5.5757359649182305,0.00016892641855012817,-0.7068251811053662,0.7073882691671997,-3.9409510866321975,1
6.00004568696022e-07,0,1,3,5.5757359649182305,0.00016892641855012817,5.99983107358145,-0.42426403508176974,-0.7073882691672001,-0.7068251811053656,-3.9443296150032006,1
0.0701326000271365,10,0,0,2.9998310735814497,-0.42426403508176974,3.4242640350817695,-0.00016892641855012817,0.7068251811053662,-0.7073882691671997,2.4204755433160985,1
0.0701326000271365,10,0,1,3.4242640350817695,-0.00016892641855012817,3.0001689264185503,0.42426403508176974,0.7073882691672001,0.7068251811053656,2.4221648075016002,1
0.0701326000271365,10,0,2,3.0001689264185503,0.42426403508176974,2.5757359649182305,0.00016892641855012817,-0.7068251811053662,0.7073882691671997,-1.8204755433160988,1
0.0701326000271365,10,0,3,2.5757359649182305,0.00016892641855012817,2.9998310735814497,-0.42426403508176974,-0.7073882691672001,-0.7068251811053656,-1.8221648075016004,1
0.0701326000271365,10,1,0,5.99983107358145,-0.42426403508176974,6.4242640350817695,-0.00016892641855012817,0.7068251811053662,-0.7073882691671997,4.540951086632197,1
0.0701326000271365,10,1,1,6.4242640350817695,-0.00016892641855012817,6.00016892641855,0.42426403508176974,0.7073882691672001,0.7068251811053656,4.544329615003201,1
0.0701326000271365,10,1,2,6.00016892641855,0.42426403508176974,5.5757359649182305,0.00016892641855012817,-0.7068251811053662,0.7073882691671997,-3.9409510866321975,1
0.0701326000271365,10,1,3,5.5757359649182305,0.00016892641855012817,5.99983107358145,-0.42426403508176974,-0.7073882691672001,-0.7068251811053656,-3.9443296150032006,1
0.14025419997051358,19,0,0,2.9998310735814497,-0.42426403508176974,3.4242640350817695,-0.00016892641855012817,0.7068251811053662,-0.7073882691671997,2.4204755433160985,1
0.14025419997051358,19,0,1,3.4242640350817695,-0.00016892641855012817,3.0001689264185503,0.42426403508176974,0.7073882691672001,0.7068251811053656,2.4221648075016002,1
0.14025419997051358,19,0,2,3.0001689264185503,0.42426403508176974,2.5757359649182305,0.00016892641855012817,-0.7068251811053662,0.7073882691671997,-1.8204755433160988,1
0.14025419997051358,19,0,3,2.5757359649182305,0.00016892641855012817,2.9998310735814497,-0.42426403508176974,-0.7073882691672001,-0.7068251811053656,-1.8221648075016004,1
0.14025419997051358,19,1,0,5.99983107358145,-0.42426403508176974,6.4242640350817695,-0.00016892641855012817,0.7068251811053662,-0.7073882691671997,4.540951086632197,1
0.14025419997051358,19,1,1,6.4242640350817695,-0.00016892641855012817,6.00016892641855,0.42426403508176974,0.7073882691672001,0.7068251811053656,4.544329615003201,1
0.14025419997051358,19,1,2,6.00016892641855,0.42426403508176974,5.5757359649182305,0.00016892641855012817,-0.7068251811053662,0.7073882691671997,-3.9409510866321975,1
0.14025419997051358,19,1,3,5.5757359649182305,0.00016892641855012817,5.99983107358145,-0.42426403508176974,-0.7073882691672001,-0.7068251811053656,-3.9443296150032006,1
0.2104531000368297,27,0,0,2.9998310735814497,-0.42426403508176974,3.4242640350817695,-0.00016892641855012817,0.7068251811053662,-0.7073882691671997,2.4204755433160985,1
0.2104531000368297,27,0,1,3.4242640350817695,-0.00016892641855012817,3.0001689264185503,0.42426403508176974,0.7073882691672001,0.7068251811053656,2.4221648075016002,1
0.2104531000368297,27,0,2,3.0001689264185503,0.42426403508176974,2.5757359649182305,0.00016892641855012817,-0.7068251811053662,0.7073882691671997,-1.8204755433160988,1
0.2104531000368297,27,0,3,2.5757359649182305,0.00016892641855012817,2.9998310735814497,-0.42426403508176974,-0.7073882691672001,-0.7068251811053656,-1.8221648075016004,1
0.2104531000368297,27,1,0,5.99983107358145,-0.42426403508176974,6.4242640350817695,-0.00016892641855012817,0.7068251811053662,-0.7073882691671997,4.540951086632197,1
0.2104531000368297,27,1,1,6.4242640350817695,-0.00016892641855012817,6.00016892641855,0.42426403508176974,0.7073882691672001,0.7068251811053656,4.544329615003201,1
0.2104531000368297,27,1,2,6.00016892641855,0.42426403508176974,5.5757359649182305,0.00016892641855012817,-0.7068251811053662,0.7073882691671997,-3.9409510866321975,1
0.2104531000368297,27,1,3,5.5757359649182305,0.00016892641855012817,5.99983107358145,-0.42426403508176974,-0.7073882691672001,-0.7068251811053656,-3.9443296150032006,1
0.28046829998493195,34,0,0,2.9998310735814497,-0.42426403508176974,3.4242640350817695,-0.00016892641855012817,0.7068251811053662,-0.7073882691671997,2.4204755433160985,1
0.28046829998493195,34,0,1,3.4242640350817695,-0.00016892641855012817,3.0001689264185503,0.42426403508176974,0.7073882691672001,0.7068251811053656,2.4221648075016002,1
0.28046829998493195,34,0,2,3.0001689264185503,0.42426403508176974,2.5757359649182305,0.00016892641855012817,-0.7068251811053662,0.7073882691671997,-1.8204755433160988,1
0.28046829998493195,34,0,3,2.5757359649182305,0.00016892641855012817,2.9998310735814497,-0.42426403508176974,-0.7073882691672001,-0.7068251811053656,-1.8221648075016004,1
0.28046829998493195,34,1,0,5.99983107358145,-0.42426403508176974,6.4242640350817695,-0.00016892641855012817,0.7068251811053662,-0.7073882691671997,4.540951086632197,1
0.28046829998493195,34,1,1,6.4242640350817695,-0.00016892641855012817,6.00016892641855,0.42426403508176974,0.7073882691672001,0.7068251811053656,4.544329615003201,1
0.28046829998493195,34,1,2,6.00016892641855,0.42426403508176974,5.5757359649182305,0.00016892641855012817,-0.7068251811053662,0.7073882691671997,-3.9409510866321975,1
0.28046829998493195,34,1,3,5.5757359649182305,0.00016892641855012817,5.99983107358145,-0.42426403508176974,-0.7073882691672001,-0.7068251811053656,-3.9443296150032006,1
0.3503166000591591,41,0,0,2.9998310735814497,-0.42426403508176974,3.4242640350817695,-0.00016892641855012817,0.7068251811053662,-0.7073882691671997,2.4204755433160985,1
0.3503166000591591,41,0,1,3.4242640350817695,-0.00016892641855012817,3.0001689264185503,0.42426403508176974,0.7073882691672001,0.7068251811053656,2.4221648075016002,1
0.3503166000591591,41,0,2,3.0001689264185503,0.42426403508176974,2.5757359649182305,0.00016892641855012817,-0.7068251811053662,0.7073882691671997,-1.8204755433160988,1
0.3503166000591591,41,0,3,2.5757359649182305,0.00016892641855012817,2.9998310735814497,-0.42426403508176974,-0.7073882691672001,-0.7068251811053656,-1.8221648075016004,1
0.3503166000591591,41,1,0,5.99983107358145,-0.42426403508176974,6.4242640350817695,-0.00016892641855012817,0.7068251811053662,-0.7073882691671997,4.540951086632197,1
0.3503166000591591,41,1,1,6.4242640350817695,-0.00016892641855012817,6.00016892641855,0.42426403508176974,0.7073882691672001,0.7068251811053656,4.544329615003201,1
0.3503166000591591,41,1,2,6.00016892641855,0.42426403508176974,5.5757359649182305,0.00016892641855012817,-0.7068251811053662,0.7073882691671997,-3.9409510866321975,1
0.3503166000591591,41,1,3,5.5757359649182305,0.00016892641855012817,5.99983107358145,-0.42426403508176974,-0.7073882691672001,-0.7068251811053656,-3.9443296150032006,1
0.4205531000625342,48,0,0,2.9998310735814497,-0.42426403508176974,3.4242640350817695,-0.00016892641855012817,0.7068251811053662,-0.7073882691671997,2.4204755433160985,1
0.4205531000625342,48,0,1,3.4242640350817695,-0.00016892641855012817,3.0001689264185503,0.42426403508176974,0.7073882691672001,0.7068251811053656,2.4221648075016002,1
0.4205531000625342,48,0,2,3.0001689264185503,0.42426403508176974,2.5757359649182305,0.00016892641855012817,-0.7068251811053662,0.7073882691671997,-1.8204755433160988,1
0.4205531000625342,48,0,3,2.5757359649182305,0.00016892641855012817,2.9998310735814497,-0.42426403508176974,-0.7073882691672001,-0.7068251811053656,-1.8221648075016004,1
0.4205531000625342,48,1,0,5.99983107358145,-0.42426403508176974,6.4242640350817695,-0.00016892641855012817,0.7068251811053662,-0.7073882691671997,4.540951086632197,1
0.4205531000625342,48,1,1,6.4242640350817695,-0.00016892641855012817,6.00016892641855,0.42426403508176974,0.7073882691672001,0.7068251811053656,4.544329615003201,1
0.4205531000625342,48,1,2,6.00016892641855,0.42426403508176974,5.5757359649182305,0.00016892641855012817,-0.7068251811053662,0.7073882691671997,-3.9409510866321975,1
0.4205531000625342,48,1,3,5.5757359649182305,0.00016892641855012817,5.99983107358145,-0.42426403508176974,-0.7073882691672001,-0.7068251811053656,-3.9443296150032006,1
0.4902795000234619,55,0,0,2.9998310735814497,-0.42426403508176974,3.4242640350817695,-0.00016892641855012817,0.7068251811053662,-0.7073882691671997,2.4204755433160985,1
0.4902795000234619,55,0,1,3.4242640350817695,-0.00016892641855012817,3.0001689264185503,0.42426403508176974,0.7073882691672001,0.7068251811053656,2.4221648075016002,1
0.4902795000234619,55,0,2,3.0001689264185503,0.42426403508176974,2.5757359649182305,0.00016892641855012817,-0.7068251811053662,0.7073882691671997,-1.8204755433160988,1
0.4902795000234619,55,0,3,2.5757359649182305,0.00016892641855012817,2.9998310735814497,-0.42426403508176974,-0.7073882691672001,-0.7068251811053656,-1.8221648075016004,1
0.4902795000234619,55,1,0,5.99983107358145,-0.42426403508176974,6.4242640350817695,-0.00016892641855012817,0.7068251811053662,-0.7073882691671997,4.540951086632197,1
0.4902795000234619,55,1,1,6.4242640350817695,-0.00016892641855012817,6.00016892641855,0.42426403508176974,0.7073882691672001,0.7068251811053656,4.544329615003201,1
0.4902795000234619,55,1,2,6.00016892641855,0.42426403508176974,5.5757359649182305,0.00016892641855012817,-0.7068251811053662,0.7073882691671997,-3.9409510866321975,1
0.4902795000234619,55,1,3,5.5757359649182305,0.00016892641855012817,5.99983107358145,-0.42426403508176974,-0.7073882691672001,-0.7068251811053656,-3.9443296150032006,1
0.5603712999727577,64,0,0,2.9998310735814497,-0.42426403508176974,3.4242640350817695,-0.00016892641855012817,0.7068251811053662,-0.7073882691671997,2.4204755433160985,1
0.5603712999727577,64,0,1,3.4242640350817695,-0.00016892641855012817,3.0001689264185503,0.42426403508176974,0.7073882691672001,0.7068251811053656,2.4221648075016002,1
0.5603712999727577,64,0,2,3.0001689264185503,0.42426403508176974,2.5757359649182305,0.00016892641855012817,-0.7068251811053662,0.7073882691671997,-1.8204755433160988,1
0.5603712999727577,64,0,3,2.5757359649182305,0.00016892641855012817,2.9998310735814497,-0.42426403508176974,-0.7073882691672001,-0.7068251811053656,-1.8221648075016004,1
0.5603712999727577,64,1,0,5.99983107358145,-0.42426403508176974,6.4242640350817695,-0.00016892641855012817,0.7068251811053662,-0.7073882691671997,4.540951086632197,1
0.5603712999727577,64,1,1,6.4242640350817695,-0.00016892641855012817,6.00016892641855,0.42426403508176974,0.7073882691672001,0.7068251811053656,4.544329615003201,1
0.5603712999727577,64,1,2,6.00016892641855,0.42426403508176974,5.5757359649182305,0.00016892641855012817,-0.7068251811053662,0.7073882691671997,-3.9409510866321975,1
0.5603712999727577,64,1,3,5.5757359649182305,0.00016892641855012817,5.99983107358145,-0.42426403508176974,-0.7073882691672001,-0.7068251811053656,-3.9443296150032006,1
0.6301664999919012,70,0,0,2.9998310735814497,-0.42426403508176974,3.4242640350817695,-0.00016892641855012817,0.7068251811053662,-0.7073882691671997,2.4204755433160985,1
0.6301664999919012,70,0,1,3.4242640350817695,-0.00016892641855012817,3.0001689264185503,0.42426403508176974,0.7073882691672001,0.7068251811053656,2.4221648075016002,1
0.6301664999919012,70,0,2,3.0001689264185503,0.42426403508176974,2.5757359649182305,0.00016892641855012817,-0.7068251811053662,0.7073882691671997,-1.8204755433160988,1
0.6301664999919012,70,0,3,2.5757359649182305,0.00016892641855012817,2.9998310735814497,-0.42426403508176974,-0.7073882691672001,-0.7068251811053656,-1.8221648075016004,1
0.6301664999919012,70,1,0,5.99983107358145,-0.42426403508176974,6.4242640350817695,-0.00016892641855012817,0.7068251811053662,-0.7073882691671997,4.540951086632197,1
0.6301664999919012,70,1,1,6.4242640350817695,-0.00016892641855012817,6.00016892641855,0.42426403508176974,0.7073882691672001,0.7068251811053656,4.544329615003201,1
0.6301664999919012,70,1,2,6.00016892641855,0.42426403508176974,5.5757359649182305,0.00016892641855012817,-0.7068251811053662,0.7073882691671997,-3.9409510866321975,1
0.6301664999919012,70,1,3,5.5757359649182305,0.00016892641855012817,5.99983107358145,-0.42426403508176974,-0.7073882691672001,-0.7068251811053656,-3.9443296150032006,1
0.700526800006628,76,0,0,2.9998310735814497,-0.42426403508176974,3.4242640350817695,-0.00016892641855012817,0.7068251811053662,-0.7073882691671997,2.4204755433160985,1
0.700526800006628,76,0,1,3.4242640350817695,-0.00016892641855012817,3.0001689264185503,0.42426403508176974,0.7073882691672001,0.7068251811053656,2.4221648075016002,1
0.700526800006628,76,0,2,3.0001689264185503,0.42426403508176974,2.5757359649182305,0.00016892641855012817,-0.7068251811053662,0.7073882691671997,-1.8204755433160988,1
0.700526800006628,76,0,3,2.5757359649182305,0.00016892641855012817,2.9998310735814497,-0.42426403508176974,-0.7073882691672001,-0.7068251811053656,-1.8221648075016004,1
0.700526800006628,76,1,0,5.99983107358145,-0.42426403508176974,6.4242640350817695,-0.00016892641855012817,0.7068251811053662,-0.7073882691671997,4.540951086632197,1
0.700526800006628,76,1,1,6.4242640350817695,-0.00016892641855012817,6.00016892641855,0.42426403508176974,0.7073882691672001,0.7068251811053656,4.544329615003201,1
0.700526800006628,76,1,2,6.00016892641855,0.42426403508176974,5.5757359649182305,0.00016892641855012817,-0.7068251811053662,0.7073882691671997,-3.9409510866321975,1
0.700526800006628,76,1,3,5.5757359649182305,0.00016892641855012817,5.99983107358145,-0.42426403508176974,-0.7073882691672001,-0.7068251811053656,-3.9443296150032006,1
0.770368600031361,82,0,0,2.9998310735814497,-0.42426403508176974,3.4242640350817695,-0.00016892641855012817,0.7068251811053662,-0.7073882691671997,2.4204755433160985,1
0.770368600031361,82,0,1,3.4242640350817695,-0.00016892641855012817,3.0001689264185503,0.42426403508176974,0.7073882691672001,0.7068251811053656,2.4221648075016002,1
0.770368600031361,82,0,2,3.0001689264185503,0.42426403508176974,2.5757359649182305,0.00016892641855012817,-0.7068251811053662,0.7073882691671997,-1.8204755433160988,1
0.770368600031361,82,0,3,2.5757359649182305,0.00016892641855012817,2.9998310735814497,-0.42426403508176974,-0.7073882691672001,-0.7068251811053656,-1.8221648075016004,1
0.770368600031361,82,1,0,5.99983107358145,-0.42426403508176974,6.4242640350817695,-0.00016892641855012817,0.7068251811053662,-0.7073882691671997,4.540951086632197,1
0.770368600031361,82,1,1,6.4242640350817695,-0.00016892641855012817,6.00016892641855,0.42426403508176974,0.7073882691672001,0.7068251811053656,4.544329615003201,1
0.770368600031361,82,1,2,6.00016892641855,0.42426403508176974,5.5757359649182305,0.00016892641855012817,-0.7068251811053662,0.7073882691671997,-3.9409510866321975,1
0.770368600031361,82,1,3,5.5757359649182305,0.00016892641855012817,5.99983107358145,-0.42426403508176974,-0.7073882691672001,-0.7068251811053656,-3.9443296150032006,1
0.8404031000100076,88,0,0,2.9998310735814497,-0.42426403508176974,3.4242640350817695,-0.00016892641855012817,0.7068251811053662,-0.7073882691671997,2.4204755433160985,1
0.8404031000100076,88,0,1,3.4242640350817695,-0.00016892641855012817,3.0001689264185503,0.42426403508176974,0.7073882691672001,0.7068251811053656,2.4221648075016002,1
0.8404031000100076,88,0,2,3.0001689264185503,0.42426403508176974,2.5757359649182305,0.00016892641855012817,-0.7068251811053662,0.7073882691671997,-1.8204755433160988,1
0.8404031000100076,88,0,3,2.5757359649182305,0.00016892641855012817,2.9998310735814497,-0.42426403508176974,-0.7073882691672001,-0.7068251811053656,-1.8221648075016004,1
0.8404031000100076,88,1,0,5.99983107358145,-0.42426403508176974,6.4242640350817695,-0.00016892641855012817,0.7068251811053662,-0.7073882691671997,4.540951086632197,1
0.8404031000100076,88,1,1,6.4242640350817695,-0.00016892641855012817,6.00016892641855,0.42426403508176974,0.7073882691672001,0.7068251811053656,4.544329615003201,1
0.8404031000100076,88,1,2,6.00016892641855,0.42426403508176974,5.5757359649182305,0.00016892641855012817,-0.7068251811053662,0.7073882691671997,-3.9409510866321975,1
0.8404031000100076,88,1,3,5.5757359649182305,0.00016892641855012817,5.99983107358145,-0.42426403508176974,-0.7073882691672001,-0.7068251811053656,-3.9443296150032006,1
0.910411800025031,94,0,0,2.9998310735814497,-0.42426403508176974,3.4242640350817695,-0.00016892641855012817,0.7068251811053662,-0.7073882691671997,2.4204755433160985,1
0.910411800025031,94,0,1,3.4242640350817695,-0.00016892641855012817,3.0001689264185503,0.42426403508176974,0.7073882691672001,0.7068251811053656,2.4221648075016002,1
0.910411800025031,94,0,2,3.0001689264185503,0.42426403508176974,2.5757359649182305,0.00016892641855012817,-0.7068251811053662,0.7073882691671997,-1.8204755433160988,1
0.910411800025031,94,0,3,2.5757359649182305,0.00016892641855012817,2.9998310735814497,-0.42426403508176974,-0.7073882691672001,-0.7068251811053656,-1.8221648075016004,1
0.910411800025031,94,1,0,5.99983107358145,-0.42426403508176974,6.4242640350817695,-0.00016892641855012817,0.7068251811053662,-0.7073882691671997,4.540951086632197,1
0.910411800025031,94,1,1,6.4242640350817695,-0.00016892641855012817,6.00016892641855,0.42426403508176974,0.7073882691672001,0.7068251811053656,4.544329615003201,1
0.910411800025031,94,1,2,6.00016892641855,0.42426403508176974,5.5757359649182305,0.00016892641855012817,-0.7068251811053662,0.7073882691671997,-3.9409510866321975,1
0.910411800025031,94,1,3,5.5757359649182305,0.00016892641855012817,5.99983107358145,-0.42426403508176974,-0.7073882691672001,-0.7068251811053656,-3.9443296150032006,1
0.9804281999822706,101,0,0,2.9998310735814497,-0.42426403508176974,3.4242640350817695,-0.00016892641855012817,0.7068251811053662,-0.7073882691671997,2.4204755433160985,1
0.9804281999822706,101,0,1,3.4242640350817695,-0.00016892641855012817,3.0001689264185503,0.42426403508176974,0.7073882691672001,0.7068251811053656,2.4221648075016002,1
0.9804281999822706,101,0,2,3.0001689264185503,0.42426403508176974,2.5757359649182305,0.00016892641855012817,-0.7068251811053662,0.7073882691671997,-1.8204755433160988,1
0.9804281999822706,101,0,3,2.5757359649182305,0.00016892641855012817,2.9998310735814497,-0.42426403508176974,-0.7073882691672001,-0.7068251811053656,-1.8221648075016004,1
0.9804281999822706,101,1,0,5.99983107358145,-0.42426403508176974,6.4242640350817695,-0.00016892641855012817,0.7068251811053662,-0.7073882691671997,4.540951086632197,1
0.9804281999822706,101,1,1,6.4242640350817695,-0.00016892641855012817,6.00016892641855,0.42426403508176974,0.7073882691672001,0.7068251811053656,4.544329615003201,1
0.9804281999822706,101,1,2,6.00016892641855,0.42426403508176974,5.5757359649182305,0.00016892641855012817,-0.7068251811053662,0.7073882691671997,-3.9409510866321975,1
0.9804281999822706,101,1,3,5.5757359649182305,0.00016892641855012817,5.99983107358145,-0.42426403508176974,-0.7073882691672001,-0.7068251811053656,-3.9443296150032006,1
1.0500595000339672,107,0,0,2.9998310735814497,-0.42426403508176974,3.4242640350817695,-0.00016892641855012817,0.7068251811053662,-0.7073882691671997,2.4204755433160985,1
1.0500595000339672,107,0,1,3.4242640350817695,-0.00016892641855012817,3.0001689264185503,0.42426403508176974,0.7073882691672001,0.7068251811053656,2.4221648075016002,1
1.0500595000339672,107,0,2,3.0001689264185503,0.42426403508176974,2.5757359649182305,0.00016892641855012817,-0.7068251811053662,0.7073882691671997,-1.8204755433160988,1
1.0500595000339672,107,0,3,2.5757359649182305,0.00016892641855012817,2.9998310735814497,-0.42426403508176974,-0.7073882691672001,-0.7068251811053656,-1.8221648075016004,1
1.0500595000339672,107,1,0,5.99983107358145,-0.42426403508176974,6.4242640350817695,-0.00016892641855012817,0.7068251811053662,-0.7073882691671997,4.540951086632197,1
1.0500595000339672,107,1,1,6.4242640350817695,-0.00016892641855012817,6.00016892641855,0.42426403508176974,0.7073882691672001,0.7068251811053656,4.544329615003201,1
1.0500595000339672,107,1,2,6.00016892641855,0.42426403508176974,5.5757359649182305,0.00016892641855012817,-0.7068251811053662,0.7073882691671997,-3.9409510866321975,1
1.0500595000339672,107,1,3,5.5757359649182305,0.00016892641855012817,5.99983107358145,-0.42426403508176974,-0.7073882691672001,-0.7068251811053656,-3.9443296150032006,1
1.1203901000553742,113,0,0,2.9998310735814497,-0.42426403508176974,3.4242640350817695,-0.00016892641855012817,0.7068251811053662,-0.7073882691671997,2.4204755433160985,1
1.1203901000553742,113,0,1,3.4242640350817695,-0.00016892641855012817,3.0001689264185503,0.42426403508176974,0.7073882691672001,0.7068251811053656,2.4221648075016002,1
1.1203901000553742,113,0,2,3.0001689264185503,0.42426403508176974,2.5757359649182305,0.00016892641855012817,-0.7068251811053662,0.7073882691671997,-1.8204755433160988,1
1.1203901000553742,113,0,3,2.5757359649182305,0.00016892641855012817,2.9998310735814497,-0.42426403508176974,-0.7073882691672001,-0.7068251811053656,-1.8221648075016004,1
1.1203901000553742,113,1,0,5.99983107358145,-0.42426403508176974,6.4242640350817695,-0.00016892641855012817,0.7068251811053662,-0.7073882691671997,4.540951086632197,1
1.1203901000553742,113,1,1,6.4242640350817695,-0.00016892641855012817,6.00016892641855,0.42426403508176974,0.7073882691672001,0.7068251811053656,4.544329615003201,1
1.1203901000553742,113,1,2,6.00016892641855,0.42426403508176974,5.5757359649182305,0.00016892641855012817,-0.7068251811053662,0.7073882691671997,-3.9409510866321975,1
1.1203901000553742,113,1,3,5.5757359649182305,0.00016892641855012817,5.99983107358145,-0.42426403508176974,-0.7073882691672001,-0.7068251811053656,-3.9443296150032006,1
1.1901055000489578,120,0,0,2.9998310735814497,-0.42426403508176974,3.4242640350817695,-0.00016892641855012817,0.7068251811053662,-0.7073882691671997,2.4204755433160985,1
1.1901055000489578,120,0,1,3.4242640350817695,-0.00016892641855012817,3.0001689264185503,0.42426403508176974,0.7073882691672001,0.7068251811053656,2.4221648075016002,1
1.1901055000489578,120,0,2,3.0001689264185503,0.42426403508176974,2.5757359649182305,0.00016892641855012817,-0.7068251811053662,0.7073882691671997,-1.8204755433160988,1
1.1901055000489578,120,0,3,2.5757359649182305,0.00016892641855012817,2.9998310735814497,-0.42426403508176974,-0.7073882691672001,-0.7068251811053656,-1.8221648075016004,1
1.1901055000489578,120,1,0,5.99983107358145,-0.42426403508176974,6.4242640350817695,-0.00016892641855012817,0.7068251811053662,-0.7073882691671997,4.540951086632197,1
1.1901055000489578,120,1,1,6.4242640350817695,-0.00016892641855012817,6.00016892641855,0.42426403508176974,0.7073882691672001,0.7068251811053656,4.544329615003201,1
1.1901055000489578,120,1,2,6.00016892641855,0.42426403508176974,5.5757359649182305,0.00016892641855012817,-0.7068251811053662,0.7073882691671997,-3.9409510866321975,1
1.1901055000489578,120,1,3,5.5757359649182305,0.00016892641855012817,5.99983107358145,-0.42426403508176974,-0.7073882691672001,-0.7068251811053656,-3.9443296150032006,1
1.2602531999582425,129,0,0,2.9998310735814497,-0.42426403508176974,3.4242640350817695,-0.00016892641855012817,0.7068251811053662,-0.7073882691671997,2.4204755433160985,1
1.2602531999582425,129,0,1,3.4242640350817695,-0.00016892641855012817,3.0001689264185503,0.42426403508176974,0.7073882691672001,0.7068251811053656,2.4221648075016002,1
1.2602531999582425,129,0,2,3.0001689264185503,0.42426403508176974,2.5757359649182305,0.00016892641855012817,-0.7068251811053662,0.7073882691671997,-1.8204755433160988,1
1.2602531999582425,129,0,3,2.5757359649182305,0.00016892641855012817,2.9998310735814497,-0.42426403508176974,-0.7073882691672001,-0.7068251811053656,-1.8221648075016004,1
1.2602531999582425,129,1,0,5.99983107358145,-0.42426403508176974,6.4242640350817695,-0.00016892641855012817,0.7068251811053662,-0.7073882691671997,4.540951086632197,1
1.2602531999582425,129,1,1,6.4242640350817695,-0.00016892641855012817,6.00016892641855,0.42426403508176974,0.7073882691672001,0.7068251811053656,4.544329615003201,1
1.2602531999582425,129,1,2,6.00016892641855,0.42426403508176974,5.5757359649182305,0.00016892641855012817,-0.7068251811053662,0.7073882691671997,-3.9409510866321975,1
1.2602531999582425,129,1,3,5.5757359649182305,0.00016892641855012817,5.99983107358145,-0.42426403508176974,-0.7073882691672001,-0.7068251811053656,-3.9443296150032006,1
1.3592217999976128,139,0,0,2.9998310735814497,-0.42426403508176974,3.4242640350817695,-0.00016892641855012817,0.7068251811053662,-0.7073882691671997,2.4204755433160985,1
1.3592217999976128,139,0,1,3.4242640350817695,-0.00016892641855012817,3.0001689264185503,0.42426403508176974,0.7073882691672001,0.7068251811053656,2.4221648075016002,1
1.3592217999976128,139,0,2,3.0001689264185503,0.42426403508176974,2.5757359649182305,0.00016892641855012817,-0.7068251811053662,0.7073882691671997,-1.8204755433160988,1
1.3592217999976128,139,0,3,2.5757359649182305,0.00016892641855012817,2.9998310735814497,-0.42426403508176974,-0.7073882691672001,-0.7068251811053656,-1.8221648075016004,1
1.3592217999976128,139,1,0,5.99983107358145,-0.42426403508176974,6.4242640350817695,-0.00016892641855012817,0.7068251811053662,-0.7073882691671997,4.540951086632197,1
1.3592217999976128,139,1,1,6.4242640350817695,-0.00016892641855012817,6.00016892641855,0.42426403508176974,0.7073882691672001,0.7068251811053656,4.544329615003201,1
1.3592217999976128,139,1,2,6.00016892641855,0.42426403508176974,5.5757359649182305,0.00016892641855012817,-0.7068251811053662,0.7073882691671997,-3.9409510866321975,1
1.3592217999976128,139,1,3,5.5757359649182305,0.00016892641855012817,5.99983107358145,-0.42426403508176974,-0.7073882691672001,-0.7068251811053656,-3.9443296150032006,1
1.4591877000639215,149,0,0,2.9998310735814497,-0.42426403508176974,3.4242640350817695,-0.00016892641855012817,0.7068251811053662,-0.7073882691671997,2.4204755433160985,1
1.4591877000639215,149,0,1,3.4242640350817695,-0.00016892641855012817,3.0001689264185503,0.42426403508176974,0.7073882691672001,0.7068251811053656,2.4221648075016002,1
1.4591877000639215,149,0,2,3.0001689264185503,0.42426403508176974,2.5757359649182305,0.00016892641855012817,-0.7068251811053662,0.7073882691671997,-1.8204755433160988,1
1.4591877000639215,149,0,3,2.5757359649182305,0.00016892641855012817,2.9998310735814497,-0.42426403508176974,-0.7073882691672001,-0.7068251811053656,-1.8221648075016004,1
1.4591877000639215,149,1,0,5.99983107358145,-0.42426403508176974,6.4242640350817695,-0.00016892641855012817,0.7068251811053662,-0.7073882691671997,4.540951086632197,1
1.4591877000639215,149,1,1,6.4242640350817695,-0.00016892641855012817,6.00016892641855,0.42426403508176974,0.7073882691672001,0.7068251811053656,4.544329615003201,1
1.4591877000639215,149,1,2,6.00016892641855,0.42426403508176974,5.5757359649182305,0.00016892641855012817,-0.7068251811053662,0.7073882691671997,-3.9409510866321975,1
1.4591877000639215,149,1,3,5.5757359649182305,0.00016892641855012817,5.99983107358145,-0.42426403508176974,-0.7073882691672001,-0.7068251811053656,-3.9443296150032006,1
1.5592602000106126,158,0,0,2.9998310735814497,-0.42426403508176974,3.4242640350817695,-0.00016892641855012817,0.7068251811053662,-0.7073882691671997,2.4204755433160985,1
1.5592602000106126,158,0,1,3.4242640350817695,-0.00016892641855012817,3.0001689264185503,0.42426403508176974,0.7073882691672001,0.7068251811053656,2.4221648075016002,1
1.5592602000106126,158,0,2,3.0001689264185503,0.42426403508176974,2.5757359649182305,0.00016892641855012817,-0.7068251811053662,0.7073882691671997,-1.8204755433160988,1
1.5592602000106126,158,0,3,2.5757359649182305,0.00016892641855012817,2.9998310735814497,-0.42426403508176974,-0.7073882691672001,-0.7068251811053656,-1.8221648075016004,1
1.5592602000106126,158,1,0,5.99983107358145,-0.42426403508176974,6.4242640350817695,-0.00016892641855012817,0.7068251811053662,-0.7073882691671997,4.540951086632197,1
1.5592602000106126,158,1,1,6.4242640350817695,-0.00016892641855012817,6.00016892641855,0.42426403508176974,0.7073882691672001,0.7068251811053656,4.544329615003201,1
1.5592602000106126,158,1,2,6.00016892641855,0.42426403508176974,5.5757359649182305,0.00016892641855012817,-0.7068251811053662,0.7073882691671997,-3.9409510866321975,1
1.5592602000106126,158,1,3,5.5757359649182305,0.00016892641855012817,5.99983107358145,-0.42426403508176974,-0.7073882691672001,-0.7068251811053656,-3.9443296150032006,1
1.6592088000616059,169,0,0,2.9998310735814497,-0.42426403508176974,3.4242640350817695,-0.00016892641855012817,0.7068251811053662,-0.7073882691671997,2.4204755433160985,1
1.6592088000616059,169,0,1,3.4242640350817695,-0.00016892641855012817,3.0001689264185503,0.42426403508176974,0.7073882691672001,0.7068251811053656,2.4221648075016002,1
1.6592088000616059,169,0,2,3.0001689264185503,0.42426403508176974,2.5757359649182305,0.00016892641855012817,-0.7068251811053662,0.7073882691671997,-1.8204755433160988,1
1.6592088000616059,169,0,3,2.5757359649182305,0.00016892641855012817,2.9998310735814497,-0.42426403508176974,-0.7073882691672001,-0.7068251811053656,-1.8221648075016004,1
1.6592088000616059,169,1,0,5.99983107358145,-0.42426403508176974,6.4242640350817695,-0.00016892641855012817,0.7068251811053662,-0.7073882691671997,4.540951086632197,1
1.6592088000616059,169,1,1,6.4242640350817695,-0.00016892641855012817,6.00016892641855,0.42426403508176974,0.7073882691672001,0.7068251811053656,4.544329615003201,1
1.6592088000616059,169,1,2,6.00016892641855,0.42426403508176974,5.5757359649182305,0.00016892641855012817,-0.7068251811053662,0.7073882691671997,-3.9409510866321975,1
1.6592088000616059,169,1,3,5.5757359649182305,0.00016892641855012817,5.99983107358145,-0.42426403508176974,-0.7073882691672001,-0.7068251811053656,-3.9443296150032006,1
1.7592810000060126,179,0,0,2.9998310735814497,-0.42426403508176974,3.4242640350817695,-0.00016892641855012817,0.7068251811053662,-0.7073882691671997,2.4204755433160985,1
1.7592810000060126,179,0,1,3.4242640350817695,-0.00016892641855012817,3.0001689264185503,0.42426403508176974,0.7073882691672001,0.7068251811053656,2.4221648075016002,1
1.7592810000060126,179,0,2,3.0001689264185503,0.42426403508176974,2.5757359649182305,0.00016892641855012817,-0.7068251811053662,0.7073882691671997,-1.8204755433160988,1
1.7592810000060126,179,0,3,2.5757359649182305,0.00016892641855012817,2.9998310735814497,-0.42426403508176974,-0.7073882691672001,-0.7068251811053656,-1.8221648075016004,1
1.7592810000060126,179,1,0,5.99983107358145,-0.42426403508176974,6.4242640350817695,-0.00016892641855012817,0.7068251811053662,-0.7073882691671997,4.540951086632197,1
1.7592810000060126,179,1,1,6.4242640350817695,-0.00016892641855012817,6.00016892641855,0.42426403508176974,0.7073882691672001,0.7068251811053656,4.544329615003201,1
1.7592810000060126,179,1,2,6.00016892641855,0.42426403508176974,5.5757359649182305,0.00016892641855012817,-0.7068251811053662,0.7073882691671997,-3.9409510866321975,1
1.7592810000060126,179,1,3,5.5757359649182305,0.00016892641855012817,5.99983107358145,-0.42426403508176974,-0.7073882691672001,-0.7068251811053656,-3.9443296150032006,1
1.8591824000468478,189,0,0,2.9998310735814497,-0.42426403508176974,3.4242640350817695,-0.00016892641855012817,0.7068251811053662,-0.7073882691671997,2.4204755433160985,1
1.8591824000468478,189,0,1,3.4242640350817695,-0.00016892641855012817,3.0001689264185503,0.42426403508176974,0.7073882691672001,0.7068251811053656,2.4221648075016002,1
1.8591824000468478,189,0,2,3.0001689264185503,0.42426403508176974,2.5757359649182305,0.00016892641855012817,-0.7068251811053662,0.7073882691671997,-1.8204755433160988,1
1.8591824000468478,189,0,3,2.5757359649182305,0.00016892641855012817,2.9998310735814497,-0.42426403508176974,-0.7073882691672001,-0.7068251811053656,-1.8221648075016004,1
1.8591824000468478,189,1,0,5.99983107358145,-0.42426403508176974,6.4242640350817695,-0.00016892641855012817,0.7068251811053662,-0.7073882691671997,4.540951086632197,1
1.8591824000468478,189,1,1,6.4242640350817695,-0.00016892641855012817,6.00016892641855,0.42426403508176974,0.7073882691672001,0.7068251811053656,4.544329615003201,1
1.8591824000468478,189,1,2,6.00016892641855,0.42426403508176974,5.5757359649182305,0.00016892641855012817,-0.7068251811053662,0.7073882691671997,-3.9409510866321975,1
1.8591824000468478,189,1,3,5.5757359649182305,0.00016892641855012817,5.99983107358145,-0.42426403508176974,-0.7073882691672001,-0.7068251811053656,-3.9443296150032006,1
1.9591845000395551,199,0,0,2.9998310735814497,-0.42426403508176974,3.4242640350817695,-0.00016892641855012817,0.7068251811053662,-0.7073882691671997,2.4204755433160985,1
1.9591845000395551,199,0,1,3.4242640350817695,-0.00016892641855012817,3.0001689264185503,0.42426403508176974,0.7073882691672001,0.7068251811053656,2.4221648075016002,1
1.9591845000395551,199,0,2,3.0001689264185503,0.42426403508176974,2.5757359649182305,0.00016892641855012817,-0.7068251811053662,0.7073882691671997,-1.8204755433160988,1
1.9591845000395551,199,0,3,2.5757359649182305,0.00016892641855012817,2.9998310735814497,-0.42426403508176974,-0.7073882691672001,-0.7068251811053656,-1.8221648075016004,1
1.9591845000395551,199,1,0,5.99983107358145,-0.42426403508176974,6.4242640350817695,-0.00016892641855012817,0.7068251811053662,-0.7073882691671997,4.540951086632197,1
1.9591845000395551,199,1,1,6.4242640350817695,-0.00016892641855012817,6.00016892641855,0.42426403508176974,0.7073882691672001,0.7068251811053656,4.544329615003201,1
1.9591845000395551,199,1,2,6.00016892641855,0.42426403508176974,5.5757359649182305,0.00016892641855012817,-0.7068251811053662,0.7073882691671997,-3.9409510866321975,1
1.9591845000395551,199,1,3,5.5757359649182305,0.00016892641855012817,5.99983107358145,-0.42426403508176974,-0.7073882691672001,-0.7068251811053656,-3.9443296150032006,1
2.0592016000300646,209,0,0,2.9998310735814497,-0.42426403508176974,3.4242640350817695,-0.00016892641855012817,0.7068251811053662,-0.7073882691671997,2.4204755433160985,1
2.0592016000300646,209,0,1,3.4242640350817695,-0.00016892641855012817,3.0001689264185503,0.42426403508176974,0.7073882691672001,0.7068251811053656,2.4221648075016002,1
2.0592016000300646,209,0,2,3.0001689264185503,0.42426403508176974,2.5757359649182305,0.00016892641855012817,-0.7068251811053662,0.7073882691671997,-1.8204755433160988,1
2.0592016000300646,209,0,3,2.5757359649182305,0.00016892641855012817,2.9998310735814497,-0.42426403508176974,-0.7073882691672001,-0.7068251811053656,-1.8221648075016004,1
2.0592016000300646,209,1,0,5.99983107358145,-0.42426403508176974,6.4242640350817695,-0.00016892641855012817,0.7068251811053662,-0.7073882691671997,4.540951086632197,1
2.0592016000300646,209,1,1,6.4242640350817695,-0.00016892641855012817,6.00016892641855,0.42426403508176974,0.7073882691672001,0.7068251811053656,4.544329615003201,1
2.0592016000300646,209,1,2,6.00016892641855,0.42426403508176974,5.5757359649182305,0.00016892641855012817,-0.7068251811053662,0.7073882691671997,-3.9409510866321975,1
2.0592016000300646,209,1,3,5.5757359649182305,0.00016892641855012817,5.99983107358145,-0.42426403508176974,-0.7073882691672001,-0.7068251811053656,-3.9443296150032006,1
2.1591463000513613,219,0,0,2.9998310735814497,-0.42426403508176974,3.4242640350817695,-0.00016892641855012817,0.7068251811053662,-0.7073882691671997,2.4204755433160985,1
2.1591463000513613,219,0,1,3.4242640350817695,-0.00016892641855012817,3.0001689264185503,0.42426403508176974,0.7073882691672001,0.7068251811053656,2.4221648075016002,1
2.1591463000513613,219,0,2,3.0001689264185503,0.42426403508176974,2.5757359649182305,0.00016892641855012817,-0.7068251811053662,0.7073882691671997,-1.8204755433160988,1
2.1591463000513613,219,0,3,2.5757359649182305,0.00016892641855012817,2.9998310735814497,-0.42426403508176974,-0.7073882691672001,-0.7068251811053656,-1.8221648075016004,1
2.1591463000513613,219,1,0,5.99983107358145,-0.42426403508176974,6.4242640350817695,-0.00016892641855012817,0.7068251811053662,-0.7073882691671997,4.540951086632197,1
2.1591463000513613,219,1,1,6.4242640350817695,-0.00016892641855012817,6.00016892641855,0.42426403508176974,0.7073882691672001,0.7068251811053656,4.544329615003201,1
2.1591463000513613,219,1,2,6.00016892641855,0.42426403508176974,5.5757359649182305,0.00016892641855012817,-0.7068251811053662,0.7073882691671997,-3.9409510866321975,1
2.1591463000513613,219,1,3,5.5757359649182305,0.00016892641855012817,5.99983107358145,-0.42426403508176974,-0.7073882691672001,-0.7068251811053656,-3.9443296150032006,1
2.259125299984589,228,0,0,2.9998310735814497,-0.42426403508176974,3.4242640350817695,-0.00016892641855012817,0.7068251811053662,-0.7073882691671997,2.4204755433160985,1
2.259125299984589,228,0,1,3.4242640350817695,-0.00016892641855012817,3.0001689264185503,0.42426403508176974,0.7073882691672001,0.7068251811053656,2.4221648075016002,1
2.259125299984589,228,0,2,3.0001689264185503,0.42426403508176974,2.5757359649182305,0.00016892641855012817,-0.7068251811053662,0.7073882691671997,-1.8204755433160988,1
2.259125299984589,228,0,3,2.5757359649182305,0.00016892641855012817,2.9998310735814497,-0.42426403508176974,-0.7073882691672001,-0.7068251811053656,-1.8221648075016004,1
2.259125299984589,228,1,0,5.99983107358145,-0.42426403508176974,6.4242640350817695,-0.00016892641855012817,0.7068251811053662,-0.7073882691671997,4.540951086632197,1
2.259125299984589,228,1,1,6.4242640350817695,-0.00016892641855012817,6.00016892641855,0.42426403508176974,0.7073882691672001,0.7068251811053656,4.544329615003201,1
2.259125299984589,228,1,2,6.00016892641855,0.42426403508176974,5.5757359649182305,0.00016892641855012817,-0.7068251811053662,0.7073882691671997,-3.9409510866321975,1
2.259125299984589,228,1,3,5.5757359649182305,0.00016892641855012817,5.99983107358145,-0.42426403508176974,-0.7073882691672001,-0.7068251811053656,-3.9443296150032006,1
2.3591493000276387,235,0,0,2.9998310735814497,-0.42426403508176974,3.4242640350817695,-0.00016892641855012817,0.7068251811053662,-0.7073882691671997,2.4204755433160985,1
2.3591493000276387,235,0,1,3.4242640350817695,-0.00016892641855012817,3.0001689264185503,0.42426403508176974,0.7073882691672001,0.7068251811053656,2.4221648075016002,1
2.3591493000276387,235,0,2,3.0001689264185503,0.42426403508176974,2.5757359649182305,0.00016892641855012817,-0.7068251811053662,0.7073882691671997,-1.8204755433160988,1
2.3591493000276387,235,0,3,2.5757359649182305,0.00016892641855012817,2.9998310735814497,-0.42426403508176974,-0.7073882691672001,-0.7068251811053656,-1.8221648075016004,1
2.3591493000276387,235,1,0,5.99983107358145,-0.42426403508176974,6.4242640350817695,-0.00016892641855012817,0.7068251811053662,-0.7073882691671997,4.540951086632197,1
2.3591493000276387,235,1,1,6.4242640350817695,-0.00016892641855012817,6.00016892641855,0.42426403508176974,0.7073882691672001,0.7068251811053656,4.544329615003201,1
2.3591493000276387,235,1,2,6.00016892641855,0.42426403508176974,5.5757359649182305,0.00016892641855012817,-0.7068251811053662,0.7073882691671997,-3.9409510866321975,1
2.3591493000276387,235,1,3,5.5757359649182305,0.00016892641855012817,5.99983107358145,-0.42426403508176974,-0.7073882691672001,-0.7068251811053656,-3.9443296150032006,1
2.4591522000264376,241,0,0,2.9998310735814497,-0.42426403508176974,3.4242640350817695,-0.00016892641855012817,0.7068251811053662,-0.7073882691671997,2.4204755433160985,1
2.4591522000264376,241,0,1,3.4242640350817695,-0.00016892641855012817,3.0001689264185503,0.42426403508176974,0.7073882691672001,0.7068251811053656,2.4221648075016002,1
2.4591522000264376,241,0,2,3.0001689264185503,0.42426403508176974,2.5757359649182305,0.00016892641855012817,-0.7068251811053662,0.7073882691671997,-1.8204755433160988,1
2.4591522000264376,241,0,3,2.5757359649182305,0.00016892641855012817,2.9998310735814497,-0.42426403508176974,-0.7073882691672001,-0.7068251811053656,-1.8221648075016004,1
2.4591522000264376,241,1,0,5.99983107358145,-0.42426403508176974,6.4242640350817695,-0.00016892641855012817,0.7068251811053662,-0.7073882691671997,4.540951086632197,1
2.4591522000264376,241,1,1,6.4242640350817695,-0.00016892641855012817,6.00016892641855,0.42426403508176974,0.7073882691672001,0.7068251811053656,4.544329615003201,1
2.4591522000264376,241,1,2,6.00016892641855,0.42426403508176974,5.5757359649182305,0.00016892641855012817,-0.7068251811053662,0.7073882691671997,-3.9409510866321975,1
2.4591522000264376,241,1,3,5.5757359649182305,0.00016892641855012817,5.99983107358145,-0.42426403508176974,-0.7073882691672001,-0.7068251811053656,-3.9443296150032006,1
2.559155400027521,247,0,0,2.9998310735814497,-0.42426403508176974,3.4242640350817695,-0.00016892641855012817,0.7068251811053662,-0.7073882691671997,2.4204755433160985,1
2.559155400027521,247,0,1,3.4242640350817695,-0.00016892641855012817,3.0001689264185503,0.42426403508176974,0.7073882691672001,0.7068251811053656,2.4221648075016002,1
2.559155400027521,247,0,2,3.0001689264185503,0.42426403508176974,2.5757359649182305,0.00016892641855012817,-0.7068251811053662,0.7073882691671997,-1.8204755433160988,1
2.559155400027521,247,0,3,2.5757359649182305,0.00016892641855012817,2.9998310735814497,-0.42426403508176974,-0.7073882691672001,-0.7068251811053656,-1.8221648075016004,1
2.559155400027521,247,1,0,5.99983107358145,-0.42426403508176974,6.4242640350817695,-0.00016892641855012817,0.7068251811053662,-0.7073882691671997,4.540951086632197,1
2.559155400027521,247,1,1,6.4242640350817695,-0.00016892641855012817,6.00016892641855,0.42426403508176974,0.7073882691672001,0.7068251811053656,4.544329615003201,1
2.559155400027521,247,1,2,6.00016892641855,0.42426403508176974,5.5757359649182305,0.00016892641855012817,-0.7068251811053662,0.7073882691671997,-3.9409510866321975,1
2.559155400027521,247,1,3,5.5757359649182305,0.00016892641855012817,5.99983107358145,-0.42426403508176974,-0.7073882691672001,-0.7068251811053656,-3.9443296150032006,1
2.659156300011091,254,0,0,2.9998310735814497,-0.42426403508176974,3.4242640350817695,-0.00016892641855012817,0.7068251811053662,-0.7073882691671997,2.4204755433160985,1
2.659156300011091,254,0,1,3.4242640350817695,-0.00016892641855012817,3.0001689264185503,0.42426403508176974,0.7073882691672001,0.7068251811053656,2.4221648075016002,1
2.659156300011091,254,0,2,3.0001689264185503,0.42426403508176974,2.5757359649182305,0.00016892641855012817,-0.7068251811053662,0.7073882691671997,-1.8204755433160988,1
2.659156300011091,254,0,3,2.5757359649182305,0.00016892641855012817,2.9998310735814497,-0.42426403508176974,-0.7073882691672001,-0.7068251811053656,-1.8221648075016004,1
2.659156300011091,254,1,0,5.99983107358145,-0.42426403508176974,6.4242640350817695,-0.00016892641855012817,0.7068251811053662,-0.7073882691671997,4.540951086632197,1
2.659156300011091,254,1,1,6.4242640350817695,-0.00016892641855012817,6.00016892641855,0.42426403508176974,0.7073882691672001,0.7068251811053656,4.544329615003201,1
2.659156300011091,254,1,2,6.00016892641855,0.42426403508176974,5.5757359649182305,0.00016892641855012817,-0.7068251811053662,0.7073882691671997,-3.9409510866321975,1
2.659156300011091,254,1,3,5.5757359649182305,0.00016892641855012817,5.99983107358145,-0.42426403508176974,-0.7073882691672001,-0.7068251811053656,-3.9443296150032006,1
2.7591706999810413,260,0,0,2.9998310735814497,-0.42426403508176974,3.4242640350817695,-0.00016892641855012817,0.7068251811053662,-0.7073882691671997,2.4204755433160985,1
2.7591706999810413,260,0,1,3.4242640350817695,-0.00016892641855012817,3.0001689264185503,0.42426403508176974,0.7073882691672001,0.7068251811053656,2.4221648075016002,1
2.7591706999810413,260,0,2,3.0001689264185503,0.42426403508176974,2.5757359649182305,0.00016892641855012817,-0.7068251811053662,0.7073882691671997,-1.8204755433160988,1
2.7591706999810413,260,0,3,2.5757359649182305,0.00016892641855012817,2.9998310735814497,-0.42426403508176974,-0.7073882691672001,-0.7068251811053656,-1.8221648075016004,1
2.7591706999810413,260,1,0,5.99983107358145,-0.42426403508176974,6.4242640350817695,-0.00016892641855012817,0.7068251811053662,-0.7073882691671997,4.540951086632197,1
2.7591706999810413,260,1,1,6.4242640350817695,-0.00016892641855012817,6.00016892641855,0.42426403508176974,0.7073882691672001,0.7068251811053656,4.544329615003201,1
2.7591706999810413,260,1,2,6.00016892641855,0.42426403508176974,5.5757359649182305,0.00016892641855012817,-0.7068251811053662,0.7073882691671997,-3.9409510866321975,1
2.7591706999810413,260,1,3,5.5757359649182305,0.00016892641855012817,5.99983107358145,-0.42426403508176974,-0.7073882691672001,-0.7068251811053656,-3.9443296150032006,1
2.8591935000149533,266,0,0,2.9998310735814497,-0.42426403508176974,3.4242640350817695,-0.00016892641855012817,0.7068251811053662,-0.7073882691671997,2.4204755433160985,1
2.8591935000149533,266,0,1,3.4242640350817695,-0.00016892641855012817,3.0001689264185503,0.42426403508176974,0.7073882691672001,0.7068251811053656,2.4221648075016002,1
2.8591935000149533,266,0,2,3.0001689264185503,0.42426403508176974,2.5757359649182305,0.00016892641855012817,-0.7068251811053662,0.7073882691671997,-1.8204755433160988,1
2.8591935000149533,266,0,3,2.5757359649182305,0.00016892641855012817,2.9998310735814497,-0.42426403508176974,-0.7073882691672001,-0.7068251811053656,-1.8221648075016004,1
2.8591935000149533,266,1,0,5.99983107358145,-0.42426403508176974,6.4242640350817695,-0.00016892641855012817,0.7068251811053662,-0.7073882691671997,4.540951086632197,1
2.8591935000149533,266,1,1,6.4242640350817695,-0.00016892641855012817,6.00016892641855,0.42426403508176974,0.7073882691672001,0.7068251811053656,4.544329615003201,1
2.8591935000149533,266,1,2,6.00016892641855,0.42426403508176974,5.5757359649182305,0.00016892641855012817,-0.7068251811053662,0.7073882691671997,-3.9409510866321975,1
2.8591935000149533,266,1,3,5.5757359649182305,0.00016892641855012817,5.99983107358145,-0.42426403508176974,-0.7073882691672001,-0.7068251811053656,-3.9443296150032006,1
2.9594931000610813,271,0,0,2.9998310735814497,-0.42426403508176974,3.4242640350817695,-0.00016892641855012817,0.7068251811053662,-0.7073882691671997,2.4204755433160985,1
2.9594931000610813,271,0,1,3.4242640350817695,-0.00016892641855012817,3.0001689264185503,0.42426403508176974,0.7073882691672001,0.7068251811053656,2.4221648075016002,1
2.9594931000610813,271,0,2,3.0001689264185503,0.42426403508176974,2.5757359649182305,0.00016892641855012817,-0.7068251811053662,0.7073882691671997,-1.8204755433160988,1
2.9594931000610813,271,0,3,2.5757359649182305,0.00016892641855012817,2.9998310735814497,-0.42426403508176974,-0.7073882691672001,-0.7068251811053656,-1.8221648075016004,1
2.9594931000610813,271,1,0,5.99983107358145,-0.42426403508176974,6.4242640350817695,-0.00016892641855012817,0.7068251811053662,-0.7073882691671997,4.540951086632197,1
2.9594931000610813,271,1,1,6.4242640350817695,-0.00016892641855012817,6.00016892641855,0.42426403508176974,0.7073882691672001,0.7068251811053656,4.544329615003201,1
2.9594931000610813,271,1,2,6.00016892641855,0.42426403508176974,5.5757359649182305,0.00016892641855012817,-0.7068251811053662,0.7073882691671997,-3.9409510866321975,1
2.9594931000610813,271,1,3,5.5757359649182305,0.00016892641855012817,5.99983107358145,-0.42426403508176974,-0.7073882691672001,-0.7068251811053656,-3.9443296150032006,1
3.059177799965255,275,0,0,2.9998310735814497,-0.42426403508176974,3.4242640350817695,-0.00016892641855012817,0.7068251811053662,-0.7073882691671997,2.4204755433160985,1
3.059177799965255,275,0,1,3.4242640350817695,-0.00016892641855012817,3.0001689264185503,0.42426403508176974,0.7073882691672001,0.7068251811053656,2.4221648075016002,1
3.059177799965255,275,0,2,3.0001689264185503,0.42426403508176974,2.5757359649182305,0.00016892641855012817,-0.7068251811053662,0.7073882691671997,-1.8204755433160988,1
3.059177799965255,275,0,3,2.5757359649182305,0.00016892641855012817,2.9998310735814497,-0.42426403508176974,-0.7073882691672001,-0.7068251811053656,-1.8221648075016004,1
3.059177799965255,275,1,0,5.99983107358145,-0.42426403508176974,6.4242640350817695,-0.00016892641855012817,0.7068251811053662,-0.7073882691671997,4.540951086632197,1
3.059177799965255,275,1,1,6.4242640350817695,-0.00016892641855012817,6.00016892641855,0.42426403508176974,0.7073882691672001,0.7068251811053656,4.544329615003201,1
3.059177799965255,275,1,2,6.00016892641855,0.42426403508176974,5.5757359649182305,0.00016892641855012817,-0.7068251811053662,0.7073882691671997,-3.9409510866321975,1
3.059177799965255,275,1,3,5.5757359649182305,0.00016892641855012817,5.99983107358145,-0.42426403508176974,-0.7073882691672001,-0.7068251811053656,-3.9443296150032006,1
3.1258189999498427,278,0,0,2.9998310735814497,-0.42426403508176974,3.4242640350817695,-0.00016892641855012817,0.7068251811053662,-0.7073882691671997,2.4204755433160985,1
3.1258189999498427,278,0,1,3.4242640350817695,-0.00016892641855012817,3.0001689264185503,0.42426403508176974,0.7073882691672001,0.7068251811053656,2.4221648075016002,1
3.1258189999498427,278,0,2,3.0001689264185503,0.42426403508176974,2.5757359649182305,0.00016892641855012817,-0.7068251811053662,0.7073882691671997,-1.8204755433160988,1
3.1258189999498427,278,0,3,2.5757359649182305,0.00016892641855012817,2.9998310735814497,-0.42426403508176974,-0.7073882691672001,-0.7068251811053656,-1.8221648075016004,1
3.1258189999498427,278,1,0,5.99983107358145,-0.42426403508176974,6.4242640350817695,-0.00016892641855012817,0.7068251811053662,-0.7073882691671997,4.540951086632197,1
3.1258189999498427,278,1,1,6.4242640350817695,-0.00016892641855012817,6.00016892641855,0.42426403508176974,0.7073882691672001,0.7068251811053656,4.544329615003201,1
3.1258189999498427,278,1,2,6.00016892641855,0.42426403508176974,5.5757359649182305,0.00016892641855012817,-0.7068251811053662,0.7073882691671997,-3.9409510866321975,1
3.1258189999498427,278,1,3,5.5757359649182305,0.00016892641855012817,5.99983107358145,-0.42426403508176974,-0.7073882691672001,-0.7068251811053656,-3.9443296150032006,1
3.192548800026998,282,0,0,2.9998310735814497,-0.42426403508176974,3.4242640350817695,-0.00016892641855012817,0.7068251811053662,-0.7073882691671997,2.4204755433160985,1
3.192548800026998,282,0,1,3.4242640350817695,-0.00016892641855012817,3.0001689264185503,0.42426403508176974,0.7073882691672001,0.7068251811053656,2.4221648075016002,1
3.192548800026998,282,0,2,3.0001689264185503,0.42426403508176974,2.5757359649182305,0.00016892641855012817,-0.7068251811053662,0.7073882691671997,-1.8204755433160988,1
3.192548800026998,282,0,3,2.5757359649182305,0.00016892641855012817,2.9998310735814497,-0.42426403508176974,-0.7073882691672001,-0.7068251811053656,-1.8221648075016004,1
3.192548800026998,282,1,0,5.99983107358145,-0.42426403508176974,6.4242640350817695,-0.00016892641855012817,0.7068251811053662,-0.7073882691671997,4.540951086632197,1
3.192548800026998,282,1,1,6.4242640350817695,-0.00016892641855012817,6.00016892641855,0.42426403508176974,0.7073882691672001,0.7068251811053656,4.544329615003201,1
3.192548800026998,282,1,2,6.00016892641855,0.42426403508176974,5.5757359649182305,0.00016892641855012817,-0.7068251811053662,0.7073882691671997,-3.9409510866321975,1
3.192548800026998,282,1,3,5.5757359649182305,0.00016892641855012817,5.99983107358145,-0.42426403508176974,-0.7073882691672001,-0.7068251811053656,-3.9443296150032006,1
3.2591689999680966,286,0,0,2.9998310735814497,-0.42426403508176974,3.4242640350817695,-0.00016892641855012817,0.7068251811053662,-0.7073882691671997,2.4204755433160985,1
3.2591689999680966,286,0,1,3.4242640350817695,-0.00016892641855012817,3.0001689264185503,0.42426403508176974,0.7073882691672001,0.7068251811053656,2.4221648075016002,1
3.2591689999680966,286,0,2,3.0001689264185503,0.42426403508176974,2.5757359649182305,0.00016892641855012817,-0.7068251811053662,0.7073882691671997,-1.8204755433160988,1
3.2591689999680966,286,0,3,2.5757359649182305,0.00016892641855012817,2.9998310735814497,-0.42426403508176974,-0.7073882691672001,-0.7068251811053656,-1.8221648075016004,1
3.2591689999680966,286,1,0,5.99983107358145,-0.42426403508176974,6.4242640350817695,-0.00016892641855012817,0.7068251811053662,-0.7073882691671997,4.540951086632197,1
3.2591689999680966,286,1,1,6.4242640350817695,-0.00016892641855012817,6.00016892641855,0.42426403508176974,0.7073882691672001,0.7068251811053656,4.544329615003201,1
3.2591689999680966,286,1,2,6.00016892641855,0.42426403508176974,5.5757359649182305,0.00016892641855012817,-0.7068251811053662,0.7073882691671997,-3.9409510866321975,1
3.2591689999680966,286,1,3,5.5757359649182305,0.00016892641855012817,5.99983107358145,-0.42426403508176974,-0.7073882691672001,-0.7068251811053656,-3.9443296150032006,1
3.3258809000253677,290,0,0,2.9998310735814497,-0.42426403508176974,3.4242640350817695,-0.00016892641855012817,0.7068251811053662,-0.7073882691671997,2.4204755433160985,1
3.3258809000253677,290,0,1,3.4242640350817695,-0.00016892641855012817,3.0001689264185503,0.42426403508176974,0.7073882691672001,0.7068251811053656,2.4221648075016002,1
3.3258809000253677,290,0,2,3.0001689264185503,0.42426403508176974,2.5757359649182305,0.00016892641855012817,-0.7068251811053662,0.7073882691671997,-1.8204755433160988,1
3.3258809000253677,290,0,3,2.5757359649182305,0.00016892641855012817,2.9998310735814497,-0.42426403508176974,-0.7073882691672001,-0.7068251811053656,-1.8221648075016004,1
3.3258809000253677,290,1,0,5.99983107358145,-0.42426403508176974,6.4242640350817695,-0.00016892641855012817,0.7068251811053662,-0.7073882691671997,4.540951086632197,1
3.3258809000253677,290,1,1,6.4242640350817695,-0.00016892641855012817,6.00016892641855,0.42426403508176974,0.7073882691672001,0.7068251811053656,4.544329615003201,1
3.3258809000253677,290,1,2,6.00016892641855,0.42426403508176974,5.5757359649182305,0.00016892641855012817,-0.7068251811053662,0.7073882691671997,-3.9409510866321975,1
3.3258809000253677,290,1,3,5.5757359649182305,0.00016892641855012817,5.99983107358145,-0.42426403508176974,-0.7073882691672001,-0.7068251811053656,-3.9443296150032006,1
3.3925435000564903,294,0,0,2.9998310735814497,-0.42426403508176974,3.4242640350817695,-0.00016892641855012817,0.7068251811053662,-0.7073882691671997,2.4204755433160985,1
3.3925435000564903,294,0,1,3.4242640350817695,-0.00016892641855012817,3.0001689264185503,0.42426403508176974,0.7073882691672001,0.7068251811053656,2.4221648075016002,1
3.3925435000564903,294,0,2,3.0001689264185503,0.42426403508176974,2.5757359649182305,0.00016892641855012817,-0.7068251811053662,0.7073882691671997,-1.8204755433160988,1
3.3925435000564903,294,0,3,2.5757359649182305,0.00016892641855012817,2.9998310735814497,-0.42426403508176974,-0.7073882691672001,-0.7068251811053656,-1.8221648075016004,1
3.3925435000564903,294,1,0,5.99983107358145,-0.42426403508176974,6.4242640350817695,-0.00016892641855012817,0.7068251811053662,-0.7073882691671997,4.540951086632197,1
3.3925435000564903,294,1,1,6.4242640350817695,-0.00016892641855012817,6.00016892641855,0.42426403508176974,0.7073882691672001,0.7068251811053656,4.544329615003201,1
3.3925435000564903,294,1,2,6.00016892641855,0.42426403508176974,5.5757359649182305,0.00016892641855012817,-0.7068251811053662,0.7073882691671997,-3.9409510866321975,1
3.3925435000564903,294,1,3,5.5757359649182305,0.00016892641855012817,5.99983107358145,-0.42426403508176974,-0.7073882691672001,-0.7068251811053656,-3.9443296150032006,1
3.459163299994543,298,0,0,2.9998310735814497,-0.42426403508176974,3.4242640350817695,-0.00016892641855012817,0.7068251811053662,-0.7073882691671997,2.4204755433160985,1
3.459163299994543,298,0,1,3.4242640350817695,-0.00016892641855012817,3.0001689264185503,0.42426403508176974,0.7073882691672001,0.7068251811053656,2.4221648075016002,1
3.459163299994543,298,0,2,3.0001689264185503,0.42426403508176974,2.5757359649182305,0.00016892641855012817,-0.7068251811053662,0.7073882691671997,-1.8204755433160988,1
3.459163299994543,298,0,3,2.5757359649182305,0.00016892641855012817,2.9998310735814497,-0.42426403508176974,-0.7073882691672001,-0.7068251811053656,-1.8221648075016004,1
3.459163299994543,298,1,0,5.99983107358145,-0.42426403508176974,6.4242640350817695,-0.00016892641855012817,0.7068251811053662,-0.7073882691671997,4.540951086632197,1
3.459163299994543,298,1,1,6.4242640350817695,-0.00016892641855012817,6.00016892641855,0.42426403508176974,0.7073882691672001,0.7068251811053656,4.544329615003201,1
3.459163299994543,298,1,2,6.00016892641855,0.42426403508176974,5.5757359649182305,0.00016892641855012817,-0.7068251811053662,0.7073882691671997,-3.9409510866321975,1
3.459163299994543,298,1,3,5.5757359649182305,0.00016892641855012817,5.99983107358145,-0.42426403508176974,-0.7073882691672001,-0.7068251811053656,-3.9443296150032006,1
3.5259544999571517,303,0,0,2.9998310735814497,-0.42426403508176974,3.4242640350817695,-0.00016892641855012817,0.7068251811053662,-0.7073882691671997,2.4204755433160985,1
3.5259544999571517,303,0,1,3.4242640350817695,-0.00016892641855012817,3.0001689264185503,0.42426403508176974,0.7073882691672001,0.7068251811053656,2.4221648075016002,1
3.5259544999571517,303,0,2,3.0001689264185503,0.42426403508176974,2.5757359649182305,0.00016892641855012817,-0.7068251811053662,0.7073882691671997,-1.8204755433160988,1
3.5259544999571517,303,0,3,2.5757359649182305,0.00016892641855012817,2.9998310735814497,-0.42426403508176974,-0.7073882691672001,-0.7068251811053656,-1.8221648075016004,1
3.5259544999571517,303,1,0,5.99983107358145,-0.42426403508176974,6.4242640350817695,-0.00016892641855012817,0.7068251811053662,-0.7073882691671997,4.540951086632197,1
3.5259544999571517,303,1,1,6.4242640350817695,-0.00016892641855012817,6.00016892641855,0.42426403508176974,0.7073882691672001,0.7068251811053656,4.544329615003201,1
3.5259544999571517,303,1,2,6.00016892641855,0.42426403508176974,5.5757359649182305,0.00016892641855012817,-0.7068251811053662,0.7073882691671997,-3.9409510866321975,1
3.5259544999571517,303,1,3,5.5757359649182305,0.00016892641855012817,5.99983107358145,-0.42426403508176974,-0.7073882691672001,-0.7068251811053656,-3.9443296150032006,1
3.592768599977717,308,0,0,2.9998310735814497,-0.42426403508176974,3.4242640350817695,-0.00016892641855012817,0.7068251811053662,-0.7073882691671997,2.4204755433160985,1
3.592768599977717,308,0,1,3.4242640350817695,-0.00016892641855012817,3.0001689264185503,0.42426403508176974,0.7073882691672001,0.7068251811053656,2.4221648075016002,1
3.592768599977717,308,0,2,3.0001689264185503,0.42426403508176974,2.5757359649182305,0.00016892641855012817,-0.7068251811053662,0.7073882691671997,-1.8204755433160988,1
3.592768599977717,308,0,3,2.5757359649182305,0.00016892641855012817,2.9998310735814497,-0.42426403508176974,-0.7073882691672001,-0.7068251811053656,-1.8221648075016004,1
3.592768599977717,308,1,0,5.99983107358145,-0.42426403508176974,6.4242640350817695,-0.00016892641855012817,0.7068251811053662,-0.7073882691671997,4.540951086632197,1
3.592768599977717,308,1,1,6.4242640350817695,-0.00016892641855012817,6.00016892641855,0.42426403508176974,0.7073882691672001,0.7068251811053656,4.544329615003201,1
3.592768599977717,308,1,2,6.00016892641855,0.42426403508176974,5.5757359649182305,0.00016892641855012817,-0.7068251811053662,0.7073882691671997,-3.9409510866321975,1
3.592768599977717,308,1,3,5.5757359649182305,0.00016892641855012817,5.99983107358145,-0.42426403508176974,-0.7073882691672001,-0.7068251811053656,-3.9443296150032006,1
3.6592345000244677,313,0,0,2.9998310735814497,-0.42426403508176974,3.4242640350817695,-0.00016892641855012817,0.7068251811053662,-0.7073882691671997,2.4204755433160985,1
3.6592345000244677,313,0,1,3.4242640350817695,-0.00016892641855012817,3.0001689264185503,0.42426403508176974,0.7073882691672001,0.7068251811053656,2.4221648075016002,1
3.6592345000244677,313,0,2,3.0001689264185503,0.42426403508176974,2.5757359649182305,0.00016892641855012817,-0.7068251811053662,0.7073882691671997,-1.8204755433160988,1
3.6592345000244677,313,0,3,2.5757359649182305,0.00016892641855012817,2.9998310735814497,-0.42426403508176974,-0.7073882691672001,-0.7068251811053656,-1.8221648075016004,1
3.6592345000244677,313,1,0,5.99983107358145,-0.42426403508176974,6.4242640350817695,-0.00016892641855012817,0.7068251811053662,-0.7073882691671997,4.540951086632197,1
3.6592345000244677,313,1,1,6.4242640350817695,-0.00016892641855012817,6.00016892641855,0.42426403508176974,0.7073882691672001,0.7068251811053656,4.544329615003201,1
3.6592345000244677,313,1,2,6.00016892641855,0.42426403508176974,5.5757359649182305,0.00016892641855012817,-0.7068251811053662,0.7073882691671997,-3.9409510866321975,1
3.6592345000244677,313,1,3,5.5757359649182305,0.00016892641855012817,5.99983107358145,-0.42426403508176974,-0.7073882691672001,-0.7068251811053656,-3.9443296150032006,1
3.725985800032504,319,0,0,2.9998310735814497,-0.42426403508176974,3.4242640350817695,-0.00016892641855012817,0.7068251811053662,-0.7073882691671997,2.4204755433160985,1
3.725985800032504,319,0,1,3.4242640350817695,-0.00016892641855012817,3.0001689264185503,0.42426403508176974,0.7073882691672001,0.7068251811053656,2.4221648075016002,1
3.725985800032504,319,0,2,3.0001689264185503,0.42426403508176974,2.5757359649182305,0.00016892641855012817,-0.7068251811053662,0.7073882691671997,-1.8204755433160988,1
3.725985800032504,319,0,3,2.5757359649182305,0.00016892641855012817,2.9998310735814497,-0.42426403508176974,-0.7073882691672001,-0.7068251811053656,-1.8221648075016004,1
3.725985800032504,319,1,0,5.99983107358145,-0.42426403508176974,6.4242640350817695,-0.00016892641855012817,0.7068251811053662,-0.7073882691671997,4.540951086632197,1
3.725985800032504,319,1,1,6.4242640350817695,-0.00016892641855012817,6.00016892641855,0.42426403508176974,0.7073882691672001,0.7068251811053656,4.544329615003201,1
3.725985800032504,319,1,2,6.00016892641855,0.42426403508176974,5.5757359649182305,0.00016892641855012817,-0.7068251811053662,0.7073882691671997,-3.9409510866321975,1
3.725985800032504,319,1,3,5.5757359649182305,0.00016892641855012817,5.99983107358145,-0.42426403508176974,-0.7073882691672001,-0.7068251811053656,-3.9443296150032006,1
3.7926107000093907,324,0,0,2.9998310735814497,-0.42426403508176974,3.4242640350817695,-0.00016892641855012817,0.7068251811053662,-0.7073882691671997,2.4204755433160985,1
3.7926107000093907,324,0,1,3.4242640350817695,-0.00016892641855012817,3.0001689264185503,0.42426403508176974,0.7073882691672001,0.7068251811053656,2.4221648075016002,1
3.7926107000093907,324,0,2,3.0001689264185503,0.42426403508176974,2.5757359649182305,0.00016892641855012817,-0.7068251811053662,0.7073882691671997,-1.8204755433160988,1
3.7926107000093907,324,0,3,2.5757359649182305,0.00016892641855012817,2.9998310735814497,-0.42426403508176974,-0.7073882691672001,-0.7068251811053656,-1.8221648075016004,1
3.7926107000093907,324,1,0,5.99983107358145,-0.42426403508176974,6.4242640350817695,-0.00016892641855012817,0.7068251811053662,-0.7073882691671997,4.540951086632197,1
3.7926107000093907,324,1,1,6.4242640350817695,-0.00016892641855012817,6.00016892641855,0.42426403508176974,0.7073882691672001,0.7068251811053656,4.544329615003201,1
3.7926107000093907,324,1,2,6.00016892641855,0.42426403508176974,5.5757359649182305,0.00016892641855012817,-0.7068251811053662,0.7073882691671997,-3.9409510866321975,1
3.7926107000093907,324,1,3,5.5757359649182305,0.00016892641855012817,5.99983107358145,-0.42426403508176974,-0.7073882691672001,-0.7068251811053656,-3.9443296150032006,1
3.8592353999847546,330,0,0,2.9998310735814497,-0.42426403508176974,3.4242640350817695,-0.00016892641855012817,0.7068251811053662,-0.7073882691671997,2.4204755433160985,1
3.8592353999847546,330,0,1,3.4242640350817695,-0.00016892641855012817,3.0001689264185503,0.42426403508176974,0.7073882691672001,0.7068251811053656,2.4221648075016002,1
3.8592353999847546,330,0,2,3.0001689264185503,0.42426403508176974,2.5757359649182305,0.00016892641855012817,-0.7068251811053662,0.7073882691671997,-1.8204755433160988,1
3.8592353999847546,330,0,3,2.5757359649182305,0.00016892641855012817,2.9998310735814497,-0.42426403508176974,-0.7073882691672001,-0.7068251811053656,-1.8221648075016004,1
3.8592353999847546,330,1,0,5.99983107358145,-0.42426403508176974,6.4242640350817695,-0.00016892641855012817,0.7068251811053662,-0.7073882691671997,4.540951086632197,1
3.8592353999847546,330,1,1,6.4242640350817695,-0.00016892641855012817,6.00016892641855,0.42426403508176974,0.7073882691672001,0.7068251811053656,4.544329615003201,1
3.8592353999847546,330,1,2,6.00016892641855,0.42426403508176974,5.5757359649182305,0.00016892641855012817,-0.7068251811053662,0.7073882691671997,-3.9409510866321975,1
3.8592353999847546,330,1,3,5.5757359649182305,0.00016892641855012817,5.99983107358145,-0.42426403508176974,-0.7073882691672001,-0.7068251811053656,-3.9443296150032006,1
3.9258441999554634,335,0,0,2.9998310735814497,-0.42426403508176974,3.4242640350817695,-0.00016892641855012817,0.7068251811053662,-0.7073882691671997,2.4204755433160985,1
3.9258441999554634,335,0,1,3.4242640350817695,-0.00016892641855012817,3.0001689264185503,0.42426403508176974,0.7073882691672001,0.7068251811053656,2.4221648075016002,1
3.9258441999554634,335,0,2,3.0001689264185503,0.42426403508176974,2.5757359649182305,0.00016892641855012817,-0.7068251811053662,0.7073882691671997,-1.8204755433160988,1
3.9258441999554634,335,0,3,2.5757359649182305,0.00016892641855012817,2.9998310735814497,-0.42426403508176974,-0.7073882691672001,-0.7068251811053656,-1.8221648075016004,1
3.9258441999554634,335,1,0,5.99983107358145,-0.42426403508176974,6.4242640350817695,-0.00016892641855012817,0.7068251811053662,-0.7073882691671997,4.540951086632197,1
3.9258441999554634,335,1,1,6.4242640350817695,-0.00016892641855012817,6.00016892641855,0.42426403508176974,0.7073882691672001,0.7068251811053656,4.544329615003201,1
3.9258441999554634,335,1,2,6.00016892641855,0.42426403508176974,5.5757359649182305,0.00016892641855012817,-0.7068251811053662,0.7073882691671997,-3.9409510866321975,1
3.9258441999554634,335,1,3,5.5757359649182305,0.00016892641855012817,5.99983107358145,-0.42426403508176974,-0.7073882691672001,-0.7068251811053656,-3.9443296150032006,1
3.9925218999851495,340,0,0,2.9998310735814497,-0.42426403508176974,3.4242640350817695,-0.00016892641855012817,0.7068251811053662,-0.7073882691671997,2.4204755433160985,1
3.9925218999851495,340,0,1,3.4242640350817695,-0.00016892641855012817,3.0001689264185503,0.42426403508176974,0.7073882691672001,0.7068251811053656,2.4221648075016002,1
3.9925218999851495,340,0,2,3.0001689264185503,0.42426403508176974,2.5757359649182305,0.00016892641855012817,-0.7068251811053662,0.7073882691671997,-1.8204755433160988,1
3.9925218999851495,340,0,3,2.5757359649182305,0.00016892641855012817,2.9998310735814497,-0.42426403508176974,-0.7073882691672001,-0.7068251811053656,-1.8221648075016004,1
3.9925218999851495,340,1,0,5.99983107358145,-0.42426403508176974,6.4242640350817695,-0.00016892641855012817,0.7068251811053662,-0.7073882691671997,4.540951086632197,1
3.9925218999851495,340,1,1,6.4242640350817695,-0.00016892641855012817,6.00016892641855,0.42426403508176974,0.7073882691672001,0.7068251811053656,4.544329615003201,1
3.9925218999851495,340,1,2,6.00016892641855,0.42426403508176974,5.5757359649182305,0.00016892641855012817,-0.7068251811053662,0.7073882691671997,-3.9409510866321975,1
3.9925218999851495,340,1,3,5.5757359649182305,0.00016892641855012817,5.99983107358145,-0.42426403508176974,-0.7073882691672001,-0.7068251811053656,-3.9443296150032006,1
4.0591989000095055,345,0,0,2.9998310735814497,-0.42426403508176974,3.4242640350817695,-0.00016892641855012817,0.7068251811053662,-0.7073882691671997,2.4204755433160985,1
4.0591989000095055,345,0,1,3.4242640350817695,-0.00016892641855012817,3.0001689264185503,0.42426403508176974,0.7073882691672001,0.7068251811053656,2.4221648075016002,1
4.0591989000095055,345,0,2,3.0001689264185503,0.42426403508176974,2.5757359649182305,0.00016892641855012817,-0.7068251811053662,0.7073882691671997,-1.8204755433160988,1
4.0591989000095055,345,0,3,2.5757359649182305,0.00016892641855012817,2.9998310735814497,-0.42426403508176974,-0.7073882691672001,-0.7068251811053656,-1.8221648075016004,1
4.0591989000095055,345,1,0,5.99983107358145,-0.42426403508176974,6.4242640350817695,-0.00016892641855012817,0.7068251811053662,-0.7073882691671997,4.540951086632197,1
4.0591989000095055,345,1,1,6.4242640350817695,-0.00016892641855012817,6.00016892641855,0.42426403508176974,0.7073882691672001,0.7068251811053656,4.544329615003201,1
4.0591989000095055,345,1,2,6.00016892641855,0.42426403508176974,5.5757359649182305,0.00016892641855012817,-0.7068251811053662,0.7073882691671997,-3.9409510866321975,1
4.0591989000095055,345,1,3,5.5757359649182305,0.00016892641855012817,5.99983107358145,-0.42426403508176974,-0.7073882691672001,-0.7068251811053656,-3.9443296150032006,1
4.125856900005601,351,0,0,2.9998310735814497,-0.42426403508176974,3.4242640350817695,-0.00016892641855012817,0.7068251811053662,-0.7073882691671997,2.4204755433160985,1
4.125856900005601,351,0,1,3.4242640350817695,-0.00016892641855012817,3.0001689264185503,0.42426403508176974,0.7073882691672001,0.7068251811053656,2.4221648075016002,1
4.125856900005601,351,0,2,3.0001689264185503,0.42426403508176974,2.5757359649182305,0.00016892641855012817,-0.7068251811053662,0.7073882691671997,-1.8204755433160988,1
4.125856900005601,351,0,3,2.5757359649182305,0.00016892641855012817,2.9998310735814497,-0.42426403508176974,-0.7073882691672001,-0.7068251811053656,-1.8221648075016004,1
4.125856900005601,351,1,0,5.99983107358145,-0.42426403508176974,6.4242640350817695,-0.00016892641855012817,0.7068251811053662,-0.7073882691671997,4.540951086632197,1
4.125856900005601,351,1,1,6.4242640350817695,-0.00016892641855012817,6.00016892641855,0.42426403508176974,0.7073882691672001,0.7068251811053656,4.544329615003201,1
4.125856900005601,351,1,2,6.00016892641855,0.42426403508176974,5.5757359649182305,0.00016892641855012817,-0.7068251811053662,0.7073882691671997,-3.9409510866321975,1
4.125856900005601,351,1,3,5.5757359649182305,0.00016892641855012817,5.99983107358145,-0.42426403508176974,-0.7073882691672001,-0.7068251811053656,-3.9443296150032006,1
4.192572099971585,358,0,0,2.9998310735814497,-0.42426403508176974,3.4242640350817695,-0.00016892641855012817,0.7068251811053662,-0.7073882691671997,2.4204755433160985,1
4.192572099971585,358,0,1,3.4242640350817695,-0.00016892641855012817,3.0001689264185503,0.42426403508176974,0.7073882691672001,0.7068251811053656,2.4221648075016002,1
4.192572099971585,358,0,2,3.0001689264185503,0.42426403508176974,2.5757359649182305,0.00016892641855012817,-0.7068251811053662,0.7073882691671997,-1.8204755433160988,1
4.192572099971585,358,0,3,2.5757359649182305,0.00016892641855012817,2.9998310735814497,-0.42426403508176974,-0.7073882691672001,-0.7068251811053656,-1.8221648075016004,1
4.192572099971585,358,1,0,5.99983107358145,-0.42426403508176974,6.4242640350817695,-0.00016892641855012817,0.7068251811053662,-0.7073882691671997,4.540951086632197,1
4.192572099971585,358,1,1,6.4242640350817695,-0.00016892641855012817,6.00016892641855,0.42426403508176974,0.7073882691672001,0.7068251811053656,4.544329615003201,1
4.192572099971585,358,1,2,6.00016892641855,0.42426403508176974,5.5757359649182305,0.00016892641855012817,-0.7068251811053662,0.7073882691671997,-3.9409510866321975,1
4.192572099971585,358,1,3,5.5757359649182305,0.00016892641855012817,5.99983107358145,-0.42426403508176974,-0.7073882691672001,-0.7068251811053656,-3.9443296150032006,1
4.2592378000263125,366,0,0,2.9998310735814497,-0.42426403508176974,3.4242640350817695,-0.00016892641855012817,0.7068251811053662,-0.7073882691671997,2.4204755433160985,1
4.2592378000263125,366,0,1,3.4242640350817695,-0.00016892641855012817,3.0001689264185503,0.42426403508176974,0.7073882691672001,0.7068251811053656,2.4221648075016002,1
4.2592378000263125,366,0,2,3.0001689264185503,0.42426403508176974,2.5757359649182305,0.00016892641855012817,-0.7068251811053662,0.7073882691671997,-1.8204755433160988,1
4.2592378000263125,366,0,3,2.5757359649182305,0.00016892641855012817,2.9998310735814497,-0.42426403508176974,-0.7073882691672001,-0.7068251811053656,-1.8221648075016004,1
4.2592378000263125,366,1,0,5.99983107358145,-0.42426403508176974,6.4242640350817695,-0.00016892641855012817,0.7068251811053662,-0.7073882691671997,4.540951086632197,1
4.2592378000263125,366,1,1,6.4242640350817695,-0.00016892641855012817,6.00016892641855,0.42426403508176974,0.7073882691672001,0.7068251811053656,4.544329615003201,1
4.2592378000263125,366,1,2,6.00016892641855,0.42426403508176974,5.5757359649182305,0.00016892641855012817,-0.7068251811053662,0.7073882691671997,-3.9409510866321975,1
4.2592378000263125,366,1,3,5.5757359649182305,0.00016892641855012817,5.99983107358145,-0.42426403508176974,-0.7073882691672001,-0.7068251811053656,-3.9443296150032006,1
4.3258511000312865,373,0,0,2.9998310735814497,-0.42426403508176974,3.4242640350817695,-0.00016892641855012817,0.7068251811053662,-0.7073882691671997,2.4204755433160985,1
4.3258511000312865,373,0,1,3.4242640350817695,-0.00016892641855012817,3.0001689264185503,0.42426403508176974,0.7073882691672001,0.7068251811053656,2.4221648075016002,1
4.3258511000312865,373,0,2,3.0001689264185503,0.42426403508176974,2.5757359649182305,0.00016892641855012817,-0.7068251811053662,0.7073882691671997,-1.8204755433160988,1
4.3258511000312865,373,0,3,2.5757359649182305,0.00016892641855012817,2.9998310735814497,-0.42426403508176974,-0.7073882691672001,-0.7068251811053656,-1.8221648075016004,1
4.3258511000312865,373,1,0,5.99983107358145,-0.42426403508176974,6.4242640350817695,-0.00016892641855012817,0.7068251811053662,-0.7073882691671997,4.540951086632197,1
4.3258511000312865,373,1,1,6.4242640350817695,-0.00016892641855012817,6.00016892641855,0.42426403508176974,0.7073882691672001,0.7068251811053656,4.544329615003201,1
4.3258511000312865,373,1,2,6.00016892641855,0.42426403508176974,5.5757359649182305,0.00016892641855012817,-0.7068251811053662,0.7073882691671997,-3.9409510866321975,1
4.3258511000312865,373,1,3,5.5757359649182305,0.00016892641855012817,5.99983107358145,-0.42426403508176974,-0.7073882691672001,-0.7068251811053656,-3.9443296150032006,1
4.392506500007585,382,0,0,2.9998310735814497,-0.42426403508176974,3.4242640350817695,-0.00016892641855012817,0.7068251811053662,-0.7073882691671997,2.4204755433160985,1
4.392506500007585,382,0,1,3.4242640350817695,-0.00016892641855012817,3.0001689264185503,0.42426403508176974,0.7073882691672001,0.7068251811053656,2.4221648075016002,1
4.392506500007585,382,0,2,3.0001689264185503,0.42426403508176974,2.5757359649182305,0.00016892641855012817,-0.7068251811053662,0.7073882691671997,-1.8204755433160988,1
4.392506500007585,382,0,3,2.5757359649182305,0.00016892641855012817,2.9998310735814497,-0.42426403508176974,-0.7073882691672001,-0.7068251811053656,-1.8221648075016004,1
4.392506500007585,382,1,0,5.99983107358145,-0.42426403508176974,6.4242640350817695,-0.00016892641855012817,0.7068251811053662,-0.7073882691671997,4.540951086632197,1
4.392506500007585,382,1,1,6.4242640350817695,-0.00016892641855012817,6.00016892641855,0.42426403508176974,0.7073882691672001,0.7068251811053656,4.544329615003201,1
4.392506500007585,382,1,2,6.00016892641855,0.42426403508176974,5.5757359649182305,0.00016892641855012817,-0.7068251811053662,0.7073882691671997,-3.9409510866321975,1
4.392506500007585,382,1,3,5.5757359649182305,0.00016892641855012817,5.99983107358145,-0.42426403508176974,-0.7073882691672001,-0.7068251811053656,-3.9443296150032006,1
4.459314499981701,391,0,0,2.9998310735814497,-0.42426403508176974,3.4242640350817695,-0.00016892641855012817,0.7068251811053662,-0.7073882691671997,2.4204755433160985,1
4.459314499981701,391,0,1,3.4242640350817695,-0.00016892641855012817,3.0001689264185503,0.42426403508176974,0.7073882691672001,0.7068251811053656,2.4221648075016002,1
4.459314499981701,391,0,2,3.0001689264185503,0.42426403508176974,2.5757359649182305,0.00016892641855012817,-0.7068251811053662,0.7073882691671997,-1.8204755433160988,1
4.459314499981701,391,0,3,2.5757359649182305,0.00016892641855012817,2.9998310735814497,-0.42426403508176974,-0.7073882691672001,-0.7068251811053656,-1.8221648075016004,1
4.459314499981701,391,1,0,5.99983107358145,-0.42426403508176974,6.4242640350817695,-0.00016892641855012817,0.7068251811053662,-0.7073882691671997,4.540951086632197,1
4.459314499981701,391,1,1,6.4242640350817695,-0.00016892641855012817,6.00016892641855,0.42426403508176974,0.7073882691672001,0.7068251811053656,4.544329615003201,1
4.459314499981701,391,1,2,6.00016892641855,0.42426403508176974,5.5757359649182305,0.00016892641855012817,-0.7068251811053662,0.7073882691671997,-3.9409510866321975,1
4.459314499981701,391,1,3,5.5757359649182305,0.00016892641855012817,5.99983107358145,-0.42426403508176974,-0.7073882691672001,-0.7068251811053656,-3.9443296150032006,1
4.525846999953501,401,0,0,2.9998310735814497,-0.42426403508176974,3.4242640350817695,-0.00016892641855012817,0.7068251811053662,-0.7073882691671997,2.4204755433160985,1
4.525846999953501,401,0,1,3.4242640350817695,-0.00016892641855012817,3.0001689264185503,0.42426403508176974,0.7073882691672001,0.7068251811053656,2.4221648075016002,1
4.525846999953501,401,0,2,3.0001689264185503,0.42426403508176974,2.5757359649182305,0.00016892641855012817,-0.7068251811053662,0.7073882691671997,-1.8204755433160988,1
4.525846999953501,401,0,3,2.5757359649182305,0.00016892641855012817,2.9998310735814497,-0.42426403508176974,-0.7073882691672001,-0.7068251811053656,-1.8221648075016004,1
4.525846999953501,401,1,0,5.99983107358145,-0.42426403508176974,6.4242640350817695,-0.00016892641855012817,0.7068251811053662,-0.7073882691671997,4.540951086632197,1
4.525846999953501,401,1,1,6.4242640350817695,-0.00016892641855012817,6.00016892641855,0.42426403508176974,0.7073882691672001,0.7068251811053656,4.544329615003201,1
4.525846999953501,401,1,2,6.00016892641855,0.42426403508176974,5.5757359649182305,0.00016892641855012817,-0.7068251811053662,0.7073882691671997,-3.9409510866321975,1
4.525846999953501,401,1,3,5.5757359649182305,0.00016892641855012817,5.99983107358145,-0.42426403508176974,-0.7073882691672001,-0.7068251811053656,-3.9443296150032006,1
4.592498500016518,411,0,0,2.9998310735814497,-0.42426403508176974,3.4242640350817695,-0.00016892641855012817,0.7068251811053662,-0.7073882691671997,2.4204755433160985,1
4.592498500016518,411,0,1,3.4242640350817695,-0.00016892641855012817,3.0001689264185503,0.42426403508176974,0.7073882691672001,0.7068251811053656,2.4221648075016002,1
4.592498500016518,411,0,2,3.0001689264185503,0.42426403508176974,2.5757359649182305,0.00016892641855012817,-0.7068251811053662,0.7073882691671997,-1.8204755433160988,1
4.592498500016518,411,0,3,2.5757359649182305,0.00016892641855012817,2.9998310735814497,-0.42426403508176974,-0.7073882691672001,-0.7068251811053656,-1.8221648075016004,1
4.592498500016518,411,1,0,5.99983107358145,-0.42426403508176974,6.4242640350817695,-0.00016892641855012817,0.7068251811053662,-0.7073882691671997,4.540951086632197,1
4.592498500016518,411,1,1,6.4242640350817695,-0.00016892641855012817,6.00016892641855,0.42426403508176974,0.7073882691672001,0.7068251811053656,4.544329615003201,1
4.592498500016518,411,1,2,6.00016892641855,0.42426403508176974,5.5757359649182305,0.00016892641855012817,-0.7068251811053662,0.7073882691671997,-3.9409510866321975,1
4.592498500016518,411,1,3,5.5757359649182305,0.00016892641855012817,5.99983107358145,-0.42426403508176974,-0.7073882691672001,-0.7068251811053656,-3.9443296150032006,1
4.659184099989943,422,0,0,2.9998310735814497,-0.42426403508176974,3.4242640350817695,-0.00016892641855012817,0.7068251811053662,-0.7073882691671997,2.4204755433160985,1
4.659184099989943,422,0,1,3.4242640350817695,-0.00016892641855012817,3.0001689264185503,0.42426403508176974,0.7073882691672001,0.7068251811053656,2.4221648075016002,1
4.659184099989943,422,0,2,3.0001689264185503,0.42426403508176974,2.5757359649182305,0.00016892641855012817,-0.7068251811053662,0.7073882691671997,-1.8204755433160988,1
4.659184099989943,422,0,3,2.5757359649182305,0.00016892641855012817,2.9998310735814497,-0.42426403508176974,-0.7073882691672001,-0.7068251811053656,-1.8221648075016004,1
4.659184099989943,422,1,0,5.99983107358145,-0.42426403508176974,6.4242640350817695,-0.00016892641855012817,0.7068251811053662,-0.7073882691671997,4.540951086632197,1
4.659184099989943,422,1,1,6.4242640350817695,-0.00016892641855012817,6.00016892641855,0.42426403508176974,0.7073882691672001,0.7068251811053656,4.544329615003201,1
4.659184099989943,422,1,2,6.00016892641855,0.42426403508176974,5.5757359649182305,0.00016892641855012817,-0.7068251811053662,0.7073882691671997,-3.9409510866321975,1
4.659184099989943,422,1,3,5.5757359649182305,0.00016892641855012817,5.99983107358145,-0.42426403508176974,-0.7073882691672001,-0.7068251811053656,-3.9443296150032006,1
4.759188600000925,438,0,0,2.9998310735814497,-0.42426403508176974,3.4242640350817695,-0.00016892641855012817,0.7068251811053662,-0.7073882691671997,2.4204755433160985,1
4.759188600000925,438,0,1,3.4242640350817695,-0.00016892641855012817,3.0001689264185503,0.42426403508176974,0.7073882691672001,0.7068251811053656,2.4221648075016002,1
4.759188600000925,438,0,2,3.0001689264185503,0.42426403508176974,2.5757359649182305,0.00016892641855012817,-0.7068251811053662,0.7073882691671997,-1.8204755433160988,1
4.759188600000925,438,0,3,2.5757359649182305,0.00016892641855012817,2.9998310735814497,-0.42426403508176974,-0.7073882691672001,-0.7068251811053656,-1.8221648075016004,1
4.759188600000925,438,1,0,5.99983107358145,-0.42426403508176974,6.4242640350817695,-0.00016892641855012817,0.7068251811053662,-0.7073882691671997,4.540951086632197,1
4.759188600000925,438,1,1,6.4242640350817695,-0.00016892641855012817,6.00016892641855,0.42426403508176974,0.7073882691672001,0.7068251811053656,4.544329615003201,1
4.759188600000925,438,1,2,6.00016892641855,0.42426403508176974,5.5757359649182305,0.00016892641855012817,-0.7068251811053662,0.7073882691671997,-3.9409510866321975,1
4.759188600000925,438,1,3,5.5757359649182305,0.00016892641855012817,5.99983107358145,-0.42426403508176974,-0.7073882691672001,-0.7068251811053656,-3.9443296150032006,1
4.859175799996592,454,0,0,2.9998310735814497,-0.42426403508176974,3.4242640350817695,-0.00016892641855012817,0.7068251811053662,-0.7073882691671997,2.4204755433160985,1
4.859175799996592,454,0,1,3.4242640350817695,-0.00016892641855012817,3.0001689264185503,0.42426403508176974,0.7073882691672001,0.7068251811053656,2.4221648075016002,1
4.859175799996592,454,0,2,3.0001689264185503,0.42426403508176974,2.5757359649182305,0.00016892641855012817,-0.7068251811053662,0.7073882691671997,-1.8204755433160988,1
4.859175799996592,454,0,3,2.5757359649182305,0.00016892641855012817,2.9998310735814497,-0.42426403508176974,-0.7073882691672001,-0.7068251811053656,-1.8221648075016004,1
4.859175799996592,454,1,0,5.99983107358145,-0.42426403508176974,6.4242640350817695,-0.00016892641855012817,0.7068251811053662,-0.7073882691671997,4.540951086632197,1
4.859175799996592,454,1,1,6.4242640350817695,-0.00016892641855012817,6.00016892641855,0.42426403508176974,0.7073882691672001,0.7068251811053656,4.544329615003201,1
4.859175799996592,454,1,2,6.00016892641855,0.42426403508176974,5.5757359649182305,0.00016892641855012817,-0.7068251811053662,0.7073882691671997,-3.9409510866321975,1
4.859175799996592,454,1,3,5.5757359649182305,0.00016892641855012817,5.99983107358145,-0.42426403508176974,-0.7073882691672001,-0.7068251811053656,-3.9443296150032006,1
4.959189399960451,469,0,0,2.9998310735814497,-0.42426403508176974,3.4242640350817695,-0.00016892641855012817,0.7068251811053662,-0.7073882691671997,2.4204755433160985,1
4.959189399960451,469,0,1,3.4242640350817695,-0.00016892641855012817,3.0001689264185503,0.42426403508176974,0.7073882691672001,0.7068251811053656,2.4221648075016002,1
4.959189399960451,469,0,2,3.0001689264185503,0.42426403508176974,2.5757359649182305,0.00016892641855012817,-0.7068251811053662,0.7073882691671997,-1.8204755433160988,1
4.959189399960451,469,0,3,2.5757359649182305,0.00016892641855012817,2.9998310735814497,-0.42426403508176974,-0.7073882691672001,-0.7068251811053656,-1.8221648075016004,1
4.959189399960451,469,1,0,5.99983107358145,-0.42426403508176974,6.4242640350817695,-0.00016892641855012817,0.7068251811053662,-0.7073882691671997,4.540951086632197,1
4.959189399960451,469,1,1,6.4242640350817695,-0.00016892641855012817,6.00016892641855,0.42426403508176974,0.7073882691672001,0.7068251811053656,4.544329615003201,1
4.959189399960451,469,1,2,6.00016892641855,0.42426403508176974,5.5757359649182305,0.00016892641855012817,-0.7068251811053662,0.7073882691671997,-3.9409510866321975,1
4.959189399960451,469,1,3,5.5757359649182305,0.00016892641855012817,5.99983107358145,-0.42426403508176974,-0.7073882691672001,-0.7068251811053656,-3.9443296150032006,1
5.059195999987423,484,0,0,2.9998310735814497,-0.42426403508176974,3.4242640350817695,-0.00016892641855012817,0.7068251811053662,-0.7073882691671997,2.4204755433160985,1
5.059195999987423,484,0,1,3.4242640350817695,-0.00016892641855012817,3.0001689264185503,0.42426403508176974,0.7073882691672001,0.7068251811053656,2.4221648075016002,1
5.059195999987423,484,0,2,3.0001689264185503,0.42426403508176974,2.5757359649182305,0.00016892641855012817,-0.7068251811053662,0.7073882691671997,-1.8204755433160988,1
5.059195999987423,484,0,3,2.5757359649182305,0.00016892641855012817,2.9998310735814497,-0.42426403508176974,-0.7073882691672001,-0.7068251811053656,-1.8221648075016004,1
5.059195999987423,484,1,0,5.99983107358145,-0.42426403508176974,6.4242640350817695,-0.00016892641855012817,0.7068251811053662,-0.7073882691671997,4.540951086632197,1
5.059195999987423,484,1,1,6.4242640350817695,-0.00016892641855012817,6.00016892641855,0.42426403508176974,0.7073882691672001,0.7068251811053656,4.544329615003201,1
5.059195999987423,484,1,2,6.00016892641855,0.42426403508176974,5.5757359649182305,0.00016892641855012817,-0.7068251811053662,0.7073882691671997,-3.9409510866321975,1
5.059195999987423,484,1,3,5.5757359649182305,0.00016892641855012817,5.99983107358145,-0.42426403508176974,-0.7073882691672001,-0.7068251811053656,-3.9443296150032006,1
5.192527299979702,503,0,0,2.9998310735814497,-0.42426403508176974,3.4242640350817695,-0.00016892641855012817,0.7068251811053662,-0.7073882691671997,2.4204755433160985,1
5.192527299979702,503,0,1,3.4242640350817695,-0.00016892641855012817,3.0001689264185503,0.42426403508176974,0.7073882691672001,0.7068251811053656,2.4221648075016002,1
5.192527299979702,503,0,2,3.0001689264185503,0.42426403508176974,2.5757359649182305,0.00016892641855012817,-0.7068251811053662,0.7073882691671997,-1.8204755433160988,1
5.192527299979702,503,0,3,2.5757359649182305,0.00016892641855012817,2.9998310735814497,-0.42426403508176974,-0.7073882691672001,-0.7068251811053656,-1.8221648075016004,1
5.192527299979702,503,1,0,5.99983107358145,-0.42426403508176974,6.4242640350817695,-0.00016892641855012817,0.7068251811053662,-0.7073882691671997,4.540951086632197,1
5.192527299979702,503,1,1,6.4242640350817695,-0.00016892641855012817,6.00016892641855,0.42426403508176974,0.7073882691672001,0.7068251811053656,4.544329615003201,1
5.192527299979702,503,1,2,6.00016892641855,0.42426403508176974,5.5757359649182305,0.00016892641855012817,-0.7068251811053662,0.7073882691671997,-3.9409510866321975,1
5.192527299979702,503,1,3,5.5757359649182305,0.00016892641855012817,5.99983107358145,-0.42426403508176974,-0.7073882691672001,-0.7068251811053656,-3.9443296150032006,1
5.292584200040437,516,0,0,2.9998310735814497,-0.42426403508176974,3.4242640350817695,-0.00016892641855012817,0.7068251811053662,-0.7073882691671997,2.4204755433160985,1
5.292584200040437,516,0,1,3.4242640350817695,-0.00016892641855012817,3.0001689264185503,0.42426403508176974,0.7073882691672001,0.7068251811053656,2.4221648075016002,1
5.292584200040437,516,0,2,3.0001689264185503,0.42426403508176974,2.5757359649182305,0.00016892641855012817,-0.7068251811053662,0.7073882691671997,-1.8204755433160988,1
5.292584200040437,516,0,3,2.5757359649182305,0.00016892641855012817,2.9998310735814497,-0.42426403508176974,-0.7073882691672001,-0.7068251811053656,-1.8221648075016004,1
5.292584200040437,516,1,0,5.99983107358145,-0.42426403508176974,6.4242640350817695,-0.00016892641855012817,0.7068251811053662,-0.7073882691671997,4.540951086632197,1
5.292584200040437,516,1,1,6.4242640350817695,-0.00016892641855012817,6.00016892641855,0.42426403508176974,0.7073882691672001,0.7068251811053656,4.544329615003201,1
5.292584200040437,516,1,2,6.00016892641855,0.42426403508176974,5.5757359649182305,0.00016892641855012817,-0.7068251811053662,0.7073882691671997,-3.9409510866321975,1
5.292584200040437,516,1,3,5.5757359649182305,0.00016892641855012817,5.99983107358145,-0.42426403508176974,-0.7073882691672001,-0.7068251811053656,-3.9443296150032006,1
5.392567600007169,527,0,0,2.9998310735814497,-0.42426403508176974,3.4242640350817695,-0.00016892641855012817,0.7068251811053662,-0.7073882691671997,2.4204755433160985,1
5.392567600007169,527,0,1,3.4242640350817695,-0.00016892641855012817,3.0001689264185503,0.42426403508176974,0.7073882691672001,0.7068251811053656,2.4221648075016002,1
5.392567600007169,527,0,2,3.0001689264185503,0.42426403508176974,2.5757359649182305,0.00016892641855012817,-0.7068251811053662,0.7073882691671997,-1.8204755433160988,1
5.392567600007169,527,0,3,2.5757359649182305,0.00016892641855012817,2.9998310735814497,-0.42426403508176974,-0.7073882691672001,-0.7068251811053656,-1.8221648075016004,1
5.392567600007169,527,1,0,5.99983107358145,-0.42426403508176974,6.4242640350817695,-0.00016892641855012817,0.7068251811053662,-0.7073882691671997,4.540951086632197,1
5.392567600007169,527,1,1,6.4242640350817695,-0.00016892641855012817,6.00016892641855,0.42426403508176974,0.7073882691672001,0.7068251811053656,4.544329615003201,1
5.392567600007169,527,1,2,6.00016892641855,0.42426403508176974,5.5757359649182305,0.00016892641855012817,-0.7068251811053662,0.7073882691671997,-3.9409510866321975,1
5.392567600007169,527,1,3,5.5757359649182305,0.00016892641855012817,5.99983107358145,-0.42426403508176974,-0.7073882691672001,-0.7068251811053656,-3.9443296150032006,1
5.492527500027791,536,0,0,2.9998310735814497,-0.42426403508176974,3.4242640350817695,-0.00016892641855012817,0.7068251811053662,-0.7073882691671997,2.4204755433160985,1
5.492527500027791,536,0,1,3.4242640350817695,-0.00016892641855012817,3.0001689264185503,0.42426403508176974,0.7073882691672001,0.7068251811053656,2.4221648075016002,1
5.492527500027791,536,0,2,3.0001689264185503,0.42426403508176974,2.5757359649182305,0.00016892641855012817,-0.7068251811053662,0.7073882691671997,-1.8204755433160988,1
5.492527500027791,536,0,3,2.5757359649182305,0.00016892641855012817,2.9998310735814497,-0.42426403508176974,-0.7073882691672001,-0.7068251811053656,-1.8221648075016004,1
5.492527500027791,536,1,0,5.99983107358145,-0.42426403508176974,6.4242640350817695,-0.00016892641855012817,0.7068251811053662,-0.7073882691671997,4.540951086632197,1
5.492527500027791,536,1,1,6.4242640350817695,-0.00016892641855012817,6.00016892641855,0.42426403508176974,0.7073882691672001,0.7068251811053656,4.544329615003201,1
5.492527500027791,536,1,2,6.00016892641855,0.42426403508176974,5.5757359649182305,0.00016892641855012817,-0.7068251811053662,0.7073882691671997,-3.9409510866321975,1
5.492527500027791,536,1,3,5.5757359649182305,0.00016892641855012817,5.99983107358145,-0.42426403508176974,-0.7073882691672001,-0.7068251811053656,-3.9443296150032006,1
5.592549500055611,543,0,0,2.9998310735814497,-0.42426403508176974,3.4242640350817695,-0.00016892641855012817,0.7068251811053662,-0.7073882691671997,2.4204755433160985,1
5.592549500055611,543,0,1,3.4242640350817695,-0.00016892641855012817,3.0001689264185503,0.42426403508176974,0.7073882691672001,0.7068251811053656,2.4221648075016002,1
5.592549500055611,543,0,2,3.0001689264185503,0.42426403508176974,2.5757359649182305,0.00016892641855012817,-0.7068251811053662,0.7073882691671997,-1.8204755433160988,1
5.592549500055611,543,0,3,2.5757359649182305,0.00016892641855012817,2.9998310735814497,-0.42426403508176974,-0.7073882691672001,-0.7068251811053656,-1.8221648075016004,1
5.592549500055611,543,1,0,5.99983107358145,-0.42426403508176974,6.4242640350817695,-0.00016892641855012817,0.7068251811053662,-0.7073882691671997,4.540951086632197,1
5.592549500055611,543,1,1,6.4242640350817695,-0.00016892641855012817,6.00016892641855,0.42426403508176974,0.7073882691672001,0.7068251811053656,4.544329615003201,1
5.592549500055611,543,1,2,6.00016892641855,0.42426403508176974,5.5757359649182305,0.00016892641855012817,-0.7068251811053662,0.7073882691671997,-3.9409510866321975,1
5.592549500055611,543,1,3,5.5757359649182305,0.00016892641855012817,5.99983107358145,-0.42426403508176974,-0.7073882691672001,-0.7068251811053656,-3.9443296150032006,1
5.692511099972762,550,0,0,2.9998310735814497,-0.42426403508176974,3.4242640350817695,-0.00016892641855012817,0.7068251811053662,-0.7073882691671997,2.4204755433160985,1
5.692511099972762,550,0,1,3.4242640350817695,-0.00016892641855012817,3.0001689264185503,0.42426403508176974,0.7073882691672001,0.7068251811053656,2.4221648075016002,1
5.692511099972762,550,0,2,3.0001689264185503,0.42426403508176974,2.5757359649182305,0.00016892641855012817,-0.7068251811053662,0.7073882691671997,-1.8204755433160988,1
5.692511099972762,550,0,3,2.5757359649182305,0.00016892641855012817,2.9998310735814497,-0.42426403508176974,-0.7073882691672001,-0.7068251811053656,-1.8221648075016004,1
5.692511099972762,550,1,0,5.99983107358145,-0.42426403508176974,6.4242640350817695,-0.00016892641855012817,0.7068251811053662,-0.7073882691671997,4.540951086632197,1
5.692511099972762,550,1,1,6.4242640350817695,-0.00016892641855012817,6.00016892641855,0.42426403508176974,0.7073882691672001,0.7068251811053656,4.544329615003201,1
5.692511099972762,550,1,2,6.00016892641855,0.42426403508176974,5.5757359649182305,0.00016892641855012817,-0.7068251811053662,0.7073882691671997,-3.9409510866321975,1
5.692511099972762,550,1,3,5.5757359649182305,0.00016892641855012817,5.99983107358145,-0.42426403508176974,-0.7073882691672001,-0.7068251811053656,-3.9443296150032006,1
5.793553399969824,558,0,0,2.9998310735814497,-0.42426403508176974,3.4242640350817695,-0.00016892641855012817,0.7068251811053662,-0.7073882691671997,2.4204755433160985,1
5.793553399969824,558,0,1,3.4242640350817695,-0.00016892641855012817,3.0001689264185503,0.42426403508176974,0.7073882691672001,0.7068251811053656,2.4221648075016002,1
5.793553399969824,558,0,2,3.0001689264185503,0.42426403508176974,2.5757359649182305,0.00016892641855012817,-0.7068251811053662,0.7073882691671997,-1.8204755433160988,1
5.793553399969824,558,0,3,2.5757359649182305,0.00016892641855012817,2.9998310735814497,-0.42426403508176974,-0.7073882691672001,-0.7068251811053656,-1.8221648075016004,1
5.793553399969824,558,1,0,5.99983107358145,-0.42426403508176974,6.4242640350817695,-0.00016892641855012817,0.7068251811053662,-0.7073882691671997,4.540951086632197,1
5.793553399969824,558,1,1,6.4242640350817695,-0.00016892641855012817,6.00016892641855,0.42426403508176974,0.7073882691672001,0.7068251811053656,4.544329615003201,1
5.793553399969824,558,1,2,6.00016892641855,0.42426403508176974,5.5757359649182305,0.00016892641855012817,-0.7068251811053662,0.7073882691671997,-3.9409510866321975,1
5.793553399969824,558,1,3,5.5757359649182305,0.00016892641855012817,5.99983107358145,-0.42426403508176974,-0.7073882691672001,-0.7068251811053656,-3.9443296150032006,1
5.893507400061935,565,0,0,2.9998310735814497,-0.42426403508176974,3.4242640350817695,-0.00016892641855012817,0.7068251811053662,-0.7073882691671997,2.4204755433160985,1
5.893507400061935,565,0,1,3.4242640350817695,-0.00016892641855012817,3.0001689264185503,0.42426403508176974,0.7073882691672001,0.7068251811053656,2.4221648075016002,1
5.893507400061935,565,0,2,3.0001689264185503,0.42426403508176974,2.5757359649182305,0.00016892641855012817,-0.7068251811053662,0.7073882691671997,-1.8204755433160988,1
5.893507400061935,565,0,3,2.5757359649182305,0.00016892641855012817,2.9998310735814497,-0.42426403508176974,-0.7073882691672001,-0.7068251811053656,-1.8221648075016004,1
5.893507400061935,565,1,0,5.99983107358145,-0.42426403508176974,6.4242640350817695,-0.00016892641855012817,0.7068251811053662,-0.7073882691671997,4.540951086632197,1
5.893507400061935,565,1,1,6.4242640350817695,-0.00016892641855012817,6.00016892641855,0.42426403508176974,0.7073882691672001,0.7068251811053656,4.544329615003201,1
5.893507400061935,565,1,2,6.00016892641855,0.42426403508176974,5.5757359649182305,0.00016892641855012817,-0.7068251811053662,0.7073882691671997,-3.9409510866321975,1
5.893507400061935,565,1,3,5.5757359649182305,0.00016892641855012817,5.99983107358145,-0.42426403508176974,-0.7073882691672001,-0.7068251811053656,-3.9443296150032006,1
5.993546699988656,570,0,0,2.9998310735814497,-0.42426403508176974,3.4242640350817695,-0.00016892641855012817,0.7068251811053662,-0.7073882691671997,2.4204755433160985,1
5.993546699988656,570,0,1,3.4242640350817695,-0.00016892641855012817,3.0001689264185503,0.42426403508176974,0.7073882691672001,0.7068251811053656,2.4221648075016002,1
5.993546699988656,570,0,2,3.0001689264185503,0.42426403508176974,2.5757359649182305,0.00016892641855012817,-0.7068251811053662,0.7073882691671997,-1.8204755433160988,1
5.993546699988656,570,0,3,2.5757359649182305,0.00016892641855012817,2.9998310735814497,-0.42426403508176974,-0.7073882691672001,-0.7068251811053656,-1.8221648075016004,1
5.993546699988656,570,1,0,5.99983107358145,-0.42426403508176974,6.4242640350817695,-0.00016892641855012817,0.7068251811053662,-0.7073882691671997,4.540951086632197,1
5.993546699988656,570,1,1,6.4242640350817695,-0.00016892641855012817,6.00016892641855,0.42426403508176974,0.7073882691672001,0.7068251811053656,4.544329615003201,1
5.993546699988656,570,1,2,6.00016892641855,0.42426403508176974,5.5757359649182305,0.00016892641855012817,-0.7068251811053662,0.7073882691671997,-3.9409510866321975,1
5.993546699988656,570,1,3,5.5757359649182305,0.00016892641855012817,5.99983107358145,-0.42426403508176974,-0.7073882691672001,-0.7068251811053656,-3.9443296150032006,1
6.09360799996648,576,0,0,2.9998310735814497,-0.42426403508176974,3.4242640350817695,-0.00016892641855012817,0.7068251811053662,-0.7073882691671997,2.4204755433160985,1
6.09360799996648,576,0,1,3.4242640350817695,-0.00016892641855012817,3.0001689264185503,0.42426403508176974,0.7073882691672001,0.7068251811053656,2.4221648075016002,1
6.09360799996648,576,0,2,3.0001689264185503,0.42426403508176974,2.5757359649182305,0.00016892641855012817,-0.7068251811053662,0.7073882691671997,-1.8204755433160988,1
6.09360799996648,576,0,3,2.5757359649182305,0.00016892641855012817,2.9998310735814497,-0.42426403508176974,-0.7073882691672001,-0.7068251811053656,-1.8221648075016004,1
6.09360799996648,576,1,0,5.99983107358145,-0.42426403508176974,6.4242640350817695,-0.00016892641855012817,0.7068251811053662,-0.7073882691671997,4.540951086632197,1
6.09360799996648,576,1,1,6.4242640350817695,-0.00016892641855012817,6.00016892641855,0.42426403508176974,0.7073882691672001,0.7068251811053656,4.544329615003201,1
6.09360799996648,576,1,2,6.00016892641855,0.42426403508176974,5.5757359649182305,0.00016892641855012817,-0.7068251811053662,0.7073882691671997,-3.9409510866321975,1
6.09360799996648,576,1,3,5.5757359649182305,0.00016892641855012817,5.99983107358145,-0.42426403508176974,-0.7073882691672001,-0.7068251811053656,-3.9443296150032006,1
6.1601713000563905,580,0,0,2.9998310735814497,-0.42426403508176974,3.4242640350817695,-0.00016892641855012817,0.7068251811053662,-0.7073882691671997,2.4204755433160985,1
6.1601713000563905,580,0,1,3.4242640350817695,-0.00016892641855012817,3.0001689264185503,0.42426403508176974,0.7073882691672001,0.7068251811053656,2.4221648075016002,1
6.1601713000563905,580,0,2,3.0001689264185503,0.42426403508176974,2.5757359649182305,0.00016892641855012817,-0.7068251811053662,0.7073882691671997,-1.8204755433160988,1
6.1601713000563905,580,0,3,2.5757359649182305,0.00016892641855012817,2.9998310735814497,-0.42426403508176974,-0.7073882691672001,-0.7068251811053656,-1.8221648075016004,1
6.1601713000563905,580,1,0,5.99983107358145,-0.42426403508176974,6.4242640350817695,-0.00016892641855012817,0.7068251811053662,-0.7073882691671997,4.540951086632197,1
6.1601713000563905,580,1,1,6.4242640350817695,-0.00016892641855012817,6.00016892641855,0.42426403508176974,0.7073882691672001,0.7068251811053656,4.544329615003201,1
6.1601713000563905,580,1,2,6.00016892641855,0.42426403508176974,5.5757359649182305,0.00016892641855012817,-0.7068251811053662,0.7073882691671997,-3.9409510866321975,1
6.1601713000563905,580,1,3,5.5757359649182305,0.00016892641855012817,5.99983107358145,-0.42426403508176974,-0.7073882691672001,-0.7068251811053656,-3.9443296150032006,1
6.22680850001052,584,0,0,2.9998310735814497,-0.42426403508176974,3.4242640350817695,-0.00016892641855012817,0.7068251811053662,-0.7073882691671997,2.4204755433160985,1
6.22680850001052,584,0,1,3.4242640350817695,-0.00016892641855012817,3.0001689264185503,0.42426403508176974,0.7073882691672001,0.7068251811053656,2.4221648075016002,1
6.22680850001052,584,0,2,3.0001689264185503,0.42426403508176974,2.5757359649182305,0.00016892641855012817,-0.7068251811053662,0.7073882691671997,-1.8204755433160988,1
6.22680850001052,584,0,3,2.5757359649182305,0.00016892641855012817,2.9998310735814497,-0.42426403508176974,-0.7073882691672001,-0.7068251811053656,-1.8221648075016004,1
6.22680850001052,584,1,0,5.99983107358145,-0.42426403508176974,6.4242640350817695,-0.00016892641855012817,0.7068251811053662,-0.7073882691671997,4.540951086632197,1
6.22680850001052,584,1,1,6.4242640350817695,-0.00016892641855012817,6.00016892641855,0.42426403508176974,0.7073882691672001,0.7068251811053656,4.544329615003201,1
6.22680850001052,584,1,2,6.00016892641855,0.42426403508176974,5.5757359649182305,0.00016892641855012817,-0.7068251811053662,0.7073882691671997,-3.9409510866321975,1
6.22680850001052,584,1,3,5.5757359649182305,0.00016892641855012817,5.99983107358145,-0.42426403508176974,-0.7073882691672001,-0.7068251811053656,-3.9443296150032006,1
6.293590100016445,589,0,0,2.9998310735814497,-0.42426403508176974,3.4242640350817695,-0.00016892641855012817,0.7068251811053662,-0.7073882691671997,2.4204755433160985,1
6.293590100016445,589,0,1,3.4242640350817695,-0.00016892641855012817,3.0001689264185503,0.42426403508176974,0.7073882691672001,0.7068251811053656,2.4221648075016002,1
6.293590100016445,589,0,2,3.0001689264185503,0.42426403508176974,2.5757359649182305,0.00016892641855012817,-0.7068251811053662,0.7073882691671997,-1.8204755433160988,1
6.293590100016445,589,0,3,2.5757359649182305,0.00016892641855012817,2.9998310735814497,-0.42426403508176974,-0.7073882691672001,-0.7068251811053656,-1.8221648075016004,1
6.293590100016445,589,1,0,5.99983107358145,-0.42426403508176974,6.4242640350817695,-0.00016892641855012817,0.7068251811053662,-0.7073882691671997,4.540951086632197,1
6.293590100016445,589,1,1,6.4242640350817695,-0.00016892641855012817,6.00016892641855,0.42426403508176974,0.7073882691672001,0.7068251811053656,4.544329615003201,1
6.293590100016445,589,1,2,6.00016892641855,0.42426403508176974,5.5757359649182305,0.00016892641855012817,-0.7068251811053662,0.7073882691671997,-3.9409510866321975,1
6.293590100016445,589,1,3,5.5757359649182305,0.00016892641855012817,5.99983107358145,-0.42426403508176974,-0.7073882691672001,-0.7068251811053656,-3.9443296150032006,1
6.360182699980214,594,0,0,2.9998310735814497,-0.42426403508176974,3.4242640350817695,-0.00016892641855012817,0.7068251811053662,-0.7073882691671997,2.4204755433160985,1
6.360182699980214,594,0,1,3.4242640350817695,-0.00016892641855012817,3.0001689264185503,0.42426403508176974,0.7073882691672001,0.7068251811053656,2.4221648075016002,1
6.360182699980214,594,0,2,3.0001689264185503,0.42426403508176974,2.5757359649182305,0.00016892641855012817,-0.7068251811053662,0.7073882691671997,-1.8204755433160988,1
6.360182699980214,594,0,3,2.5757359649182305,0.00016892641855012817,2.9998310735814497,-0.42426403508176974,-0.7073882691672001,-0.7068251811053656,-1.8221648075016004,1
6.360182699980214,594,1,0,5.99983107358145,-0.42426403508176974,6.4242640350817695,-0.00016892641855012817,0.7068251811053662,-0.7073882691671997,4.540951086632197,1
6.360182699980214,594,1,1,6.4242640350817695,-0.00016892641855012817,6.00016892641855,0.42426403508176974,0.7073882691672001,0.7068251811053656,4.544329615003201,1
6.360182699980214,594,1,2,6.00016892641855,0.42426403508176974,5.5757359649182305,0.00016892641855012817,-0.7068251811053662,0.7073882691671997,-3.9409510866321975,1
6.360182699980214,594,1,3,5.5757359649182305,0.00016892641855012817,5.99983107358145,-0.42426403508176974,-0.7073882691672001,-0.7068251811053656,-3.9443296150032006,1
6.426831400021911,599,0,0,2.9998310735814497,-0.42426403508176974,3.4242640350817695,-0.00016892641855012817,0.7068251811053662,-0.7073882691671997,2.4204755433160985,1
6.426831400021911,599,0,1,3.4242640350817695,-0.00016892641855012817,3.0001689264185503,0.42426403508176974,0.7073882691672001,0.7068251811053656,2.4221648075016002,1
6.426831400021911,599,0,2,3.0001689264185503,0.42426403508176974,2.5757359649182305,0.00016892641855012817,-0.7068251811053662,0.7073882691671997,-1.8204755433160988,1
6.426831400021911,599,0,3,2.5757359649182305,0.00016892641855012817,2.9998310735814497,-0.42426403508176974,-0.7073882691672001,-0.7068251811053656,-1.8221648075016004,1
6.426831400021911,599,1,0,5.99983107358145,-0.42426403508176974,6.4242640350817695,-0.00016892641855012817,0.7068251811053662,-0.7073882691671997,4.540951086632197,1
6.426831400021911,599,1,1,6.4242640350817695,-0.00016892641855012817,6.00016892641855,0.42426403508176974,0.7073882691672001,0.7068251811053656,4.544329615003201,1
6.426831400021911,599,1,2,6.00016892641855,0.42426403508176974,5.5757359649182305,0.00016892641855012817,-0.7068251811053662,0.7073882691671997,-3.9409510866321975,1
6.426831400021911,599,1,3,5.5757359649182305,0.00016892641855012817,5.99983107358145,-0.42426403508176974,-0.7073882691672001,-0.7068251811053656,-3.9443296150032006,1
6.493552600033581,604,0,0,2.9998310735814497,-0.42426403508176974,3.4242640350817695,-0.00016892641855012817,0.7068251811053662,-0.7073882691671997,2.4204755433160985,1
6.493552600033581,604,0,1,3.4242640350817695,-0.00016892641855012817,3.0001689264185503,0.42426403508176974,0.7073882691672001,0.7068251811053656,2.4221648075016002,1
6.493552600033581,604,0,2,3.0001689264185503,0.42426403508176974,2.5757359649182305,0.00016892641855012817,-0.7068251811053662,0.7073882691671997,-1.8204755433160988,1
6.493552600033581,604,0,3,2.5757359649182305,0.00016892641855012817,2.9998310735814497,-0.42426403508176974,-0.7073882691672001,-0.7068251811053656,-1.8221648075016004,1
6.493552600033581,604,1,0,5.99983107358145,-0.42426403508176974,6.4242640350817695,-0.00016892641855012817,0.7068251811053662,-0.7073882691671997,4.540951086632197,1
6.493552600033581,604,1,1,6.4242640350817695,-0.00016892641855012817,6.00016892641855,0.42426403508176974,0.7073882691672001,0.7068251811053656,4.544329615003201,1
6.493552600033581,604,1,2,6.00016892641855,0.42426403508176974,5.5757359649182305,0.00016892641855012817,-0.7068251811053662,0.7073882691671997,-3.9409510866321975,1
6.493552600033581,604,1,3,5.5757359649182305,0.00016892641855012817,5.99983107358145,-0.42426403508176974,-0.7073882691672001,-0.7068251811053656,-3.9443296150032006,1
6.560161300003529,610,0,0,2.9998310735814497,-0.42426403508176974,3.4242640350817695,-0.00016892641855012817,0.7068251811053662,-0.7073882691671997,2.4204755433160985,1
6.560161300003529,610,0,1,3.4242640350817695,-0.00016892641855012817,3.0001689264185503,0.42426403508176974,0.7073882691672001,0.7068251811053656,2.4221648075016002,1
6.560161300003529,610,0,2,3.0001689264185503,0.42426403508176974,2.5757359649182305,0.00016892641855012817,-0.7068251811053662,0.7073882691671997,-1.8204755433160988,1
6.560161300003529,610,0,3,2.5757359649182305,0.00016892641855012817,2.9998310735814497,-0.42426403508176974,-0.7073882691672001,-0.7068251811053656,-1.8221648075016004,1
6.560161300003529,610,1,0,5.99983107358145,-0.42426403508176974,6.4242640350817695,-0.00016892641855012817,0.7068251811053662,-0.7073882691671997,4.540951086632197,1
6.560161300003529,610,1,1,6.4242640350817695,-0.00016892641855012817,6.00016892641855,0.42426403508176974,0.7073882691672001,0.7068251811053656,4.544329615003201,1
6.560161300003529,610,1,2,6.00016892641855,0.42426403508176974,5.5757359649182305,0.00016892641855012817,-0.7068251811053662,0.7073882691671997,-3.9409510866321975,1
6.560161300003529,610,1,3,5.5757359649182305,0.00016892641855012817,5.99983107358145,-0.42426403508176974,-0.7073882691672001,-0.7068251811053656,-3.9443296150032006,1
6.626837100018747,616,0,0,2.9998310735814497,-0.42426403508176974,3.4242640350817695,-0.00016892641855012817,0.7068251811053662,-0.7073882691671997,2.4204755433160985,1
6.626837100018747,616,0,1,3.4242640350817695,-0.00016892641855012817,3.0001689264185503,0.42426403508176974,0.7073882691672001,0.7068251811053656,2.4221648075016002,1
6.626837100018747,616,0,2,3.0001689264185503,0.42426403508176974,2.5757359649182305,0.00016892641855012817,-0.7068251811053662,0.7073882691671997,-1.8204755433160988,1
6.626837100018747,616,0,3,2.5757359649182305,0.00016892641855012817,2.9998310735814497,-0.42426403508176974,-0.7073882691672001,-0.7068251811053656,-1.8221648075016004,1
6.626837100018747,616,1,0,5.99983107358145,-0.42426403508176974,6.4242640350817695,-0.00016892641855012817,0.7068251811053662,-0.7073882691671997,4.540951086632197,1
6.626837100018747,616,1,1,6.4242640350817695,-0.00016892641855012817,6.00016892641855,0.42426403508176974,0.7073882691672001,0.7068251811053656,4.544329615003201,1
6.626837100018747,616,1,2,6.00016892641855,0.42426403508176974,5.5757359649182305,0.00016892641855012817,-0.7068251811053662,0.7073882691671997,-3.9409510866321975,1
6.626837100018747,616,1,3,5.5757359649182305,0.00016892641855012817,5.99983107358145,-0.42426403508176974,-0.7073882691672001,-0.7068251811053656,-3.9443296150032006,1
6.6935508999740705,622,0,0,2.9998310735814497,-0.42426403508176974,3.4242640350817695,-0.00016892641855012817,0.7068251811053662,-0.7073882691671997,2.4204755433160985,1
6.6935508999740705,622,0,1,3.4242640350817695,-0.00016892641855012817,3.0001689264185503,0.42426403508176974,0.7073882691672001,0.7068251811053656,2.4221648075016002,1
6.6935508999740705,622,0,2,3.0001689264185503,0.42426403508176974,2.5757359649182305,0.00016892641855012817,-0.7068251811053662,0.7073882691671997,-1.8204755433160988,1
6.6935508999740705,622,0,3,2.5757359649182305,0.00016892641855012817,2.9998310735814497,-0.42426403508176974,-0.7073882691672001,-0.7068251811053656,-1.8221648075016004,1
6.6935508999740705,622,1,0,5.99983107358145,-0.42426403508176974,6.4242640350817695,-0.00016892641855012817,0.7068251811053662,-0.7073882691671997,4.540951086632197,1
6.6935508999740705,622,1,1,6.4242640350817695,-0.00016892641855012817,6.00016892641855,0.42426403508176974,0.7073882691672001,0.7068251811053656,4.544329615003201,1
6.6935508999740705,622,1,2,6.00016892641855,0.42426403508176974,5.5757359649182305,0.00016892641855012817,-0.7068251811053662,0.7073882691671997,-3.9409510866321975,1
6.6935508999740705,622,1,3,5.5757359649182305,0.00016892641855012817,5.99983107358145,-0.42426403508176974,-0.7073882691672001,-0.7068251811053656,-3.9443296150032006,1
6.760167300002649,628,0,0,2.9998310735814497,-0.42426403508176974,3.4242640350817695,-0.00016892641855012817,0.7068251811053662,-0.7073882691671997,2.4204755433160985,1
6.760167300002649,628,0,1,3.4242640350817695,-0.00016892641855012817,3.0001689264185503,0.42426403508176974,0.7073882691672001,0.7068251811053656,2.4221648075016002,1
6.760167300002649,628,0,2,3.0001689264185503,0.42426403508176974,2.5757359649182305,0.00016892641855012817,-0.7068251811053662,0.7073882691671997,-1.8204755433160988,1
6.760167300002649,628,0,3,2.5757359649182305,0.00016892641855012817,2.9998310735814497,-0.42426403508176974,-0.7073882691672001,-0.7068251811053656,-1.8221648075016004,1
6.760167300002649,628,1,0,5.99983107358145,-0.42426403508176974,6.4242640350817695,-0.00016892641855012817,0.7068251811053662,-0.7073882691671997,4.540951086632197,1
6.760167300002649,628,1,1,6.4242640350817695,-0.00016892641855012817,6.00016892641855,0.42426403508176974,0.7073882691672001,0.7068251811053656,4.544329615003201,1
6.760167300002649,628,1,2,6.00016892641855,0.42426403508176974,5.5757359649182305,0.00016892641855012817,-0.7068251811053662,0.7073882691671997,-3.9409510866321975,1
6.760167300002649,628,1,3,5.5757359649182305,0.00016892641855012817,5.99983107358145,-0.42426403508176974,-0.7073882691672001,-0.7068251811053656,-3.9443296150032006,1
6.826910899952054,634,0,0,2.9998310735814497,-0.42426403508176974,3.4242640350817695,-0.00016892641855012817,0.7068251811053662,-0.7073882691671997,2.4204755433160985,1
6.826910899952054,634,0,1,3.4242640350817695,-0.00016892641855012817,3.0001689264185503,0.42426403508176974,0.7073882691672001,0.7068251811053656,2.4221648075016002,1
6.826910899952054,634,0,2,3.0001689264185503,0.42426403508176974,2.5757359649182305,0.00016892641855012817,-0.7068251811053662,0.7073882691671997,-1.8204755433160988,1
6.826910899952054,634,0,3,2.5757359649182305,0.00016892641855012817,2.9998310735814497,-0.42426403508176974,-0.7073882691672001,-0.7068251811053656,-1.8221648075016004,1
6.826910899952054,634,1,0,5.99983107358145,-0.42426403508176974,6.4242640350817695,-0.00016892641855012817,0.7068251811053662,-0.7073882691671997,4.540951086632197,1
6.826910899952054,634,1,1,6.4242640350817695,-0.00016892641855012817,6.00016892641855,0.42426403508176974,0.7073882691672001,0.7068251811053656,4.544329615003201,1
6.826910899952054,634,1,2,6.00016892641855,0.42426403508176974,5.5757359649182305,0.00016892641855012817,-0.7068251811053662,0.7073882691671997,-3.9409510866321975,1
6.826910899952054,634,1,3,5.5757359649182305,0.00016892641855012817,5.99983107358145,-0.42426403508176974,-0.7073882691672001,-0.7068251811053656,-3.9443296150032006,1
6.893522700062022,638,0,0,2.9998310735814497,-0.42426403508176974,3.4242640350817695,-0.00016892641855012817,0.7068251811053662,-0.7073882691671997,2.4204755433160985,1
6.893522700062022,638,0,1,3.4242640350817695,-0.00016892641855012817,3.0001689264185503,0.42426403508176974,0.7073882691672001,0.7068251811053656,2.4221648075016002,1
6.893522700062022,638,0,2,3.0001689264185503,0.42426403508176974,2.5757359649182305,0.00016892641855012817,-0.7068251811053662,0.7073882691671997,-1.8204755433160988,1
6.893522700062022,638,0,3,2.5757359649182305,0.00016892641855012817,2.9998310735814497,-0.42426403508176974,-0.7073882691672001,-0.7068251811053656,-1.8221648075016004,1
6.893522700062022,638,1,0,5.99983107358145,-0.42426403508176974,6.4242640350817695,-0.00016892641855012817,0.7068251811053662,-0.7073882691671997,4.540951086632197,1
6.893522700062022,638,1,1,6.4242640350817695,-0.00016892641855012817,6.00016892641855,0.42426403508176974,0.7073882691672001,0.7068251811053656,4.544329615003201,1
6.893522700062022,638,1,2,6.00016892641855,0.42426403508176974,5.5757359649182305,0.00016892641855012817,-0.7068251811053662,0.7073882691671997,-3.9409510866321975,1
6.893522700062022,638,1,3,5.5757359649182305,0.00016892641855012817,5.99983107358145,-0.42426403508176974,-0.7073882691672001,-0.7068251811053656,-3.9443296150032006,1
6.960155499982648,643,0,0,2.9998310735814497,-0.42426403508176974,3.4242640350817695,-0.00016892641855012817,0.7068251811053662,-0.7073882691671997,2.4204755433160985,1
6.960155499982648,643,0,1,3.4242640350817695,-0.00016892641855012817,3.0001689264185503,0.42426403508176974,0.7073882691672001,0.7068251811053656,2.4221648075016002,1
6.960155499982648,643,0,2,3.0001689264185503,0.42426403508176974,2.5757359649182305,0.00016892641855012817,-0.7068251811053662,0.7073882691671997,-1.8204755433160988,1
6.960155499982648,643,0,3,2.5757359649182305,0.00016892641855012817,2.9998310735814497,-0.42426403508176974,-0.7073882691672001,-0.7068251811053656,-1.8221648075016004,1
6.960155499982648,643,1,0,5.99983107358145,-0.42426403508176974,6.4242640350817695,-0.00016892641855012817,0.7068251811053662,-0.7073882691671997,4.540951086632197,1
6.960155499982648,643,1,1,6.4242640350817695,-0.00016892641855012817,6.00016892641855,0.42426403508176974,0.7073882691672001,0.7068251811053656,4.544329615003201,1
6.960155499982648,643,1,2,6.00016892641855,0.42426403508176974,5.5757359649182305,0.00016892641855012817,-0.7068251811053662,0.7073882691671997,-3.9409510866321975,1
6.960155499982648,643,1,3,5.5757359649182305,0.00016892641855012817,5.99983107358145,-0.42426403508176974,-0.7073882691672001,-0.7068251811053656,-3.9443296150032006,1
7.026832200004719,649,0,0,2.9998310735814497,-0.42426403508176974,3.4242640350817695,-0.00016892641855012817,0.7068251811053662,-0.7073882691671997,2.4204755433160985,1
7.026832200004719,649,0,1,3.4242640350817695,-0.00016892641855012817,3.0001689264185503,0.42426403508176974,0.7073882691672001,0.7068251811053656,2.4221648075016002,1
7.026832200004719,649,0,2,3.0001689264185503,0.42426403508176974,2.5757359649182305,0.00016892641855012817,-0.7068251811053662,0.7073882691671997,-1.8204755433160988,1
7.026832200004719,649,0,3,2.5757359649182305,0.00016892641855012817,2.9998310735814497,-0.42426403508176974,-0.7073882691672001,-0.7068251811053656,-1.8221648075016004,1
7.026832200004719,649,1,0,5.99983107358145,-0.42426403508176974,6.4242640350817695,-0.00016892641855012817,0.7068251811053662,-0.7073882691671997,4.540951086632197,1
7.026832200004719,649,1,1,6.4242640350817695,-0.00016892641855012817,6.00016892641855,0.42426403508176974,0.7073882691672001,0.7068251811053656,4.544329615003201,1
7.026832200004719,649,1,2,6.00016892641855,0.42426403508176974,5.5757359649182305,0.00016892641855012817,-0.7068251811053662,0.7073882691671997,-3.9409510866321975,1
7.026832200004719,649,1,3,5.5757359649182305,0.00016892641855012817,5.99983107358145,-0.42426403508176974,-0.7073882691672001,-0.7068251811053656,-3.9443296150032006,1
7.093662100029178,656,0,0,2.9998310735814497,-0.42426403508176974,3.4242640350817695,-0.00016892641855012817,0.7068251811053662,-0.7073882691671997,2.4204755433160985,1
7.093662100029178,656,0,1,3.4242640350817695,-0.00016892641855012817,3.0001689264185503,0.42426403508176974,0.7073882691672001,0.7068251811053656,2.4221648075016002,1
7.093662100029178,656,0,2,3.0001689264185503,0.42426403508176974,2.5757359649182305,0.00016892641855012817,-0.7068251811053662,0.7073882691671997,-1.8204755433160988,1
7.093662100029178,656,0,3,2.5757359649182305,0.00016892641855012817,2.9998310735814497,-0.42426403508176974,-0.7073882691672001,-0.7068251811053656,-1.8221648075016004,1
7.093662100029178,656,1,0,5.99983107358145,-0.42426403508176974,6.4242640350817695,-0.00016892641855012817,0.7068251811053662,-0.7073882691671997,4.540951086632197,1
7.093662100029178,656,1,1,6.4242640350817695,-0.00016892641855012817,6.00016892641855,0.42426403508176974,0.7073882691672001,0.7068251811053656,4.544329615003201,1
7.093662100029178,656,1,2,6.00016892641855,0.42426403508176974,5.5757359649182305,0.00016892641855012817,-0.7068251811053662,0.7073882691671997,-3.9409510866321975,1
7.093662100029178,656,1,3,5.5757359649182305,0.00016892641855012817,5.99983107358145,-0.42426403508176974,-0.7073882691672001,-0.7068251811053656,-3.9443296150032006,1
7.160236999974586,662,0,0,2.9998310735814497,-0.42426403508176974,3.4242640350817695,-0.00016892641855012817,0.7068251811053662,-0.7073882691671997,2.4204755433160985,1
7.160236999974586,662,0,1,3.4242640350817695,-0.00016892641855012817,3.0001689264185503,0.42426403508176974,0.7073882691672001,0.7068251811053656,2.4221648075016002,1
7.160236999974586,662,0,2,3.0001689264185503,0.42426403508176974,2.5757359649182305,0.00016892641855012817,-0.7068251811053662,0.7073882691671997,-1.8204755433160988,1
7.160236999974586,662,0,3,2.5757359649182305,0.00016892641855012817,2.9998310735814497,-0.42426403508176974,-0.7073882691672001,-0.7068251811053656,-1.8221648075016004,1
7.160236999974586,662,1,0,5.99983107358145,-0.42426403508176974,6.4242640350817695,-0.00016892641855012817,0.7068251811053662,-0.7073882691671997,4.540951086632197,1
7.160236999974586,662,1,1,6.4242640350817695,-0.00016892641855012817,6.00016892641855,0.42426403508176974,0.7073882691672001,0.7068251811053656,4.544329615003201,1
7.160236999974586,662,1,2,6.00016892641855,0.42426403508176974,5.5757359649182305,0.00016892641855012817,-0.7068251811053662,0.7073882691671997,-3.9409510866321975,1
7.160236999974586,662,1,3,5.5757359649182305,0.00016892641855012817,5.99983107358145,-0.42426403508176974,-0.7073882691672001,-0.7068251811053656,-3.9443296150032006,1
7.226877199951559,669,0,0,2.9998310735814497,-0.42426403508176974,3.4242640350817695,-0.00016892641855012817,0.7068251811053662,-0.7073882691671997,2.4204755433160985,1
7.226877199951559,669,0,1,3.4242640350817695,-0.00016892641855012817,3.0001689264185503,0.42426403508176974,0.7073882691672001,0.7068251811053656,2.4221648075016002,1
7.226877199951559,669,0,2,3.0001689264185503,0.42426403508176974,2.5757359649182305,0.00016892641855012817,-0.7068251811053662,0.7073882691671997,-1.8204755433160988,1
7.226877199951559,669,0,3,2.5757359649182305,0.00016892641855012817,2.9998310735814497,-0.42426403508176974,-0.7073882691672001,-0.7068251811053656,-1.8221648075016004,1
7.226877199951559,669,1,0,5.99983107358145,-0.42426403508176974,6.4242640350817695,-0.00016892641855012817,0.7068251811053662,-0.7073882691671997,4.540951086632197,1
7.226877199951559,669,1,1,6.4242640350817695,-0.00016892641855012817,6.00016892641855,0.42426403508176974,0.7073882691672001,0.7068251811053656,4.544329615003201,1
7.226877199951559,669,1,2,6.00016892641855,0.42426403508176974,5.5757359649182305,0.00016892641855012817,-0.7068251811053662,0.7073882691671997,-3.9409510866321975,1
7.226877199951559,669,1,3,5.5757359649182305,0.00016892641855012817,5.99983107358145,-0.42426403508176974,-0.7073882691672001,-0.7068251811053656,-3.9443296150032006,1
7.293490399955772,676,0,0,2.9998310735814497,-0.42426403508176974,3.4242640350817695,-0.00016892641855012817,0.7068251811053662,-0.7073882691671997,2.4204755433160985,1
7.293490399955772,676,0,1,3.4242640350817695,-0.00016892641855012817,3.0001689264185503,0.42426403508176974,0.7073882691672001,0.7068251811053656,2.4221648075016002,1
7.293490399955772,676,0,2,3.0001689264185503,0.42426403508176974,2.5757359649182305,0.00016892641855012817,-0.7068251811053662,0.7073882691671997,-1.8204755433160988,1
7.293490399955772,676,0,3,2.5757359649182305,0.00016892641855012817,2.9998310735814497,-0.42426403508176974,-0.7073882691672001,-0.7068251811053656,-1.8221648075016004,1
7.293490399955772,676,1,0,5.99983107358145,-0.42426403508176974,6.4242640350817695,-0.00016892641855012817,0.7068251811053662,-0.7073882691671997,4.540951086632197,1
7.293490399955772,676,1,1,6.4242640350817695,-0.00016892641855012817,6.00016892641855,0.42426403508176974,0.7073882691672001,0.7068251811053656,4.544329615003201,1
7.293490399955772,676,1,2,6.00016892641855,0.42426403508176974,5.5757359649182305,0.00016892641855012817,-0.7068251811053662,0.7073882691671997,-3.9409510866321975,1
7.293490399955772,676,1,3,5.5757359649182305,0.00016892641855012817,5.99983107358145,-0.42426403508176974,-0.7073882691672001,-0.7068251811053656,-3.9443296150032006,1
7.360169699997641,683,0,0,2.9998310735814497,-0.42426403508176974,3.4242640350817695,-0.00016892641855012817,0.7068251811053662,-0.7073882691671997,2.4204755433160985,1
7.360169699997641,683,0,1,3.4242640350817695,-0.00016892641855012817,3.0001689264185503,0.42426403508176974,0.7073882691672001,0.7068251811053656,2.4221648075016002,1
7.360169699997641,683,0,2,3.0001689264185503,0.42426403508176974,2.5757359649182305,0.00016892641855012817,-0.7068251811053662,0.7073882691671997,-1.8204755433160988,1
7.360169699997641,683,0,3,2.5757359649182305,0.00016892641855012817,2.9998310735814497,-0.42426403508176974,-0.7073882691672001,-0.7068251811053656,-1.8221648075016004,1
7.360169699997641,683,1,0,5.99983107358145,-0.42426403508176974,6.4242640350817695,-0.00016892641855012817,0.7068251811053662,-0.7073882691671997,4.540951086632197,1
7.360169699997641,683,1,1,6.4242640350817695,-0.00016892641855012817,6.00016892641855,0.42426403508176974,0.7073882691672001,0.7068251811053656,4.544329615003201,1
7.360169699997641,683,1,2,6.00016892641855,0.42426403508176974,5.5757359649182305,0.00016892641855012817,-0.7068251811053662,0.7073882691671997,-3.9409510866321975,1
7.360169699997641,683,1,3,5.5757359649182305,0.00016892641855012817,5.99983107358145,-0.42426403508176974,-0.7073882691672001,-0.7068251811053656,-3.9443296150032006,1
7.426832300028764,691,0,0,2.9998310735814497,-0.42426403508176974,3.4242640350817695,-0.00016892641855012817,0.7068251811053662,-0.7073882691671997,2.4204755433160985,1
7.426832300028764,691,0,1,3.4242640350817695,-0.00016892641855012817,3.0001689264185503,0.42426403508176974,0.7073882691672001,0.7068251811053656,2.4221648075016002,1
7.426832300028764,691,0,2,3.0001689264185503,0.42426403508176974,2.5757359649182305,0.00016892641855012817,-0.7068251811053662,0.7073882691671997,-1.8204755433160988,1
7.426832300028764,691,0,3,2.5757359649182305,0.00016892641855012817,2.9998310735814497,-0.42426403508176974,-0.7073882691672001,-0.7068251811053656,-1.8221648075016004,1
7.426832300028764,691,1,0,5.99983107358145,-0.42426403508176974,6.4242640350817695,-0.00016892641855012817,0.7068251811053662,-0.7073882691671997,4.540951086632197,1
7.426832300028764,691,1,1,6.4242640350817695,-0.00016892641855012817,6.00016892641855,0.42426403508176974,0.7073882691672001,0.7068251811053656,4.544329615003201,1
7.426832300028764,691,1,2,6.00016892641855,0.42426403508176974,5.5757359649182305,0.00016892641855012817,-0.7068251811053662,0.7073882691671997,-3.9409510866321975,1
7.426832300028764,691,1,3,5.5757359649182305,0.00016892641855012817,5.99983107358145,-0.42426403508176974,-0.7073882691672001,-0.7068251811053656,-3.9443296150032006,1
7.493493600049987,698,0,0,2.9998310735814497,-0.42426403508176974,3.4242640350817695,-0.00016892641855012817,0.7068251811053662,-0.7073882691671997,2.4204755433160985,1
7.493493600049987,698,0,1,3.4242640350817695,-0.00016892641855012817,3.0001689264185503,0.42426403508176974,0.7073882691672001,0.7068251811053656,2.4221648075016002,1
7.493493600049987,698,0,2,3.0001689264185503,0.42426403508176974,2.5757359649182305,0.00016892641855012817,-0.7068251811053662,0.7073882691671997,-1.8204755433160988,1
7.493493600049987,698,0,3,2.5757359649182305,0.00016892641855012817,2.9998310735814497,-0.42426403508176974,-0.7073882691672001,-0.7068251811053656,-1.8221648075016004,1
7.493493600049987,698,1,0,5.99983107358145,-0.42426403508176974,6.4242640350817695,-0.00016892641855012817,0.7068251811053662,-0.7073882691671997,4.540951086632197,1
7.493493600049987,698,1,1,6.4242640350817695,-0.00016892641855012817,6.00016892641855,0.42426403508176974,0.7073882691672001,0.7068251811053656,4.544329615003201,1
7.493493600049987,698,1,2,6.00016892641855,0.42426403508176974,5.5757359649182305,0.00016892641855012817,-0.7068251811053662,0.7073882691671997,-3.9409510866321975,1
7.493493600049987,698,1,3,5.5757359649182305,0.00016892641855012817,5.99983107358145,-0.42426403508176974,-0.7073882691672001,-0.7068251811053656,-3.9443296150032006,1
7.560182600049302,705,0,0,2.9998310735814497,-0.42426403508176974,3.4242640350817695,-0.00016892641855012817,0.7068251811053662,-0.7073882691671997,2.4204755433160985,1
7.560182600049302,705,0,1,3.4242640350817695,-0.00016892641855012817,3.0001689264185503,0.42426403508176974,0.7073882691672001,0.7068251811053656,2.4221648075016002,1
7.560182600049302,705,0,2,3.0001689264185503,0.42426403508176974,2.5757359649182305,0.00016892641855012817,-0.7068251811053662,0.7073882691671997,-1.8204755433160988,1
7.560182600049302,705,0,3,2.5757359649182305,0.00016892641855012817,2.9998310735814497,-0.42426403508176974,-0.7073882691672001,-0.7068251811053656,-1.8221648075016004,1
7.560182600049302,705,1,0,5.99983107358145,-0.42426403508176974,6.4242640350817695,-0.00016892641855012817,0.7068251811053662,-0.7073882691671997,4.540951086632197,1
7.560182600049302,705,1,1,6.4242640350817695,-0.00016892641855012817,6.00016892641855,0.42426403508176974,0.7073882691672001,0.7068251811053656,4.544329615003201,1
7.560182600049302,705,1,2,6.00016892641855,0.42426403508176974,5.5757359649182305,0.00016892641855012817,-0.7068251811053662,0.7073882691671997,-3.9409510866321975,1
7.560182600049302,705,1,3,5.5757359649182305,0.00016892641855012817,5.99983107358145,-0.42426403508176974,-0.7073882691672001,-0.7068251811053656,-3.9443296150032006,1
7.626871900050901,713,0,0,2.9998310735814497,-0.42426403508176974,3.4242640350817695,-0.00016892641855012817,0.7068251811053662,-0.7073882691671997,2.4204755433160985,1
7.626871900050901,713,0,1,3.4242640350817695,-0.00016892641855012817,3.0001689264185503,0.42426403508176974,0.7073882691672001,0.7068251811053656,2.4221648075016002,1
7.626871900050901,713,0,2,3.0001689264185503,0.42426403508176974,2.5757359649182305,0.00016892641855012817,-0.7068251811053662,0.7073882691671997,-1.8204755433160988,1
7.626871900050901,713,0,3,2.5757359649182305,0.00016892641855012817,2.9998310735814497,-0.42426403508176974,-0.7073882691672001,-0.7068251811053656,-1.8221648075016004,1
7.626871900050901,713,1,0,5.99983107358145,-0.42426403508176974,6.4242640350817695,-0.00016892641855012817,0.7068251811053662,-0.7073882691671997,4.540951086632197,1
7.626871900050901,713,1,1,6.4242640350817695,-0.00016892641855012817,6.00016892641855,0.42426403508176974,0.7073882691672001,0.7068251811053656,4.544329615003201,1
7.626871900050901,713,1,2,6.00016892641855,0.42426403508176974,5.5757359649182305,0.00016892641855012817,-0.7068251811053662,0.7073882691671997,-3.9409510866321975,1
7.626871900050901,713,1,3,5.5757359649182305,0.00016892641855012817,5.99983107358145,-0.42426403508176974,-0.7073882691672001,-0.7068251811053656,-3.9443296150032006,1
7.693534899968654,720,0,0,2.9998310735814497,-0.42426403508176974,3.4242640350817695,-0.00016892641855012817,0.7068251811053662,-0.7073882691671997,2.4204755433160985,1
7.693534899968654,720,0,1,3.4242640350817695,-0.00016892641855012817,3.0001689264185503,0.42426403508176974,0.7073882691672001,0.7068251811053656,2.4221648075016002,1
7.693534899968654,720,0,2,3.0001689264185503,0.42426403508176974,2.5757359649182305,0.00016892641855012817,-0.7068251811053662,0.7073882691671997,-1.8204755433160988,1
7.693534899968654,720,0,3,2.5757359649182305,0.00016892641855012817,2.9998310735814497,-0.42426403508176974,-0.7073882691672001,-0.7068251811053656,-1.8221648075016004,1
7.693534899968654,720,1,0,5.99983107358145,-0.42426403508176974,6.4242640350817695,-0.00016892641855012817,0.7068251811053662,-0.7073882691671997,4.540951086632197,1
7.693534899968654,720,1,1,6.4242640350817695,-0.00016892641855012817,6.00016892641855,0.42426403508176974,0.7073882691672001,0.7068251811053656,4.544329615003201,1
7.693534899968654,720,1,2,6.00016892641855,0.42426403508176974,5.5757359649182305,0.00016892641855012817,-0.7068251811053662,0.7073882691671997,-3.9409510866321975,1
7.693534899968654,720,1,3,5.5757359649182305,0.00016892641855012817,5.99983107358145,-0.42426403508176974,-0.7073882691672001,-0.7068251811053656,-3.9443296150032006,1
7.760178199969232,727,0,0,2.9998310735814497,-0.42426403508176974,3.4242640350817695,-0.00016892641855012817,0.7068251811053662,-0.7073882691671997,2.4204755433160985,1
7.760178199969232,727,0,1,3.4242640350817695,-0.00016892641855012817,3.0001689264185503,0.42426403508176974,0.7073882691672001,0.7068251811053656,2.4221648075016002,1
7.760178199969232,727,0,2,3.0001689264185503,0.42426403508176974,2.5757359649182305,0.00016892641855012817,-0.7068251811053662,0.7073882691671997,-1.8204755433160988,1
7.760178199969232,727,0,3,2.5757359649182305,0.00016892641855012817,2.9998310735814497,-0.42426403508176974,-0.7073882691672001,-0.7068251811053656,-1.8221648075016004,1
7.760178199969232,727,1,0,5.99983107358145,-0.42426403508176974,6.4242640350817695,-0.00016892641855012817,0.7068251811053662,-0.7073882691671997,4.540951086632197,1
7.760178199969232,727,1,1,6.4242640350817695,-0.00016892641855012817,6.00016892641855,0.42426403508176974,0.7073882691672001,0.7068251811053656,4.544329615003201,1
7.760178199969232,727,1,2,6.00016892641855,0.42426403508176974,5.5757359649182305,0.00016892641855012817,-0.7068251811053662,0.7073882691671997,-3.9409510866321975,1
7.760178199969232,727,1,3,5.5757359649182305,0.00016892641855012817,5.99983107358145,-0.42426403508176974,-0.7073882691672001,-0.7068251811053656,-3.9443296150032006,1
7.82691890001297,734,0,0,2.9998310735814497,-0.42426403508176974,3.4242640350817695,-0.00016892641855012817,0.7068251811053662,-0.7073882691671997,2.4204755433160985,1
7.82691890001297,734,0,1,3.4242640350817695,-0.00016892641855012817,3.0001689264185503,0.42426403508176974,0.7073882691672001,0.7068251811053656,2.4221648075016002,1
7.82691890001297,734,0,2,3.0001689264185503,0.42426403508176974,2.5757359649182305,0.00016892641855012817,-0.7068251811053662,0.7073882691671997,-1.8204755433160988,1
7.82691890001297,734,0,3,2.5757359649182305,0.00016892641855012817,2.9998310735814497,-0.42426403508176974,-0.7073882691672001,-0.7068251811053656,-1.8221648075016004,1
7.82691890001297,734,1,0,5.99983107358145,-0.42426403508176974,6.4242640350817695,-0.00016892641855012817,0.7068251811053662,-0.7073882691671997,4.540951086632197,1
7.82691890001297,734,1,1,6.4242640350817695,-0.00016892641855012817,6.00016892641855,0.42426403508176974,0.7073882691672001,0.7068251811053656,4.544329615003201,1
7.82691890001297,734,1,2,6.00016892641855,0.42426403508176974,5.5757359649182305,0.00016892641855012817,-0.7068251811053662,0.7073882691671997,-3.9409510866321975,1
7.82691890001297,734,1,3,5.5757359649182305,0.00016892641855012817,5.99983107358145,-0.42426403508176974,-0.7073882691672001,-0.7068251811053656,-3.9443296150032006,1
7.893532200017944,740,0,0,2.9998310735814497,-0.42426403508176974,3.4242640350817695,-0.00016892641855012817,0.7068251811053662,-0.7073882691671997,2.4204755433160985,1
7.893532200017944,740,0,1,3.4242640350817695,-0.00016892641855012817,3.0001689264185503,0.42426403508176974,0.7073882691672001,0.7068251811053656,2.4221648075016002,1
7.893532200017944,740,0,2,3.0001689264185503,0.42426403508176974,2.5757359649182305,0.00016892641855012817,-0.7068251811053662,0.7073882691671997,-1.8204755433160988,1
7.893532200017944,740,0,3,2.5757359649182305,0.00016892641855012817,2.9998310735814497,-0.42426403508176974,-0.7073882691672001,-0.7068251811053656,-1.8221648075016004,1
7.893532200017944,740,1,0,5.99983107358145,-0.42426403508176974,6.4242640350817695,-0.00016892641855012817,0.7068251811053662,-0.7073882691671997,4.540951086632197,1
7.893532200017944,740,1,1,6.4242640350817695,-0.00016892641855012817,6.00016892641855,0.42426403508176974,0.7073882691672001,0.7068251811053656,4.544329615003201,1
7.893532200017944,740,1,2,6.00016892641855,0.42426403508176974,5.5757359649182305,0.00016892641855012817,-0.7068251811053662,0.7073882691671997,-3.9409510866321975,1
7.893532200017944,740,1,3,5.5757359649182305,0.00016892641855012817,5.99983107358145,-0.42426403508176974,-0.7073882691672001,-0.7068251811053656,-3.9443296150032006,1
7.960164500051178,747,0,0,2.9998310735814497,-0.42426403508176974,3.4242640350817695,-0.00016892641855012817,0.7068251811053662,-0.7073882691671997,2.4204755433160985,1
7.960164500051178,747,0,1,3.4242640350817695,-0.00016892641855012817,3.0001689264185503,0.42426403508176974,0.7073882691672001,0.7068251811053656,2.4221648075016002,1
7.960164500051178,747,0,2,3.0001689264185503,0.42426403508176974,2.5757359649182305,0.00016892641855012817,-0.7068251811053662,0.7073882691671997,-1.8204755433160988,1
7.960164500051178,747,0,3,2.5757359649182305,0.00016892641855012817,2.9998310735814497,-0.42426403508176974,-0.7073882691672001,-0.7068251811053656,-1.8221648075016004,1
7.960164500051178,747,1,0,5.99983107358145,-0.42426403508176974,6.4242640350817695,-0.00016892641855012817,0.7068251811053662,-0.7073882691671997,4.540951086632197,1
7.960164500051178,747,1,1,6.4242640350817695,-0.00016892641855012817,6.00016892641855,0.42426403508176974,0.7073882691672001,0.7068251811053656,4.544329615003201,1
7.960164500051178,747,1,2,6.00016892641855,0.42426403508176974,5.5757359649182305,0.00016892641855012817,-0.7068251811053662,0.7073882691671997,-3.9409510866321975,1
7.960164500051178,747,1,3,5.5757359649182305,0.00016892641855012817,5.99983107358145,-0.42426403508176974,-0.7073882691672001,-0.7068251811053656,-3.9443296150032006,1
8.026836000033654,754,0,0,2.9998310735814497,-0.42426403508176974,3.4242640350817695,-0.00016892641855012817,0.7068251811053662,-0.7073882691671997,2.4204755433160985,1
8.026836000033654,754,0,1,3.4242640350817695,-0.00016892641855012817,3.0001689264185503,0.42426403508176974,0.7073882691672001,0.7068251811053656,2.4221648075016002,1
8.026836000033654,754,0,2,3.0001689264185503,0.42426403508176974,2.5757359649182305,0.00016892641855012817,-0.7068251811053662,0.7073882691671997,-1.8204755433160988,1
8.026836000033654,754,0,3,2.5757359649182305,0.00016892641855012817,2.9998310735814497,-0.42426403508176974,-0.7073882691672001,-0.7068251811053656,-1.8221648075016004,1
8.026836000033654,754,1,0,5.99983107358145,-0.42426403508176974,6.4242640350817695,-0.00016892641855012817,0.7068251811053662,-0.7073882691671997,4.540951086632197,1
8.026836000033654,754,1,1,6.4242640350817695,-0.00016892641855012817,6.00016892641855,0.42426403508176974,0.7073882691672001,0.7068251811053656,4.544329615003201,1
8.026836000033654,754,1,2,6.00016892641855,0.42426403508176974,5.5757359649182305,0.00016892641855012817,-0.7068251811053662,0.7073882691671997,-3.9409510866321975,1
8.026836000033654,754,1,3,5.5757359649182305,0.00016892641855012817,5.99983107358145,-0.42426403508176974,-0.7073882691672001,-0.7068251811053656,-3.9443296150032006,1
8.09352090000175,760,0,0,2.9998310735814497,-0.42426403508176974,3.4242640350817695,-0.00016892641855012817,0.7068251811053662,-0.7073882691671997,2.4204755433160985,1
8.09352090000175,760,0,1,3.4242640350817695,-0.00016892641855012817,3.0001689264185503,0.42426403508176974,0.7073882691672001,0.7068251811053656,2.4221648075016002,1
8.09352090000175,760,0,2,3.0001689264185503,0.42426403508176974,2.5757359649182305,0.00016892641855012817,-0.7068251811053662,0.7073882691671997,-1.8204755433160988,1
8.09352090000175,760,0,3,2.5757359649182305,0.00016892641855012817,2.9998310735814497,-0.42426403508176974,-0.7073882691672001,-0.7068251811053656,-1.8221648075016004,1
8.09352090000175,760,1,0,5.99983107358145,-0.42426403508176974,6.4242640350817695,-0.00016892641855012817,0.7068251811053662,-0.7073882691671997,4.540951086632197,1
8.09352090000175,760,1,1,6.4242640350817695,-0.00016892641855012817,6.00016892641855,0.42426403508176974,0.7073882691672001,0.7068251811053656,4.544329615003201,1
8.09352090000175,760,1,2,6.00016892641855,0.42426403508176974,5.5757359649182305,0.00016892641855012817,-0.7068251811053662,0.7073882691671997,-3.9409510866321975,1
8.09352090000175,760,1,3,5.5757359649182305,0.00016892641855012817,5.99983107358145,-0.42426403508176974,-0.7073882691672001,-0.7068251811053656,-3.9443296150032006,1
8.160156800062396,767,0,0,2.9998310735814497,-0.42426403508176974,3.4242640350817695,-0.00016892641855012817,0.7068251811053662,-0.7073882691671997,2.4204755433160985,1
8.160156800062396,767,0,1,3.4242640350817695,-0.00016892641855012817,3.0001689264185503,0.42426403508176974,0.7073882691672001,0.7068251811053656,2.4221648075016002,1
8.160156800062396,767,0,2,3.0001689264185503,0.42426403508176974,2.5757359649182305,0.00016892641855012817,-0.7068251811053662,0.7073882691671997,-1.8204755433160988,1
8.160156800062396,767,0,3,2.5757359649182305,0.00016892641855012817,2.9998310735814497,-0.42426403508176974,-0.7073882691672001,-0.7068251811053656,-1.8221648075016004,1
8.160156800062396,767,1,0,5.99983107358145,-0.42426403508176974,6.4242640350817695,-0.00016892641855012817,0.7068251811053662,-0.7073882691671997,4.540951086632197,1
8.160156800062396,767,1,1,6.4242640350817695,-0.00016892641855012817,6.00016892641855,0.42426403508176974,0.7073882691672001,0.7068251811053656,4.544329615003201,1
8.160156800062396,767,1,2,6.00016892641855,0.42426403508176974,5.5757359649182305,0.00016892641855012817,-0.7068251811053662,0.7073882691671997,-3.9409510866321975,1
8.160156800062396,767,1,3,5.5757359649182305,0.00016892641855012817,5.99983107358145,-0.42426403508176974,-0.7073882691672001,-0.7068251811053656,-3.9443296150032006,1
8.226840400020592,773,0,0,2.9998310735814497,-0.42426403508176974,3.4242640350817695,-0.00016892641855012817,0.7068251811053662,-0.7073882691671997,2.4204755433160985,1
8.226840400020592,773,0,1,3.4242640350817695,-0.00016892641855012817,3.0001689264185503,0.42426403508176974,0.7073882691672001,0.7068251811053656,2.4221648075016002,1
8.226840400020592,773,0,2,3.0001689264185503,0.42426403508176974,2.5757359649182305,0.00016892641855012817,-0.7068251811053662,0.7073882691671997,-1.8204755433160988,1
8.226840400020592,773,0,3,2.5757359649182305,0.00016892641855012817,2.9998310735814497,-0.42426403508176974,-0.7073882691672001,-0.7068251811053656,-1.8221648075016004,1
8.226840400020592,773,1,0,5.99983107358145,-0.42426403508176974,6.4242640350817695,-0.00016892641855012817,0.7068251811053662,-0.7073882691671997,4.540951086632197,1
8.226840400020592,773,1,1,6.4242640350817695,-0.00016892641855012817,6.00016892641855,0.42426403508176974,0.7073882691672001,0.7068251811053656,4.544329615003201,1
8.226840400020592,773,1,2,6.00016892641855,0.42426403508176974,5.5757359649182305,0.00016892641855012817,-0.7068251811053662,0.7073882691671997,-3.9409510866321975,1
8.226840400020592,773,1,3,5.5757359649182305,0.00016892641855012817,5.99983107358145,-0.42426403508176974,-0.7073882691672001,-0.7068251811053656,-3.9443296150032006,1
8.293548800051212,780,0,0,2.9998310735814497,-0.42426403508176974,3.4242640350817695,-0.00016892641855012817,0.7068251811053662,-0.7073882691671997,2.4204755433160985,1
8.293548800051212,780,0,1,3.4242640350817695,-0.00016892641855012817,3.0001689264185503,0.42426403508176974,0.7073882691672001,0.7068251811053656,2.4221648075016002,1
8.293548800051212,780,0,2,3.0001689264185503,0.42426403508176974,2.5757359649182305,0.00016892641855012817,-0.7068251811053662,0.7073882691671997,-1.8204755433160988,1
8.293548800051212,780,0,3,2.5757359649182305,0.00016892641855012817,2.9998310735814497,-0.42426403508176974,-0.7073882691672001,-0.7068251811053656,-1.8221648075016004,1
8.293548800051212,780,1,0,5.99983107358145,-0.42426403508176974,6.4242640350817695,-0.00016892641855012817,0.7068251811053662,-0.7073882691671997,4.540951086632197,1
8.293548800051212,780,1,1,6.4242640350817695,-0.00016892641855012817,6.00016892641855,0.42426403508176974,0.7073882691672001,0.7068251811053656,4.544329615003201,1
8.293548800051212,780,1,2,6.00016892641855,0.42426403508176974,5.5757359649182305,0.00016892641855012817,-0.7068251811053662,0.7073882691671997,-3.9409510866321975,1
8.293548800051212,780,1,3,5.5757359649182305,0.00016892641855012817,5.99983107358145,-0.42426403508176974,-0.7073882691672001,-0.7068251811053656,-3.9443296150032006,1
8.360213199979626,787,0,0,2.9998310735814497,-0.42426403508176974,3.4242640350817695,-0.00016892641855012817,0.7068251811053662,-0.7073882691671997,2.4204755433160985,1
8.360213199979626,787,0,1,3.4242640350817695,-0.00016892641855012817,3.0001689264185503,0.42426403508176974,0.7073882691672001,0.7068251811053656,2.4221648075016002,1
8.360213199979626,787,0,2,3.0001689264185503,0.42426403508176974,2.5757359649182305,0.00016892641855012817,-0.7068251811053662,0.7073882691671997,-1.8204755433160988,1
8.360213199979626,787,0,3,2.5757359649182305,0.00016892641855012817,2.9998310735814497,-0.42426403508176974,-0.7073882691672001,-0.7068251811053656,-1.8221648075016004,1
8.360213199979626,787,1,0,5.99983107358145,-0.42426403508176974,6.4242640350817695,-0.00016892641855012817,0.7068251811053662,-0.7073882691671997,4.540951086632197,1
8.360213199979626,787,1,1,6.4242640350817695,-0.00016892641855012817,6.00016892641855,0.42426403508176974,0.7073882691672001,0.7068251811053656,4.544329615003201,1
8.360213199979626,787,1,2,6.00016892641855,0.42426403508176974,5.5757359649182305,0.00016892641855012817,-0.7068251811053662,0.7073882691671997,-3.9409510866321975,1
8.360213199979626,787,1,3,5.5757359649182305,0.00016892641855012817,5.99983107358145,-0.42426403508176974,-0.7073882691672001,-0.7068251811053656,-3.9443296150032006,1
8.42683000001125,793,0,0,2.9998310735814497,-0.42426403508176974,3.4242640350817695,-0.00016892641855012817,0.7068251811053662,-0.7073882691671997,2.4204755433160985,1
8.42683000001125,793,0,1,3.4242640350817695,-0.00016892641855012817,3.0001689264185503,0.42426403508176974,0.7073882691672001,0.7068251811053656,2.4221648075016002,1
8.42683000001125,793,0,2,3.0001689264185503,0.42426403508176974,2.5757359649182305,0.00016892641855012817,-0.7068251811053662,0.7073882691671997,-1.8204755433160988,1
8.42683000001125,793,0,3,2.5757359649182305,0.00016892641855012817,2.9998310735814497,-0.42426403508176974,-0.7073882691672001,-0.7068251811053656,-1.8221648075016004,1
8.42683000001125,793,1,0,5.99983107358145,-0.42426403508176974,6.4242640350817695,-0.00016892641855012817,0.7068251811053662,-0.7073882691671997,4.540951086632197,1
8.42683000001125,793,1,1,6.4242640350817695,-0.00016892641855012817,6.00016892641855,0.42426403508176974,0.7073882691672001,0.7068251811053656,4.544329615003201,1
8.42683000001125,793,1,2,6.00016892641855,0.42426403508176974,5.5757359649182305,0.00016892641855012817,-0.7068251811053662,0.7073882691671997,-3.9409510866321975,1
8.42683000001125,793,1,3,5.5757359649182305,0.00016892641855012817,5.99983107358145,-0.42426403508176974,-0.7073882691672001,-0.7068251811053656,-3.9443296150032006,1
8.493527399958111,800,0,0,2.9998310735814497,-0.42426403508176974,3.4242640350817695,-0.00016892641855012817,0.7068251811053662,-0.7073882691671997,2.4204755433160985,1
8.493527399958111,800,0,1,3.4242640350817695,-0.00016892641855012817,3.0001689264185503,0.42426403508176974,0.7073882691672001,0.7068251811053656,2.4221648075016002,1
8.493527399958111,800,0,2,3.0001689264185503,0.42426403508176974,2.5757359649182305,0.00016892641855012817,-0.7068251811053662,0.7073882691671997,-1.8204755433160988,1
8.493527399958111,800,0,3,2.5757359649182305,0.00016892641855012817,2.9998310735814497,-0.42426403508176974,-0.7073882691672001,-0.7068251811053656,-1.8221648075016004,1
8.493527399958111,800,1,0,5.99983107358145,-0.42426403508176974,6.4242640350817695,-0.00016892641855012817,0.7068251811053662,-0.7073882691671997,4.540951086632197,1
8.493527399958111,800,1,1,6.4242640350817695,-0.00016892641855012817,6.00016892641855,0.42426403508176974,0.7073882691672001,0.7068251811053656,4.544329615003201,1
8.493527399958111,800,1,2,6.00016892641855,0.42426403508176974,5.5757359649182305,0.00016892641855012817,-0.7068251811053662,0.7073882691671997,-3.9409510866321975,1
8.493527399958111,800,1,3,5.5757359649182305,0.00016892641855012817,5.99983107358145,-0.42426403508176974,-0.7073882691672001,-0.7068251811053656,-3.9443296150032006,1
8.560166000039317,806,0,0,2.9998310735814497,-0.42426403508176974,3.4242640350817695,-0.00016892641855012817,0.7068251811053662,-0.7073882691671997,2.4204755433160985,1
8.560166000039317,806,0,1,3.4242640350817695,-0.00016892641855012817,3.0001689264185503,0.42426403508176974,0.7073882691672001,0.7068251811053656,2.4221648075016002,1
8.560166000039317,806,0,2,3.0001689264185503,0.42426403508176974,2.5757359649182305,0.00016892641855012817,-0.7068251811053662,0.7073882691671997,-1.8204755433160988,1
8.560166000039317,806,0,3,2.5757359649182305,0.00016892641855012817,2.9998310735814497,-0.42426403508176974,-0.7073882691672001,-0.7068251811053656,-1.8221648075016004,1
8.560166000039317,806,1,0,5.99983107358145,-0.42426403508176974,6.4242640350817695,-0.00016892641855012817,0.7068251811053662,-0.7073882691671997,4.540951086632197,1
8.560166000039317,806,1,1,6.4242640350817695,-0.00016892641855012817,6.00016892641855,0.42426403508176974,0.7073882691672001,0.7068251811053656,4.544329615003201,1
8.560166000039317,806,1,2,6.00016892641855,0.42426403508176974,5.5757359649182305,0.00016892641855012817,-0.7068251811053662,0.7073882691671997,-3.9409510866321975,1
8.560166000039317,806,1,3,5.5757359649182305,0.00016892641855012817,5.99983107358145,-0.42426403508176974,-0.7073882691672001,-0.7068251811053656,-3.9443296150032006,1
8.626831999979913,813,0,0,2.9998310735814497,-0.42426403508176974,3.4242640350817695,-0.00016892641855012817,0.7068251811053662,-0.7073882691671997,2.4204755433160985,1
8.626831999979913,813,0,1,3.4242640350817695,-0.00016892641855012817,3.0001689264185503,0.42426403508176974,0.7073882691672001,0.7068251811053656,2.4221648075016002,1
8.626831999979913,813,0,2,3.0001689264185503,0.42426403508176974,2.5757359649182305,0.00016892641855012817,-0.7068251811053662,0.7073882691671997,-1.8204755433160988,1
8.626831999979913,813,0,3,2.5757359649182305,0.00016892641855012817,2.9998310735814497,-0.42426403508176974,-0.7073882691672001,-0.7068251811053656,-1.8221648075016004,1
8.626831999979913,813,1,0,5.99983107358145,-0.42426403508176974,6.4242640350817695,-0.00016892641855012817,0.7068251811053662,-0.7073882691671997,4.540951086632197,1
8.626831999979913,813,1,1,6.4242640350817695,-0.00016892641855012817,6.00016892641855,0.42426403508176974,0.7073882691672001,0.7068251811053656,4.544329615003201,1
8.626831999979913,813,1,2,6.00016892641855,0.42426403508176974,5.5757359649182305,0.00016892641855012817,-0.7068251811053662,0.7073882691671997,-3.9409510866321975,1
8.626831999979913,813,1,3,5.5757359649182305,0.00016892641855012817,5.99983107358145,-0.42426403508176974,-0.7073882691672001,-0.7068251811053656,-3.9443296150032006,1
8.69351909996476,820,0,0,2.9998310735814497,-0.42426403508176974,3.4242640350817695,-0.00016892641855012817,0.7068251811053662,-0.7073882691671997,2.4204755433160985,1
8.69351909996476,820,0,1,3.4242640350817695,-0.00016892641855012817,3.0001689264185503,0.42426403508176974,0.7073882691672001,0.7068251811053656,2.4221648075016002,1
8.69351909996476,820,0,2,3.0001689264185503,0.42426403508176974,2.5757359649182305,0.00016892641855012817,-0.7068251811053662,0.7073882691671997,-1.8204755433160988,1
8.69351909996476,820,0,3,2.5757359649182305,0.00016892641855012817,2.9998310735814497,-0.42426403508176974,-0.7073882691672001,-0.7068251811053656,-1.8221648075016004,1
8.69351909996476,820,1,0,5.99983107358145,-0.42426403508176974,6.4242640350817695,-0.00016892641855012817,0.7068251811053662,-0.7073882691671997,4.540951086632197,1
8.69351909996476,820,1,1,6.4242640350817695,-0.00016892641855012817,6.00016892641855,0.42426403508176974,0.7073882691672001,0.7068251811053656,4.544329615003201,1
8.69351909996476,820,1,2,6.00016892641855,0.42426403508176974,5.5757359649182305,0.00016892641855012817,-0.7068251811053662,0.7073882691671997,-3.9409510866321975,1
8.69351909996476,820,1,3,5.5757359649182305,0.00016892641855012817,5.99983107358145,-0.42426403508176974,-0.7073882691672001,-0.7068251811053656,-3.9443296150032006,1
8.76019050006289,826,0,0,2.9998310735814497,-0.42426403508176974,3.4242640350817695,-0.00016892641855012817,0.7068251811053662,-0.7073882691671997,2.4204755433160985,1
8.76019050006289,826,0,1,3.4242640350817695,-0.00016892641855012817,3.0001689264185503,0.42426403508176974,0.7073882691672001,0.7068251811053656,2.4221648075016002,1
8.76019050006289,826,0,2,3.0001689264185503,0.42426403508176974,2.5757359649182305,0.00016892641855012817,-0.7068251811053662,0.7073882691671997,-1.8204755433160988,1
8.76019050006289,826,0,3,2.5757359649182305,0.00016892641855012817,2.9998310735814497,-0.42426403508176974,-0.7073882691672001,-0.7068251811053656,-1.8221648075016004,1
8.76019050006289,826,1,0,5.99983107358145,-0.42426403508176974,6.4242640350817695,-0.00016892641855012817,0.7068251811053662,-0.7073882691671997,4.540951086632197,1
8.76019050006289,826,1,1,6.4242640350817695,-0.00016892641855012817,6.00016892641855,0.42426403508176974,0.7073882691672001,0.7068251811053656,4.544329615003201,1
8.76019050006289,826,1,2,6.00016892641855,0.42426403508176974,5.5757359649182305,0.00016892641855012817,-0.7068251811053662,0.7073882691671997,-3.9409510866321975,1
8.76019050006289,826,1,3,5.5757359649182305,0.00016892641855012817,5.99983107358145,-0.42426403508176974,-0.7073882691672001,-0.7068251811053656,-3.9443296150032006,1
8.826873100013472,833,0,0,2.9998310735814497,-0.42426403508176974,3.4242640350817695,-0.00016892641855012817,0.7068251811053662,-0.7073882691671997,2.4204755433160985,1
8.826873100013472,833,0,1,3.4242640350817695,-0.00016892641855012817,3.0001689264185503,0.42426403508176974,0.7073882691672001,0.7068251811053656,2.4221648075016002,1
8.826873100013472,833,0,2,3.0001689264185503,0.42426403508176974,2.5757359649182305,0.00016892641855012817,-0.7068251811053662,0.7073882691671997,-1.8204755433160988,1
8.826873100013472,833,0,3,2.5757359649182305,0.00016892641855012817,2.9998310735814497,-0.42426403508176974,-0.7073882691672001,-0.7068251811053656,-1.8221648075016004,1
8.826873100013472,833,1,0,5.99983107358145,-0.42426403508176974,6.4242640350817695,-0.00016892641855012817,0.7068251811053662,-0.7073882691671997,4.540951086632197,1
8.826873100013472,833,1,1,6.4242640350817695,-0.00016892641855012817,6.00016892641855,0.42426403508176974,0.7073882691672001,0.7068251811053656,4.544329615003201,1
8.826873100013472,833,1,2,6.00016892641855,0.42426403508176974,5.5757359649182305,0.00016892641855012817,-0.7068251811053662,0.7073882691671997,-3.9409510866321975,1
8.826873100013472,833,1,3,5.5757359649182305,0.00016892641855012817,5.99983107358145,-0.42426403508176974,-0.7073882691672001,-0.7068251811053656,-3.9443296150032006,1
8.893531300011091,840,0,0,2.9998310735814497,-0.42426403508176974,3.4242640350817695,-0.00016892641855012817,0.7068251811053662,-0.7073882691671997,2.4204755433160985,1
8.893531300011091,840,0,1,3.4242640350817695,-0.00016892641855012817,3.0001689264185503,0.42426403508176974,0.7073882691672001,0.7068251811053656,2.4221648075016002,1
8.893531300011091,840,0,2,3.0001689264185503,0.42426403508176974,2.5757359649182305,0.00016892641855012817,-0.7068251811053662,0.7073882691671997,-1.8204755433160988,1
8.893531300011091,840,0,3,2.5757359649182305,0.00016892641855012817,2.9998310735814497,-0.42426403508176974,-0.7073882691672001,-0.7068251811053656,-1.8221648075016004,1
8.893531300011091,840,1,0,5.99983107358145,-0.42426403508176974,6.4242640350817695,-0.00016892641855012817,0.7068251811053662,-0.7073882691671997,4.540951086632197,1
8.893531300011091,840,1,1,6.4242640350817695,-0.00016892641855012817,6.00016892641855,0.42426403508176974,0.7073882691672001,0.7068251811053656,4.544329615003201,1
8.893531300011091,840,1,2,6.00016892641855,0.42426403508176974,5.5757359649182305,0.00016892641855012817,-0.7068251811053662,0.7073882691671997,-3.9409510866321975,1
8.893531300011091,840,1,3,5.5757359649182305,0.00016892641855012817,5.99983107358145,-0.42426403508176974,-0.7073882691672001,-0.7068251811053656,-3.9443296150032006,1
8.960176900029182,847,0,0,2.9998310735814497,-0.42426403508176974,3.4242640350817695,-0.00016892641855012817,0.7068251811053662,-0.7073882691671997,2.4204755433160985,1
8.960176900029182,847,0,1,3.4242640350817695,-0.00016892641855012817,3.0001689264185503,0.42426403508176974,0.7073882691672001,0.7068251811053656,2.4221648075016002,1
8.960176900029182,847,0,2,3.0001689264185503,0.42426403508176974,2.5757359649182305,0.00016892641855012817,-0.7068251811053662,0.7073882691671997,-1.8204755433160988,1
8.960176900029182,847,0,3,2.5757359649182305,0.00016892641855012817,2.9998310735814497,-0.42426403508176974,-0.7073882691672001,-0.7068251811053656,-1.8221648075016004,1
8.960176900029182,847,1,0,5.99983107358145,-0.42426403508176974,6.4242640350817695,-0.00016892641855012817,0.7068251811053662,-0.7073882691671997,4.540951086632197,1
8.960176900029182,847,1,1,6.4242640350817695,-0.00016892641855012817,6.00016892641855,0.42426403508176974,0.7073882691672001,0.7068251811053656,4.544329615003201,1
8.960176900029182,847,1,2,6.00016892641855,0.42426403508176974,5.5757359649182305,0.00016892641855012817,-0.7068251811053662,0.7073882691671997,-3.9409510866321975,1
8.960176900029182,847,1,3,5.5757359649182305,0.00016892641855012817,5.99983107358145,-0.42426403508176974,-0.7073882691672001,-0.7068251811053656,-3.9443296150032006,1
9.026865900028497,855,0,0,2.9998310735814497,-0.42426403508176974,3.4242640350817695,-0.00016892641855012817,0.7068251811053662,-0.7073882691671997,2.4204755433160985,1
9.026865900028497,855,0,1,3.4242640350817695,-0.00016892641855012817,3.0001689264185503,0.42426403508176974,0.7073882691672001,0.7068251811053656,2.4221648075016002,1
9.026865900028497,855,0,2,3.0001689264185503,0.42426403508176974,2.5757359649182305,0.00016892641855012817,-0.7068251811053662,0.7073882691671997,-1.8204755433160988,1
9.026865900028497,855,0,3,2.5757359649182305,0.00016892641855012817,2.9998310735814497,-0.42426403508176974,-0.7073882691672001,-0.7068251811053656,-1.8221648075016004,1
9.026865900028497,855,1,0,5.99983107358145,-0.42426403508176974,6.4242640350817695,-0.00016892641855012817,0.7068251811053662,-0.7073882691671997,4.540951086632197,1
9.026865900028497,855,1,1,6.4242640350817695,-0.00016892641855012817,6.00016892641855,0.42426403508176974,0.7073882691672001,0.7068251811053656,4.544329615003201,1
9.026865900028497,855,1,2,6.00016892641855,0.42426403508176974,5.5757359649182305,0.00016892641855012817,-0.7068251811053662,0.7073882691671997,-3.9409510866321975,1
9.026865900028497,855,1,3,5.5757359649182305,0.00016892641855012817,5.99983107358145,-0.42426403508176974,-0.7073882691672001,-0.7068251811053656,-3.9443296150032006,1
9.09356279997155,864,0,0,2.9998310735814497,-0.42426403508176974,3.4242640350817695,-0.00016892641855012817,0.7068251811053662,-0.7073882691671997,2.4204755433160985,1
9.09356279997155,864,0,1,3.4242640350817695,-0.00016892641855012817,3.0001689264185503,0.42426403508176974,0.7073882691672001,0.7068251811053656,2.4221648075016002,1
9.09356279997155,864,0,2,3.0001689264185503,0.42426403508176974,2.5757359649182305,0.00016892641855012817,-0.7068251811053662,0.7073882691671997,-1.8204755433160988,1
9.09356279997155,864,0,3,2.5757359649182305,0.00016892641855012817,2.9998310735814497,-0.42426403508176974,-0.7073882691672001,-0.7068251811053656,-1.8221648075016004,1
9.09356279997155,864,1,0,5.99983107358145,-0.42426403508176974,6.4242640350817695,-0.00016892641855012817,0.7068251811053662,-0.7073882691671997,4.540951086632197,1
9.09356279997155,864,1,1,6.4242640350817695,-0.00016892641855012817,6.00016892641855,0.42426403508176974,0.7073882691672001,0.7068251811053656,4.544329615003201,1
9.09356279997155,864,1,2,6.00016892641855,0.42426403508176974,5.5757359649182305,0.00016892641855012817,-0.7068251811053662,0.7073882691671997,-3.9409510866321975,1
9.09356279997155,864,1,3,5.5757359649182305,0.00016892641855012817,5.99983107358145,-0.42426403508176974,-0.7073882691672001,-0.7068251811053656,-3.9443296150032006,1
9.160174799966626,875,0,0,2.9998310735814497,-0.42426403508176974,3.4242640350817695,-0.00016892641855012817,0.7068251811053662,-0.7073882691671997,2.4204755433160985,1
9.160174799966626,875,0,1,3.4242640350817695,-0.00016892641855012817,3.0001689264185503,0.42426403508176974,0.7073882691672001,0.7068251811053656,2.4221648075016002,1
9.160174799966626,875,0,2,3.0001689264185503,0.42426403508176974,2.5757359649182305,0.00016892641855012817,-0.7068251811053662,0.7073882691671997,-1.8204755433160988,1
9.160174799966626,875,0,3,2.5757359649182305,0.00016892641855012817,2.9998310735814497,-0.42426403508176974,-0.7073882691672001,-0.7068251811053656,-1.8221648075016004,1
9.160174799966626,875,1,0,5.99983107358145,-0.42426403508176974,6.4242640350817695,-0.00016892641855012817,0.7068251811053662,-0.7073882691671997,4.540951086632197,1
9.160174799966626,875,1,1,6.4242640350817695,-0.00016892641855012817,6.00016892641855,0.42426403508176974,0.7073882691672001,0.7068251811053656,4.544329615003201,1
9.160174799966626,875,1,2,6.00016892641855,0.42426403508176974,5.5757359649182305,0.00016892641855012817,-0.7068251811053662,0.7073882691671997,-3.9409510866321975,1
9.160174799966626,875,1,3,5.5757359649182305,0.00016892641855012817,5.99983107358145,-0.42426403508176974,-0.7073882691672001,-0.7068251811053656,-3.9443296150032006,1
