{
  "number_of_samples": 585,
  "mean_position_error": 0.41919626899177537,
  "max_position_error": 1.2378931032471705,
  "mean_yaw_error_abs": 0.5563573464136332,
  "max_yaw_error_abs": 3.108657121658325,
  "mean_speed_error_abs": 0.23259083355561624,
  "max_speed_error_abs": 1.0,
  "mean_solve_time": 0.018218338633061618,
  "max_solve_time": 0.05853119998937473,
  "solver_success_rate": 1.0
}