{
  "number_of_samples": 856,
  "mean_position_error": 0.1462439533450999,
  "max_position_error": 1.2154218561552401,
  "mean_yaw_error_abs": 0.040950186535488584,
  "max_yaw_error_abs": 0.26970282765300624,
  "mean_speed_error_abs": 0.1254276730862867,
  "max_speed_error_abs": 0.8840385316286503,
  "mean_solve_time": 0.010065578504730175,
  "max_solve_time": 0.05407260000356473,
  "solver_success_rate": 1.0
}