{
  "number_of_samples": 857,
  "mean_position_error": 0.14530099657610834,
  "max_position_error": 1.2154062412816242,
  "mean_yaw_error_abs": 0.03949658084974048,
  "max_yaw_error_abs": 0.26481738122335097,
  "mean_speed_error_abs": 0.12335585003583995,
  "max_speed_error_abs": 0.8847393128541138,
  "mean_solve_time": 0.01035401213540187,
  "max_solve_time": 0.03056710000964813,
  "solver_success_rate": 1.0
}