t,segment,X,Y,psi,vx,delta,ax,Xd,Yd,Xdd,Ydd,kappa
0.000000000000000000e+00,0.000000000000000000e+00,0.000000000000000000e+00,0.000000000000000000e+00,3.140000000000000124e+00,0.000000000000000000e+00,4.652304017383693258e-02,2.850361129147743755e-01,0.000000000000000000e+00,0.000000000000000000e+00,-2.499996829318848757e-01,3.981632291217070563e-04,1.809781690049419856e-01
2.000000000000000042e-02,0.000000000000000000e+00,-5.469467410887171176e-05,7.726747661071219012e-08,3.140257791507075069e+00,5.700722258295487510e-03,4.652304017383693258e-02,3.186870756379471259e-01,-5.700717179360938539e-03,7.609675726812542188e-06,-3.193759958514560959e-01,3.630412506808746408e-04,1.809781690049419856e-01
4.000000000000000083e-02,0.000000000000000000e+00,-2.370019211052166530e-04,2.997984367548106095e-07,3.140452738376938058e+00,1.274748302551788511e-02,4.652304017383693258e-02,3.839423713268134697e-01,-1.274747474343640441e-02,1.453104667944225698e-05,-3.846175451777514853e-01,3.293287700711335303e-04,1.809781690049419856e-01
5.999999999999999778e-02,0.000000000000000000e+00,-5.730211254744358015e-04,6.541070918619405232e-07,3.140605301730208687e+00,2.105841711136802186e-02,4.652304017383693258e-02,4.451458723659661443e-01,-2.105840684682570157e-02,2.079206391657350772e-05,-4.458072735572529699e-01,2.970018974987364874e-04,1.809781690049419856e-01
8.000000000000000167e-02,0.000000000000000000e+00,-1.087230943323212523e-03,1.127261896576685064e-06,3.140727929042931521e+00,3.055331792015652734e-02,4.652304017383693258e-02,5.023805113662960231e-01,-3.055330649705777571e-02,2.642020070101569023e-05,-5.030281236364426700e-01,2.660367431699359490e-04,1.809781690049419856e-01
1.000000000000000056e-01,0.000000000000000000e+00,-1.802522479438105297e-03,1.706875992841065668e-06,3.140828627432730613e+00,4.115363756601986972e-02,2.864936044466063689e-02,5.557292252844420188e-01,-4.115362555459121247e-02,3.144245249970327688e-05,-5.563630380618019844e-01,2.364094172909849214e-04,1.113982559723121907e-01
1.199999999999999956e-01,0.000000000000000000e+00,-2.740232464344139959e-03,2.381097653977042568e-06,3.140912781498984785e+00,5.278248693153420740e-02,1.881929259680850675e-02,6.052749533423380512e-01,-5.278247473281419411e-02,3.588533698369576909e-05,-6.058949594798133109e-01,2.080960300681359773e-04,7.316429398654196448e-02
1.400000000000000133e-01,0.000000000000000000e+00,-3.920176431363405975e-03,3.138600728769021213e-06,3.140984145700824737e+00,6.536463569971340259e-02,1.297432187550358849e-02,6.511006360241238244e-01,-6.536462359804462441e-02,3.977489402817774484e-05,-6.517068305369578818e-01,1.810726917076417434e-04,5.043751186325391711e-02
1.600000000000000033e-01,0.000000000000000000e+00,-5.360681893673641986e-03,3.968575085546342752e-06,3.141045417811282547e+00,7.882651237249915788e-02,9.290170491826543406e-03,6.932892145561400099e-01,-7.882650056952997253e-02,4.313668571245882812e-05,-6.938815938797188165e-01,1.553155124157549279e-04,3.611443253954470245e-02
1.799999999999999933e-01,0.000000000000000000e+00,-7.078621521366832738e-03,4.860717056265793790e-06,3.141098586204919663e+00,9.309620428195898578e-02,6.859519051156884838e-03,7.319236306210232801e-01,-9.309619291944735975e-02,4.599579631997368896e-05,-7.325021921545766812e-01,1.308006023987282659e-04,2.666521531649692148e-02
2.000000000000000111e-01,0.000000000000000000e+00,-9.089446318507813163e-03,5.805219880594108942e-06,3.141145148625307026e+00,1.081034575973400941e-01,5.195509369559142034e-03,7.670868261926337972e-01,-1.081034467729035942e-01,4.837683233828205697e-05,-7.676515680080141513e-01,1.075040718628143843e-04,2.019652524033204929e-02
2.200000000000000011e-01,0.000000000000000000e+00,-1.140721880019282888e-02,6.792764149990459205e-06,3.141186254696784363e+00,1.237796773296643421e-01,4.020875981829526678e-03,7.988617434367459857e-01,-1.237796671079350042e-01,5.030392245906870779e-05,-7.994126640865127920e-01,8.540203101426601827e-05,1.563031156876565006e-02
2.399999999999999911e-01,0.000000000000000000e+00,-1.404464616960816349e-02,7.814508251788969542e-06,3.141222801488274818e+00,1.400579273348099285e-01,3.169918087769633876e-03,8.273313246491476036e-01,-1.400579177555076882e-01,5.180071757814346309e-05,-8.278684230365546126e-01,6.447059005933580822e-05,1.232236620146499526e-02
2.600000000000000089e-01,0.000000000000000000e+00,-1.701311349508873375e-02,8.862078813281212760e-06,3.141255499233773563e+00,1.568729303156302657e-01,2.539565765784844963e-03,8.525785122158531237e-01,-1.568729213995173621e-01,5.289039079544125157e-05,-8.531017875046216226e-01,4.468585920427640127e-05,9.871996988736909256e-03
2.800000000000000266e-01,0.000000000000000000e+00,-2.032271688717662839e-02,9.927561145798701687e-06,3.141284917544471700e+00,1.741610678234440934e-01,2.063498702755865635e-03,8.746862485868476256e-01,-1.741610595767892622e-01,5.359563741502202760e-05,-8.751957001371956091e-01,2.602394865534067155e-05,8.021386322922629750e-03
2.999999999999999889e-01,0.000000000000000000e+00,-2.398229667567976231e-02,1.100348968879540592e-05,3.141311518549912751e+00,1.918603802591041518e-01,1.697782755360280295e-03,8.937374762583365495e-01,-1.918603726770783391e-01,5.393867494507073064e-05,-8.942331035807582484e-01,8.460968618781176403e-06,6.599744943165577159e-03
3.200000000000000067e-01,0.000000000000000000e+00,-2.799947058673045788e-02,1.208283845393024314e-05,3.141335681087193965e+00,2.099105668737775432e-01,1.412566746542758683e-03,9.098151377604795087e-01,-2.099105599430693692e-01,5.394124309789745457e-05,-9.102969404817917720e-01,-8.026970699149420092e-06,5.491030849612254724e-03
3.400000000000000244e-01,0.000000000000000000e+00,-3.238066691984400197e-02,1.315901146914958826e-05,3.141357718637672214e+00,2.282529857695233810e-01,1.187111038690994444e-03,9.230021756487722939e-01,-2.282529794703764825e-01,5.362460378993729864e-05,-9.234701534867781891e-01,-2.346375909219841659e-05,4.614622337530967233e-03
3.599999999999999867e-01,0.000000000000000000e+00,-3.713115772497726369e-02,1.422583322276975543e-05,3.141377892818747686e+00,2.468306538997284416e-01,1.006718457769287083e-03,9.333815324978855799e-01,-2.468306482075434405e-01,5.300954114175043526e-05,-9.338356852421991761e-01,-3.787328635411304399e-05,3.913386969354538079e-03
3.800000000000000044e-01,0.000000000000000000e+00,-4.225509197958731561e-02,1.527753910755952406e-05,3.141396423664758686e+00,2.655882470694387876e-01,8.607878481520435084e-04,9.410361508971654132e-01,-2.655882419560439134e-01,5.211636147802202864e-05,-9.414764783945366311e-01,-5.127944227864073478e-05,3.346114910608356374e-03
4.000000000000000222e-01,0.000000000000000000e+00,-4.775552876568996130e-02,1.630876586482263107e-05,3.141413497554415013e+00,2.844720999356151192e-01,7.415496782162056197e-04,9.460489734473354062e-01,-2.844720953702810085e-01,5.096489332756241100e-05,-9.464754755902726746e-01,-6.370611665952870630e-05,2.882603747876712891e-03
4.199999999999999845e-01,0.000000000000000000e+00,-5.363447044691836002e-02,1.731454202848023928e-05,3.141429273390121679e+00,3.034302060073321705e-01,6.432268842971789911e-04,9.485029427580240480e-01,-3.034302019575872977e-01,4.957448742330683184e-05,-9.489156194758885388e-01,-7.517719929052432497e-05,2.500396396528413185e-03
4.400000000000000022e-01,0.000000000000000000e+00,-5.989289584558166180e-02,1.829027836915351606e-05,3.141443887462909146e+00,3.224122176459360278e-01,5.614670571162430060e-04,9.484810014459057470e-01,-3.224122140782255119e-01,4.796401670231572901e-05,-9.488798526978665659e-01,-8.571657996537482846e-05,2.182573823580923663e-03
4.600000000000000200e-01,0.000000000000000000e+00,-6.653079341972355232e-02,1.923175833824606275e-05,3.141457457317899493e+00,3.413694460651683915e-01,4.929514303463893195e-04,9.460660921332681994e-01,-3.413694429453875689e-01,4.615187630577449827e-05,-9.464511179026886545e-01,-9.534814847782763063e-05,1.916235064239619123e-03
4.799999999999999822e-01,0.000000000000000000e+00,-7.354719444018080476e-02,2.013512851202643231e-05,3.141470084851854860e+00,3.602548613312667736e-01,4.351212779925053820e-04,9.413411574469243703e-01,-3.602548586251951845e-01,4.415598357899362886e-05,-9.417123577368370357e-01,-1.040957946216300098e-04,1.691433646076142671e-03
5.000000000000000000e-01,0.000000000000000000e+00,-8.094020616764201204e-02,2.099688903571063673e-05,3.141481858815006412e+00,3.790230923630453219e-01,3.859836409349298118e-04,9.343891400173394146e-01,-3.790230900366997613e-01,4.199377807140865606e-05,-9.347465148467932750e-01,-1.119834081905292443e-04,1.500422391072156816e-03
5.200000000000000178e-01,0.000000000000000000e+00,-8.870704502970601368e-02,2.181388406754467815e-05,3.141492856846599846e+00,3.976304269319603790e-01,3.439715106075544922e-04,9.252929824779787538e-01,-3.976304249518821665e-01,3.968222153658015438e-05,-9.256365318790389374e-01,-1.190348789782726666e-04,1.337109909323143863e-03
5.400000000000000355e-01,0.000000000000000000e+00,-9.684406979794056569e-02,2.258329222288698855e-05,3.141503147142404639e+00,4.160348116621644943e-01,3.078419455635491675e-04,9.141356274647733926e-01,-4.160348099956530099e-01,3.723779793219380538e-05,-9.144653514800564764e-01,-1.252740967786075959e-04,1.196664549224234078e-03
5.600000000000000533e-01,0.000000000000000000e+00,-1.053468147649410241e-01,2.330261701829098122e-05,3.141512789829477015e+00,4.341958520305513325e-01,2.766009693253768022e-04,9.010000176156616192e-01,-4.341958506458529210e-01,3.467651342006025531e-05,-9.013159162963279014e-01,-1.307249513852814051e-04,1.075222454341878383e-03
5.799999999999999600e-01,0.000000000000000000e+00,-1.142100229213886681e-01,2.396967731558750735e-05,3.141521838106344333e+00,4.520748123667908680e-01,2.494476139575704104e-04,8.859690955702888004e-01,-4.520748112332511059e-01,3.201389636611528454e-05,-8.862711689743345556e-01,-1.354113325920413050e-04,9.696700452146005686e-04
5.999999999999999778e-01,0.000000000000000000e+00,-1.234276791331097162e-01,2.458259776596744139e-05,3.141530339193938648e+00,4.696346158533628579e-01,2.257318106000044211e-04,8.691258039697391524e-01,-4.696346149415475679e-01,2.926499734041970933e-05,-8.694140521605584482e-01,-1.393571301926345874e-04,8.774803282178739216e-04
6.199999999999999956e-01,0.000000000000000000e+00,-1.329930433181334415e-01,2.513979925406406650e-05,3.141538335132855853e+00,4.868398445255804896e-01,2.049224036494367792e-04,8.505530854562621812e-01,-4.868398438073712753e-01,2.644438911715938856e-05,-8.508275085014815886e-01,-1.425862339808086254e-04,7.965885578926546915e-04
6.400000000000000133e-01,0.000000000000000000e+00,-1.428986836237511604e-01,2.563998934203564974e-05,3.141545863455073029e+00,5.036567392716133629e-01,1.865826416703215561e-04,8.303338826731199163e-01,-5.036567387202812718e-01,2.356616667464518649e-05,-8.305944806435860972e-01,-1.451225337503107924e-04,7.252969634032803859e-04
6.600000000000000311e-01,0.000000000000000000e+00,-1.531365096035745277e-01,2.608215271364794613e-05,3.141552957752506980e+00,5.200531998325053085e-01,1.703512427328026442e-04,8.085511382644252620e-01,-5.200531994227659549e-01,2.064394719531309136e-05,-8.087979112333536502e-01,-1.469899192948883530e-04,6.622011443367977878e-04
6.800000000000000488e-01,0.000000000000000000e+00,-1.636978053945944422e-01,2.646554161835665858e-05,3.141559648160358265e+00,5.359987848021904311e-01,1.559276530006589842e-04,7.852877948750460746e-01,-5.359987845102430759e-01,1.769087006572416789e-05,-7.855207429172659239e-01,-1.482122804082885179e-04,6.061327668197130907e-04
7.000000000000000666e-01,0.000000000000000000e+00,-1.745732628942392450e-01,2.678966631538996573e-05,3.141565961769686055e+00,5.514647116275072092e-01,1.430604861002612285e-04,7.606267951504595004e-01,-5.514647114310607945e-01,1.471959687656442354e-05,-7.608459183418054828e-01,-1.488135068842587957e-04,5.561146242030488634e-04
7.199999999999999734e-01,0.000000000000000000e+00,-1.857530149374336803e-01,2.705428551783103946e-05,3.141571922980927578e+00,5.664238566082087090e-01,1.315383943563265383e-04,7.346510817366773693e-01,-5.664238564864960690e-01,1.174231142264505067e-05,-7.348563801534540030e-01,-1.488174885165463427e-04,5.113251510785914514e-04
7.399999999999999911e-01,0.000000000000000000e+00,-1.972266684736573017e-01,2.725939683670047784e-05,3.141577553807914036e+00,5.808507548969742418e-01,1.211828131958099584e-04,7.074435972802000094e-01,-5.808507548307562107e-01,8.770719702902158958e-06,-7.076350709986927168e-01,-1.482481150988984781e-04,4.710702188105380219e-04
7.600000000000000089e-01,0.000000000000000000e+00,-2.089833377440030726e-01,2.740522722503890398e-05,3.141582874140189219e+00,5.947216004994166916e-01,1.118421585602066354e-04,6.790872844279096654e-01,-5.947216004709777737e-01,5.816049920397028607e-06,-6.792649335240040775e-01,-1.471292764250625479e-04,4.347605793062732718e-04
7.800000000000000266e-01,0.000000000000000000e+00,-2.210116774582359389e-01,2.749222342198937865e-05,3.141587901970073649e+00,6.080142462740906195e-01,1.033871589393606331e-04,6.496650858270704987e-01,-6.080142462672267767e-01,2.889052482315933339e-06,-6.498289103758696506e-01,-1.454848622887858710e-04,4.018937193691964906e-04
8.000000000000000444e-01,0.000000000000000000e+00,-2.332999159718516513e-01,2.752104239687997201e-05,3.141592653589793116e+00,6.207082039324995915e-01,9.570707901496455794e-05,6.192599441252344405e-01,-6.207082039324995915e-01,-2.981541020094044070e-17,-6.194099442007721112e-01,-1.433387624838159020e-04,3.720391809803119069e-04
8.200000000000000622e-01,0.000000000000000000e+00,-2.458358884631349495e-01,2.749254179330619656e-05,3.141597143763089850e+00,6.327846440391000638e-01,8.870664815913413982e-05,5.879548019702394157e-01,-6.327846440327210553e-01,-2.841312711203734569e-06,-5.880909776451922477e-01,-1.407148668038996076e-04,3.448266215424988465e-04
8.399999999999999689e-01,0.000000000000000000e+00,-2.586070701102184954e-01,2.740777037321357213e-05,3.141601385875005814e+00,6.442263960113091548e-01,8.230354933109909708e-05,5.558326020101631570e-01,-6.442263959867471357e-01,-5.625568631644439824e-06,-5.559549533556134016e-01,-1.376370650427847402e-04,3.199360525439730188e-04
8.599999999999999867e-01,0.000000000000000000e+00,-2.716006092681414463e-01,2.726795846098008249e-05,3.141605392062932101e+00,6.550179481195066433e-01,7.642635594016510838e-05,5.229762868932894548e-01,-6.550179480663621545e-01,-8.343928537665445526e-06,-5.230848139785159168e-01,-1.341292469942181854e-04,2.970898195878208430e-04
8.800000000000000044e-01,0.000000000000000000e+00,-2.848033606459077771e-01,2.707450838749868955e-05,3.141609173331517901e+00,6.651454474870406308e-01,7.101282865285574197e-05,4.894687992680957223e-01,-6.651454473962808978e-01,-1.098803100145512837e-05,-4.895635021603823578e-01,-1.302153024519474246e-04,2.760459816218623443e-04
9.000000000000000222e-01,0.000000000000000000e+00,-2.982019184835450476e-01,2.682898493425986113e-05,3.141612739653644404e+00,6.745967000902304278e-01,6.600850284671536626e-05,4.553930817832174682e-01,-6.745966999541473941e-01,-1.354999239107696216e-05,-4.554739605476949005e-01,-1.259191212097199124e-04,2.565928199906099575e-04
9.200000000000000400e-01,0.000000000000000000e+00,-3.117826497291630861e-01,2.653310577743400720e-05,3.141616100059328343e+00,6.833611707583693295e-01,6.136551186531747205e-05,4.208320770874713901e-01,-6.833611705705349149e-01,-1.602240687046920442e-05,-4.208991317869350546e-01,-1.212645930612827510e-04,2.385442641101887277e-04
9.400000000000000577e-01,0.000000000000000000e+00,-3.255317272160126452e-01,2.618873193195406189e-05,3.141619262714142824e+00,6.914299831737292790e-01,5.704160244997167576e-05,3.858687278298091883e-01,-6.914299829289473065e-01,-1.839834639944520894e-05,-3.859219585245849404e-01,-1.162756078003834219e-04,2.217360641859589764e-04
9.599999999999999645e-01,0.000000000000000000e+00,-3.394351628395433362e-01,2.579785819559790957e-05,3.141622234988523221e+00,6.987959198715615328e-01,5.299930748653961963e-05,3.505859766592500648e-01,-6.987959195658176581e-01,-2.067136073369313273e-05,-3.506253834071265674e-01,-1.109760552207691086e-04,2.060225754564172865e-04
9.799999999999999822e-01,0.000000000000000000e+00,-3.534788407344633399e-01,2.536260359307095666e-05,3.141625023519130533e+00,7.054534222400993260e-01,4.920524808841047917e-05,3.150667662250157264e-01,-7.054534218705079684e-01,-2.283547742477614603e-05,-3.150923490810413896e-01,-1.053898251161871437e-04,1.912740452016392103e-04
1.000000000000000000e+00,0.000000000000000000e+00,-3.676485504517971181e-01,2.488520182008856790e-05,3.141627634263295388e+00,7.113985905205622018e-01,4.562954247371122155e-05,2.793940391763598541e-01,-7.113985900853115885e-01,-2.488520182013246115e-05,-2.794057981928115275e-01,-9.954080728038491388e-05,1.773743148897141567e-04
1.020000000000000018e+00,0.000000000000000000e+00,-3.819300201359441815e-01,2.436799168745860768e-05,3.141630072547428654e+00,7.166291838071537912e-01,4.224530341537576373e-05,2.436507381626533686e-01,-7.166291833054494465e-01,-2.681551706307506143e-05,-2.436486733889191014e-01,-9.345289150710968395e-05,1.642188666297648774e-04
1.040000000000000036e+00,0.000000000000000000e+00,-3.963089497017376894e-01,2.381340756516392369e-05,3.141632343110181136e+00,7.211446200470682522e-01,3.902820949765892575e-05,2.079198058333595611e-01,-7.211446194790738229e-01,-2.862188409279202984e-05,-2.079039173158457321e-01,-8.714996759010873223e-05,1.517131565305145319e-04
1.060000000000000053e+00,0.000000000000000000e+00,-4.107710440115035500e-01,2.322396982644487476e-05,3.141634450141059798e+00,7.249459760404881603e-01,3.595613819462354309e-05,1.722841848380056717e-01,-7.249459754072653528e-01,-3.030024164434623731e-05,-1.722544726200735121e-01,-8.065592532312948612e-05,1.397711883775268078e-04
1.080000000000000071e+00,0.000000000000000000e+00,-4.253020460521181878e-01,2.260227529188177384e-05,3.141636397315114682e+00,7.280359874405885057e-01,3.300885104390173898e-05,1.368268178262219692e-01,-7.280359867440351351e-01,-3.184700624867564428e-05,-1.367832819480839790e-01,-7.399465449991907487e-05,1.283142898188158697e-04
1.100000000000000089e+00,0.000000000000000000e+00,-4.398877701120678108e-01,2.195098767347744966e-05,3.141638187824285833e+00,7.304190487535370258e-01,3.016772303865404575e-05,1.016306474476671440e-01,-7.304190479963237337e-01,-3.325907223259311771e-05,-1.015732879463596139e-01,-6.719004491422502076e-05,1.172700604385066778e-04
1.120000000000000107e+00,0.000000000000000000e+00,-4.545141349585065105e-01,2.127282801873973383e-05,3.141639824405934700e+00,7.321012133384952048e-01,2.741550989333045691e-05,6.677861635208870439e-02,-7.321012125240011770e-01,-3.453381171878640060e-05,-6.670743326138181550e-02,-6.026598635979450047e-05,1.065714670561673620e-04
1.140000000000000124e+00,0.000000000000000000e+00,-4.691671970143151960e-01,2.057056515476393102e-05,3.141641309369068935e+00,7.330901934076206050e-01,2.473614812706817259e-05,3.235366718928034402e-02,-7.330901925398674024e-01,-3.566907462581830174e-05,-3.226866053963252379e-02,-5.324636863037479910e-05,9.615606659713638060e-05
1.159999999999999920e+00,0.000000000000000000e+00,-4.838331835351598054e-01,1.984700613231536360e-05,3.141642644618754421e+00,7.333953600260664230e-01,2.211458401063643621e-05,-1.561257390903847408e-03,-7.333953591096511460e-01,-3.666318866812644836e-05,1.660087572405742791e-03,-4.615508151971335084e-05,8.596534116323234324e-05
1.179999999999999938e+00,0.000000000000000000e+00,-4.984985257865509611e-01,1.910498666991181473e-05,3.141643831679196808e+00,7.330277431119843756e-01,1.953662838631765823e-05,-3.488321473857425303e-02,-7.330277421520123848e-01,-3.751495935602353006e-05,3.499586842825159333e-02,-3.901601482155743402e-05,7.594413367853542114e-05
1.199999999999999956e+00,0.000000000000000000e+00,-5.131498922209007940e-01,1.834736159790610694e-05,3.141644871715983722e+00,7.320000314365234795e-01,1.698883523440305766e-05,-6.752926220380572886e-02,-7.320000304385392287e-01,-3.822366999569709557e-05,6.765573938142369070e-02,-3.185305832965423209e-05,6.604017584465501065e-05
1.219999999999999973e+00,0.000000000000000000e+00,-5.277742216545830978e-01,1.757699530256852822e-05,3.141645765558001901e+00,7.303265726238321598e-01,1.445840265826257559e-05,-9.941645713661273476e-02,-7.303265715937499181e-01,-3.878908168920970178e-05,9.955675778543898735e-02,-2.469010183775125039e-05,5.620370324303231968e-05
1.239999999999999991e+00,0.000000000000000000e+00,-5.423587564449909859e-01,1.679675217016940382e-05,3.141646513719563050e+00,7.280233731510589168e-01,1.193309572058234857e-05,-1.304618568869919670e-01,-7.280233720950924914e-01,-3.921143333449880536e-05,1.306159809938166605e-01,-1.755103513959563173e-05,4.638715537861523564e-05
1.260000000000000009e+00,0.000000000000000000e+00,-5.568910756675962137e-01,1.600948703106150884e-05,3.141647116423313957e+00,7.251080983483524367e-01,9.401191310812293491e-06,-1.605825188049152530e-01,-7.251080972729445628e-01,-3.949144162537681014e-05,1.607504663600737849e-01,-1.045974802893481705e-05,3.654496136477846898e-05
1.280000000000000027e+00,0.000000000000000000e+00,-5.713591282930070570e-01,1.521803560376267895e-05,3.141647573624570366e+00,7.216000723988622578e-01,6.851445979178038050e-06,-1.896955002403579726e-01,-7.216000713106134334e-01,-3.963030105153113493e-05,1.898772712377292948e-01,-3.440130299516031325e-06,2.663341488546256758e-05
1.300000000000000044e+00,0.000000000000000000e+00,-5.857512663640271899e-01,1.442520493903820266e-05,3.141647885037760268e+00,7.175202783387382155e-01,4.273088453477757231e-06,-2.177178585432528735e-01,-7.175202772443358690e-01,-3.962968389852405764e-05,2.179134529803007925e-01,3.483928254913348859e-06,1.661064510594272340e-05
1.320000000000000062e+00,0.000000000000000000e+00,-6.000562781727145634e-01,1.363376386398340325e-05,3.141648050165753325e+00,7.128913580571322184e-01,1.655839375149780934e-06,-2.445666510635682300e-01,-7.128913569632786551e-01,-3.949174024779283725e-05,2.447760689413067681e-01,1.028853784060605704e-05,6.436693392230493220e-06
1.340000000000000080e+00,0.000000000000000000e+00,-6.142634214374398383e-01,1.284643342610609878e-05,3.141648068332933974e+00,7.077376122961953619e-01,-1.010038340281757275e-06,-2.701589351512936332e-01,-7.077376112095372651e-01,-3.921909797664970704e-05,2.703821764742649902e-01,1.694980866381477422e-05,-3.926290924323035183e-06
1.360000000000000098e+00,0.000000000000000000e+00,-6.283624564799443757e-01,1.206587733740910783e-05,3.141647938722992084e+00,7.020850006510804819e-01,-3.733654194049368043e-06,-2.944117681564080158e-01,-7.020849995781380803e-01,-3.881486275828180681e-05,2.946488329326935607e-01,2.344385093079213992e-05,-1.451371892737305215e-05
1.380000000000000115e+00,0.000000000000000000e+00,-6.423436794024000029e-01,1.129469241847276706e-05,3.141647660422494326e+00,6.959611415699390458e-01,-6.523364559271156379e-06,-3.172422074289862337e-01,-6.959611405170362808e-01,-3.828261806175120325e-05,3.174930956701108031e-01,2.974677484779089274e-05,-2.535807408887731646e-05
1.400000000000000133e+00,0.000000000000000000e+00,-6.561979552644664482e-01,1.053539904253741835e-05,3.141647232471453943e+00,6.893953123539209304e-01,-9.386600627697178309e-06,-3.385673103191457756e-01,-6.893953113271168442e-01,-3.762642515199499154e-05,3.388320220400347638e-01,3.583469062106373065e-05,-3.648824345178953727e-05
1.419999999999999929e+00,0.000000000000000000e+00,-6.699167512603505514e-01,9.790431579585926351e-06,3.141646653922218313e+00,6.824184491571732014e-01,-1.232964260568616693e-05,-3.583041341771142640e-01,-6.824184481621948795e-01,-3.685082308982516662e-05,3.585826693959832112e-01,4.168370845686320930e-05,-4.792863986904160814e-05
1.439999999999999947e+00,0.000000000000000000e+00,-6.834921698958651426e-01,9.062128840426124943e-06,3.141645923908146898e+00,6.750631469868364487e-01,-1.535733202757508343e-05,-3.763697363532294560e-01,-6.750631460290140717e-01,-3.596082873192860965e-05,3.766620950914748023e-01,4.726993856144224009e-05,-5.969808368817265361e-05
1.459999999999999964e+00,0.000000000000000000e+00,-6.969169821654865871e-01,8.352724520773404282e-06,3.141645041723666321e+00,6.673636597030440099e-01,-1.847271334377959302e-05,-3.926811741979783221e-01,-6.673636587872486814e-01,-3.496193673086724383e-05,3.929873564800271390e-01,5.256949114105334141e-05,-7.180840950779712576e-05
1.479999999999999982e+00,0.000000000000000000e+00,-7.101846607294145519e-01,7.664337645333150459e-06,3.141644006917410081e+00,6.593559000189173069e-01,-2.167659555170581114e-05,-4.071555050620503380e-01,-6.593558991495024335e-01,-3.386011953507791925e-05,4.074755109151587673e-01,5.755847640194926881e-05,-8.426276211895396479e-05
1.500000000000000000e+00,0.000000000000000000e+00,-7.232894130906297736e-01,6.998963011883258008e-06,3.141642819400218833e+00,6.510774395005619608e-01,-2.496702476952158124e-05,-4.197097862963730108e-01,-6.510774386813084069e-01,-3.266182738887235862e-05,4.200436157503875112e-01,6.221300455038270331e-05,-9.705354625737350302e-05
1.520000000000000018e+00,0.000000000000000000e+00,-7.362262147719529359e-01,6.358461635356644959e-06,3.141641479569828643e+00,6.425675085670623510e-01,-2.833865957548658299e-05,-4.302610752521491833e-01,-6.425675078011294783e-01,-3.137398833243733353e-05,4.306087283392313614e-01,6.650918579260629881e-05,-1.101599983792911727e-04
1.540000000000000036e+00,0.000000000000000000e+00,-7.489908424931036590e-01,5.744551191923743319e-06,3.141639988454013821e+00,6.338669964904760645e-01,-3.178204300049855606e-05,-4.387264292809103239e-01,-6.338669957803582111e-01,-3.000400820183448479e-05,4.390879060352088081e-01,7.042313033487280409e-05,-1.235453567004841696e-04
1.560000000000000053e+00,0.000000000000000000e+00,-7.615799073477582670e-01,5.158796463075000571e-06,3.141638347873818127e+00,6.250184513958259025e-01,-3.528276871160811976e-05,-4.450229057346088979e-01,-6.250184507433167447e-01,-2.855977062900044448e-05,4.453982061918377866e-01,7.393094838343487307e-05,-1.371536199271097475e-04
1.580000000000000071e+00,0.000000000000000000e+00,-7.739908879806088882e-01,4.602599779703382862e-06,3.141636560628205288e+00,6.160660802610916642e-01,-3.882054469468675242e-05,-4.490675619656503414e-01,-6.160660796672569051e-01,-2.704963704174678170e-05,4.494566861626361765e-01,7.700875014454514609e-05,-1.509059075381459850e-04
1.600000000000000089e+00,0.000000000000000000e+00,-7.862221637644222216e-01,4.077191466186877352e-06,3.141634630700983699e+00,6.070557489171998222e-01,-4.236816624941244173e-05,-4.507774553269801032e-01,-6.070557483823600942e-01,-2.548244666375996530e-05,4.511804033011223569e-01,7.963264582445639904e-05,-1.646964675403832907e-04
1.620000000000000107e+00,0.000000000000000000e+00,-7.982730479770978604e-01,3.583620284470989046e-06,3.141632563490112329e+00,5.980349820480124201e-01,-4.589042200517177696e-05,-4.500696431721493695e-01,-5.980349815717372897e-01,-2.386751651460148249e-05,4.504864149608140966e-01,8.177874562942124518e-05,-1.783884238576707501e-04
1.640000000000000124e+00,0.000000000000000000e+00,-8.101438209787266143e-01,3.122743878151246105e-06,3.141630366058455692e+00,5.890529631903138608e-01,-4.934297257643621910e-05,-4.468611828553985532e-01,-5.890529627714293781e-01,-2.221464140970773717e-05,4.472917784952298303e-01,8.342315976569239261e-05,-1.918094173624171480e-04
1.660000000000000142e+00,0.000000000000000000e+00,-8.218357633886497204e-01,2.695219216555699225e-06,3.141628047403634660e+00,5.801605347337964735e-01,-5.267126186860032207e-05,-4.410691317317230187e-01,-5.801605343704064888e-01,-2.053409396039005671e-05,4.415135512578874932e-01,8.454199843952254947e-05,-2.047473738282149078e-04
1.679999999999999938e+00,0.000000000000000000e+00,-8.333511892625167228e-01,2.301493038827426099e-06,3.141625618742752923e+00,5.714101979210449711e-01,-5.580954604216659511e-05,-4.326105471569388072e-01,-5.714101976105688818e-01,-1.883662457383476990e-05,4.330687906023052980e-01,8.511137185716435610e-05,-2.169467292521283898e-04
1.699999999999999956e+00,0.000000000000000000e+00,-8.446934792693450156e-01,1.941792298007015971e-06,3.141623093805444356e+00,5.628561128475190189e-01,-5.868015425411570010e-05,-4.214024864877323751e-01,-5.628561125867458381e-01,-1.713346145310307140e-05,4.218745538820012908e-01,8.510739022487060195e-05,-2.281055561573100507e-04
1.719999999999999973e+00,0.000000000000000000e+00,-8.558671138685776114e-01,1.616114605115097814e-06,3.141620489125842575e+00,5.545540984615356939e-01,-6.119312707447052940e-05,-4.073620070816765804e-01,-5.545540982466967694e-01,-1.543631059713116403e-05,4.078478984504936289e-01,8.450616374889390026e-05,-2.378741580208038053e-04
1.739999999999999991e+00,0.000000000000000000e+00,-8.668777064871420190e-01,1.324218673234823830e-06,3.141617824320745544e+00,5.465616325642519424e-01,-6.324641012427777056e-05,-3.904061662972466706e-01,-5.465616323911106633e-01,-1.375735580073018428e-05,3.909058816613003584e-01,8.328380263548693205e-05,-2.458558219965349223e-04
1.760000000000000009e+00,0.000000000000000000e+00,-8.777320366965086773e-01,1.065614761594371367e-06,3.141615122337562127e+00,5.389378518096458182e-01,-6.472680745090904906e-05,-3.704520214937740974e-01,-5.389378516736058611e-01,-1.210925865458620566e-05,3.709655608679393590e-01,8.141641709090237833e-05,-2.516105249418904509e-04
1.780000000000000027e+00,0.000000000000000000e+00,-8.884380833897498331e-01,8.395551196494492882e-07,3.141612409651737270e+00,5.317435517045009385e-01,-6.551191486824250012e-05,-3.474166300313239475e-01,-5.317435516007307239e-01,-1.050515854526025055e-05,3.479439934239291210e-01,7.888011732139297433e-05,-2.546624488317360008e-04
1.800000000000000044e+00,0.000000000000000000e+00,-8.990050579585979751e-01,6.450244311657953384e-07,3.141609716389596407e+00,5.250411866083928292e-01,-6.547324932980031051e-05,-3.212170492705439528e-01,-5.250411865319628557e-01,-8.958672655188293623e-06,3.217582366827875240e-01,7.565101353321136040e-05,-2.545121454746590984e-04
1.820000000000000062e+00,0.000000000000000000e+00,-9.094434374705046009e-01,4.807302583016788047e-07,3.141607076349391292e+00,5.188948697336791538e-01,-6.448075623340935507e-05,-2.917703365724424458e-01,-5.188948696797099913e-01,-7.483895962681256744e-06,2.923253479980325586e-01,7.170521593261025822e-05,-2.506540576201154416e-04
1.840000000000000080e+00,0.000000000000000000e+00,-9.197649978456980957e-01,3.450934856904007968e-07,3.141604526891332849e+00,5.133703731454951624e-01,-6.240880198199622324e-05,-2.589935492980366405e-01,-5.133703731093088862e-01,-6.095401241924994563e-06,2.595623847231826598e-01,6.701883472584232169e-05,-2.425998136560571889e-04
1.860000000000000098e+00,0.000000000000000000e+00,-9.299828470342437203e-01,2.362387645227959278e-07,3.141602108667329585e+00,5.085351277617576882e-01,-5.914363573126912692e-05,-2.228037448079600580e-01,-5.085351277390265379e-01,-4.808239062980320788e-06,2.233864042117557069e-01,6.156798011916027249e-05,-2.299072334314091913e-04
1.880000000000000115e+00,0.000000000000000000e+00,-9.401114581931006020e-01,1.519849566297331760e-07,3.141599865163761773e+00,5.044582233531766935e-01,-5.459212882778260420e-05,-1.831179804619686990e-01,-5.044582233400590754e-01,-3.637937791782992079e-06,1.837144638172698297e-01,5.532876231881679840e-05,-2.122143008047279260e-04
1.900000000000000133e+00,0.000000000000000000e+00,-9.501667028631817224e-01,8.983557856461689192e-08,3.141597842036692345e+00,5.012104085432789180e-01,-4.869137886210192007e-05,-1.398533136183690573e-01,-5.012104085365326478e-01,-2.600503590143706365e-06,1.404636208932430186e-01,4.827729153106453979e-05,-1.892764971839918883e-04
1.919999999999999929e+00,0.000000000000000000e+00,-9.601658841464112415e-01,4.696924568588832768e-08,3.141596086228957141e+00,4.988640908084419068e-01,-4.141851625793595271e-05,-9.292680163344435584e-02,-4.988640908055028689e-01,-1.712420415748124222e-06,9.355093279319418031e-02,4.038967796215631997e-05,-1.610049223775329599e-04
1.939999999999999947e+00,0.000000000000000000e+00,-9.701277698827843743e-01,2.023011623952495993e-08,3.141594644872790276e+00,4.974933364779412504e-01,-3.279980870443114825e-05,-4.225550186080084814e-02,-4.974933364769549282e-01,-9.906500221568189061e-07,4.289345687064015367e-02,3.164203181834465055e-05,-1.275016859715975294e-04
1.959999999999999964e+00,0.000000000000000000e+00,-9.800726258274248259e-01,6.118335441544449748e-09,3.141593563999582006e+00,4.971738707340098151e-01,-2.291797042788438644e-05,1.224352834916153654e-02,-4.971738707338038132e-01,-4.526319588053420445e-07,-1.159174952090037680e-02,2.201046330588227014e-05,-8.908832043497305522e-05
1.979999999999999982e+00,0.000000000000000000e+00,-9.900222488276440025e-01,7.804795605035963268e-10,3.141592887098874520e+00,4.979830776119076874e-01,-1.191650547588633254e-05,7.065323164975012560e-02,-4.979830776118940872e-01,-1.162835710041805210e-07,-6.998762902790930940e-02,1.147108263102189871e-05,-4.632266463148840984e-05
2.000000000000000000e+00,1.000000000000000000e+00,-1.000000000000000000e+00,0.000000000000000000e+00,3.141592653589793116e+00,4.999999999999998890e-01,2.536680848351317519e-32,1.131963344971538277e-01,-4.999999999999998890e-01,6.123233995736766036e-17,-1.323771242968685424e-01,1.621152215504911527e-17,9.860761315262654136e-32
2.020000000000000018e+00,1.000000000000000000e+00,-1.010025561217924306e+00,-7.129979046842565204e-07,3.141804293051061681e+00,5.025109309917938916e-01,1.068670951253799031e-02,1.189211750343979190e-01,-5.025109197377446435e-01,-1.063511419227218373e-04,-1.188163257869906952e-01,-1.051564628862217132e-02,4.154369818873344250e-02
2.040000000000000036e+00,1.000000000000000000e+00,-1.020098669079318343e+00,-5.608601596437845983e-06,3.142416605469589896e+00,5.047568470013757969e-01,2.042784732519947397e-02,1.059780184156959848e-01,-5.047566756625065931e-01,-4.158953058689183568e-04,-1.058589219311796281e-01,-2.032171072585827604e-02,7.941958908590016075e-02
2.060000000000000053e+00,1.000000000000000000e+00,-1.030214140258426836e+00,-1.860971855485858993e-05,3.143397460238790408e+00,5.067500517284216910e-01,2.930724506352318584e-02,9.364866786875403193e-02,-5.067492264033226501e-01,-9.145853662218234688e-04,-9.349398632499568429e-02,-2.943264445280998828e-02,1.139577794143433465e-01
2.080000000000000071e+00,1.000000000000000000e+00,-1.040367028416792738e+00,-4.336120397543059482e-05,3.144716856296675633e+00,5.085027937161259448e-01,3.739726731416012639e-02,8.192914766120473757e-02,-5.085003120611409910e-01,-1.588663220186766964e-03,-8.171059256399912374e-02,-3.786289861057901690e-02,1.454410539368525546e-01
2.100000000000000089e+00,1.000000000000000000e+00,-1.050552619832699541e+00,-8.323564122596483459e-05,3.146346652664879784e+00,5.100272176348699116e-01,4.476029540942910029e-02,7.081321486231928475e-02,-5.100214542088209457e-01,-2.424659787791111007e-03,-7.049781424375038685e-02,-4.562692434026702909e-02,1.741116095763225735e-01
2.120000000000000107e+00,1.000000000000000000e+00,-1.060766429030605140e+00,-1.413391223030398302e-04,3.148260333536220923e+00,5.113353223106187340e-01,5.145002475006928838e-02,6.029267404325011626e-02,-5.113239558911329974e-01,-3.409395011884251789e-03,-5.984472495980965728e-02,-5.273917278297571287e-02,2.001767570231101911e-01
2.140000000000000124e+00,1.000000000000000000e+00,-1.071004194410582144e+00,-2.205170282884426770e-04,3.150432803396681525e+00,5.124389245965998985e-01,5.751259628984237149e-02,5.035765078348752866e-02,-5.124189016247591155e-01,-4.529977858137620994e-03,-4.974039830773732684e-02,-5.921409507980677361e-02,2.238137677278067839e-01
2.160000000000000142e+00,1.000000000000000000e+00,-1.081261873877756852e+00,-3.233598098056089686e-04,3.152840208348484996e+00,5.133496283419581863e-01,6.298758246001047445e-02,4.099683104039364423e-02,-5.133171573982920899e-01,-5.773806315044684168e-03,-4.017390788309365551e-02,-6.506614237186189587e-02,2.451740120180823101e-01
2.180000000000000160e+00,1.000000000000000000e+00,-1.091535640471745561e+00,-4.522087674760640963e-04,3.155459780373252698e+00,5.140787978382156398e-01,6.790884649926673400e-02,3.219767216742930316e-02,-5.140293706722363076e-01,-7.128567393920936385e-03,-3.113432728143896919e-02,-7.030976580024278499e-02,2.643865079066118895e-01
2.200000000000000178e+00,1.000000000000000000e+00,-1.101821877996093546e+00,-6.091618323758641890e-04,3.158269701755211045e+00,5.146375352286554072e-01,7.230529238392212343e-02,2.394659032905721574e-02,-5.145659703790066430e-01,-8.582237128903913090e-03,-2.261073009833358335e-02,-7.495941650605109086e-02,2.815609788289692439e-01
2.220000000000000195e+00,1.000000000000000000e+00,-1.112117176647714922e+00,-7.960793464920353597e-04,3.161248987288519885e+00,5.150366614513779417e-01,7.620152062932088188e-02,1.622912820912780774e-02,-5.149371669229303450e-01,-1.012308057695317405e-02,-1.459218992933781350e-02,-7.902954563038853963e-02,2.967905011389538883e-01
2.240000000000000213e+00,1.000000000000000000e+00,-1.122418328646328511e+00,-1.014589843179016177e-03,3.164377382232312019e+00,5.152867003570205107e-01,7.961840333267604375e-02,9.030106208379962140e-03,-5.151529521802447054e-01,-1.173965181785032244e-02,-7.067780370011957775e-03,-8.253460431435681588e-02,3.101538079465895326e-01
2.259999999999999787e+00,1.000000000000000000e+00,-1.132722323863896818e+00,-1.266095827615098266e-03,3.167635274262203371e+00,5.153978656997131313e-01,8.257359004498808497e-02,2.333759746180774641e-03,-5.152230994990989466e-01,-1.342079395419900137e-02,-2.657501591632124849e-05,-8.548904369905760414e-02,3.217173042094318425e-01
2.280000000000000249e+00,1.000000000000000000e+00,-1.143026345454065007e+00,-1.551779557258863929e-03,3.171003617906572369e+00,5.153800507468677683e-01,8.508195444096652849e-02,-3.876135201313246625e-03,-5.151571636995532222e-01,-1.515563911142485572e-02,6.542352537388712932e-03,-8.790731492559260285e-02,3.315368383976486921e-01
2.299999999999999822e+00,1.000000000000000000e+00,-1.153327765481597877e+00,-1.872608822305630704e-03,3.174463870157047563e+00,5.152428202916605748e-01,8.715599031666156071e-02,-9.616146597753782999e-03,-5.149644810735789502e-01,-1.693360843777559979e-02,1.264992869434290040e-02,-8.980386913506346880e-02,3.396592681595096419e-01
2.319999999999999840e+00,1.000000000000000000e+00,-1.163624140551819286e+00,-2.229342726143892020e-03,3.177997936111549571e+00,5.149954048829576969e-01,8.880616418343723062e-02,-1.490307948757418899e-02,-5.146541693850589239e-01,-1.874441210432097743e-02,1.830707985938591006e-02,-9.119315746857192817e-02,3.461238509048927825e-01
2.339999999999999858e+00,1.000000000000000000e+00,-1.173913207440050455e+00,-2.622537465811752757e-03,3.181588123650087141e+00,5.146466971121576028e-01,9.004123063324524778e-02,-1.975387667606121056e-02,-5.142351278697866457e-01,-2.057804930495274812e-02,2.352473243695746286e-02,-9.208963106721967939e-02,3.509634848497006354e-01
2.359999999999999876e+00,1.000000000000000000e+00,-1.184192878721046061e+00,-3.052552112453376081e-03,3.185217106262623332e+00,5.142052498159153107e-01,9.086851570868120787e-02,-2.418552608381574487e-02,-5.137160372354675486e-01,-2.242480825638470954e-02,2.831381283149718084e-02,-9.250774107210840702e-02,3.542058216221461997e-01
2.379999999999999893e+00,1.000000000000000000e+00,-1.194461238398434988e+00,-3.519554391775421391e-03,3.188867893248504615e+00,5.136792760688050352e-01,9.129417270512744931e-02,-2.821497411437512426e-02,-5.131053596617175527e-01,-2.427526619815270625e-02,3.268524744744480404e-02,-9.246193862433978172e-02,3.558742678599665088e-01
2.399999999999999911e+00,1.000000000000000000e+00,-1.204716537534157528e+00,-4.023526464503483779e-03,3.192523806591218261e+00,5.130766508513402435e-01,9.132341414455208417e-02,-3.185904454593391222e-02,-5.124113388000641756e-01,-2.612028939261460542e-02,3.664996268923999961e-02,-9.196667486501550193e-02,3.559888901940521655e-01
2.419999999999999929e+00,1.000000000000000000e+00,-1.214957189877902799e+00,-4.564270706838536099e-03,3.196168463883377608e+00,5.124049142869676610e-01,9.096072307524351308e-02,-3.513436260334046324e-02,-5.116419997739460879e-01,-2.795103312495029330e-02,4.021888496132244861e-02,-9.103640093523723831e-02,3.545672355115037089e-01
2.439999999999999947e+00,1.000000000000000000e+00,-1.225181767496549501e+00,-5.141415490913372327e-03,3.199785766737037296e+00,5.116712763472066605e-01,9.021004635423426898e-02,-3.805728398881491614e-02,-5.108051491787131138e-01,-2.975894170316173773e-02,4.340294066813184248e-02,-8.968556797610668929e-02,3.516250763319315187e-01
2.459999999999999964e+00,1.000000000000000000e+00,-1.235388996403600670e+00,-5.754420965249042695e-03,3.203359894165668464e+00,5.108826229274150421e-01,8.907497214620482828e-02,-4.064382875177585674e-02,-5.099083750816262306e-01,-3.153574845807288751e-02,4.621305621410787268e-02,-8.792862712872558106e-02,3.471770894424671128e-01
2.479999999999999982e+00,1.000000000000000000e+00,-1.245577752188624654e+00,-6.402584835211297051e-03,3.206875300468027934e+00,5.100455231971355863e-01,8.755889351250403796e-02,-4.290961996231423825e-02,-5.089590470218580132e-01,-3.327347574332976954e-02,4.866015800369023758e-02,-8.578002953419555654e-02,3.412374745589991654e-01
2.500000000000000000e+00,1.000000000000000000e+00,-1.255747055646692756e+00,-7.085048143467030830e-03,3.210316717182066792e+00,5.091662381289224770e-01,8.566515965625035034e-02,-4.486982722140808733e-02,-5.079643160104917454e-01,-3.496443493540039860e-02,5.075517244131862171e-02,-8.325422633361834190e-02,3.338205186627487553e-01
2.520000000000000018e+00,1.000000000000000000e+00,-1.265896068407815545e+00,-7.800801050440713674e-03,3.213669158710166673e+00,5.082507301082792583e-01,8.339721612522114913e-02,-4.653911509491592824e-02,-5.069311145305219757e-01,-3.660122643357485717e-02,5.250902593143268876e-02,-8.036566866809558007e-02,3.249411107590049475e-01
2.540000000000000036e+00,1.000000000000000000e+00,-1.276024088566384052e+00,-8.548688614770837135e-03,3.216917931246250806e+00,5.073046735251258710e-01,8.075873504552925908e-02,-4.793159660006374168e-02,-5.058661565368548496e-01,-3.817673965996525726e-02,5.393264487847215100e-02,-7.712880767872903887e-02,3.146152110811960556e-01
2.560000000000000053e+00,1.000000000000000000e+00,-1.286130546310605860e+00,-9.327416573766365848e-03,3.220048644661534620e+00,5.063334662442767753e-01,7.775373625912740394e-02,-4.906079190272905066e-02,-5.047759374563073331e-01,-3.968415305950574734e-02,5.503695568687670681e-02,-7.355809450662036120e-02,3.028602781857642756e-01
2.580000000000000071e+00,1.000000000000000000e+00,-1.296214999551943636e+00,-1.013555712386314707e-02,3.223047227029416373e+00,5.053422418490166601e-01,7.438670006114403432e-02,-4.993959240323597726e-02,-5.036667341876076565e-01,-4.111693409995247073e-02,5.583288476108603376e-02,-6.966798029287123162e-02,2.896956569226128431e-01
2.600000000000000089e+00,1.000000000000000000e+00,-1.306277129554554772e+00,-1.097155470108039654e-02,3.225899941491783274e+00,5.043358825481473184e-01,7.066267207405557693e-02,-5.058023039827297396e-02,-5.025446051013955362e-01,-4.246883927188364882e-02,5.633135850553977475e-02,-6.547291617858333468e-02,2.751429298966526771e-01
2.620000000000000107e+00,1.000000000000000000e+00,-1.316316736564728140e+00,-1.183373176147709677e-02,3.228593405189124965e+00,5.033190326330857500e-01,6.658736065068351917e-02,-5.099425450752903544e-02,-5.014153900402215092e-01,-4.373391408869955338e-02,5.654330332467766979e-02,-6.098735330485840350e-02,2.592262347352762286e-01
2.640000000000000124e+00,1.000000000000000000e+00,-1.326333735440322181e+00,-1.272029456160846464e-02,3.231114609995575204e+00,5.022961123678461037e-01,6.216722706377526136e-02,-5.119251104721911361e-02,-5.002847103185474875e-01,-4.490649308662242323e-02,5.647964562293937563e-02,-5.622574281279806713e-02,2.419725492241945053e-01
2.660000000000000142e+00,1.000000000000000000e+00,-1.336328151280204102e+00,-1.362933893898237749e-02,3.233450944817419792e+00,5.012713321911970166e-01,5.740956861407134348e-02,-5.118513151908388181e-02,-4.991579687227468698e-01,-4.598119982469658223e-02,5.615131180476466005e-02,-5.120253584350407255e-02,2.234119461520639449e-01
2.680000000000000160e+00,1.000000000000000000e+00,-1.346300115053688184e+00,-1.455885609251581989e-02,3.235590219229799835e+00,5.002487071070828017e-01,5.232259466966640571e-02,-5.098152636363373347e-02,-4.980403495111035972e-01,-4.695294688478836298e-02,5.556922827459307573e-02,-4.593218353807808352e-02,2.035778194971488986e-01
2.700000000000000178e+00,1.000000000000000000e+00,-1.356249859229972543e+00,-1.550673836299132531e-02,3.237520688241242173e+00,4.992320711366516339e-01,4.691549553629491970e-02,-5.059038510119684418e-02,-4.969368184138134859e-01,-4.781693587158617614e-02,5.474432143686440433e-02,-4.042913703762181926e-02,1.825070833837455220e-01
2.719999999999999751e+00,1.000000000000000000e+00,-1.366177713407579208e+00,-1.647078501351341775e-02,3.239231077989163321e+00,4.982250917030349169e-01,4.119850395084170835e-02,-5.001968295412595467e-02,-4.958521226329832277e-01,-4.856865741260040642e-02,5.368751769601834423e-02,-3.470784748323696434e-02,1.602403450214767433e-01
2.740000000000000213e+00,1.000000000000000000e+00,-1.376084099943790440e+00,-1.744870800996504295e-02,3.240710612181522343e+00,4.972312838184865802e-01,3.518294888954303506e-02,-4.927669400919221232e-02,-4.947907908426307233e-01,-4.920389115816348191e-02,5.240974345649452443e-02,-2.878276601602512003e-02,1.368220526086267319e-01
2.759999999999999787e+00,1.000000000000000000e+00,-1.385969529584089033e+00,-1.843813780146402043e-02,3.241949039110104902e+00,4.962540239426672106e-01,2.888130128937316243e-02,-4.836801094109510757e-02,-4.937571331886850823e-01,-4.971870578142989494e-02,5.092192512273263638e-02,-2.266834377708804721e-02,1.123006189258349274e-01
2.780000000000000249e+00,1.000000000000000000e+00,-1.395834597091594409e+00,-1.943662910081947817e-02,3.242936659069390881e+00,4.952965633808427692e-01,2.230721119798765445e-02,-4.729957127668704686e-02,-4.927552412889867894e-01,-5.010945897837618818e-02,4.923498909917238542e-02,-1.637903190752746166e-02,8.672852106578363141e-02
2.799999999999999822e+00,1.000000000000000000e+00,-1.405679976876503590e+00,-2.044166666498829429e-02,3.243664352021375485e+00,4.943620410915997021e-01,1.547553579687519117e-02,-4.607669013542903258e-02,-4.917889882332873164e-01,-5.037279746780087136e-02,4.735986179025350462e-02,-9.929281548445030581e-03,6.016237643790114942e-02
2.820000000000000284e+00,1.000000000000000000e+00,-1.415506418625525731e+00,-2.145067107553154384e-02,3.244123605350924588e+00,4.934534957754256324e-01,8.402357687028348329e-03,-4.470409933501073851e-02,-4.908620285832493435e-01,-5.050565699132451847e-02,4.530746960041558830e-02,-3.333543840942382579e-03,3.266299485721124024e-02
2.839999999999999858e+00,1.000000000000000000e+00,-1.425314742931323764e+00,-2.246100451907092482e-02,3.244306541558116042e+00,4.925738771181992770e-01,1.104992789755402521e-03,-4.318599270261103129e-02,-4.899777983724472596e-01,-5.050526231338978156e-02,4.308873893409847361e-02,3.393730073878590495e-03,4.295406178779501497e-03
2.859999999999999876e+00,1.000000000000000000e+00,-1.435105836921950484e+00,-2.346997656774521546e-02,3.244205945733479535e+00,4.917260560673212266e-01,-6.398012799411443088e-03,-4.152607738148539340e-02,-4.891395151063658853e-01,-5.036912722126127284e-02,4.071459619574167854e-02,1.023808905491645216e-02,-2.487113741809045611e-02
2.879999999999999893e+00,1.000000000000000000e+00,-1.444880649890287971e+00,-2.447484995966670712e-02,3.243815292659058880e+00,4.909128340229398924e-01,-1.408689765512471936e-02,-3.972763087078057254e-02,-4.883501777624015827e-01,-5.009505452502567568e-02,3.819596778978493617e-02,1.718508196106943373e-02,-5.476318574785798976e-02
2.899999999999999911e+00,1.000000000000000000e+00,-1.454640188923484567e+00,-2.547284637937762691e-02,3.243128773372865314e+00,4.901369508324900370e-01,-2.194071217752192188e-02,-3.779356348301199375e-02,-4.876125667898622007e-01,-4.968113605759174461e-02,3.554378012066800041e-02,2.422025765123576868e-02,-8.530314313269010684e-02
2.919999999999999929e+00,1.000000000000000000e+00,-1.464385514532394961e+00,-2.646115223830662957e-02,3.242141321026634326e+00,4.894010914836193771e-01,-2.993735860159412246e-02,-3.572648584894189128e-02,-4.869292441099662971e-01,-4.912575267469017348e-02,3.276895959283050025e-02,3.132916498431382452e-02,-1.164093510182707403e-01
2.939999999999999947e+00,1.000000000000000000e+00,-1.474117736281017166e+00,-2.743692445522517842e-02,3.240848635857183524e+00,4.887078913985323791e-01,-3.805364430236474887e-02,-3.352878104442069684e-02,-4.863025531158441384e-01,-4.842757425487378975e-02,2.988243261071214449e-02,3.849735281920189933e-02,-1.479962028630461002e-01
2.959999999999999964e+00,1.000000000000000000e+00,-1.483838008415929055e+00,-2.839729623670401298e-02,3.239247209080279966e+00,4.880599402418425714e-01,-4.626534870372610991e-02,-3.120268085788779899e-02,-4.857346186725366999e-01,-4.758555969951738795e-02,2.689512557875263499e-02,4.571037001479826001e-02,-1.799742936734232690e-01
2.979999999999999982e+00,1.000000000000000000e+00,-1.493547525495731554e+00,-2.933938285756961667e-02,3.237334345503324329e+00,4.874597841642168139e-01,-5.454730393327941046e-02,-2.875034566129031077e-02,-4.852273471169965546e-01,-4.659895693281779216e-02,2.381796490139161809e-02,5.295376543000129138e-02,-2.122506066748965636e-01
3.000000000000000000e+00,1.000000000000000000e+00,-1.503247518020481399e+00,-3.026028744136060461e-02,3.235108184639772677e+00,4.869099264153909923e-01,-6.287348917068756593e-02,-2.617394729185384961e-02,-4.847824262580874288e-01,-4.546730290179394618e-02,2.066187698306881648e-02,6.021308792370928115e-02,-2.447287396243952862e-01
3.020000000000000018e+00,1.000000000000000000e+00,-1.512939248061132780e+00,-3.115710674078419826e-02,3.232567720094738473e+00,4.864128262725426755e-01,-7.121713841663092348e-02,-2.347575429783610446e-02,-4.844013253765839244e-01,-4.419042357628673312e-02,1.743778822822390773e-02,6.747388635482051700e-02,-2.773091731645877522e-01
3.040000000000000036e+00,1.000000000000000000e+00,-1.522624004888973870e+00,-3.202693691817264099e-02,3.229712816978325129e+00,4.859708962434775015e-01,-7.955086116866579016e-02,-2.065821884925611585e-02,-4.840852952251723518e-01,-4.276843394895913503e-02,1.415662504129657287e-02,7.472170958223335602e-02,-3.098895833805466737e-01
3.060000000000000053e+00,1.000000000000000000e+00,-1.532303100605066248e+00,-3.286687932593969352e-02,3.226544227091771244e+00,4.855864975185724131e-01,-8.784677523568888702e-02,-1.772406456518815787e-02,-4.838353680284497305e-01,-4.120173803529607326e-02,1.082931382672652591e-02,8.194210646484600957e-02,-3.423652003300817204e-01
3.080000000000000071e+00,1.000000000000000000e+00,-1.541977865769681655e+00,-3.367404628703700442e-02,3.223063601622246921e+00,4.852619336608700040e-01,-9.607665066198044224e-02,-1.467637446411806934e-02,-4.836523574829246219e-01,-3.949102887360461667e-02,7.466780988953408867e-03,8.912062586155689026e-02,-3.746292137720401150e-01
3.100000000000000089e+00,1.000000000000000000e+00,-1.551649645031742519e+00,-3.444556687541059509e-02,3.219273501076079125e+00,4.849994425400077080e-01,-1.042120634734266527e-01,-1.151867820405350074e-02,-4.835368587570166854e-01,-3.763728852501381505e-02,4.079952932416959152e-03,9.624281663126425801e-02,-4.065732266078560531e-01
3.120000000000000107e+00,1.000000000000000000e+00,-1.561319792758257385e+00,-3.517859269645728232e-02,3.215177402178163835e+00,4.848011865327078729e-01,-1.122245577113941822e-01,-8.255037746049964653e-03,-4.834892484910568444e-01,-3.564178807347473388e-02,6.797560615568320076e-04,1.032942276328664005e-01,-4.380877556824170904e-01
3.140000000000000124e+00,1.000000000000000000e+00,-1.570989668663760996e+00,-3.587030366748112514e-02,3.210779701468246650e+00,4.846692410301657317e-01,-1.200858139926999635e-01,-4.890130550224469630e-03,-4.835096847972869538e-01,-3.350608762576054445e-02,-2.722883219187289140e-03,1.102604077252617165e-01,-4.690627785696558916e-01
3.160000000000000142e+00,1.000000000000000000e+00,-1.580660633439752605e+00,-3.651791379814986471e-02,3.206085715333456765e+00,4.846055813106988630e-01,-1.277678226355088154e-01,-1.429329398597189993e-03,-4.835981072598605768e-01,-3.123203631146636086e-02,-6.117038505375691805e-03,1.171269057673483965e-01,-4.993883238124303681e-01
3.179999999999999716e+00,1.000000000000000000e+00,-1.590334044384133172e+00,-3.711867697095139196e-02,3.201101676231670190e+00,4.846120678542218396e-01,-1.352430592281611554e-01,2.121222064353389669e-03,-4.837542369348419857e-01,-2.882177228300935451e-02,-9.491783392568666974e-03,1.238792706180247977e-01,-5.289551008195695347e-01
3.200000000000000178e+00,1.000000000000000000e+00,-1.600011251030644122e+00,-3.766989272165012503e-02,3.195834724882586020e+00,4.846904301932729586e-01,-1.424846603968122072e-01,5.754538972812639486e-03,-4.839775763502071060e-01,-2.627772271562878181e-02,-1.283619147632661037e-02,1.305030511361893186e-01,-5.576551642776842455e-01
3.219999999999999751e+00,1.000000000000000000e+00,-1.609693590778305206e+00,-3.816891201974350473e-02,3.190292898233209939e+00,4.848422494131343630e-01,-1.494665974526271646e-01,9.462730938032848371e-03,-4.842674095058426831e-01,-2.360260380738586281e-02,-1.613933635220975854e-02,1.369837961807401361e-01,-5.853826065516296584e-01
3.240000000000000213e+00,1.000000000000000000e+00,-1.619382384520853257e+00,-3.861314304891839966e-02,3.184485113041994442e+00,4.850689394307943214e-01,-1.561638455724054242e-01,1.323694464062619147e-02,-4.846228018735466714e-01,-2.079942077916393378e-02,-1.939029161577848770e-02,1.433070546105756904e-01,-6.120342701721094292e-01
3.259999999999999787e+00,1.000000000000000000e+00,-1.629078932276180947e+00,-3.900005698750760863e-02,3.178421144971113943e+00,4.853717271987594284e-01,-1.625525461882317280e-01,1.706731409805684052e-02,-4.850426003970286781e-01,-1.787146787466828077e-02,-2.257813086259302660e-02,1.494583752845941582e-01,-6.375104711941852464e-01
3.280000000000000249e+00,1.000000000000000000e+00,-1.638784508815772423e+00,-3.932719378894620338e-02,3.172111603129002422e+00,4.857516319947166039e-01,-1.686101603304561991e-01,2.094291931735980938e-02,-4.855254334919091308e-01,-1.482232836042627830e-02,-2.569192768821376704e-02,1.554233070616939383e-01,-6.617157230123072997e-01
3.299999999999999822e+00,1.000000000000000000e+00,-1.648500359294145179e+00,-3.959216796222805174e-02,3.165567900064671925e+00,4.862094439714538252e-01,-1.743156107805901300e-01,2.485175395547933874e-02,-4.860697110457196657e-01,-1.165587452578732003e-02,-2.872075568820096556e-02,1.611873988007733183e-01,-6.845594491928126413e-01
3.320000000000000284e+00,1.000000000000000000e+00,-1.658227694878285252e+00,-3.979267435236222977e-02,3.158802217280670899e+00,4.867457021529357775e-01,-1.796494110417962975e-01,2.878070250641506789e-02,-4.866736244179034054e-01,-8.376267682922827404e-03,-3.165368845811497578e-02,1.667361993607305581e-01,-7.059566730892314901e-01
3.339999999999999858e+00,1.000000000000000000e+00,-1.667967688377087754e+00,-3.992649392082946169e-02,3.151827466401589284e+00,4.873606720717103546e-01,-1.845937793186508968e-01,3.271552741736805103e-02,-4.873351464398142374e-01,-4.987958166826249665e-03,-3.447979959351608198e-02,1.720552576004640843e-01,-7.258286714898626313e-01
3.360000000000000320e+00,1.000000000000000000e+00,-1.677721469870792959e+00,-3.999149952603853891e-02,3.144657246208367063e+00,4.880543232496305506e-01,-1.891327359082687343e-01,3.664086640655384031e-02,-4.880520314147177019e-01,-1.495685335313096369e-03,-3.718816268996459617e-02,1.771301223788720736e-01,-7.441035793540350385e-01
3.379999999999999893e+00,1.000000000000000000e+00,-1.687490122340426169e+00,-3.998566170378282936e-02,3.137305795823672305e+00,4.888263067279724483e-01,-1.932521826350031557e-01,4.054024011602130884e-02,-4.888218151177902149e-01,2.095522430979123753e-03,-3.976785134302084079e-02,1.819463425548528690e-01,-7.607169328555507537e-01
3.400000000000000355e+00,1.000000000000000000e+00,-1.697274677297234691e+00,-3.990705444769661325e-02,3.129787944408412681e+00,4.896759328542713563e-01,-1.969399632042054538e-01,4.439607008712620484e-02,-4.896418147961195677e-01,5.780347728590837751e-03,-4.220793914824514520e-02,1.864894669873048694e-01,-7.756121384878280622e-01
3.419999999999999929e+00,1.000000000000000000e+00,-1.707076110412127701e+00,-3.975386098971164794e-02,3.122119057802156483e+00,4.906021495314575320e-01,-2.001859036009252801e-01,4.818970689668056195e-02,-4.905091291687049271e-01,9.553184131240404983e-03,-4.449749970119776243e-02,1.907450445351262514e-01,-7.887408568986433721e-01
3.439999999999999947e+00,1.000000000000000000e+00,-1.716895337145112554e+00,-3.952437958051348288e-02,3.114314982608821669e+00,4.916035211301385544e-01,-2.029818319116009073e-01,5.190146814329743563e-02,-4.914206384264561134e-01,1.340813618982430837e-02,-4.662560659743907737e-02,1.946986240572154414e-01,-8.000632913995273654e-01
3.459999999999999964e+00,1.000000000000000000e+00,-1.726733208374734208e+00,-3.921702926999798972e-02,3.106391988291593353e+00,4.926782082571894428e-01,-2.053215771961954539e-01,5.551068582898288639e-02,-4.923730042321947109e-01,1.733901943241681828e-02,-4.858133343252934999e-02,1.983357544124706995e-01,-8.095483727049831435e-01
3.479999999999999982e+00,1.000000000000000000e+00,-1.736590506027513525e+00,-3.883035568772777446e-02,3.098366707895804595e+00,4.938239485632978654e-01,-2.072009472811886799e-01,5.899576254519978136e-02,-4.933626697206533462e-01,2.133936036427022676e-02,-5.035375380202894435e-02,2.016419844597903688e-01,-8.171738333523036468e-01
3.500000000000000000e+00,1.000000000000000000e+00,-1.746467938707384704e+00,-3.836303682338861043e-02,3.090256078063917222e+00,4.950380387589973785e-01,-2.086176855772892413e-01,6.233423574954244373e-02,-4.943858594984756882e-01,2.540239646781485006e-02,-5.193194130149812737e-02,2.046028630580726815e-01,-8.229261673711335545e-01
3.520000000000000018e+00,1.000000000000000000e+00,-1.756366137325133803e+00,-3.781388880724589202e-02,3.082077279041465889e+00,4.963173179932795498e-01,-2.095714072472340261e-01,6.550284931175198722e-02,-4.954385796442167811e-01,2.952107620265888299e-02,-5.330496952649722842e-02,2.072039390662160085e-01,-8.268004730380579259e-01
3.540000000000000036e+00,1.000000000000000000e+00,-1.766285650727837719e+00,-3.718187169060105379e-02,3.073847675395946055e+00,4.976581527314674624e-01,-2.100635152563850305e-01,6.847763142012297521e-02,-4.965166177083427668e-01,3.368805900558856370e-02,-5.446191207258654909e-02,2.094307613431186654e-01,-8.288001788812285886e-01
3.560000000000000053e+00,1.000000000000000000e+00,-1.776226941328301390e+00,-3.646609522624805894e-02,3.065584758181624458e+00,4.990564232500844799e-01,-2.100970970298639828e-01,7.123397787353091815e-02,-4.976155427132312736e-01,3.789571529056803140e-02,-5.539184253532643265e-02,2.112688787476789398e-01,-8.289366554041815993e-01
3.580000000000000071e+00,1.000000000000000000e+00,-1.786190380734495875e+00,-3.566582464892976284e-02,3.057306089281990324e+00,5.005075118464087369e-01,-2.096768026123523310e-01,7.374673974259060572e-02,-4.987307051531706392e-01,4.213612644873943047e-02,-5.608383451027715294e-02,2.127038401387951472e-01,-8.272287171869030509e-01
3.600000000000000089e+00,1.000000000000000000e+00,-1.796176245378998226e+00,-3.478048645579443626e-02,3.049029248648455592e+00,5.020062928397881485e-01,-2.088087053776639390e-01,7.599031436689962504e-02,-4.998572369943607985e-01,4.640108484842286884e-02,-5.652696159299904627e-02,2.137211943753656029e-01,-8.237020220097970302e-01
3.620000000000000107e+00,1.000000000000000000e+00,-1.806184712148427796e+00,-3.380967418685214276e-02,3.040771785129724680e+00,5.035471244210847352e-01,-2.075001464615514324e-01,7.793873866445188980e-02,-5.009900516749128396e-01,5.068209383511640409e-02,-5.671029737905238649e-02,2.143064903162885670e-01,-8.183883753546392636e-01
3.640000000000000124e+00,1.000000000000000000e+00,-1.816215854012885877e+00,-3.275315420543124106e-02,3.032551171552180236e+00,5.051238423863662064e-01,-2.057595641890766214e-01,7.956578376403200537e-02,-5.021238441048488932e-01,5.497036773149609201e-02,-5.662291546399754461e-02,2.144452768204624105e-01,-8.113249499991945779e-01
3.660000000000000142e+00,1.000000000000000000e+00,-1.826269635655392687e+00,-3.161087147863474167e-02,3.024384764669310499e+00,5.067297557716460288e-01,-2.035963098329374443e-01,8.084505003020225899e-02,-5.032530906661023540e-01,5.925683183741591031e-02,-5.625388944339479447e-02,2.141231027467854209e-01,-8.025534313866873326e-01
3.679999999999999716e+00,1.000000000000000000e+00,-1.836345909101325891e+00,-3.038295535779684392e-02,3.016289770549466898e+00,5.083576443875742479e-01,-2.010204510666029343e-01,8.175006163209808108e-02,-5.043720492125179922e-01,6.353212242990778635e-02,-5.559229291280444463e-02,2.133255169541558860e-01,-7.921190999812133260e-01
3.700000000000000178e+00,1.000000000000000000e+00,-1.846444409347860915e+00,-2.906972535893926832e-02,3.008283215918283737e+00,5.099997582369300009e-01,-1.980425644609643265e-01,8.225435990941853959e-02,-5.054747590698517312e-01,6.778658676318173593e-02,-5.462719946778685221e-02,2.120380683014721768e-01,-7.800698618955342889e-01
3.719999999999999751e+00,1.000000000000000000e+00,-1.856564749993405705e+00,-2.767169694322781093e-02,3.000381925917197989e+00,5.116478187839509362e-01,-1.946735183103857070e-01,8.233159490898955823e-02,-5.065550410357704259e-01,7.201028306862564121e-02,-5.334768270390229106e-02,2.102463056476325531e-01,-7.664552386943797035e-01
3.740000000000000213e+00,1.000000000000000000e+00,-1.866706418867041251e+00,-2.618958729742870695e-02,2.992602508685085816e+00,5.132930220332895255e-01,-1.909242469586685531e-01,8.195561460055955649e-02,-5.076064973798524171e-01,7.619298055480532017e-02,-5.174281621671109055e-02,2.079357778515353583e-01,-7.513253264447412594e-01
3.759999999999999787e+00,1.000000000000000000e+00,-1.876868773657959455e+00,-2.462432111436510182e-02,2.984961347118540331e+00,5.149260433679733184e-01,-1.868055176230095926e-01,8.110055142797989447e-02,-5.086225118435873105e-01,8.032415940746466532e-02,-4.980167360177353147e-02,2.050920337720788245e-01,-7.347297328267907712e-01
3.780000000000000249e+00,1.000000000000000000e+00,-1.887051037544900556e+00,-2.297703637337348073e-02,2.977474598120156912e+00,5.165370440904086813e-01,-1.823276904805114229e-01,7.974090600975536347e-02,-5.095962496403754205e-01,8.439301078952542168e-02,-4.751332845464995014e-02,2.017006222681614058e-01,-7.167164994656423094e-01
3.799999999999999822e+00,1.000000000000000000e+00,-1.897252294825591878e+00,-2.124909012076011544e-02,2.970158199605672511e+00,5.181156796083635774e-01,-1.775004724837378201e-01,7.785162796761468940e-02,-5.105206574555289922e-01,8.838843684108738108e-02,-4.486685437090066897e-02,1.977470921986812513e-01,-6.973310146307369894e-01
3.820000000000000284e+00,1.000000000000000000e+00,-1.907471486546187478e+00,-1.944206425025749724e-02,2.963027885512175441e+00,5.196511092091132822e-01,-1.723326650062394494e-01,7.540819403251219910e-02,-5.113884634462710910e-01,9.229905067942825725e-02,-4.185132494608596876e-02,1.932169924225367597e-01,-6.766149191123818074e-01
3.839999999999999858e+00,1.000000000000000000e+00,-1.917707406130702896e+00,-1.755777128348079072e-02,2.956099209032943431e+00,5.211320073696641408e-01,-1.668319049832550915e-01,7.238668375291368307e-02,-5.121921772417358243e-01,9.611317639900374132e-02,-3.845581377576619969e-02,1.880958717986261908e-01,-6.546050054564817033e-01
3.860000000000000320e+00,1.000000000000000000e+00,-1.927958695010457024e+00,-1.559826015038426328e-02,2.949387574301727266e+00,5.225465765592298695e-01,-1.610043987043960900e-01,6.876385330904177806e-02,-5.129240899429687861e-01,9.981884907144752961e-02,-3.466939445550164950e-02,1.823692791858479989e-01,-6.313321078438276501e-01
3.879999999999999893e+00,1.000000000000000000e+00,-1.938223838253508191e+00,-1.356582196971772500e-02,2.942908276762385089e+00,5.238825615020258342e-01,-1.548546468311771951e-01,6.451720812087202717e-02,-5.135762741229266126e-01,1.034038147455711987e-01,-3.048114058085263714e-02,1.760227634431002774e-01,-6.068199767524894428e-01
3.900000000000000355e+00,1.000000000000000000e+00,-1.948501160194093362e+00,-1.146299582948298590e-02,2.936676552490474545e+00,5.251272648840646928e-01,-1.483851585492002578e-01,5.962507512719916747e-02,-5.141405838264774264e-01,1.068555304473643996e-01,-2.588012574737946075e-02,1.690418734292814806e-01,-5.810841291383620488e-01
3.919999999999999929e+00,1.000000000000000000e+00,-1.958788820062064895e+00,-9.292574567390297566e-03,2.930707636783574710e+00,5.262675645071137609e-01,-1.415961520178607158e-01,5.406667581133817180e-02,-5.146086545704000592e-01,1.101611641799946223e-01,-2.085542355064251563e-02,1.614121580032899517e-01,-5.541306611875366217e-01
3.939999999999999947e+00,1.000000000000000000e+00,-1.969084807612331289e+00,-7.057610551314710649e-03,2.925016832408621870e+00,5.272899319165181842e-01,-1.344852374432553566e-01,4.782220125946956557e-02,-5.149719033433850512e-01,1.133075949238074587e-01,-1.539610758620199235e-02,1.531191660240238672e-01,-5.259550066894544962e-01
3.959999999999999964e+00,1.000000000000000000e+00,-1.979386938754293057e+00,-4.761421459752659610e-03,2.919619587989523701e+00,5.281804525574925746e-01,-1.270470781641538927e-01,4.087289076564459833e-02,-5.152215286060337629e-01,1.162814126363263950e-01,-9.491251449618249778e-03,1.441484463503815705e-01,-4.965406196787529036e-01
3.979999999999999982e+00,1.000000000000000000e+00,-1.989692851181282141e+00,-2.407596062278305905e-03,2.914531587139158830e+00,5.289248475471439725e-01,-1.192730240960258870e-01,3.320111574953976685e-02,-5.153485102908592630e-01,1.190689182522528811e-01,-3.129928736451609902e-03,1.344855478412614325e-01,-4.658575550916168595e-01
4.000000000000000000e+00,2.000000000000000000e+00,-2.000000000000000000e+00,0.000000000000000000e+00,2.909768849089390041e+00,5.295084971874741697e-01,-1.111507107118248072e-01,2.713513401001321768e-02,-5.153436098022856626e-01,1.216561236834663440e-01,3.698786957737620895e-03,1.241160193555616853e-01,-4.338609156373118281e-01
4.019999999999999574e+00,2.000000000000000000e+00,-2.010306115329888677e+00,2.457955405251611297e-03,2.905174722237838125e+00,5.300102529075444435e-01,-1.110211680338093615e-01,2.526033578036468441e-02,-5.152670681776988504e-01,1.241399075184039386e-01,3.955293218737197976e-03,1.242632173848778054e-01,-4.333510828306440521e-01
4.040000000000000036e+00,2.000000000000000000e+00,-2.020610648555359656e+00,4.965616263123102253e-03,2.900581595327152762e+00,5.305189106186887216e-01,-1.108928127252124113e-01,2.560677131097399695e-02,-5.151854006474497760e-01,1.266266855120471158e-01,4.211413392695467078e-03,1.244153853920478836e-01,-4.328459376009837767e-01
4.059999999999999609e+00,2.000000000000000000e+00,-2.030913497221169095e+00,7.523043430850528089e-03,2.895989374585969944e+00,5.310345237599833901e-01,-1.107653740612607601e-01,2.595577563961271039e-02,-5.150986127811564286e-01,1.291165540739085960e-01,4.467362691863864706e-03,1.245722243726303663e-01,-4.323444141320421652e-01
4.080000000000000071e+00,2.000000000000000000e+00,-2.041214558940424695e+00,1.013029963405930219e-02,2.891397977042548639e+00,5.315571416442732566e-01,-1.106385891078779521e-01,2.630713951274188389e-02,-5.150067058441920587e-01,1.316096036334121477e-01,4.723356328493825626e-03,1.247334353221836306e-01,-4.318454773902181687e-01
4.099999999999999645e+00,2.000000000000000000e+00,-2.051513731308496791e+00,1.278744934716243356e-02,2.886807330274268946e+00,5.320868093404930166e-01,-1.105122028186195787e-01,2.666064783563548701e-02,-5.149096767976851785e-01,1.341059186398927960e-01,4.979609514836785475e-03,1.248987192362660259e-01,-4.313481234995275582e-01
4.120000000000000107e+00,2.000000000000000000e+00,-2.061810911816936542e+00,1.549455867375874527e-02,2.882217372153811130e+00,5.326235675576986850e-01,-1.103859681275589089e-01,2.701607975806297191e-02,-5.148075182985187848e-01,1.366055775625966973e-01,5.236337463144176418e-03,1.250677771104360125e-01,-4.308513801012121558e-01
4.139999999999999680e+00,2.000000000000000000e+00,-2.072105997767393681e+00,1.825169522703108324e-02,2.877628050592098141e+00,5.331674525308155443e-01,-1.102596460378781063e-01,2.737320876004289971e-02,-5.147002186993312467e-01,1.391086528906812225e-01,5.493755385667438429e-03,1.252403099402519260e-01,-4.303543066970052511e-01
4.160000000000000142e+00,2.000000000000000000e+00,-2.082398886185523601e+00,2.105892801014457028e-02,2.873039323278079760e+00,5.337184959081003877e-01,-1.101330057059332485e-01,2.773180273772801741e-02,-5.145877620485158621e-01,1.416152111332148467e-01,5.752078494658005407e-03,1.254160187212722266e-01,-4.298559949750784814e-01
4.179999999999999716e+00,2.000000000000000000e+00,-2.092689473734908212e+00,2.391632729664478277e-02,2.868451157415457420e+00,5.342767246403247183e-01,-1.100058245205615126e-01,2.809162408969001490e-02,-5.144701280902203022e-01,1.441253128191772315e-01,6.011522002367311254e-03,1.255946044490552915e-01,-4.293555691177000089e-01
4.200000000000000178e+00,2.000000000000000000e+00,-2.102977656630971914e+00,2.682396451085602984e-02,2.863863529456450951e+00,5.348421608716880105e-01,-1.098778881774086780e-01,2.845242980351514461e-02,-5.143472922643479439e-01,1.466390124974591980e-01,6.272301121046791605e-03,1.257757681191594701e-01,-4.288521860896730153e-01
4.219999999999999751e+00,2.000000000000000000e+00,-2.113263330554892683e+00,2.978191210827953531e-02,2.859276424832705388e+00,5.354148218324653596e-01,-1.097489907480640320e-01,2.881397154289011553e-02,-5.142192257065568706e-01,1.491563587368627819e-01,6.534631062947880362e-03,1.259592107271431394e-01,-4.283450359066608426e-01
4.240000000000000213e+00,2.000000000000000000e+00,-2.123546390567520703e+00,3.279024345599167861e-02,2.854689837683456410e+00,5.359947197334036240e-01,-1.096189347437980105e-01,2.917599573523510514e-02,-5.140858952482603161e-01,1.516773941261011505e-01,6.798727040322015761e-03,1.261446332685647875e-01,-4.278333418825401857e-01
4.259999999999999787e+00,2.000000000000000000e+00,-2.133826731023290346e+00,3.584903271304221845e-02,2.850103770581072116e+00,5.365818616618747150e-01,-1.094875311737085466e-01,2.953824365997625989e-02,-5.139472634166257770e-01,1.542021552737986856e-01,7.064804265420631703e-03,1.263317367389827361e-01,-4.273163608549669923e-01
4.280000000000000249e+00,2.000000000000000000e+00,-2.144104245484138804e+00,3.895835471085249552e-02,2.845518234254100332e+00,5.371762494798026921e-01,-1.093545995970952589e-01,2.990045153745946038e-02,-5.138032884345768991e-01,1.567306728084908174e-01,7.333077950495163824e-03,1.265202221339554456e-01,-4.267933833883935102e-01
4.299999999999999822e+00,2.000000000000000000e+00,-2.154378826633418065e+00,4.211828483361369085e-02,2.840933247307944054e+00,5.377778797233730979e-01,-1.092199681698913238e-01,3.026235061859416930e-02,-5.136539242207911471e-01,1.592629713786242740e-01,7.603763307797045158e-03,1.267097904490412374e-01,-4.262637339538214998e-01
4.320000000000000284e+00,2.000000000000000000e+00,-2.164650366189810882e+00,4.532889889868502858e-02,2.836348835943309776e+00,5.383867435045465166e-01,-1.090834736849967818e-01,3.062366727532683797e-02,-5.134991203897016909e-01,1.617990696525569705e-01,7.877075549577713942e-03,1.269001426797985443e-01,-4.257267710846310282e-01
4.339999999999999858e+00,2.000000000000000000e+00,-2.174918754821248967e+00,4.859027303699200995e-02,2.831765033672570819e+00,5.390028264143861270e-01,-1.089449616063722093e-01,3.098412309183906643e-02,-5.133388222514965182e-01,1.643389803185578146e-01,8.153229888088604077e-03,1.270909798217857711e-01,-4.251818875078883786e-01
4.360000000000000320e+00,2.000000000000000000e+00,-2.185183882058820970e+00,5.190248357342458485e-02,2.827181881034185995e+00,5.396261084282200082e-01,-1.088042860967649572e-01,3.134343495668368007e-02,-5.131729708121184341e-01,1.668827100848069844e-01,8.432441535581151199e-03,1.272820028705613227e-01,-4.246285102505916176e-01
4.379999999999999893e+00,2.000000000000000000e+00,-2.195445636210694218e+00,5.526560690723546915e-02,2.822599425305334808e+00,5.402565638126535230e-01,-1.086613100389575842e-01,3.170131515577701009e-02,-5.130015027732650612e-01,1.694302596793959281e-01,8.714925704306791809e-03,1.274729128216835761e-01,-4.240661007203820332e-01
4.400000000000000355e+00,2.000000000000000000e+00,-2.205703904276028471e+00,5.867971939243829538e-02,2.818017720212922850e+00,5.408941610344510931e-01,-1.085159050504425765e-01,3.205747146620652188e-02,-5.128243505323897278e-01,1.719816238503270589e-01,9.000897606516960678e-03,1.276634106707109084e-01,-4.234941547603117140e-01
4.419999999999999929e+00,2.000000000000000000e+00,-2.215958571858887449e+00,6.214489721820582596e-02,2.813436825643112815e+00,5.415388626713018017e-01,-1.083679514914472203e-01,3.241160725107405938e-02,-5.126414421826995804e-01,1.745367913655140879e-01,9.290572454463087368e-03,1.278531974132016968e-01,-4.229122026773360910e-01
4.440000000000000391e+00,2.000000000000000000e+00,-2.226209523082159691e+00,6.566121628926829823e-02,2.808856807349557005e+00,5.421906253244940244e-01,-1.082173384662452192e-01,3.276342155517397714e-02,-5.124527015131578045e-01,1.770957450127819133e-01,9.584165460396613587e-03,1.280419740447144017e-01,-4.223198092442551621e-01
4.459999999999999964e+00,2.000000000000000000e+00,-2.236456640501468751e+00,6.922875210631145027e-02,2.804277736660484965e+00,5.428493995335087474e-01,-1.080639638177151168e-01,3.311260920157899079e-02,-5.122580480084820698e-01,1.796584615998665369e-01,9.881891836568974102e-03,1.282294415608073723e-01,-4.217165736749211580e-01
4.480000000000000426e+00,2.000000000000000000e+00,-2.246699805019090945e+00,7.284757964637494920e-02,2.799699690184831447e+00,5.435151296925571085e-01,-1.079077341151189195e-01,3.345886088919058921e-02,-5.120573968491450856e-01,1.822249119544150919e-01,1.018396679523160368e-02,1.284153009570390136e-01,-4.211021295725860814e-01
4.500000000000000000e+00,2.000000000000000000e+00,-2.256938895797868216e+00,7.651777324325044483e-02,2.795122749517563676e+00,5.441877539690763710e-01,-1.077485646350958975e-01,3.380186329115986155e-02,-5.118506589113746008e-01,1.847950609239860098e-01,1.049060554863593536e-02,1.285992532289677304e-01,-4.204761448513519850e-01
4.519999999999999574e+00,2.000000000000000000e+00,-2.267173790175125436e+00,8.023940646787991460e-02,2.790547000944395784e+00,5.448672042242034275e-01,-1.075863793358835807e-01,3.414129915418762096e-02,-5.116377407671529598e-01,1.873688673760488810e-01,1.080202330903340738e-02,1.287809993721519275e-01,-4.198383216307540744e-01
4.540000000000000036e+00,2.000000000000000000e+00,-2.277404363576585933e+00,8.401255200875379359e-02,2.785972535146056028e+00,5.455534059352438181e-01,-1.074211108247977026e-01,3.447684739871981208e-02,-5.114185446842181015e-01,1.899462841979842054e-01,1.111843528867545103e-02,1.289602403821499821e-01,-4.191883961035911543e-01
4.560000000000000497e+00,2.000000000000000000e+00,-2.287630489430283021e+00,8.783728155230929868e-02,2.781399446902292016e+00,5.462462781201522510e-01,-1.072527003190212186e-01,3.480818321993339737e-02,-5.111929686260626715e-01,1.925272582970840030e-01,1.144005669981350802e-02,1.291366772545202712e-01,-4.185261383771897714e-01
4.580000000000000071e+00,2.000000000000000000e+00,-2.297852039080477748e+00,9.171366566332850301e-02,2.776827834795785765e+00,5.469457332640411673e-01,-1.070810975997724540e-01,3.513497818957134200e-02,-5.109609062519339107e-01,1.951117306005512031e-01,1.176710275469900618e-02,1.293100109848211998e-01,-4.178513522883718911e-01
4.599999999999999645e+00,2.000000000000000000e+00,-2.308068881701576203e+00,9.564177366533675728e-02,2.772257800916163806e+00,5.476516772477351136e-01,-1.069062609599397001e-01,3.545690035854320854e-02,-5.107222469168346546e-01,1.976996360555000609e-01,1.209978866558338376e-02,1.294799425686112282e-01,-4.171638751924662825e-01
4.620000000000000107e+00,2.000000000000000000e+00,-2.318280884212039705e+00,9.962167352100079198e-02,2.767689450564272402e+00,5.483640092783829134e-01,-1.067281571452898675e-01,3.577361436025583430e-02,-5.104768756715222233e-01,2.002909036289559908e-01,1.243832964471808071e-02,1.296461730014486224e-01,-4.164635777267864936e-01
4.639999999999999680e+00,2.000000000000000000e+00,-2.328487911188302117e+00,1.036534317125268750e-01,2.763122891956899974e+00,5.490826218221452892e-01,-1.065467612893768595e-01,3.608478151461014249e-02,-5.102246732625091985e-01,2.028854563078553996e-01,1.278294090435452661e-02,1.298084032788919262e-01,-4.157503635490719107e-01
4.660000000000000142e+00,2.000000000000000000e+00,-2.338689824778687143e+00,1.077371131220591916e-01,2.758558235932120350e+00,5.498074005389673724e-01,-1.063620568422941198e-01,3.639005993270849615e-02,-5.099655161320629793e-01,2.054832110990460758e-01,1.313383765674415796e-02,1.299663343964994333e-01,-4.150241690514647197e-01
4.679999999999999716e+00,2.000000000000000000e+00,-2.348886484617318970e+00,1.118727809120779598e-01,2.753995595655429618e+00,5.505382242194536424e-01,-1.061740354934319341e-01,3.668910462208430090e-02,-5.096992764182061153e-01,2.080840790292869114e-01,1.349123511413840952e-02,1.301196673498295486e-01,-4.142849630506629799e-01
4.700000000000000178e+00,2.000000000000000000e+00,-2.359077747738040909e+00,1.160604964057977140e-01,2.749435086326848410e+00,5.512749647238507356e-01,-1.059826970884216041e-01,3.698156759253379278e-02,-5.094258219547157518e-01,2.106879651452478186e-01,1.385534848878871780e-02,1.302681031344407325e-01,-4.135327464549756193e-01
4.719999999999999751e+00,2.000000000000000000e+00,-2.369263468488330915e+00,1.203003189675654755e-01,2.744876824889159295e+00,5.520174869231549986e-01,-1.057880495404606019e-01,3.726709796240612604e-02,-5.091450162711246286e-01,2.132947685135101468e-01,1.422639299294651757e-02,1.304113427458913343e-01,-4.127675519090548417e-01
4.740000000000000213e+00,2.000000000000000000e+00,-2.379443498443210903e+00,1.245923058832590080e-01,2.740320929737441347e+00,5.527656486423470072e-01,-1.055901087362355883e-01,3.754534206532866847e-02,-5.088567185927196368e-01,2.159043822205661267e-01,1.460458383886324707e-02,1.305490871797397034e-01,-4.119894434171749720e-01
4.759999999999999787e+00,2.000000000000000000e+00,-2.389617686319171153e+00,1.289365122406850306e-01,2.735767520430063549e+00,5.535193006057681497e-01,-1.053888984366705278e-01,3.781594355733552959e-02,-5.085607838405433734e-01,2.185166933728194261e-01,1.499013623879033585e-02,1.306810374315443002e-01,-4.111985159459661809e-01
4.780000000000000249e+00,2.000000000000000000e+00,-2.399785877888076069e+00,1.333329908099774308e-01,2.731216717401296012e+00,5.542782863846403840e-01,-1.051844501727470654e-01,3.807854352426964795e-02,-5.082570626313929196e-01,2.211315830965846496e-01,1.538326540497922217e-02,1.308068944968635017e-01,-4.103948950075959612e-01
4.799999999999999822e+00,2.000000000000000000e+00,-2.409947915891087256e+00,1.377817919239955891e-01,2.726668641675690896e+00,5.550424423467389401e-01,-1.049768031366572901e-01,3.833278058945666089e-02,-5.079454012778208405e-01,2.237489265380878112e-01,1.578418654968134077e-02,1.309263593712557128e-01,-4.095787362244391328e-01
4.820000000000000284e+00,2.000000000000000000e+00,-2.420103639952571495e+00,1.422829633587223697e-01,2.722123414584372014e+00,5.558115976082186327e-01,-1.047660040685645666e-01,3.857829102156884460e-02,-5.076256417881339633e-01,2.263685928634657785e-01,1.619311488514812991e-02,1.310391330502793106e-01,-4.087502248763447699e-01
4.839999999999999858e+00,2.000000000000000000e+00,-2.430252886494022491e+00,1.468365502136625977e-01,2.717581157483390353e+00,5.565855739876016672e-01,-1.045521071392595397e-01,3.881470884260806997e-02,-5.072976218663947101e-01,2.289904452587669392e-01,1.661026562363101741e-02,1.311449165294927000e-01,-4.079095754316501843e-01
4.860000000000000320e+00,2.000000000000000000e+00,-2.440395488647969291e+00,1.514425947922411753e-01,2.713041991474261394e+00,5.573641859619229422e-01,-1.043351738290154707e-01,3.904166593594204926e-02,-5.069611749124203204e-01,2.316143409299505351e-01,1.703585397738144672e-02,1.312434108044542580e-01,-4.070570310631635436e-01
4.879999999999999893e+00,2.000000000000000000e+00,-2.450531276171897588e+00,1.561011364822012248e-01,2.708506037126828581e+00,5.581472406250393981e-01,-1.041152728029535318e-01,3.925879215438499159e-02,-5.066161300217827401e-01,2.342401311028871336e-01,1.747009515865084739e-02,1.313343168707223896e-01,-4.061928631503615161e-01
4.900000000000000355e+00,2.000000000000000000e+00,-2.460660075362161248e+00,1.608122116360024834e-01,2.703973414204564385e+00,5.589345376480983063e-01,-1.038924797832464358e-01,3.946571542812371547e-02,-5.062623119858091769e-01,2.368676610233585444e-01,1.791320437969066287e-02,1.314173357238555551e-01,-4.053173707691188343e-01
4.919999999999999929e+00,2.000000000000000000e+00,-2.470781708967898282e+00,1.655758534512193070e-01,2.699444241392428001e+00,5.597258692421643866e-01,-1.036668774184938135e-01,3.966206187259757598e-02,-5.058995412915816559e-01,2.394967699570575426e-01,1.836539685275231579e-02,1.314921683594120205e-01,-4.044308801703079825e-01
4.940000000000000391e+00,2.000000000000000000e+00,-2.480895996104945933e+00,1.703920918509392590e-01,2.694918636027387571e+00,5.605210201230022005e-01,-1.034385551506170203e-01,3.984745589612259664e-02,-5.055276341219373526e-01,2.421272911895882007e-01,1.882688779008725305e-02,1.315585157729502741e-01,-4.035337442486624515e-01
4.959999999999999964e+00,2.000000000000000000e+00,-2.491002752169753087e+00,1.752609533641606987e-01,2.690396713831698872e+00,5.613197674780092683e-01,-1.032076090796261308e-01,4.002152030734151822e-02,-5.051464023554679272e-01,2.447590520264657510e-01,1.929789240394690075e-02,1.316160789600286929e-01,-4.026263420033185381e-01
4.980000000000000426e+00,2.000000000000000000e+00,-2.501101788753302912e+00,1.801824610061918686e-01,2.685878588649037280e+00,5.621218809352958035e-01,-1.029741418266228864e-01,4.018387642225285106e-02,-5.047556535665207456e-01,2.473918737931166401e-01,1.977862590658269887e-02,1.316645589162056262e-01,-4.017090779914920251e-01
5.000000000000000000e+00,2.000000000000000000e+00,-2.511192913555021278e+00,1.851566341590483722e-01,2.681364372183563827e+00,5.629271225348994045e-01,-1.027382623954112145e-01,4.033414417093261761e-02,-5.043551910251977688e-01,2.500255718348783907e-01,2.026930351024608390e-02,1.317036566370395345e-01,-4.007823817767790509e-01
5.019999999999999574e+00,2.000000000000000000e+00,-2.521275930296690948e+00,1.901834884518516788e-01,2.676854173741993304e+00,5.637352467021330416e-01,-1.025000860330892438e-01,4.047194220384042751e-02,-5.039448136973557757e-01,2.526599555169996014e-01,2.077014042718848541e-02,1.317330731180888226e-01,-3.998467073735774702e-01
5.040000000000000036e+00,2.000000000000000000e+00,-2.531350638636371997e+00,1.952630356412273782e-01,2.672348099978731018e+00,5.645460002230530128e-01,-1.022597340900075341e-01,4.059688799759797462e-02,-5.035243162446066956e-01,2.552948282246404466e-01,2.128135186966135378e-02,1.317525093549118398e-01,-3.989025326891670886e-01
5.060000000000000497e+00,2.000000000000000000e+00,-2.541416834082314669e+00,2.003952834917034354e-01,2.667846254644132831e+00,5.653591222220369916e-01,-1.020173338794812118e-01,4.070859796024706156e-02,-5.030934890243174973e-01,2.579299873628717044e-01,2.180315304991610123e-02,1.317616663430669632e-01,-3.979503589650000284e-01
5.080000000000000071e+00,2.000000000000000000e+00,-2.551474307906872241e+00,2.055802356561083066e-01,2.663348738335929777e+00,5.661743441414629485e-01,-1.017730185376463370e-01,4.080668753594629550e-02,-5.026521180896097452e-01,2.605652243566756732e-01,2.233575918020418161e-02,1.317602450781126255e-01,-3.969907102187583692e-01
5.099999999999999645e+00,2.000000000000000000e+00,-2.561522847060418773e+00,2.108178915559691946e-01,2.658855648253851456e+00,5.669913897234748479e-01,-1.015269268838574213e-01,4.089077130898388646e-02,-5.021999851893607092e-01,2.632003246509458383e-01,2.287938547277702447e-02,1.317479465556072316e-01,-3.960241326887655178e-01
5.120000000000000107e+00,2.000000000000000000e+00,-2.571562234085263743e+00,2.161082462619102473e-01,2.654367077957472620e+00,5.678099749938222418e-01,-1.012792032820233196e-01,4.096046310716161543e-02,-5.017368677682018108e-01,2.658350677104867055e-01,2.343424713988606287e-02,1.317244717711091584e-01,-3.950511942823348721e-01
5.140000000000000568e+00,2.000000000000000000e+00,-2.581592247029566245e+00,2.214512903740508132e-01,2.649883117127294518e+00,5.686298082477613258e-01,-1.010299975032824121e-01,4.101537610446115423e-02,-5.012625389665199549e-01,2.684692270200140229e-01,2.400055939378272982e-02,1.316895217201767831e-01,-3.940724840296532250e-01
5.160000000000000142e+00,2.000000000000000000e+00,-2.591612659361251403e+00,2.268470099024037234e-01,2.645403851329063194e+00,5.694505900380006924e-01,-1.007794645904188657e-01,4.105512292292345933e-02,-5.007767676204569751e-01,2.711025700841546149e-01,2.457853744671846183e-02,1.316427973983685662e-01,-3.930886115447997375e-01
5.179999999999999716e+00,2.000000000000000000e+00,-2.601623239881924565e+00,2.322953861472735471e-01,2.640929361781319873e+00,5.702720131646782376e-01,-1.005277647244219308e-01,4.107931573379453027e-02,-5.002793182619093004e-01,2.737348584274466035e-01,2.516839651094470234e-02,1.315839998012428291e-01,-3.921002064954994815e-01
5.200000000000000178e+00,2.000000000000000000e+00,-2.611623752640785945e+00,2.377963955796545403e-01,2.636459725126154563e+00,5.710937626673524559e-01,-1.002750630935927562e-01,4.108756635780608235e-02,-4.997699511185288990e-01,2.763658475943392423e-01,2.577035179871288093e-02,1.315128299243579768e-01,-3.911079180832192637e-01
5.219999999999999751e+00,2.000000000000000000e+00,-2.621613956848546145e+00,2.433500097216291236e-01,2.631995013203144218e+00,5.719155158189904720e-01,-1.000215297656011776e-01,4.107948636465508230e-02,-4.992484221137222233e-01,2.789952871491929165e-01,2.638461852227443061e-02,1.314289887632724418e-01,-3.901124145352045658e-01
5.240000000000000213e+00,2.000000000000000000e+00,-2.631593606791342577e+00,2.489561950267660251e-01,2.627535292826419955e+00,5.727369421219385970e-01,-9.976733956289464411e-02,4.105468717162708003e-02,-4.987144828666508767e-01,2.816229206762792536e-01,2.701141189388078789e-02,1.313321773135445736e-01,-3.891143826100532666e-01
5.259999999999999787e+00,2.000000000000000000e+00,-2.641562451744652762e+00,2.546149127605186191e-01,2.623080625564823354e+00,5.735577033058555374e-01,-9.951267194186139142e-02,4.101278014131892746e-02,-4.981678806922317237e-01,2.842484857797808462e-01,2.765094712578339275e-02,1.312220965707328324e-01,-3.881145271184199830e-01
5.280000000000000249e+00,2.000000000000000000e+00,-2.651520235887210752e+00,2.603261188806229032e-01,2.618631067525073242e+00,5.743774533275913807e-01,-9.925771087614840282e-02,4.095337667849996421e-02,-4.976083586011359472e-01,2.868717140837916957e-01,2.830343943023367476e-02,1.310984475303955954e-01,-3.871135704604382610e-01
5.299999999999999822e+00,2.000000000000000000e+00,-2.661466698214919990e+00,2.660897639174960028e-01,2.614186669137874564e+00,5.751958383729955937e-01,-9.900264474453243646e-02,4.087608832609923581e-02,-4.970356552997902133e-01,2.894923312323168241e-01,2.896910401948307040e-02,1.309609311880911564e-01,-3.861122521814359665e-01
5.320000000000000284e+00,2.000000000000000000e+00,-2.671401572454771500e+00,2.719057928546340097e-01,2.609747474946879642e+00,5.760124968606353812e-01,-9.874766622374182845e-02,4.078052686023880824e-02,-4.964495051903762279e-01,2.921100568892726068e-01,2.964815610578301619e-02,1.308092485393780591e-01,-3.851113285475159520e-01
5.339999999999999858e+00,2.000000000000000000e+00,-2.681324586978757640e+00,2.777741450090108755e-01,2.605313523400397457e+00,5.768270594474050883e-01,-9.849297218662431130e-02,4.066630438443219475e-02,-4.958496383708302924e-01,2.947246047384862733e-01,3.034081090138494863e-02,1.306431005798145972e-01,-3.841115721425645280e-01
5.360000000000000320e+00,2.000000000000000000e+00,-2.691235464717784964e+00,2.836947539114756944e-01,2.600884846645741266e+00,5.776391490360126557e-01,-9.823876360605417191e-02,4.053303342292302602e-02,-4.952357806348438585e-01,2.973356824836965728e-01,3.104728361854029728e-02,1.304621883049592312e-01,-3.831137714882384970e-01
5.379999999999999893e+00,2.000000000000000000e+00,-2.701133923075594634e+00,2.896675471871519303e-01,2.596461470326091092e+00,5.784483807843220360e-01,-9.798524546497058840e-02,4.038032701309290928e-02,-4.946076534718633066e-01,2.999429918485531088e-01,3.176778946950050558e-02,1.302662127103702827e-01,-3.821187306884766266e-01
5.400000000000000355e+00,2.000000000000000000e+00,-2.711019673842670397e+00,2.956924464358348104e-01,2.592043413379730765e+00,5.792543621165363588e-01,-9.773262667293712569e-02,4.020779879706459781e-02,-4.939649740670901124e-01,3.025462285766168380e-01,3.250254366651699617e-02,1.300548747916062120e-01,-3.811272691000718860e-01
5.419999999999999929e+00,2.000000000000000000e+00,-2.720892423110162106e+00,3.017693671123899968e-01,2.587630687841513843e+00,5.800566927362046377e-01,-9.748111998961041247e-02,4.001506311247560177e-02,-4.933074553014805685e-01,3.051450824313599042e-01,3.325176142184121247e-02,1.298278755442253962e-01,-3.801402210308321150e-01
5.439999999999999503e+00,2.000000000000000000e+00,-2.730751871183792368e+00,3.078982184071518136e-01,2.583223298646396771e+00,5.808549646410353651e-01,-9.723094195550557872e-02,3.980173508246132030e-02,-4.926348057517460632e-01,3.077392371961655271e-01,3.401565794772459794e-02,1.295849159637862125e-01,-3.791584354668541823e-01
5.459999999999999964e+00,2.000000000000000000e+00,-2.740597712497777394e+00,3.140789031263212516e-01,2.578821243434866517e+00,5.816487621395031171e-01,-9.698231283044356221e-02,3.956743070491164360e-02,-4.919467296903528575e-01,3.103283706743280579e-01,3.479444845641857520e-02,1.293256970458470656e-01,-3.781827758304248666e-01
5.480000000000000426e+00,2.000000000000000000e+00,-2.750429635528739869e+00,3.203113175723642514e-01,2.574424512360072637e+00,5.824376618692318486e-01,-9.673545654006636407e-02,3.931176694096372159e-02,-4.912429270855222518e-01,3.129121546890530903e-01,3.558834816017458769e-02,1.290499197859663605e-01,-3.772141197700676907e-01
5.500000000000000000e+00,2.000000000000000000e+00,-2.760247322709624918e+00,3.265953514244101519e-01,2.570033087896475443e+00,5.832212328171416660e-01,-9.649060063080566740e-02,3.903436180287656043e-02,-4.905230936012305309e-01,3.154902550834575159e-01,3.639757227124406497e-02,1.287572851797025020e-01,-3.762533589842466664e-01
5.519999999999999574e+00,2.000000000000000000e+00,-2.770050450343614301e+00,3.329308876186495292e-01,2.565646944649787820e+00,5.839990363413468666e-01,-9.624797623369001076e-02,3.873483444127678865e-02,-4.897869205972087414e-01,3.180623317205690803e-01,3.722233600187844355e-02,1.284474942226138672e-01,-3.753013990802424593e-01
5.540000000000000036e+00,2.000000000000000000e+00,-2.779838688518041501e+00,3.393178022287327567e-01,2.561266049167995718e+00,5.847706261947926976e-01,-9.600781803737863662e-02,3.841280523188039808e-02,-4.890340951289431914e-01,3.206280384833268826e-01,3.806285456432915992e-02,1.281202479102588332e-01,-3.743591594697219804e-01
5.560000000000000497e+00,2.000000000000000000e+00,-2.789611701018308576e+00,3.457559643461681764e-01,2.556890359753218878e+00,5.855355485506221758e-01,-9.577036427080955205e-02,3.806789586171710482e-02,-4.882642999476750623e-01,3.231870232745813754e-01,3.891934317084765060e-02,1.277752472381958604e-01,-3.734275733025243516e-01
5.580000000000000071e+00,2.000000000000000000e+00,-2.799369145241798140e+00,3.522452359607199934e-01,2.552519826274161741e+00,5.862933420292614217e-01,-9.553585669585541729e-02,3.769972941492483187e-02,-4.874772135004005191e-01,3.257389280170938095e-01,3.979201703368535209e-02,1.274121932019832704e-01,-3.725075874402071219e-01
5.599999999999999645e+00,2.000000000000000000e+00,-2.809110672111792439e+00,3.587854718408070576e-01,2.548154389978892986e+00,5.870435377272191779e-01,-9.530454061038147462e-02,3.730793045829550181e-02,-4.866725099298705448e-01,3.282833886535367895e-01,4.068109136509369395e-02,1.270307867971794957e-01,-3.716001624709005524e-01
5.620000000000000107e+00,2.000000000000000000e+00,-2.818835925991384439e+00,3.653765194139004802e-01,2.543793983307680140e+00,5.877856592475931841e-01,-9.507666486210673840e-02,3.689212512650286158e-02,-4.858498590745912726e-01,3.308200351464940514e-01,4.158678137732411267e-02,1.266307290193428858e-01,-3.707062727670454860e-01
5.640000000000000568e+00,2.000000000000000000e+00,-2.828544544597396015e+00,3.720182186469224717e-01,2.539438529705587033e+00,5.885192227322793013e-01,-9.485248187367498196e-02,3.645194120723083131e-02,-4.850089264688237645e-01,3.333484914784606290e-01,4.250930228262804478e-02,1.262117208640319010e-01,-3.698269065876116368e-01
5.660000000000000142e+00,2.000000000000000000e+00,-2.838236158914291263e+00,3.787104019266439581e-01,2.535087943434535696e+00,5.892437368958824973e-01,-9.463224767934914905e-02,3.598700822624856244e-02,-4.841493733425839552e-01,3.358683756518425767e-01,4.344886929325692676e-02,1.257734633268049185e-01,-3.689630662264214433e-01
5.679999999999999716e+00,2.000000000000000000e+00,-2.847910393108091576e+00,3.854528939400832521e-01,2.530742129384516481e+00,5.899587030613292482e-01,-9.441622197375176828e-02,3.549695753254056285e-02,-4.832708566216429302e-01,3.383792996889570803e-01,4.440569762146218125e-02,1.253156574032203152e-01,-3.681157682082422111e-01
5.700000000000000178e+00,2.000000000000000000e+00,-2.857566864440292065e+00,3.922455115549041693e-01,2.526400982883609814e+00,5.906636151971841331e-01,-9.420466817308406626e-02,3.498142238366597212e-02,-4.823730289275265926e-01,3.408808696320326237e-01,4.538000247949526555e-02,1.248380040888364961e-01,-3.672860435343482388e-01
5.719999999999999751e+00,2.000000000000000000e+00,-2.867205183181776196e+00,3.990880636998140885e-01,2.522064389506482485e+00,5.913579599566758382e-01,-9.399785348926772977e-02,3.444003803133810493e-02,-4.814555385775159402e-01,3.433726855432089886e-01,4.637199907960760925e-02,1.243402043792118661e-01,-3.664749379793033057e-01
5.740000000000000213e+00,2.000000000000000000e+00,-2.876824952526729984e+00,4.059803512449624563e-01,2.517732224881000125e+00,5.920412167184376795e-01,-9.379604901746843582e-02,3.387244180753512524e-02,-4.805180295846467331e-01,3.458543415045366443e-01,4.738190263405064190e-02,1.238219592699048022e-01,-3.656835124407715187e-01
5.759999999999999787e+00,2.000000000000000000e+00,-2.886425768506557965e+00,4.129221668823386260e-01,2.513404354492568604e+00,5.927128576289771855e-01,-9.359952983747209243e-02,3.327827321112586390e-02,-4.795601416577100484e-01,3.483254256179776354e-01,4.840992835507579306e-02,1.232829697564736954e-01,-3.649128433442178632e-01
5.780000000000000249e+00,2.000000000000000000e+00,-2.896007219903798280e+00,4.199132950061704173e-01,2.509080633485831324e+00,5.933723476468827362e-01,-9.340857512940647922e-02,3.265717399524703524e-02,-4.785815102012515032e-01,3.507855200054050826e-01,4.945629145493452006e-02,1.227229368344769783e-01,-3.641640231044439013e-01
5.799999999999999822e+00,2.000000000000000000e+00,-2.905568888166036423e+00,4.269535115933221769e-01,2.504760906463304959e+00,5.940191445887871291e-01,-9.322346830431657572e-02,3.200878825555797391e-02,-4.775817663155720871e-01,3.532342008086033491e-01,5.052120714587823164e-02,1.221415614994730003e-01,-3.634381606459689551e-01
5.820000000000000284e+00,2.000000000000000000e+00,-2.915110347319823436e+00,4.340425840836932281e-01,2.500445007280533094e+00,5.946526991771050596e-01,-9.304449715012534650e-02,3.133276251952921143e-02,-4.765605367967274963e-01,3.556710381892677630e-01,5.160489064015837818e-02,1.215385447470201802e-01,-3.627363819843659187e-01
5.839999999999999858e+00,2.000000000000000000e+00,-2.924631163884586549e+00,4.411802712606156529e-01,2.496132758837321663e+00,5.952724550895682754e-01,-9.287195399353566361e-02,3.062874583699048969e-02,-4.755174441365284665e-01,3.580955963290048949e-01,5.270755715002638231e-02,1.209135875726768949e-01,-3.620598308707532187e-01
5.860000000000000320e+00,2.000000000000000000e+00,-2.934130896786549147e+00,4.483663231312529640e-01,2.491823972864596559e+00,5.958778490105847148e-01,-9.270613587845492887e-02,2.989638987204656928e-02,-4.744521065225408840e-01,3.605074334293326133e-01,5.382942188773369441e-02,1.202663909720015772e-01,-3.614096695017539052e-01
5.879999999999999893e+00,2.000000000000000000e+00,-2.943609097272641417e+00,4.556004808069979983e-01,2.487518449706405121e+00,5.964683106844501648e-01,-9.254734476155378198e-02,2.913534899662906241e-02,-4.733641378380851750e-01,3.629061017116797516e-01,5.497070006553174404e-02,1.195966559405525903e-01,-3.607870792973544294e-01
5.900000000000000355e+00,2.000000000000000000e+00,-2.953065308824419866e+00,4.628824763838714773e-01,2.483215978096576126e+00,5.970432629704498506e-01,-9.239588772560214380e-02,2.834528038584238629e-02,-4.722531476622372493e-01,3.652911474173865525e-01,5.613160689567197464e-02,1.189040834738883390e-01,-3.601932617492231148e-01
5.919999999999999929e+00,2.000000000000000000e+00,-2.962499067071977077e+00,4.702120328229197344e-01,2.478916334929508469e+00,5.976021218998838203e-01,-9.225207721126144067e-02,2.752584411531522335e-02,-4.711187412698277788e-01,3.676621108077042788e-01,5.731235759040578109e-02,1.181883745675672281e-01,-3.596294393421979319e-01
5.939999999999999503e+00,2.000000000000000000e+00,-2.971909899707862568e+00,4.775888638306136635e-01,2.474619285024571624e+00,5.981442967350624196e-01,-9.211623126805017214e-02,2.667670326087012711e-02,-4.699605196314421418e-01,3.700185261637953249e-01,5.851316736198465540e-02,1.174492302171476488e-01,-3.590968565518057320e-01
5.959999999999999964e+00,2.000000000000000000e+00,-2.981297326400993875e+00,4.850126737392461140e-01,2.470324580883545451e+00,5.986691900303185987e-01,-9.198867382524104908e-02,2.579752400064094786e-02,-4.687780794134210338e-01,3.723599217867332167e-01,5.973425142266000631e-02,1.166863514181879641e-01,-3.585967809208470136e-01
5.980000000000000426e+00,2.000000000000000000e+00,-2.990660858710572079e+00,4.924831573873307278e-01,2.466031962440530467e+00,5.991761976950881197e-01,-9.186973498349611245e-02,2.488797571993650593e-02,-4.675710129778600788e-01,3.746858199975028891e-01,6.097582498468327034e-02,1.158994391662466344e-01,-3.581305042182741927e-01
6.000000000000000000e+00,3.000000000000000000e+00,-3.000000000000000000e+00,5.000000000000000000e-01,2.461741156803717967e+00,5.996647090591160634e-01,-9.175975132809288670e-02,2.729388834345591874e-02,-4.663389083826097181e-01,3.769957371370002974e-01,6.223810326030587703e-02,1.150881944568821202e-01,-3.576993436837851981e-01
6.019999999999999574e+00,3.000000000000000000e+00,-3.009312191247746071e+00,5.075668101705534951e-01,2.456371952457037544e+00,6.002679532288263120e-01,-1.367445557970241032e-01,3.649728121563811101e-02,-4.647751086136370224e-01,3.798759193298599790e-01,9.377122552629291174e-02,1.722813305853092558e-01,-5.349011145337605466e-01
6.040000000000000036e+00,3.000000000000000000e+00,-3.018586947346143301e+00,5.152024044471705810e-01,2.448951492235542649e+00,6.011246003077416189e-01,-1.776795384162546398e-01,4.945322727467171831e-02,-4.626027275339819056e-01,3.838613051262950160e-01,1.231041219286790611e-01,2.256216815960983557e-01,-6.980495151135439613e-01
6.059999999999999609e+00,3.000000000000000000e+00,-3.027812533559111507e+00,5.229281215956119722e-01,2.439641411746404920e+00,6.022460823198131363e-01,-2.145115901612672515e-01,6.307501226240752601e-02,-4.598652964049091407e-01,3.888756264308528832e-01,1.502841180681920852e-01,2.751880081792336119e-01,-8.468943310221214160e-01
6.080000000000000071e+00,3.000000000000000000e+00,-3.036978076310674624e+00,5.307637907718670833e-01,2.428604214847396747e+00,6.036476007982378711e-01,-2.472584457865636964e-01,7.751049925263764351e-02,-4.566053999756685688e-01,3.948441903618798987e-01,1.753585395455596607e-01,3.210590710246994384e-01,-9.812386963121004779e-01
6.099999999999999645e+00,3.000000000000000000e+00,-3.046073544254720655e+00,5.387277630264302175e-01,2.416002877750698996e+00,6.053465022899187087e-01,-2.759901118670611830e-01,9.283057259060534250e-02,-4.528646764834961536e-01,4.016938792515228340e-01,1.983747119615094645e-01,3.633136308224801936e-01,-1.100944011676762591e+00
6.120000000000000107e+00,3.000000000000000000e+00,-3.055089729344764748e+00,5.468369428085775308e-01,2.402000390169811705e+00,6.073608237018620626e-01,-3.008142006712593575e-01,1.090376668981267727e-01,-4.486838176536127598e-01,4.093531506457277480e-01,2.193799609167692011e-01,4.020304482625602360e-01,-1.205942022166709870e+00
6.139999999999999680e+00,3.000000000000000000e+00,-3.064018227903704261e+00,5.551068194706406667e-01,2.386759187692926609e+00,6.097080089658437618e-01,-3.218649876214192962e-01,1.260743679764715353e-01,-4.441025686992250976e-01,4.177520373042404311e-01,2.384216120120666582e-01,4.372882840349238132e-01,-1.296250675263711516e+00
6.160000000000000142e+00,3.000000000000000000e+00,-3.072851421693582274e+00,5.635514987722854974e-01,2.370440454029827393e+00,6.124037984209209640e-01,-3.392956565087268395e-01,1.438320720536552244e-01,-4.391597283215251113e-01,4.268221472006066275e-01,2.555469908481295405e-01,4.691658988295553945e-01,-1.371990660719188071e+00
6.179999999999999716e+00,3.000000000000000000e+00,-3.081582458985342221e+00,5.721837343847856472e-01,2.353203293591561884e+00,6.154612918479900330e-01,-3.532730659347823043e-01,1.621596642580360736e-01,-4.338931487096900907e-01,4.364966635221711466e-01,2.708034230256854413e-01,4.977420533364391719e-01,-1.433399934839480361e+00
6.200000000000000178e+00,3.000000000000000000e+00,-3.090205235628593172e+00,5.810149593953003455e-01,2.335203793342054190e+00,6.188901849912424868e-01,-3.639743740004025008e-01,1.808721436965168294e-01,-4.283397355408828933e-01,4.467103446700790292e-01,2.842382341454621208e-01,5.230955082455596150e-01,-1.480844056042547319e+00
6.219999999999999751e+00,3.000000000000000000e+00,-3.098714376121368019e+00,5.900553178111498376e-01,2.316594007340349926e+00,6.226961775958507195e-01,-3.715849299765945912e-01,1.997590891167000393e-01,-4.225354479802518881e-01,4.573995242592749921e-01,2.958987498081873113e-01,5.453050242469009712e-01,-1.514820789766456288e+00
6.240000000000000213e+00,3.000000000000000000e+00,-3.107105214679880767e+00,5.993136960640906841e-01,2.297520907332368356e+00,6.268805485559105772e-01,-3.762969397827736207e-01,2.185928324268626710e-01,-4.165152986809308455e-01,4.685021111185031506e-01,3.058322956145886895e-01,5.644493620304475989e-01,-1.535958141564010671e+00
6.259999999999999787e+00,3.000000000000000000e+00,-3.115373776308290044e+00,6.087977545145929481e-01,2.278125347866309269e+00,6.314398908929251819e-01,-3.783085139880748016e-01,2.371361920545229651e-01,-4.103133537840389367e-01,4.799575892903074070e-01,3.140861971653940987e-01,5.806072822861839677e-01,-1.545005691383757762e+00
6.280000000000000249e+00,3.000000000000000000e+00,-3.123516757868455063e+00,6.185139589561149398e-01,2.258541094757989587e+00,6.363659962380915358e-01,-3.778228028363936342e-01,2.551496168023739131e-01,-4.039627329186807891e-01,4.917070180310316729e-01,3.207077800613309382e-01,5.938575457040942140e-01,-1.542819764155541229e+00
6.299999999999999822e+00,3.000000000000000000e+00,-3.131531509149697801e+00,6.284676121193802922e-01,2.238893961767362661e+00,6.416458755650200629e-01,-3.750470096012608057e-01,2.723976038349995576e-01,-3.974956092019465981e-01,5.036930318108188143e-01,3.257443699031271067e-01,6.042789129741625853e-01,-1.530343519096855953e+00
6.320000000000000284e+00,3.000000000000000000e+00,-3.139416013938560290e+00,6.386628851766534831e-01,2.219301092863885216e+00,6.472619003914915625e-01,-3.701911515147892073e-01,2.886542800029090472e-01,-3.909432092389117930e-01,5.158598403136123167e-01,3.292432922915103921e-01,6.119501447863739951e-01,-1.508583424288201469e+00
6.339999999999999858e+00,3.000000000000000000e+00,-3.147168871088568132e+00,6.491028492460158006e-01,2.199870417514712351e+00,6.531920467651365358e-01,-3.634665071713532036e-01,3.037080706253298956e-01,-3.843358131226374264e-01,5.281532284371547314e-01,3.312518728272084712e-01,6.169500018307124689e-01,-1.478583778555483397e+00
6.360000000000000320e+00,3.000000000000000000e+00,-3.154789275589988229e+00,6.597895068956410869e-01,2.180700295209722750e+00,6.594102232165047761e-01,-3.550837504865924643e-01,3.173654199438082912e-01,-3.777027544341700072e-01,5.405205562929884522e-01,3.318174371109490206e-01,6.193572447971620321e-01,-1.441400950226397581e+00
6.379999999999999893e+00,3.000000000000000000e+00,-3.162276999639584307e+00,6.707238236480722593e-01,2.161879354103501072e+00,6.658866635628888364e-01,-3.452508227181680933e-01,3.294535683489741018e-01,-3.710724202425411122e-01,5.529107592064553822e-01,3.309873107434596062e-01,6.192506343757073761e-01,-1.398078846537126108e+00
6.400000000000000355e+00,3.000000000000000000e+00,-3.169632373710384865e+00,6.819057594844970538e-01,2.143486518216036085e+00,6.725883659504637846e-01,-3.341706337192569820e-01,3.398224292276665892e-01,-3.644722511047682745e-01,5.652743477166973785e-01,3.288088193254681268e-01,6.167089312563327486e-01,-1.349626850391321797e+00
6.419999999999999929e+00,3.000000000000000000e+00,-3.176856267621436469e+00,6.933343003490238798e-01,2.125591208853102376e+00,6.794795607319954467e-01,-3.220387094796631211e-01,3.483456398270128318e-01,-3.579287410658542612e-01,5.775634075766556963e-01,3.253292884577022037e-01,6.118108961290223968e-01,-1.297001113363311475e+00
6.440000000000000391e+00,3.000000000000000000e+00,-3.183950071607566823e+00,7.050074896529586743e-01,2.108253699252886193e+00,6.865221915435443245e-01,-3.090409138729089955e-01,3.549208839819115724e-01,-3.514674376587872406e-01,5.897315997530718779e-01,3.205960437408894026e-01,6.046352896837606794e-01,-1.241089725416324896e+00
6.459999999999999964e+00,3.000000000000000000e+00,-3.190915677389142502e+00,7.169224597790793130e-01,2.091525597113783608e+00,6.936763960912719629e-01,-2.953513685202402428e-01,3.594695991755969544e-01,-3.451129419045407265e-01,6.017341604264863086e-01,3.146564107757576223e-01,5.952608726105321768e-01,-1.182701935320484843e+00
6.480000000000000426e+00,3.000000000000000000e+00,-3.197755459241829357e+00,7.290754635859125754e-01,2.075450427533345188e+00,7.009009755105680695e-01,-2.811306775920610068e-01,3.619361865021843983e-01,-3.388889083120740775e-01,6.135279009912398829e-01,3.075577151630345951e-01,5.837664055993210255e-01,-1.122561301822861513e+00
6.500000000000000000e+00,3.000000000000000000e+00,-3.204472255066352915e+00,7.414619059120111100e-01,2.060064288724616333e+00,7.081538435513593521e-01,-2.665245374498005915e-01,3.622868407500696719e-01,-3.328180448783317757e-01,6.250712080554725603e-01,2.993472825034479978e-01,5.702306493401114729e-01,-1.061302431548620140e+00
6.519999999999999574e+00,3.000000000000000000e+00,-3.211069347458256118e+00,7.540763750802268461e-01,2.045396554291122104e+00,7.153924491405706521e-01,-2.516627784872217943e-01,3.605081105705849609e-01,-3.269221130882437043e-01,6.363240434411241431e-01,2.900724383977253407e-01,5.547323645228880995e-01,-9.994708104526155434e-01
6.540000000000000036e+00,3.000000000000000000e+00,-3.217550444777661500e+00,7.669126744019896247e-01,2.031470598404212069e+00,7.225741679741828349e-01,-2.366588527920613916e-01,3.566052872676692687e-01,-3.212219279147254802e-01,6.472479441839344982e-01,2.797805084465945225e-01,5.373503118376350418e-01,-9.375251568373009770e-01
6.560000000000000497e+00,3.000000000000000000e+00,-3.223919662219031146e+00,7.799638536815814982e-01,2.018304523512419735e+00,7.296566606312777648e-01,-2.216097502744477088e-01,3.506007068231582480e-01,-3.157373578186777885e-01,6.578060225334425581e-01,2.685188182507833865e-01,5.181632519743371024e-01,-8.758417046285579266e-01
6.580000000000000071e+00,3.000000000000000000e+00,-3.230181502880920430e+00,7.932222407204131409e-01,2.005911873844617332e+00,7.365981962471092048e-01,-2.065963006498222621e-01,3.425320348318763308e-01,-3.104873247489870480e-01,6.679629659529874308e-01,2.563346934110193875e-01,4.972499456229779735e-01,-8.147198517561490272e-01
6.599999999999999645e+00,3.000000000000000000e+00,-3.236340838835747302e+00,8.066794728213011467e-01,1.994302321639374487e+00,7.433579420245525204e-01,-1.916838008038751762e-01,3.324505892361564463e-01,-3.054898041425251898e-01,6.776850371197076228e-01,2.432754595280302023e-01,4.746891534735420137e-01,-7.543886656136247204e-01
6.620000000000000107e+00,3.000000000000000000e+00,-3.242402892199544695e+00,8.203265282927413304e-01,1.983482316512323651e+00,7.498962198165552984e-01,-1.769228970298048487e-01,3.204197419709302608e-01,-3.007618249241491570e-01,6.869400739245418164e-01,2.293884422025437297e-01,4.505596362160142476e-01,-6.950138124876998891e-01
6.639999999999999680e+00,3.000000000000000000e+00,-3.248373216201721814e+00,8.341537579531876911e-01,1.973455691507417509e+00,7.561747317033897797e-01,-1.623506488041616680e-01,3.065134283994837006e-01,-2.963194695067018491e-01,6.956974894722276481e-01,2.147209670352875632e-01,4.249401545403783675e-01,-6.367045597238087939e-01
6.660000000000000142e+00,3.000000000000000000e+00,-3.254257676254826759e+00,8.481509166353256024e-01,1.964224222078738480e+00,7.621567569525345975e-01,-1.479917038522422512e-01,2.908147830150120683e-01,-2.921778737910112889e-01,7.039282720813028194e-01,1.993203596269895739e-01,3.979094691366192871e-01,-5.795205801514267119e-01
6.679999999999999716e+00,3.000000000000000000e+00,-3.260062431024302487e+00,8.623071946903503315e-01,1.955788136482573547e+00,7.678073230239902403e-01,-1.338595216089403517e-01,2.734149113748784998e-01,-2.883512271658910664e-01,7.116049852841046519e-01,1.832339455783770221e-01,3.695463406947205320e-01,-5.234783625098434756e-01
6.700000000000000178e+00,3.000000000000000000e+00,-3.265793913498247658e+00,8.766112494922413401e-01,1.948146577829737547e+00,7.730933534075297153e-01,-1.199575921421912605e-01,2.544118015466168004e-01,-2.848527725081401729e-01,7.187017678267706433e-01,1.665090504901783341e-01,3.399295299046674046e-01,-4.685570961697250181e-01
6.719999999999999751e+00,3.000000000000000000e+00,-3.271458812057179699e+00,8.910512369420392487e-01,1.941298019387558860e+00,7.779837950858549123e-01,-1.062806087031419738e-01,2.339093733063641878e-01,-2.816948061825430560e-01,7.251943336692372455e-01,1.491929999631207426e-01,3.091377974564437636e-01,-4.147039520226573628e-01
6.740000000000000213e+00,3.000000000000000000e+00,-3.277064051543785883e+00,9.056148429721204707e-01,1.935240635677171861e+00,7.824497283397843228e-01,-9.281556314452457657e-02,2.120166597166281974e-01,-2.788886780418695643e-01,7.310599719852405309e-01,1.313331195979318411e-01,2.772499040400336900e-01,-3.618387239974327207e-01
6.759999999999999787e+00,3.000000000000000000e+00,-3.282616774332694387e+00,9.202893150504751762e-01,1.929972632539741051e+00,7.864644614745199824e-01,-7.954274370392332150e-02,1.888471132796709639e-01,-2.764447914268751694e-01,7.362775471623171919e-01,1.129767349953395283e-01,2.443446103454217089e-01,-3.098578280956728048e-01
6.780000000000000249e+00,3.000000000000000000e+00,-3.288124321400225814e+00,9.350614936849817038e-01,1.925492539700880634e+00,7.900036128709710948e-01,-6.643662361053688514e-02,1.645180273771345014e-01,-2.743726031663005216e-01,7.408274988018026530e-01,9.417117175607149504e-02,2.105006770625922619e-01,-2.586376794413935976e-01
6.799999999999999822e+00,3.000000000000000000e+00,-3.293594213394156700e+00,9.499178439276835251e-01,1.921799469498340018e+00,7.930451825696053225e-01,-5.346663644671113130e-02,1.391500629440862724e-01,-2.726806235768718945e-01,7.446918417188326256e-01,7.496375548085559837e-02,1.757968648815299573e-01,-2.080374841395675467e-01
6.820000000000000284e+00,3.000000000000000000e+00,-3.299034131703476369e+00,9.648444868790641005e-01,1.918893345400691564e+00,7.955696153887344968e-01,-4.059784018903562358e-02,1.128668700931996227e-01,-2.713764164633010179e-01,7.478541659423419974e-01,5.540181177041916816e-02,1.403119344922184597e-01,-1.579014932899297230e-01
6.839999999999999858e+00,3.000000000000000000e+00,-3.304451899528149106e+00,9.798272311923243993e-01,1.916775103773638689e+00,7.975598573733333474e-01,-2.779147651665745539e-02,8.579479453502969477e-02,-2.704665991182851337e-01,7.502996367150664980e-01,3.553266622549054732e-02,1.041246465846431407e-01,-1.080607727629860904e-01
6.860000000000000320e+00,3.000000000000000000e+00,-3.309855462948872340e+00,9.948516045776576444e-01,1.915446872077382512e+00,7.990014071701356801e-01,-1.500543553592574575e-02,5.806265899521534379e-02,-2.699568423225066072e-01,7.520149944935394792e-01,1.540364444679671180e-02,6.731376184878715141e-02,-5.833454562024251167e-02
6.879999999999999893e+00,3.000000000000000000e+00,-3.315252871996837936e+00,1.009902885306525722e+00,1.914912126327433128e+00,7.998823637331419212e-01,-2.194638796270779405e-03,2.980161029432082387e-02,-2.698518703446335376e-01,7.529885549480958007e-01,-4.937927964934362389e-03,2.995804097463523191e-02,-8.531165479983896655e-03
6.900000000000000355e+00,3.000000000000000000e+00,-3.320652261723491261e+00,1.024966133715935479e+00,1.915175830239528088e+00,8.001934715819084554e-01,1.068864436675625793e-02,1.145023238382947284e-03,-2.701554609413193697e-01,7.532102089628696096e-01,-2.544472540897481372e-02,-7.863755347827804804e-03,4.155122034712646628e-02
6.919999999999999929e+00,3.000000000000000000e+00,-3.326061833270288925e+00,1.040026223712714026e+00,1.916244558017785815e+00,7.999281646626772435e-01,2.369453027324441158e-02,-2.777154710735274534e-02,-2.708704453572030602e-01,7.526714226357938964e-01,-4.606942228459706690e-02,-4.607286642861806863e-02,9.212425869273195567e-02
6.940000000000000391e+00,3.000000000000000000e+00,-3.331489834938460959e+00,1.055067874277785922e+00,1.918126602239227374e+00,7.990826096976142434e-01,3.687528546603633522e-02,-5.681037288916712669e-02,-2.719987083249089110e-01,7.513652372786026046e-01,-6.676469299107330724e-02,-8.459053157775114906e-02,1.434091690421938903e-01
6.959999999999999964e+00,3.000000000000000000e+00,-3.336944543258768991e+00,1.070075680970446586e+00,1.920832067737863635e+00,7.976557497471105096e-01,5.028510186045177799e-02,-8.583152868493826304e-02,-2.735411880650467364e-01,7.492862694168282989e-01,-8.748321192767588572e-02,-1.233379901052424760e-01,1.956366502071259783e-01
6.980000000000000426e+00,3.000000000000000000e+00,-3.342434244061271542e+00,1.085034147432642593e+00,1.924372951794147024e+00,7.956493485502165175e-01,6.397985978855354194e-02,-1.146928425869084833e-01,-2.754978762862119179e-01,7.464307107898033866e-01,-1.081776534936772227e-01,-1.622364813211080448e-01,2.490468487122181329e-01
7.000000000000000000e+00,3.000000000000000000e+00,-3.347967213545071097e+00,1.099927716893243757e+00,1.928763210283852780e+00,7.930680360436341836e-01,7.801685374335799728e-02,-1.432498316487453849e-01,-2.778678181849850160e-01,7.427963283506611170e-01,-1.288006920883494333e-01,-2.012072445353633166e-01,3.038893163386291452e-01
7.019999999999999574e+00,3.000000000000000000e+00,-3.353551699348087833e+00,1.114740803672320535e+00,1.934018808724898397e+00,7.899193552842668220e-01,9.245445272539003223e-02,-1.713556309168993153e-01,-2.806491124459321584e-01,7.383824642663328053e-01,-1.493050021109648962e-01,-2.401715190580238635e-01,3.604228755456170274e-01
7.040000000000000036e+00,3.000000000000000000e+00,-3.359195901616808921e+00,1.129457824685419665e+00,1.940157756369958353e+00,7.862138108069580689e-01,1.073516638429346665e-01,-1.988609263694200990e-01,-2.838389112416049853e-01,7.331900359175508308e-01,-1.696432579607959346e-01,-2.790505441991056879e-01,4.189152997753357588e-01
7.060000000000000497e+00,3.000000000000000000e+00,-3.364907954076056473e+00,1.144063230947842014e+00,1.947200120614974050e+00,7.819649182294897694e-01,1.227675643788961601e-01,-2.256139036276749721e-01,-2.874334202325406484e-01,7.272215358988458611e-01,-1.897681340371146497e-01,-3.177655592686239872e-01,4.796427006108978652e-01
7.080000000000000071e+00,3.000000000000000000e+00,-3.370695905098738621e+00,1.158541539078915550e+00,1.955168018017263254e+00,7.771892546618511810e-01,1.387605642222861646e-01,-2.514602263469605248e-01,-2.914278985672613675e-01,7.204810320185492944e-01,-2.096323047391937255e-01,-3.562378035765948470e-01,5.428884951910440959e-01
7.099999999999999645e+00,3.000000000000000000e+00,-3.376567698775618354e+00,1.172877362806273416e+00,1.964085577132819171e+00,7.719065091756116548e-01,1.553874578792042715e-01,-2.762430607876602551e-01,-2.958166588822752630e-01,7.129741672987922607e-01,-2.291884444663049858e-01,-3.943885164330335757e-01,6.089418051552440980e-01
7.120000000000000107e+00,3.000000000000000000e+00,-3.382531155985065041e+00,1.187055444470129562e+00,1.973978867186088948e+00,7.661395322303448108e-01,1.727022239834206385e-01,-2.998031662690401333e-01,-3.005930673020756339e-01,7.047081599755046222e-01,-2.483892276177209202e-01,-4.321389371479560926e-01,6.780951129669042787e-01
7.140000000000000568e+00,3.000000000000000000e+00,-3.388593955462818830e+00,1.201060686527554155e+00,1.984875785280851179e+00,7.599143825248497741e-01,1.907545313717151636e-01,-3.219790750506490440e-01,-3.057495434391412914e-01,6.956918034984173049e-01,-2.671873285927141572e-01,-4.694103050313781500e-01,7.506409734669768907e-01
7.160000000000000142e+00,3.000000000000000000e+00,-3.394763614871750601e+00,1.214878183056750105e+00,1.996805893463919013e+00,7.532603692283188490e-01,2.095879157435961426e-01,-3.426073896756456350e-01,-3.112775603939364477e-01,6.859354665310596344e-01,-2.855354217905564096e-01,-5.061238593933147234e-01,8.268675493585591063e-01
7.179999999999999716e+00,3.000000000000000000e+00,-3.401047471871620598e+00,1.228493251261329355e+00,2.009800195498804509e+00,7.462100869378243129e-01,2.292376013495297238e-01,-3.615232309059557281e-01,-3.171676447549109379e-01,6.754510929507612227e-01,-3.033861816105201115e-01,-5.422008395437820649e-01,9.070527114045966455e-01
7.200000000000000178e+00,3.000000000000000000e+00,-3.407452665188834384e+00,1.241891462974587856e+00,2.023890841754184766e+00,7.387994399920806421e-01,2.497279598810636381e-01,-3.785608749634512549e-01,-3.234093765984999425e-01,6.642522018486514135e-01,-3.206922824518780857e-01,-5.775624847927961492e-01,9.914564211605818578e-01
7.219999999999999751e+00,3.000000000000000000e+00,-3.413986115686209910e+00,1.255058676163782083e+00,2.039110749256166422e+00,7.310676519392862449e-01,2.710696255246415332e-01,-3.935546246358647693e-01,-3.299913894891238209e-01,6.523538875296588380e-01,-3.374063987139018783e-01,-6.121300344503717294e-01,1.080311101531779006e+00
7.240000000000000213e+00,3.000000000000000000e+00,-3.420654507432731695e+00,1.267981066434405557e+00,2.055493122832344977e+00,7.230572550066459714e-01,2.932563222262087876e-01,-4.063399645316430053e-01,-3.369013704791889441e-01,6.397728195125127471e-01,-3.534812047958644232e-01,-6.458247278265254465e-01,1.173809705972368889e+00
7.259999999999999787e+00,3.000000000000000000e+00,-3.427464268773312561e+00,1.280645158534464034e+00,2.073070862582234941e+00,7.148140533580206180e-01,3.162615066779676520e-01,-4.167550557847192749e-01,-3.441260601090865290e-01,6.265272425297406800e-01,-3.688693750970374330e-01,-6.785678042312720537e-01,1.272091230868270584e+00
7.280000000000000249e+00,3.000000000000000000e+00,-3.434421553398552263e+00,1.293037857858752471e+00,2.091875842899419968e+00,7.063870527752571515e-01,3.400349865059354992e-01,-4.246426289749862804e-01,-3.516512524071936374e-01,6.126369765276710178e-01,-3.835235840166938415e-01,-7.102805029746279697e-01,1.375223490324609887e+00
7.299999999999999822e+00,3.000000000000000000e+00,-3.441532221414499659e+00,1.305146481953129101e+00,2.111938049271593343e+00,6.978283481990211756e-01,3.644997329497434158e-01,-4.298523347858029808e-01,-3.594617948898726767e-01,5.981234166664313179e-01,-3.973965059541053613e-01,-7.408840633666081699e-01,1.483183103263064240e+00
7.320000000000000284e+00,3.000000000000000000e+00,-3.448801820412409569e+00,1.316958792018793734e+00,2.133284561488893338e+00,6.891929593838250767e-01,3.895491629785406973e-01,-4.322436084729197603e-01,-3.675415885614713996e-01,5.830095333199490915e-01,-4.104408153085445932e-01,-7.702997247172289619e-01,1.595832845674047151e+00
7.339999999999999858e+00,3.000000000000000000e+00,-3.456235566538503168e+00,1.328463024416562943e+00,2.155938376144732160e+00,6.805386038601043408e-01,4.150452060222420969e-01,-4.316890947471527795e-01,-3.758735879143231817e-01,5.673198720759511371e-01,-4.226091864792836938e-01,-7.984487263365056542e-01,1.712896811275479436e+00
7.360000000000000320e+00,3.000000000000000000e+00,-3.463838325563728837e+00,1.339647922171144589e+00,2.179917067881141257e+00,6.719253955939389344e-01,4.408174820142798378e-01,-4.280786621081560384e-01,-3.844398009287465223e-01,5.510805537359643180e-01,-4.338542938655950421e-01,-8.252523075344536663e-01,1.833934212093122795e+00
7.379999999999999893e+00,3.000000000000000000e+00,-3.471614593953522121e+00,1.350502766475416339e+00,2.205231298134470830e+00,6.634154573757780060e-01,4.666638874915046142e-01,-4.213240078870690297e-01,-3.932212890730458765e-01,5.343192743153150071e-01,-4.441288118667508500e-01,-8.506317076210890837e-01,1.958313136562168211e+00
7.400000000000000355e+00,3.000000000000000000e+00,-3.479568479937560799e+00,1.361017408194699074e+00,2.231883192462500443e+00,6.550724352784561555e-01,4.923528067117750595e-01,-4.113638154216125997e-01,-4.021981673035107674e-01,5.170653050431293085e-01,-4.533854148820235519e-01,-8.745081659064274371e-01,2.085186148861914557e+00
7.419999999999999929e+00,3.000000000000000000e+00,-3.487703684579534169e+00,1.371182299371036528e+00,2.259864622900972897e+00,6.469609047589134354e-01,5.176270353692183912e-01,-3.981693718501233548e-01,-4.113496040644160079e-01,4.993494923623333914e-01,-4.615767773106852490e-01,-8.968029217004841458e-01,2.213470215481665448e+00
7.439999999999999503e+00,3.000000000000000000e+00,-3.496023482846891905e+00,1.380988524727465805e+00,2.289155449804763709e+00,6.391456604044515322e-01,5.235999999999999543e-01,-3.817504893855225845e-01,-4.206538212880224226e-01,4.812042579296518796e-01,-4.686555735520084864e-01,-9.174372143132752955e-01,2.341834006126485956e+00
7.459999999999999964e+00,3.000000000000000000e+00,-3.504530704680610231e+00,1.390427833172299010e+00,2.319721797288211818e+00,6.316908851834925898e-01,5.235999999999999543e-01,-3.621614972746396433e-01,-4.300880943945759038e-01,4.626635986156105163e-01,-4.745744780052651990e-01,-9.363322830548160836e-01,2.468696021710996558e+00
7.480000000000000426e+00,3.000000000000000000e+00,-3.513227716064952322e+00,1.399492669303395775e+00,2.351514455980771690e+00,6.246592005134655734e-01,5.235999999999999543e-01,-3.395069915931845372e-01,-4.396287522923078006e-01,4.437630865045341655e-01,-4.792861650697280984e-01,-9.534093672351228177e-01,2.592237105953822063e+00
7.500000000000000000e+00,3.000000000000000000e+00,-3.522116400097221600e+00,1.408176204912440221e+00,2.384467523877382700e+00,6.181106055197651550e-01,5.235999999999999543e-01,-3.139469546328133021e-01,-4.492511773774349182e-01,4.245398688945470900e-01,-4.827433091446692304e-01,-9.685897061642106953e-01,2.710430538162398317e+00
7.519999999999999574e+00,3.000000000000000000e+00,-3.531198138057529246e+00,1.416472370489217036e+00,2.418497407441193126e+00,6.121013223281532856e-01,5.235999999999999543e-01,-2.857007972373875049e-01,-4.589298055341595739e-01,4.050326682975736725e-01,-4.848985846293608626e-01,-9.817945391520952469e-01,2.821091941532353875e+00
7.540000000000000036e+00,3.000000000000000000e+00,-3.540473790478549265e+00,1.424375886725887108e+00,2.453502307317699138e+00,6.066825736302696725e-01,5.235999999999999543e-01,-2.550498505714529074e-01,-4.686381261346695415e-01,3.852817824393378054e-01,-4.857046659230754293e-01,-9.929451055087924471e-01,2.921949599259073604e+00
7.560000000000000497e+00,3.000000000000000000e+00,-3.549943678215278453e+00,1.431882296021264711e+00,2.489362302772529123e+00,6.018993283052949117e-01,5.235999999999999543e-01,-2.223378529795834169e-01,-4.783486820391379402e-01,3.653290842593631127e-01,-4.851142274250851982e-01,-1.001962644544317937e+00,3.010733496913216012e+00
7.580000000000000071e+00,3.000000000000000000e+00,-3.559607563514798123e+00,1.438987993985091585e+00,2.525940123989878217e+00,5.977890595110862959e-01,5.235999999999999543e-01,-1.879690540873237836e-01,-4.880330695957233456e-01,3.452180219109728943e-01,-4.830799435346623261e-01,-1.008768395568687026e+00,3.085278715607970845e+00
7.599999999999999645e+00,3.000000000000000000e+00,-3.569464631086031847e+00,1.445690260942314120e+00,2.563082661219310499e+00,5.943805661418021247e-01,5.235999999999999543e-01,-1.524036963458232918e-01,-4.976619386405700673e-01,3.249936187612899596e-01,-4.795544886510791915e-01,-1.013283597891915910e+00,3.143636073460614355e+00
7.620000000000000107e+00,3.000000000000000000e+00,-3.579513469169506301e+00,1.451987293437359661e+00,2.600623206516873509e+00,5.916929116572533509e-01,5.235999999999999543e-01,-1.161508277319143190e-01,-5.072049924978073721e-01,3.047024733912369610e-01,-4.744905371736080624e-01,-1.015429490824019343e+00,3.184180672132841394e+00
7.640000000000000568e+00,3.000000000000000000e+00,-3.589752050607110334e+00,1.457878235738411909e+00,2.638384362372197423e+00,5.897345330325254320e-01,5.235999999999999543e-01,-7.975863021901652417e-02,-5.166309879795503157e-01,2.843927595955363929e-01,-4.678407635015213173e-01,-1.015127313675014076e+00,3.205707799791199797e+00
7.660000000000000142e+00,3.000000000000000000e+00,-3.600177713911855371e+00,1.463363211341686343e+00,2.676181489150858628e+00,5.885025664484926367e-01,5.235999999999999543e-01,-4.380268807424592126e-02,-5.259077353858991888e-01,2.641142263827102599e-01,-4.595578420340911685e-01,-1.012298305754915306e+00,3.207505903936116010e+00
7.679999999999999716e+00,3.000000000000000000e+00,-3.610787144337633592e+00,1.468443354475707396e+00,2.713826508648560232e+00,5.879824255095555952e-01,5.235999999999999543e-01,-8.872832767218952199e-03,-5.350020985049399602e-01,2.439181979750805196e-01,-4.495944471705899392e-01,-1.006863706373738454e+00,3.189398245114724251e+00
7.700000000000000178e+00,3.000000000000000000e+00,-3.621576354948980114e+00,1.473120841605584097e+00,2.751131842477923861e+00,5.881476531378039274e-01,5.235999999999999543e-01,2.444064734823747642e-02,-5.438799946127440554e-01,2.238575738087680289e-01,-4.379032533102900082e-01,-9.987447548414994936e-01,3.151748185607491592e+00
7.719999999999999751e+00,3.000000000000000000e+00,-3.632540667690831171e+00,1.477398922937285475e+00,2.787914247702705239e+00,5.889600514034850631e-01,5.235999999999999543e-01,5.556058059208979216e-02,-5.525063944733681343e-01,2.039868285336941534e-01,-4.244369348524635321e-01,-9.878626904682141774e-01,3.095427314625351478e+00
7.740000000000000213e+00,3.000000000000000000e+00,-3.643674694458283625e+00,1.481281953921917305e+00,2.823998320747188373e+00,5.903700763614875280e-01,5.235999999999999543e-01,8.393545185922235419e-02,-5.608453223388542019e-01,1.843620120135796570e-01,-4.091481661963828342e-01,-9.741387525638978140e-01,3.021749989938958603e+00
7.759999999999999787e+00,3.000000000000000000e+00,-3.654972318166354039e+00,1.484775426759997741e+00,2.859219472582074317e+00,5.923174694778539084e-01,5.235999999999999543e-01,1.090502196759857156e-01,-5.688598559492302753e-01,1.650407493259450353e-01,-3.919896217413201822e-01,-9.574941804385661559e-01,2.932381577421682373e+00
7.780000000000000249e+00,3.000000000000000000e+00,-3.666426673819741300e+00,1.487886001905732947e+00,2.893426228126831479e+00,5.947320851485270454e-01,5.235999999999999543e-01,1.304349192424663073e-01,-5.765121265325090505e-01,1.460822407621102936e-01,-3.729139758865479548e-01,-9.378502134022349557e-01,2.829230062300572168e+00
7.799999999999999822e+00,3.000000000000000000e+00,-3.678030129582583463e+00,1.490621539571294063e+00,2.926481762742312309e+00,5.975348662475524764e-01,5.235999999999999543e-01,1.476707958855705272e-01,-5.837633188046892352e-01,1.275472618271954461e-01,-3.518739030313383642e-01,-9.151280907649199658e-01,2.714331480725628243e+00
7.820000000000000284e+00,3.000000000000000000e+00,-3.689774267848218159e+00,1.492991131231092394e+00,2.958264649827790915e+00,6.006389169839498887e-01,5.235999999999999543e-01,1.603939510456537931e-01,-5.905736709697548825e-01,1.094981632401199195e-01,-3.288220775749636782e-01,-8.892490518366364949e-01,2.589738835736533407e+00
7.839999999999999858e+00,3.000000000000000000e+00,-3.701649866308941661e+00,1.495005131126055042e+00,2.988668848007293377e+00,6.039506242893786236e-01,5.235999999999999543e-01,1.682966919256898564e-01,-5.969024747196751690e-01,9.199887093360296919e-02,-3.037111739166963309e-01,-8.601343359274005174e-01,2.457422176413651460e+00
7.860000000000000320e+00,3.000000000000000000e+00,-3.713646879025772840e+00,1.496675187767902759e+00,3.017602998492340038e+00,6.073707846609774919e-01,5.235999999999999543e-01,1.711269353559643491e-01,-6.027080752344052827e-01,7.511488605416344333e-02,-2.764938664558085901e-01,-8.277051823472276748e-01,2.319184855515256327e+00
7.879999999999999893e+00,3.000000000000000000e+00,-3.725754417498205573e+00,1.498014275443423360e+00,3.044989129987116350e+00,6.107957017036171887e-01,5.104349404997021722e-01,1.686861173440288297e-01,-6.079478711818852021e-01,5.891328496211997029e-02,-2.471228295915726125e-01,-7.918828304061336087e-01,2.176598174019811260e+00
7.900000000000000355e+00,3.000000000000000000e+00,-3.737960731733975361e+00,1.499036725718750240e+00,3.070760879626609263e+00,6.141182293547386983e-01,4.814560507146093959e-01,1.608261043275938107e-01,-6.125783147180410282e-01,4.346271923159079204e-02,-2.155507377232607491e-01,-7.525885194141336276e-01,2.030954098443087830e+00
7.919999999999999929e+00,3.000000000000000000e+00,-3.750253191318813961e+00,1.499758258943635791e+00,3.094861335586489126e+00,6.172287458767209412e-01,4.511400267185892710e-01,1.474456006246001039e-01,-6.165549114867836522e-01,2.883341565049402436e-02,-1.817302652501457394e-01,-7.097434886812443722e-01,1.883233757092071636e+00
7.939999999999999503e+00,3.000000000000000000e+00,-3.762618266486212448e+00,1.500196015755730139e+00,3.117240593020971229e+00,6.200160533797225426e-01,4.196010796040621216e-01,1.284865137925805811e-01,-6.198322206200099771e-01,1.509717622054698380e-02,-1.456140865714991017e-01,-6.632689775174803737e-01,1.734088068313721198e+00
7.959999999999999964e+00,3.000000000000000000e+00,-3.775041509187179400e+00,1.500368588584854557e+00,3.137853093056814924e+00,6.223682064284241644e-01,3.869030327334393449e-01,1.039306915912696638e-01,-6.223638547376018071e-01,2.327378157267173415e-03,-1.071548760865934646e-01,-6.130862252328576067e-01,1.583826070087800408e+00
7.980000000000000426e+00,3.000000000000000000e+00,-3.787507534160000855e+00,1.500296053157279763e+00,3.156654787567821252e+00,6.241732810433734402e-01,3.530479982929479732e-01,7.379739591399925303e-02,-6.241024799474270690e-01,-9.401026110028390739e-03,-6.630530819470115134e-02,-5.591164711373920460e-01,1.432406158171483312e+00
8.000000000000000000e+00,4.000000000000000000e+00,-3.799999999999999822e+00,1.500000000000000000e+00,3.173600142506964428e+00,6.253201022649841345e-01,3.179647456450303000e-01,3.323195806330581092e-02,-6.249998158453373698e-01,-2.001150893822301047e-02,-2.301805729509442955e-02,-5.012809545410989998e-01,1.279425308866862787e+00
8.019999999999999574e+00,4.000000000000000000e+00,-3.812499937705016162e+00,1.499497190868607444e+00,3.190186450636820936e+00,6.255025593659055971e-01,3.394929451164025447e-01,-1.888986921143320785e-02,-6.247641872213611780e-01,-3.038358337869578180e-02,4.591347633341333334e-02,-5.355354798515756798e-01,1.372853169097989712e+00
8.039999999999999147e+00,4.000000000000000000e+00,-3.824981642205037780e+00,1.498780244975196130e+00,3.207955467741966160e+00,6.245645074965268106e-01,3.616237415894936191e-01,-7.205023045555591921e-02,-6.231897138996327357e-01,-4.141744214787946438e-02,1.108794438171103736e-01,-5.674671075010674359e-01,1.470389810751585147e+00
8.060000000000000497e+00,4.000000000000000000e+00,-3.837419124506803669e+00,1.497836388124689000e+00,3.226928018936895182e+00,6.226205501476831383e-01,3.844108077777751986e-01,-1.194868515756866145e-01,-6.203549253228289873e-01,-5.306709049788703447e-02,1.719580331779747562e-01,-5.971221580228415204e-01,1.572541291382082873e+00
8.080000000000000071e+00,4.000000000000000000e+00,-3.849787950568300587e+00,1.496653756752859055e+00,3.247127322532950000e+00,6.197850334334994438e-01,4.078656064994091168e-01,-1.612146285172162408e-01,-6.163367871731860737e-01,-6.528746009149677398e-02,2.292274324379845463e-01,-6.245469519501634093e-01,1.679673325757451874e+00
8.099999999999999645e+00,4.000000000000000000e+00,-3.862065210023558848e+00,1.495221379398117723e+00,3.268577534779247618e+00,6.161719650069946708e-01,4.319580684551967975e-01,-1.972534238067709111e-01,-6.112107013725019966e-01,-7.803440900215233289e-02,2.827658296191177811e-01,-6.497878098162996885e-01,1.792004167103247836e+00
8.119999999999999218e+00,4.000000000000000000e+00,-3.874229484907438348e+00,1.493529158173300564e+00,3.291302243556971874e+00,6.118948964812287450e-01,4.566166234311751504e-01,-2.276301672374057006e-01,-6.050505060821340653e-01,-9.126472171396261823e-02,3.326514127433524703e-01,-6.728910521545168333e-01,1.909589553788841210e+00
8.140000000000000568e+00,4.000000000000000000e+00,-3.886260818380421700e+00,1.491567850237455417e+00,3.315322872344410143e+00,6.070667583174981230e-01,4.817282568762188411e-01,-2.523815204159340908e-01,-5.979284757030007835e-01,-1.049361091217020092e-01,3.789623698326666235e-01,-6.939029994980814298e-01,2.032301266176176568e+00
8.160000000000000142e+00,4.000000000000000000e+00,-3.898140683453407362e+00,1.489329049267626326e+00,3.340656969236280638e+00,6.017996356645912703e-01,5.071391831073365219e-01,-2.715571213859213628e-01,-5.899153208755805178e-01,-1.190072085308099964e-01,4.217768889090385276e-01,-7.128699723802591759e-01,2.159800935403730637e+00
8.179999999999999716e+00,4.000000000000000000e+00,-3.909851951712493889e+00,1.486805166930642796e+00,3.367316370551060700e+00,5.962044734620615127e-01,5.235999999999999543e-01,-2.852234038801952920e-01,-5.810801884799124961e-01,-1.334375836573916119e-01,4.611731579944460813e-01,-7.298382913343169909e-01,2.291511105270361615e+00
8.199999999999999289e+00,4.000000000000000000e+00,-3.921378862043781499e+00,1.483989414354905056e+00,3.395305245622048496e+00,5.903906995093837207e-01,5.235999999999999543e-01,-2.934679506844801722e-01,-5.714906616355959201e-01,-1.481877246282169991e-01,4.972293651108673496e-01,-7.448542768935206837e-01,2.426586119608569181e+00
8.220000000000000639e+00,4.000000000000000000e+00,-3.932706989358155880e+00,1.480875783602171758e+00,3.424618049327605718e+00,5.844657554346819328e-01,5.235999999999999543e-01,-2.964042910767883399e-01,-5.612127597017910752e-01,-1.632190479807217875e-01,5.300236982802801755e-01,-7.579642495911369515e-01,2.563886121959465303e+00
8.240000000000000213e+00,4.000000000000000000e+00,-3.943823213316083098e+00,1.477459029139346347e+00,3.455237431780572521e+00,5.785345278663119872e-01,5.235999999999999543e-01,-2.941769886187639571e-01,-5.503109382772182201e-01,-1.784938966630069956e-01,5.596343455246630683e-01,-7.692145299604320474e-01,2.701958206911725391e+00
8.259999999999999787e+00,4.000000000000000000e+00,-3.954715687052396511e+00,1.473734649310263656e+00,3.487132179611278637e+00,5.726986758899316188e-01,5.235999999999999543e-01,-2.869667902181660679e-01,-5.388480892001581424e-01,-1.939755400338387392e-01,5.861394948659937043e-01,-7.786514385346723355e-01,2.839029399105737816e+00
8.279999999999999361e+00,4.000000000000000000e+00,-3.965373805901093895e+00,1.469698867807475384e+00,3.520255288746258149e+00,5.670558562575855888e-01,5.235999999999999543e-01,-2.749955259943881458e-01,-5.268855405484522691e-01,-2.096281738626486202e-01,6.096173343262502042e-01,-7.863212958471241798e-01,2.973016452176284741e+00
8.300000000000000711e+00,4.000000000000000000e+00,-3.975788176120122586e+00,1.465348615144039357e+00,3.554542291765354189e+00,5.616988548501558043e-01,5.235999999999999543e-01,-2.585303714832196675e-01,-5.144830566395021121e-01,-2.254169203295334767e-01,6.301460519274105776e-01,-7.922704224310535004e-01,3.101557217602106231e+00
8.320000000000000284e+00,4.000000000000000000e+00,-3.985950583616173937e+00,1.460681510125303895e+00,3.589909980099892817e+00,5.567146413982565489e-01,5.235999999999999543e-01,-2.378870223228357617e-01,-5.016988380302699335e-01,-2.413078280252556884e-01,6.478038356914530560e-01,-7.965451388197273275e-01,3.222067301530292749e+00
8.339999999999999858e+00,4.000000000000000000e+00,-3.995853962669476900e+00,1.455695841320696404e+00,3.626255668166190826e+00,5.521833739572425959e-01,5.235999999999999543e-01,-2.134313027353371695e-01,-4.885895215172783024e-01,-2.572678719512427326e-01,6.626688736403560931e-01,-7.991917655464115811e-01,3.331823748592266821e+00
8.359999999999999432e+00,4.000000000000000000e+00,-4.005492364658584492e+00,1.450390548535508417e+00,3.663457138698326343e+00,5.481773892888431865e-01,5.235999999999999543e-01,-1.855787492084353119e-01,-4.752101801366103162e-01,-2.732649535195874058e-01,6.748193537960966992e-01,-8.002566231443726252e-01,3.428074563890158633e+00
8.380000000000000782e+00,4.000000000000000000e+00,-4.014860926785164708e+00,1.444765204282681736e+00,3.701373382748668117e+00,5.447602239889050013e-01,5.235999999999999543e-01,-1.547917928566135970e-01,-4.616143231639090461e-01,-2.892679005530479630e-01,6.843334641806537721e-01,-7.997860321468770461e-01,3.508169237938371321e+00
8.400000000000000355e+00,4.000000000000000000e+00,-4.023955840798797645e+00,1.438819995254598361e+00,3.739846202905948935e+00,5.419857175745784739e-01,5.235999999999999543e-01,-1.215743133537543486e-01,-4.478538961143788688e-01,-3.052464672850479510e-01,6.912893928160048773e-01,-7.978263130871908748e-01,3.569701571648411065e+00
8.419999999999999929e+00,4.000000000000000000e+00,-4.032774321721761090e+00,1.432555703794864632e+00,3.778702686231975694e+00,5.398972514547548673e-01,5.235999999999999543e-01,-8.646354768163000415e-02,-4.339792807427838017e-01,-3.211713343596760972e-01,6.957653277241284684e-01,-7.944237864985803643e-01,3.610652732567884104e+00
8.439999999999999503e+00,4.000000000000000000e+00,-4.041314576573826756e+00,1.425973689370097608e+00,3.817758479888531120e+00,5.385271756673133403e-01,5.235999999999999543e-01,-5.001958796526828621e-02,-4.200392950434486683e-01,-3.370141088316866984e-01,6.978394569270019998e-01,-7.896247729143119898e-01,3.629520422312592753e+00
8.460000000000000853e+00,4.000000000000000000e+00,-4.049575773097042308e+00,1.419075870041713872e+00,3.856821726383499627e+00,5.378964679361440959e-01,5.235999999999999543e-01,-1.281296145125843111e-02,-4.060811932502587096e-01,-3.527473241664992321e-01,6.975899684466041473e-01,-7.834755928676523373e-01,3.625419986403166206e+00
8.480000000000000426e+00,4.000000000000000000e+00,-4.057558008480534717e+00,1.411864703937714127e+00,3.895697447770170019e+00,5.380146572092630031e-01,5.235999999999999543e-01,2.458898815595844667e-02,-3.921506658366596954e-01,-3.683444402401985784e-01,6.950950503049129203e-01,-7.760225668918673270e-01,3.598145581393619175e+00
8.500000000000000000e+00,4.000000000000000000e+00,-4.065262278085294945e+00,1.404343170724470680e+00,3.934192119804267307e+00,5.388800274623823938e-01,5.235999999999999543e-01,6.163604470440198213e-02,-3.782918395156576463e-01,-3.837798433395348541e-01,6.904328905239059955e-01,-7.673120155202237669e-01,3.548183937875296845e+00
8.519999999999999574e+00,4.000000000000000000e+00,-4.072690444168964419e+00,1.396514753078514470e+00,3.972118156248456433e+00,5.404800989974389847e-01,5.235999999999999543e-01,9.780846270524001795e-02,-3.645472772398190564e-01,-3.990288461619235227e-01,6.836816771255616043e-01,-7.573902592859873550e-01,3.476679091504184527e+00
8.539999999999999147e+00,4.000000000000000000e+00,-4.079845204610637488e+00,1.388383418158321891e+00,4.009298033892495283e+00,5.427923659705918835e-01,5.235999999999999543e-01,1.326288425321919817e-01,-3.509579782012709481e-01,-4.140676878154454510e-01,6.749195981318578674e-01,-7.463036187224250106e-01,3.385352591871098493e+00
8.560000000000000497e+00,4.000000000000000000e+00,-4.086730061635645228e+00,1.379953599076100046e+00,4.045567828609997640e+00,5.457852526987267971e-01,5.235999999999999543e-01,1.656718320730341532e-01,-3.375633778317005951e-01,-4.288735338188469637e-01,6.642248415647729054e-01,-7.340984143628030978e-01,3.276388954614551707e+00
8.580000000000000071e+00,4.000000000000000000e+00,-4.093349290540342800e+00,1.371230176369574894e+00,4.080779995046009745e+00,5.494192392535134362e-01,5.235999999999999543e-01,1.965711840729174043e-01,-3.244013478023560215e-01,-4.434244761015389003e-01,6.516755954462843947e-01,-7.208209667403874255e-01,3.152299552750657430e+00
8.599999999999999645e+00,4.000000000000000000e+00,-4.099707908416913682e+00,1.362218459473777843e+00,4.114805297127481332e+00,5.536481000616433334e-01,5.235999999999999543e-01,2.250239668346143418e-01,-3.115081960240453363e-01,-4.576995330035987797e-01,6.373500477983706780e-01,-7.065175963884445798e-01,3.015779283971485647e+00
8.619999999999999218e+00,4.000000000000000000e+00,-4.105811642878149925e+00,1.352924168192832344e+00,4.147533872338277305e+00,5.584201979268977878e-01,5.235999999999999543e-01,2.507919862224561314e-01,-2.989186666471374543e-01,-4.716786492757683025e-01,6.213263866430098759e-01,-6.912346238402411469e-01,2.869569284683638255e+00
8.640000000000000568e+00,4.000000000000000000e+00,-4.111666900782243950e+00,1.343353414171739590e+00,4.178875479760398193e+00,5.636797795105418230e-01,5.235999999999999543e-01,2.737006944729767355e-01,-2.866659400615613751e-01,-4.853426960794551270e-01,6.036828000021799978e-01,-6.750183696290430468e-01,2.716336219948451536e+00
8.660000000000000142e+00,4.000000000000000000e+00,-4.117280736957585674e+00,1.333512682368165780e+00,4.208759033387186932e+00,5.693682257058171325e-01,5.235999999999999543e-01,2.936360144284666518e-01,-2.747816328968067934e-01,-4.986734709867318704e-01,5.844974758978590534e-01,-6.579151542881168657e-01,2.558575031417976486e+00
8.679999999999999716e+00,4.000000000000000000e+00,-4.122660822927551649e+00,1.323408812524230260e+00,4.237131554947589862e+00,5.754252200876802670e-01,5.235999999999999543e-01,3.105395892951783310e-01,-2.632957980219238214e-01,-5.116536979803366636e-01,5.638486023520248303e-01,-6.399712983507289676e-01,2.398538252044740915e+00
8.699999999999999289e+00,4.000000000000000000e+00,-4.127815415635287977e+00,1.313048980638289676e+00,4.263956694633014521e+00,5.817898092776240260e-01,5.224163805030692664e-01,3.244029832954904435e-01,-2.522369245455227116e-01,-5.242670274536730401e-01,5.418143673866561150e-01,-6.212331223501456057e-01,2.238191709052592238e+00
8.720000000000000639e+00,4.000000000000000000e+00,-4.132753326168518981e+00,1.302440680436727449e+00,4.289212966410106631e+00,5.884013394195001245e-01,4.911549942384613177e-01,3.352613214945066034e-01,-2.416319378157746889e-01,-5.364980362108098255e-01,5.184729590237304730e-01,-6.017469468196335880e-01,2.079193995374790660e+00
8.740000000000000213e+00,4.000000000000000000e+00,-4.137483888484319472e+00,1.291591704845736821e+00,4.312891831156212774e+00,5.952002621374046232e-01,4.593704225697708421e-01,3.431867852312464606e-01,-2.315061994204108131e-01,-5.483322274664805818e-01,4.939025652852254700e-01,-5.815590922924582795e-01,1.922895603687099442e+00
8.759999999999999787e+00,4.000000000000000000e+00,-4.142016928133916309e+00,1.280510127463111214e+00,4.334995740143702037e+00,6.021288108287496943e-01,4.273547903953879290e-01,3.482822902792719333e-01,-2.218835071867230058e-01,-5.597560308460853840e-01,4.681813741931198924e-01,-5.607158793018863774e-01,1.770353003729627561e+00
8.779999999999999361e+00,4.000000000000000000e+00,-4.146362730987480205e+00,1.269204284030028829e+00,4.355536227472367017e+00,6.091315537485751941e-01,3.953734923611454954e-01,3.506755824634417706e-01,-2.127860951815634949e-01,-5.707568023856885997e-01,4.413875737693913059e-01,-5.392636283811845788e-01,1.622353009369199128e+00
8.800000000000000711e+00,4.000000000000000000e+00,-4.150532011958913969e+00,1.257682753902841011e+00,4.374532116085334543e+00,6.161558341272875827e-01,3.636596574351259048e-01,3.505139001740751326e-01,-2.042346337113448707e-01,-5.813228245320204435e-01,4.135993520360184417e-01,-5.172486600636191367e-01,1.479443296978180111e+00
8.820000000000000284e+00,4.000000000000000000e+00,-4.154535883730642531e+00,1.245954341524856401e+00,4.392007880172057455e+00,6.231521097555385857e-01,3.324107387132957947e-01,3.479592810473945974e-01,-1.962482293220405016e-01,-5.914433061424759774e-01,3.848948970149784765e-01,-4.947172948824558603e-01,1.341965688161964376e+00
8.839999999999999858e+00,4.000000000000000000e+00,-4.158385825478408293e+00,1.234028057898130193e+00,4.407992188287920499e+00,6.300742053691831268e-01,3.017872065829291794e-01,3.431845334798300229e-01,-1.888444247991838132e-01,-6.011083824851164437e-01,3.553523967282505858e-01,-4.717158533709622237e-01,1.210089630075572575e+00
8.859999999999999432e+00,4.000000000000000000e+00,-4.162093651596057597e+00,1.221913102055248501e+00,4.422516636871939966e+00,6.368794910947315202e-01,2.719131246455228634e-01,3.363698525068770095e-01,-1.820391991678685928e-01,-6.103091152386675988e-01,3.250500391978116688e-01,-4.482906560624030923e-01,1.083844081850610985e+00
8.880000000000000782e+00,4.000000000000000000e+00,-4.165671480420333417e+00,1.209618842531116956e+00,4.435614672953740012e+00,6.435289994694585181e-01,2.428782545309783880e-01,3.277000322108083452e-01,-1.758469676927495728e-01,-6.190374924925204914e-01,2.940660124456400681e-01,-4.244880234900457738e-01,9.631466815765475920e-01
8.900000000000000355e+00,4.000000000000000000e+00,-4.169131702955672480e+00,1.197154798834747513e+00,4.447320697312205695e+00,6.499874923831643336e-01,2.147412738936469168e-01,3.173622107607450005e-01,-1.702805818780413483e-01,-6.272864287467326827e-01,2.624785044937141820e-01,-4.003542761871563549e-01,8.478295986889711200e-01
8.919999999999999929e+00,4.000000000000000000e+00,-4.172486951598985527e+00,1.184530622921043053e+00,4.457669334624021928e+00,6.562234878998880472e-01,1.875336926123978010e-01,3.055440767856332229e-01,-1.653513294675194589e-01,-6.350497649120251387e-01,2.303657033640119089e-01,-3.759357346870011440e-01,7.376618712720808269e-01
8.939999999999999503e+00,4.000000000000000000e+00,-4.175750068864457987e+00,1.171756080662585742e+00,4.466694854622714317e+00,6.622092554545894183e-01,1.612640981548583985e-01,2.924324645700231429e-01,-1.610689344445194737e-01,-6.423222683097860042e-01,1.978057970785112862e-01,-3.512787195228465054e-01,6.323683014667837998e-01
8.960000000000000853e+00,4.000000000000000000e+00,-4.178934076108337337e+00,1.158841033321423408e+00,4.474430727413956532e+00,6.679207864826890440e-01,1.359224326468907729e-01,2.782122684557819525e-01,-1.574415570319377400e-01,-6.490996326720674947e-01,1.648769736591904622e-01,-3.264295512279588030e-01,5.316451564540329855e-01
8.980000000000000426e+00,4.000000000000000000e+00,-4.182052142253723126e+00,1.145795419020856798e+00,4.480909296371528683e+00,6.733377461928210517e-01,1.114840842219080169e-01,2.630656121805827752e-01,-1.544757936922308839e-01,-6.553784781415874505e-01,1.316574211280272522e-01,-3.014345503356044009e-01,4.351730202043923024e-01
9.000000000000000000e+00,4.000000000000000000e+00,-4.185117552515361439e+00,1.132629234217224834e+00,4.486161553070580510e+00,6.784434109699122306e-01,8.791365120417464485e-02,2.471712154586285237e-01,-1.521766771274157826e-01,-6.611563512717302249e-01,9.822532750699997095e-02,-2.763400373790494968e-01,3.426271832956674923e-01
9.019999999999999574e+00,4.000000000000000000e+00,-4.188143677124432251e+00,1.119352515171692097e+00,4.490217000189972829e+00,6.832245948111660416e-01,6.516830218633218319e-02,2.307039070600289676e-01,-1.505476762790701195e-01,-6.664317250265433534e-01,6.465888081808653098e-02,-2.511923328915605658e-01,2.536859621420182731e-01
9.039999999999999147e+00,4.000000000000000000e+00,-4.191143940053343897e+00,1.105975319422036085e+00,4.493103590002291980e+00,6.876715672523131540e-01,4.320070498184062219e-02,2.138342404146591491e-01,-1.495906963283316626e-01,-6.712039987807414398e-01,3.103626908326497305e-02,-2.260377574064037776e-01,1.680373186843827915e-01
9.060000000000000497e+00,4.000000000000000000e+00,-4.194131787740522199e+00,1.092507707254433136e+00,4.494847727803360726e+00,6.917779644277524120e-01,2.196153269943216385e-02,1.967281740353818975e-01,-1.493060786958990138e-01,-6.754734983197036025e-01,-2.564319675486544103e-03,-2.009226314568458571e-01,8.538411711729688991e-02
9.080000000000000071e+00,4.000000000000000000e+00,-4.197120657815205824e+00,1.078959723175245022e+00,4.495474331299969428e+00,6.955406942137288828e-01,1.401577517647213710e-03,1.795467846676004342e-01,-1.496926010420308595e-01,-6.792414758394743624e-01,-3.606469743619011847e-02,-1.758932755761526134e-01,5.448312674091434007e-03
9.099999999999999645e+00,4.000000000000000000e+00,-4.200123947822229198e+00,1.065341377382806431e+00,4.495006938501255433e+00,6.989598358144561985e-01,-1.852648536036721055e-02,1.624459859917486426e-01,-1.507474772665464424e-01,-6.825101099467638655e-01,-6.938667617686748723e-02,-1.509960102975907437e-01,-7.202567646522718692e-02
9.120000000000000995e+00,4.000000000000000000e+00,-4.203154983946821410e+00,1.051662627239210890e+00,4.493467858000236959e+00,7.020385336533987441e-01,-3.786663699536400168e-02,1.455762299781397928e-01,-1.524663575088255618e-01,-6.852825056589473274e-01,-1.024520678755407310e-01,-1.262771561544264731e-01,-1.472682065988139000e-01
9.140000000000000568e+00,4.000000000000000000e+00,-4.206226989739395350e+00,1.037933358742097800e+00,4.490878356661264448e+00,7.047828850135821055e-01,-5.665831201553991892e-02,1.290821717117509593e-01,-1.548433281478081847e-01,-6.875626944040653665e-01,-1.351826845102320762e-01,-1.017830336799260271e-01,-2.204820892662661680e-01
9.160000000000000142e+00,4.000000000000000000e+00,-4.209353054840336839e+00,1.024163367996439922e+00,4.487258880633294034e+00,7.072018205218686404e-01,-7.493541356021743427e-02,1.131022817963796001e-01,-1.578709118019950008e-01,-6.893556340208238931e-01,-1.675003380589627777e-01,-7.755996340735607508e-02,-2.918405882922240346e-01
9.179999999999999716e+00,4.000000000000000000e+00,-4.212546103704799982e+00,1.010362342686327519e+00,4.482629306282357895e+00,7.093069762854372629e-01,-9.272551235232098787e-02,9.776839345386889590e-02,-1.615400673294470624e-01,-6.906672087585942199e-01,-1.993268404997551591e-01,-5.365426586998279374e-02,-3.614856422815341253e-01
9.199999999999999289e+00,4.000000000000000000e+00,-4.215818864327490978e+00,9.965398435467581750e-01,4.477009218079063047e+00,7.111125562600233430e-01,-1.100492041586611097e-01,8.320517430327001307e-02,-1.658401898277858111e-01,-6.915042292774129518e-01,-2.305840038106316547e-01,-3.011226160107213085e-02,-4.295262554616621209e-01
9.220000000000000639e+00,4.000000000000000000e+00,-4.219183836967467016e+00,9.827052858354216047e-01,4.470418210690935368e+00,7.126351832575680278e-01,-1.269196077800414657e-01,6.952951568580445496e-02,-1.707591106341930787e-01,-6.918744326479819851e-01,-2.611936399696132560e-01,-6.980271133890988272e-03,-4.960370312860917230e-01
9.240000000000000213e+00,4.000000000000000000e+00,-4.222653262872926305e+00,9.688679208044870261e-01,4.462876212520417774e+00,7.138937368874556100e-01,-1.433419931392726498e-01,5.684983543238431025e-02,-1.762830973254111977e-01,-6.917864823516685080e-01,-2.910775609547228693e-01,1.569538499829478337e-02,-5.610568527661842220e-01
9.259999999999999787e+00,4.000000000000000000e+00,-4.226239093005993652e+00,9.550368171723895294e-01,4.454403827705844421e+00,7.149091766748634225e-01,-1.593135355875873183e-01,4.526529327742423447e-02,-1.823968537177430016e-01,-6.912499682805051116e-01,-3.201575787439816523e-01,3.786838626221836202e-02,-6.245877411545061042e-01
9.279999999999999361e+00,4.000000000000000000e+00,-4.229952956767517591e+00,9.412208425956168911e-01,4.445022693177524076e+00,7.157043486185525882e-01,-1.748231979127825020e-01,3.486492180779876549e-02,-1.890835198670516581e-01,-6.902754067371899005e-01,-3.483555053154122061e-01,5.949241212461382072e-02,-6.865939501578739446e-01
9.300000000000000711e+00,4.000000000000000000e+00,-4.233806130721861294e+00,9.274286451404962772e-01,4.434755846753188457e+00,7.163037735471752265e-01,-1.898517454594397247e-01,2.572667996992805683e-02,-1.963246720687608082e-01,-6.888742404350858273e-01,-3.755931526470357995e-01,8.052114205221451437e-02,-7.470013757754135897e-01
9.320000000000000284e+00,4.000000000000000000e+00,-4.237809507321686375e+00,9.136686347549807241e-01,4.423628101493710219e+00,7.167334158173498393e-01,-2.043719020752158000e-01,1.791644076998721857e-02,-2.041003228578545103e-01,-6.870588384982218022e-01,-4.017923327168749781e-01,1.009082555117543634e-01,-8.056973812255082690e-01
9.339999999999999858e+00,4.000000000000000000e+00,-4.241973563632756239e+00,8.999489647404368409e-01,4.411666420658854726e+00,7.170204311779746487e-01,-2.183486551529495168e-01,1.148692986681965067e-02,-2.123889210088773793e-01,-6.848424964612911392e-01,-4.268748575029513437e-01,1.206074319699668163e-01,-8.625311509621096384e-01
9.359999999999999432e+00,4.000000000000000000e+00,-4.246308330058717218e+00,8.862775132234296249e-01,4.398900286654130909e+00,7.171928930120226031e-01,-2.317397168004499963e-01,6.476637184103850586e-03,-2.211673515359342812e-01,-6.822394362696537762e-01,-4.507625389832869423e-01,1.395723508935856616e-01,-9.173146958790168171e-01
9.380000000000000782e+00,4.000000000000000000e+00,-4.250823359065893925e+00,8.726618646275109414e-01,4.385362056407455356e+00,7.172794966653388560e-01,-2.444961451908934102e-01,2.908729291263512096e-03,-2.304109356926907493e-01,-6.792648062793336106e-01,-4.733771891359036532e-01,1.577566917493445353e-01,-9.698246316406279321e-01
9.400000000000000355e+00,4.000000000000000000e+00,-4.255527693908080167e+00,8.591092911450051162e-01,4.371087294736230255e+00,7.173092421836733124e-01,-2.565631255946462241e-01,7.899958750776647776e-04,-2.400934309723725679e-01,-6.759346812570208307e-01,-4.946406199388237446e-01,1.751141340039772121e-01,-1.019804841807832485e+00
9.419999999999999929e+00,4.000000000000000000e+00,-4.260429837351328963e+00,8.456267342087967487e-01,4.356115076551842158e+00,7.173110965003419714e-01,-2.678809047584038150e-01,1.098688162919359002e-04,-2.501870311077657449e-01,-6.722660623800704727e-01,-5.144746433700684296e-01,1.915983571242169670e-01,-1.066970115418905962e+00
9.439999999999999503e+00,4.000000000000000000e+00,-4.265537720398747012e+00,8.322207859641156391e-01,4.340488248298690621e+00,7.173136369363248832e-01,-2.783858655843534091e-01,8.395567983612295393e-04,-2.606623660712175106e-01,-6.682768772365031973e-01,-5.328010714076605314e-01,2.071630405767979632e-01,-1.111010813847340462e+00
9.460000000000000853e+00,4.000000000000000000e+00,-4.270858671015279384e+00,8.188976707403251565e-01,4.324253638940694699e+00,7.173446787722762563e-01,-2.880117219633284709e-01,2.931341555015620770e-03,-2.714885020746346522e-01,-6.639859798250046241e-01,-5.495417160296213188e-01,2.217618638284535593e-01,-1.151598573894598632e+00
9.480000000000000426e+00,4.000000000000000000e+00,-4.276399382852510200e+00,8.056632265227082756e-01,4.307462211186499523e+00,7.174308905985256057e-01,-2.966908066692072743e-01,6.318083340708824380e-03,-2.826329415694849301e-01,-6.594131505549262195e-01,-5.646183892139733373e-01,2.353485063459175852e-01,-1.188392994226937560e+00
9.500000000000000000e+00,4.000000000000000000e+00,-4.282165883973444664e+00,7.925228864242542803e-01,4.290169144566158721e+00,7.175974021059046137e-01,-3.043554189547403865e-01,1.091298253984973599e-02,-2.940616232467963553e-01,-6.545790962462844087e-01,-5.779529029387381334e-01,2.478766475959235938e-01,-1.221049182983551917e+00
9.519999999999999574e+00,4.000000000000000000e+00,-4.288163505577305301e+00,7.794816601574451331e-01,4.272433843490454741e+00,7.178674099001195463e-01,-3.109391933617273729e-01,1.660964115936280905e-02,-3.057389220371573568e-01,-6.495054501297607974e-01,-5.894670691819375863e-01,2.592999670452052485e-01,-1.249225969857450824e+00
9.539999999999999147e+00,4.000000000000000000e+00,-4.294396850724321091e+00,7.665441155060430667e-01,4.254319865553839008e+00,7.182617877522791128e-01,-3.163784476140548696e-01,2.328246205921047363e-02,-3.176276491107169475e-01,-6.442147718467027273e-01,-5.990826999215939086e-01,2.695721441604962965e-01,-1.272594511913854864e+00
9.560000000000000497e+00,4.000000000000000000e+00,-4.300869763060522821e+00,7.537143597968762876e-01,4.235894768049282888e+00,7.187987083824879386e-01,-3.206134654951791618e-01,3.078741515742322576e-02,-3.296890518771843914e-01,-6.387305474491227208e-01,-6.067216071357292018e-01,2.786468584085304290e-01,-1.290846955775520222e+00
9.580000000000000071e+00,4.000000000000000000e+00,-4.307585295542526005e+00,7.409960213716261235e-01,4.217229873859665190e+00,7.194932843585760684e-01,-3.235896703619082215e-01,3.896318873462689680e-02,-3.418828139858294257e-01,-6.330771893996983701e-01,-6.123056028023647901e-01,2.864777892560411154e-01,-1.303704767010452681e+00
9.599999999999999645e+00,4.000000000000000000e+00,-4.314545679162331560e+00,7.283922310586139481e-01,4.198399961431968919e+00,7.203572359318729523e-01,-3.252586463186120658e-01,4.763273086464181461e-02,-3.541670553254824827e-01,-6.272800365717728921e-01,-6.157564988995232191e-01,2.930186161697621583e-01,-1.310926307680437164e+00
9.620000000000000995e+00,4.000000000000000000e+00,-4.321752291672109614e+00,7.159056036445874405e-01,4.179482887235174360e+00,7.213985935931617188e-01,-3.255789668815414761e-01,5.660517168203327287e-02,-3.664983320245340237e-01,-6.213653542493547954e-01,-6.169961074052259242e-01,2.982230186164270824e-01,-1.312313240730868413e+00
9.640000000000000568e+00,4.000000000000000000e+00,-4.329205626308997523e+00,7.035382193465076206e-01,4.160559152722266951e+00,7.226214427991545231e-01,-3.245167949724581669e-01,6.567810264973772405e-02,-3.788316364509353162e-01,-6.153603341271178806e-01,-6.159462402974952289e-01,3.020446760627698013e-01,-1.307715368510801168e+00
9.660000000000000142e+00,4.000000000000000000e+00,-4.336905260519881899e+00,6.912916052833349978e-01,4.141711431117911069e+00,7.240257176991511390e-01,-3.220462230756346300e-01,7.464017533646227776e-02,-3.911203972121978234e-01,-6.092930943104012398e-01,-6.125287095543529015e-01,3.044372679755238398e-01,-1.297033572316041106e+00
9.679999999999999716e+00,4.000000000000000000e+00,-4.344849824686200179e+00,6.791667169478172728e-01,4.123024072100985649e+00,7.256070498126130364e-01,-3.181493282015149249e-01,8.327397061375663156e-02,-4.033164791553933703e-01,-6.031926793152093680e-01,-6.066653271538211545e-01,3.053544738214227783e-01,-1.280220606994908472e+00
9.699999999999999289e+00,4.000000000000000000e+00,-4.353036970848723541e+00,6.671639196782744863e-01,4.104582604444496852e+00,7.273566765237013954e-01,-3.128159228144857251e-01,9.135908070614107146e-02,-4.153701833671546995e-01,-5.970890600682118299e-01,-5.982779050739216453e-01,3.047499730672004747e-01,-1.257279612473400698e+00
9.720000000000000639e+00,4.000000000000000000e+00,-4.361463341432354035e+00,6.552829701303874987e-01,4.086473257770679268e+00,7.292614130408586748e-01,-3.060429900415779225e-01,9.867534204396477548e-02,-4.272302471736746377e-01,-5.910131339067439260e-01,-5.872882552926764754e-01,3.025774451795905096e-01,-1.228260322948396377e+00
9.740000000000000213e+00,4.000000000000000000e+00,-4.370124537970910161e+00,6.435229977489835829e-01,4.068782524706854531e+00,7.313036902054602661e-01,-2.978337992410345358e-01,1.050061569441318454e-01,-4.388438441407063184e-01,-5.849967245788059156e-01,-5.736181897881075242e-01,2.987905696253265186e-01,-1.193253073316090873e+00
9.759999999999999787e+00,4.000000000000000000e+00,-4.379015089831923113e+00,6.318824862398229047e-01,4.051596783901200816e+00,7.334616593186238376e-01,-2.881967063082410685e-01,1.101418469918407084e-01,-4.501565840735635704e-01,-5.790725822430636827e-01,-5.571895205382366711e-01,2.933430258711420824e-01,-1.152380809904927306e+00
9.779999999999999361e+00,4.000000000000000000e+00,-4.388128422941425910e+00,6.203592550413865592e-01,4.035002002670980303e+00,7.357093640851338767e-01,-2.771436518079839484e-01,1.138829904644467206e-01,-4.611125130171205844e-01,-5.732743834688481810e-01,-5.379240595210860176e-01,2.861884933837710032e-01,-1.105789398924555522e+00
9.800000000000000711e+00,4.000000000000000000e+00,-4.397456828508745197e+00,6.089504407966612742e-01,4.019083535671795993e+00,7.380169789372017508e-01,-2.646883789574980828e-01,1.160437097456217259e-01,-4.716541132558119687e-01,-5.676367312361558781e-01,-5.157436187146774431e-01,2.772806516299469171e-01,-1.053636584054701952e+00
9.820000000000000284e+00,4.000000000000000000e+00,-4.406991431751288602e+00,5.976524788249280018e-01,4.003926033106361970e+00,7.403511124749589944e-01,-2.508444024215985002e-01,1.164548917020660213e-01,-4.817223033136328048e-01,-5.621951549356484223e-01,-4.905700100970328270e-01,2.665731800764034043e-01,-9.960799706293004263e-01
9.839999999999999858e+00,4.000000000000000000e+00,-4.416722160619343640e+00,5.864610845935476213e-01,3.989613468868779211e+00,7.426751746052843162e-01,-2.356227676420109551e-01,1.149673435733689075e-01,-4.912564379541385362e-01,-5.569861103686528647e-01,-4.623250456461741598e-01,2.540197581898742119e-01,-9.332644081004466408e-01
9.859999999999999432e+00,4.000000000000000000e+00,-4.426637714520862410e+00,5.753712351897476429e-01,3.976229295873947134e+00,7.449498062178937507e-01,-2.190296490021768072e-01,1.114549081818196896e-01,-5.001943081804451907e-01,-5.520469797471617701e-01,-4.309305373401234318e-01,2.395740654370930867e-01,-8.653091086875064342e-01
9.880000000000000782e+00,4.000000000000000000e+00,-4.436725533046253389e+00,5.643771507924090214e-01,3.963856732848137554e+00,7.471333709325571615e-01,-2.010638438569557485e-01,1.058175844154867207e-01,-5.084721412352289915e-01,-5.474160716938326621e-01,-3.963082971569025781e-01,2.231897812847934981e-01,-7.922947851176425083e-01
9.900000000000000355e+00,4.000000000000000000e+00,-4.446971764693178564e+00,5.534722761438534144e-01,3.952579184197708262e+00,7.491825095945133794e-01,-1.817142291885818772e-01,9.798472136602853766e-02,-5.160246006007269681e-01,-5.431326212419885779e-01,-3.583801370745334780e-01,2.048205851997091376e-01,-7.142510230975160912e-01
9.919999999999999929e+00,4.000000000000000000e+00,-4.457361235591335458e+00,5.426492620216288865e-01,3.942480792297101466e+00,7.510527597871982097e-01,-1.609572599568242779e-01,8.791837682377945384e-02,-5.227847859987362344e-01,-5.392367898356179579e-01,-3.170678690710386771e-01,1.844201566485740296e-01,-6.311440349219182844e-01
9.939999999999999503e+00,4.000000000000000000e+00,-4.467877418227256037e+00,5.318999467102969447e-01,3.933647119626300537e+00,7.526992446674645176e-01,-1.387546055537805800e-01,7.561695288417169536e-02,-5.286842333906144331e-01,-5.357696653293744227e-01,-2.722933051244390557e-01,1.619421750981213659e-01,-5.428648804833408059e-01
9.960000000000000853e+00,4.000000000000000000e+00,-4.478502400169094066e+00,5.212153374732199085e-01,3.926165956525074385e+00,7.540774379025649843e-01,-1.150510466310161878e-01,6.111924320923378673e-02,-5.336529149772798464e-01,-5.327732619885769960e-01,-2.239782572127571036e-01,1.373403200150849213e-01,-4.492182025293143810e-01
9.980000000000000426e+00,4.000000000000000000e+00,-4.489216852791417800e+00,5.105855920243467239e-01,3.920128248689812800e+00,7.551440143958341178e-01,-8.977279346543660943e-02,4.450904809441880161e-02,-5.376192391992109521e-01,-5.302905204892101043e-01,-1.720445373140147560e-01,1.105682708661984842e-01,-3.499115168552361932e-01
1.000000000000000000e+01,5.000000000000000000e+00,-4.500000000000000000e+00,5.000000000000000000e-01,3.915629136566419533e+00,7.558577998263417141e-01,-6.282644437719830943e-02,4.104965220030720729e-02,-5.405100507364468676e-01,-5.283653079179231327e-01,-1.164139574062339477e-01,8.157970711819562126e-02,-2.445451395603715772e-01
1.001999999999999957e+01,5.000000000000000000e+00,-4.510836164990434938e+00,4.894479370533538209e-01,3.911718562026504031e+00,7.567860004838463661e-01,-6.986579386219973764e-02,6.583833181828779857e-02,-5.432384082903179978e-01,-5.268938055116402230e-01,-1.560027999519257302e-01,6.573374461154363191e-02,-2.720299056878302535e-01
1.003999999999999915e+01,5.000000000000000000e+00,-4.521734648148832747e+00,4.789221999137526220e-01,3.907408425973711630e+00,7.584913330990731284e-01,-7.609348552755988704e-02,1.035706586200078050e-01,-5.467335723306956385e-01,-5.257294962934123683e-01,-1.931030819233911788e-01,5.085705811225023354e-02,-2.963680950487259658e-01
1.006000000000000050e+01,5.000000000000000000e+00,-4.532710291283152948e+00,4.684168372405564940e-01,3.902740971796215597e+00,7.609288268286468204e-01,-8.149787808108832632e-02,1.390757890789195983e-01,-5.509462801980856694e-01,-5.248531945551186961e-01,-2.277656585196736194e-01,3.692966641768649638e-02,-3.175074536067816755e-01
1.008000000000000007e+01,5.000000000000000000e+00,-4.543776961119210256e+00,4.579262774110474665e-01,3.897758408936689900e+00,7.640543646622300900e-01,-8.608342080923508943e-02,1.723943167996146997e-01,-5.558282863369750082e-01,-5.242461142126908502e-01,-2.600413849398163779e-01,2.393158832522340046e-02,-3.354584615553699578e-01
1.009999999999999964e+01,5.000000000000000000e+00,-4.554947569642741279e+00,4.474453205279484425e-01,3.892502353828225292e+00,7.678245995006311997e-01,-8.986857235448295067e-02,2.035630398542700448e-01,-5.613323622958310555e-01,-5.238898688061132125e-01,-2.899811163828626137e-01,1.184284263223201253e-02,-3.502868551833278055e-01
1.011999999999999922e+01,5.000000000000000000e+00,-4.566234094441501412e+00,4.369691304269422427e-01,3.887013342666169713e+00,7.721968862564008163e-01,-9.288355661500877214e-02,2.326157551151801783e-01,-5.674122967271024720e-01,-5.237664714994225701e-01,-3.176357080478556805e-01,6.434481360833110928e-04,-3.621053246990107444e-01
1.014000000000000057e+01,5.000000000000000000e+00,-4.577647599047329763e+00,4.264932266841904851e-01,3.881330419631266793e+00,7.771292297052385667e-01,-9.516807787855086076e-02,2.595840262965083411e-01,-5.740228953872185125e-01,-5.238583350807084482e-01,-3.430560151338388208e-01,-9.686576365851667231e-03,-3.710648545390563546e-01
1.016000000000000014e+01,5.000000000000000000e+00,-4.589198253278230055e+00,4.160134766238520188e-01,3.875490801188071543e+00,7.825802473082613675e-01,-9.676909489208523896e-02,2.844979032629488813e-01,-5.811199811365896917e-01,-5.241482719621128883e-01,-3.662928928398554440e-01,-1.916721207620191228e-02,-3.773461128364339889e-01
1.017999999999999972e+01,5.000000000000000000e+00,-4.600895353580462199e+00,4.055260873256027465e-01,3.869529614529013894e+00,7.885091458357562644e-01,-9.773873029426313752e-02,3.073865760632514821e-01,-5.886603939396067853e-01,-5.246194941798302258e-01,-3.873971963649486816e-01,-2.781844019759640435e-02,-3.811512236113538954e-01
1.019999999999999929e+01,5.000000000000000000e+00,-4.612747343370606323e+00,3.950275976321537263e-01,3.863479706169194117e+00,7.948757103507910760e-01,-9.813236961246714352e-02,3.282789527920719763e-01,-5.966019908646418290e-01,-5.252556133941078675e-01,-4.064197809081618318e-01,-3.566024193266413567e-02,-3.826961765295872064e-01
1.022000000000000064e+01,5.000000000000000000e+00,-4.624761833377652565e+00,3.845148701567712712e-01,3.857371515133817041e+00,8.016403039474393477e-01,-9.800698407166030801e-02,3.472041554841247546e-01,-6.049036460840476748e-01,-5.260406408892455143e-01,-4.234115016685381372e-01,-4.271259848403405335e-02,-3.822040512387059330e-01
1.024000000000000021e+01,5.000000000000000000e+00,-4.636945621985081978e+00,3.739850832907943845e-01,3.851233004101774160e+00,8.087638765701564703e-01,-9.741969443345856183e-02,3.641919326122291523e-01,-6.135252508741579902e-01,-5.269589875735954942e-01,-4.384232138451210070e-01,-4.899549105433517737e-02,-3.798991613531668698e-01
1.025999999999999979e+01,5.000000000000000000e+00,-4.649304715572935898e+00,3.634357232111553038e-01,3.845089641234523903e+00,8.162079812519281719e-01,-9.642657921716284164e-02,3.792729903000022773e-01,-6.224277136152873702e-01,-5.279954639795626514e-01,-4.515057726369537394e-01,-5.452890084619649996e-02,-3.760021605393534250e-01
1.027999999999999936e+01,5.000000000000000000e+00,-4.661844348859904841e+00,3.528645758878968253e-01,3.838964425171999206e+00,8.239347961821562594e-01,-9.508171989939917523e-02,3.924792470539451017e-01,-6.315729597917314475e-01,-5.291352802636045682e-01,-4.627100332430793550e-01,-5.933280906224692314e-02,-3.707261017735416497e-01
1.030000000000000071e+01,5.000000000000000000e+00,-4.674569005245405862e+00,3.422697190916925147e-01,3.832877945750787774e+00,8.319071511340861980e-01,-9.343646781499041765e-02,4.038440187100817980e-01,-6.409239319917660049e-01,-5.303640462062311212e-01,-4.720868508625413185e-01,-6.342719690511545994e-02,-3.642734013355888867e-01
1.032000000000000028e+01,5.000000000000000000e+00,-4.687482437151658132e+00,3.316495144013651974e-01,3.826848473325288769e+00,8.400885569305600598e-01,-9.153891215630563516e-02,4.134021414631732227e-01,-6.504445899076488624e-01,-5.316677712120053689e-01,-4.796870806943828724e-01,-6.683204557743116503e-02,-3.568336310681650136e-01
1.033999999999999986e+01,5.000000000000000000e+00,-4.700587686365769180e+00,3.210025992114058369e-01,3.820892070083041325e+00,8.484432367926126872e-01,-8.943352531155293605e-02,4.211900414088241007e-01,-6.600999103356176567e-01,-5.330328643095423313e-01,-4.855615779376475372e-01,-6.956733628182297513e-02,-3.485820447676013512e-01
1.035999999999999943e+01,5.000000000000000000e+00,-4.713887104381811355e+00,3.103278787394928573e-01,3.815022717379633832e+00,8.569361585869126330e-01,-8.716096040297401093e-02,4.272457591004688027e-01,-6.698558871758913957e-01,-5.344461341515099884e-01,-4.897611977913782222e-01,-7.165305022091982001e-02,-3.396787357362089921e-01
1.038000000000000078e+01,5.000000000000000000e+00,-4.727382372742892969e+00,2.996245180340099679e-01,3.809252453823180229e+00,8.655330671566316969e-01,-8.475797590502873180e-02,4.316089373199751833e-01,-6.796795314326696813e-01,-5.358947890146281701e-01,-4.923367954546184477e-01,-7.310916859735076823e-02,-3.302683207841121127e-01
1.040000000000000036e+01,5.000000000000000000e+00,-4.741074523383259631e+00,2.888919339815668175e-01,3.803591519569065493e+00,8.742005160797121643e-01,-8.225746329010465152e-02,4.343207796937313958e-01,-6.895388712141331533e-01,-5.373664367996704438e-01,-4.933392261264114009e-01,-7.395567261374473567e-02,-3.204800495853246667e-01
1.041999999999999993e+01,5.000000000000000000e+00,-4.754963958970347626e+00,2.781297873145167077e-01,3.798048503007552146e+00,8.829058983443806019e-01,-7.968855545296535392e-02,4.354239870477769614e-01,-6.994029517324431566e-01,-5.388490850314618941e-01,-4.928193450058002134e-01,-7.421254347273072149e-02,-3.104282456619795183e-01
1.043999999999999950e+01,5.000000000000000000e+00,-4.769050473246887023e+00,2.673379746184761929e-01,3.792630486714038796e+00,8.916174755616228520e-01,-7.707679593686143915e-02,4.349626775659878319e-01,-7.092418353037426293e-01,-5.403311408588810094e-01,-4.908280072918282944e-01,-7.389976237693769712e-02,-3.002129949973713630e-01
1.046000000000000085e+01,5.000000000000000000e+00,-4.783333271372960382e+00,2.565166203398431266e-01,3.787343190166179596e+00,9.003044054470202839e-01,-7.444435150194725348e-02,4.329822959555436057e-01,-7.190266013481541041e-01,-5.418014110548582396e-01,-4.874160681835390529e-01,-7.303731052899466170e-02,-2.899210092173791220e-01
1.048000000000000043e+01,5.000000000000000000e+00,-4.797810990268103204e+00,2.456660687933168441e-01,3.782191107302738775e+00,9.089367673998449693e-01,-7.181025316405816039e-02,4.295295159812759778e-01,-7.287293463897824841e-01,-5.432491020163772166e-01,-4.826343828799756208e-01,-7.164516913153061439e-02,-2.796266015409267780e-01
1.050000000000000000e+01,5.000000000000000000e+00,-4.812481718953363519e+00,2.347868761694162365e-01,3.777177637500408913e+00,9.174855860862709545e-01,-6.919065335572960329e-02,4.246521399371943062e-01,-7.383231840567118232e-01,-5.446638197644736445e-01,-4.765338065801812961e-01,-6.974331938717445722e-02,-2.693927246326430769e-01
1.051999999999999957e+01,5.000000000000000000e+00,-4.827343018893397009e+00,2.238798025419987958e-01,3.772305208975768043e+00,9.259228529973323463e-01,-6.659908922695836897e-02,4.183989979002653570e-01,-7.477822450810083232e-01,-5.460355699442357436e-01,-4.691651944831993215e-01,-6.735174249855524486e-02,-2.592720296532673996e-01
1.053999999999999915e+01,5.000000000000000000e+00,-4.842391944338537257e+00,2.129458038757800487e-01,3.767575393982223630e+00,9.342215460022812445e-01,-6.404674424937607802e-02,4.108198489689662836e-01,-7.570816772987188914e-01,-5.473547578248049161e-01,-4.605794017880731617e-01,-6.449041966830197647e-02,-2.493079149277558082e-01
1.056000000000000050e+01,5.000000000000000000e+00,-4.857625062666878435e+00,2.019860240338519908e-01,3.762989015470514342e+00,9.423556469560911975e-01,-6.154270218037623252e-02,4.019652861345726080e-01,-7.661976456498706956e-01,-5.486121882993745258e-01,-4.508272836938460038e-01,-6.117933209904362346e-02,-2.395355406057144976e-01
1.058000000000000007e+01,5.000000000000000000e+00,-4.873038474726357094e+00,1.910017867852021045e-01,3.758546245121875184e+00,9.503001574476647173e-01,-5.909418907111005370e-02,3.918866459608381092e-01,-7.751073321784719417e-01,-5.497990658851907853e-01,-4.399596953995609794e-01,-5.743846099340908784e-02,-2.299827924439220017e-01
1.059999999999999964e+01,5.000000000000000000e+00,-4.888627835176830416e+00,1.799945878122326537e-01,3.754246692851826328e+00,9.580311127945244642e-01,-5.670680036801166446e-02,3.806359238571346282e-01,-7.837889360325128729e-01,-5.509069947235525344e-01,-4.280274921042614977e-01,-5.328778755402738959e-02,-2.206711834376889891e-01
1.061999999999999922e+01,5.000000000000000000e+00,-4.904388372832150900e+00,1.689660867182793680e-01,3.750089488026479678e+00,9.655255944019497383e-01,-5.438471127676491879e-02,3.682656954129903681e-01,-7.922216734639628832e-01,-5.519279785798110183e-01,-4.150815290069908570e-01,-4.874729298352756257e-02,-2.116166865544104880e-01
1.064000000000000057e+01,5.000000000000000000e+00,-4.920314911002254377e+00,1.579180990351302105e-01,3.746073352738828355e+00,9.727617406110441456e-01,-5.213086945265831690e-02,3.548290440082979558e-01,-8.003857778287728486e-01,-5.528544208433703311e-01,-4.011726613067920777e-01,-4.383695848453852961e-02,-2.028304953930604448e-01
1.066000000000000014e+01,5.000000000000000000e+00,-4.936401887835234703e+00,1.468525882305448116e-01,3.742196667566032975e+00,9.797187561622821006e-01,-4.994716977825454374e-02,3.403794947179541452e-01,-8.082624995868752382e-01,-5.536791245276868612e-01,-3.863517442027091242e-01,-3.857676525968931069e-02,-1.943197123334069465e-01
1.067999999999999972e+01,5.000000000000000000e+00,-4.952643376659421115e+00,1.357716577157729587e-01,3.738457530275867136e+00,9.863769203997619917e-01,-4.783461151573695225e-02,3.249709543817935753e-01,-8.158341063021823381e-01,-5.543952922702697350e-01,-3.706696328937842955e-01,-3.298669451160882865e-02,-1.860879657751559613e-01
1.069999999999999929e+01,5.000000000000000000e+00,-4.969033106325465354e+00,1.246775428530738083e-01,3.734853807976384221e+00,9.927175943375534661e-01,-4.579343850427482904e-02,3.086576576031418995e-01,-8.230838826425880272e-01,-5.549965263326804843e-01,-3.541771825790617778e-01,-2.708672744292617979e-02,-1.781359595208178992e-01
1.072000000000000064e+01,5.000000000000000000e+00,-4.985564481548416360e+00,1.135726029632349032e-01,3.731383183211960386e+00,9.987232267038878009e-01,-4.382326333768585269e-02,2.914941183638006805e-01,-8.299961303799665568e-01,-5.554768286005337119e-01,-3.369252484575845363e-01,-2.089684525627029041e-02,-1.704619583371144720e-01
1.074000000000000021e+01,5.000000000000000000e+00,-5.002230603249794072e+00,1.024593133330904959e-01,3.728043194504973457e+00,1.004377359072105902e+00,-4.192317662760183111e-02,2.735350868957340253e-01,-8.365561683901734380e-01,-5.558306005834957597e-01,-3.189646857283955361e-01,-1.443702915427005559e-02,-1.630622143358718135e-01
1.075999999999999979e+01,5.000000000000000000e+00,-5.019024288899685438e+00,9.134025722304150996e-02,3.724831271828700441e+00,1.009664630179716971e+00,-4.009184255251188600e-02,2.548355114221543261e-01,-8.427503326530445538e-01,-5.560526434152863740e-01,-3.003463495905382974e-01,-7.727260339554534348e-03,-1.559313391307295127e-01
1.077999999999999936e+01,5.000000000000000000e+00,-5.035938092858803117e+00,8.021811787457373832e-02,3.721744767476244498e+00,1.014570779528991773e+00,-3.832758193086030496e-02,2.354505043696093480e-01,-8.485659762523973804e-01,-5.561381578536773729e-01,-2.811210952430559518e-01,-7.875200147526748799e-04,-1.490626268216425909e-01
1.080000000000000071e+01,5.000000000000000000e+00,-5.052964326720585930e+00,6.909567051777694424e-02,3.718780982764604559e+00,1.019082650354501407e+00,-3.662844405141996856e-02,2.154353126537351670e-01,-8.539914693760297659e-01,-5.560827442804934240e-01,-2.613397778849921860e-01,6.362210617506486136e-03,-1.424483327937173527e-01
1.082000000000000028e+01,5.000000000000000000e+00,-5.070095079653261116e+00,5.797577437886397567e-02,3.715937190984110572e+00,1.023188192035141553e+00,-3.499226845845913869e-02,1.948452916515677202e-01,-8.590161993157201525e-01,-5.558824027016115998e-01,-2.410532527153897986e-01,1.370195035459404950e-02,-1.360799131379335780e-01
1.083999999999999986e+01,5.000000000000000000e+00,-5.087322238741937674e+00,4.686136468768965779e-02,3.713210656972756762e+00,1.026876462020563929e+00,-3.341673783248724078e-02,1.737358824893462383e-01,-8.636305704672287975e-01,-5.555335327469617113e-01,-2.203123749332927261e-01,2.121171799388084367e-02,-1.299482292466729028e-01
1.085999999999999943e+01,5.000000000000000000e+00,-5.104637509330673062e+00,3.575544468526950515e-02,3.710598653663542468e+00,1.030137627334715367e+00,-3.189942303727824613e-02,1.521625922961469257e-01,-8.678260043302955529e-01,-5.550329336705260852e-01,-1.991679997377434064e-01,2.887153233273814096e-02,-1.240437218362304556e-01
1.088000000000000078e+01,5.000000000000000000e+00,-5.122032435364561209e+00,2.466107763129895408e-02,3.708098475921523640e+00,1.032962965712409753e+00,-3.043782132640864002e-02,1.301809770957937928e-01,-8.715949395086425300e-01,-5.543778043503392317e-01,-1.776709823277854150e-01,3.666141216853686935e-02,-1.183565583243353231e-01
1.090000000000000036e+01,5.000000000000000000e+00,-5.139498419731814316e+00,1.358137881167232643e-02,3.705707451956582243e+00,1.035344866418547394e+00,-2.902938862223728919e-02,1.078466270347924194e-01,-8.749308317099715460e-01,-5.535657432884891760e-01,-1.558721779024624110e-01,4.456137629864799499e-02,-1.128767571600931968e-01
1.091999999999999993e+01,5.000000000000000000e+00,-5.157026744605834878e+00,2.519507546001567566e-03,3.703422952568195203e+00,1.037276830793801397e+00,-2.767156670046316130e-02,8.521515366838627870e-02,-8.778281537459654560e-01,-5.525947486111155715e-01,-1.338224416608171929e-01,5.255144352044255340e-02,-1.075942923790906142e-01
1.093999999999999950e+01,5.000000000000000000e+00,-5.174608591787300149e+00,-8.521340804864743074e-03,3.701242398450181437e+00,1.038753472565282721e+00,-2.636180603653565102e-02,6.234217905148398131e-02,-8.802823955322890415e-01,-5.514632180684110319e-01,-1.115726288018933227e-01,6.061163263129161483e-02,-1.024991813463956292e-01
1.096000000000000085e+01,5.000000000000000000e+00,-5.192235063046235943e+00,-1.953794283132228443e-02,3.699163265756507446e+00,1.039770517955860729e+00,-2.509758499792873881e-02,3.928332640448672919e-02,-8.822900640885862344e-01,-5.501699490346210197e-01,-8.917359452473411219e-02,6.872196242856608295e-02,-9.758155836073929834e-02
1.098000000000000043e+01,5.000000000000000000e+00,-5.209897200464108202e+00,-3.052705506749231468e-02,3.697183090103971281e+00,1.040324805621462456e+00,-2.387642599971093876e-02,1.609421214648776299e-02,-8.838486835384833373e-01,-5.487141385080429590e-01,-6.667619402838262377e-02,7.686245170963713902e-02,-9.283173652796886111e-02
1.100000000000000000e+01,5.000000000000000000e+00,-5.227586006775893246e+00,-4.148542198370243350e-02,3.695299469163871642e+00,1.040414286441720293e+00,-2.269590918058445733e-02,-7.169560890961435007e-03,-8.849567951095871354e-01,-5.470953831110275667e-01,-4.413128251188225271e-02,8.501311927187567286e-02,-8.824026007295701635e-02
1.101999999999999957e+01,5.000000000000000000e+00,-5.245292465712155128e+00,-5.240978397896787350e-02,3.693510063972626600e+00,1.040038023185823945e+00,-2.155368410293401898e-02,-3.045240923634651153e-02,-8.856139571334844529e-01,-5.453136790899777431e-01,-2.158971517427629369e-02,9.315398391265275468e-02,-8.379794904734259864e-02
1.103999999999999915e+01,5.000000000000000000e+00,-5.263007562341130985e+00,-6.329688537347234745e-02,3.691812599070652734e+00,1.039196190072266379e+00,-2.044747993347350787e-02,-5.369877368712039356e-02,-8.858207450457445953e-01,-5.433694223153489045e-01,8.976527853920722097e-04,1.012650644293394409e-01,-7.949593820567403546e-02
1.106000000000000050e+01,5.000000000000000000e+00,-5.280722303410813723e+00,-7.414348240104934318e-02,3.690204861559552629e+00,1.037890072238338846e+00,-1.937511452068199289e-02,-7.685312348800366067e-02,-8.855787513859154636e-01,-5.412634082816489833e-01,2.327996616807933780e-02,1.093263796193066212e-01,-7.532571166399712470e-02
1.108000000000000007e+01,5.000000000000000000e+00,-5.298427737691022266e+00,-8.494635120166291187e-02,3.688684699149711310e+00,1.036122065132746295e+00,-1.833450275111728894e-02,-9.985995989718787769e-02,-8.848905857975279954e-01,-5.389968321074387614e-01,4.550636977474253886e-02,1.173179482799254492e-01,-7.127913482145219193e-02
1.109999999999999964e+01,5.000000000000000000e+00,-5.316114976315485130e+00,-9.570229581388892126e-02,3.687250017253657752e+00,1.033895673842451401e+00,-1.732366453853438973e-02,-1.226638192461066978e-01,-8.837598750280929449e-01,-5.365712885353317585e-01,6.752600840633812829e-02,1.252197892085668840e-01,-6.734848491550718408e-02
1.112000000000000099e+01,5.000000000000000000e+00,-5.333775213123925774e+00,-1.064081561673959897e-01,3.685898775164881069e+00,1.031215512362901876e+00,-1.634073277707942182e-02,-1.452092755854827999e-01,-8.821912629291018826e-01,-5.339887719319934556e-01,8.928802686382295017e-02,1.330119212026019404e-01,-6.352648149322677462e-02
1.114000000000000057e+01,5.000000000000000000e+00,-5.351399745004131958e+00,-1.170608160754265797e-01,3.684628981347167986e+00,1.028087302819032045e+00,-1.538396157218173410e-02,-1.674409430003507282e-01,-8.801904104560277498e-01,-5.312516762881426269e-01,1.107415699481538174e-01,1.406743630594016747e-01,-5.980631801244641610e-02
1.116000000000000014e+01,5.000000000000000000e+00,-5.368979992234045540e+00,-1.276572112272779669e-01,3.683438687845797865e+00,1.024517874642888016e+00,-1.445173504955789799e-02,-1.893034776663959917e-01,-8.777639956683237488e-01,-5.283627952185498966e-01,1.318357824602872097e-01,1.481871335763370601e-01,-5.618169573559979313e-02
1.117999999999999972e+01,5.000000000000000000e+00,-5.386507518823834495e+00,-1.381943371807836940e-01,3.682325983819110693e+00,1.020515163712376383e+00,-1.354257703332907917e-02,-2.107415797111862332e-01,-8.749197137294245641e-01,-5.253253219620390713e-01,1.525198092011797735e-01,1.555302515507790695e-01,-5.264686104269142991e-02
1.119999999999999929e+01,5.000000000000000000e+00,-5.403974052857975607e+00,-1.486692573547939433e-01,3.681288988176941945e+00,1.016088211454440726e+00,-1.265516187789725820e-02,-2.316999949354539012e-01,-8.716662769067452521e-01,-5.221428493814862515e-01,1.727427949717887934e-01,1.626837357800988981e-01,-4.919664726559551393e-02
1.122000000000000064e+01,5.000000000000000000e+00,-5.421371506837331822e+00,-1.590791110216570603e-01,3.680325841301269385e+00,1.011247163914957836e+00,-1.178832673406002111e-02,-2.521235164419692865e-01,-8.680134145716817962e-01,-5.188193699638200540e-01,1.924538845730704162e-01,1.696276050616673525e-01,-4.582652213010599690e-02
1.124000000000000021e+01,5.000000000000000000e+00,-5.438691998021239371e+00,-1.694211212997004945e-01,3.679434695814104206e+00,1.006003270796761884e+00,-1.094108552684105659e-02,-2.719569862120287951e-01,-8.639718731996114398e-01,-5.153592758200220558e-01,2.116022228059818988e-01,1.763418781928556833e-01,-4.253264188094825482e-02
1.125999999999999979e+01,5.000000000000000000e+00,-5.455927868769575362e+00,-1.796926031457119488e-01,3.678613706348318413e+00,1.000368884466476871e+00,-1.011264491943851367e-02,-2.911452966627265937e-01,-8.595534163698920205e-01,-5.117673586851259060e-01,2.301369544714793047e-01,1.828065739710346693e-01,-3.931191315347330739e-02
1.127999999999999936e+01,5.000000000000000000e+00,-5.473071706884849341e+00,-1.898909713474201399e-01,3.677861018268812732e+00,9.943574589302530686e-01,-9.302422533039950148e-03,-3.096333922104506087e-01,-8.547708247658619696e-01,-5.080488099182183248e-01,2.480072243705198631e-01,1.890017111935755056e-01,-3.616206363812507485e-02
1.130000000000000071e+01,5.000000000000000000e+00,-5.490116365954273547e+00,-2.000137485159761974e-01,3.677174755284425167e+00,9.879835487780584957e-01,-8.510067684189572684e-03,-3.273662708591906778e-01,-8.496378961748412006e-01,-5.042092205024379936e-01,2.651621773040599983e-01,1.949073086578491099e-01,-3.308172255287206848e-02
1.132000000000000028e+01,5.000000000000000000e+00,-5.507054985691848259e+00,-2.100585730784344518e-01,3.676553005885504710e+00,9.812628080958852861e-01,-7.735484887672049517e-03,-3.442889858238373790e-01,-8.441694454881298881e-01,-5.002545810449768870e-01,2.815509580730566896e-01,2.005033851612265938e-01,-3.007051188587494747e-02
1.133999999999999986e+01,5.000000000000000000e+00,-5.523881012280440039e+00,-2.200232072702336950e-01,3.675993808538462471e+00,9.742119893451052226e-01,-6.978860350768784603e-03,-3.603466471905392154e-01,-8.383813047010093555e-01,-4.961912817770791628e-01,2.971227114784664725e-01,2.057699595010788474e-01,-2.712914928509890800e-02
1.135999999999999943e+01,5.000000000000000000e+00,-5.540588218713858204e+00,-2.299055451276780238e-01,3.675495135567347305e+00,9.668489422082640061e-01,-6.240691650927062718e-03,-3.754844236064407426e-01,-8.322903229127421865e-01,-4.920261125540414948e-01,3.118265823212461041e-01,2.106870504747769268e-01,-2.425956334045255638e-02
1.138000000000000078e+01,5.000000000000000000e+00,-5.557170725138941059e+00,-2.397036204804181281e-01,3.675054875654074849e+00,9.591926124008470778e-01,-5.521820739383259680e-03,-3.896475439803737117e-01,-8.259143663265706703e-01,-4.877662628552132396e-01,3.256117154023522309e-01,2.152346768796919441e-01,-2.146502181185885524e-02
1.140000000000000036e+01,5.000000000000000000e+00,-5.573623019197626149e+00,-2.494156149439319958e-01,3.674670814894091198e+00,9.512630404490488578e-01,-4.823470343364653391e-03,-4.027812991638093365e-01,-8.192723182497194667e-01,-4.834193217839964918e-01,3.384272555227418322e-01,2.193928575131948444e-01,-1.875027308500648235e-02
1.141999999999999993e+01,5.000000000000000000e+00,-5.589939976369043606e+00,-2.590398659120063396e-01,3.674340616353767075e+00,9.430813604342950240e-01,-4.147283743619270199e-03,-4.148310435678794761e-01,-8.123840790933929412e-01,-4.789932780678458069e-01,3.502223474833712213e-01,2.231416111726566565e-01,-1.612170076381373024e-02
1.143999999999999950e+01,5.000000000000000000e+00,-5.606116880311577511e+00,-2.685748745492175793e-01,3.674061798090649589e+00,9.346697987063340429e-01,-3.495367775806384504e-03,-4.257421966554808535e-01,-8.052705663727767194e-01,-4.744965200582680342e-01,3.609461360851975997e-01,2.264609566554484088e-01,-1.358749081000171222e-02
1.146000000000000085e+01,5.000000000000000000e+00,-5.622149443204962793e+00,-2.780193137834126027e-01,3.673831709618991415e+00,9.260516725680753014e-01,-2.870338736531937926e-03,-4.354602442299011500e-01,-7.979537147070372427e-01,-4.699378357308230947e-01,3.705477661291772806e-01,2.293309127589410468e-01,-1.115780998762313375e-02
1.148000000000000043e+01,5.000000000000000000e+00,-5.638033826092355483e+00,-2.873720362981900811e-01,3.673647506831980714e+00,9.172513889371377571e-01,-2.275370659643897314e-03,-4.439307394199651924e-01,-7.904564758193222129e-01,-4.653264126851233140e-01,3.789763824162672434e-01,2.317314982805057655e-01,-8.844993533215533138e-03
1.150000000000000000e+01,5.000000000000000000e+00,-5.653766659222413615e+00,-2.966320825253815907e-01,3.673506125430252567e+00,9.082944429912771511e-01,-1.714245157479087154e-03,-4.510993032389798429e-01,-7.828028185367595926e-01,-4.606718381448333122e-01,3.861811297474240789e-01,2.336427320175133993e-01,-6.663738918025920686e-03
1.151999999999999957e+01,5.000000000000000000e+00,-5.669345062391378143e+00,-3.057986886375322899e-01,3.673404252955117855e+00,8.992074168075789853e-01,-1.191401686708533922e-03,-4.569116245682778299e-01,-7.750177287904582712e-01,-4.559840989576706693e-01,3.921111529236044335e-01,2.350446327673350599e-01,-4.631301264978768956e-03
1.153999999999999915e+01,5.000000000000000000e+00,-5.684766665285151177e+00,-3.148712945403823738e-01,3.673338299586184963e+00,8.900179780085464287e-01,-7.119866915205320902e-04,-4.613134593879344436e-01,-7.671272096155086206e-01,-4.512735815954053153e-01,3.967155967457653420e-01,2.359172193273417761e-01,-2.767684399722135456e-03
1.156000000000000050e+01,5.000000000000000000e+00,-5.700029627821378675e+00,-3.238495518653480287e-01,3.673304367938285075e+00,8.807548784320609059e-01,-2.818995919552428047e-04,-4.642506290471253294e-01,-7.591582811509813844e-01,-4.465510721538600292e-01,3.999436060148633398e-01,2.362405104949045209e-01,-1.095819628464595082e-03
1.158000000000000007e+01,5.000000000000000000e+00,-5.715132660491524241e+00,-3.327333319620021101e-01,3.673298222183543515e+00,8.714479528466611002e-01,9.216698097306825035e-05,-4.656690173342958872e-01,-7.511389806399282332e-01,-4.418277563529096619e-01,4.017443255318550177e-01,2.359945250673943506e-01,3.582778667990158092e-04
1.159999999999999964e+01,5.000000000000000000e+00,-5.730075044702955367e+00,-3.415227338905558740e-01,3.673315256932417228e+00,8.621281177386894701e-01,4.026959476909151695e-04,-4.655145660768802429e-01,-7.430983624293816536e-01,-4.371152195364821913e-01,4.020669000976972440e-01,2.351592818421822106e-01,1.565387636379068480e-03
1.162000000000000099e+01,5.000000000000000000e+00,-5.744856653121019008e+00,-3.502180924143394325e-01,3.673350466433613626e+00,8.528273702035852333e-01,6.413275016127091815e-04,-4.637332689694595445e-01,-7.350664979703549484e-01,-4.324254466725578894e-01,4.008604745133465541e-01,2.337147996166391850e-01,2.493012981686804075e-03
1.164000000000000057e+01,5.000000000000000000e+00,-5.759477970011123382e+00,-3.588199859922830970e-01,3.673398414797447664e+00,8.435787869799107330e-01,7.988585217277124114e-04,-4.602711633031262295e-01,-7.270744758178426803e-01,-4.277708223531696552e-01,3.980741935797599829e-01,2.316410971881363023e-01,3.105378781982189723e-03
1.166000000000000014e+01,5.000000000000000000e+00,-5.773940111580813550e+00,-3.673292447713983888e-01,3.673453208109859869e+00,8.344165236714605749e-01,8.652652000943567099e-04,-4.550743192511497170e-01,-7.191544016308197840e-01,-4.231641307944029595e-01,3.936572020978939546e-01,2.289181933540445080e-01,3.363519595844975500e-03
1.167999999999999972e+01,5.000000000000000000e+00,-5.788244846321855874e+00,-3.757469585792588829e-01,3.673508469483280248e+00,8.253758142098651662e-01,8.297551735929987538e-04,-4.480888263569440255e-01,-7.113393981722424542e-01,-4.186185558363959558e-01,3.875586448687053931e-01,2.255261069117349138e-01,3.225482464606828706e-03
1.169999999999999929e+01,5.000000000000000000e+00,-5.802394615352315377e+00,-3.840744849164817731e-01,3.673557318282287376e+00,8.164929706171832891e-01,6.808561197087309664e-04,-4.392607768785445899e-01,-7.036636053090472576e-01,-4.141476809433392581e-01,3.797276666931510003e-01,2.214448566585785483e-01,2.646671428244064522e-03
1.172000000000000064e+01,5.000000000000000000e+00,-5.816392552758636647e+00,-3.923134569492083834e-01,3.673592354960967477e+00,8.078053831347229430e-01,4.065482591804509297e-04,-4.285362456733317060e-01,-6.961621800121524650e-01,-4.097654892034760521e-01,3.701134123721874225e-01,2.166544613919463291e-01,1.580362610607396329e-03
1.174000000000000021e+01,5.000000000000000000e+00,-5.830242505937720310e+00,-4.004657915015853997e-01,3.673605653146736483e+00,7.993515207902497366e-01,-5.551614052199179871e-06,-4.158612663623557637e-01,-6.888712963564560532e-01,-4.054863633291021507e-01,3.586650267067714726e-01,2.111349399092093404e-01,-2.158061827893572251e-05
1.175999999999999979e+01,5.000000000000000000e+00,-5.843949055939005710e+00,-4.085336970482460472e-01,3.673588760790760244e+00,7.911709324802290721e-01,-5.679472268860729332e-04,-4.011818036054890513e-01,-6.818281455208381470e-01,-4.013250856565659386e-01,3.453316544978595748e-01,2.048663110077384997e-01,-2.207763995928217239e-03
1.177999999999999936e+01,5.000000000000000000e+00,-5.857517537806550934e+00,-4.165196817067909896e-01,3.673532712363126951e+00,7.833042486460305431e-01,-1.292954583317122491e-03,-3.844437214493758859e-01,-6.750709357881587991e-01,-3.972968381462683163e-01,3.300624405464088751e-01,1.978285934849050021e-01,-5.026065320927487409e-03
1.180000000000000071e+01,5.000000000000000000e+00,-5.870954060921107498e+00,-4.244265612302693946e-01,3.673428054183001557e+00,7.757931836222535793e-01,-2.192323602734954757e-03,-3.655927478880904857e-01,-6.686388925452591003e-01,-3.934172023826629783e-01,3.128065296533757977e-01,1.900018061380797652e-01,-8.522165656174021317e-03
1.182000000000000028e+01,5.000000000000000000e+00,-5.884265529342208367e+00,-4.322574669996601671e-01,3.673264885018098447e+00,7.686805387305066795e-01,-3.276787513534896220e-03,-3.445744360046099075e-01,-6.625722582829612906e-01,-3.897021595742559130e-01,2.935130666197171556e-01,1.813659677646337343e-01,-1.273780074470447221e-02
1.183999999999999986e+01,5.000000000000000000e+00,-5.897459662150239090e+00,-4.400158540163526810e-01,3.673032914038716346e+00,7.620102061820694939e-01,-4.555541652427740063e-03,-3.213341223408541225e-01,-6.569122925960680925e-01,-3.861680905536059027e-01,2.721311962463896506e-01,1.719010971619380768e-01,-1.770873922778175291e-02
1.185999999999999943e+01,5.000000000000000000e+00,-5.910545013788523150e+00,-4.477055088946282346e-01,3.672721538042287737e+00,7.558271738368727011e-01,-6.035658314102706687e-03,-2.958168834706498274e-01,-6.517012721833637112e-01,-3.828317757773242458e-01,2.486100633343500677e-01,1.615872131273637380e-01,-2.346251353358294947e-02
1.188000000000000078e+01,5.000000000000000000e+00,-5.923530994405396655e+00,-4.553305578541405052e-01,3.672319939547757262e+00,7.501775308432431233e-01,-7.721450502028300369e-03,-2.679674921147920941e-01,-6.469824908476125014e-01,-3.797103953260747566e-01,2.228988126845550810e-01,1.504043344582817465e-01,-3.001595319222998340e-02
1.190000000000000036e+01,5.000000000000000000e+00,-5.936427890196295465e+00,-4.628954747123975033e-01,3.671817206870457539e+00,7.451084741522807642e-01,-9.613804698628240428e-03,-2.377303745232701715e-01,-6.428002594955600779e-01,-3.768215289045739325e-01,1.949465890979613647e-01,1.383324799520630477e-01,-3.737259823381943596e-02
1.191999999999999993e+01,5.000000000000000000e+00,-5.949246883745825443e+00,-4.704050888772415284e-01,3.671202476608779630e+00,7.406683158623126317e-01,-1.170951075996789700e-02,-2.050495712308553209e-01,-6.391999061379329827e-01,-3.741831558415906755e-01,1.647025373755260647e-01,1.253516684060789754e-01,-4.552010092636622068e-02
1.193999999999999950e+01,5.000000000000000000e+00,-5.962000074369850466e+00,-4.778645933393313450e-01,3.670465098095241352e+00,7.369064913030467512e-01,-1.400062517633676729e-02,-1.698687036336075096e-01,-6.362277758894384627e-01,-3.718136550899467374e-01,1.321158023182052166e-01,1.114419186177001142e-01,-5.442775524693892891e-02
1.196000000000000085e+01,5.000000000000000000e+00,-5.974700498457565345e+00,-4.852795526646221935e-01,3.669594818292356564e+00,7.338735677169681004e-01,-1.647391141225435299e-02,-1.321309490939661657e-01,-6.339312309687643587e-01,-3.697318052265161636e-01,9.713552872695581375e-02,9.658324938429767303e-02,-6.404432209001910403e-02
1.198000000000000043e+01,5.000000000000000000e+00,-5.987362149813581169e+00,-4.926559109868475228e-01,3.668581984373067151e+00,7.316212533392879580e-01,-1.911040681169707753e-02,-9.177902741239662987e-02,-6.323586506985799938e-01,-3.679567844522258491e-01,5.971086140273464127e-02,8.075567950324268052e-02,-7.429634042310119535e-02
1.200000000000000000e+01,6.000000000000000000e+00,-6.000000000000000000e+00,-5.000000000000000000e-01,3.667417759863979665e+00,7.302024066204723107e-01,-2.188516843981711674e-02,-6.559533062895894773e-02,-6.315594315055350627e-01,-3.665081705920550381e-01,1.979094514649837322e-02,6.393922777190585993e-02,-8.508712596230341707e-02
1.201999999999999957e+01,6.000000000000000000e+00,-6.012625242462251940e+00,-5.073178509514427725e-01,3.666461386342826145e+00,7.289974401141297022e-01,-1.193395689145613364e-02,-7.089518039580156028e-02,-6.308668956977578901e-01,-3.653001883460074151e-01,4.916724644798931010e-02,5.695987522299185424e-02,-4.639270540629451822e-02
1.203999999999999915e+01,6.000000000000000000e+00,-6.025230876509026778e+00,-5.146128979915332025e-01,3.666052840780916089e+00,7.273665994046403238e-01,-2.591355523286827112e-03,-9.159793858440679060e-02,-6.296044382680079377e-01,-3.642257833304730630e-01,7.678905469059101041e-02,5.057936057341322345e-02,-1.007331904266855691e-02
1.206000000000000050e+01,6.000000000000000000e+00,-6.037805852227556613e+00,-5.218876937549602468e-01,3.666156976098919884e+00,7.253335225707532308e-01,6.194512036452237171e-03,-1.111162110808727732e-01,-6.278067922366525888e-01,-3.632731074362949841e-01,1.026920539554368322e-01,4.478481894021026782e-02,2.408004380783048889e-02
1.208000000000000007e+01,6.000000000000000000e+00,-6.050339807228668043e+00,-5.291445564872067076e-01,3.666740825461546560e+00,7.229219509614054351e-01,1.446773575581724453e-02,-1.294479916908883865e-01,-6.255079769424345404e-01,-3.624305698519751928e-01,1.269119283236602169e-01,3.956338544042317662e-02,5.624390779475199609e-02
1.209999999999999964e+01,6.000000000000000000e+00,-6.062823052373144783e+00,-5.363855751905018954e-01,3.667773290869905889e+00,7.201556029031178641e-01,2.226538788114040823e-02,-1.465972047049568516e-01,-6.227412980424759104e-01,-3.616868370636749930e-01,1.494843618763944393e-01,3.490219519109226398e-02,8.656586179852258922e-02
1.211999999999999922e+01,6.000000000000000000e+00,-6.075246557498092947e+00,-5.436126147697751820e-01,3.669224863909911427e+00,7.170580627732072720e-01,2.961820084518054091e-02,-1.625729880627524437e-01,-6.195393475122744631e-01,-3.610308328552148116e-01,1.704450386947729823e-01,3.078838330925774691e-02,1.151675981364300716e-01
1.214000000000000057e+01,6.000000000000000000e+00,-6.087601937143321429e+00,-5.508273211786086643e-01,3.671067375034666735e+00,7.136526833806074999e-01,3.655116373932988660e-02,-1.773890706972167663e-01,-6.159340036457063849e-01,-3.604517383080744208e-01,1.898296428599291485e-01,2.720908491195990486e-02,1.421475208656738654e-01
1.216000000000000014e+01,6.000000000000000000e+00,-6.099881436277693858e+00,-5.580311265651909380e-01,3.673273768267580675e+00,7.099624999453185703e-01,4.308404705878553925e-02,-1.910632279928812238e-01,-6.119564310550248409e-01,-3.599389918013927714e-01,2.076738584529963516e-01,2.415143511623899300e-02,1.675829928372996325e-01
1.217999999999999972e+01,6.000000000000000000e+00,-6.112077916025497437e+00,-5.652252544182690963e-01,3.675817898667087746e+00,7.060101542608923086e-01,4.923186525364852545e-02,-2.036168018495843057e-01,-6.076370806708598638e-01,-3.594822890119676040e-01,2.240133695551080328e-01,2.160256903913524915e-02,1.915322819620537131e-01
1.219999999999999929e+01,6.000000000000000000e+00,-6.124184839392827762e+00,-5.724107247131036136e-01,3.678674350296161411e+00,7.018178278713353979e-01,5.500528612506008774e-02,-2.150742739699680328e-01,-6.030056897422193529e-01,-3.590715829142562820e-01,2.388838602473974670e-01,1.954962179768893193e-02,2.140362591627410771e-01
1.222000000000000064e+01,6.000000000000000000e+00,-6.136196256993935449e+00,-5.795883590574208988e-01,3.681818272793799807e+00,6.974071833020932809e-01,6.041099544156487006e-02,-2.254628827674558522e-01,-5.980912818364885197e-01,-3.586970837803753476e-01,2.523210146109980401e-01,1.797972850894030000e-02,2.351198935744223673e-01
1.224000000000000021e+01,6.000000000000000000e+00,-6.148106792777606522e+00,-5.867587858373655152e-01,3.685225234955185947e+00,6.927993125606369818e-01,6.545202441035047336e-02,-2.348122757858170928e-01,-5.929221668394296652e-01,-3.583492591801002991e-01,2.643605167270431933e-01,1.688002428992961546e-02,2.547935845689617285e-01
1.225999999999999979e+01,6.000000000000000000e+00,-6.159911629753526796e+00,-5.939224453634546208e-01,3.688871093995978345e+00,6.880146922706608104e-01,7.012804687845204665e-02,-2.431541907887933007e-01,-5.875259409551828460e-01,-3.580188339808662579e-01,2.750380506766663680e-01,1.623764425769712305e-02,2.730543649812716689e-01
1.227999999999999936e+01,6.000000000000000000e+00,-6.171606495718644503e+00,-6.010795950165305213e-01,3.692731879407717965e+00,6.830731449290854407e-01,7.443565239485484819e-02,-2.505221597605000738e-01,-5.819294867062649868e-01,-3.576967903477670241e-01,2.843893005410007557e-01,1.603972352928309530e-02,2.898870053681520398e-01
1.230000000000000071e+01,6.000000000000000000e+00,-6.183187648983546225e+00,-6.082303143937140000e-01,3.696783690508869569e+00,6.779938058802403855e-01,7.836860055557047511e-02,-2.569512309931276661e-01,-5.761589729335704346e-01,-3.573743677435558541e-01,2.924499504011797146e-01,1.627339722172778738e-02,3.052650451182095104e-01
1.232000000000000028e+01,6.000000000000000000e+00,-6.194651864098819516e+00,-6.153745104543574262e-01,3.701002606962461527e+00,6.727950956893600232e-01,8.191806139133045450e-02,-2.624777052563658231e-01,-5.702398547963711817e-01,-3.570430629286452384e-01,2.992556843383369358e-01,1.692580045207143016e-02,3.191517726507384634e-01
1.233999999999999986e+01,6.000000000000000000e+00,-6.205996417581419067e+00,-6.225119226659983074e-01,3.705364611669339947e+00,6.674946976699859258e-01,8.507284594771437336e-02,-2.671388827673766286e-01,-5.641968737723163096e-01,-3.566946299611067350e-01,3.048421864336056664e-01,1.798406833735429616e-02,3.315011737077918075e-01
1.235999999999999943e+01,6.000000000000000000e+00,-6.217219073641038207e+00,-6.296421281503119527e-01,3.709845525558106427e+00,6.621095403786652067e-01,8.781963065394525481e-02,-2.709728183294046744e-01,-5.580540576574321010e-01,-3.563210801966713026e-01,3.092451407681191533e-01,1.943533599461664055e-02,3.422588637896252228e-01
1.238000000000000078e+01,6.000000000000000000e+00,-6.228318069906470633e+00,-6.367645468290646926e-01,3.714420953881191867e+00,6.566557849368094280e-01,9.014317858178937104e-02,-2.740180825964699807e-01,-5.518347205661224830e-01,-3.559146822887287454e-01,3.125002314230108658e-01,2.126673854089871502e-02,3.513630180589694119e-01
1.240000000000000036e+01,6.000000000000000000e+00,-6.239292103151988123e+00,-6.438784465700674309e-01,3.719066243693401663e+00,6.511488170748062076e-01,9.202656026216868290e-02,-2.763135279620030360e-01,-5.455614629311683617e-01,-3.554679621883283236e-01,3.146431424794142728e-01,2.346541109324078514e-02,3.587453095101373890e-01
1.241999999999999993e+01,6.000000000000000000e+00,-6.250140315023696935e+00,-6.509829483331289746e-01,3.723756452236828718e+00,6.456032438183295641e-01,9.345137635627505379e-02,-2.778980580694643265e-01,-5.392561715037281767e-01,-3.549737031441784207e-01,3.157095580184624550e-01,2.601848876868307139e-02,3.643318638457648806e-01
1.243999999999999950e+01,6.000000000000000000e+00,-6.260862277765912864e+00,-6.580770313160081431e-01,3.728466325986449892e+00,6.400328947520278478e-01,9.439798417190937985e-02,-2.788104004073073128e-01,-5.329400193533380126e-01,-3.544249457026466543e-01,3.157351621212889925e-01,2.891310668426589486e-02,3.680442373213670404e-01
1.246000000000000085e+01,6.000000000000000000e+00,-6.271457979947524741e+00,-6.651595381003683194e-01,3.733170290126266444e+00,6.344508278020368763e-01,9.484572977547015005e-02,-2.790888818832755192e-01,-5.266334658679104885e-01,-3.538149877077598204e-01,3.147556388690273543e-01,3.213639995702945867e-02,3.698004218115307218e-01
1.248000000000000043e+01,6.000000000000000000e+00,-6.281927812188366822e+00,-6.722291797977298922e-01,3.737842448228817727e+00,6.288693394766966538e-01,9.477318727514340291e-02,-2.787712076757351554e-01,-5.203562567537365346e-01,-3.531373843012039493e-01,3.128066723428108431e-01,3.567550370401402493e-02,3.695158795359643200e-01
1.250000000000000000e+01,6.000000000000000000e+00,-6.292272552885576076e+00,-6.792845411954236967e-01,3.742456591903751573e+00,6.232999794950077055e-01,9.415840673894856905e-02,-2.778942440319482898e-01,-5.141274240354836156e-01,-3.523859479223242497e-01,3.099239466237728724e-01,3.951755304225986615e-02,3.671046082792577270e-01
1.251999999999999957e+01,6.000000000000000000e+00,-6.302493353939974341e+00,-6.863240859025435681e-01,3.746986220166309778e+00,6.177535697154189487e-01,9.297917215692637349e-02,-2.764938060233284034e-01,-5.079652860561968408e-01,-3.515547483081248870e-01,3.061431457930466893e-01,4.364968308880724096e-02,3.624802365679593019e-01
1.253999999999999915e+01,6.000000000000000000e+00,-6.312591726482422061e+00,-6.933461614959003372e-01,3.751404568256621275e+00,6.122402272540747870e-01,9.121327085070282670e-02,-2.746044515756072002e-01,-5.018874474772987426e-01,-3.506381124932695936e-01,3.014999539317657629e-01,4.805902896069638719e-02,3.555571471545183049e-01
1.256000000000000050e+01,6.000000000000000000e+00,-6.322569526600197776e+00,-7.003490046659750501e-01,3.755684645618043049e+00,6.067693916523942965e-01,8.883877576202947601e-02,-2.722592833635282261e-01,-4.959107992785889429e-01,-3.496306248100811698e-01,2.960300551210635067e-01,5.273272577496753571e-02,3.462516263167714770e-01
1.258000000000000007e+01,6.000000000000000000e+00,-6.332428941063350081e+00,-7.073307463628705216e-01,3.759799282719848534e+00,6.013498559195334936e-01,8.583434209545948157e-02,-2.694897603931583063e-01,-4.900515187582446530e-01,-3.485271268885414275e-01,2.897691334420732789e-01,5.765790864866097987e-02,3.344830359224800764e-01
1.259999999999999964e+01,6.000000000000000000e+00,-6.342172473051086889e+00,-7.142894169422677741e-01,3.763721186388478745e+00,5.959898012366682263e-01,8.217951982392712740e-02,-2.663255212889357182e-01,-4.843250695328202848e-01,-3.473227176562915797e-01,2.827528729759283821e-01,6.282171269881697828e-02,3.201750049271306353e-01
1.261999999999999922e+01,6.000000000000000000e+00,-6.351802927878124727e+00,-7.212229513113755930e-01,3.767423003294214201e+00,5.906968350679763224e-01,7.785508355832103378e-02,-2.627942214532605902e-01,-4.787462015372476731e-01,-3.460127533386320176e-01,2.750169578037623408e-01,6.821127304247578960e-02,3.032566369506247694e-01
1.264000000000000057e+01,6.000000000000000000e+00,-6.361323398721060229e+00,-7.281291940748861879e-01,3.770877391228023345e+00,5.854780323785374607e-01,7.284338119573298409e-02,-2.589213863742685362e-01,-4.733289510248357423e-01,-3.445928474585222556e-01,2.665970720067083466e-01,7.381372479667766551e-02,2.836637307775109473e-01
1.266000000000000014e+01,6.000000000000000000e+00,-6.370737252344746082e+00,-7.350059046809270802e-01,3.774057097797364868e+00,5.803399796130054300e-01,6.712870255296818356e-02,-2.547302834205318334e-01,-4.680866405672710062e-01,-3.430588708365809314e-01,2.575288996659000906e-01,7.961620307846280220e-02,2.613400109894520873e-01
1.267999999999999972e+01,6.000000000000000000e+00,-6.380048114828647421e+00,-7.418507625670150984e-01,3.776935046170343924e+00,5.752888210417164139e-01,6.069766881490788052e-02,-2.502418144807947442e-01,-4.630318790546172902e-01,-3.414069515910862496e-01,2.478481248624705424e-01,8.560584300487157627e-02,2.362383663909749798e-01
1.269999999999999929e+01,6.000000000000000000e+00,-6.389259857293215106e+00,-7.486613723060089320e-01,3.779484427504438138e+00,5.703303070337738534e-01,5.353964303212704196e-02,-2.454744317817301180e-01,-4.581765616953154541e-01,-3.396334751379750938e-01,2.375904316775533931e-01,9.176977969294411452e-02,2.083220943341378140e-01
1.272000000000000064e+01,6.000000000000000000e+00,-6.398376581626258996e+00,-7.554352687520634602e-01,3.781678799708000582e+00,5.654698437704468450e-01,4.564716104061829899e-02,-2.404440791500004337e-01,-4.535318700161843353e-01,-3.377350841908438595e-01,2.267915041922821118e-01,9.809514825972071028e-02,1.775661493710842531e-01
1.274000000000000021e+01,6.000000000000000000e+00,-6.407402606209296358e+00,-7.621699221865806395e-01,3.783492192198101289e+00,5.607125438677736939e-01,3.701638100605237486e-02,-2.351641608765930869e-01,-4.491082718624191950e-01,-3.357086787609480649e-01,2.154870264877896402e-01,1.045690838222416846e-01,1.439583947381969375e-01
1.275999999999999979e+01,6.000000000000000000e+00,-6.416342451643943789e+00,-7.688627434641651659e-01,3.784899216334298711e+00,5.560632773353832992e-01,2.764754828474089154e-02,-2.296455401948271913e-01,-4.449155213975932721e-01,-3.335514161572022962e-01,2.037126826452096418e-01,1.111787214975472338e-01,1.075008548653281493e-01
1.277999999999999936e+01,6.000000000000000000e+00,-6.425200826478267402e+00,-7.755110891585761390e-01,3.785875181221395991e+00,5.515267222599807839e-01,1.754547043125892491e-02,-2.238965691979419859e-01,-4.409626591036570620e-01,-3.312607109861805954e-01,1.915041567456753357e-01,1.179111964026776510e-01,6.821096626959045894e-02
1.280000000000000071e+01,6.000000000000000000e+00,-6.433982612933160539e+00,-7.821122667086815028e-01,3.786396214580991071e+00,5.471074145674653666e-01,6.719994983695343031e-03,-2.179231518003934553e-01,-4.372580117809383715e-01,-3.288342351521161278e-01,1.788971328703204966e-01,1.247536436546731464e-01,2.612282270208761067e-02
1.282000000000000028e+01,6.000000000000000000e+00,-6.442692852628701061e+00,-7.886635395644093771e-01,3.786439388387240257e+00,5.428097961879648770e-01,-4.813519826859184031e-03,-2.117288410882878225e-01,-4.338091925481421529e-01,-3.262699178569009595e-01,1.659272951002779828e-01,1.316931983705740272e-01,-1.871159185064623365e-02
1.283999999999999986e+01,6.000000000000000000e+00,-6.451336732310529953e+00,-7.951621323327030533e-01,3.785982848941707779e+00,5.386382609239340757e-01,-1.703375396951868626e-02,-2.053149721079847723e-01,-4.306231008423510587e-01,-3.235659456000869461e-01,1.526303275166817353e-01,1.387169956674204063e-01,-6.622119184329496033e-02
1.285999999999999943e+01,6.000000000000000000e+00,-6.459919569576209497e+00,-8.016052359234731028e-01,3.785005951020421033e+00,5.345971973036456326e-01,-2.991300935175175008e-02,-1.986808308049230476e-01,-4.277059224190244424e-01,-3.207207621788843444e-01,1.390419142006646125e-01,1.458121706622527436e-01,-1.163146141163215880e-01
1.288000000000000078e+01,6.000000000000000000e+00,-6.468446798601595660e+00,-8.079900126955510409e-01,3.783489395658371279e+00,5.306910276917369274e-01,-4.341684620051636245e-02,-1.918238594449430678e-01,-4.250631293519996912e-01,-3.177330686881632560e-01,1.251977392333601113e-01,1.529658584721112491e-01,-1.688790956806171806e-01
1.290000000000000036e+01,6.000000000000000000e+00,-6.476923955867209592e+00,-8.143136016026425450e-01,3.781415371038117534e+00,5.269242429258478300e-01,-5.750379202929203210e-02,-1.847398984223058704e-01,-4.226994800334911151e-01,-3.146018235204527946e-01,1.111334866959018397e-01,1.601651942140360774e-01,-2.237794297598677540e-01
1.291999999999999993e+01,6.000000000000000000e+00,-6.485356665884593141e+00,-8.205731233392800084e-01,3.778767695816238170e+00,5.233014317548448924e-01,-7.212514457823863967e-02,-1.774234638775666895e-01,-4.206190191740904472e-01,-3.113262423659410860e-01,9.688484066942303075e-02,1.673973130050675218e-01,-2.808570310748526033e-01
1.293999999999999950e+01,6.000000000000000000e+00,-6.493750626922690117e+00,-8.267656854867765359e-01,3.775531964051663358e+00,5.198273043707453134e-01,-8.722489055279859793e-02,-1.698680600089890191e-01,-4.188250778027667875e-01,-3.079057982124757675e-01,8.248748523505700092e-02,1.746493499622458756e-01,-3.399291484074801750e-01
1.296000000000000085e+01,6.000000000000000000e+00,-6.502111596734200027e+00,-8.328883876591786084e-01,3.771695690692593139e+00,5.165067093544850607e-01,-1.027397611284020934e-01,-1.620665243584085147e-01,-4.173202732668663817e-01,-3.043402213455633221e-01,6.797710447393735811e-02,1.819084402026113212e-01,-4.007882696856766014e-01
1.298000000000000043e+01,6.000000000000000000e+00,-6.510445378281965567e+00,-8.389383266492197455e-01,3.767248456335225093e+00,5.133446433964088396e-01,-1.185994428031521275e-01,-1.540114036839064227e-01,-4.161065092321132308e-01,-3.006294993483696887e-01,5.338938246719716202e-02,1.891617188432042074e-01,-4.632017717366916920e-01
1.300000000000000000e+01,6.000000000000000000e+00,-6.518757805465316579e+00,-8.449126015742730589e-01,3.762182049691769059e+00,5.103462532071288971e-01,-1.347269581365930780e-01,-1.456953572972530253e-01,-4.151849756826084259e-01,-2.967738771017200405e-01,3.876000329597006910e-02,1.963963210010647442e-01,-5.269118729105356502e-01
1.301999999999999957e+01,6.000000000000000000e+00,-6.527054728846450438e+00,-8.508083190223048042e-01,3.756490605904256430e+00,5.075168291045187852e-01,-1.510392252266632707e-01,-1.371115839476448883e-01,-4.145561489208302031e-01,-2.927738567840983963e-01,2.412465104138932989e-02,2.035993817932332250e-01,-5.916359513226152611e-01
1.303999999999999915e+01,6.000000000000000000e+00,-6.535342001376801768e+00,-8.566225981978274895e-01,3.750170738524732705e+00,5.048617898492232525e-01,-1.674477976422832637e-01,-1.282542674858984100e-01,-4.142197915676343323e-01,-2.886301978716483418e-01,9.519009784588337159e-03,2.107580363367498322e-01,-6.570672937735366759e-01
1.306000000000000050e+01,6.000000000000000000e+00,-6.543625464123404178e+00,-8.623525760678533159e-01,3.743221662665378702e+00,5.023866584050826756e-01,-1.838597783294812493e-01,-1.191190356618303525e-01,-4.141749525622538952e-01,-2.843439171381724750e-01,-5.021236393299477289e-03,2.178594197486549144e-01,-7.228763397026416460e-01
1.308000000000000007e+01,6.000000000000000000e+00,-6.551910931995258203e+00,-8.679954125078467309e-01,3.735645306521140352e+00,5.000970284227499452e-01,-2.001788923032463419e-01,-1.097034255167859129e-01,-4.144199671622993408e-01,-2.799162886551325724e-01,-1.946040341114084818e-02,2.248906671459885986e-01,-7.887124800610424424e-01
1.309999999999999964e+01,6.000000000000000000e+00,-6.560204179469701025e+00,-8.735482954476784245e-01,3.727446408203030526e+00,4.979985213844113634e-01,-2.163066944133901492e-01,-1.000073479690222200e-01,-4.149524569437583743e-01,-2.753488437916498666e-01,-3.376280718780227952e-02,2.318389136457912614e-01,-8.542064620732423563e-01
1.312000000000000099e+01,6.000000000000000000e+00,-6.568510926318775311e+00,-8.790084460175777714e-01,3.718632594615174813e+00,4.960967345039889453e-01,-2.321438808737397164e-01,-9.003354339292712893e-02,-4.157693298009960126e-01,-2.706433712145042136e-01,-4.789276364215038634e-02,2.386912943651031127e-01,-9.189734369843224338e-01
1.314000000000000057e+01,6.000000000000000000e+00,-6.576836823335594495e+00,-8.843731236940866047e-01,3.709214438987383566e+00,4.943971796486942294e-01,-2.475916672752770942e-01,-7.978801931563239691e-02,-4.168667799467546953e-01,-2.658019168881353700e-01,-6.181458869305198056e-02,2.454349444209643905e-01,-9.826166688128427085e-01
1.316000000000000014e+01,6.000000000000000000e+00,-6.585187438060706278e+00,-8.896396314460116583e-01,3.699205493661871458e+00,4.929052137313637560e-01,-2.625531920358126214e-01,-6.928046085303485313e-02,-4.182402879121541184e-01,-2.608267840746417709e-01,-7.549259825937337798e-02,2.520569989304153879e-01,-1.044731897954200628e+00
1.317999999999999972e+01,6.000000000000000000e+00,-6.593568240508471234e+00,-8.948053208803792291e-01,3.688622294850507188e+00,4.916259612145728597e-01,-2.769349030232189368e-01,-5.852460423959726654e-02,-4.198846205466915671e-01,-2.557205333337812525e-01,-8.889110825998133847e-02,2.585445930104962597e-01,-1.104912324750147556e+00
1.319999999999999929e+01,6.000000000000000000e+00,-6.601984588893416550e+00,-8.998675973883860646e-01,3.677484336346568572e+00,4.905642295617798632e-01,-2.906478865058440553e-01,-4.753856383110921513e-02,-4.217938310182411943e-01,-2.504859825229708292e-01,-1.019744346137426705e-01,2.648848617782474935e-01,-1.162754145900741332e+00
1.322000000000000064e+01,6.000000000000000000e+00,-6.610441715356617287e+00,-9.048239252913549135e-01,3.665814009605401491e+00,4.897244186613284311e-01,-3.036091014274244215e-01,-3.634510332730123139e-02,-4.239612588130547421e-01,-2.451262067972866110e-01,-1.147068932395236829e-01,2.710649403507090494e-01,-1.217862542404732906e+00
1.324000000000000021e+01,6.000000000000000000e+00,-6.618944711692053673e+00,-9.096718329866859687e-01,3.653636508206457911e+00,4.891104254286877673e-01,-3.157424878166178450e-01,-2.497184271012464762e-02,-4.263795297357613756e-01,-2.396445386094640806e-01,-1.270528000561913229e-01,2.770719638449214428e-01,-1.269857983613336572e+00
1.325999999999999979e+01,6.000000000000000000e+00,-6.627498515072983487e+00,-9.144089180938111960e-01,3.640979695469697131e+00,4.887255449529234186e-01,-3.269799252817407464e-01,-1.345139354391911013e-02,-4.290405559093674048e-01,-2.340445677098977884e-01,-1.389764709826118161e-01,2.828930673779246896e-01,-1.318382680389989847e+00
1.327999999999999936e+01,6.000000000000000000e+00,-6.636107893778307343e+00,-9.190328526001467768e-01,3.627873934905732511e+00,4.885723696869310739e-01,-3.372620252787746353e-01,-1.821416832598288238e-03,-4.319355357752566182e-01,-2.283301411466415465e-01,-1.504422219376521652e-01,2.885153860667593051e-01,-1.363106993916378240e+00
1.330000000000000071e+01,6.000000000000000000e+00,-6.644777432918936633e+00,-9.235413880070464376e-01,3.614351884202837706e+00,4.886526882796194959e-01,-3.465387484561967546e-01,9.875400454044225285e-03,-4.350549540931900605e-01,-2.225053632654082625e-01,-1.614143688401786791e-01,2.939260550284653051e-01,-1.403735587987290367e+00
1.332000000000000028e+01,6.000000000000000000e+00,-6.653511520164165027e+00,-9.279323604757551136e-01,3.600448254555214778e+00,4.889673857050929051e-01,-3.547698452568510685e-01,2.159145184726618538e-02,-4.383885819413061435e-01,-2.165745957095701890e-01,-1.718572276090582218e-01,2.991122093800830939e-01,-1.440013104022806800e+00
1.333999999999999986e+01,6.000000000000000000e+00,-6.662314331468030204e+00,-9.322036959733615014e-01,3.586199538265996800e+00,4.895163463535101567e-01,-3.619251236463226218e-01,3.327440005460680084e-02,-4.419254767161205910e-01,-2.105424574201585908e-01,-1.817351141631572131e-01,3.040609842386529094e-01,-1.471729141257242413e+00
1.335999999999999943e+01,6.000000000000000000e+00,-6.671189816795681793e+00,-9.363534154187516112e-01,3.571643708658818639e+00,4.902983617072771416e-01,-3.679845520935787762e-01,4.486744450157509334e-02,-4.456539821325263828e-01,-2.044138246358641331e-01,-1.910123444213424337e-01,3.087595147212149338e-01,-1.498722340577945955e+00
1.338000000000000078e+01,6.000000000000000000e+00,-6.680141685849759092e+00,-9.403796398285619862e-01,3.556819897343564296e+00,4.913110441335731826e-01,-3.729382087125757694e-01,5.630966186006070018e-02,-4.495617282237939216e-01,-1.981938308930364379e-01,-1.996532343024803868e-01,3.131949359448094605e-01,-1.520883399205801734e+00
1.340000000000000036e+01,6.000000000000000000e+00,-6.689173393796739475e+00,-9.442805954631322551e-01,3.541768054746647909e+00,4.925507481816797095e-01,-3.767860889221752441e-01,6.753641130237220125e-02,-4.536356313415709773e-01,-1.918878670256845553e-01,-2.076220997254378253e-01,3.173543830264768384e-01,-1.538156883648730267e+00
1.341999999999999993e+01,6.000000000000000000e+00,-6.698288126993327651e+00,-9.480546189724596839e-01,3.526528600481456888e+00,4.940125005856679796e-01,-3.795377843692921416e-01,7.847979412926164855e-02,-4.578618941558826316e-01,-1.855015811654767144e-01,-2.148832566090811969e-01,3.212249910832571387e-01,-1.550541757862441195e+00
1.343999999999999950e+01,6.000000000000000000e+00,-6.707488788712804073e+00,-9.517001625421506183e-01,3.511142070558508355e+00,4.956899399468501222e-01,-3.812120455381550754e-01,8.906915574170071181e-02,-4.622260056551312779e-01,-1.790408787417399616e-01,-2.214010208722772266e-01,3.247938952321907102e-01,-1.558090599153448608e+00
1.346000000000000085e+01,6.000000000000000000e+00,-6.716777984871407092e+00,-9.552157990393750353e-01,3.495648768589858957e+00,4.975752668153360925e-01,-3.818362398093242960e-01,9.923161675423486372e-02,-4.667127411460964548e-01,-1.725119224814610774e-01,-2.271397084338924732e-01,3.280482305903178464e-01,-1.560907532267198583e+00
1.348000000000000043e+01,6.000000000000000000e+00,-6.726158009754690248e+00,-9.586002271588192070e-01,3.480088428017630076e+00,4.996592046170196810e-01,-3.814457160771841382e-01,1.088926194464523434e-01,-4.713061622539355122e-01,-1.659211324092857154e-01,-2.320636352127937452e-01,3.309751322746787849e-01,-1.559144968271219733e+00
1.350000000000000000e+01,6.000000000000000000e+00,-6.735630831743896429e+00,-9.618522765686385867e-01,3.464499891999254455e+00,5.019309715931941085e-01,-3.800830866533951857e-01,1.179764757417860466e-01,-4.759896169221826678e-01,-1.592751858475187354e-01,-2.361371171278474346e-01,3.335617354023137637e-01,-1.552999285369555338e+00
1.351999999999999957e+01,6.000000000000000000e+00,-6.745198079042322270e+00,-9.649709130564119164e-01,3.448920816936511091e+00,5.043782636466910274e-01,-3.777974372460409236e-01,1.264069034738195541e-01,-4.807457394127495065e-01,-1.525810174161243704e-01,-2.393244700979202111e-01,3.357951750902630206e-01,-1.542705630306303366e+00
1.353999999999999915e+01,6.000000000000000000e+00,-6.754861025401685204e+00,-9.679552436750928912e-01,3.433387404780915197e+00,5.069872477321467619e-01,-3.746434763675093871e-01,1.341075387956038867e-01,-4.855564503059253134e-01,-1.458458190327258375e-01,-2.415900100418788277e-01,3.376625864555668488e-01,-1.528532049022596873e+00
1.356000000000000050e+01,6.000000000000000000e+00,-6.764620575848497630e+00,-9.708045218889654882e-01,3.417934168235296610e+00,5.097425651985152406e-01,-3.706806365361267064e-01,1.410024141222976368e-01,-4.904029565003764080e-01,-1.390770399126057266e-01,-2.428980528785898152e-01,3.391511046152655973e-01,-1.510773172274574305e+00
1.358000000000000007e+01,6.000000000000000000e+00,-6.774477252410418870e+00,-9.735181527195946316e-01,3.402593731858398751e+00,5.126273442970388228e-01,-3.659721409505214962e-01,1.470163928617580495e-01,-4.952657512131464213e-01,-1.322823865687056677e-01,-2.432129145269196768e-01,3.402478646863992817e-01,-1.489743685690046116e+00
1.359999999999999964e+01,6.000000000000000000e+00,-6.784431179842643544e+00,-9.760956978917818549e-01,3.387396670926299258e+00,5.156232209129854027e-01,-3.605840507171359510e-01,1.520755542606782029e-01,-5.001246139796564627e-01,-1.254698228116265801e-01,-2.424989109057352210e-01,3.409400017860083620e-01,-1.465771805010762874e+00
1.362000000000000099e+01,6.000000000000000000e+00,-6.794482071354250863e+00,-9.785368809795162992e-01,3.372371388769592748e+00,5.187103664674660441e-01,-3.545843089515919311e-01,1.561075238503022433e-01,-5.049586106537048424e-01,-1.186475697496285203e-01,-2.407203579339029509e-01,3.412146510311329095e-01,-1.439192957718397503e+00
1.364000000000000057e+01,6.000000000000000000e+00,-6.804629214334585896e+00,-9.808415925519298195e-01,3.357544032240549647e+00,5.218675218669976967e-01,-3.480417989076488028e-01,1.590417470983815917e-01,-5.097460934074673489e-01,-1.118241057886308620e-01,-2.378415715302895084e-01,3.410589475388133840e-01,-1.410343844217704978e+00
1.366000000000000014e+01,6.000000000000000000e+00,-6.814871456079614198e+00,-9.830098953192483169e-01,3.342938444012801824e+00,5.250720363514012057e-01,-3.410254335040433515e-01,1.608097058616078101e-01,-5.144647007314969711e-01,-1.050081666322120189e-01,-2.338268676137615354e-01,3.404600264260898568e-01,-1.379557017958195075e+00
1.367999999999999972e+01,6.000000000000000000e+00,-6.825207189518303075e+00,-9.850420292787465115e-01,3.328576149609366208e+00,5.282999101014618226e-01,-3.336032930755535864e-01,1.613450790030519499e-01,-5.190913574347241211e-01,-9.820874528160974948e-02,-2.286405621031856739e-01,3.394050228100026767e-01,-1.347156087100126243e+00
1.369999999999999929e+01,6.000000000000000000e+00,-6.835634338938976207e+00,-9.869384168607000518e-01,3.314476376413133973e+00,5.315258395115231016e-01,-3.258418268088415504e-01,1.605838500354117571e-01,-5.236022746444564113e-01,-9.143509203572078303e-02,-2.222469709174285102e-01,3.378810718075922481e-01,-1.313451603173771742e+00
1.372000000000000064e+01,6.000000000000000000e+00,-6.846150345715691365e+00,-9.886996680743397325e-01,3.300656101446049373e+00,5.347232641028782929e-01,-3.178051311633174891e-01,1.584643658402598021e-01,-5.279729498063792104e-01,-8.469671449110124928e-02,-2.146104099753567418e-01,3.358753085358985313e-01,-1.278737666867342915e+00
1.374000000000000021e+01,6.000000000000000000e+00,-6.856752154034602142e+00,-9.903265856538034928e-01,3.287130124407606768e+00,5.378644141451337513e-01,-3.095543157312344862e-01,1.549273513861280094e-01,-5.321781666845544212e-01,-7.800337754196645657e-02,-2.056951951958368718e-01,3.333748681119619861e-01,-1.243289249328520807e+00
1.375999999999999979e+01,6.000000000000000000e+00,-6.867436196620327671e+00,-9.918201702040903012e-01,3.273911162330068514e+00,5.409203581583232889e-01,-3.011469636325233568e-01,1.499158859330425031e-01,-5.361919953614221468e-01,-7.136510338019080857e-02,-1.954656424977354867e-01,3.303668856528227948e-01,-1.207360200338785550e+00
1.377999999999999936e+01,6.000000000000000000e+00,-6.878198380462318795e+00,-9.931816253470131528e-01,3.261009962220798641e+00,5.438610495824552915e-01,-2.926366898809254491e-01,1.433753464946683209e-01,-5.399877922377991357e-01,-6.479217149530794306e-02,-1.838860677999193394e-01,3.268384962755213063e-01,-1.171181893029527465e+00
1.380000000000000071e+01,6.000000000000000000e+00,-6.889034072541226905e+00,-9.944123628671526216e-01,3.248435428201092989e+00,5.466553720181099862e-01,-2.840727974222747587e-01,1.352533243659781448e-01,-5.435382000328798924e-01,-5.829511867451075274e-02,-1.709207870212549607e-01,3.227768350970976474e-01,-1.134962438569314225e+00
1.382000000000000028e+01,6.000000000000000000e+00,-6.899938085555271883e+00,-9.955140078578093021e-01,3.236194759893773920e+00,5.492711825570947282e-01,-2.755000269409918490e-01,1.254995203585842489e-01,-5.468151477842361219e-01,-5.188473900265124644e-02,-1.565341160806090204e-01,3.181690372345920004e-01,-1.098886393168917452e+00
1.383999999999999986e+01,6.000000000000000000e+00,-6.910904663646607382e+00,-9.964884038669576949e-01,3.224293599136497601e+00,5.516753528324532807e-01,-2.669583932255015224e-01,1.140656240616539918e-01,-5.497898508478168411e-01,-4.557208386224066710e-02,-1.406903708968481048e-01,3.130022378050448251e-01,-1.063114873219805689e+00
1.385999999999999943e+01,6.000000000000000000e+00,-6.921927468127691441e+00,-9.973376180431992033e-01,3.212736182483653113e+00,5.538338075195607946e-01,-2.584830979905433090e-01,1.009051820088284757e-01,-5.524328108979483787e-01,-3.936846193344944317e-02,-1.233538673888388976e-01,3.072635719254963038e-01,-1.027785991585716596e+00
1.388000000000000078e+01,6.000000000000000000e+00,-6.932999563207649096e+00,-9.980639462817146867e-01,3.201525497389215769e+00,5.557115601128064242e-01,-2.501045066223541724e-01,8.597345912130371914e-02,-5.547138159273344860e-01,-3.328543919410720947e-02,-1.044889214754479573e-01,3.009401747129867299e-01,-9.930155280607735335e-01
1.390000000000000036e+01,6.000000000000000000e+00,-6.944113401718649214e+00,-9.986699183702191229e-01,3.190663440421859676e+00,5.572727458844131121e-01,-2.418481743215744884e-01,6.922729725188148109e-02,-5.566019402470562261e-01,-2.733483891970277593e-02,-8.405984907554188423e-02,2.940191812845561747e-01,-9.588977487841362501e-01
1.391999999999999993e+01,6.000000000000000000e+00,-6.955260810842260000e+00,-9.991583031349129396e-01,3.180150976342379199e+00,5.584806520028816612e-01,-2.337349054818211591e-01,5.062497410417599042e-02,-5.580655444865718628e-01,-2.152874168338422128e-02,-6.203096610798760485e-02,2.864877267572452646e-01,-9.255062919305557800e-01
1.393999999999999950e+01,6.000000000000000000e+00,-6.966432977835824936e+00,-9.995321135864364548e-01,3.169988297367151819e+00,5.592977448485800807e-01,-2.257808287087521015e-01,3.012606527115124777e-02,-5.590722755937171939e-01,-1.587948535595862243e-02,-3.836658849165123369e-02,2.783329462480938488e-01,-8.928950392376607814e-01
1.396000000000000085e+01,6.000000000000000000e+00,-6.977620435758829842e+00,-9.997946120658229852e-01,3.160174982450306480e+00,5.596856946137276356e-01,-2.179974684425101394e-01,7.691311646862430962e-03,-5.595890668347051067e-01,-1.039966510589245691e-02,-1.303103214539961391e-02,2.695419748741423871e-01,-8.610988938147298155e-01
1.398000000000000043e+01,6.000000000000000000e+00,-6.988813049199265492e+00,-9.999493153904513987e-01,3.150710156947654550e+00,5.596053973144546889e-01,-2.103917924173103471e-01,-1.671750596949550527e-02,-5.595821377941261332e-01,-5.102133399311316667e-03,1.401138701190062126e-02,2.601019477524311174e-01,-8.301343830529623879e-01
1.400000000000000000e+01,7.000000000000000000e+00,-7.000000000000000000e+00,-1.000000000000000000e+00,3.141592653589793116e+00,5.590169943749478954e-01,-2.029662118191840614e-01,-3.720499683196010210e-02,-5.590169943749478954e-01,0.000000000000000000e+00,4.279635306138285245e-02,2.500000000000002220e-01,-7.999999999999992673e-01
1.401999999999999957e+01,7.000000000000000000e+00,-7.011171323105170217e+00,-9.999485313669942421e-01,3.132241324561795270e+00,5.581171974411762715e-01,-2.210526806914484277e-01,-4.683825504174521370e-02,-5.580927946827730635e-01,5.219061483160364681e-03,4.955293172136623209e-02,2.716599514803972326e-01,-8.735665805631042113e-01
1.403999999999999915e+01,7.000000000000000000e+00,-7.022322839033686925e+00,-9.997884474960627710e-01,3.122105147384728774e+00,5.571434641732780912e-01,-2.381269623060907337e-01,-5.002219352691739118e-02,-5.570376763128964681e-01,1.085664952596027827e-02,5.588962936085863781e-02,2.918576229724524351e-01,-9.435661924195394290e-01
1.406000000000000050e+01,7.000000000000000000e+00,-7.033452012824786159e+00,-9.995116683252068812e-01,3.111227762130078123e+00,5.561163097000993982e-01,-2.542004948325635172e-01,-5.219018931614094470e-02,-5.558599523739695680e-01,1.688381654914273763e-02,6.181489715569761512e-02,3.106228165271489039e-01,-1.009994622987104185e+00
1.408000000000000007e+01,7.000000000000000000e+00,-7.044556474089645803e+00,-9.991106867836029304e-01,3.099652667498704162e+00,5.550558566006325023e-01,-2.692785080862707958e-01,-5.336595267832677791e-02,-5.545677669511273056e-01,2.327221101447039808e-02,6.733718628172072340e-02,3.279853341954697132e-01,-1.072814523523514252e+00
1.409999999999999964e+01,7.000000000000000000e+00,-7.055634013630908363e+00,-9.985785568707820081e-01,3.087423440765062033e+00,5.539816715929664070e-01,-2.833611276190644013e-01,-5.358105073807806207e-02,-5.531690951059873296e-01,2.999407742472558203e-02,7.246494791476554287e-02,3.439749780283980485e-01,-1.131960780829988744e+00
1.411999999999999922e+01,7.000000000000000000e+00,-7.066682580062217944e+00,-9.979088817358091612e-01,3.074583914935514084e+00,5.529126145711094065e-01,-2.964444827472139110e-01,-5.287429836130463912e-02,-5.516717428766508835e-01,3.702225632371025643e-02,7.720663323066959127e-02,3.586215500769169284e-01,-1.187346054079064128e+00
1.414000000000000057e+01,7.000000000000000000e+00,-7.077700276427738579e+00,-9.970958017564633957e-01,3.061178312592852890e+00,5.518666996585140927e-01,-3.085217978875662848e-01,-5.129115862300004380e-02,-5.500833472777024724e-01,4.433018429624609180e-02,8.157069340527045576e-02,3.719548523920097605e-01,-1.238866453978207272e+00
1.416000000000000014e+01,7.000000000000000000e+00,-7.088685356821700090e+00,-9.961339826184174573e-01,3.047251336264454213e+00,5.508609682261894624e-01,-3.195844495431603982e-01,-4.888314026167783766e-02,-5.484113763002100850e-01,5.189189396817436850e-02,8.556557961440572346e-02,3.840046870246593969e-01,-1.286407319462542498e+00
1.417999999999999972e+01,7.000000000000000000e+00,-7.099636223007904867e+00,-9.950186033944155017e-01,3.032848215624513788e+00,5.499113740480470192e-01,-3.296229736843129809e-01,-4.570718227638970177e-02,-5.466631289117240833e-01,5.968201400635608084e-02,8.919974303391287052e-02,3.948008560258491340e-01,-1.329849024775346500e+00
1.419999999999999929e+01,7.000000000000000000e+00,-7.110551421039281728e+00,-9.937453446234558729e-01,3.018014712416129175e+00,5.490326809351339099e-01,-3.386280103839168776e-01,-4.182501863928145269e-02,-5.448457350562787571e-01,6.767576911867184686e-02,9.248163483962953957e-02,4.043731614465618796e-01,-1.369072728909570102e+00
1.422000000000000064e+01,7.000000000000000000e+00,-7.121429637877405128e+00,-9.923103763899683294e-01,3.002797084640808301e+00,5.482383733024756012e-01,-3.465911745476699113e-01,-3.730251895012415275e-02,-5.429661556543917689e-01,7.584898005402193610e-02,9.541970620739317899e-02,4.127514053377807635e-01,-1.403965961692141162e+00
1.424000000000000021e+01,7.000000000000000000e+00,-7.132269698012022374e+00,-9.907103464029953788e-01,2.987242012286444037e+00,5.475405801771290326e-01,-3.535058435063816451e-01,-3.220900369633561411e-02,-5.410311826030638205e-01,8.417806360232632512e-02,9.802240831304145918e-02,4.199653897504890820e-01,-1.434427927916380296e+00
1.425999999999999979e+01,7.000000000000000000e+00,-7.143070560080581721e+00,-9.889423680753697266e-01,2.971396487617323334e+00,5.469500131546222166e-01,-3.593678541242119051e-01,-2.661653553272635975e-02,-5.390474387757786534e-01,9.264003259452466277e-02,1.002981923324119257e-01,4.260449167356701317e-01,-1.460374404239178858e+00
1.427999999999999936e+01,7.000000000000000000e+00,-7.153831313487773791e+00,-9.870040086028954995e-01,2.955307673793138079e+00,5.464759187558200226e-01,-3.641761039045356974e-01,-2.059919057206549553e-02,-5.370213780225034927e-01,1.012124959025761800e-01,1.022555094413420823e-01,4.310197883443066535e-01,-1.481742104048892728e+00
1.430000000000000071e+01,7.000000000000000000e+00,-7.164551175025044571e+00,-9.848932770435276929e-01,2.939022736277168590e+00,5.461260455317394902e-01,-3.679330523113885643e-01,-1.423231598976038015e-02,-5.349592851696888252e-01,1.098736584394598148e-01,1.039028108156694885e-01,4.349198066273818331e-01,-1.498492393667903988e+00
1.432000000000000028e+01,7.000000000000000000e+00,-7.175229485490143055e+00,-9.826086123965515062e-01,2.922588652095746919e+00,5.459066261162296430e-01,-3.706451201392572115e-01,-7.591782199449781388e-03,-5.328672760202685099e-01,1.186023211591742538e-01,1.052485476312317453e-01,4.377747736358789665e-01,-1.510614258987485803e+00
1.433999999999999986e+01,7.000000000000000000e+00,-7.185865706306636014e+00,-9.801488716817620128e-01,2.906052002483997310e+00,5.458223742437614545e-01,-3.723229862413875990e-01,-7.532393704927642375e-04,-5.307512973536592238e-01,1.273778810567377240e-01,1.063011710638664259e-01,4.396144914207812393e-01,-1.518126444235051498e+00
1.435999999999999943e+01,7.000000000000000000e+00,-7.196459416143444976e+00,-9.775133180186436066e-01,2.889458754765154236e+00,5.458764965414099057e-01,-3.729817822698756058e-01,6.208610932928237958e-03,-5.286171269257613492e-01,1.361803311681881179e-01,1.070691322894110342e-01,4.404687620330716147e-01,-1.521078712755479012e+00
1.438000000000000078e+01,7.000000000000000000e+00,-7.207010307534369886e+00,-9.747016087055487832e-01,2.872854039439905360e+00,5.460707186810784819e-01,-3.726411873113985584e-01,1.322071774686506274e-02,-5.264703734689578640e-01,1.449902605705830627e-01,1.075608824837031435e-01,4.403673875237332225e-01,-1.519552211673290909e+00
1.440000000000000036e+01,7.000000000000000000e+00,-7.217518183497631412e+00,-9.717137832988802515e-01,2.856281928396387393e+00,5.464053252512846015e-01,-3.713254254562836087e-01,2.021234518338310693e-02,-5.243164766921158959e-01,1.537888543819998788e-01,1.077848728225803410e-01,4.393401699437491370e-01,-1.513658955982142285e+00
1.441999999999999993e+01,7.000000000000000000e+00,-7.227982954155383943e+00,-9.685502516922679384e-01,2.839785219890694545e+00,5.468792124884137573e-01,-3.690631704574035554e-01,2.711568885830395459e-02,-5.221607072805851679e-01,1.625578937615352881e-01,1.077495544818801027e-01,4.374169113441025991e-01,-1.503540480733188245e+00
1.443999999999999950e+01,7.000000000000000000e+00,-7.238404633353261453e+00,-9.652117821957506560e-01,2.823405235503877897e+00,5.474899528056167419e-01,-3.658873627572875042e-01,3.386643484975770946e-02,-5.200081668961988868e-01,1.712797559093060529e-01,1.074633786374400851e-01,4.346274137757766276e-01,-1.489365740383398418e+00
1.446000000000000085e+01,7.000000000000000000e+00,-7.248783335279894047e+00,-9.616994896149536620e-01,2.807181633676965493e+00,5.482338698824039680e-01,-3.618349453124120041e-01,4.040425327715801984e-02,-5.178637881772736318e-01,1.799374140664483923e-01,1.069347964650977922e-01,4.310014792897543523e-01,-1.471328360106260558e+00
1.448000000000000043e+01,7.000000000000000000e+00,-7.259119271086446723e+00,-9.580148233302693273e-01,2.791152243691887413e+00,5.491061229367032448e-01,-3.569465258283420206e-01,4.667322040778998371e-02,-5.157323347386087997e-01,1.885144375151181773e-01,1.061722591406907973e-01,4.265689099370191251e-01,-1.449643363480579206e+00
1.450000000000000000e+01,7.000000000000000000e+00,-7.269412745506143025e+00,-9.541595553760376935e-01,2.775352923140961714e+00,5.501007986987155318e-01,-3.512659742193895429e-01,5.262216520827678323e-02,-5.136184011714874931e-01,1.969949915784909855e-01,1.051842178400566596e-01,4.213595077685539092e-01,-1.424543513523728322e+00
1.451999999999999957e+01,7.000000000000000000e+00,-7.279664153473794919e+00,-9.501357685197238112e-01,2.759817441051616971e+00,5.512110095450343250e-01,-3.448399652782309643e-01,5.820493834810136491e-02,-5.115264130436757428e-01,2.053638376207619909e-01,1.039791237390329248e-01,4.154030748353416125e-01,-1.396275409182943017e+00
1.453999999999999915e+01,7.000000000000000000e+00,-7.289873976745340656e+00,-9.459458443410998507e-01,2.744577387947332081e+00,5.524289962326395242e-01,-3.377174776196378292e-01,6.338060371891884870e-02,-5.094606268994231746e-01,2.136063330471462129e-01,1.025654280134571661e-01,4.087294131883656423e-01,-1.365095477377753497e+00
1.456000000000000050e+01,7.000000000000000000e+00,-7.300042780517363106e+00,-9.415924513114227734e-01,2.729662113268876311e+00,5.537462336937910568e-01,-3.299492608694087892e-01,6.811355445890399096e-02,-5.074251302594622315e-01,2.217084313038781285e-01,1.009515818391669428e-01,4.013683248786092950e-01,-1.331265992237835594e+00
1.458000000000000007e+01,7.000000000000000000e+00,-7.310171210046622292e+00,-9.370785328726141117e-01,2.715098689785279795e+00,5.551535384109957949e-01,-3.215872837217116920e-01,7.237355718306304198e-02,-5.054238416210089513e-01,2.296566818782119213e-01,9.914603639199981444e-02,3.933496119570552008e-01,-1.295051239429463097e+00
1.459999999999999964e+01,7.000000000000000000e+00,-7.320259987269596813e+00,-9.324072955164416365e-01,2.700911903918576495e+00,5.566411759811135118e-01,-3.126841758090018186e-01,7.613572955859559954e-02,-5.034605104577624113e-01,2.374382302984215376e-01,9.715724284779331255e-02,3.847030764746866560e-01,-1.256713925782565910e+00
1.461999999999999922e+01,7.000000000000000000e+00,-7.330309907421995952e+00,-9.275821968636963621e-01,2.687124270309459995e+00,5.581989675933395345e-01,-3.032926762595135051e-01,7.938045749079236657e-02,-5.015387172199050614e-01,2.450408181338004643e-01,9.499365238238501041e-02,3.754585204824871791e-01,-1.216511914292230268e+00
1.464000000000000057e+01,7.000000000000000000e+00,-7.340321835658300209e+00,-9.226069337433733253e-01,2.673756068474113956e+00,5.598163942807452553e-01,-2.934651013250017537e-01,8.209325898362962448e-02,-4.996618733341026686e-01,2.524527829946620061e-01,9.266371617161248131e-02,3.656457460314392893e-01,-1.174695343412964110e+00
1.466000000000000014e+01,7.000000000000000000e+00,-7.350296703671289400e+00,-9.174854302718512544e-01,2.660825399049541407e+00,5.614826979526849060e-01,-2.832528425444027498e-01,8.426460221566323128e-02,-4.978332212035041504e-01,2.596630585323390084e-01,9.017588539131328462e-02,3.552945551725265050e-01,-1.131504168687965439e+00
1.467999999999999972e+01,7.000000000000000000e+00,-7.360235506311567200e+00,-9.122218259320723499e-01,2.648348256892984143e+00,5.631869783693717046e-01,-2.727059055989109471e-01,8.588968554585107995e-02,-4.960558342077414640e-01,2.666611744391838568e-01,8.753861121732492423e-02,3.444347499567318449e-01,-1.087166145234982118e+00
1.469999999999999929e+01,7.000000000000000000e+00,-7.370139298207098122e+00,-9.068204636527205098e-01,2.636338618182394011e+00,5.649182853745189359e-01,-2.618724983728273337e-01,8.696818707044862151e-02,-4.943326167029300500e-01,2.734372564485689772e-01,8.476034482548507054e-02,3.330961324350384944e-01,-1.041895252256765048e+00
1.472000000000000064e+01,7.000000000000000000e+00,-7.380009190382738282e+00,-9.012858778874037746e-01,2.624808538647014355e+00,5.666657058521896717e-01,-2.507986748490838025e-01,8.750399103238670762e-02,-4.926663040216688882e-01,2.799820263348860583e-01,8.184953739163119968e-02,3.213085046584297499e-01,-9.958905460918832109e-01
1.474000000000000021e+01,7.000000000000000000e+00,-7.389846346879745731e+00,-8.956227826938301106e-01,2.613768260125079568e+00,5.684184450158146218e-01,-2.395280394413067115e-01,8.750489788621251819e-02,-4.910594624730394431e-01,2.862868019135466069e-01,7.881464009160082940e-02,3.091016686778881861e-01,-9.493354166426467566e-01
1.475999999999999979e+01,7.000000000000000000e+00,-7.399651981375341414e+00,-8.898360598129902987e-01,2.603226322783017910e+00,5.701659017676381502e-01,-2.281015143043093607e-01,8.698232419045659469e-02,-4.895144893426071064e-01,2.923434970409819478e-01,7.566410410123158847e-02,2.965054265443972659e-01,-9.023972133529231110e-01
1.477999999999999936e+01,7.000000000000000000e+00,-7.409427353802211513e+00,-8.839307467483360492e-01,2.593189680520840756e+00,5.718977379834327968e-01,-2.165571701768250756e-01,8.595099778223591613e-02,-4.880336128924201433e-01,2.981446216146427242e-01,7.240638059636098078e-02,2.835495803089400080e-01,-8.552272011168987609e-01
1.480000000000000071e+01,7.000000000000000000e+00,-7.419173766968057748e+00,-8.779120248449602260e-01,2.583663817315713818e+00,5.736039416789275869e-01,-2.049301194864006359e-01,8.442865292510859376e-02,-4.866188923610104688e-01,3.036832815729997304e-01,6.904992075282667674e-02,2.702639320224998754e-01,-8.079608033018991220e-01
1.482000000000000028e+01,7.000000000000000000e+00,-7.428892563175105934e+00,-8.717852073687750725e-01,2.574652862505614870e+00,5.752748841004373670e-01,-1.932524688600276153e-01,8.243572934710208244e-02,-4.852722179633925936e-01,3.089531788955427460e-01,6.560317574646608307e-02,2.566782837360595537e-01,-7.607180880991015748e-01
1.483999999999999986e+01,7.000000000000000000e+00,-7.438585120839656284e+00,-8.655557275856941013e-01,2.566159703274849324e+00,5.769013708528115680e-01,-1.815533268857955074e-01,7.999507832951380237e-02,-4.839953108910651780e-01,3.139486116027819795e-01,6.207459675311692571e-02,2.428224375006026725e-01,-7.136044552665894436e-01
1.485999999999999943e+01,7.000000000000000000e+00,-7.448252851111599071e+00,-8.592291268408095428e-01,2.558186092862534178e+00,5.784746872336178347e-01,-1.698588619871762573e-01,7.713167829178146917e-02,-4.827897233120090892e-01,3.186644737562466800e-01,5.847263494861659749e-02,2.287261953671117232e-01,-6.667114825835388503e-01
1.488000000000000078e+01,7.000000000000000000e+00,-7.457897194493948945e+00,-8.528110426375726805e-01,2.550732753265647634e+00,5.799866379844828002e-01,-1.581924046063398481e-01,7.387236165815025402e-02,-4.816568383706892331e-01,3.230962554584860813e-01,5.480574150880271334e-02,2.144193593865701408e-01,-6.201178945961060007e-01
1.490000000000000036e+01,7.000000000000000000e+00,-7.467519617462378356e+00,-8.463071967169747412e-01,2.543799471443601412e+00,5.814295816999439648e-01,-1.465745875303695878e-01,7.024555420005640372e-02,-4.805978701880536108e-01,3.272400428530691241e-01,5.108236760951286731e-02,1.999317316099611941e-01,-5.738906201471487556e-01
1.491999999999999993e+01,7.000000000000000000e+00,-7.477121609084739440e+00,-8.397233831367241219e-01,2.537385188247285317e+00,5.827964601524849853e-01,-1.350235181033180576e-01,6.628102752931930297e-02,-4.796138638615329852e-01,3.310925181245839566e-01,4.731096442658459106e-02,1.852931140882677352e-01,-5.280859094356891159e-01
1.493999999999999950e+01,7.000000000000000000e+00,-7.486704677640601879e+00,-8.330654563504278354e-01,2.531488079489461196e+00,5.840808228011167280e-01,-1.235549762060742934e-01,6.200966497269355671e-02,-4.787056954650421026e-01,3.346509594986391556e-01,4.349998313585546478e-02,1.705333088724731161e-01,-4.827504856949649814e-01
1.496000000000000085e+01,7.000000000000000000e+00,-7.496270347240770349e+00,-8.263393192867707349e-01,2.526105628744180986e+00,5.852768467513926876e-01,-1.121826322076372312e-01,5.746324068775798821e-02,-4.778740720489784710e-01,3.379132412418621723e-01,3.965787491316302010e-02,1.556821180135603833e-01,-4.379227108118090572e-01
1.498000000000000043e+01,7.000000000000000000e+00,-7.505820154446834813e+00,-8.195509114286947394e-01,2.521234691610456657e+00,5.863793524286271541e-01,-1.009182795466351257e-01,5.267421157999763182e-02,-4.771195316402229714e-01,3.408778336619006089e-01,3.579309093434479561e-02,1.407693435625126666e-01,-3.936337481874173094e-01
1.500000000000000000e+01,7.000000000000000000e+00,-7.515355644890678199e+00,-8.127061968925782809e-01,2.516871551300738474e+00,5.873838152145924862e-01,-8.977207714380398829e-02,4.767552134538632913e-02,-4.764424432421399125e-01,3.435438031074216636e-01,3.191408237523840619e-02,1.258247875703130125e-01,-3.499087097582811445e-01
1.501999999999999957e+01,7.000000000000000000e+00,-7.524878369894017816e+00,-8.058111525074168613e-01,2.513011965519327706e+00,5.882863732824425984e-01,-7.875279743203411620e-02,4.250041578815810794e-02,-4.758430068345765318e-01,3.459108119681119642e-01,2.802930041168137654e-02,1.108782520879446482e-01,-3.067677772920696100e-01
1.503999999999999915e+01,7.000000000000000000e+00,-7.534389883087933448e+00,-7.988717558940016117e-01,2.509651204681790482e+00,5.890838318461187884e-01,-6.786807638406329446e-02,3.718226844110539275e-02,-4.753212533738634393e-01,3.479791186746782894e-01,2.414719621951126605e-02,9.595953916639061998e-02,-2.642272908137737741e-01
1.506000000000000050e+01,7.000000000000000000e+00,-7.543891737032397238e+00,-7.918939735440991834e-01,2.506784081596036273e+00,5.897736640200866853e-01,-5.712466248937980717e-02,3.175441544221691004e-02,-4.748770447928145622e-01,3.497495776988462923e-01,2.027622097456565145e-02,8.109845085663411335e-02,-2.223007992936466004e-01
1.508000000000000007e+01,7.000000000000000000e+00,-7.553385479835799998e+00,-7.848837488996323053e-01,2.504404972781449690e+00,5.903540084638075891e-01,-4.652866215897409619e-02,2.624999858915622042e-02,-4.745100740007269779e-01,3.512236395533619993e-01,1.642482585268204356e-02,6.632478920965818869e-02,-1.810000705496575546e-01
1.509999999999999964e+01,7.000000000000000000e+00,-7.562872651774486421e+00,-7.778469904318575656e-01,2.502507831646862968e+00,5.908236639636529342e-01,-3.608577950360878500e-02,2.070181549787442066e-02,-4.742198648833812480e-01,3.524033507919910879e-01,1.260146202969806423e-02,5.166835627644605911e-02,-1.403360587052186470e-01
1.512000000000000099e+01,7.000000000000000000e+00,-7.572354781912276067e+00,-7.707895597205468574e-01,2.501086193783624179e+00,5.911820810837224993e-01,-2.580154882878620687e-02,1.514217582909971327e-02,-4.740057723030408621e-01,3.532913540095182769e-01,8.814580681451243335e-03,3.715895410798084053e-02,-1.003198285281342028e-01
1.514000000000000057e+01,7.000000000000000000e+00,-7.581833384720006563e+00,-7.637172595331657154e-01,2.500133174658950352e+00,5.914293509968170381e-01,-1.568155851346863389e-02,9.602762611793380643e-03,-4.738669820984526826e-01,3.538908878417484916e-01,5.072632983779095175e-03,2.282638475524546851e-02,-6.096343659455760733e-02
1.516000000000000014e+01,7.000000000000000000e+00,-7.591309956695048378e+00,-7.566358219040536515e-01,2.499641460019240924e+00,5.915661915881942345e-01,-5.731665190195073603e-03,4.114497783859860647e-03,-4.738025110848470001e-01,3.542057869655061975e-01,1.384070112519263270e-03,8.700450269223390307e-03,-2.228076951038984385e-02
1.517999999999999972e+01,7.000000000000000000e+00,-7.600785972980846239e+00,-7.495508962136032682e-01,2.499603289335081691e+00,5.915939309081714725e-01,4.041802674481195443e-03,-1.292588815163142613e-03,-4.738112070539369225e-01,3.542404820986354563e-01,-2.242656756490722051e-03,-5.189047299102359651e-03,1.571166057848530362e-02
1.519999999999999929e+01,7.000000000000000000e+00,-7.610262883986439242e+00,-7.424680372674403728e-01,2.500010432640977331e+00,5.915144880355877044e-01,1.363185258152286618e-02,-6.589487630069612578e-03,-4.738917487739193746e-01,3.539999999999999258e-01,-5.799096447413379894e-03,-1.881230589874898287e-02,5.299396320656140497e-02
1.522000000000000064e+01,7.000000000000000000e+00,-7.619742112006001378e+00,-7.353926933756027573e-01,2.500854161144879573e+00,5.913303514029686347e-01,2.303064789995420969e-02,-1.174833523031004745e-02,-4.740426459894739875e-01,3.534899634694831927e-01,-9.276797784411048090e-03,-3.213952347873297311e-02,8.954216001971171401e-02
1.524000000000000021e+01,7.000000000000000000e+00,-7.629225047838357199e+00,-7.283301944317209786e-01,2.502125212006554023e+00,5.910445546263753958e-01,3.222934056126602193e-02,-1.674253810719328328e-02,-4.742622394217640980e-01,3.527165913479882176e-01,-1.266730959164626656e-02,-4.514089798807145726e-02,1.253275195269386300e-01
1.525999999999999979e+01,7.000000000000000000e+00,-7.638713047406528567e+00,-7.212857399921971391e-01,2.503813747710628146e+00,5.906606498786809434e-01,4.121791725180201649e-02,-2.154689454015290551e-02,-4.745487007684358050e-01,3.516866985174378346e-01,-1.596218069328136924e-02,-5.778662737578108000e-02,1.603159380413640978e-01
1.527999999999999936e+01,7.000000000000000000e+00,-7.648207428377245876e+00,-7.142643873553844447e-01,2.505909310490427089e+00,5.901826788447692707e-01,4.998505983589220103e-02,-2.613771443684242968e-02,-4.749000327036190239e-01,3.504076959007744740e-01,-1.915295991347888693e-02,-7.004690959087889190e-02,1.944673695233365140e-01
1.530000000000000071e+01,7.000000000000000000e+00,-7.657709466780493912e+00,-7.072710396407673183e-01,2.508400772292698644e+00,5.896151413012071796e-01,5.851802077816291303e-02,-3.049293682922815663e-02,-4.753140688779264877e-01,3.488875904619599400e-01,-2.223119607640120995e-02,-8.189194258238169377e-02,2.277353079244023304e-01
1.532000000000000028e+01,7.000000000000000000e+00,-7.667220393629031072e+00,-7.003104338681407359e-01,2.511276280811060690e+00,5.889629613716002021e-01,6.680251436406893506e-02,-3.459224447077247078e-02,-4.757884739184543021e-01,3.471349852059763541e-01,-2.518843800621079973e-02,-9.329192429930639741e-02,2.600663265114396272e-01
1.533999999999999986e+01,7.000000000000000000e+00,-7.676741391537925452e+00,-6.933871290367896734e-01,2.514523202157045834e+00,5.882314515223763252e-01,7.482262453178578632e-02,-3.841717473030925589e-02,-4.763207434287819453e-01,3.451590791788248236e-01,-2.801623452707009687e-02,-1.042170526906698313e-01,2.913996794756908981e-01
1.535999999999999943e+01,7.000000000000000000e+00,-7.686273591344075840e+00,-6.865054942046688868e-01,2.518128060781239963e+00,5.874262743823879251e-01,8.256073011580883358e-02,-4.195122571809406509e-02,-4.769082039889718794e-01,3.429696674675264956e-01,-3.070613446314152811e-02,-1.146375257054888797e-01,3.216669718493385122e-01
1.538000000000000078e+01,7.000000000000000000e+00,-7.695818068725754912e+00,-6.796696965675828039e-01,2.522076477302160669e+00,5.865534024936523982e-01,8.999744825410627147e-02,-4.517995631265137035e-02,-4.775480131555701058e-01,3.405771412001221687e-01,-3.324968663858755835e-02,-1.245235412927804403e-01,3.507919043079282817e-01
1.540000000000000036e+01,7.000000000000000000e+00,-7.705375840822122235e+00,-6.728836895383645267e-01,2.526353104945652461e+00,5.856190761298819547e-01,9.711159661970025780e-02,-4.809107848569738053e-02,-4.782371594616056099e-01,3.379924875456720157e-01,-3.563843987757064208e-02,-1.338452974015614250e-01,3.786900997745664132e-01
1.541999999999999993e+01,7.000000000000000000e+00,-7.714947862852771898e+00,-6.661512008260559448e-01,2.530941565340965482e+00,5.846297593542245652e-01,1.038801749999021251e-01,-5.067454005318694499e-02,-4.789724624165909161e-01,3.352272897142563601e-01,-3.786394300425314358e-02,-1.425729919808485235e-01,4.052690188062356702e-01
1.543999999999999950e+01,7.000000000000000000e+00,-7.724535024737247291e+00,-6.594757205150870716e-01,2.535824384459183012e+00,5.835920945277545124e-01,1.102783665609470831e-01,-5.292259571656643402e-02,-4.797505725065214777e-01,3.322937269569746777e-01,-3.991774484279760060e-02,-1.506768229796588698e-01,4.304279704818155805e-01
1.546000000000000085e+01,7.000000000000000000e+00,-7.734138147714576306e+00,-6.528604891444554914e-01,2.540982929512877853e+00,5.825128555255617568e-01,1.162795589047685846e-01,-5.482986400797074111e-02,-4.805679711938762311e-01,3.292045745659463729e-01,-4.179139421736640519e-02,-1.581269883470091675e-01,4.540582248797125908e-01
1.548000000000000043e+01,7.000000000000000000e+00,-7.743757980962804766e+00,-6.463084857869066946e-01,2.546397347660318111e+00,5.813988999674356561e-01,1.218553847542747925e-01,-5.639336752202517289e-02,-4.814209709176173746e-01,3.259732038743105020e-01,-4.347643995212201184e-02,-1.648936860319163977e-01,4.760432321949715773e-01
1.550000000000000000e+01,7.000000000000000000e+00,-7.753395198218520967e+00,-6.398224161281129696e-01,2.552046507370460127e+00,5.802571208246808387e-01,1.269757818038557140e-01,-5.761255361311690137e-02,-4.823057150931902015e-01,3.226135822562258837e-01,-4.496443087122686810e-02,-1.709471139833973474e-01,4.962589520802386800e-01
1.551999999999999957e+01,7.000000000000000000e+00,-7.763050394396385556e+00,-6.334047005458530721e-01,2.557907943303852960e+00,5.790943978229110556e-01,1.316090709571734185e-01,-5.848929256803181431e-02,-4.832181781125232667e-01,3.191402731268707660e-01,-4.624691579884339376e-02,-1.762574701504689423e-01,5.145742949001268496e-01
1.553999999999999915e+01,7.000000000000000000e+00,-7.772724082208663177e+00,-6.270574621891922273e-01,2.563957805546930757e+00,5.779175491219595839e-01,1.357220518626413019e-01,-5.902785013764066946e-02,-4.841541653440283866e-01,3.155684359424431040e-01,-4.731544355913405719e-02,-1.807949524821481080e-01,5.308516742861186799e-01
1.556000000000000050e+01,7.000000000000000000e+00,-7.782416688784755010e+00,-6.207825150576613549e-01,2.570170814000955151e+00,5.767332838174052956e-01,1.392801143700319322e-01,-5.923483123471307010e-02,-4.851093131326008612e-01,3.119138262001606710e-01,-4.816156297626128513e-02,-1.845297589274516314e-01,5.449476677187159446e-01
1.558000000000000007e+01,7.000000000000000000e+00,-7.792128552290717991e+00,-6.145813520804367380e-01,2.576520218670574014e+00,5.755481558725711322e-01,1.422473642940497718e-01,-5.911909158409933696e-02,-4.860790887996188636e-01,3.081927954382607249e-01,-4.877682287438751818e-02,-1.874320874353963273e-01,5.567137789257531333e-01
1.559999999999999964e+01,7.000000000000000000e+00,-7.801859918548808892e+00,-6.084551331955201370e-01,2.582977766519775287e+00,5.743685201540413843e-01,1.445867617095292768e-01,-5.869161415168377971e-02,-4.870587906429441061e-01,3.044222912360003974e-01,-4.915277207767521778e-02,-1.894721359549992323e-01,5.659972927842183976e-01
1.562000000000000099e+01,7.000000000000000000e+00,-7.811610937657000875e+00,-6.024046734289174587e-01,2.589513675465147102e+00,5.732004913065036344e-01,1.462602699468969758e-01,-5.796534728171387485e-02,-4.880435479369213403e-01,3.006198572136562497e-01,-4.928095941028678290e-02,-1.906201024352771334e-01,5.726422102942566594e-01
1.564000000000000057e+01,7.000000000000000000e+00,-7.821381660608523134e+00,-5.964304309738193144e-01,2.596096615959059051e+00,5.720499062627728559e-01,1.472290135352372908e-01,-5.695500163923661319e-02,-4.890283209323787461e-01,2.968036330325246608e-01,-4.915293369638469578e-02,-1.908461848252468729e-01,5.764902482358393865e-01
1.566000000000000014e+01,7.000000000000000000e+00,-7.831172035911382778e+00,-5.905324952697799112e-01,2.602693700481266692e+00,5.709222912409341877e-01,1.474534435833985413e-01,-5.567680328340074425e-02,-4.900079008566277095e-01,2.929923543949216058e-01,-4.876024376013137623e-02,-1.901205810739253765e-01,5.773818855248609161e-01
1.567999999999999972e+01,7.000000000000000000e+00,-7.840981906207899144e+00,-5.847105750818970549e-01,2.609270481110485207e+00,5.698228341314368617e-01,1.468935095261312551e-01,-5.414820048227397820e-02,-4.909769099134627668e-01,2.892053530441828779e-01,-4.809443842568927874e-02,-1.884134891303295145e-01,5.751574362796878503e-01
1.569999999999999929e+01,7.000000000000000000e+00,-7.850811004894234557e+00,-5.789639865799913743e-01,2.615790955193129541e+00,5.687563632216432463e-01,1.455088368199731752e-01,-5.238752221370113205e-02,-4.919298012831617717e-01,2.854625567646635331e-01,-4.714706651722085085e-02,-1.856951069434762125e-01,5.696581284250652466e-01
1.572000000000000064e+01,7.000000000000000000e+00,-7.860658952739917105e+00,-5.732916414177866571e-01,2.622217578971636875e+00,5.677273332428887098e-01,1.432589110781660180e-01,-5.041358666832174151e-02,-4.928608591224858393e-01,2.817844893817387231e-01,-4.590967685888853317e-02,-1.819356324623823129e-01,5.607271665307990149e-01
1.574000000000000021e+01,7.000000000000000000e+00,-7.870525254507380275e+00,-5.676920348120888526e-01,2.628511288887942055e+00,5.667398197549103900e-01,1.401032703079792552e-01,-4.824525846783345173e-02,-4.937641985646792908e-01,2.781922707618030843e-01,-4.437381827485474550e-02,-1.771052636360645749e-01,5.482107587279939631e-01
1.575999999999999979e+01,7.000000000000000000e+00,-7.880409295571482176e+00,-5.621632336219655190e-01,2.634631530148365819e+00,5.657975229041753984e-01,1.360017083757745771e-01,-4.590095372074110003e-02,-4.946337657194698201e-01,2.747076168122709050e-01,-4.253103958928193540e-02,-1.711741984135400352e-01,5.319590901612020195e-01
1.577999999999999936e+01,7.000000000000000000e+00,-7.890310338539045176e+00,-5.567028644279259364e-01,2.640536292035247978e+00,5.649037816060807904e-01,1.309144945868384036e-01,-4.339809244482673023e-02,-4.954633376730680494e-01,2.713528394815760691e-01,-4.037288962633256428e-02,-1.641126347438254529e-01,5.118272296798371812e-01
1.580000000000000071e+01,7.000000000000000000e+00,-7.900227519868376902e+00,-5.513081016111006649e-01,2.646182149389610050e+00,5.640615992063822137e-01,1.248026163305108183e-01,-4.075249827987903473e-02,-4.962465224881683623e-01,2.681508467591723344e-01,-3.789091721016906583e-02,-1.558907705759378093e-01,4.876759624602773902e-01
1.582000000000000028e+01,7.000000000000000000e+00,-7.910159846488804547e+00,-5.459756554324208810e-01,2.651524309680215907e+00,5.632736816748856734e-01,1.176280540935657898e-01,-3.797774578571555537e-02,-4.969767592039478488e-01,2.651251426755329432e-01,-3.507667116495386678e-02,-1.464788038588938635e-01,4.593725490422281843e-01
1.583999999999999986e+01,7.000000000000000000e+00,-7.920106192420203861e+00,-5.407017601117978245e-01,2.656516665129953214e+00,5.625424893749536581e-01,1.093541007508039703e-01,-3.508445596792597598e-02,-4.976473178360671934e-01,2.622998273021508453e-01,-3.192170031484942161e-02,-1.358469325417105966e-01,4.267914208633648010e-01
1.585999999999999943e+01,7.000000000000000000e+00,-7.930065295392530800e+00,-5.354821619073032446e-01,2.661111849502858284e+00,5.618703034361686166e-01,9.994573983310012233e-02,-3.207954100026810806e-02,-4.982512993766702869e-01,2.596995967515386972e-01,-2.841755348401818829e-02,-1.239653545734048512e-01,3.898148337308141032e-01
1.588000000000000078e+01,7.000000000000000000e+00,-7.940035753465345181e+00,-5.303121071943478482e-01,2.665261299376212811e+00,5.612593077349428139e-01,8.937010033428362255e-02,-2.896539943326281730e-02,-4.987816357943841705e-01,2.573497431772286403e-01,-2.455577949662257620e-02,-1.108042679029934419e-01,3.483335136633392559e-01
1.590000000000000036e+01,7.000000000000000000e+00,-7.950016021647348552e+00,-5.251863305448619679e-01,2.668915320043149464e+00,5.607116874588381483e-01,7.759700836903429821e-02,-2.573906352009736054e-02,-4.992310900343192026e-01,2.552761547737728565e-01,-2.032792717682504330e-02,-9.633387047949330817e-02,3.022473440010831069e-01
1.591999999999999993e+01,7.000000000000000000e+00,-7.960004408515905183e+00,-5.200990428064744542e-01,2.672023156622171491e+00,5.602297451941389284e-01,6.459965836845574239e-02,-2.239130069362360587e-02,-4.995922560180688921e-01,2.535053157767427900e-01,-1.572554534878809265e-02,-8.052436025192148683e-02,2.514661583728688976e-01
1.593999999999999950e+01,7.000000000000000000e+00,-7.969999072836578158e+00,-5.150439191816924556e-01,2.674533071499487935e+00,5.598160354310932618e-01,5.035542812388955208e-02,-1.890567174975821274e-02,-4.998575586437101759e-01,2.520643064627297036e-01,-1.074018283667405212e-02,-6.334593516929451495e-02,1.959107207209496437e-01
1.596000000000000085e+01,7.000000000000000000e+00,-7.979998020182656582e+00,-5.100140873070811987e-01,2.676392429904715264e+00,5.594735183241484888e-01,3.484686235983821406e-02,-1.525754900873010911e-02,-5.000192537858030306e-01,2.509808031493445668e-01,-5.363388464645412607e-03,-4.476879318062941537e-02,1.355139906974046904e-01
1.598000000000000043e+01,7.000000000000000000e+00,-7.989999099554687234e+00,-5.050021153324437684e-01,2.677547796224177379e+00,5.592057334707440930e-01,1.806284798935981969e-02,-1.141309873006512987e-02,-5.000694282953910275e-01,2.502830781952180006e-01,4.132889431353760487e-04,-2.476313223494308602e-02,7.022278981416603394e-02
1.600000000000000000e+01,8.000000000000000000e+00,-8.000000000000000000e+00,-5.000000000000000000e-01,2.677945044588985635e+00,5.590169943749458970e-01,1.420956001803377297e-15,-8.160298925956155358e-03,-4.999999999999982236e-01,2.500000000000001110e-01,6.598300562501435707e-03,-3.299150281252660744e-03,5.523638490975227948e-15
1.601999999999999957e+01,8.000000000000000000e+00,-8.009998387091709304e+00,-4.949999263834568008e-01,2.677734980599796977e+00,5.588793215137058956e-01,-9.559276279330706366e-03,-6.387033982674594768e-03,-4.998243475569950078e-01,2.500434314371096090e-01,1.090693226334999225e-02,7.522022387741995365e-03,-3.716061210796629821e-02
1.603999999999999915e+01,8.000000000000000000e+00,-8.019992423265309256e+00,-4.899968677744491186e-01,2.677123755931160698e+00,5.587615130156389220e-01,-1.846893153636927978e-02,-5.385358499335524129e-03,-4.995660936684867548e-01,2.502961175974064423e-01,1.485992011081252798e-02,1.762870034124130320e-02,-7.180187268904218711e-02
1.605999999999999872e+01,8.000000000000000000e+00,-8.029980527030659232e+00,-4.849867810261346279e-01,2.676139455272982026e+00,5.586639071737324880e-01,-2.673794555738718062e-02,-4.362927529383497927e-03,-4.992322627116736466e-01,2.507439112848071083e-01,1.846611409161465212e-02,2.703515340190110888e-02,-1.039623680875170070e-01
1.607999999999999829e+01,8.000000000000000000e+00,-8.039961255615169833e+00,-4.799659030816283978e-01,2.674809668241567184e+00,5.585869959144635910e-01,-3.437611288458852082e-02,-3.313408591992583752e-03,-4.988297020640216628e-01,2.513729506996812413e-01,2.173436419248195653e-02,3.575565139237726897e-02,-1.336818668047149994e-01
1.610000000000000142e+01,8.000000000000000000e+00,-8.049933301423799037e+00,-4.749307452660734286e-01,2.673161481413768303e+00,5.585313708300527757e-01,-4.139391817366015747e-02,-2.233022731079614687e-03,-4.983650821032623579e-01,2.521696594388519452e-01,2.467352040014002962e-02,4.380446413532562006e-02,-1.610012696380949404e-01
1.612000000000000099e+01,8.000000000000000000e+00,-8.059895488499064342e+00,-4.698780875787118561e-01,2.671221470439807621e+00,5.584976750052204064e-01,-4.780244076214962279e-02,-1.120261687836077158e-03,-4.978448962073925288e-01,2.531207464955950726e-01,2.729243270131447713e-02,5.119586145340200567e-02,-1.859626230039709005e-01
1.614000000000000057e+01,8.000000000000000000e+00,-8.069846768981047802e+00,-4.648049729849557110e-01,2.669015691841317928e+00,5.584865603625392971e-01,-5.361328286584009922e-02,2.438121724246400390e-05,-4.972754607546748251e-01,2.542132062596398345e-01,2.959995108273089093e-02,5.794411316926226935e-02,-2.086091754514804442e-01
1.616000000000000014e+01,8.000000000000000000e+00,-8.079786219567399286e+00,-4.597087017084580118e-01,2.666569674239583687e+00,5.584986502539101005e-01,-5.883851639417077284e-02,1.198666669635528592e-03,-4.966629151236370276e-01,2.554343185171686348e-01,3.160492553111488023e-02,6.406348910556226850e-02,-2.289854601801403766e-01
1.617999999999999972e+01,8.000000000000000000e+00,-8.089713037973334409e+00,-4.545868255231831356e-01,2.663908408876766831e+00,5.585345070293247227e-01,-6.349064396641655728e-02,2.398851591607353839e-03,-4.960132216930724924e-01,2.567716484508164587e-01,3.331620603319202650e-02,6.956825908495783972e-02,-2.471373890032049492e-01
1.619999999999999929e+01,8.000000000000000000e+00,-8.099626539391652003e+00,-4.494371420454787436e-01,2.661056339391461911e+00,5.585946043175743503e-01,-6.758257029543640604e-02,3.619918183970227687e-03,-4.953321658420398732e-01,2.582130466396719282e-01,3.474264257568793896e-02,7.447269293010486124e-02,-2.631123456566364927e-01
1.621999999999999886e+01,8.000000000000000000e+00,-8.109526152952740929e+00,-4.442576890261459854e-01,2.658037350890753991e+00,5.586793037566835096e-01,-7.112758066990125527e-02,4.855789924310016659e-03,-4.946253559498640096e-01,2.597466490592766353e-01,3.589308514532819905e-02,7.879106046365910720e-02,-2.769592686421871730e-01
1.623999999999999844e+01,8.000000000000000000e+00,-8.119411418184570906e+00,-4.390467386425107588e-01,2.654874758425321613e+00,5.587888359145467554e-01,-7.413932379885693202e-02,6.099534646260451609e-03,-4.938982233961343171e-01,2.613608770816253646e-01,3.677638372883841600e-02,8.253763150827651829e-02,-2.887287159153180682e-01
1.626000000000000156e+01,8.000000000000000000e+00,-8.129281981472706420e+00,-4.338027917904944131e-01,2.651591295023445038e+00,5.589232851425339765e-01,-7.663179677799510092e-02,7.343554805617102943e-03,-4.931560225607063419e-01,2.630444374751658154e-01,3.740138831294419902e-02,8.572667588661286864e-02,-2.984729056852375439e-01
1.628000000000000114e+01,8.000000000000000000e+00,-8.139137592520320652e+00,-4.285245723766848980e-01,2.648209099475333339e+00,5.590825781067714217e-01,-7.861933039163783443e-02,8.579765025929830813e-03,-4.924038308237010386e-01,2.647863224047990460e-01,3.777694888437110876e-02,8.837246342132401566e-02,-3.062457293842785755e-01
1.630000000000000071e+01,8.000000000000000000e+00,-8.148978100808179192e+00,-4.232110216104075784e-01,2.644749704082293817e+00,5.592664757435711342e-01,-8.011657337666834577e-02,9.799757010867438112e-03,-4.916465485655044376e-01,2.665758094318789739e-01,3.791191542984475443e-02,9.048926393506580290e-02,-3.121027344846749041e-01
1.632000000000000028e+01,8.000000000000000000e+00,-8.158803452054668170e+00,-4.178612922957961051e-01,2.641234022597231501e+00,5.594745683872061059e-01,-8.113847464428318446e-02,1.099495191309962649e-02,-4.908888991667687551e-01,2.684024615142128756e-01,3.781513793609075913e-02,9.209134725049411552e-02,-3.161010762893420312e-01
1.633999999999999986e+01,8.000000000000000000e+00,-8.168613684675786857e+00,-4.124747431238636741e-01,2.637682338585092268e+00,5.597062738200950793e-01,-8.170026278317688018e-02,1.215674026102320227e-02,-4.901354290084109500e-01,2.702561270060610532e-01,3.749546638983471125e-02,9.319298319026481092e-02,-3.182994390962345932e-01
1.635999999999999943e+01,8.000000000000000000e+00,-8.178408926245154476e+00,-4.070509329645737862e-01,2.634114294425450975e+00,5.599608379976470651e-01,-8.181742245481708753e-02,1.327660956434151274e-02,-4.893905074716139447e-01,2.721269396581369460e-01,3.696175077780218532e-02,9.380844157703364938e-02,-3.187579282307338446e-01
1.637999999999999901e+01,8.000000000000000000e+00,-8.188189389954008135e+00,-4.015896151589105623e-01,2.630548881165806208e+00,5.602373382026687443e-01,-8.150566753938262576e-02,1.434625974651204672e-02,-4.886583269378259042e-01,2.740053186176067967e-01,3.622284108671880443e-02,9.395199223345655770e-02,-3.175379353563299034e-01
1.639999999999999858e+01,8.000000000000000000e+00,-8.197955371071230957e+00,-3.960907318109508357e-01,2.627004429414511399e+00,5.605346883875075292e-01,-8.078091110145982356e-02,1.535770658547264134e-02,-4.879429027887608461e-01,2.758819684280905959e-01,3.528758730331014309e-02,9.363790498218935165e-02,-3.147019802117271836e-01
1.642000000000000171e+01,8.000000000000000000e+00,-8.207707243403334019e+00,-3.905544080799344120e-01,2.623498601437964872e+00,5.608516464660876499e-01,-7.965923241960044809e-02,1.630337338218090792e-02,-4.872480734063976415e-01,2.777478790296608047e-01,3.416483941430180360e-02,9.288044964588786090e-02,-3.103135324861079347e-01
1.644000000000000128e+01,8.000000000000000000e+00,-8.217445455754479156e+00,-3.849809464723350505e-01,2.620048384598815616e+00,5.611868233227947922e-01,-7.815684146527708542e-02,1.717617111767566485e-02,-4.865775001729811255e-01,2.795943257588435205e-01,3.286344740641937434e-02,9.169389604720792897e-02,-3.044368179400618324e-01
1.646000000000000085e+01,8.000000000000000000e+00,-8.227170528386462678e+00,-3.793708211339314462e-01,2.616670086241732474e+00,5.615386933107946454e-01,-7.629004132667578653e-02,1.796956740213673243e-02,-4.859346674710217640e-01,2.814128693486176447e-01,3.139226126638847841e-02,9.009251400880541327e-02,-2.971366131169497216e-01
1.648000000000000043e+01,8.000000000000000000e+00,-8.236883049478745278e+00,-3.737246721418782114e-01,2.613379330101742504e+00,5.619056060188802881e-01,-7.407518915323453579e-02,1.867764456248188765e-02,-4.853228826832949871e-01,2.831953559284152711e-01,2.976013098093470768e-02,8.809057335333619898e-02,-2.884780330800763570e-01
1.650000000000000000e+01,8.000000000000000000e+00,-8.246583671588442854e+00,-3.680432997967768571e-01,2.610191054278287126e+00,5.622857990932939032e-01,-7.152865625008249240e-02,1.929514725570768974e-02,-4.847452761928423004e-01,2.849339170241216856e-01,2.797590653678364014e-02,8.570234390345610187e-02,-2.785263165692783982e-01
1.651999999999999957e+01,8.000000000000000000e+00,-8.256273108110329773e+00,-3.623276589147464422e-01,2.607119510786780836e+00,5.626774119091085824e-01,-6.866678797985667493e-02,1.981752003393211226e-02,-4.842048013829701736e-01,2.866209695580750894e-01,2.604843792066087113e-02,8.294209548182092384e-02,-2.673466128124836194e-01
1.653999999999999915e+01,8.000000000000000000e+00,-8.265952129736854559e+00,-3.565788531194950539e-01,2.604178266669425756e+00,5.630784998946511966e-01,-6.550586413516305828e-02,2.024093532116211236e-02,-4.837042346372508739e-01,2.882492158490671530e-01,2.398657511929202721e-02,7.982409791108660557e-02,-2.550037739708610474e-01
1.655999999999999872e+01,8.000000000000000000e+00,-8.275621560918139608e+00,-3.507981291343899577e-01,2.601380206618900459e+00,5.634870493219550358e-01,-6.206206043071706840e-02,2.056231229102500890e-02,-4.832461753395220216e-01,2.898116436123423512e-01,2.179916811940268984e-02,7.636262101390893509e-02,-2.415621568585503975e-01
1.657999999999999829e+01,8.000000000000000000e+00,-8.285282276321982664e+00,-3.449868710745294664e-01,2.598737537042873580e+00,5.639009923862922102e-01,-5.835141173250530527e-02,2.077932715870645097e-02,-4.828330458738866460e-01,2.913015259595982398e-01,1.949506690771844741e-02,7.257193461294379755e-02,-2.270854371778683045e-01
1.660000000000000142e+01,8.000000000000000000e+00,-8.294935197293868967e+00,-3.391465947388132007e-01,2.596261791474475444e+00,5.643182224083033161e-01,-5.438977759478770546e-02,2.089041541757374887e-02,-4.824670916247136288e-01,2.927124213989857893e-01,1.708312147096488487e-02,6.846630853084693935e-02,-2.116364390661820971e-01
1.662000000000000099e+01,8.000000000000000000e+00,-8.304581288316978060e+00,-3.332789419020132371e-01,2.593963837214178891e+00,5.647366090029952712e-01,-5.019281061705092167e-02,2.089476656269795285e-02,-4.821503809766369830e-01,2.940381738351089402e-01,1.457218179586763744e-02,6.406001259027432893e-02,-1.952769822782069176e-01
1.664000000000000057e+01,8.000000000000000000e+00,-8.314221553472176396e+00,-3.273856746068449231e-01,2.591853883072189557e+00,5.651540130708112564e-01,-4.577592806473906872e-02,2.079231184847607494e-02,-4.818848053145563526e-01,2.952729125690246592e-01,1.197109786915226577e-02,5.936731661388168491e-02,-1.780677488427664379e-01
1.666000000000000014e+01,8.000000000000000000e+00,-8.323857032898033026e+00,-3.214686694560382474e-01,2.589941488067478925e+00,5.655683014769342654e-01,-4.115428712229041858e-02,2.058370562670930326e-02,-4.816720790236367900e-01,2.964110522982431051e-01,9.288719677544403364e-03,5.440249042432503124e-02,-1.600681705498877005e-01
1.667999999999999972e+01,8.000000000000000000e+00,-8.333488799250831747e+00,-3.155299119044082667e-01,2.588235570930038865e+00,5.659773612958796107e-01,-3.634276406711765134e-02,2.027030080510883181e-02,-4.815137394893090339e-01,2.974472931167276291e-01,6.533897207769605656e-03,4.917980384426003798e-02,-1.413363381542333264e-01
1.669999999999999929e+01,8.000000000000000000e+00,-8.343117954164554817e+00,-3.095714905509259762e-01,2.586744420246681386e+00,5.663791135091386097e-01,-3.135593757097831363e-02,1.985411895458888409e-02,-4.814111470972690099e-01,2.983766205148945527e-01,3.715480446553510053e-03,4.371352669634265276e-02,-1.219289327341124829e-01
1.671999999999999886e+01,8.000000000000000000e+00,-8.352745624710912864e+00,-3.035955914307902903e-01,2.585475705087624920e+00,5.667715260540631128e-01,-2.620807625276059746e-02,1.933781557762870307e-02,-4.813654852334784406e-01,2.991943053796134455e-01,8.423193806217075565e-04,3.801792880322873991e-02,-1.019011792292370960e-01
1.673999999999999844e+01,8.000000000000000000e+00,-8.362372959859326826e+00,-2.976044923074972481e-01,2.584436485951002727e+00,5.671526261322437090e-01,-2.091313052592683186e-02,1.872464103040094585e-02,-4.813777602841640690e-01,2.998959039942067917e-01,-2.076736003300253333e-03,3.210727998757402502e-02,-8.130682180063646125e-02
1.676000000000000156e+01,8.000000000000000000e+00,-8.372001126936952531e+00,-2.916005569649124940e-01,2.583633225865054506e+00,5.675205116952791728e-01,-1.548472870631083242e-02,1.801839756840095674e-02,-4.814488016358187683e-01,3.004772580384504344e-01,-5.032835718486737379e-03,2.599585007203444181e-02,-6.019812031633028221e-02
1.678000000000000114e+01,8.000000000000000000e+00,-8.381631308088676846e+00,-2.855862294993414263e-01,2.583071801492891950e+00,5.678733620349798450e-01,-9.936177273009501321e-03,1.722339296049035795e-02,-4.815792616752004873e-01,3.009344945885732980e-01,-8.017129778212162688e-03,1.969790887926579914e-02,-3.862586696843788026e-02
1.680000000000000071e+01,8.000000000000000000e+00,-8.391264696737124495e+00,-2.795640286116005679e-01,2.582757514092048012e+00,5.682094474136987206e-01,-4.280465107826566043e-03,1.634439108994101275e-02,-4.817696157893328057e-01,3.012640261172572775e-01,-1.102076819575088969e-02,1.322772623192405329e-02,-1.663942177177761203e-02
1.682000000000000028e+01,8.000000000000000000e+00,-8.400902494042663093e+00,-2.735365418990879371e-01,2.582695100190294468e+00,5.685271376785774322e-01,1.469728522058833019e-03,1.538655993401683020e-02,-4.820201623655044898e-01,3.014625504936374045e-01,-1.403490098437738982e-02,6.599571952664849174e-03,5.713234520171891866e-03
1.683999999999999986e+01,8.000000000000000000e+00,-8.410545905363409958e+00,-2.675064201478546400e-01,2.582888741850124958e+00,5.688249098110593760e-01,7.302022527220462626e-03,1.435541728651479332e-02,-4.823310227912702697e-01,3.015270509833022361e-01,-1.705067815736596715e-02,-1.722841358556827479e-04,2.838543172063021439e-02
1.685999999999999943e+01,8.000000000000000000e+00,-8.420196136715233592e+00,-2.614763716246752412e-01,2.583342076406614840e+00,5.691013543700380595e-01,1.320431944017799557e-02,1.325677456176244107e-02,-4.827021414544501177e-01,3.014547962482926335e-01,-2.005924972799114081e-02,-7.073572210981999425e-03,5.133172751241078802e-02
1.687999999999999901e+01,8.000000000000000000e+00,-8.429854391231758726e+00,-2.554491563691189127e-01,2.584058205576810874e+00,5.693551807935298692e-01,1.916478811452474937e-02,1.209667899344779585e-02,-4.831332857431294148e-01,3.012433403471032611e-01,-2.305176570952726864e-02,-1.409002245005813725e-02,7.450781262807217031e-02
1.689999999999999858e+01,8.000000000000000000e+00,-8.439521865624383778e+00,-2.494275804856207202e-01,2.585039703853123871e+00,5.695852215297759757e-01,2.517184408381914137e-02,1.088135451855443137e-02,-4.836240460456592283e-01,3.008905227346816980e-01,-2.601937611524871713e-02,-2.120736503042816926e-02,9.787040585988592001e-02
1.692000000000000171e+01,8.000000000000000000e+00,-8.449199746642266362e+00,-2.434144904355519667e-01,2.586288626108189881e+00,5.697904349742720642e-01,3.121412800846585373e-02,9.617141616121926972e-03,-4.841738357506557566e-01,3.003944682624285489e-01,-2.895323095842993605e-02,-2.841133012943635600e-02,1.213771408976097449e-01
1.694000000000000128e+01,8.000000000000000000e+00,-8.458889207532351406e+00,-2.374127673292915353e-01,2.587806514354113574e+00,5.699699071944208661e-01,3.728048265485704033e-02,8.310436352177319463e-03,-4.847818912470012176e-01,2.997535871781976669e-01,-3.184448025234530577e-02,-3.568764792442678802e-02,1.449864470133131744e-01
1.696000000000000085e+01,8.000000000000000000e+00,-8.468591404499349551e+00,-2.314253212182965647e-01,2.589594403614706941e+00,5.701228524283591392e-01,4.335992885998524865e-02,6.967628867251107749e-03,-4.854472719238428491e-01,2.989665751262959303e-01,-3.468427401026922402e-02,-4.302204859274362525e-02,1.686574256124730997e-01
1.698000000000000043e+01,8.000000000000000000e+00,-8.478307473165768826e+00,-2.254550853871738203e-01,2.591652826885129546e+00,5.702486123491109504e-01,4.944164093685698980e-02,5.595041530728650514e-03,-4.861688601705937973e-01,2.980324131474833549e-01,-3.746376224547610934e-02,-5.040026231173104498e-02,1.923497246517030523e-01
1.700000000000000000e+01,8.000000000000000000e+00,-8.488038525031905479e+00,-2.195050106457500094e-01,2.593981819169055125e+00,5.703466540895882897e-01,5.551492197163185316e-02,4.198866977528581401e-03,-4.869453613769322842e-01,2.969503676789732038e-01,-4.017409497124035944e-02,-5.780801925873321062e-02,2.160234128878450732e-01
1.701999999999999957e+01,8.000000000000000000e+00,-8.497785643935843680e+00,-2.135780596211432070e-01,2.596580920598960507e+00,5.704165670282120848e-01,6.156917945275792309e-02,2.785106237285006614e-03,-4.877753039328022733e-01,2.957199905544316554e-01,-4.280642220083637206e-02,-6.523104961109424393e-02,2.396388558721470885e-01
1.703999999999999915e+01,8.000000000000000000e+00,-8.507549882513481876e+00,-2.076772010498335597e-01,2.599449178660247384e+00,5.704580583390796988e-01,6.759390165573658793e-02,1.359507163845918853e-03,-4.886570392284130815e-01,2.943411190039780800e-01,-4.535189394753857961e-02,-7.265508354615832221e-02,2.631565955377975219e-01
1.705999999999999872e+01,8.000000000000000000e+00,-8.517332258658512956e+00,-2.018054040697343787e-01,2.602585149554468735e+00,5.704709473147658860e-01,7.357863518474719311e-02,-7.249662600194994866e-05,-4.895887416542396564e-01,2.928138756541850407e-01,-4.780166022462133124e-02,-8.006585124126955333e-02,2.865372351494808734e-01
1.707999999999999829e+01,8.000000000000000000e+00,-8.527133751982455934e+00,-1.959656325122629827e-01,2.605986898750871195e+00,5.704551584740396031e-01,7.951296404439890664e-02,-1.505846091800933095e-03,-4.905684086010222988e-01,2.911386685280780151e-01,-5.014687104535908713e-02,-8.744908287377220479e-02,3.097413312896820647e-01
1.710000000000000142e+01,8.000000000000000000e+00,-8.536955300274636116e+00,-1.901608391944116239e-01,2.609652000788545312e+00,5.704107134710938443e-01,8.538649058151016880e-02,-2.935916167274399413e-03,-4.915938604597669404e-01,2.893161910451358954e-01,-5.237867642302621030e-02,-9.479050862101029429e-02,3.327292944474743441e-01
1.712000000000000099e+01,8.000000000000000000e+00,-8.546797795962202571e+00,-1.843939602108183584e-01,2.613577538403655254e+00,5.703377218273486537e-01,9.118881859820522628e-02,-4.358573988291425394e-03,-4.926627406217448102e-01,2.873474220212903774e-01,-5.448822637089709847e-02,-1.020758586603280060e-01,3.554612996504302735e-01
1.714000000000000057e+01,8.000000000000000000e+00,-8.556662082570136718e+00,-1.786679092258382229e-01,2.617760101067234224e+00,5.702363705115621739e-01,9.690953889388882747e-02,-5.770235711482385454e-03,-4.937725154784926573e-01,2.852336256689266270e-01,-5.646667090224621183e-02,-1.092908631690696075e-01,3.778972084376433505e-01
1.716000000000000014e+01,8.000000000000000000e+00,-8.566548951181252036e+00,-1.729855717656139935e-01,2.622195783028825833e+00,5.701069123988893317e-01,1.025382174449742945e-01,-7.167921671506150005e-03,-4.949204744218128615e-01,2.829763515968825582e-01,-5.830516003034791339e-02,-1.164212523245790609e-01,3.999965033100920109e-01
1.717999999999999972e+01,8.000000000000000000e+00,-8.576459136896200874e+00,-1.673497995101470015e-01,2.626880180969570322e+00,5.699496536447019590e-01,1.080643863777599883e-01,-8.549309611295186073e-03,-4.961037298437733778e-01,2.805774348104494442e-01,-5.999484376847653844e-02,-1.234527563042006337e-01,4.217182356120145470e-01
1.719999999999999929e+01,8.000000000000000000e+00,-8.586393315293475936e+00,-1.617634045853684199e-01,2.631808391375047407e+00,5.697649400144375598e-01,1.134775378317825073e-01,-9.912785705504134626e-03,-4.973192171367074033e-01,2.780389957113715282e-01,-6.152687212990665122e-02,-1.303711052852785657e-01,4.430209875919791651e-01
1.721999999999999886e+01,8.000000000000000000e+00,-8.596352098889425974e+00,-1.562291538552098569e-01,2.636975007743112887e+00,5.695531422164817892e-01,1.187671207485877234e-01,-1.125749308325829645e-02,-4.985636946932134883e-01,2.753634400978463015e-01,-6.289239512791248987e-02,-1.371620294451568189e-01,4.638628491635403694e-01
1.723999999999999844e+01,8.000000000000000000e+00,-8.606336033598246615e+00,-1.507497632136746424e-01,2.642374117744891393e+00,5.693146402911072324e-01,1.239225405544799041e-01,-1.258337754298644029e-02,-4.998337439061561471e-01,2.725534591645242810e-01,-6.408256277576859783e-02,-1.438112589611797443e-01,4.842014096316898386e-01
1.726000000000000156e+01,8.000000000000000000e+00,-8.616345595192003159e+00,-1.453278918769082828e-01,2.647999300457843486e+00,5.690498071147622738e-01,1.289331616358247445e-01,-1.389123013993476263e-02,-5.011257691686651361e-01,2.696120295025091207e-01,-6.508852508674925486e-02,-1.503045240106913316e-01,5.039937643721337235e-01
1.728000000000000114e+01,8.000000000000000000e+00,-8.626381185760614301e+00,-1.399661366752699421e-01,2.653843623788238570e+00,5.687589910855097575e-01,1.337883124323832051e-01,-1.518272631662043182e-02,-5.024359978741355093e-01,2.665424130993577223e-01,-6.590143207412896276e-02,-1.566275547710358207e-01,5.231965361458073005e-01
1.730000000000000071e+01,8.000000000000000000e+00,-8.636443130171878479e+00,-1.346670263454028960e-01,2.659899642196239089e+00,5.684424980620974566e-01,1.384772928984706053e-01,-1.646046123902422664e-02,-5.037604804162281180e-01,2.633481573390798469e-01,-6.651243375118204293e-02,-1.627660814195572847e-01,5.417659104016413485e-01
1.732000000000000028e+01,8.000000000000000000e+00,-8.646531672531466484e+00,-1.294330158223059024e-01,2.666159394829968221e+00,5.681005726359488195e-01,1.429893840040976083e-01,-1.772798099647232561e-02,-5.050950901888691114e-01,2.600330950021385590e-01,-6.691268013118298330e-02,-1.687058341336000467e-01,5.596576835680003859e-01
1.733999999999999986e+01,8.000000000000000000e+00,-8.656646972642931814e+00,-1.242664805314037807e-01,2.672614404165297497e+00,5.677333788222386213e-01,1.473138588692935180e-01,-1.898980932208438333e-02,-5.064355235862503246e-01,2.566013442654501153e-01,-6.709332122740610527e-02,-1.744325430905080687e-01,5.768273229596595497e-01
1.735999999999999943e+01,8.000000000000000000e+00,-8.666789102467710393e+00,-1.191697106806185180e-01,2.679255675235461709e+00,5.673409802630654530e-01,1.514399950452397225e-01,-2.025146949366174454e-02,-5.077773000028286132e-01,2.530573087023835765e-01,-6.704550705312586900e-02,-1.799319384676256184e-01,5.932300365359514105e-01
1.737999999999999901e+01,8.000000000000000000e+00,-8.676958042585136255e+00,-1.141449055524402373e-01,2.686073695518949034e+00,5.669233200424921293e-01,1.553570873763049087e-01,-2.151950108222600022e-02,-5.091157618333270740e-01,2.494056772827613622e-01,-6.676038762161662365e-02,-1.851897504422967966e-01,6.088208503406231653e-01
1.739999999999999858e+01,8.000000000000000000e+00,-8.687153678652437705e+00,-1.091941677959980123e-01,2.693058435535348405e+00,5.664802002197764086e-01,1.590544607982312675e-01,-2.280147122718290120e-02,-5.104460744727336019e-01,2.456514243728590008e-01,-6.622911294615284328e-02,-1.901917091918657876e-01,6.235546910397504750e-01
1.742000000000000171e+01,8.000000000000000000e+00,-8.697375797864740576e+00,-1.043194977191310158e-01,2.700199350176961666e+00,5.660112611934047244e-01,1.625214823500866490e-01,-2.410598013366360703e-02,-5.117632263163020001e-01,2.417998097354051579e-01,-6.544283304000890478e-02,-1.949235448936766923e-01,6.373864705557289456e-01
1.744000000000000128e+01,8.000000000000000000e+00,-8.707624085415087478e+00,-9.952278758045908502e-02,2.707485380778983153e+00,5.655159610144298021e-01,1.657475716016268419e-01,-2.544266050869659068e-02,-5.130620287595512030e-01,2.378563785295814137e-01,-6.439269791645915730e-02,-1.993709877250737506e-01,6.502711693784849478e-01
1.746000000000000085e+01,8.000000000000000000e+00,-8.717898120954426844e+00,-9.480581588145406413e-02,2.714904957903063298e+00,5.649935547730569052e-01,1.687222086235984908e-01,-2.682217067819969714e-02,-5.143371161982661643e-01,2.338269613110226519e-01,-6.306985758877806103e-02,-2.035197678634010354e-01,6.621639147248323809e-01
1.748000000000000043e+01,8.000000000000000000e+00,-8.728197375051626850e+00,-9.017024165851059148e-02,2.722446004778131368e+00,5.644430741873017743e-01,1.714349385562927985e-01,-2.825618115610595282e-02,-5.155829460284967469e-01,2.297176740318168653e-01,-6.146546207024001368e-02,-2.073556154860027867e-01,6.730200493185224397e-01
1.750000000000000000e+01,8.000000000000000000e+00,-8.738521205653484003e+00,-8.561759877501687321e-02,2.730095941308663399e+00,5.638633075268126849e-01,1.738753717610160010e-01,-2.975735446918648108e-02,-5.167937986465584999e-01,2.255349180405050724e-01,-5.957066137411939910e-02,-2.108642607702231053e-01,6.827951861811183409e-01
1.751999999999999957e+01,8.000000000000000000e+00,-8.748868854544719298e+00,-8.114929021342588700e-02,2.737841688524284667e+00,5.632527800085344039e-01,1.760331784694601776e-01,-3.133931807616008314e-02,-5.179637774490327695e-01,2.212853800820815398e-01,-5.737660551369062889e-02,-2.140314338934061200e-01,6.914452444604854975e-01
1.753999999999999915e+01,8.000000000000000000e+00,-8.759239443807986802e+00,-7.676658236732614160e-02,2.745669673305938918e+00,5.626097348037663037e-01,1.778980767761895454e-01,-3.301663025525058970e-02,-5.190868088327658114e-01,2.169760322979934208e-01,-5.487444450222810771e-02,-2.168428650328960150e-01,6.989264609806824513e-01
1.755999999999999872e+01,8.000000000000000000e+00,-8.769631972283885801e+00,-7.247059933351267247e-02,2.753565833183016398e+00,5.619321147983243891e-01,1.794598127481134009e-01,-3.480473887052326631e-02,-5.201566421948701224e-01,2.126141322261413391e-01,-5.205532835300626798e-02,-2.192842843660369745e-01,7.051953718734752519e-01
1.757999999999999829e+01,8.000000000000000000e+00,-8.780045312030953397e+00,-6.826231720405798176e-02,2.761515620953068240e+00,5.612175452489454042e-01,1.807081313499035724e-01,-3.671993296149445030e-02,-5.211668499327228865e-01,2.082072228008786940e-01,-4.891040707929945885e-02,-2.213414220701731272e-01,7.102087583440168661e-01
1.760000000000000142e+01,8.000000000000000000e+00,-8.790478204785683758e+00,-6.414255835838297837e-02,2.769504008831199293e+00,5.604633174798645534e-01,1.816327368032319145e-01,-3.877928713141010064e-02,-5.221108274439674179e-01,2.037631323530121608e-01,-4.543083069438209887e-02,-2.230000083226485741e-01,7.139235503244824033e-01
1.762000000000000099e+01,8.000000000000000000e+00,-8.800929258422520718e+00,-6.011198575532787636e-02,2.777515491790155000e+00,5.596663737636888847e-01,1.822232409072811754e-01,-4.100059873557526657e-02,-5.229817931265119402e-01,1.992899746098014957e-01,-4.160774921152860656e-02,-2.242457733008075271e-01,7.162966814691864581e-01
1.764000000000000057e+01,8.000000000000000000e+00,-8.811396943413873473e+00,-5.617109722522321824e-02,2.785534089704521765e+00,5.588232935304415783e-01,1.824690977443121642e-01,-4.340231788954440617e-02,-5.237727883785308070e-01,1.947961486949596477e-01,-3.743231264401337272e-02,-2.250644471819940873e-01,7.172848886281134595e-01
1.766000000000000014e+01,8.000000000000000000e+00,-8.821879589290114509e+00,-5.232021976196069013e-02,2.793543347863443049e+00,5.579302810481071573e-01,1.823595230725390537e-01,-4.600347032623730570e-02,-5.244766775984631701e-01,1.902903391286525636e-01,-3.289567100511081588e-02,-2.254417601435525220e-01,7.168444485835477886e-01
1.767999999999999972e+01,8.000000000000000000e+00,-8.832375381099589973e+00,-4.855950381506422137e-02,2.801526335365666753e+00,5.569831547173921260e-01,1.818833965637376704e-01,-4.882357312840746033e-02,-5.250861481850144230e-01,1.857815158274994938e-01,-2.798897430809538581e-02,-2.253634423628268491e-01,7.149308444221790237e-01
1.769999999999999929e+01,8.000000000000000000e+00,-8.842882355868619371e+00,-4.488891758176067476e-02,2.809465640858394675e+00,5.559773381229708988e-01,1.810291448686188187e-01,-5.188254334592024009e-02,-5.255937105371547569e-01,1.812789341045724645e-01,-2.270337256624136574e-02,-2.248152240171613359e-01,7.114983534128545006e-01
1.771999999999999886e+01,8.000000000000000000e+00,-8.853398399061507718e+00,-4.130824129905107112e-02,2.817343365026893309e+00,5.549078529835553830e-01,1.797846032818262163e-01,-5.520059947357580654e-02,-5.259916980541202713e-01,1.767921346693969720e-01,-1.703001579282324360e-02,-2.237828352839001111e-01,7.064995476321784817e-01
1.773999999999999844e+01,8.000000000000000000e+00,-8.863921241040547017e+00,-3.781706153578135582e-02,2.825141109184575949e+00,5.537693141440278577e-01,1.781368535223733507e-01,-5.879815571159952015e-02,-5.262722671354124193e-01,1.723309436279514828e-01,-1.096005400111540670e-02,-2.222520063403872481e-01,6.998846977843682371e-01
1.776000000000000156e+01,8.000000000000000000e+00,-8.874448453526019520e+00,-3.441476548471335967e-02,2.832839959252469342e+00,5.525559267550912423e-01,1.760720348352984022e-01,-6.269570885452324660e-02,-5.264273971807982289e-01,1.679054724826675726e-01,-4.484637204392212875e-03,-2.202084673639669310e-01,6.916010696487561171e-01
1.778000000000000114e+01,8.000000000000000000e+00,-8.884977446056206318e+00,-3.110053525459577708e-02,2.840420464351602003e+00,5.512614857898467946e-01,1.735751252463618166e-01,-6.691371755167274671e-02,-5.264488905903098592e-01,1.635261181324298985e-01,2.405084584071865567e-03,-2.176379485319834273e-01,6.815921013012383733e-01
1.780000000000000071e+01,8.000000000000000000e+00,-8.895505462447394152e+00,-2.787334216223503677e-02,2.847862609160519032e+00,5.498793780530243369e-01,1.706296893529658520e-01,-7.147247355024788362e-02,-5.263283727642454890e-01,1.592035628725763374e-01,9.717961351002462125e-03,-2.145261800217807269e-01,6.697964476288125191e-01
1.782000000000000028e+01,8.000000000000000000e+00,-8.906029577253876894e+00,-2.473194102456631460e-02,2.855145779111275761e+00,5.484025868478369370e-01,1.672175884999878015e-01,-7.639196436572426308e-02,-5.260572921031685389e-01,1.549487743948978202e-01,1.746284308312516520e-02,-2.108588920107030695e-01,6.561468766134394004e-01
1.783999999999999986e+01,8.000000000000000000e+00,-8.916546692227958815e+00,-2.167486445072442508e-02,2.862248717408807153e+00,5.468236994783954863e-01,1.633186485577213520e-01,-8.169172661879464670e-02,-5.256269200079076720e-01,1.507730057876384144e-01,2.564857976716556839e-02,-2.066218146760945840e-01,6.405689993150244232e-01
1.785999999999999943e+01,8.000000000000000000e+00,-8.927053532779972045e+00,-1.870041713411476833e-02,2.869149472758274033e+00,5.451349177830852044e-01,1.589102797805140299e-01,-8.739068902881719225e-02,-5.250283508795575704e-01,1.466877955354952690e-01,3.428402138984927572e-02,-2.018006781952994544e-01,6.229798123321380610e-01
1.787999999999999901e+01,8.000000000000000000e+00,-8.937546644438263854e+00,-1.580667014448426319e-02,2.875825336569953539e+00,5.433280719172428608e-01,1.539670423713568881e-01,-9.350700375206422166e-02,-5.242525021194779367e-01,1.427049675196186973e-01,4.337801793790187210e-02,-1.963812127456618373e-01,6.032860276453935189e-01
1.789999999999999858e+01,8.000000000000000000e+00,-8.948022389309217672e+00,-1.299145521999231327e-02,2.882252768278415811e+00,5.413946376330027732e-01,1.484601504070018063e-01,-1.000578643922054312e-01,-5.232901141292942704e-01,1.388366310176121221e-01,5.293941939804899799e-02,-1.903491485045258613e-01,5.813821600150027580e-01
1.792000000000000171e+01,8.000000000000000000e+00,-8.958476942537247467e+00,-1.025235905928173138e-02,2.888407307258269885e+00,5.393257573415543016e-01,1.423569056964768542e-01,-1.070593085794726562e-01,-5.221317503108972025e-01,1.350951807035320751e-01,6.297707575701605442e-02,-1.836902156492357108e-01,5.571483363508045183e-01
1.794000000000000128e+01,8.000000000000000000e+00,-8.968906288764811663e+00,-7.586717613549583301e-03,2.894263469638602704e+00,5.371122652898235872e-01,1.356200519744168720e-01,-1.145260025008241200e-01,-5.207677970664432721e-01,1.314932966478881415e-01,7.349983700152895594e-02,-1.763901443571355143e-01,5.304477845125448177e-01
1.796000000000000085e+01,8.000000000000000000e+00,-8.979306218592414623e+00,-4.991610378618308204e-03,2.899794628107558836e+00,5.347447172415213945e-01,1.282070386151943076e-01,-1.224710041518601855e-01,-5.191884637983542605e-01,1.280439443176430991e-01,8.451655311831311745e-02,-1.684346648055693452e-01,5.011239506116397235e-01
1.798000000000000043e+01,8.000000000000000000e+00,-8.989672325038606360e+00,-2.463854687006524283e-03,2.904972872552040286e+00,5.322134251237492508e-01,1.200691818789770687e-01,-1.309055013511848387e-01,-5.173837829093174134e-01,1.247603745762128208e-01,9.603607409409416207e-02,-1.598095071718814986e-01,4.689971838184196495e-01
1.800000000000000000e+01,9.000000000000000000e+00,-9.000000000000000000e+00,0.000000000000000000e+00,2.909768849089390041e+00,5.295084971874741697e-01,1.111507107118240301e-01,-1.237494867204009807e-01,-5.153436098022856626e-01,1.216561236834663440e-01,1.080672499155976851e-01,-1.505004016334159922e-01,4.338609156373087195e-01
1.801999999999999957e+01,9.000000000000000000e+00,-9.010289130338973607e+00,2.402475087789219740e-03,2.914785358366381640e+00,5.272634456549333271e-01,1.315954844330822215e-01,-8.581237037160072134e-02,-5.137598577413522438e-01,1.185645381110997376e-01,5.093585877434608084e-02,-1.585547118298362701e-01,5.145205550553940688e-01
1.803999999999999915e+01,9.000000000000000000e+00,-9.020557762051202744e+00,4.741548764711556174e-03,2.920593971516399989e+00,5.260760023726102075e-01,1.499122129261243608e-01,-3.449443180338995774e-02,-5.132813188039491159e-01,1.153180299832830130e-01,-2.467035262524757376e-03,-1.659948060747352960e-01,5.871542350086500495e-01
1.805999999999999872e+01,9.000000000000000000e+00,-9.030827258888862730e+00,7.014244563289787418e-03,2.927112643682079351e+00,5.258836683827977643e-01,1.658859599480485281e-01,1.373241312308692841e-02,-5.138342014174936967e-01,1.119287546852680282e-01,-5.221926914547656007e-02,-1.728335777459757971e-01,6.508241886625070194e-01
1.807999999999999829e+01,9.000000000000000000e+00,-9.041117524340073430e+00,9.217826545076152761e-03,2.934255005555582496e+00,5.266252988975336224e-01,1.793964756627960677e-01,5.892945261619253472e-02,-5.153462707484118832e-01,1.084086097347492783e-01,-9.839867982497113585e-02,-1.790839202214202230e-01,7.049410637460081785e-01
1.810000000000000142e+01,9.000000000000000000e+00,-9.051447032763674017e+00,1.134979414330121623e-02,2.941932639718948028e+00,5.282408464874457366e-01,1.904101492226819570e-01,1.011462445009847499e-01,-5.177468487021392729e-01,1.047692347818640901e-01,-1.410831042514700262e-01,-1.847587268789312176e-01,7.492524412446618376e-01
1.812000000000000099e+01,9.000000000000000000e+00,-9.061832860523997724e+00,1.340787700552270936e-02,2.950057188988873147e+00,5.306711486775731457e-01,1.989683618336366699e-01,1.404229289071281528e-01,-5.209668139231203865e-01,1.010220116091925247e-01,-1.803503793754351880e-01,-1.898708910963713137e-01,7.838143055606673348e-01
1.814000000000000057e+01,9.000000000000000000e+00,-9.072290717125660819e+00,1.539002983627439473e-02,2.958542226761211591e+00,5.338577636437307206e-01,2.051739993507804560e-01,1.767926428915185255e-01,-5.249386017948094452e-01,9.717806413175728020e-02,-2.162783421473281620e-01,-1.944333062516031829e-01,8.089498356090455422e-01
1.816000000000000014e+01,9.000000000000000000e+00,-9.082834976348342693e+00,1.729442723971492263e-02,2.967304841786548852e+00,5.377428543932337712e-01,2.091775343970426471e-01,2.102838847927834820e-01,-5.295962044396697044e-01,9.324825839702405306e-02,-2.489448295176108494e-01,-1.984588657224894415e-01,8.252002523721665428e-01
1.817999999999999972e+01,9.000000000000000000e+00,-9.093478707381542847e+00,1.911945856227666510e-02,2.976266912113823881e+00,5.422691190354418378e-01,2.111636841241125440e-01,2.409227061273391257e-01,-5.348751707191730098e-01,8.924320258490096858e-02,-2.784276784367448188e-01,-2.019604628868925666e-01,8.332722903595833897e-01
1.819999999999999929e+01,9.000000000000000000e+00,-9.104233705959398293e+00,2.086372273531460556e-02,2.985356063314644537e+00,5.473797626383271053e-01,2.113392821719574377e-01,2.687346433474786522e-01,-5.407126062338014627e-01,8.517324700773916402e-02,-3.048047258551919159e-01,-2.049509911226751746e-01,8.339862793880175040e-01
1.821999999999999886e+01,9.000000000000000000e+00,-9.115110525495447646e+00,2.252602311775516591e-02,2.994506323247265289e+00,5.530185047693407796e-01,2.099227134014434448e-01,2.937463364228989349e-01,-5.470471733230458655e-01,8.104848411033234445e-02,-3.281538087234138201e-01,-2.074433438076998537e-01,8.282279805939015693e-01
1.823999999999999844e+01,9.000000000000000000e+00,-9.126118508217398784e+00,2.410536233874507189e-02,3.003658498791559772e+00,5.591296160952428096e-01,2.071350530205891827e-01,3.159868125895268776e-01,-5.538190910654062771e-01,7.687874846991711586e-02,-3.485527639918722942e-01,-2.094504143198292201e-01,8.169063687068969237e-01
1.826000000000000156e+01,9.000000000000000000e+00,-9.137265816301928467e+00,2.560093714030022005e-02,3.012760308966679013e+00,5.656579772729227740e-01,2.031929143965411633e-01,3.354884395297315081e-01,-5.609701352783920125e-01,7.267361679617270753e-02,-3.660794286110292117e-01,-2.109850960369259454e-01,8.009186211317227411e-01
1.828000000000000114e+01,9.000000000000000000e+00,-9.148559463009439341e+00,2.701213321995450320e-02,3.021766313848495145e+00,5.725491536764328870e-01,1.983029231355347977e-01,3.522875716641209465e-01,-5.684436385185218654e-01,6.844240793122120803e-02,-3.808116395313459468e-01,-2.120602823368524792e-01,7.811227574550904107e-01
1.830000000000000071e+01,9.000000000000000000e+00,-9.160005343818873769e+00,2.833852007340868437e-02,3.030637680260811262e+00,5.797494801394873498e-01,1.926576819501381044e-01,3.664249260832423971e-01,-5.761844900813232195e-01,6.419418284962732923e-02,-3.928272337032844286e-01,-2.126888665974713821e-01,7.583177253321415900e-01
1.832000000000000028e+01,9.000000000000000000e+00,-9.171608267562465500e+00,2.957984583717926039e-02,3.039341824025550309e+00,5.872061507197622321e-01,1.864330593717357654e-01,3.779457315629901615e-01,-5.841391360013337142e-01,5.993774465839863536e-02,-4.022040480773063642e-01,-2.128837421966454091e-01,7.332302692939880462e-01
1.833999999999999986e+01,9.000000000000000000e+00,-9.183371987560525085e+00,3.073603213124730810e-02,3.047851965382651684e+00,5.948673094020066054e-01,1.797866183036843091e-01,3.868996961503494703e-01,-5.922555790520992458e-01,5.568163859698539025e-02,-4.090199196038736273e-01,-2.126578025122371485e-01,7.065076393047629022e-01
1.835999999999999943e+01,9.000000000000000000e+00,-9.195299232756232399e+00,3.180716890170731670e-02,3.056146629754801225e+00,6.026821385657759045e-01,1.728569939778497044e-01,3.933408371995437136e-01,-6.004833787461756334e-01,5.143415203728064072e-02,-4.133526852334478696e-01,-2.120239409221090776e-01,6.787150696021508889e-01
1.837999999999999901e+01,9.000000000000000000e+00,-9.207391738850400742e+00,3.279350926341606520e-02,3.064209120963433453e+00,6.106009428899880076e-01,1.657640331353933405e-01,3.973272136801551113e-01,-6.087736513351270640e-01,4.720331448362009852e-02,-4.152801819164908537e-01,-2.109950508041237571e-01,6.503369506390994648e-01
1.839999999999999858e+01,9.000000000000000000e+00,-9.219650279436264029e+00,3.369546434264151374e-02,3.072026988800821368e+00,6.185752271129817403e-01,1.586095158731999633e-01,3.989205951195273769e-01,-6.170790698095282023e-01,4.299689757278231383e-02,-4.148802466034641201e-01,-2.095840255361439142e-01,6.217806916406344309e-01
1.842000000000000171e+01,9.000000000000000000e+00,-9.232074697134269314e+00,3.451359811971155267e-02,3.079591507893169045e+00,6.265577666947701463e-01,1.514782971917916221e-01,3.981860955210887454e-01,-6.253538638989615261e-01,3.882241507398857122e-02,-4.122307162448295981e-01,-2.078037584960319706e-01,5.933823957471361377e-01
1.844000000000000128e+01,9.000000000000000000e+00,-9.244663934726839116e+00,3.524862227166299794e-02,3.086897180290337772e+00,6.345026709338263959e-01,1.444397251994444797e-01,3.951917946311187535e-01,-6.335538200720202129e-01,3.468712288890284795e-02,-4.074094277910487172e-01,-2.056671430616505702e-01,5.654136173845769608e-01
1.846000000000000085e+01,9.000000000000000000e+00,-9.257416066293151502e+00,3.590139101489032980e-02,3.093941270321516335e+00,6.423654384800145944e-01,1.375492153526052530e-01,3.900083634172641922e-01,-6.416362815363056971e-01,3.059801905163191810e-02,-4.004942181925834621e-01,-2.031870726108624403e-01,5.380886227509067421e-01
1.848000000000000043e+01,9.000000000000000000e+00,-9.270328328343930835e+00,3.647289594779460492e-02,3.100723377012013504e+00,6.501030054705165817e-01,1.308498832685220659e-01,3.827087058020275379e-01,-6.495601482384285585e-01,2.656184372872530397e-02,-3.915629243998957065e-01,-2.003764405215300304e-01,5.115717160420293341e-01
1.850000000000000000e+01,9.000000000000000000e+00,-9.283397150956234967e+00,3.696426089343228527e-02,3.107245046754063100e+00,6.576737867120953096e-01,1.243741610013801013e-01,3.733676246616610683e-01,-6.572858768640097438e-01,2.258507921917525529e-02,-3.806933833634469355e-01,-1.972481401715159843e-01,4.859843186670989024e-01
1.851999999999999957e+01,9.000000000000000000e+00,-9.296618188908203351e+00,3.737673674216411557e-02,3.113509426914725875e+00,6.650377104569827891e-01,1.181453420735951582e-01,3.620615168631360348e-01,-6.647754808376777902e-01,1.867394995441678737e-02,-3.679634320336989117e-01,-1.938150649386828350e-01,4.614115928406439804e-01
1.853999999999999915e+01,9.000000000000000000e+00,-9.309986352813876209e+00,3.771169629430398684e-02,3.119520959575373453e+00,6.721562473866204979e-01,1.121790182652215445e-01,3.488680996072233143e-01,-6.719925303230720459e-01,1.483442249832764986e-02,-3.534509073611133978e-01,-1.900901082008932264e-01,4.379084841587084220e-01
1.855999999999999872e+01,9.000000000000000000e+00,-9.323495840257949752e+00,3.797062910276773062e-02,3.125285113549251204e+00,6.789924344412713308e-01,1.064843858452758363e-01,3.338661684892656467e-01,-6.789021522228398942e-01,1.107220554722834240e-02,-3.372336462961523784e-01,-1.860861633360097744e-01,4.155051215033189749e-01
1.857999999999999829e+01,9.000000000000000000e+00,-9.337140166930552709e+00,3.815513631572203801e-02,3.130808152135402533e+00,6.855108941261908173e-01,1.010654105573918493e-01,3.171353863752806035e-01,-6.854710301786384186e-01,7.392749929882131907e-03,-3.193894857892771721e-01,-1.818161237218950121e-01,3.942115593248918803e-01
1.860000000000000142e+01,9.000000000000000000e+00,-9.350912197762061950e+00,3.826692551923330243e-02,3.136096933663320652e+00,6.916778498962833366e-01,9.592184945553401676e-02,2.987561013159627521e-01,-6.916674045711345142e-01,3.801248607495008418e-03,-2.999962627909497637e-01,-1.772928827364115001e-01,3.740218798811099643e-01
1.862000000000000099e+01,9.000000000000000000e+00,-9.364804178057832829e+00,3.830780557991645546e-02,3.141158741696146173e+00,6.974611381788302644e-01,9.105013396997410635e-02,2.788091911899321929e-01,-6.974610725200032224e-01,3.026366737157215646e-04,-2.791318142516317491e-01,-1.725293337574219099e-01,3.549176942192339146e-01
1.864000000000000057e+01,9.000000000000000000e+00,-9.378807764633020128e+00,3.827968148758383038e-02,3.146001141734137363e+00,7.028302175438804200e-01,8.644412278057372889e-02,2.573759324950302130e-01,-7.028233878839296178e-01,-3.098408645364248998e-03,-2.568739771217847800e-01,-1.675383701627887745e-01,3.368710931943397768e-01
1.866000000000000014e+01,9.000000000000000000e+00,-9.392914056947333279e+00,3.818454919789400492e-02,3.150631861347553464e+00,7.077561754786312331e-01,8.209573560354412047e-02,2.345378906226365245e-01,-7.077272612606076985e-01,-6.397467991210645244e-03,-2.333005883518710633e-01,-1.623328853303747654e-01,3.198471058782050291e-01
1.867999999999999972e+01,9.000000000000000000e+00,-9.407113628239830661e+00,3.802449047500070650e-02,3.155058690831581636e+00,7.122117331687856101e-01,7.799548025095441595e-02,2.103768289970417982e-01,-7.121471599867403857e-01,-9.590379872846443998e-03,-2.084894848923516397e-01,-1.569257726380423601e-01,3.038057241959096766e-01
1.869999999999999929e+01,9.000000000000000000e+00,-9.421396556663692579e+00,3.780166773420158555e-02,3.159289401686351972e+00,7.161712486385126697e-01,7.413288564195538721e-02,1.849746345966565286e-01,-7.160591081380407452e-01,-1.267324066685196135e-02,-1.825185036936889937e-01,-1.513299254636542024e-01,2.887035510091372492e-01
1.871999999999999886e+01,9.000000000000000000e+00,-9.435752456421013790e+00,3.751831888458716235e-02,3.163331680460432338e+00,7.196107185526516847e-01,7.049685311586412206e-02,1.584132575606567173e-01,-7.194406865292303221e-01,-1.564240461736465804e-02,-1.554654817063445271e-01,-1.455582371850729917e-01,2.744951252816814624e-01
1.873999999999999844e+01,9.000000000000000000e+00,-9.450170508897548061e+00,3.717675217168956575e-02,3.167193075740418529e+00,7.225077789409388718e-01,6.707593764683818238e-02,1.307746627991690502e-01,-7.222710327140398068e-01,-1.849448383607932983e-02,-1.274082558807795307e-01,-1.396236011801610666e-01,2.611339732564119664e-01
1.876000000000000156e+01,9.000000000000000000e+00,-9.464639493797541547e+00,3.677934102013152851e-02,3.170880956310854870e+00,7.248417050646186466e-01,6.385856956158457443e-02,1.021407917490009254e-01,-7.245308409852097009e-01,-2.122634830224798264e-02,-9.842466316745610011e-02,-1.335389108267811542e-01,2.485734293482517177e-01
1.878000000000000114e+01,9.000000000000000000e+00,-9.479147820278468473e+00,3.632851887627511905e-02,3.174402478740181444e+00,7.265934106108993262e-01,6.083322624324923739e-02,7.259353263869172679e-02,-7.262023623744893186e-01,-2.383512586267987760e-02,-6.859254051683598419e-02,-1.273170595027958429e-01,2.367672651310722132e-01
1.880000000000000071e+01,9.000000000000000000e+00,-9.493683558085837859e+00,3.582677405087070222e-02,3.177764562864740849e+00,7.277454463701663601e-01,5.798856215649307588e-02,4.221469783709963508e-02,-7.272694046526375633e-01,-2.631820223174154844e-02,-3.798972487938104270e-02,-1.209709405860677767e-01,2.256701596409954602e-01
1.882000000000000028e+01,9.000000000000000000e+00,-9.508234468687955854e+00,3.527664456170567786e-02,3.180973873841397737e+00,7.282819985243832450e-01,5.531350441115111261e-02,1.108600705509488193e-02,-7.277173323294221507e-01,-2.867322099135672167e-02,-6.694053205552694813e-03,-1.145134474544594189e-01,2.152380394009626163e-01
1.883999999999999986e+01,9.000000000000000000e+00,-9.522788036410723578e+00,3.468071297625344857e-02,3.184036809618816299e+00,7.281888866523700266e-01,5.279732003243393229e-02,-2.071092465325463650e-02,-7.275330666536204971e-01,-3.089808359100645191e-02,2.521663755418660294e-02,-1.079574734858335799e-01,2.054283121813107460e-01
1.885999999999999943e+01,9.000000000000000000e+00,-9.537331499572397675e+00,3.404160125432217909e-02,3.186959492837709185e+00,7.274535615382531351e-01,5.042966014522815704e-02,-5.309459498505475494e-02,-7.267050856130184977e-01,-3.299094934772902471e-02,5.766451044937618425e-02,-1.013159120580525846e-01,1.962000145844572663e-01
1.887999999999999901e+01,9.000000000000000000e+00,-9.551851881618382833e+00,3.336196559070372936e-02,3.189747766312057031e+00,7.260651028529679918e-01,4.820058541757435422e-02,-8.598361933444209626e-02,-7.252234239344119704e-01,-3.495023544611993577e-02,9.057172852955386322e-02,-9.460165654897913223e-02,1.875138900783517304e-01
1.889999999999999858e+01,9.000000000000000000e+00,-9.566336022256017202e+00,3.264449125782247635e-02,3.192407191367379049e+00,7.240142167648754290e-01,4.610057634449341718e-02,-1.192967332241714473e-01,-7.230796730836062114e-01,-3.677461693833200540e-02,1.238604548442576864e-01,-8.782760033647582509e-02,1.793324110794752013e-01
1.892000000000000171e+01,9.000000000000000000e+00,-9.580770608589336490e+00,3.189188744838414302e-02,3.194943048419945697e+00,7.212932335240006543e-01,4.412053128323558532e-02,-1.529527927516767249e-01,-7.202669812654145520e-01,-3.846302674407519467e-02,1.574528524430261756e-01,-8.100663679840522380e-02,1.716197560641810616e-01
1.894000000000000128e+01,9.000000000000000000e+00,-9.595142206253868267e+00,3.110688211802471737e-02,3.197360339273789709e+00,7.178961050548080536e-01,4.225175456658878531e-02,-1.868707734886747573e-01,-7.167800534236611343e-01,-4.001465565061684826e-02,1.912710843753974155e-01,-7.415165931262997223e-02,1.643417504216634628e-01
1.896000000000000085e+01,9.000000000000000000e+00,-9.609437290551399613e+00,3.029221682795921189e-02,3.199663790691901433e+00,7.138184025844538372e-01,4.048593651202713611e-02,-2.209697681963405103e-01,-7.126151512411778022e-01,-4.142895231278144463e-02,2.252373136909097406e-01,-6.727556125701263101e-02,1.574657778040430001e-01
1.898000000000000043e+01,9.000000000000000000e+00,-9.623642277584776750e+00,2.945064158763064863e-02,3.201857858865554629e+00,7.090573143269545131e-01,3.881512670010375810e-02,-2.551689836528865385e-01,-7.077700931398066553e-01,-4.270562325295079731e-02,2.592737034391013884e-01,-6.039123600941577463e-02,1.509606670292657771e-01
1.900000000000000000e+01,9.000000000000000000e+00,-9.637743555392663808e+00,2.858490969735879086e-02,3.203946734462542967e+00,7.036116432383384689e-01,3.723170150409620127e-02,-2.893877368357777868e-01,-7.022442542803988275e-01,-4.384463286106396462e-02,2.933024166695108459e-01,-5.351157694770199147e-02,1.447965581017051362e-01
1.901999999999999957e+01,9.000000000000000000e+00,-9.651727515084330022e+00,2.769777259098905181e-02,3.205934347982493993e+00,6.974818048535237347e-01,3.572832650283171846e-02,-3.235454506547696951e-01,-6.960385665628144869e-01,-4.484620339461718036e-02,3.272456164316762117e-01,-4.664947744973391153e-02,1.389447495854264081e-01
1.903999999999999915e+01,9.000000000000000000e+00,-9.665580581974438701e+00,2.679197467854137552e-02,3.207824375186364652e+00,6.906698252121480364e-01,3.429791408813748915e-02,-3.575616493938831297e-01,-6.891555186259233912e-01,-4.571081497866404802e-02,3.610254657751357232e-01,-3.981783089337407461e-02,1.333775283488342622e-01
1.905999999999999872e+01,9.000000000000000000e+00,-9.679289246717816653e+00,2.587024818885903105e-02,3.209620242398711021e+00,6.831793388777686049e-01,3.293357627555570238e-02,-3.913559539883308958e-01,-6.815991558476035550e-01,-4.643920560581529799e-02,3.945641277494276178e-01,-3.302953065648509684e-02,1.280679815496149621e-01
1.907999999999999829e+01,9.000000000000000000e+00,-9.692840096444237830e+00,2.493530801225751423e-02,3.211325131506110431e+00,6.750155870526151070e-01,3.162857242945481956e-02,-4.248480772364437996e-01,-6.733750803447434707e-01,-4.703237113623898180e-02,4.277837654040904658e-01,-2.629747011692953190e-02,1.229897895969828542e-01
1.910000000000000142e+01,9.000000000000000000e+00,-9.706219845893205189e+00,2.398984654317338344e-02,3.212941984493882686e+00,6.661854157883094762e-01,3.037625130817871513e-02,-4.579578190254025571e-01,-6.644904509732406650e-01,-4.749156529766045132e-02,4.606065417886620605e-01,-1.963454265257006878e-02,1.181169976625341123e-01
1.912000000000000099e+01,9.000000000000000000e+00,-9.719415368548734335e+00,2.303652852281312668e-02,3.214473507376505168e+00,6.566972742915978545e-01,2.916998650662274914e-02,-4.906050616305499545e-01,-6.549539833280006995e-01,-4.781829968536218528e-02,4.929546199526808059e-01,-1.305364164126918483e-02,1.134237620541615754e-01
1.914000000000000057e+01,9.000000000000000000e+00,-9.732413727774119394e+00,2.207798588180199736e-02,3.215922173385220795e+00,6.465612133230879133e-01,2.800310400553215548e-02,-5.227097651359233765e-01,-6.447759497429400577e-01,-4.801434376218403216e-02,5.247501629456854388e-01,-6.567660460889490105e-03,1.088840663533238023e-01
1.916000000000000014e+01,9.000000000000000000e+00,-9.745202207946729089e+00,2.111681258283289869e-02,3.217290225279561433e+00,6.357888836861613768e-01,2.686880010841853975e-02,-5.541919630106715289e-01,-6.339681792909833691e-01,-4.808172485852300893e-02,5.559153338172135861e-01,-1.894924892936522608e-04,1.044714005652341154e-01
1.917999999999999972e+01,9.000000000000000000e+00,-9.757768345592781500e+00,2.015555946331517786e-02,3.218579676647877807e+00,6.243935348026614651e-01,2.576004753300437794e-02,-5.849717578665156736e-01,-6.225440577840645195e-01,-4.802272817233341207e-02,5.863722956168035960e-01,6.067968895655770876e-03,1.001583945462778263e-01
1.919999999999999929e+01,9.000000000000000000e+00,-9.770099960522124150e+00,1.919672907802357290e-02,3.219792312055474781e+00,6.123900133715012295e-01,2.466948679251286872e-02,-6.149693174157135900e-01,-6.105185277731272064e-01,-4.783989676912682454e-02,6.160432113939945387e-01,1.219183031609631131e-02,9.591639452901587481e-02
1.921999999999999886e+01,9.000000000000000000e+00,-9.782185186963003432e+00,1.824277054174699292e-02,3.220929685887333527e+00,5.997947621060334411e-01,2.358929921151196180e-02,-6.441048706419572056e-01,-5.979080885481238283e-01,-4.753603158197203943e-02,6.448502441983234856e-01,1.816919839416519800e-02,9.171496850179926275e-02
1.923999999999999844e+01,9.000000000000000000e+00,-9.794012504696873123e+00,1.729607437193740951e-02,3.221993119715180764e+00,5.866258185458235186e-01,2.251105691699752456e-02,-6.722987041930661434e-01,-5.847307961380163732e-01,-4.711419141149510853e-02,6.727155570793299511e-01,2.398717975200001865e-02,8.752132230604198204e-02
1.926000000000000156e+01,9.000000000000000000e+00,-9.805570770193137164e+00,1.635896733135868211e-02,3.222983697995261299e+00,5.729028139383088858e-01,2.142554385555258192e-02,-6.994711590016731151e-01,-5.710062633107758634e-01,-4.657769292587934928e-02,6.995613130865508955e-01,2.963288101173800274e-02,8.329960330819358161e-02
1.928000000000000114e+01,9.000000000000000000e+00,-9.816849247743959950e+00,1.543370727073545452e-02,3.223902261872566122e+00,5.586469721857548754e-01,2.032254021426849189e-02,-7.255426271366420821e-01,-5.567556595733825775e-01,-4.593011066086531702e-02,7.253096752695258331e-01,3.509340879551670067e-02,7.901006200631864596e-02
1.930000000000000071e+01,9.000000000000000000e+00,-9.827837640599035751e+00,1.452247797140197166e-02,3.224749400828226253e+00,5.438811088528437976e-01,1.919056043420675622e-02,-7.504335488890845340e-01,-5.420017111718261615e-01,-4.517527701975082577e-02,7.498828066777920576e-01,4.035586972547343387e-02,7.460803342742662603e-02
1.932000000000000028e+01,9.000000000000000000e+00,-9.838526122100363480e+00,1.362738398795095701e-02,3.225525441857623576e+00,5.286296302301921601e-01,1.801653211884781183e-02,-7.740644100951890039e-01,-5.267687010911052958e-01,-4.431728227339094828e-02,7.732028703608884168e-01,4.540737042374568683e-02,7.004268895358674307e-02
1.933999999999999986e+01,9.000000000000000000e+00,-9.848905366817035656e+00,1.275044549088245709e-02,3.226230435805223173e+00,5.129185324490369569e-01,1.678539930496393551e-02,-7.963557396984075609e-01,-5.110824690552281391e-01,-4.336047456019798130e-02,7.951920293683528707e-01,5.023501751247081565e-02,6.525549430253635430e-02
1.935999999999999943e+01,9.000000000000000000e+00,-9.858966581680014940e+00,1.189359310925269461e-02,3.226864140405331760e+00,4.967754006422565594e-01,1.547962842916886413e-02,-8.172281075563780917e-01,-4.949704115272118843e-01,-4.230945988614151498e-02,8.157724467497239340e-01,5.482591761378624584e-02,6.017828941307334922e-02
1.937999999999999901e+01,9.000000000000000000e+00,-9.868701537116916001e+00,1.105866277332293902e-02,3.227425999482087970e+00,4.802294081467824993e-01,1.407858839692976982e-02,-8.366021224991424532e-01,-4.784614817090828698e-01,-4.116910212474834269e-02,8.348662855545395667e-01,5.916717734982938903e-02,5.473087901769150415e-02
1.939999999999999858e+01,9.000000000000000000e+00,-9.878102598186776717e+00,1.024739055720834055e-02,3.227915117642010223e+00,4.633113157422915629e-01,1.255776674225893633e-02,-8.543984306490948200e-01,-4.615861895418769123e-01,-3.994452301710255809e-02,8.523957088323385056e-01,6.324590334273767767e-02,4.881798598016520718e-02
1.942000000000000171e+01,9.000000000000000000e+00,-9.887162755714856033e+00,9.461407521526818062e-03,3.228330229641821258e+00,4.460534709208162640e-01,1.088777095353619939e-02,-8.705377140181980167e-01,-4.443766017056394180e-01,-3.864110217184550666e-02,8.682828796326582665e-01,6.704920221464844010e-02,4.232536909219492688e-02
1.944000000000000128e+01,9.000000000000000000e+00,-9.895875657427394501e+00,8.702234556047849789e-03,3.228669663424351466e+00,4.284898071815613219e-01,9.033046185761058749e-03,-8.849406894023257308e-01,-4.268663416194237725e-01,-3.726447706517570235e-02,8.824499610050379195e-01,7.056418058769918511e-02,3.511483724144475599e-02
1.946000000000000085e+01,9.000000000000000000e+00,-9.904235639086410359e+00,7.971277222341401070e-03,3.228931295574592575e+00,4.106558433447239920e-01,6.950215669264102510e-03,-8.975281076033603256e-01,-4.090905894412937838e-01,-3.582054304084900109e-02,8.948191159990150911e-01,7.377794508402728269e-02,2.701779429596062529e-02
1.948000000000000043e+01,9.000000000000000000e+00,-9.912237755624470736e+00,7.269820596426748889e-03,3.229112497641093427e+00,3.925886828774276527e-01,4.585915047401518778e-03,-9.082207530189201350e-01,-3.910860820683221828e-01,-3.431545331017851752e-02,9.053125076641288516e-01,7.667760232577017221e-02,1.782681125706254630e-02
1.950000000000000000e+01,9.000000000000000000e+00,-9.919877812279477070e+00,6.599024111421320296e-03,3.229210071374055246e+00,3.743270132239679415e-01,1.873942001706852293e-03,-9.169394436526392411e-01,-3.728911131365907905e-01,-3.275561895203452090e-02,9.138522990499166054e-01,7.925025893506522368e-02,7.284525540362028588e-03
1.951999999999999957e+01,9.000000000000000000e+00,-9.927152395729434531e+00,5.959916400189573318e-03,3.229220170422698377e+00,3.559111051313228469e-01,-1.268529101135527047e-03,-9.236050316189476916e-01,-3.545455330211907397e-01,-3.114770891284463633e-02,9.203606532059170897e-01,8.148302153404984871e-02,-4.931116740760475674e-03
1.953999999999999915e+01,9.000000000000000000e+00,-9.934058905227251657e+00,5.353390137991842317e-03,3.229138205372122705e+00,3.373828119592108266e-01,-4.946021724004125847e-03,-9.281384042397391454e-01,-3.360907488362223638e-01,-2.949865000659367478e-02,9.247597331816683752e-01,8.336299674486147282e-02,-1.922667465937570597e-02
1.955999999999999872e+01,9.000000000000000000e+00,-9.940595583735499119e+00,4.780196885133187676e-03,3.228958728130908451e+00,3.187855689617341004e-01,-9.291627357914474319e-03,-9.304604858646783327e-01,-3.175697244347953641e-01,-2.781562691482374755e-02,9.269717020267091989e-01,8.487729118963754926e-02,-3.612009625908996907e-02
1.957999999999999829e+01,9.000000000000000000e+00,-9.946761549061205798e+00,4.240941929612256772e-03,3.228675290530800712e+00,3.001643925246244571e-01,-1.447640353163943266e-02,-9.304922405928968132e-01,-2.990269804090285310e-01,-2.610608218663417260e-02,9.269187227905771875e-01,8.601301149051542028e-02,-5.627760883056016211e-02
1.960000000000000142e+01,9.000000000000000000e+00,-9.952556824990629991e+00,3.736079129770141904e-03,3.228280270464506163e+00,2.815658793380156899e-01,-2.072236907923604918e-02,-9.281546761380772281e-01,-2.805085940900498565e-01,-2.437771623868153006e-02,9.245229585228108560e-01,8.675726426963251137e-02,-8.056495924238289696e-02
1.962000000000000099e+01,9.000000000000000000e+00,-9.957982372424044826e+00,3.265905756939224778e-03,3.227764656817751376e+00,2.630382054790988411e-01,-2.832067461092036345e-02,-9.233688491660458908e-01,-2.620621995479966437e-01,-2.263848735517968308e-02,9.197065722729484971e-01,8.709715614912624804e-02,-1.101195283708240047e-01
1.964000000000000057e+01,9.000000000000000000e+00,-9.963040120510514797e+00,2.830557338092042248e-03,3.227117781632322213e+00,2.446311253713746303e-01,-3.765729686062566084e-02,-9.160558725615395304e-01,-2.437369875920155637e-01,-2.089661168789971532e-02,9.123917270905281818e-01,8.701979375113402804e-02,-1.464532836388119930e-01
1.966000000000000014e+01,9.000000000000000000e+00,-9.967732997782677629e+00,2.430002498490134704e-03,3.226326984053644154e+00,2.263959705766380170e-01,-4.924977397912243260e-02,-9.061369252587256895e-01,-2.255837057702622661e-01,-1.916056325616997263e-02,9.025005860250885359e-01,8.651228369779326299e-02,-1.916020670672082260e-01
1.967999999999999972e+01,9.000000000000000000e+00,-9.972064963291526141e+00,2.064037804332909207e-03,3.225377185204417962e+00,2.083856483610263821e-01,-6.380025234958618119e-02,-8.935332655286298831e-01,-2.076546583699020454e-01,-1.743907394687607693e-02,8.899553121261678523e-01,8.556173261124137841e-02,-2.483458085339989296e-01
1.969999999999999929e+01,9.000000000000000000e+00,-9.976041037741183004e+00,1.732282605406472919e-03,3.224250345485661029e+00,1.906546399554936155e-01,-8.227266605378867614e-02,-8.781662490006914012e-01,-1.900037064171086754e-01,-1.574113351446082901e-02,8.746780684433040909e-01,8.415524711361579979e-02,-3.205395485745660134e-01
1.971999999999999886e+01,9.000000000000000000e+00,-9.979667334623686159e+00,1.434173877732518353e-03,3.222924764870949588e+00,1.732589984009994810e-01,-1.060052887233020324e-01,-8.599573532649027463e-01,-1.726862676770658800e-01,-1.407598958092434738e-02,8.565910180260356555e-01,8.227993382705391101e-02,-4.136215602893459908e-01
1.973999999999999844e+01,9.000000000000000000e+00,-9.982951091353768902e+00,1.168961066217159188e-03,3.221374170870817455e+00,1.562563458248982240e-01,-1.368734829629472405e-01,-8.388282117693433015e-01,-1.557593166539663621e-01,-1.245314763582399710e-02,8.356163239239009499e-01,7.992289937369309594e-02,-5.354117877729964725e-01
1.976000000000000156e+01,9.000000000000000000e+00,-9.985900700403638197e+00,9.357009272997880928e-04,3.219566515379337801e+00,1.397058699302235751e-01,-1.775176612811615040e-01,-8.147006610727967058e-01,-1.392813845910120252e-01,-1.088237103627437072e-02,8.116761491864378231e-01,7.707125037567080783e-02,-6.973999825260117635e-01
1.978000000000000114e+01,9.000000000000000000e+00,-9.988525740437751210e+00,7.332523716019350877e-04,3.217462366339223223e+00,1.236683193819840682e-01,-2.316355136458329855e-01,-7.874968076369635028e-01,-1.233125594704140848e-01,-9.373681006947321218e-03,7.846926568631850119e-01,7.371209345512444444e-02,-9.168870841151539608e-01
1.980000000000000071e+01,9.000000000000000000e+00,-9.990837007447604279e+00,5.602713065761186478e-04,3.215012726085777484e+00,1.082059976247457117e-01,-3.042665647561645370e-01,-7.571391237829430132e-01,-1.079144860133929296e-01,-7.937356640071965494e-03,7.545880100036804761e-01,6.983253523419141739e-02,-1.220669713379692878e+00
1.982000000000000028e+01,9.000000000000000000e+00,-9.992846545886504117e+00,4.152054791547040661e-04,3.212156023533664140e+00,9.338275443066698656e-02,-4.017725094356058846e-01,-7.235505881361785629e-01,-9.315036568017825980e-02,-6.583934895434657465e-03,7.212843716574623976e-01,6.541968233500911056e-02,-1.651639030709382450e+00
1.983999999999999986e+01,9.000000000000000000e+00,-9.994567679804355009e+00,2.962893183987560727e-04,3.208813891522248607e+00,7.926397409929918092e-02,-5.235999999999999543e-01,-6.866548955975038115e-01,-7.908495667000889351e-02,-5.324210600379009756e-03,6.847039048740695133e-01,6.046064137971499108e-02,-2.281173011574708198e+00
1.985999999999999943e+01,9.000000000000000000e+00,-9.996015043982438897e+00,2.015387781468948954e-04,3.204885116897264741e+00,6.591655860676742806e-02,-5.235999999999999543e-01,-6.463767789547651965e-01,-6.578457392113302993e-02,-4.169236449805885890e-03,6.447687727030397831e-01,5.494251899044643589e-02,-3.233778655862205476e+00
1.987999999999999901e+01,9.000000000000000000e+00,-9.997204615068181255e+00,1.287461796641511274e-04,3.200236771327240159e+00,5.340890294110912234e-02,-5.235999999999999543e-01,-6.026425153190682060e-01,-5.331708911080795810e-02,-3.130323006173398558e-03,6.014011381939114997e-01,4.885242178934084273e-02,-4.739688734429667427e+00
1.989999999999999858e+01,9.000000000000000000e+00,-9.998153742709959602e+00,7.547505429082039302e-05,3.194690864982809408e+00,4.181085799400521136e-02,-5.235999999999999543e-01,-5.553807493850217991e-01,-4.175193065530029279e-02,-2.219038699496914818e-03,5.545231643962228452e-01,4.217745639853563711e-02,-7.257771805794126507e+00
1.992000000000000171e+01,9.000000000000000000e+00,-9.998881180691853388e+00,3.905498609131888597e-05,3.188003651846316178e+00,3.119367296570692630e-02,-5.235999999999999543e-01,-5.045238819919355411e-01,-3.116008370988594678e-02,-1.447209827349060438e-03,5.040570143595128894e-01,3.490472944016832085e-02,-1.179981352906814429e+01
1.994000000000000128e+01,9.000000000000000000e+00,-9.999407118068441847e+00,1.657645450303675387e-05,3.179832405823034946e+00,2.162990271432624345e-02,-5.235999999999999543e-01,-4.500105155325060946e-01,-2.161409016884976997e-02,-8.269205548596887711e-04,4.499248511333185929e-01,2.702134753637612866e-02,-1.179981352906814429e+01
1.996000000000000085e+01,9.000000000000000000e+00,-9.999753210299582307e+00,4.885676985195501477e-06,3.169679862510130786e+00,1.319325234440706617e-02,-5.235999999999999543e-01,-3.917899871528802147e-01,-1.318804866548615833e-02,-3.705129147159303663e-04,3.920488377671787483e-01,1.851441730929655541e-02,-1.179981352906814429e+01
1.998000000000000043e+01,9.000000000000000000e+00,-9.999942610385184949e+00,5.794516677012215484e-07,3.156796696391631407e+00,5.958303228211367202e-03,-5.235999999999999543e-01,-3.298313086101836711e-01,-5.957614572098648802e-03,-9.058680716215902718e-05,3.303511373106318150e-01,9.371045381067011001e-03,-1.179981352906814429e+01
2.000000000000000000e+01,9.000000000000000000e+00,-1.000000000000000000e+01,0.000000000000000000e+00,3.140000000000000124e+00,0.000000000000000000e+00,-5.235999999999999543e-01,-2.979151614105747248e-01,0.000000000000000000e+00,0.000000000000000000e+00,2.647539128132159192e-01,-4.216616261750936968e-04,-1.179981352906814429e+01
