{
  "number_of_samples": 939,
  "mean_position_error": 0.7750587429393898,
  "max_position_error": 2.5551065386440674,
  "mean_yaw_error_abs": 0.4245566425432242,
  "max_yaw_error_abs": 3.13976723974396,
  "mean_speed_error_abs": 0.2626140506231729,
  "max_speed_error_abs": 1.164554980082597,
  "mean_solve_time": 0.0012040835994861611,
  "max_solve_time": 0.0036903999862261117,
  "solver_success_rate": 1.0
}